dataset_id,dataset_name,dataset_source,suite,task,framework,seed,time_budget_s,n_train,n_test,n_features_before,n_features_after,n_added,score_holdout,scorer_name,scorer_greater_is_better,score_nofe_same_seed,pct_improvement,all_metrics_json,metric_gains_json,wall_time_fit,wall_time_transform,wall_time_total,peak_rss_mb,n_boost_rounds,status,error_msg,adapter_version,internal_log_json
37,diabetes,openml_task,amlb,classification,nofe,0,4500,614,154,8,8,0,0.850925925925926,binary_roc_auc,True,0.850925925925926,0.0,"{""accuracy"": 0.798701298649435, ""binary_crossentropy"": 0.4571434679356488, ""binary_roc_auc"": 0.850925925925926, ""f1"": 0.6804123660580296, ""precision"": 0.7674418602866414, ""recall"": 0.6111111109979424}","{""accuracy"": 0.0, ""binary_crossentropy"": -0.0, ""binary_roc_auc"": 0.0, ""f1"": 0.0, ""precision"": 0.0, ""recall"": 0.0}",0.0029175281524658203,6.175041198730469e-05,2.1836507320404053,329.484375,48,ok,,1.0.0,{}
15,breast-w,openml_task,amlb,classification,nofe,1,4500,559,140,9,9,0,0.9827898550724637,binary_roc_auc,True,0.9827898550724637,0.0,"{""accuracy"": 0.9428571427897958, ""binary_crossentropy"": 0.16271854208981884, ""binary_roc_auc"": 0.9827898550724637, ""f1"": 0.9183673417534362, ""precision"": 0.89999999982, ""recall"": 0.9374999998046875}","{""accuracy"": 0.0, ""binary_crossentropy"": -0.0, ""binary_roc_auc"": 0.0, ""f1"": 0.0, ""precision"": 0.0, ""recall"": 0.0}",0.0032906532287597656,9.846687316894531e-05,2.3968043327331543,326.546875,139,ok,,1.0.0,{}
31,credit-g,openml_task,amlb,classification,nofe,1,4500,800,200,20,20,0,0.8394047619047619,binary_roc_auc,True,0.8394047619047619,0.0,"{""accuracy"": 0.7999999999599999, ""binary_crossentropy"": 0.45345808025449513, ""binary_roc_auc"": 0.8394047619047619, ""f1"": 0.6078431322914264, ""precision"": 0.7380952379195012, ""recall"": 0.5166666665805556}","{""accuracy"": 0.0, ""binary_crossentropy"": -0.0, ""binary_roc_auc"": 0.0, ""f1"": 0.0, ""precision"": 0.0, ""recall"": 0.0}",0.004983663558959961,0.0001399517059326172,2.70076847076416,330.58984375,52,ok,,1.0.0,{}
31,credit-g,openml_task,amlb,classification,nofe,4,4500,800,200,20,20,0,0.7635714285714286,binary_roc_auc,True,0.7635714285714286,0.0,"{""accuracy"": 0.77499999996125, ""binary_crossentropy"": 0.5135552299395204, ""binary_roc_auc"": 0.7635714285714286, ""f1"": 0.4943820179674285, ""precision"": 0.7586206893935791, ""recall"": 0.3666666666055555}","{""accuracy"": 0.0, ""binary_crossentropy"": -0.0, ""binary_roc_auc"": 0.0, ""f1"": 0.0, ""precision"": 0.0, ""recall"": 0.0}",0.004129886627197266,0.0002396106719970703,2.3903887271881104,329.046875,36,ok,,1.0.0,{}
11,balance-scale,openml_task,amlb,multiclass,nofe,4,4500,500,125,4,4,0,0.39573998950826356,categorical_crossentropy,False,0.39573998950826356,-0.0,"{""accuracy"": 0.9039999999276801, ""categorical_crossentropy"": 0.39573998950826356, ""categorical_roc_auc"": 0.9037295295792794, ""f1"": 0.6044195421633126, ""precision"": 0.5894842353681585, ""recall"": 0.6204880015052748}","{""accuracy"": 0.0, ""categorical_crossentropy"": -0.0, ""categorical_roc_auc"": 0.0, ""f1"": 0.0, ""precision"": 0.0, ""recall"": 0.0}",0.005011081695556641,5.936622619628906e-05,2.2673375606536865,338.91796875,268,ok,,1.0.0,{}
29,credit-approval,openml_task,amlb,classification,nofe,1,4500,552,138,15,15,0,0.9358100915477966,binary_roc_auc,True,0.9358100915477966,0.0,"{""accuracy"": 0.8623188405172232, ""binary_crossentropy"": 0.31390044265899103, ""binary_roc_auc"": 0.9358100915477966, ""f1"": 0.8741721803166529, ""precision"": 0.8918918917713661, ""recall"": 0.8571428570315399}","{""accuracy"": 0.0, ""binary_crossentropy"": -0.0, ""binary_roc_auc"": 0.0, ""f1"": 0.0, ""precision"": 0.0, ""recall"": 0.0}",0.005814313888549805,0.00018715858459472656,2.1782844066619873,329.1484375,56,ok,,1.0.0,{}
3,kr-vs-kp,openml_task,amlb,classification,nofe,2,4500,2556,640,36,36,0,0.9998336660013307,binary_roc_auc,True,0.9998336660013307,0.0,"{""accuracy"": 0.9890624999845459, ""binary_crossentropy"": 0.02870656663063187, ""binary_roc_auc"": 0.9998336660013307, ""f1"": 0.9886914327716025, ""precision"": 0.9776357827163694, ""recall"": 0.9999999999673203}","{""accuracy"": 0.0, ""binary_crossentropy"": -0.0, ""binary_roc_auc"": 0.0, ""f1"": 0.0, ""precision"": 0.0, ""recall"": 0.0}",0.0042765140533447266,0.0002484321594238281,2.7649624347686768,335.02734375,415,ok,,1.0.0,{}
23,cmc,openml_task,amlb,multiclass,nofe,0,4500,1178,295,9,9,0,0.8809794494345532,categorical_crossentropy,False,0.8809794494345532,-0.0,"{""accuracy"": 0.7039548022360241, ""categorical_crossentropy"": 0.8809794494345532, ""categorical_roc_auc"": 0.758097056087833, ""f1"": 0.5132423953806885, ""precision"": 0.5257820291510392, ""recall"": 0.515633782483485}","{""accuracy"": 0.0, ""categorical_crossentropy"": -0.0, ""categorical_roc_auc"": 0.0, ""f1"": 0.0, ""precision"": 0.0, ""recall"": 0.0}",0.004111051559448242,0.00010561943054199219,2.247809648513794,333.5390625,92,ok,,1.0.0,{}
3,kr-vs-kp,openml_task,amlb,classification,nofe,3,4500,2556,640,36,36,0,0.9998140972956049,binary_roc_auc,True,0.9998140972956049,0.0,"{""accuracy"": 0.9968749999844239, ""binary_crossentropy"": 0.03108604906368555, ""binary_roc_auc"": 0.9998140972956049, ""f1"": 0.9967213064427843, ""precision"": 0.9999999999671052, ""recall"": 0.9934640522551156}","{""accuracy"": 0.0, ""binary_crossentropy"": -0.0, ""binary_roc_auc"": 0.0, ""f1"": 0.0, ""precision"": 0.0, ""recall"": 0.0}",0.0066945552825927734,0.0007162094116210938,2.785508394241333,331.109375,258,ok,,1.0.0,{}
18,mfeat-morphological,openml_task,amlb,multiclass,nofe,0,4500,1600,400,6,6,0,0.6976496631768532,categorical_crossentropy,False,0.6976496631768532,-0.0,"{""accuracy"": 0.9379999999765498, ""categorical_crossentropy"": 0.6976496631768532, ""categorical_roc_auc"": 0.9595138888888888, ""f1"": 0.6867819363965555, ""precision"": 0.686118048446247, ""recall"": 0.6899999998275}","{""accuracy"": 0.0, ""categorical_crossentropy"": -0.0, ""categorical_roc_auc"": 0.0, ""f1"": 0.0, ""precision"": 0.0, ""recall"": 0.0}",0.0034246444702148438,5.316734313964844e-05,2.6484599113464355,342.640625,115,ok,,1.0.0,{}
15,breast-w,openml_task,amlb,classification,nofe,4,4500,559,140,9,9,0,0.9875452898550725,binary_roc_auc,True,0.9875452898550725,0.0,"{""accuracy"": 0.9499999999321428, ""binary_crossentropy"": 0.1749248612478758, ""binary_roc_auc"": 0.9875452898550725, ""f1"": 0.9263157842792243, ""precision"": 0.9361702125667722, ""recall"": 0.9166666664756944}","{""accuracy"": 0.0, ""binary_crossentropy"": -0.0, ""binary_roc_auc"": 0.0, ""f1"": 0.0, ""precision"": 0.0, ""recall"": 0.0}",0.004334926605224609,6.723403930664062e-05,2.5542194843292236,329.30859375,583,ok,,1.0.0,{}
18,mfeat-morphological,openml_task,amlb,multiclass,nofe,4,4500,1600,400,6,6,0,0.653525417135097,categorical_crossentropy,False,0.653525417135097,-0.0,"{""accuracy"": 0.9444999999763874, ""categorical_crossentropy"": 0.653525417135097, ""categorical_roc_auc"": 0.9643402777777779, ""f1"": 0.7196984034361047, ""precision"": 0.7211572512288271, ""recall"": 0.722499999819375}","{""accuracy"": 0.0, ""categorical_crossentropy"": -0.0, ""categorical_roc_auc"": 0.0, ""f1"": 0.0, ""precision"": 0.0, ""recall"": 0.0}",0.006427288055419922,9.417533874511719e-05,2.890446186065674,342.328125,97,ok,,1.0.0,{}
23,cmc,openml_task,amlb,multiclass,nofe,1,4500,1178,295,9,9,0,0.9043596759564796,categorical_crossentropy,False,0.9043596759564796,-0.0,"{""accuracy"": 0.7039548022360241, ""categorical_crossentropy"": 0.9043596759564796, ""categorical_roc_auc"": 0.7344485126522632, ""f1"": 0.5218692903374896, ""precision"": 0.5272865534106302, ""recall"": 0.5212174421482053}","{""accuracy"": 0.0, ""categorical_crossentropy"": -0.0, ""categorical_roc_auc"": 0.0, ""f1"": 0.0, ""precision"": 0.0, ""recall"": 0.0}",0.004338502883911133,9.34600830078125e-05,3.1234374046325684,332.671875,101,ok,,1.0.0,{}
29,credit-approval,openml_task,amlb,classification,nofe,4,4500,552,138,15,15,0,0.9293165850542899,binary_roc_auc,True,0.9293165850542899,0.0,"{""accuracy"": 0.8333333332729468, ""binary_crossentropy"": 0.34591680983641604, ""binary_roc_auc"": 0.9293165850542899, ""f1"": 0.8516128981161292, ""precision"": 0.8461538460453649, ""recall"": 0.8571428570315399}","{""accuracy"": 0.0, ""binary_crossentropy"": -0.0, ""binary_roc_auc"": 0.0, ""f1"": 0.0, ""precision"": 0.0, ""recall"": 0.0}",0.00382232666015625,0.00011157989501953125,2.5001156330108643,330.99609375,157,ok,,1.0.0,{}
15,breast-w,openml_task,amlb,classification,nofe,3,4500,559,140,9,9,0,0.9791666666666666,binary_roc_auc,True,0.9791666666666666,0.0,"{""accuracy"": 0.935714285647449, ""binary_crossentropy"": 0.18369291051889636, ""binary_roc_auc"": 0.9791666666666666, ""f1"": 0.9108910839407902, ""precision"": 0.8679245281381275, ""recall"": 0.9583333331336805}","{""accuracy"": 0.0, ""binary_crossentropy"": -0.0, ""binary_roc_auc"": 0.0, ""f1"": 0.0, ""precision"": 0.0, ""recall"": 0.0}",0.005046844482421875,8.535385131835938e-05,2.6896305084228516,327.671875,90,ok,,1.0.0,{}
31,credit-g,openml_task,amlb,classification,nofe,2,4500,800,200,20,20,0,0.7966666666666666,binary_roc_auc,True,0.7966666666666666,0.0,"{""accuracy"": 0.7649999999617499, ""binary_crossentropy"": 0.49857142820954325, ""binary_roc_auc"": 0.7966666666666666, ""f1"": 0.48351647891800514, ""precision"": 0.7096774191259105, ""recall"": 0.3666666666055555}","{""accuracy"": 0.0, ""binary_crossentropy"": -0.0, ""binary_roc_auc"": 0.0, ""f1"": 0.0, ""precision"": 0.0, ""recall"": 0.0}",0.004244565963745117,0.0001499652862548828,2.95554780960083,330.79296875,38,ok,,1.0.0,{}
31,credit-g,openml_task,amlb,classification,nofe,0,4500,800,200,20,20,0,0.780952380952381,binary_roc_auc,True,0.780952380952381,0.0,"{""accuracy"": 0.7649999999617499, ""binary_crossentropy"": 0.5007967171864585, ""binary_roc_auc"": 0.780952380952381, ""f1"": 0.5052631531346261, ""precision"": 0.6857142855183673, ""recall"": 0.39999999993333335}","{""accuracy"": 0.0, ""binary_crossentropy"": -0.0, ""binary_roc_auc"": 0.0, ""f1"": 0.0, ""precision"": 0.0, ""recall"": 0.0}",0.0038192272186279297,0.00012183189392089844,2.854184150695801,330.359375,98,ok,,1.0.0,{}
11,balance-scale,openml_task,amlb,multiclass,nofe,3,4500,500,125,4,4,0,0.4134799052183085,categorical_crossentropy,False,0.4134799052183085,-0.0,"{""accuracy"": 0.8826666665960534, ""categorical_crossentropy"": 0.4134799052183085, ""categorical_roc_auc"": 0.9180552092605794, ""f1"": 0.6512434801118739, ""precision"": 0.6514202170579245, ""recall"": 0.6521677755927426}","{""accuracy"": 0.0, ""categorical_crossentropy"": -0.0, ""categorical_roc_auc"": 0.0, ""f1"": 0.0, ""precision"": 0.0, ""recall"": 0.0}",0.0022611618041992188,5.340576171875e-05,3.647099733352661,361.2578125,1486,ok,,1.0.0,{}
11,balance-scale,openml_task,amlb,multiclass,nofe,0,4500,500,125,4,4,0,0.4678161282035035,categorical_crossentropy,False,0.4678161282035035,-0.0,"{""accuracy"": 0.9039999999276801, ""categorical_crossentropy"": 0.4678161282035035, ""categorical_roc_auc"": 0.877755390514776, ""f1"": 0.6464111048820997, ""precision"": 0.6680372803963381, ""recall"": 0.6476709012512538}","{""accuracy"": 0.0, ""categorical_crossentropy"": -0.0, ""categorical_roc_auc"": 0.0, ""f1"": 0.0, ""precision"": 0.0, ""recall"": 0.0}",0.003206014633178711,4.506111145019531e-05,3.1048624515533447,339.58984375,377,ok,,1.0.0,{}
37,diabetes,openml_task,amlb,classification,nofe,1,4500,614,154,8,8,0,0.8296296296296296,binary_roc_auc,True,0.8296296296296296,0.0,"{""accuracy"": 0.7532467531978411, ""binary_crossentropy"": 0.4864241839205096, ""binary_roc_auc"": 0.8296296296296296, ""f1"": 0.6481481430281207, ""precision"": 0.6481481480281207, ""recall"": 0.6481481480281207}","{""accuracy"": 0.0, ""binary_crossentropy"": -0.0, ""binary_roc_auc"": 0.0, ""f1"": 0.0, ""precision"": 0.0, ""recall"": 0.0}",0.005676984786987305,6.079673767089844e-05,2.9849300384521484,331.796875,75,ok,,1.0.0,{}
15,breast-w,openml_task,amlb,classification,nofe,0,4500,559,140,9,9,0,0.9884510869565217,binary_roc_auc,True,0.9884510869565217,0.0,"{""accuracy"": 0.9571428570744898, ""binary_crossentropy"": 0.1265942708971644, ""binary_roc_auc"": 0.9884510869565217, ""f1"": 0.9387755050145774, ""precision"": 0.919999999816, ""recall"": 0.9583333331336805}","{""accuracy"": 0.0, ""binary_crossentropy"": -0.0, ""binary_roc_auc"": 0.0, ""f1"": 0.0, ""precision"": 0.0, ""recall"": 0.0}",0.004578590393066406,6.747245788574219e-05,2.8422691822052,325.60546875,128,ok,,1.0.0,{}
18,mfeat-morphological,openml_task,amlb,multiclass,nofe,3,4500,1600,400,6,6,0,0.6605907907895744,categorical_crossentropy,False,0.6605907907895744,-0.0,"{""accuracy"": 0.944999999976375, ""categorical_crossentropy"": 0.6605907907895744, ""categorical_roc_auc"": 0.9646736111111112, ""f1"": 0.7194007711838484, ""precision"": 0.7180628302348648, ""recall"": 0.72499999981875}","{""accuracy"": 0.0, ""categorical_crossentropy"": -0.0, ""categorical_roc_auc"": 0.0, ""f1"": 0.0, ""precision"": 0.0, ""recall"": 0.0}",0.006175994873046875,5.984306335449219e-05,3.534010410308838,341.734375,103,ok,,1.0.0,{}
11,balance-scale,openml_task,amlb,multiclass,nofe,1,4500,500,125,4,4,0,0.4437123607089743,categorical_crossentropy,False,0.4437123607089743,-0.0,"{""accuracy"": 0.8933333332618667, ""categorical_crossentropy"": 0.4437123607089743, ""categorical_roc_auc"": 0.8680790969362907, ""f1"": 0.5954279604171435, ""precision"": 0.5834029517265154, ""recall"": 0.6084896147359055}","{""accuracy"": 0.0, ""categorical_crossentropy"": -0.0, ""categorical_roc_auc"": 0.0, ""f1"": 0.0, ""precision"": 0.0, ""recall"": 0.0}",0.007239580154418945,6.723403930664062e-05,3.2139687538146973,335.58203125,147,ok,,1.0.0,{}
31,credit-g,openml_task,amlb,classification,nofe,3,4500,800,200,20,20,0,0.771547619047619,binary_roc_auc,True,0.771547619047619,0.0,"{""accuracy"": 0.75499999996225, ""binary_crossentropy"": 0.5091846006270498, ""binary_roc_auc"": 0.771547619047619, ""f1"": 0.524271839694599, ""precision"": 0.6279069765981612, ""recall"": 0.449999999925}","{""accuracy"": 0.0, ""binary_crossentropy"": -0.0, ""binary_roc_auc"": 0.0, ""f1"": 0.0, ""precision"": 0.0, ""recall"": 0.0}",0.009525299072265625,0.00024271011352539062,3.196078062057495,333.2265625,62,ok,,1.0.0,{}
15,breast-w,openml_task,amlb,classification,nofe,2,4500,559,140,9,9,0,0.996376811594203,binary_roc_auc,True,0.996376811594203,0.0,"{""accuracy"": 0.9714285713591836, ""binary_crossentropy"": 0.09637343035844553, ""binary_roc_auc"": 0.996376811594203, ""f1"": 0.9565217339319472, ""precision"": 0.9999999997727272, ""recall"": 0.9166666664756944}","{""accuracy"": 0.0, ""binary_crossentropy"": -0.0, ""binary_roc_auc"": 0.0, ""f1"": 0.0, ""precision"": 0.0, ""recall"": 0.0}",0.008642435073852539,0.0001430511474609375,2.9896411895751953,328.26171875,120,ok,,1.0.0,{}
23,cmc,openml_task,amlb,multiclass,nofe,2,4500,1178,295,9,9,0,0.9414597614589384,categorical_crossentropy,False,0.9414597614589384,-0.0,"{""accuracy"": 0.67909604517472, ""categorical_crossentropy"": 0.9414597614589384, ""categorical_roc_auc"": 0.7112249541653796, ""f1"": 0.5052543637037231, ""precision"": 0.5214458688825202, ""recall"": 0.5001904575570906}","{""accuracy"": 0.0, ""categorical_crossentropy"": -0.0, ""categorical_roc_auc"": 0.0, ""f1"": 0.0, ""precision"": 0.0, ""recall"": 0.0}",0.00859689712524414,0.0001609325408935547,3.303417682647705,332.81640625,45,ok,,1.0.0,{}
23,cmc,openml_task,amlb,multiclass,nofe,3,4500,1178,295,9,9,0,0.8928795556522022,categorical_crossentropy,False,0.8928795556522022,-0.0,"{""accuracy"": 0.7016949152304509, ""categorical_crossentropy"": 0.8928795556522022, ""categorical_roc_auc"": 0.7509753585217943, ""f1"": 0.5179183085723806, ""precision"": 0.5311829429111968, ""recall"": 0.5157615284399082}","{""accuracy"": 0.0, ""categorical_crossentropy"": -0.0, ""categorical_roc_auc"": 0.0, ""f1"": 0.0, ""precision"": 0.0, ""recall"": 0.0}",0.0053310394287109375,0.0001995563507080078,3.562767505645752,329.01171875,81,ok,,1.0.0,{}
11,balance-scale,openml_task,amlb,multiclass,nofe,2,4500,500,125,4,4,0,0.4333264934743902,categorical_crossentropy,False,0.4333264934743902,-0.0,"{""accuracy"": 0.8879999999289602, ""categorical_crossentropy"": 0.4333264934743902, ""categorical_roc_auc"": 0.8895388162240984, ""f1"": 0.6299756693464217, ""precision"": 0.6302809514484938, ""recall"": 0.6304295219438817}","{""accuracy"": 0.0, ""categorical_crossentropy"": -0.0, ""categorical_roc_auc"": 0.0, ""f1"": 0.0, ""precision"": 0.0, ""recall"": 0.0}",0.003881692886352539,0.0003876686096191406,3.8255422115325928,340.515625,453,ok,,1.0.0,{}
29,credit-approval,openml_task,amlb,classification,nofe,3,4500,552,138,15,15,0,0.9618905684479454,binary_roc_auc,True,0.9618905684479454,0.0,"{""accuracy"": 0.8840579709504305, ""binary_crossentropy"": 0.25762298217286234, ""binary_roc_auc"": 0.9618905684479454, ""f1"": 0.8888888837895449, ""precision"": 0.9552238804544443, ""recall"": 0.8311688310608872}","{""accuracy"": 0.0, ""binary_crossentropy"": -0.0, ""binary_roc_auc"": 0.0, ""f1"": 0.0, ""precision"": 0.0, ""recall"": 0.0}",0.008647680282592773,0.00020074844360351562,3.659677743911743,327.765625,53,ok,,1.0.0,{}
23,cmc,openml_task,amlb,multiclass,nofe,4,4500,1178,295,9,9,0,0.9466350378626484,categorical_crossentropy,False,0.9466350378626484,-0.0,"{""accuracy"": 0.6858757061914392, ""categorical_crossentropy"": 0.9466350378626484, ""categorical_roc_auc"": 0.7047905983037946, ""f1"": 0.5017522064392109, ""precision"": 0.5157898863473266, ""recall"": 0.4988084785646718}","{""accuracy"": 0.0, ""categorical_crossentropy"": -0.0, ""categorical_roc_auc"": 0.0, ""f1"": 0.0, ""precision"": 0.0, ""recall"": 0.0}",0.006699562072753906,0.00021076202392578125,3.446702003479004,331.26171875,36,ok,,1.0.0,{}
3,kr-vs-kp,openml_task,amlb,classification,nofe,0,4500,2556,640,36,36,0,0.9999804312942742,binary_roc_auc,True,0.9999804312942742,0.0,"{""accuracy"": 0.9906249999845215, ""binary_crossentropy"": 0.022595040546588764, ""binary_roc_auc"": 0.9999804312942742, ""f1"": 0.9900990048688038, ""precision"": 0.9999999999666667, ""recall"": 0.9803921568307061}","{""accuracy"": 0.0, ""binary_crossentropy"": -0.0, ""binary_roc_auc"": 0.0, ""f1"": 0.0, ""precision"": 0.0, ""recall"": 0.0}",0.004347085952758789,0.0002758502960205078,3.5330820083618164,336.4921875,577,ok,,1.0.0,{}
18,mfeat-morphological,openml_task,amlb,multiclass,nofe,2,4500,1600,400,6,6,0,0.7227400178508833,categorical_crossentropy,False,0.7227400178508833,-0.0,"{""accuracy"": 0.938999999976525, ""categorical_crossentropy"": 0.7227400178508833, ""categorical_roc_auc"": 0.9587152777777778, ""f1"": 0.6938263877611546, ""precision"": 0.6951318179915111, ""recall"": 0.69499999982625}","{""accuracy"": 0.0, ""categorical_crossentropy"": -0.0, ""categorical_roc_auc"": 0.0, ""f1"": 0.0, ""precision"": 0.0, ""recall"": 0.0}",0.009981870651245117,0.00016546249389648438,3.4122531414031982,341.92578125,98,ok,,1.0.0,{}
3,kr-vs-kp,openml_task,amlb,classification,nofe,1,4500,2556,640,36,36,0,0.9979942076631052,binary_roc_auc,True,0.9979942076631052,0.0,"{""accuracy"": 0.9937499999844727, ""binary_crossentropy"": 0.036474215674602205, ""binary_roc_auc"": 0.9979942076631052, ""f1"": 0.9934426179183016, ""precision"": 0.9967105262830029, ""recall"": 0.9901960783990131}","{""accuracy"": 0.0, ""binary_crossentropy"": -0.0, ""binary_roc_auc"": 0.0, ""f1"": 0.0, ""precision"": 0.0, ""recall"": 0.0}",0.006479740142822266,0.0005297660827636719,3.7086312770843506,337.90625,889,ok,,1.0.0,{}
3,kr-vs-kp,openml_task,amlb,classification,nofe,4,4500,2556,640,36,36,0,0.9999217251770969,binary_roc_auc,True,0.9999217251770969,0.0,"{""accuracy"": 0.9953124999844483, ""binary_crossentropy"": 0.02190262126896414, ""binary_roc_auc"": 0.9999217251770969, ""f1"": 0.9951060308566168, ""precision"": 0.9934853419871829, ""recall"": 0.9967320261112179}","{""accuracy"": 0.0, ""binary_crossentropy"": -0.0, ""binary_roc_auc"": 0.0, ""f1"": 0.0, ""precision"": 0.0, ""recall"": 0.0}",0.0062351226806640625,0.000423431396484375,4.180556774139404,334.34375,374,ok,,1.0.0,{}
29,credit-approval,openml_task,amlb,classification,nofe,2,4500,552,138,15,15,0,0.9331488183947201,binary_roc_auc,True,0.9331488183947201,0.0,"{""accuracy"": 0.8695652173282923, ""binary_crossentropy"": 0.315853757041412, ""binary_roc_auc"": 0.9331488183947201, ""f1"": 0.8860759442581319, ""precision"": 0.8641975307575065, ""recall"": 0.9090909089728454}","{""accuracy"": 0.0, ""binary_crossentropy"": -0.0, ""binary_roc_auc"": 0.0, ""f1"": 0.0, ""precision"": 0.0, ""recall"": 0.0}",0.007627725601196289,0.00022482872009277344,4.8064398765563965,330.5,75,ok,,1.0.0,{}
18,mfeat-morphological,openml_task,amlb,multiclass,nofe,1,4500,1600,400,6,6,0,0.6236925547732972,categorical_crossentropy,False,0.6236925547732972,-0.0,"{""accuracy"": 0.9454999999763626, ""categorical_crossentropy"": 0.6236925547732972, ""categorical_roc_auc"": 0.9674444444444446, ""f1"": 0.7274548313969613, ""precision"": 0.729793707443199, ""recall"": 0.727499999818125}","{""accuracy"": 0.0, ""categorical_crossentropy"": -0.0, ""categorical_roc_auc"": 0.0, ""f1"": 0.0, ""precision"": 0.0, ""recall"": 0.0}",0.006491899490356445,0.00014066696166992188,4.875049114227295,342.03125,111,ok,,1.0.0,{}
29,credit-approval,openml_task,amlb,classification,nofe,0,4500,552,138,15,15,0,0.9763678944006813,binary_roc_auc,True,0.9763678944006813,0.0,"{""accuracy"": 0.9202898550057761, ""binary_crossentropy"": 0.23255187949246686, ""binary_roc_auc"": 0.9763678944006813, ""f1"": 0.9281045700422915, ""precision"": 0.9342105261928672, ""recall"": 0.9220779219581717}","{""accuracy"": 0.0, ""binary_crossentropy"": -0.0, ""binary_roc_auc"": 0.0, ""f1"": 0.0, ""precision"": 0.0, ""recall"": 0.0}",0.009338140487670898,0.00026869773864746094,4.561769962310791,331.75390625,82,ok,,1.0.0,{}
45,splice,openml_task,amlb,multiclass,nofe,2,4500,2552,638,60,60,0,0.09940670710805144,categorical_crossentropy,False,0.09940670710805144,-0.0,"{""accuracy"": 0.974921630078763, ""categorical_crossentropy"": 0.09940670710805144, ""categorical_roc_auc"": 0.9966382304235282, ""f1"": 0.9581766749963802, ""precision"": 0.9561695573733534, ""recall"": 0.9606848994997531}","{""accuracy"": 0.0, ""categorical_crossentropy"": -0.0, ""categorical_roc_auc"": 0.0, ""f1"": 0.0, ""precision"": 0.0, ""recall"": 0.0}",0.004809141159057617,0.00041675567626953125,10.250802278518677,342.59375,203,ok,,1.0.0,{}
45,splice,openml_task,amlb,multiclass,nofe,0,4500,2552,638,60,60,0,0.10816713469855664,categorical_crossentropy,False,0.10816713469855664,-0.0,"{""accuracy"": 0.9801462904757553, ""categorical_crossentropy"": 0.10816713469855664, ""categorical_roc_auc"": 0.9954917303675388, ""f1"": 0.9665405304540123, ""precision"": 0.9629419259716014, ""recall"": 0.9704065457944622}","{""accuracy"": 0.0, ""categorical_crossentropy"": -0.0, ""categorical_roc_auc"": 0.0, ""f1"": 0.0, ""precision"": 0.0, ""recall"": 0.0}",0.007572650909423828,0.0006022453308105469,10.690383434295654,342.44921875,210,ok,,1.0.0,{}
43,spambase,openml_task,amlb,classification,nofe,2,4500,3680,921,57,57,0,0.989247311827957,binary_roc_auc,True,0.989247311827957,0.0,"{""accuracy"": 0.9500542888061884, ""binary_crossentropy"": 0.12703836472897587, ""binary_roc_auc"": 0.989247311827957, ""f1"": 0.935754184918971, ""precision"": 0.9490084985566853, ""recall"": 0.9228650137486814}","{""accuracy"": 0.0, ""binary_crossentropy"": -0.0, ""binary_roc_auc"": 0.0, ""f1"": 0.0, ""precision"": 0.0, ""recall"": 0.0}",0.008648157119750977,0.0007450580596923828,10.849862337112427,362.046875,384,ok,,1.0.0,{}
43,spambase,openml_task,amlb,classification,nofe,3,4500,3680,921,57,57,0,0.9884327142391659,binary_roc_auc,True,0.9884327142391659,0.0,"{""accuracy"": 0.9554831704565094, ""binary_crossentropy"": 0.12634149143334475, ""binary_roc_auc"": 0.9884327142391659, ""f1"": 0.9434482708360524, ""precision"": 0.9447513811893715, ""recall"": 0.942148760304624}","{""accuracy"": 0.0, ""binary_crossentropy"": -0.0, ""binary_roc_auc"": 0.0, ""f1"": 0.0, ""precision"": 0.0, ""recall"": 0.0}",0.006673336029052734,0.0005753040313720703,10.804901123046875,357.84765625,294,ok,,1.0.0,{}
2079,eucalyptus,openml_task,amlb,multiclass,nofe,3,4500,588,148,19,19,0,0.8583534620953975,categorical_crossentropy,False,0.8583534620953975,-0.0,"{""accuracy"": 0.8567567566988679, ""categorical_crossentropy"": 0.8583534620953975, ""categorical_roc_auc"": 0.8939572659736467, ""f1"": 0.6028009539196799, ""precision"": 0.6276973316605938, ""recall"": 0.596839723381009}","{""accuracy"": 0.0, ""categorical_crossentropy"": -0.0, ""categorical_roc_auc"": 0.0, ""f1"": 0.0, ""precision"": 0.0, ""recall"": 0.0}",0.003606081008911133,0.00010132789611816406,8.922616004943848,337.3515625,85,ok,,1.0.0,{}
2079,eucalyptus,openml_task,amlb,multiclass,nofe,2,4500,588,148,19,19,0,0.8227185011964064,categorical_crossentropy,False,0.8227185011964064,-0.0,"{""accuracy"": 0.8756756756165084, ""categorical_crossentropy"": 0.8227185011964064, ""categorical_roc_auc"": 0.9108346920035014, ""f1"": 0.6650876928840217, ""precision"": 0.6847275844508952, ""recall"": 0.6553032236793953}","{""accuracy"": 0.0, ""categorical_crossentropy"": -0.0, ""categorical_roc_auc"": 0.0, ""f1"": 0.0, ""precision"": 0.0, ""recall"": 0.0}",0.003858327865600586,0.00011301040649414062,9.253708124160767,339.76171875,160,ok,,1.0.0,{}
2079,eucalyptus,openml_task,amlb,multiclass,nofe,1,4500,588,148,19,19,0,0.7940227711994855,categorical_crossentropy,False,0.7940227711994855,-0.0,"{""accuracy"": 0.8648648648064281, ""categorical_crossentropy"": 0.7940227711994855, ""categorical_roc_auc"": 0.9155880160822285, ""f1"": 0.6433995719509312, ""precision"": 0.650428215957103, ""recall"": 0.6404165599580396}","{""accuracy"": 0.0, ""categorical_crossentropy"": -0.0, ""categorical_roc_auc"": 0.0, ""f1"": 0.0, ""precision"": 0.0, ""recall"": 0.0}",0.0034325122833251953,9.584426879882812e-05,9.507528066635132,340.953125,140,ok,,1.0.0,{}
2074,satimage,openml_task,amlb,multiclass,nofe,3,4500,5144,1286,36,36,0,0.24077285877294066,categorical_crossentropy,False,0.24077285877294066,-0.0,"{""accuracy"": 0.9743390357622523, ""categorical_crossentropy"": 0.24077285877294066, ""categorical_roc_auc"": 0.9895329641407922, ""f1"": 0.9089954188838839, ""precision"": 0.9161915461460146, ""recall"": 0.9035677720842686}","{""accuracy"": 0.0, ""categorical_crossentropy"": -0.0, ""categorical_roc_auc"": 0.0, ""f1"": 0.0, ""precision"": 0.0, ""recall"": 0.0}",0.014694929122924805,0.0011646747589111328,10.972861766815186,365.4296875,217,ok,,1.0.0,{}
2074,satimage,openml_task,amlb,multiclass,nofe,2,4500,5144,1286,36,36,0,0.21526035040977823,categorical_crossentropy,False,0.21526035040977823,-0.0,"{""accuracy"": 0.9733022291266981, ""categorical_crossentropy"": 0.21526035040977823, ""categorical_roc_auc"": 0.9907614848282343, ""f1"": 0.9032941945768901, ""precision"": 0.9041233016268415, ""recall"": 0.9030065726924374}","{""accuracy"": 0.0, ""categorical_crossentropy"": -0.0, ""categorical_roc_auc"": 0.0, ""f1"": 0.0, ""precision"": 0.0, ""recall"": 0.0}",0.007681608200073242,0.0009217262268066406,11.361122131347656,362.49609375,202,ok,,1.0.0,{}
2074,satimage,openml_task,amlb,multiclass,nofe,4,4500,5144,1286,36,36,0,0.21780114247481794,categorical_crossentropy,False,0.21780114247481794,-0.0,"{""accuracy"": 0.9743390357622524, ""categorical_crossentropy"": 0.21780114247481794, ""categorical_roc_auc"": 0.9908452647728282, ""f1"": 0.9058756161173589, ""precision"": 0.9181564393872336, ""recall"": 0.8982534131169503}","{""accuracy"": 0.0, ""categorical_crossentropy"": -0.0, ""categorical_roc_auc"": 0.0, ""f1"": 0.0, ""precision"": 0.0, ""recall"": 0.0}",0.005188703536987305,0.00066375732421875,11.744526386260986,365.07421875,250,ok,,1.0.0,{}
2079,eucalyptus,openml_task,amlb,multiclass,nofe,4,4500,588,148,19,19,0,0.7734474340151694,categorical_crossentropy,False,0.7734474340151694,-0.0,"{""accuracy"": 0.8675675675089481, ""categorical_crossentropy"": 0.7734474340151694, ""categorical_roc_auc"": 0.9166561474928011, ""f1"": 0.6305694254227158, ""precision"": 0.6491572056217831, ""recall"": 0.6289898729607188}","{""accuracy"": 0.0, ""categorical_crossentropy"": -0.0, ""categorical_roc_auc"": 0.0, ""f1"": 0.0, ""precision"": 0.0, ""recall"": 0.0}",0.003856658935546875,9.417533874511719e-05,2.099860906600952,336.7890625,76,ok,,1.0.0,{}
3021,sick,openml_task,amlb,classification,nofe,0,4500,3017,755,27,27,0,0.9970258171337463,binary_roc_auc,True,0.9970258171337463,0.0,"{""accuracy"": 0.9827814569406254, ""binary_crossentropy"": 0.03666426456038126, ""binary_roc_auc"": 0.9970258171337463, ""f1"": 0.8539325790834491, ""precision"": 0.8837209300270417, ""recall"": 0.826086956342155}","{""accuracy"": 0.0, ""binary_crossentropy"": -0.0, ""binary_roc_auc"": 0.0, ""f1"": 0.0, ""precision"": 0.0, ""recall"": 0.0}",0.004075765609741211,0.00022554397583007812,2.0641164779663086,337.71875,354,ok,,1.0.0,{}
3021,sick,openml_task,amlb,classification,nofe,1,4500,3017,755,27,27,0,0.9905868645367022,binary_roc_auc,True,0.9905868645367022,0.0,"{""accuracy"": 0.9880794701855884, ""binary_crossentropy"": 0.04373494989812275, ""binary_roc_auc"": 0.9905868645367022, ""f1"": 0.8988763992980684, ""precision"": 0.9302325579232017, ""recall"": 0.8695652172022684}","{""accuracy"": 0.0, ""binary_crossentropy"": -0.0, ""binary_roc_auc"": 0.0, ""f1"": 0.0, ""precision"": 0.0, ""recall"": 0.0}",0.00374603271484375,0.0001919269561767578,2.0601208209991455,335.5625,131,ok,,1.0.0,{}
3021,sick,openml_task,amlb,classification,nofe,3,4500,3017,755,27,27,0,0.9941742809836267,binary_roc_auc,True,0.9941742809836267,0.0,"{""accuracy"": 0.9867549668743476, ""binary_crossentropy"": 0.043680976952899506, ""binary_roc_auc"": 0.9941742809836267, ""f1"": 0.8863636311725207, ""precision"": 0.9285714283503401, ""recall"": 0.8478260867722117}","{""accuracy"": 0.0, ""binary_crossentropy"": -0.0, ""binary_roc_auc"": 0.0, ""f1"": 0.0, ""precision"": 0.0, ""recall"": 0.0}",0.004781007766723633,0.00023436546325683594,1.8157639503479004,335.26953125,135,ok,,1.0.0,{}
3021,sick,openml_task,amlb,classification,nofe,2,4500,3017,755,27,27,0,0.9960139817256393,binary_roc_auc,True,0.9960139817256393,0.0,"{""accuracy"": 0.9867549668743476, ""binary_crossentropy"": 0.03194412622771947, ""binary_roc_auc"": 0.9960139817256393, ""f1"": 0.880952375787982, ""precision"": 0.9736842102700831, ""recall"": 0.8043478259120983}","{""accuracy"": 0.0, ""binary_crossentropy"": -0.0, ""binary_roc_auc"": 0.0, ""f1"": 0.0, ""precision"": 0.0, ""recall"": 0.0}",0.00425267219543457,0.00024890899658203125,1.9198179244995117,334.62109375,104,ok,,1.0.0,{}
32,pendigits,openml_task,amlb,multiclass,nofe,1,4500,8793,2199,16,16,0,0.0341939279514678,categorical_crossentropy,False,0.0341939279514678,-0.0,"{""accuracy"": 0.9979990904911414, ""categorical_crossentropy"": 0.0341939279514678, ""categorical_roc_auc"": 0.9998910878540755, ""f1"": 0.9901329643035369, ""precision"": 0.9901579678108506, ""recall"": 0.990167583227316}","{""accuracy"": 0.0, ""categorical_crossentropy"": -0.0, ""categorical_roc_auc"": 0.0, ""f1"": 0.0, ""precision"": 0.0, ""recall"": 0.0}",0.011029720306396484,0.00026226043701171875,21.130620002746582,368.73828125,340,ok,,1.0.0,{}
3021,sick,openml_task,amlb,classification,nofe,4,4500,3017,755,27,27,0,0.9946648678481634,binary_roc_auc,True,0.9946648678481634,0.0,"{""accuracy"": 0.9854304635631068, ""binary_crossentropy"": 0.04528639031641975, ""binary_roc_auc"": 0.9946648678481634, ""f1"": 0.8735632132065002, ""precision"": 0.926829268066627, ""recall"": 0.826086956342155}","{""accuracy"": 0.0, ""binary_crossentropy"": -0.0, ""binary_roc_auc"": 0.0, ""f1"": 0.0, ""precision"": 0.0, ""recall"": 0.0}",0.003562450408935547,0.00017523765563964844,1.7476162910461426,335.05859375,102,ok,,1.0.0,{}
14,mfeat-fourier,openml_task,amlb,multiclass,nofe,3,4500,1600,400,76,76,0,0.4736232697739615,categorical_crossentropy,False,0.4736232697739615,-0.0,"{""accuracy"": 0.9644999999758873, ""categorical_crossentropy"": 0.4736232697739615, ""categorical_roc_auc"": 0.9798819444444445, ""f1"": 0.822614715543826, ""precision"": 0.8254932163988341, ""recall"": 0.8224999997943749}","{""accuracy"": 0.0, ""categorical_crossentropy"": -0.0, ""categorical_roc_auc"": 0.0, ""f1"": 0.0, ""precision"": 0.0, ""recall"": 0.0}",0.010747194290161133,0.0004096031188964844,22.350677013397217,357.984375,211,ok,,1.0.0,{}
16,mfeat-karhunen,openml_task,amlb,multiclass,nofe,1,4500,1600,400,64,64,0,0.21528672963340795,categorical_crossentropy,False,0.21528672963340795,-0.0,"{""accuracy"": 0.9869999999753251, ""categorical_crossentropy"": 0.21528672963340795, ""categorical_roc_auc"": 0.9965833333333334, ""f1"": 0.9347481338471904, ""precision"": 0.9358960049583487, ""recall"": 0.93499999976625}","{""accuracy"": 0.0, ""categorical_crossentropy"": -0.0, ""categorical_roc_auc"": 0.0, ""f1"": 0.0, ""precision"": 0.0, ""recall"": 0.0}",0.005707263946533203,0.0003376007080078125,22.341166496276855,373.609375,554,ok,,1.0.0,{}
28,optdigits,openml_task,amlb,multiclass,nofe,4,4500,4496,1124,62,62,0,0.06767258376572868,categorical_crossentropy,False,0.06767258376572868,-0.0,"{""accuracy"": 0.9957295373576894, ""categorical_crossentropy"": 0.06767258376572868, ""categorical_roc_auc"": 0.9997028560317943, ""f1"": 0.9787206838464491, ""precision"": 0.9789315610928508, ""recall"": 0.9787115592165752}","{""accuracy"": 0.0, ""categorical_crossentropy"": -0.0, ""categorical_roc_auc"": 0.0, ""f1"": 0.0, ""precision"": 0.0, ""recall"": 0.0}",0.006081104278564453,0.0006937980651855469,22.559284210205078,393.9921875,511,ok,,1.0.0,{}
37,diabetes,openml_task,amlb,classification,nofe,3,4500,614,154,8,8,0,0.8099999999999999,binary_roc_auc,True,0.8099999999999999,0.0,"{""accuracy"": 0.7532467531978411, ""binary_crossentropy"": 0.5026635957954378, ""binary_roc_auc"": 0.8099999999999999, ""f1"": 0.6041666616189236, ""precision"": 0.6904761903117914, ""recall"": 0.5370370369375858}","{""accuracy"": 0.0, ""binary_crossentropy"": -0.0, ""binary_roc_auc"": 0.0, ""f1"": 0.0, ""precision"": 0.0, ""recall"": 0.0}",0.006560802459716797,6.389617919921875e-05,17.129452228546143,333.8671875,40,ok,,1.0.0,{}
12,mfeat-factors,openml_task,amlb,multiclass,nofe,2,4500,1600,400,216,216,0,0.20157226774732406,categorical_crossentropy,False,0.20157226774732406,-0.0,"{""accuracy"": 0.9879999999753, ""categorical_crossentropy"": 0.20157226774732406, ""categorical_roc_auc"": 0.9959166666666667, ""f1"": 0.9406208030910935, ""precision"": 0.9432078023364465, ""recall"": 0.9399999997649997}","{""accuracy"": 0.0, ""categorical_crossentropy"": -0.0, ""categorical_roc_auc"": 0.0, ""f1"": 0.0, ""precision"": 0.0, ""recall"": 0.0}",0.006916522979736328,0.0010485649108886719,22.35530948638916,390.5859375,765,ok,,1.0.0,{}
12,mfeat-factors,openml_task,amlb,multiclass,nofe,4,4500,1600,400,216,216,0,0.1072641835018294,categorical_crossentropy,False,0.1072641835018294,-0.0,"{""accuracy"": 0.9949999999751251, ""categorical_crossentropy"": 0.1072641835018294, ""categorical_roc_auc"": 0.9986458333333333, ""f1"": 0.9749291265117966, ""precision"": 0.9753569192590789, ""recall"": 0.9749999997562501}","{""accuracy"": 0.0, ""categorical_crossentropy"": -0.0, ""categorical_roc_auc"": 0.0, ""f1"": 0.0, ""precision"": 0.0, ""recall"": 0.0}",0.004773855209350586,0.0005559921264648438,23.066627979278564,372.609375,460,ok,,1.0.0,{}
28,optdigits,openml_task,amlb,multiclass,nofe,2,4500,4496,1124,62,62,0,0.06739968229105452,categorical_crossentropy,False,0.06739968229105452,-0.0,"{""accuracy"": 0.9962633451868662, ""categorical_crossentropy"": 0.06739968229105452, ""categorical_roc_auc"": 0.9996874435418238, ""f1"": 0.9813918742194389, ""precision"": 0.9816085815223392, ""recall"": 0.9813116674755171}","{""accuracy"": 0.0, ""categorical_crossentropy"": -0.0, ""categorical_roc_auc"": 0.0, ""f1"": 0.0, ""precision"": 0.0, ""recall"": 0.0}",0.006646871566772461,0.0004909038543701172,23.014713287353516,433.14453125,1386,ok,,1.0.0,{}
16,mfeat-karhunen,openml_task,amlb,multiclass,nofe,3,4500,1600,400,64,64,0,0.15422228242616257,categorical_crossentropy,False,0.15422228242616257,-0.0,"{""accuracy"": 0.9924999999751873, ""categorical_crossentropy"": 0.15422228242616257, ""categorical_roc_auc"": 0.9983194444444443, ""f1"": 0.9627007548331725, ""precision"": 0.9636003812261318, ""recall"": 0.9624999997593748}","{""accuracy"": 0.0, ""categorical_crossentropy"": -0.0, ""categorical_roc_auc"": 0.0, ""f1"": 0.0, ""precision"": 0.0, ""recall"": 0.0}",0.004667997360229492,0.0004012584686279297,23.55944275856018,391.3828125,944,ok,,1.0.0,{}
219,electricity,openml_task,amlb,classification,nofe,4,4500,36249,9063,8,8,0,0.9822684344496425,binary_roc_auc,True,0.9822684344496425,0.0,"{""accuracy"": 0.9366655632782338, ""binary_crossentropy"": null, ""binary_roc_auc"": 0.9822684344496425, ""f1"": 0.9450927824479983, ""precision"": 0.9429280397004335, ""recall"": 0.9472674976012516}","{""accuracy"": 0.0, ""binary_crossentropy"": null, ""binary_roc_auc"": 0.0, ""f1"": 0.0, ""precision"": 0.0, ""recall"": 0.0}",0.014961719512939453,0.0003256797790527344,16.01091694831848,390.80859375,1999,ok,,1.0.0,{}
14,mfeat-fourier,openml_task,amlb,multiclass,nofe,0,4500,1600,400,76,76,0,0.4281627926067449,categorical_crossentropy,False,0.4281627926067449,-0.0,"{""accuracy"": 0.9684999999757874, ""categorical_crossentropy"": 0.4281627926067449, ""categorical_roc_auc"": 0.9840972222222222, ""f1"": 0.8438942733174339, ""precision"": 0.8489254419574005, ""recall"": 0.842499999789375}","{""accuracy"": 0.0, ""categorical_crossentropy"": -0.0, ""categorical_roc_auc"": 0.0, ""f1"": 0.0, ""precision"": 0.0, ""recall"": 0.0}",0.004235982894897461,0.0003039836883544922,23.855802059173584,354.74609375,159,ok,,1.0.0,{}
3022,vowel,openml_task,amlb,multiclass,nofe,0,4500,792,198,12,12,0,0.22859763360471758,categorical_crossentropy,False,0.22859763360471758,-0.0,"{""accuracy"": 0.988062442557995, ""categorical_crossentropy"": 0.22859763360471758, ""categorical_roc_auc"": 0.997979797979798, ""f1"": 0.9344799642610347, ""precision"": 0.9370984832067097, ""recall"": 0.9343434338243547}","{""accuracy"": 0.0, ""categorical_crossentropy"": -0.0, ""categorical_roc_auc"": 0.0, ""f1"": 0.0, ""precision"": 0.0, ""recall"": 0.0}",0.0041027069091796875,9.989738464355469e-05,3.6086888313293457,361.51953125,430,ok,,1.0.0,{}
16,mfeat-karhunen,openml_task,amlb,multiclass,nofe,4,4500,1600,400,64,64,0,0.15531619944835257,categorical_crossentropy,False,0.15531619944835257,-0.0,"{""accuracy"": 0.9884999999752875, ""categorical_crossentropy"": 0.15531619944835257, ""categorical_roc_auc"": 0.998513888888889, ""f1"": 0.9422499459401248, ""precision"": 0.943856554749485, ""recall"": 0.9424999997643748}","{""accuracy"": 0.0, ""categorical_crossentropy"": -0.0, ""categorical_roc_auc"": 0.0, ""f1"": 0.0, ""precision"": 0.0, ""recall"": 0.0}",0.003560781478881836,0.00014281272888183594,23.66530680656433,369.48828125,502,ok,,1.0.0,{}
53,vehicle,openml_task,amlb,multiclass,nofe,0,4500,676,170,18,18,0,0.5650824487894116,categorical_crossentropy,False,0.5650824487894116,-0.0,"{""accuracy"": 0.8617647058316609, ""categorical_crossentropy"": 0.5650824487894116, ""categorical_roc_auc"": 0.9175211203726827, ""f1"": 0.7191797591713451, ""precision"": 0.716884223419995, ""recall"": 0.7244588742878871}","{""accuracy"": 0.0, ""categorical_crossentropy"": -0.0, ""categorical_roc_auc"": 0.0, ""f1"": 0.0, ""precision"": 0.0, ""recall"": 0.0}",0.003496885299682617,6.079673767089844e-05,24.110132455825806,339.86328125,152,ok,,1.0.0,{}
12,mfeat-factors,openml_task,amlb,multiclass,nofe,0,4500,1600,400,216,216,0,0.11116926931259513,categorical_crossentropy,False,0.11116926931259513,-0.0,"{""accuracy"": 0.9934999999751625, ""categorical_crossentropy"": 0.11116926931259513, ""categorical_roc_auc"": 0.998451388888889, ""f1"": 0.96713125949995, ""precision"": 0.967589660555225, ""recall"": 0.967499999758125}","{""accuracy"": 0.0, ""categorical_crossentropy"": -0.0, ""categorical_roc_auc"": 0.0, ""f1"": 0.0, ""precision"": 0.0, ""recall"": 0.0}",0.007727622985839844,0.00096893310546875,30.392620086669922,367.44921875,343,ok,,1.0.0,{}
32,pendigits,openml_task,amlb,multiclass,nofe,4,4500,8793,2199,16,16,0,0.037699627961963585,categorical_crossentropy,False,0.037699627961963585,-0.0,"{""accuracy"": 0.9984538426512122, ""categorical_crossentropy"": 0.037699627961963585, ""categorical_roc_auc"": 0.9995069756690895, ""f1"": 0.9923283991399895, ""precision"": 0.9923295577924455, ""recall"": 0.9923490740722374}","{""accuracy"": 0.0, ""categorical_crossentropy"": -0.0, ""categorical_roc_auc"": 0.0, ""f1"": 0.0, ""precision"": 0.0, ""recall"": 0.0}",0.007752656936645508,0.0007443428039550781,31.319650411605835,388.91015625,640,ok,,1.0.0,{}
45,splice,openml_task,amlb,multiclass,nofe,3,4500,2552,638,60,60,0,0.09998581768647617,categorical_crossentropy,False,0.09998581768647617,-0.0,"{""accuracy"": 0.974921630078763, ""categorical_crossentropy"": 0.09998581768647617, ""categorical_roc_auc"": 0.9970434491932935, ""f1"": 0.9581509105522805, ""precision"": 0.9536901363002865, ""recall"": 0.963028099283639}","{""accuracy"": 0.0, ""categorical_crossentropy"": -0.0, ""categorical_roc_auc"": 0.0, ""f1"": 0.0, ""precision"": 0.0, ""recall"": 0.0}",0.005468606948852539,0.00038170814514160156,24.907129526138306,344.765625,208,ok,,1.0.0,{}
219,electricity,openml_task,amlb,classification,nofe,1,4500,36249,9063,8,8,0,0.9824918324918324,binary_roc_auc,True,0.9824918324918324,0.0,"{""accuracy"": 0.9342381109997414, ""binary_crossentropy"": null, ""binary_roc_auc"": 0.9824918324918324, ""f1"": 0.9430319200603736, ""precision"": 0.9401562797771295, ""recall"": 0.9459252157220596}","{""accuracy"": 0.0, ""binary_crossentropy"": null, ""binary_roc_auc"": 0.0, ""f1"": 0.0, ""precision"": 0.0, ""recall"": 0.0}",0.015900611877441406,0.0001392364501953125,23.990891456604004,392.36328125,1997,ok,,1.0.0,{}
53,vehicle,openml_task,amlb,multiclass,nofe,1,4500,676,170,18,18,0,0.5102351488655105,categorical_crossentropy,False,0.5102351488655105,-0.0,"{""accuracy"": 0.8705882352429066, ""categorical_crossentropy"": 0.5102351488655105, ""categorical_roc_auc"": 0.9341810099622598, ""f1"": 0.7389405025836995, ""precision"": 0.7476702507127304, ""recall"": 0.7420725106473783}","{""accuracy"": 0.0, ""categorical_crossentropy"": -0.0, ""categorical_roc_auc"": 0.0, ""f1"": 0.0, ""precision"": 0.0, ""recall"": 0.0}",0.004588127136230469,0.00014281272888183594,24.39259362220764,337.5390625,149,ok,,1.0.0,{}
49,tic-tac-toe,openml_task,amlb,classification,nofe,4,4500,766,192,9,9,0,1.0,binary_roc_auc,True,1.0,0.0,"{""accuracy"": 0.9999999999479167, ""binary_crossentropy"": 0.024538181060260438, ""binary_roc_auc"": 1.0, ""f1"": 0.99999999492, ""precision"": 0.9999999999200001, ""recall"": 0.9999999999200001}","{""accuracy"": 0.0, ""binary_crossentropy"": -0.0, ""binary_roc_auc"": 0.0, ""f1"": 0.0, ""precision"": 0.0, ""recall"": 0.0}",0.0036115646362304688,8.916854858398438e-05,25.33755874633789,338.9296875,1958,ok,,1.0.0,{}
45,splice,openml_task,amlb,multiclass,nofe,1,4500,2552,638,60,60,0,0.10544145104468386,categorical_crossentropy,False,0.10544145104468386,-0.0,"{""accuracy"": 0.974921630078763, ""categorical_crossentropy"": 0.10544145104468386, ""categorical_roc_auc"": 0.9966542137250114, ""f1"": 0.9567626217984198, ""precision"": 0.9544531542398454, ""recall"": 0.9595840349726541}","{""accuracy"": 0.0, ""categorical_crossentropy"": -0.0, ""categorical_roc_auc"": 0.0, ""f1"": 0.0, ""precision"": 0.0, ""recall"": 0.0}",0.02500295639038086,0.001068115234375,25.2842538356781,341.12109375,153,ok,,1.0.0,{}
3022,vowel,openml_task,amlb,multiclass,nofe,1,4500,792,198,12,12,0,0.3050433534786641,categorical_crossentropy,False,0.3050433534786641,-0.0,"{""accuracy"": 0.988062442557995, ""categorical_crossentropy"": 0.3050433534786641, ""categorical_roc_auc"": 0.9925364758698092, ""f1"": 0.9334839220563871, ""precision"": 0.9371117181632503, ""recall"": 0.9343434338243547}","{""accuracy"": 0.0, ""categorical_crossentropy"": -0.0, ""categorical_roc_auc"": 0.0, ""f1"": 0.0, ""precision"": 0.0, ""recall"": 0.0}",0.003547191619873047,0.00010657310485839844,10.44880986213684,373.16015625,647,ok,,1.0.0,{}
2074,satimage,openml_task,amlb,multiclass,nofe,0,4500,5144,1286,36,36,0,0.22927067382831465,categorical_crossentropy,False,0.22927067382831465,-0.0,"{""accuracy"": 0.9717470191733666, ""categorical_crossentropy"": 0.22927067382831465, ""categorical_roc_auc"": 0.990884333113475, ""f1"": 0.9000329271808605, ""precision"": 0.9087380386359095, ""recall"": 0.8934832125462818}","{""accuracy"": 0.0, ""categorical_crossentropy"": -0.0, ""categorical_roc_auc"": 0.0, ""f1"": 0.0, ""precision"": 0.0, ""recall"": 0.0}",0.004932880401611328,0.0005512237548828125,24.463006258010864,363.4375,213,ok,,1.0.0,{}
53,vehicle,openml_task,amlb,multiclass,nofe,3,4500,676,170,18,18,0,0.5012618470389176,categorical_crossentropy,False,0.5012618470389176,-0.0,"{""accuracy"": 0.8764705881837369, ""categorical_crossentropy"": 0.5012618470389176, ""categorical_roc_auc"": 0.9273239737692863, ""f1"": 0.7514370400212874, ""precision"": 0.7501713668412877, ""recall"": 0.7548430734146903}","{""accuracy"": 0.0, ""categorical_crossentropy"": -0.0, ""categorical_roc_auc"": 0.0, ""f1"": 0.0, ""precision"": 0.0, ""recall"": 0.0}",0.009392261505126953,0.00012540817260742188,24.810967206954956,340.2265625,113,ok,,1.0.0,{}
45,splice,openml_task,amlb,multiclass,nofe,4,4500,2552,638,60,60,0,0.08940273142928115,categorical_crossentropy,False,0.08940273142928115,-0.0,"{""accuracy"": 0.9801462904757553, ""categorical_crossentropy"": 0.08940273142928115, ""categorical_roc_auc"": 0.9967988377670008, ""f1"": 0.9665035536283716, ""precision"": 0.9639356656399363, ""recall"": 0.9692207988295505}","{""accuracy"": 0.0, ""categorical_crossentropy"": -0.0, ""categorical_roc_auc"": 0.0, ""f1"": 0.0, ""precision"": 0.0, ""recall"": 0.0}",0.00717473030090332,0.0007748603820800781,25.301616191864014,345.40625,217,ok,,1.0.0,{}
22,mfeat-zernike,openml_task,amlb,multiclass,nofe,1,4500,1600,400,47,47,0,0.5061326991417445,categorical_crossentropy,False,0.5061326991417445,-0.0,"{""accuracy"": 0.9634999999759124, ""categorical_crossentropy"": 0.5061326991417445, ""categorical_roc_auc"": 0.9747291666666665, ""f1"": 0.8182803373555545, ""precision"": 0.8200274139085142, ""recall"": 0.817499999795625}","{""accuracy"": 0.0, ""categorical_crossentropy"": -0.0, ""categorical_roc_auc"": 0.0, ""f1"": 0.0, ""precision"": 0.0, ""recall"": 0.0}",0.0039052963256835938,0.0001506805419921875,32.03158497810364,349.08203125,116,ok,,1.0.0,{}
3022,vowel,openml_task,amlb,multiclass,nofe,2,4500,792,198,12,12,0,0.24259343640476047,categorical_crossentropy,False,0.24259343640476047,-0.0,"{""accuracy"": 0.986225895266995, ""categorical_crossentropy"": 0.24259343640476047, ""categorical_roc_auc"": 0.996885521885522, ""f1"": 0.9253646539125598, ""precision"": 0.9292929287707136, ""recall"": 0.9242424237289562}","{""accuracy"": 0.0, ""categorical_crossentropy"": -0.0, ""categorical_roc_auc"": 0.0, ""f1"": 0.0, ""precision"": 0.0, ""recall"": 0.0}",0.0042057037353515625,0.00011515617370605469,10.650457859039307,345.02734375,1315,ok,,1.0.0,{}
219,electricity,openml_task,amlb,classification,nofe,0,4500,36249,9063,8,8,0,0.9848471046457623,binary_roc_auc,True,0.9848471046457623,0.0,"{""accuracy"": 0.9394240317765205, ""binary_crossentropy"": null, ""binary_roc_auc"": 0.9848471046457623, ""f1"": 0.9473583227381392, ""precision"": 0.9474491752954595, ""recall"": 0.9472674976012516}","{""accuracy"": 0.0, ""binary_crossentropy"": null, ""binary_roc_auc"": 0.0, ""f1"": 0.0, ""precision"": 0.0, ""recall"": 0.0}",0.015205860137939453,0.0003178119659423828,24.57751441001892,394.453125,1996,ok,,1.0.0,{}
53,vehicle,openml_task,amlb,multiclass,nofe,4,4500,676,170,18,18,0,0.5195559000021175,categorical_crossentropy,False,0.5195559000021175,-0.0,"{""accuracy"": 0.8823529411245674, ""categorical_crossentropy"": 0.5195559000021175, ""categorical_roc_auc"": 0.9318939827533578, ""f1"": 0.7625310994470611, ""precision"": 0.7617152534639245, ""recall"": 0.7650432898628856}","{""accuracy"": 0.0, ""categorical_crossentropy"": -0.0, ""categorical_roc_auc"": 0.0, ""f1"": 0.0, ""precision"": 0.0, ""recall"": 0.0}",0.009061574935913086,0.00017547607421875,24.889824628829956,339.53125,199,ok,,1.0.0,{}
3549,analcatdata_authorship,openml_task,amlb,multiclass,nofe,0,4500,672,169,70,70,0,0.04324551940876329,categorical_crossentropy,False,0.04324551940876329,-0.0,"{""accuracy"": 0.9940828401778649, ""categorical_crossentropy"": 0.04324551940876329, ""categorical_roc_auc"": 0.9994350645287273, ""f1"": 0.9819600621166045, ""precision"": 0.9918032782877735, ""recall"": 0.9733664769138621}","{""accuracy"": 0.0, ""categorical_crossentropy"": -0.0, ""categorical_roc_auc"": 0.0, ""f1"": 0.0, ""precision"": 0.0, ""recall"": 0.0}",0.00839543342590332,5.125999450683594e-05,8.409345865249634,339.01171875,344,ok,,1.0.0,{}
219,electricity,openml_task,amlb,classification,nofe,3,4500,36249,9063,8,8,0,0.9817428037226695,binary_roc_auc,True,0.9817428037226695,0.0,"{""accuracy"": 0.9329140461205638, ""binary_crossentropy"": null, ""binary_roc_auc"": 0.9817428037226695, ""f1"": 0.9417177864092376, ""precision"": 0.9415372819610092, ""recall"": 0.9418983700844834}","{""accuracy"": 0.0, ""binary_crossentropy"": null, ""binary_roc_auc"": 0.0, ""f1"": 0.0, ""precision"": 0.0, ""recall"": 0.0}",0.014465808868408203,0.00012493133544921875,25.42810559272766,394.7109375,1997,ok,,1.0.0,{}
53,vehicle,openml_task,amlb,multiclass,nofe,2,4500,676,170,18,18,0,0.5246096417444813,categorical_crossentropy,False,0.5246096417444813,-0.0,"{""accuracy"": 0.8676470587724914, ""categorical_crossentropy"": 0.5246096417444813, ""categorical_roc_auc"": 0.930798190524753, ""f1"": 0.7307313236036419, ""precision"": 0.7258838382140528, ""recall"": 0.7394480517727677}","{""accuracy"": 0.0, ""categorical_crossentropy"": -0.0, ""categorical_roc_auc"": 0.0, ""f1"": 0.0, ""precision"": 0.0, ""recall"": 0.0}",0.006352663040161133,8.153915405273438e-05,25.33379292488098,335.16796875,153,ok,,1.0.0,{}
2074,satimage,openml_task,amlb,multiclass,nofe,1,4500,5144,1286,36,36,0,0.2239976345280217,categorical_crossentropy,False,0.2239976345280217,-0.0,"{""accuracy"": 0.9766718506922499, ""categorical_crossentropy"": 0.2239976345280217, ""categorical_roc_auc"": 0.9913269940438671, ""f1"": 0.9141429081673743, ""precision"": 0.9236778121931218, ""recall"": 0.908276067336027}","{""accuracy"": 0.0, ""categorical_crossentropy"": -0.0, ""categorical_roc_auc"": 0.0, ""f1"": 0.0, ""precision"": 0.0, ""recall"": 0.0}",0.004929542541503906,0.0003695487976074219,25.341960668563843,373.6640625,441,ok,,1.0.0,{}
3022,vowel,openml_task,amlb,multiclass,nofe,3,4500,792,198,12,12,0,0.3122442780617293,categorical_crossentropy,False,0.3122442780617293,-0.0,"{""accuracy"": 0.9797979797484951, ""categorical_crossentropy"": 0.3122442780617293, ""categorical_roc_auc"": 0.993574635241302, ""f1"": 0.8885713892757359, ""precision"": 0.8904849574403932, ""recall"": 0.8888888883950617}","{""accuracy"": 0.0, ""categorical_crossentropy"": -0.0, ""categorical_roc_auc"": 0.0, ""f1"": 0.0, ""precision"": 0.0, ""recall"": 0.0}",0.004517316818237305,8.869171142578125e-05,11.425283670425415,420.421875,1543,ok,,1.0.0,{}
3560,analcatdata_dmft,openml_task,amlb,multiclass,nofe,0,4500,637,160,4,4,0,1.7794387705624104,categorical_crossentropy,False,1.7794387705624104,-0.0,"{""accuracy"": 0.7374999999539064, ""categorical_crossentropy"": 1.7794387705624104, ""categorical_roc_auc"": 0.5447429582263291, ""f1"": 0.20296778624656872, ""precision"": 0.2141595440628866, ""recall"": 0.2065471922777984}","{""accuracy"": 0.0, ""categorical_crossentropy"": -0.0, ""categorical_roc_auc"": 0.0, ""f1"": 0.0, ""precision"": 0.0, ""recall"": 0.0}",0.003711223602294922,7.510185241699219e-05,8.125730991363525,332.0625,18,ok,,1.0.0,{}
3549,analcatdata_authorship,openml_task,amlb,multiclass,nofe,3,4500,672,169,70,70,0,0.036472204169733784,categorical_crossentropy,False,0.036472204169733784,-0.0,"{""accuracy"": 0.9940828401778649, ""categorical_crossentropy"": 0.036472204169733784, ""categorical_roc_auc"": 0.9997419125183085, ""f1"": 0.9819199600881305, ""precision"": 0.9919165576172999, ""recall"": 0.9730354387783766}","{""accuracy"": 0.0, ""categorical_crossentropy"": -0.0, ""categorical_roc_auc"": 0.0, ""f1"": 0.0, ""precision"": 0.0, ""recall"": 0.0}",0.002676248550415039,6.604194641113281e-05,8.520492792129517,341.12109375,432,ok,,1.0.0,{}
3549,analcatdata_authorship,openml_task,amlb,multiclass,nofe,1,4500,672,169,70,70,0,0.037554124650664586,categorical_crossentropy,False,0.037554124650664586,-0.0,"{""accuracy"": 0.9940828401778649, ""categorical_crossentropy"": 0.037554124650664586, ""categorical_roc_auc"": 0.9996352714009868, ""f1"": 0.9819199600881305, ""precision"": 0.9919165576172999, ""recall"": 0.9730354387783766}","{""accuracy"": 0.0, ""categorical_crossentropy"": -0.0, ""categorical_roc_auc"": 0.0, ""f1"": 0.0, ""precision"": 0.0, ""recall"": 0.0}",0.0024404525756835938,7.462501525878906e-05,9.03599238395691,346.0703125,772,ok,,1.0.0,{}
3549,analcatdata_authorship,openml_task,amlb,multiclass,nofe,2,4500,672,169,70,70,0,0.053075485921515834,categorical_crossentropy,False,0.053075485921515834,-0.0,"{""accuracy"": 0.9940828401778649, ""categorical_crossentropy"": 0.053075485921515834, ""categorical_roc_auc"": 0.999589147733658, ""f1"": 0.9819600621166045, ""precision"": 0.9918032782877735, ""recall"": 0.9733664769138621}","{""accuracy"": 0.0, ""categorical_crossentropy"": -0.0, ""categorical_roc_auc"": 0.0, ""f1"": 0.0, ""precision"": 0.0, ""recall"": 0.0}",0.002588987350463867,6.198883056640625e-05,9.119522094726562,342.56640625,610,ok,,1.0.0,{}
3560,analcatdata_dmft,openml_task,amlb,multiclass,nofe,4,4500,637,160,4,4,0,1.805876401811838,categorical_crossentropy,False,1.805876401811838,-0.0,"{""accuracy"": 0.7312499999542968, ""categorical_crossentropy"": 1.805876401811838, ""categorical_roc_auc"": 0.5292080611353062, ""f1"": 0.19478258486806474, ""precision"": 0.2048233031066978, ""recall"": 0.1931899640849898}","{""accuracy"": 0.0, ""categorical_crossentropy"": -0.0, ""categorical_roc_auc"": 0.0, ""f1"": 0.0, ""precision"": 0.0, ""recall"": 0.0}",0.004316091537475586,7.867813110351562e-05,7.956060409545898,336.39453125,33,ok,,1.0.0,{}
3560,analcatdata_dmft,openml_task,amlb,multiclass,nofe,2,4500,637,160,4,4,0,1.7771826073527337,categorical_crossentropy,False,1.7771826073527337,-0.0,"{""accuracy"": 0.7312499999542968, ""categorical_crossentropy"": 1.7771826073527337, ""categorical_roc_auc"": 0.5919842996115221, ""f1"": 0.08550323854628039, ""precision"": 0.16137566098255526, ""recall"": 0.17004380719192821}","{""accuracy"": 0.0, ""categorical_crossentropy"": -0.0, ""categorical_roc_auc"": 0.0, ""f1"": 0.0, ""precision"": 0.0, ""recall"": 0.0}",0.009946823120117188,0.0001423358917236328,8.20855188369751,329.99609375,3,ok,,1.0.0,{}
3560,analcatdata_dmft,openml_task,amlb,multiclass,nofe,1,4500,637,160,4,4,0,1.7794298946857452,categorical_crossentropy,False,1.7794298946857452,-0.0,"{""accuracy"": 0.7333333332874999, ""categorical_crossentropy"": 1.7794298946857452, ""categorical_roc_auc"": 0.5497696663096434, ""f1"": 0.10236995476998316, ""precision"": 0.29054520170895687, ""recall"": 0.1770131421154142}","{""accuracy"": 0.0, ""categorical_crossentropy"": -0.0, ""categorical_roc_auc"": 0.0, ""f1"": 0.0, ""precision"": 0.0, ""recall"": 0.0}",0.004626750946044922,0.00012493133544921875,8.607750177383423,331.66015625,4,ok,,1.0.0,{}
3549,analcatdata_authorship,openml_task,amlb,multiclass,nofe,4,4500,672,169,70,70,0,0.02138058688286995,categorical_crossentropy,False,0.02138058688286995,-0.0,"{""accuracy"": 0.9999999999408283, ""categorical_crossentropy"": 0.02138058688286995, ""categorical_roc_auc"": 1.0, ""f1"": 0.9999999946198634, ""precision"": 0.9999999996198632, ""recall"": 0.9999999996198632}","{""accuracy"": 0.0, ""categorical_crossentropy"": -0.0, ""categorical_roc_auc"": 0.0, ""f1"": 0.0, ""precision"": 0.0, ""recall"": 0.0}",0.002339601516723633,5.030632019042969e-05,9.220524311065674,341.44140625,415,ok,,1.0.0,{}
3560,analcatdata_dmft,openml_task,amlb,multiclass,nofe,3,4500,637,160,4,4,0,1.7826601214706899,categorical_crossentropy,False,1.7826601214706899,-0.0,"{""accuracy"": 0.7333333332874999, ""categorical_crossentropy"": 1.7826601214706899, ""categorical_roc_auc"": 0.5517034588638806, ""f1"": 0.06607564934593625, ""precision"": 0.08846426025150145, ""recall"": 0.1728395061167898}","{""accuracy"": 0.0, ""categorical_crossentropy"": -0.0, ""categorical_roc_auc"": 0.0, ""f1"": 0.0, ""precision"": 0.0, ""recall"": 0.0}",0.0032355785369873047,6.890296936035156e-05,8.40484619140625,331.3984375,2,ok,,1.0.0,{}
3022,vowel,openml_task,amlb,multiclass,nofe,4,4500,792,198,12,12,0,0.2828708121604804,categorical_crossentropy,False,0.2828708121604804,-0.0,"{""accuracy"": 0.984389347975995, ""categorical_crossentropy"": 0.2828708121604804, ""categorical_roc_auc"": 0.9950897867564534, ""f1"": 0.9141618244605346, ""precision"": 0.9209766836113082, ""recall"": 0.9141414136335579}","{""accuracy"": 0.0, ""categorical_crossentropy"": -0.0, ""categorical_roc_auc"": 0.0, ""f1"": 0.0, ""precision"": 0.0, ""recall"": 0.0}",0.004195690155029297,9.322166442871094e-05,11.0991849899292,395.55078125,1075,ok,,1.0.0,{}
6,letter,openml_task,amlb,multiclass,nofe,4,4500,16000,4000,16,16,0,0.11619374231634878,categorical_crossentropy,False,0.11619374231634878,-0.0,"{""accuracy"": 0.9968461538436618, ""categorical_crossentropy"": 0.11619374231634878, ""categorical_roc_auc"": 0.9996942140680193, ""f1"": 0.9589518370225446, ""precision"": 0.959407124098158, ""recall"": 0.9588758560043478}","{""accuracy"": 0.0, ""categorical_crossentropy"": -0.0, ""categorical_roc_auc"": 0.0, ""f1"": 0.0, ""precision"": 0.0, ""recall"": 0.0}",0.0170290470123291,0.0007250308990478516,35.20022201538086,566.96484375,957,ok,,1.0.0,{}
3902,pc4,openml_task,amlb,classification,nofe,0,4500,1166,292,37,37,0,0.9319661458333333,binary_roc_auc,True,0.9319661458333333,0.0,"{""accuracy"": 0.9006849314760039, ""binary_crossentropy"": 0.20860542760434728, ""binary_roc_auc"": 0.9319661458333333, ""f1"": 0.4727272680330579, ""precision"": 0.6842105259556787, ""recall"": 0.36111111101080245}","{""accuracy"": 0.0, ""binary_crossentropy"": -0.0, ""binary_roc_auc"": 0.0, ""f1"": 0.0, ""precision"": 0.0, ""recall"": 0.0}",0.0071392059326171875,0.00019431114196777344,2.105696439743042,334.0546875,47,ok,,1.0.0,{}
3918,pc1,openml_task,amlb,classification,nofe,0,4500,887,222,21,21,0,0.923671497584541,binary_roc_auc,True,0.923671497584541,0.0,"{""accuracy"": 0.9414414413990342, ""binary_crossentropy"": 0.15845010005910923, ""binary_roc_auc"": 0.923671497584541, ""f1"": 0.3809523765079365, ""precision"": 0.6666666655555555, ""recall"": 0.26666666648888887}","{""accuracy"": 0.0, ""binary_crossentropy"": -0.0, ""binary_roc_auc"": 0.0, ""f1"": 0.0, ""precision"": 0.0, ""recall"": 0.0}",0.006907463073730469,8.440017700195312e-05,9.302324295043945,331.21484375,54,ok,,1.0.0,{}
3918,pc1,openml_task,amlb,classification,nofe,4,4500,887,222,21,21,0,0.9156199677938808,binary_roc_auc,True,0.9156199677938808,0.0,"{""accuracy"": 0.9459459459033357, ""binary_crossentropy"": 0.1600700859945301, ""binary_roc_auc"": 0.9156199677938808, ""f1"": 0.3333333301851852, ""precision"": 0.9999999966666667, ""recall"": 0.19999999986666667}","{""accuracy"": 0.0, ""binary_crossentropy"": -0.0, ""binary_roc_auc"": 0.0, ""f1"": 0.0, ""precision"": 0.0, ""recall"": 0.0}",0.010534524917602539,9.584426879882812e-05,8.689723491668701,331.2734375,43,ok,,1.0.0,{}
7592,adult,openml_task,amlb,classification,nofe,0,4500,39073,9769,14,14,0,0.9274963251880228,binary_roc_auc,True,0.9274963251880228,0.0,"{""accuracy"": 0.8761388064276013, ""binary_crossentropy"": 0.2794654012064093, ""binary_roc_auc"": 0.9274963251880228, ""f1"": 0.9208840018028375, ""precision"": 0.8955869261084884, ""recall"": 0.9476517292410879}","{""accuracy"": 0.0, ""binary_crossentropy"": -0.0, ""binary_roc_auc"": 0.0, ""f1"": 0.0, ""precision"": 0.0, ""recall"": 0.0}",0.018459796905517578,0.00030541419982910156,10.560588121414185,359.22265625,306,ok,,1.0.0,{}
3902,pc4,openml_task,amlb,classification,nofe,1,4500,1166,292,37,37,0,0.9491102430555555,binary_roc_auc,True,0.9491102430555555,0.0,"{""accuracy"": 0.9075342465442625, ""binary_crossentropy"": 0.1927500172715143, ""binary_roc_auc"": 0.9491102430555555, ""f1"": 0.557377044160172, ""precision"": 0.679999999728, ""recall"": 0.47222222209104936}","{""accuracy"": 0.0, ""binary_crossentropy"": -0.0, ""binary_roc_auc"": 0.0, ""f1"": 0.0, ""precision"": 0.0, ""recall"": 0.0}",0.009596109390258789,0.00016355514526367188,16.709784030914307,335.984375,98,ok,,1.0.0,{}
3903,pc3,openml_task,amlb,classification,nofe,1,4500,1250,313,37,37,0,0.8307384341637011,binary_roc_auc,True,0.8307384341637011,0.0,"{""accuracy"": 0.9105431309613244, ""binary_crossentropy"": 0.26507360558676424, ""binary_roc_auc"": 0.8307384341637011, ""f1"": 0.3636363595041322, ""precision"": 0.666666666111111, ""recall"": 0.249999999921875}","{""accuracy"": 0.0, ""binary_crossentropy"": -0.0, ""binary_roc_auc"": 0.0, ""f1"": 0.0, ""precision"": 0.0, ""recall"": 0.0}",0.002659320831298828,9.72747802734375e-05,16.598365783691406,335.89453125,153,ok,,1.0.0,{}
3902,pc4,openml_task,amlb,classification,nofe,3,4500,1166,292,37,37,0,0.949001736111111,binary_roc_auc,True,0.949001736111111,0.0,"{""accuracy"": 0.9143835616125211, ""binary_crossentropy"": 0.18485396936669793, ""binary_roc_auc"": 0.949001736111111, ""f1"": 0.5901639293953239, ""precision"": 0.719999999712, ""recall"": 0.4999999998611111}","{""accuracy"": 0.0, ""binary_crossentropy"": -0.0, ""binary_roc_auc"": 0.0, ""f1"": 0.0, ""precision"": 0.0, ""recall"": 0.0}",0.009430885314941406,0.00014257431030273438,16.798497200012207,333.1875,74,ok,,1.0.0,{}
3903,pc3,openml_task,amlb,classification,nofe,3,4500,1250,313,37,37,0,0.8426379003558718,binary_roc_auc,True,0.8426379003558718,0.0,"{""accuracy"": 0.9009584664248895, ""binary_crossentropy"": 0.26300896426734216, ""binary_roc_auc"": 0.8426379003558718, ""f1"": 0.24390243547888166, ""precision"": 0.5555555549382716, ""recall"": 0.15624999995117186}","{""accuracy"": 0.0, ""binary_crossentropy"": -0.0, ""binary_roc_auc"": 0.0, ""f1"": 0.0, ""precision"": 0.0, ""recall"": 0.0}",0.004609346389770508,9.751319885253906e-05,16.512871265411377,337.9375,103,ok,,1.0.0,{}
3902,pc4,openml_task,amlb,classification,nofe,4,4500,1166,292,37,37,0,0.9645182291666666,binary_roc_auc,True,0.9645182291666666,0.0,"{""accuracy"": 0.9178082191466503, ""binary_crossentropy"": 0.16524105971321873, ""binary_roc_auc"": 0.9645182291666666, ""f1"": 0.599999995, ""precision"": 0.7499999996875, ""recall"": 0.4999999998611111}","{""accuracy"": 0.0, ""binary_crossentropy"": -0.0, ""binary_roc_auc"": 0.0, ""f1"": 0.0, ""precision"": 0.0, ""recall"": 0.0}",0.00455164909362793,0.0002186298370361328,17.136489868164062,337.54296875,69,ok,,1.0.0,{}
3902,pc4,openml_task,amlb,classification,nofe,2,4500,1166,292,37,37,0,0.9399956597222223,binary_roc_auc,True,0.9399956597222223,0.0,"{""accuracy"": 0.9178082191466503, ""binary_crossentropy"": 0.20615236394672276, ""binary_roc_auc"": 0.9399956597222223, ""f1"": 0.5862068916409037, ""precision"": 0.772727272376033, ""recall"": 0.47222222209104936}","{""accuracy"": 0.0, ""binary_crossentropy"": -0.0, ""binary_roc_auc"": 0.0, ""f1"": 0.0, ""precision"": 0.0, ""recall"": 0.0}",0.006072282791137695,0.00014829635620117188,17.124006986618042,335.953125,162,ok,,1.0.0,{}
3903,pc3,openml_task,amlb,classification,nofe,4,4500,1250,313,37,37,0,0.822898131672598,binary_roc_auc,True,0.822898131672598,0.0,"{""accuracy"": 0.8977635782460778, ""binary_crossentropy"": 0.2582307273801714, ""binary_roc_auc"": 0.822898131672598, ""f1"": 0.1111111090740741, ""precision"": 0.49999999875, ""recall"": 0.06249999998046875}","{""accuracy"": 0.0, ""binary_crossentropy"": -0.0, ""binary_roc_auc"": 0.0, ""f1"": 0.0, ""precision"": 0.0, ""recall"": 0.0}",0.01044774055480957,0.0001347064971923828,16.7426495552063,335.12109375,38,ok,,1.0.0,{}
6,letter,openml_task,amlb,multiclass,nofe,2,4500,16000,4000,16,16,0,0.1198477487991486,categorical_crossentropy,False,0.1198477487991486,-0.0,"{""accuracy"": 0.9970192307667382, ""categorical_crossentropy"": 0.1198477487991486, ""categorical_roc_auc"": 0.9996314771281489, ""f1"": 0.9611761039928037, ""precision"": 0.9615539449570255, ""recall"": 0.9611114846887825}","{""accuracy"": 0.0, ""categorical_crossentropy"": -0.0, ""categorical_roc_auc"": 0.0, ""f1"": 0.0, ""precision"": 0.0, ""recall"": 0.0}",0.013615131378173828,0.0010581016540527344,50.91842818260193,573.09375,1000,ok,,1.0.0,{}
3913,kc2,openml_task,amlb,classification,nofe,3,4500,417,105,21,21,0,0.8628148959474261,binary_roc_auc,True,0.8628148959474261,0.0,"{""accuracy"": 0.7999999999238095, ""binary_crossentropy"": 0.3906011115937006, ""binary_roc_auc"": 0.8628148959474261, ""f1"": 0.08695652083175803, ""precision"": 0.9999999900000002, ""recall"": 0.045454545433884296}","{""accuracy"": 0.0, ""binary_crossentropy"": -0.0, ""binary_roc_auc"": 0.0, ""f1"": 0.0, ""precision"": 0.0, ""recall"": 0.0}",0.0037310123443603516,6.437301635742188e-05,16.49270987510681,332.09375,13,ok,,1.0.0,{}
3904,jm1,openml_task,amlb,classification,nofe,1,4500,8708,2177,21,21,0,0.7423154545798862,binary_roc_auc,True,0.7423154545798862,0.0,"{""accuracy"": 0.8199356913145617, ""binary_crossentropy"": 0.4279933997485949, ""binary_roc_auc"": 0.7423154545798862, ""f1"": 0.2974910357110649, ""precision"": 0.6058394160141722, ""recall"": 0.19714964370078028}","{""accuracy"": 0.0, ""binary_crossentropy"": -0.0, ""binary_roc_auc"": 0.0, ""f1"": 0.0, ""precision"": 0.0, ""recall"": 0.0}",0.008461475372314453,0.0007867813110351562,17.457316160202026,348.63671875,209,ok,,1.0.0,{}
3903,pc3,openml_task,amlb,classification,nofe,0,4500,1250,313,37,37,0,0.8225645017793595,binary_roc_auc,True,0.8225645017793595,0.0,"{""accuracy"": 0.8977635782460778, ""binary_crossentropy"": 0.26453822801936977, ""binary_roc_auc"": 0.8225645017793595, ""f1"": 0.3043478217202269, ""precision"": 0.49999999964285713, ""recall"": 0.21874999993164063}","{""accuracy"": 0.0, ""binary_crossentropy"": -0.0, ""binary_roc_auc"": 0.0, ""f1"": 0.0, ""precision"": 0.0, ""recall"": 0.0}",0.0036323070526123047,0.00014829635620117188,17.990482568740845,335.21484375,83,ok,,1.0.0,{}
3904,jm1,openml_task,amlb,classification,nofe,3,4500,8708,2177,21,21,0,0.7290369226107706,binary_roc_auc,True,0.7290369226107706,0.0,"{""accuracy"": 0.8125861276949353, ""binary_crossentropy"": 0.4372989283519556, ""binary_roc_auc"": 0.7290369226107706, ""f1"": 0.22137404263453472, ""precision"": 0.5631067960618343, ""recall"": 0.13776722089934043}","{""accuracy"": 0.0, ""binary_crossentropy"": -0.0, ""binary_roc_auc"": 0.0, ""f1"": 0.0, ""precision"": 0.0, ""recall"": 0.0}",0.011862754821777344,0.0004258155822753906,17.333569765090942,349.54296875,119,ok,,1.0.0,{}
7592,adult,openml_task,amlb,classification,nofe,1,4500,39073,9769,14,14,0,0.9339064531989139,binary_roc_auc,True,0.9339064531989139,0.0,"{""accuracy"": 0.8781860988833265, ""binary_crossentropy"": 0.2675224734140665, ""binary_roc_auc"": 0.9339064531989139, ""f1"": 0.9219876703659322, ""precision"": 0.8988878946684151, ""recall"": 0.946306015339865}","{""accuracy"": 0.0, ""binary_crossentropy"": -0.0, ""binary_roc_auc"": 0.0, ""f1"": 0.0, ""precision"": 0.0, ""recall"": 0.0}",0.01703047752380371,0.0006630420684814453,3.917307138442993,364.74609375,262,ok,,1.0.0,{}
3913,kc2,openml_task,amlb,classification,nofe,1,4500,417,105,21,21,0,0.8170865279299013,binary_roc_auc,True,0.8170865279299013,0.0,"{""accuracy"": 0.8285714284925171, ""binary_crossentropy"": 0.37624066053401856, ""binary_roc_auc"": 0.8170865279299013, ""f1"": 0.3999999958222223, ""precision"": 0.7499999990624999, ""recall"": 0.27272727260330576}","{""accuracy"": 0.0, ""binary_crossentropy"": -0.0, ""binary_roc_auc"": 0.0, ""f1"": 0.0, ""precision"": 0.0, ""recall"": 0.0}",0.0054149627685546875,9.298324584960938e-05,17.52211046218872,328.6328125,17,ok,,1.0.0,{}
7592,adult,openml_task,amlb,classification,nofe,2,4500,39073,9769,14,14,0,0.9290137643854111,binary_roc_auc,True,0.9290137643854111,0.0,"{""accuracy"": 0.8727607738756548, ""binary_crossentropy"": 0.2762772787145083, ""binary_roc_auc"": 0.9290137643854111, ""f1"": 0.9183686822020345, ""precision"": 0.8968701898397936, ""recall"": 0.9409231597349739}","{""accuracy"": 0.0, ""binary_crossentropy"": -0.0, ""binary_roc_auc"": 0.0, ""f1"": 0.0, ""precision"": 0.0, ""recall"": 0.0}",0.019594192504882812,0.00077056884765625,3.6645708084106445,357.94140625,238,ok,,1.0.0,{}
3917,kc1,openml_task,amlb,classification,nofe,0,4500,1687,422,21,21,0,0.8382891618185736,binary_roc_auc,True,0.8382891618185736,0.0,"{""accuracy"": 0.8554502369465533, ""binary_crossentropy"": 0.3301744084602213, ""binary_roc_auc"": 0.8382891618185736, ""f1"": 0.22784809829194042, ""precision"": 0.6428571423979591, ""recall"": 0.1384615384402367}","{""accuracy"": 0.0, ""binary_crossentropy"": -0.0, ""binary_roc_auc"": 0.0, ""f1"": 0.0, ""precision"": 0.0, ""recall"": 0.0}",0.003634214401245117,9.083747863769531e-05,17.17472767829895,332.43359375,52,ok,,1.0.0,{}
3903,pc3,openml_task,amlb,classification,nofe,2,4500,1250,313,37,37,0,0.8256227758007118,binary_roc_auc,True,0.8256227758007118,0.0,"{""accuracy"": 0.8977635782460778, ""binary_crossentropy"": 0.27122763107521847, ""binary_roc_auc"": 0.8256227758007118, ""f1"": 0.0, ""precision"": 0.0, ""recall"": 0.0}","{""accuracy"": 0.0, ""binary_crossentropy"": -0.0, ""binary_roc_auc"": 0.0, ""f1"": 0.0, ""precision"": 0.0, ""recall"": 0.0}",0.003449678421020508,0.00013208389282226562,18.831952333450317,336.0703125,17,ok,,1.0.0,{}
3904,jm1,openml_task,amlb,classification,nofe,2,4500,8708,2177,21,21,0,0.7437871647395561,binary_roc_auc,True,0.7437871647395561,0.0,"{""accuracy"": 0.8158015617785218, ""binary_crossentropy"": 0.43093656902370453, ""binary_roc_auc"": 0.7437871647395561, ""f1"": 0.20278329746182944, ""precision"": 0.6219512194363475, ""recall"": 0.12114014251493728}","{""accuracy"": 0.0, ""binary_crossentropy"": -0.0, ""binary_roc_auc"": 0.0, ""f1"": 0.0, ""precision"": 0.0, ""recall"": 0.0}",0.008181095123291016,0.0005824565887451172,18.327671766281128,345.859375,55,ok,,1.0.0,{}
3904,jm1,openml_task,amlb,classification,nofe,0,4500,8708,2177,21,21,0,0.7483849063137449,binary_roc_auc,True,0.7483849063137449,0.0,"{""accuracy"": 0.8176389526834285, ""binary_crossentropy"": 0.4270242333059662, ""binary_roc_auc"": 0.7483849063137449, ""f1"": 0.2846846810114764, ""precision"": 0.5895522387619737, ""recall"": 0.18764845605254993}","{""accuracy"": 0.0, ""binary_crossentropy"": -0.0, ""binary_roc_auc"": 0.0, ""f1"": 0.0, ""precision"": 0.0, ""recall"": 0.0}",0.01155710220336914,0.0004360675811767578,18.556911945343018,349.375,94,ok,,1.0.0,{}
3913,kc2,openml_task,amlb,classification,nofe,4,4500,417,105,21,21,0,0.7453450164293538,binary_roc_auc,True,0.7453450164293538,0.0,"{""accuracy"": 0.8095238094467121, ""binary_crossentropy"": 0.47445735227139224, ""binary_roc_auc"": 0.7453450164293538, ""f1"": 0.4117647010726644, ""precision"": 0.5833333328472222, ""recall"": 0.3181818180371901}","{""accuracy"": 0.0, ""binary_crossentropy"": -0.0, ""binary_roc_auc"": 0.0, ""f1"": 0.0, ""precision"": 0.0, ""recall"": 0.0}",0.0039293766021728516,8.630752563476562e-05,17.592407941818237,334.36328125,75,ok,,1.0.0,{}
3917,kc1,openml_task,amlb,classification,nofe,1,4500,1687,422,21,21,0,0.8274294333117863,binary_roc_auc,True,0.8274294333117863,0.0,"{""accuracy"": 0.8696682464248894, ""binary_crossentropy"": 0.3282037836773171, ""binary_roc_auc"": 0.8274294333117863, ""f1"": 0.3209876510714831, ""precision"": 0.8124999994921874, ""recall"": 0.1999999999692308}","{""accuracy"": 0.0, ""binary_crossentropy"": -0.0, ""binary_roc_auc"": 0.0, ""f1"": 0.0, ""precision"": 0.0, ""recall"": 0.0}",0.010319709777832031,0.00019311904907226562,16.992362022399902,333.6953125,57,ok,,1.0.0,{}
3904,jm1,openml_task,amlb,classification,nofe,4,4500,8708,2177,21,21,0,0.7528602308204244,binary_roc_auc,True,0.7528602308204244,0.0,"{""accuracy"": 0.813045475421162, ""binary_crossentropy"": 0.42870201140583986, ""binary_roc_auc"": 0.7528602308204244, ""f1"": 0.2586520911324117, ""precision"": 0.554687499956665, ""recall"": 0.16864608075608917}","{""accuracy"": 0.0, ""binary_crossentropy"": -0.0, ""binary_roc_auc"": 0.0, ""f1"": 0.0, ""precision"": 0.0, ""recall"": 0.0}",0.007979631423950195,0.0005104541778564453,18.424180507659912,350.5625,221,ok,,1.0.0,{}
3913,kc2,openml_task,amlb,classification,nofe,0,4500,417,105,21,21,0,0.7913472070098575,binary_roc_auc,True,0.7913472070098575,0.0,"{""accuracy"": 0.8095238094467121, ""binary_crossentropy"": 0.417824380419084, ""binary_roc_auc"": 0.7913472070098575, ""f1"": 0.4444444394444444, ""precision"": 0.5714285710204081, ""recall"": 0.36363636347107436}","{""accuracy"": 0.0, ""binary_crossentropy"": -0.0, ""binary_roc_auc"": 0.0, ""f1"": 0.0, ""precision"": 0.0, ""recall"": 0.0}",0.005160331726074219,6.937980651855469e-05,18.41666007041931,330.8515625,43,ok,,1.0.0,{}
3913,kc2,openml_task,amlb,classification,nofe,2,4500,417,105,21,21,0,0.8346111719605696,binary_roc_auc,True,0.8346111719605696,0.0,"{""accuracy"": 0.8380952380154195, ""binary_crossentropy"": 0.39616136816995484, ""binary_roc_auc"": 0.8346111719605696, ""f1"": 0.5405405354273194, ""precision"": 0.6666666662222221, ""recall"": 0.45454545433884297}","{""accuracy"": 0.0, ""binary_crossentropy"": -0.0, ""binary_roc_auc"": 0.0, ""f1"": 0.0, ""precision"": 0.0, ""recall"": 0.0}",0.0093536376953125,0.00010418891906738281,18.470563173294067,331.25390625,43,ok,,1.0.0,{}
3918,pc1,openml_task,amlb,classification,nofe,2,4500,887,222,21,21,0,0.8969404186795491,binary_roc_auc,True,0.8969404186795491,0.0,"{""accuracy"": 0.9369369368947326, ""binary_crossentropy"": 0.16685453118538265, ""binary_roc_auc"": 0.8969404186795491, ""f1"": 0.22222221919753085, ""precision"": 0.6666666644444444, ""recall"": 0.13333333324444444}","{""accuracy"": 0.0, ""binary_crossentropy"": -0.0, ""binary_roc_auc"": 0.0, ""f1"": 0.0, ""precision"": 0.0, ""recall"": 0.0}",0.0036287307739257812,7.462501525878906e-05,17.226135730743408,331.88671875,49,ok,,1.0.0,{}
3918,pc1,openml_task,amlb,classification,nofe,3,4500,887,222,21,21,0,0.8826086956521739,binary_roc_auc,True,0.8826086956521739,0.0,"{""accuracy"": 0.9324324323904309, ""binary_crossentropy"": 0.23192627892435133, ""binary_roc_auc"": 0.8826086956521739, ""f1"": 0.0, ""precision"": 0.0, ""recall"": 0.0}","{""accuracy"": 0.0, ""binary_crossentropy"": -0.0, ""binary_roc_auc"": 0.0, ""f1"": 0.0, ""precision"": 0.0, ""recall"": 0.0}",0.005469322204589844,0.0001068115234375,17.304253339767456,332.14453125,2,ok,,1.0.0,{}
3917,kc1,openml_task,amlb,classification,nofe,4,4500,1687,422,21,21,0,0.8358758888170653,binary_roc_auc,True,0.8358758888170653,0.0,"{""accuracy"": 0.8507109004537746, ""binary_crossentropy"": 0.3333425756226078, ""binary_roc_auc"": 0.8358758888170653, ""f1"": 0.2409638519669038, ""precision"": 0.5555555552469136, ""recall"": 0.15384615382248523}","{""accuracy"": 0.0, ""binary_crossentropy"": -0.0, ""binary_roc_auc"": 0.0, ""f1"": 0.0, ""precision"": 0.0, ""recall"": 0.0}",0.003359556198120117,6.031990051269531e-05,17.576534271240234,332.88671875,39,ok,,1.0.0,{}
3917,kc1,openml_task,amlb,classification,nofe,2,4500,1687,422,21,21,0,0.841973712561948,binary_roc_auc,True,0.841973712561948,0.0,"{""accuracy"": 0.8459715639609959, ""binary_crossentropy"": 0.32809222824386014, ""binary_roc_auc"": 0.841973712561948, ""f1"": 0.26966291734881964, ""precision"": 0.49999999979166665, ""recall"": 0.18461538458698226}","{""accuracy"": 0.0, ""binary_crossentropy"": -0.0, ""binary_roc_auc"": 0.0, ""f1"": 0.0, ""precision"": 0.0, ""recall"": 0.0}",0.011965751647949219,0.00010061264038085938,17.87874722480774,337.07421875,62,ok,,1.0.0,{}
3917,kc1,openml_task,amlb,classification,nofe,3,4500,1687,422,21,21,0,0.8409609997845292,binary_roc_auc,True,0.8409609997845292,0.0,"{""accuracy"": 0.860189573439332, ""binary_crossentropy"": 0.32361222865165906, ""binary_roc_auc"": 0.8409609997845292, ""f1"": 0.3058823492705883, ""precision"": 0.649999999675, ""recall"": 0.1999999999692308}","{""accuracy"": 0.0, ""binary_crossentropy"": -0.0, ""binary_roc_auc"": 0.0, ""f1"": 0.0, ""precision"": 0.0, ""recall"": 0.0}",0.009833335876464844,0.0001876354217529297,18.178589582443237,333.25390625,63,ok,,1.0.0,{}
3918,pc1,openml_task,amlb,classification,nofe,1,4500,887,222,21,21,0,0.8056360708534621,binary_roc_auc,True,0.8056360708534621,0.0,"{""accuracy"": 0.9369369368947326, ""binary_crossentropy"": 0.21539352569930456, ""binary_roc_auc"": 0.8056360708534621, ""f1"": 0.22222221919753085, ""precision"": 0.6666666644444444, ""recall"": 0.13333333324444444}","{""accuracy"": 0.0, ""binary_crossentropy"": -0.0, ""binary_roc_auc"": 0.0, ""f1"": 0.0, ""precision"": 0.0, ""recall"": 0.0}",0.003815174102783203,0.00010657310485839844,18.395866870880127,330.16015625,71,ok,,1.0.0,{}
7592,adult,openml_task,amlb,classification,nofe,3,4500,39073,9769,14,14,0,0.9313070036177716,binary_roc_auc,True,0.9313070036177716,0.0,"{""accuracy"": 0.8754222540680976, ""binary_crossentropy"": 0.27184983276308017, ""binary_roc_auc"": 0.9313070036177716, ""f1"": 0.9202019489722777, ""precision"": 0.8973145780039676, ""recall"": 0.9442874444880308}","{""accuracy"": 0.0, ""binary_crossentropy"": -0.0, ""binary_roc_auc"": 0.0, ""f1"": 0.0, ""precision"": 0.0, ""recall"": 0.0}",0.022755146026611328,0.0006690025329589844,4.341663599014282,360.62109375,318,ok,,1.0.0,{}
9946,wdbc,openml_task,amlb,classification,nofe,0,4500,455,114,30,30,0,0.9910714285714286,binary_roc_auc,True,0.9910714285714286,0.0,"{""accuracy"": 0.9473684209695291, ""binary_crossentropy"": 0.11556967356897842, ""binary_roc_auc"": 0.9910714285714286, ""f1"": 0.930232552925906, ""precision"": 0.9090909088842976, ""recall"": 0.9523809521541949}","{""accuracy"": 0.0, ""binary_crossentropy"": -0.0, ""binary_roc_auc"": 0.0, ""f1"": 0.0, ""precision"": 0.0, ""recall"": 0.0}",0.0034019947052001953,0.00013136863708496094,2.269643783569336,332.96875,605,ok,,1.0.0,{}
9960,wall-robot-navigation,openml_task,amlb,multiclass,nofe,0,4500,4364,1092,24,24,0,0.007856613016907104,categorical_crossentropy,False,0.007856613016907104,-0.0,"{""accuracy"": 0.9977106227014862, ""categorical_crossentropy"": 0.007856613016907104, ""categorical_roc_auc"": 0.9999973875879077, ""f1"": 0.9950376147107184, ""precision"": 0.9930696302993552, ""recall"": 0.9970521541304292}","{""accuracy"": 0.0, ""categorical_crossentropy"": -0.0, ""categorical_roc_auc"": 0.0, ""f1"": 0.0, ""precision"": 0.0, ""recall"": 0.0}",0.005465507507324219,0.00014257431030273438,5.209282875061035,351.11328125,219,ok,,1.0.0,{}
9960,wall-robot-navigation,openml_task,amlb,multiclass,nofe,1,4500,4364,1092,24,24,0,0.005937558918705337,categorical_crossentropy,False,0.005937558918705337,-0.0,"{""accuracy"": 0.9990842490751001, ""categorical_crossentropy"": 0.005937558918705337, ""categorical_roc_auc"": 0.9999908446787362, ""f1"": 0.9967513287011103, ""precision"": 0.9988405648469701, ""recall"": 0.9946969696329838}","{""accuracy"": 0.0, ""categorical_crossentropy"": -0.0, ""categorical_roc_auc"": 0.0, ""f1"": 0.0, ""precision"": 0.0, ""recall"": 0.0}",0.007160663604736328,0.0005002021789550781,5.075844049453735,350.16796875,244,ok,,1.0.0,{}
9960,wall-robot-navigation,openml_task,amlb,multiclass,nofe,2,4500,4364,1092,24,24,0,0.01829732457667471,categorical_crossentropy,False,0.01829732457667471,-0.0,"{""accuracy"": 0.997252747243615, ""categorical_crossentropy"": 0.01829732457667471, ""categorical_roc_auc"": 0.9998939801207984, ""f1"": 0.9935422907471053, ""precision"": 0.9924204801218113, ""recall"": 0.9947021232091353}","{""accuracy"": 0.0, ""categorical_crossentropy"": -0.0, ""categorical_roc_auc"": 0.0, ""f1"": 0.0, ""precision"": 0.0, ""recall"": 0.0}",0.0077626705169677734,0.0004456043243408203,4.906207799911499,346.97265625,201,ok,,1.0.0,{}
9960,wall-robot-navigation,openml_task,amlb,multiclass,nofe,3,4500,4364,1092,24,24,0,0.007977720406285829,categorical_crossentropy,False,0.007977720406285829,-0.0,"{""accuracy"": 0.9986263736172287, ""categorical_crossentropy"": 0.007977720406285829, ""categorical_roc_auc"": 0.9999917454166556, ""f1"": 0.9933385838206069, ""precision"": 0.9983108107444317, ""recall"": 0.9886363635734338}","{""accuracy"": 0.0, ""categorical_crossentropy"": -0.0, ""categorical_roc_auc"": 0.0, ""f1"": 0.0, ""precision"": 0.0, ""recall"": 0.0}",0.007959365844726562,0.0004439353942871094,5.2270026206970215,349.97265625,319,ok,,1.0.0,{}
9960,wall-robot-navigation,openml_task,amlb,multiclass,nofe,4,4500,4364,1092,24,24,0,0.008055355039034158,categorical_crossentropy,False,0.008055355039034158,-0.0,"{""accuracy"": 0.9995421245329713, ""categorical_crossentropy"": 0.008055355039034158, ""categorical_roc_auc"": 0.9999299315700423, ""f1"": 0.9994189613298938, ""precision"": 0.9994061757073353, ""recall"": 0.999433106511325}","{""accuracy"": 0.0, ""categorical_crossentropy"": -0.0, ""categorical_roc_auc"": 0.0, ""f1"": 0.0, ""precision"": 0.0, ""recall"": 0.0}",0.007958173751831055,0.0004432201385498047,5.038763999938965,349.03125,201,ok,,1.0.0,{}
9946,wdbc,openml_task,amlb,classification,nofe,1,4500,455,114,30,30,0,0.9907407407407407,binary_roc_auc,True,0.9907407407407407,0.0,"{""accuracy"": 0.956140350793321, ""binary_crossentropy"": 0.13154384225459867, ""binary_roc_auc"": 0.9907407407407407, ""f1"": 0.9382715997134583, ""precision"": 0.9743589741091387, ""recall"": 0.9047619045464852}","{""accuracy"": 0.0, ""binary_crossentropy"": -0.0, ""binary_roc_auc"": 0.0, ""f1"": 0.0, ""precision"": 0.0, ""recall"": 0.0}",0.007768869400024414,7.224082946777344e-05,8.369804620742798,332.41015625,95,ok,,1.0.0,{}
9971,ilpd,openml_task,amlb,classification,nofe,0,4500,466,117,10,10,0,0.7117292700212614,binary_roc_auc,True,0.7117292700212614,0.0,"{""accuracy"": 0.7094017093410768, ""binary_crossentropy"": 0.5756632430940611, ""binary_roc_auc"": 0.7117292700212614, ""f1"": 0.0, ""precision"": 0.0, ""recall"": 0.0}","{""accuracy"": 0.0, ""binary_crossentropy"": -0.0, ""binary_roc_auc"": 0.0, ""f1"": 0.0, ""precision"": 0.0, ""recall"": 0.0}",0.00644683837890625,8.511543273925781e-05,4.045014142990112,330.5234375,3,ok,,1.0.0,{}
9946,wdbc,openml_task,amlb,classification,nofe,4,4500,455,114,30,30,0,0.9808201058201059,binary_roc_auc,True,0.9808201058201059,0.0,"{""accuracy"": 0.9385964911457372, ""binary_crossentropy"": 0.21110341280189204, ""binary_roc_auc"": 0.9808201058201059, ""f1"": 0.9156626453824939, ""precision"": 0.926829268066627, ""recall"": 0.9047619045464852}","{""accuracy"": 0.0, ""binary_crossentropy"": -0.0, ""binary_roc_auc"": 0.0, ""f1"": 0.0, ""precision"": 0.0, ""recall"": 0.0}",0.007372856140136719,0.00012159347534179688,8.410117387771606,333.27734375,263,ok,,1.0.0,{}
7592,adult,openml_task,amlb,classification,nofe,4,4500,39073,9769,14,14,0,0.929081251534649,binary_roc_auc,True,0.929081251534649,0.0,"{""accuracy"": 0.8734773262351586, ""binary_crossentropy"": 0.27464015454618335, ""binary_roc_auc"": 0.929081251534649, ""f1"": 0.918812396472981, ""precision"": 0.8974720903363307, ""recall"": 0.9411923025152185}","{""accuracy"": 0.0, ""binary_crossentropy"": -0.0, ""binary_roc_auc"": 0.0, ""f1"": 0.0, ""precision"": 0.0, ""recall"": 0.0}",0.02295207977294922,0.0004622936248779297,10.089127540588379,358.1875,257,ok,,1.0.0,{}
9946,wdbc,openml_task,amlb,classification,nofe,3,4500,455,114,30,30,0,0.9996693121693122,binary_roc_auc,True,0.9996693121693122,0.0,"{""accuracy"": 0.9912280700884888, ""binary_crossentropy"": 0.05326927449871283, ""binary_roc_auc"": 0.9996693121693122, ""f1"": 0.9882352888858132, ""precision"": 0.9767441858193618, ""recall"": 0.9999999997619048}","{""accuracy"": 0.0, ""binary_crossentropy"": -0.0, ""binary_roc_auc"": 0.0, ""f1"": 0.0, ""precision"": 0.0, ""recall"": 0.0}",0.009236812591552734,7.748603820800781e-05,8.658310890197754,333.92578125,287,ok,,1.0.0,{}
9964,semeion,openml_task,amlb,multiclass,nofe,0,4500,1274,319,256,256,0,0.1720654915796639,categorical_crossentropy,False,0.1720654915796639,-0.0,"{""accuracy"": 0.9887147335113257, ""categorical_crossentropy"": 0.1720654915796639, ""categorical_roc_auc"": 0.998292651705319, ""f1"": 0.943359260888003, ""precision"": 0.9440172232374758, ""recall"": 0.9434475803494236}","{""accuracy"": 0.0, ""categorical_crossentropy"": -0.0, ""categorical_roc_auc"": 0.0, ""f1"": 0.0, ""precision"": 0.0, ""recall"": 0.0}",0.00299072265625,8.606910705566406e-05,6.680391311645508,374.33203125,635,ok,,1.0.0,{}
9946,wdbc,openml_task,amlb,classification,nofe,2,4500,455,114,30,30,0,0.9927248677248677,binary_roc_auc,True,0.9927248677248677,0.0,"{""accuracy"": 0.9736842104409049, ""binary_crossentropy"": 0.09957632718387206, ""binary_roc_auc"": 0.9927248677248677, ""f1"": 0.9647058771266437, ""precision"": 0.9534883718712818, ""recall"": 0.9761904759580499}","{""accuracy"": 0.0, ""binary_crossentropy"": -0.0, ""binary_roc_auc"": 0.0, ""f1"": 0.0, ""precision"": 0.0, ""recall"": 0.0}",0.010171651840209961,0.0001480579376220703,8.969048738479614,333.0,113,ok,,1.0.0,{}
9964,semeion,openml_task,amlb,multiclass,nofe,1,4500,1274,319,256,256,0,0.16286236642293128,categorical_crossentropy,False,0.16286236642293128,-0.0,"{""accuracy"": 0.9880877742636963, ""categorical_crossentropy"": 0.16286236642293128, ""categorical_roc_auc"": 0.9986902576399036, ""f1"": 0.9407112937803992, ""precision"": 0.943886819722484, ""recall"": 0.9405241932534978}","{""accuracy"": 0.0, ""categorical_crossentropy"": -0.0, ""categorical_roc_auc"": 0.0, ""f1"": 0.0, ""precision"": 0.0, ""recall"": 0.0}",0.011792659759521484,0.0001666545867919922,6.574049711227417,375.05859375,705,ok,,1.0.0,{}
9910,Bioresponse,openml_task,amlb,classification,nofe,2,4500,3000,751,1776,1776,0,0.8845780241129078,binary_roc_auc,True,0.8845780241129078,0.0,"{""accuracy"": 0.798934753651146, ""binary_crossentropy"": 0.43269807042010855, ""binary_roc_auc"": 0.8845780241129078, ""f1"": 0.8178528297225575, ""precision"": 0.8033175355259877, ""recall"": 0.8329238329033679}","{""accuracy"": 0.0, ""binary_crossentropy"": -0.0, ""binary_roc_auc"": 0.0, ""f1"": 0.0, ""precision"": 0.0, ""recall"": 0.0}",0.018948793411254883,0.0007929801940917969,10.274856567382812,725.82421875,116,ok,,1.0.0,{}
9952,phoneme,openml_task,amlb,classification,nofe,1,4500,4323,1081,5,5,0,0.9460047566353411,binary_roc_auc,True,0.9460047566353411,0.0,"{""accuracy"": 0.8908418131277444, ""binary_crossentropy"": 0.2682097859069472, ""binary_roc_auc"": 0.9460047566353411, ""f1"": 0.8121019058026188, ""precision"": 0.8199356912919634, ""recall"": 0.804416403760113}","{""accuracy"": 0.0, ""binary_crossentropy"": -0.0, ""binary_roc_auc"": 0.0, ""f1"": 0.0, ""precision"": 0.0, ""recall"": 0.0}",0.014297246932983398,0.0001304149627685547,8.608443021774292,338.69921875,283,ok,,1.0.0,{}
9910,Bioresponse,openml_task,amlb,classification,nofe,3,4500,3000,751,1776,1776,0,0.8763284955145422,binary_roc_auc,True,0.8763284955145422,0.0,"{""accuracy"": 0.7962716378056421, ""binary_crossentropy"": 0.4422481188230643, ""binary_roc_auc"": 0.8763284955145422, ""f1"": 0.8167664620494677, ""precision"": 0.7967289719440016, ""recall"": 0.8378378378172521}","{""accuracy"": 0.0, ""binary_crossentropy"": -0.0, ""binary_roc_auc"": 0.0, ""f1"": 0.0, ""precision"": 0.0, ""recall"": 0.0}",0.01976156234741211,0.0007953643798828125,10.124569177627563,725.62890625,87,ok,,1.0.0,{}
9952,phoneme,openml_task,amlb,classification,nofe,0,4500,4323,1081,5,5,0,0.9547252547607643,binary_roc_auc,True,0.9547252547607643,0.0,"{""accuracy"": 0.8936170212683292, ""binary_crossentropy"": 0.24758177735020076, ""binary_roc_auc"": 0.9547252547607643, ""f1"": 0.8188976327694959, ""precision"": 0.8176100628673707, ""recall"": 0.820189274422076}","{""accuracy"": 0.0, ""binary_crossentropy"": -0.0, ""binary_roc_auc"": 0.0, ""f1"": 0.0, ""precision"": 0.0, ""recall"": 0.0}",0.007095813751220703,0.00014257431030273438,8.823659181594849,336.83984375,442,ok,,1.0.0,{}
9957,qsar-biodeg,openml_task,amlb,classification,nofe,0,4500,844,211,41,41,0,0.9102112676056338,binary_roc_auc,True,0.9102112676056338,0.0,"{""accuracy"": 0.8388625592019496, ""binary_crossentropy"": 0.3878659762759909, ""binary_roc_auc"": 0.9102112676056338, ""f1"": 0.7258064466011968, ""precision"": 0.8490566036133855, ""recall"": 0.6338028168121405}","{""accuracy"": 0.0, ""binary_crossentropy"": -0.0, ""binary_roc_auc"": 0.0, ""f1"": 0.0, ""precision"": 0.0, ""recall"": 0.0}",0.002534627914428711,8.988380432128906e-05,8.419506549835205,332.74609375,27,ok,,1.0.0,{}
9964,semeion,openml_task,amlb,multiclass,nofe,4,4500,1274,319,256,256,0,0.19340322272321808,categorical_crossentropy,False,0.19340322272321808,-0.0,"{""accuracy"": 0.9868338557684379, ""categorical_crossentropy"": 0.19340322272321808, ""categorical_roc_auc"": 0.9978863427747182, ""f1"": 0.9342260595010365, ""precision"": 0.9356275033951104, ""recall"": 0.9339717739008041}","{""accuracy"": 0.0, ""categorical_crossentropy"": -0.0, ""categorical_roc_auc"": 0.0, ""f1"": 0.0, ""precision"": 0.0, ""recall"": 0.0}",0.005368232727050781,0.00010728836059570312,5.7034220695495605,365.52734375,452,ok,,1.0.0,{}
9910,Bioresponse,openml_task,amlb,classification,nofe,1,4500,3000,751,1776,1776,0,0.8738929204045482,binary_roc_auc,True,0.8738929204045482,0.0,"{""accuracy"": 0.8029294274194018, ""binary_crossentropy"": 0.4458779928717172, ""binary_roc_auc"": 0.8738929204045482, ""f1"": 0.8250590966424951, ""precision"": 0.7949886104602508, ""recall"": 0.8574938574727888}","{""accuracy"": 0.0, ""binary_crossentropy"": -0.0, ""binary_roc_auc"": 0.0, ""f1"": 0.0, ""precision"": 0.0, ""recall"": 0.0}",0.019763946533203125,0.0008513927459716797,10.425472974777222,726.51953125,115,ok,,1.0.0,{}
9952,phoneme,openml_task,amlb,classification,nofe,4,4500,4323,1081,5,5,0,0.9621822716236974,binary_roc_auc,True,0.9621822716236974,0.0,"{""accuracy"": 0.9185938945335931, ""binary_crossentropy"": 0.2245167523478838, ""binary_roc_auc"": 0.9621822716236974, ""f1"": 0.8611987331431799, ""precision"": 0.8611987381431798, ""recall"": 0.8611987381431798}","{""accuracy"": 0.0, ""binary_crossentropy"": -0.0, ""binary_roc_auc"": 0.0, ""f1"": 0.0, ""precision"": 0.0, ""recall"": 0.0}",0.004914760589599609,0.00010609626770019531,8.637094736099243,338.54296875,491,ok,,1.0.0,{}
9957,qsar-biodeg,openml_task,amlb,classification,nofe,3,4500,844,211,41,41,0,0.9099597585513078,binary_roc_auc,True,0.9099597585513078,0.0,"{""accuracy"": 0.8530805686799487, ""binary_crossentropy"": 0.3618040181016682, ""binary_roc_auc"": 0.9099597585513078, ""f1"": 0.7633587735446653, ""precision"": 0.8333333331944445, ""recall"": 0.7042253520134895}","{""accuracy"": 0.0, ""binary_crossentropy"": -0.0, ""binary_roc_auc"": 0.0, ""f1"": 0.0, ""precision"": 0.0, ""recall"": 0.0}",0.004580020904541016,0.00017142295837402344,8.66887092590332,335.21484375,85,ok,,1.0.0,{}
9964,semeion,openml_task,amlb,multiclass,nofe,2,4500,1274,319,256,256,0,0.1954345195483946,categorical_crossentropy,False,0.1954345195483946,-0.0,"{""accuracy"": 0.9887147335113255, ""categorical_crossentropy"": 0.1954345195483946, ""categorical_roc_auc"": 0.996109370511908, ""f1"": 0.9435911031558926, ""precision"": 0.9455901807888332, ""recall"": 0.9436491932525211}","{""accuracy"": 0.0, ""categorical_crossentropy"": -0.0, ""categorical_roc_auc"": 0.0, ""f1"": 0.0, ""precision"": 0.0, ""recall"": 0.0}",0.006301403045654297,6.0558319091796875e-05,6.891650438308716,377.9921875,696,ok,,1.0.0,{}
9964,semeion,openml_task,amlb,multiclass,nofe,3,4500,1274,319,256,256,0,0.2026861561396138,categorical_crossentropy,False,0.2026861561396138,-0.0,"{""accuracy"": 0.987460815016067, ""categorical_crossentropy"": 0.2026861561396138, ""categorical_roc_auc"": 0.9973160818877773, ""f1"": 0.937533584755251, ""precision"": 0.9400665974911124, ""recall"": 0.9370967738998276}","{""accuracy"": 0.0, ""categorical_crossentropy"": -0.0, ""categorical_roc_auc"": 0.0, ""f1"": 0.0, ""precision"": 0.0, ""recall"": 0.0}",0.00474858283996582,5.817413330078125e-05,6.854635238647461,378.7890625,781,ok,,1.0.0,{}
9957,qsar-biodeg,openml_task,amlb,classification,nofe,2,4500,844,211,41,41,0,0.9174044265593562,binary_roc_auc,True,0.9174044265593562,0.0,"{""accuracy"": 0.8672985781579479, ""binary_crossentropy"": 0.3336047239985617, ""binary_roc_auc"": 0.9174044265593562, ""f1"": 0.7941176419517734, ""precision"": 0.8307692306414202, ""recall"": 0.7605633801745686}","{""accuracy"": 0.0, ""binary_crossentropy"": -0.0, ""binary_roc_auc"": 0.0, ""f1"": 0.0, ""precision"": 0.0, ""recall"": 0.0}",0.004350423812866211,0.00010371208190917969,8.798980236053467,332.8046875,94,ok,,1.0.0,{}
9957,qsar-biodeg,openml_task,amlb,classification,nofe,4,4500,844,211,41,41,0,0.9511066398390342,binary_roc_auc,True,0.9511066398390342,0.0,"{""accuracy"": 0.8672985781579479, ""binary_crossentropy"": 0.2714626444117453, ""binary_roc_auc"": 0.9511066398390342, ""f1"": 0.7878787827881084, ""precision"": 0.8524590162536952, ""recall"": 0.7323943660940291}","{""accuracy"": 0.0, ""binary_crossentropy"": -0.0, ""binary_roc_auc"": 0.0, ""f1"": 0.0, ""precision"": 0.0, ""recall"": 0.0}",0.0029687881469726562,0.000110626220703125,8.542677640914917,332.66796875,185,ok,,1.0.0,{}
9910,Bioresponse,openml_task,amlb,classification,nofe,4,4500,3000,751,1776,1776,0,0.8800282840980517,binary_roc_auc,True,0.8800282840980517,0.0,"{""accuracy"": 0.8229027962606804, ""binary_crossentropy"": 0.4298709363598481, ""binary_roc_auc"": 0.8800282840980517, ""f1"": 0.8383961067663721, ""precision"": 0.8293269230569873, ""recall"": 0.8476658476450205}","{""accuracy"": 0.0, ""binary_crossentropy"": -0.0, ""binary_roc_auc"": 0.0, ""f1"": 0.0, ""precision"": 0.0, ""recall"": 0.0}",0.018385648727416992,0.0008118152618408203,10.800077199935913,725.4375,130,ok,,1.0.0,{}
9957,qsar-biodeg,openml_task,amlb,classification,nofe,1,4500,844,211,41,41,0,0.9436619718309859,binary_roc_auc,True,0.9436619718309859,0.0,"{""accuracy"": 0.8862559241286134, ""binary_crossentropy"": 0.29341187430998106, ""binary_roc_auc"": 0.9436619718309859, ""f1"": 0.8285714234540817, ""precision"": 0.8405797100231045, ""recall"": 0.8169014083356477}","{""accuracy"": 0.0, ""binary_crossentropy"": -0.0, ""binary_roc_auc"": 0.0, ""f1"": 0.0, ""precision"": 0.0, ""recall"": 0.0}",0.0057294368743896484,0.00011897087097167969,8.904362678527832,336.015625,204,ok,,1.0.0,{}
9952,phoneme,openml_task,amlb,classification,nofe,2,4500,4323,1081,5,5,0,0.9559474457859183,binary_roc_auc,True,0.9559474457859183,0.0,"{""accuracy"": 0.8954671600287192, ""binary_crossentropy"": 0.24242886397841681, ""binary_roc_auc"": 0.9559474457859183, ""f1"": 0.8220472390686093, ""precision"": 0.8207547169553222, ""recall"": 0.8233438485544686}","{""accuracy"": 0.0, ""binary_crossentropy"": -0.0, ""binary_roc_auc"": 0.0, ""f1"": 0.0, ""precision"": 0.0, ""recall"": 0.0}",0.012386798858642578,0.00012183189392089844,9.47180700302124,339.62109375,326,ok,,1.0.0,{}
9952,phoneme,openml_task,amlb,classification,nofe,3,4500,4323,1081,5,5,0,0.9566989281054388,binary_roc_auc,True,0.9566989281054388,0.0,"{""accuracy"": 0.900092506929694, ""binary_crossentropy"": 0.24118379509948057, ""binary_roc_auc"": 0.9566989281054388, ""f1"": 0.8296529918192539, ""precision"": 0.8296529968192539, ""recall"": 0.8296529968192539}","{""accuracy"": 0.0, ""binary_crossentropy"": -0.0, ""binary_roc_auc"": 0.0, ""f1"": 0.0, ""precision"": 0.0, ""recall"": 0.0}",0.004788637161254883,5.269050598144531e-05,9.523681640625,336.2578125,485,ok,,1.0.0,{}
9971,ilpd,openml_task,amlb,classification,nofe,1,4500,466,117,10,10,0,0.7119064493267186,binary_roc_auc,True,0.7119064493267186,0.0,"{""accuracy"": 0.6410256409708526, ""binary_crossentropy"": 0.5687558274461418, ""binary_roc_auc"": 0.7119064493267186, ""f1"": 0.15999999558400013, ""precision"": 0.24999999984375, ""recall"": 0.11764705878892734}","{""accuracy"": 0.0, ""binary_crossentropy"": -0.0, ""binary_roc_auc"": 0.0, ""f1"": 0.0, ""precision"": 0.0, ""recall"": 0.0}",0.011893510818481445,8.416175842285156e-05,2.124631404876709,329.30078125,69,ok,,1.0.0,{}
9985,first-order-theorem-proving,openml_task,amlb,multiclass,nofe,2,4500,4894,1224,51,51,0,1.0879089879807924,categorical_crossentropy,False,1.0879089879807924,-0.0,"{""accuracy"": 0.8711873638273051, ""categorical_crossentropy"": 1.0879089879807924, ""categorical_roc_auc"": 0.8428453171579117, ""f1"": 0.5052972217101677, ""precision"": 0.5322629191662757, ""recall"": 0.49141516577747707}","{""accuracy"": 0.0, ""categorical_crossentropy"": -0.0, ""categorical_roc_auc"": 0.0, ""f1"": 0.0, ""precision"": 0.0, ""recall"": 0.0}",0.007185459136962891,0.0007164478302001953,9.16060495376587,377.2109375,217,ok,,1.0.0,{}
9985,first-order-theorem-proving,openml_task,amlb,multiclass,nofe,0,4500,4894,1224,51,51,0,1.0821211818100434,categorical_crossentropy,False,1.0821211818100434,-0.0,"{""accuracy"": 0.8717320261366689, ""categorical_crossentropy"": 1.0821211818100434, ""categorical_roc_auc"": 0.8443799066612652, ""f1"": 0.4995792908329224, ""precision"": 0.5355555990492585, ""recall"": 0.48207651675416585}","{""accuracy"": 0.0, ""categorical_crossentropy"": -0.0, ""categorical_roc_auc"": 0.0, ""f1"": 0.0, ""precision"": 0.0, ""recall"": 0.0}",0.013763427734375,0.0007870197296142578,9.406274795532227,376.734375,142,ok,,1.0.0,{}
14,mfeat-fourier,openml_task,amlb,multiclass,nofe,4,4500,1600,400,76,76,0,0.4010747689934215,categorical_crossentropy,False,0.4010747689934215,-0.0,"{""accuracy"": 0.9694999999757625, ""categorical_crossentropy"": 0.4010747689934215, ""categorical_roc_auc"": 0.9859097222222223, ""f1"": 0.8468781500838574, ""precision"": 0.8511897668361138, ""recall"": 0.847499999788125}","{""accuracy"": 0.0, ""categorical_crossentropy"": -0.0, ""categorical_roc_auc"": 0.0, ""f1"": 0.0, ""precision"": 0.0, ""recall"": 0.0}",0.004845857620239258,0.0004189014434814453,75.77942299842834,359.046875,187,ok,,1.0.0,{}
22,mfeat-zernike,openml_task,amlb,multiclass,nofe,2,4500,1600,400,47,47,0,0.5827837244176771,categorical_crossentropy,False,0.5827837244176771,-0.0,"{""accuracy"": 0.956999999976075, ""categorical_crossentropy"": 0.5827837244176771, ""categorical_roc_auc"": 0.9714305555555555, ""f1"": 0.7839965092145557, ""precision"": 0.7852910124711243, ""recall"": 0.7849999998037499}","{""accuracy"": 0.0, ""categorical_crossentropy"": -0.0, ""categorical_roc_auc"": 0.0, ""f1"": 0.0, ""precision"": 0.0, ""recall"": 0.0}",0.004149675369262695,0.00029277801513671875,76.55359601974487,350.90234375,147,ok,,1.0.0,{}
28,optdigits,openml_task,amlb,multiclass,nofe,1,4500,4496,1124,62,62,0,0.056064235516018815,categorical_crossentropy,False,0.056064235516018815,-0.0,"{""accuracy"": 0.9971530249021606, ""categorical_crossentropy"": 0.056064235516018815, ""categorical_roc_auc"": 0.9996846198388942, ""f1"": 0.9857281041482112, ""precision"": 0.9857892663264657, ""recall"": 0.9857213403058538}","{""accuracy"": 0.0, ""categorical_crossentropy"": -0.0, ""categorical_roc_auc"": 0.0, ""f1"": 0.0, ""precision"": 0.0, ""recall"": 0.0}",0.008983612060546875,0.0009007453918457031,76.64667510986328,417.890625,1007,ok,,1.0.0,{}
14,mfeat-fourier,openml_task,amlb,multiclass,nofe,2,4500,1600,400,76,76,0,0.4767043467679468,categorical_crossentropy,False,0.4767043467679468,-0.0,"{""accuracy"": 0.9634999999759124, ""categorical_crossentropy"": 0.4767043467679468, ""categorical_roc_auc"": 0.9813402777777778, ""f1"": 0.8190809922607489, ""precision"": 0.8224011375081102, ""recall"": 0.817499999795625}","{""accuracy"": 0.0, ""categorical_crossentropy"": -0.0, ""categorical_roc_auc"": 0.0, ""f1"": 0.0, ""precision"": 0.0, ""recall"": 0.0}",0.005953073501586914,0.00019693374633789062,76.39487504959106,365.37890625,324,ok,,1.0.0,{}
10093,banknote-authentication,openml_task,amlb,classification,nofe,0,4500,1097,275,4,4,0,1.0,binary_roc_auc,True,1.0,0.0,"{""accuracy"": 0.9963636363274049, ""binary_crossentropy"": 0.007810878899842713, ""binary_roc_auc"": 1.0, ""f1"": 0.9959183622657226, ""precision"": 0.9918699186185472, ""recall"": 0.9999999999180328}","{""accuracy"": 0.0, ""binary_crossentropy"": -0.0, ""binary_roc_auc"": 0.0, ""f1"": 0.0, ""precision"": 0.0, ""recall"": 0.0}",0.006525993347167969,6.651878356933594e-05,9.214291095733643,335.546875,394,ok,,1.0.0,{}
28,optdigits,openml_task,amlb,multiclass,nofe,0,4500,4496,1124,62,62,0,0.08450806592744839,categorical_crossentropy,False,0.08450806592744839,-0.0,"{""accuracy"": 0.9960854092438071, ""categorical_crossentropy"": 0.08450806592744839, ""categorical_roc_auc"": 0.9992782012246636, ""f1"": 0.9803820556627155, ""precision"": 0.9805277499576329, ""recall"": 0.9803952447816983}","{""accuracy"": 0.0, ""categorical_crossentropy"": -0.0, ""categorical_roc_auc"": 0.0, ""f1"": 0.0, ""precision"": 0.0, ""recall"": 0.0}",0.0068569183349609375,0.0011494159698486328,77.10393142700195,438.62890625,1448,ok,,1.0.0,{}
10093,banknote-authentication,openml_task,amlb,classification,nofe,1,4500,1097,275,4,4,0,1.0,binary_roc_auc,True,1.0,0.0,"{""accuracy"": 0.9999999999636363, ""binary_crossentropy"": 0.008799590331076284, ""binary_roc_auc"": 1.0, ""f1"": 0.9999999949180327, ""precision"": 0.9999999999180328, ""recall"": 0.9999999999180328}","{""accuracy"": 0.0, ""binary_crossentropy"": -0.0, ""binary_roc_auc"": 0.0, ""f1"": 0.0, ""precision"": 0.0, ""recall"": 0.0}",0.011557579040527344,8.988380432128906e-05,8.892475366592407,334.1640625,639,ok,,1.0.0,{}
9985,first-order-theorem-proving,openml_task,amlb,multiclass,nofe,1,4500,4894,1224,51,51,0,1.13291286015457,categorical_crossentropy,False,1.13291286015457,-0.0,"{""accuracy"": 0.8679193899711227, ""categorical_crossentropy"": 1.13291286015457, ""categorical_roc_auc"": 0.832062143892843, ""f1"": 0.48352901099427337, ""precision"": 0.5144064784369283, ""recall"": 0.46909869444694524}","{""accuracy"": 0.0, ""categorical_crossentropy"": -0.0, ""categorical_roc_auc"": 0.0, ""f1"": 0.0, ""precision"": 0.0, ""recall"": 0.0}",0.011188745498657227,0.0008716583251953125,10.132502317428589,380.05859375,257,ok,,1.0.0,{}
12,mfeat-factors,openml_task,amlb,multiclass,nofe,3,4500,1600,400,216,216,0,0.14649050414242082,categorical_crossentropy,False,0.14649050414242082,-0.0,"{""accuracy"": 0.98999999997525, ""categorical_crossentropy"": 0.14649050414242082, ""categorical_roc_auc"": 0.9987708333333334, ""f1"": 0.9502065820723514, ""precision"": 0.9518249399579135, ""recall"": 0.9499999997624998}","{""accuracy"": 0.0, ""categorical_crossentropy"": -0.0, ""categorical_roc_auc"": 0.0, ""f1"": 0.0, ""precision"": 0.0, ""recall"": 0.0}",0.010337352752685547,0.001409769058227539,77.80307912826538,365.83203125,246,ok,,1.0.0,{}
9976,madelon,openml_task,amlb,classification,nofe,0,4500,2080,520,500,500,0,0.8942455621301775,binary_roc_auc,True,0.8942455621301775,0.0,"{""accuracy"": 0.8153846153689349, ""binary_crossentropy"": 0.4355741875389448, ""binary_roc_auc"": 0.8942455621301775, ""f1"": 0.8188679194991813, ""precision"": 0.8037037036739368, ""recall"": 0.834615384583284}","{""accuracy"": 0.0, ""binary_crossentropy"": -0.0, ""binary_roc_auc"": 0.0, ""f1"": 0.0, ""precision"": 0.0, ""recall"": 0.0}",0.008690595626831055,0.0002875328063964844,13.39571213722229,434.12890625,87,ok,,1.0.0,{}
43,spambase,openml_task,amlb,classification,nofe,0,4500,3680,921,57,57,0,0.9896965747405629,binary_roc_auc,True,0.9896965747405629,0.0,"{""accuracy"": 0.958740499446702, ""binary_crossentropy"": 0.1166924022625758, ""binary_roc_auc"": 0.9896965747405629, ""f1"": 0.948087426668421, ""precision"": 0.9403794037685533, ""recall"": 0.9559228649874402}","{""accuracy"": 0.0, ""binary_crossentropy"": -0.0, ""binary_roc_auc"": 0.0, ""f1"": 0.0, ""precision"": 0.0, ""recall"": 0.0}",0.008047103881835938,0.0006418228149414062,72.3101396560669,355.7109375,282,ok,,1.0.0,{}
16,mfeat-karhunen,openml_task,amlb,multiclass,nofe,2,4500,1600,400,64,64,0,0.23560991505739368,categorical_crossentropy,False,0.23560991505739368,-0.0,"{""accuracy"": 0.9874999999753126, ""categorical_crossentropy"": 0.23560991505739368, ""categorical_roc_auc"": 0.9960625000000001, ""f1"": 0.9370517960442395, ""precision"": 0.939037468238137, ""recall"": 0.937499999765625}","{""accuracy"": 0.0, ""categorical_crossentropy"": -0.0, ""categorical_roc_auc"": 0.0, ""f1"": 0.0, ""precision"": 0.0, ""recall"": 0.0}",0.0065042972564697266,0.00039958953857421875,77.3008680343628,373.69140625,580,ok,,1.0.0,{}
9985,first-order-theorem-proving,openml_task,amlb,multiclass,nofe,3,4500,4894,1224,51,51,0,1.0880168318364989,categorical_crossentropy,False,1.0880168318364989,-0.0,"{""accuracy"": 0.8703703703632595, ""categorical_crossentropy"": 1.0880168318364989, ""categorical_roc_auc"": 0.8430352159072944, ""f1"": 0.49696246227321494, ""precision"": 0.5265981385380875, ""recall"": 0.4818261561477039}","{""accuracy"": 0.0, ""categorical_crossentropy"": -0.0, ""categorical_roc_auc"": 0.0, ""f1"": 0.0, ""precision"": 0.0, ""recall"": 0.0}",0.009925127029418945,0.0007321834564208984,10.800207376480103,382.01953125,286,ok,,1.0.0,{}
9985,first-order-theorem-proving,openml_task,amlb,multiclass,nofe,4,4500,4894,1224,51,51,0,1.101630444859468,categorical_crossentropy,False,1.101630444859468,-0.0,"{""accuracy"": 0.8703703703632595, ""categorical_crossentropy"": 1.101630444859468, ""categorical_roc_auc"": 0.8401516502017948, ""f1"": 0.5054769681623886, ""precision"": 0.5434921546771838, ""recall"": 0.48854410234674756}","{""accuracy"": 0.0, ""categorical_crossentropy"": -0.0, ""categorical_roc_auc"": 0.0, ""f1"": 0.0, ""precision"": 0.0, ""recall"": 0.0}",0.009262800216674805,0.0006732940673828125,10.603810548782349,381.4765625,268,ok,,1.0.0,{}
6,letter,openml_task,amlb,multiclass,nofe,1,4500,16000,4000,16,16,0,0.11556069835297948,categorical_crossentropy,False,0.11556069835297948,-0.0,"{""accuracy"": 0.9970961538436611, ""categorical_crossentropy"": 0.11556069835297948, ""categorical_roc_auc"": 0.9995732625748187, ""f1"": 0.9621373136307396, ""precision"": 0.9625110949291712, ""recall"": 0.9620909628715383}","{""accuracy"": 0.0, ""categorical_crossentropy"": -0.0, ""categorical_roc_auc"": 0.0, ""f1"": 0.0, ""precision"": 0.0, ""recall"": 0.0}",0.01334071159362793,0.0008101463317871094,78.45200991630554,640.91015625,1454,ok,,1.0.0,{}
12,mfeat-factors,openml_task,amlb,multiclass,nofe,1,4500,1600,400,216,216,0,0.14123844446359726,categorical_crossentropy,False,0.14123844446359726,-0.0,"{""accuracy"": 0.9924999999751876, ""categorical_crossentropy"": 0.14123844446359726, ""categorical_roc_auc"": 0.998625, ""f1"": 0.9624130905149244, ""precision"": 0.9633234820100466, ""recall"": 0.9624999997593748}","{""accuracy"": 0.0, ""categorical_crossentropy"": -0.0, ""categorical_roc_auc"": 0.0, ""f1"": 0.0, ""precision"": 0.0, ""recall"": 0.0}",0.0056722164154052734,0.0004994869232177734,77.9288125038147,371.8671875,395,ok,,1.0.0,{}
9976,madelon,openml_task,amlb,classification,nofe,3,4500,2080,520,500,500,0,0.9059171597633137,binary_roc_auc,True,0.9059171597633137,0.0,"{""accuracy"": 0.8269230769071746, ""binary_crossentropy"": 0.4321942936772337, ""binary_roc_auc"": 0.9059171597633137, ""f1"": 0.8269230718912723, ""precision"": 0.8269230768912722, ""recall"": 0.8269230768912722}","{""accuracy"": 0.0, ""binary_crossentropy"": -0.0, ""binary_roc_auc"": 0.0, ""f1"": 0.0, ""precision"": 0.0, ""recall"": 0.0}",0.008817434310913086,0.0003008842468261719,12.836736917495728,434.72265625,47,ok,,1.0.0,{}
28,optdigits,openml_task,amlb,multiclass,nofe,3,4500,4496,1124,62,62,0,0.06441130571853765,categorical_crossentropy,False,0.06441130571853765,-0.0,"{""accuracy"": 0.9950177935854537, ""categorical_crossentropy"": 0.06441130571853765, ""categorical_roc_auc"": 0.9996706314442761, ""f1"": 0.9751280432752667, ""precision"": 0.975155247424385, ""recall"": 0.9751086562107595}","{""accuracy"": 0.0, ""categorical_crossentropy"": -0.0, ""categorical_roc_auc"": 0.0, ""f1"": 0.0, ""precision"": 0.0, ""recall"": 0.0}",0.015252828598022461,0.001943349838256836,78.61443328857422,397.15625,680,ok,,1.0.0,{}
43,spambase,openml_task,amlb,classification,nofe,1,4500,3680,921,57,57,0,0.9873663319411119,binary_roc_auc,True,0.9873663319411119,0.0,"{""accuracy"": 0.9500542888061884, ""binary_crossentropy"": 0.13628545383118118, ""binary_roc_auc"": 0.9873663319411119, ""f1"": 0.9362880836168769, ""precision"": 0.9415041782467547, ""recall"": 0.9311294765583711}","{""accuracy"": 0.0, ""binary_crossentropy"": -0.0, ""binary_roc_auc"": 0.0, ""f1"": 0.0, ""precision"": 0.0, ""recall"": 0.0}",0.008438825607299805,0.0005598068237304688,73.42666482925415,355.97265625,280,ok,,1.0.0,{}
9976,madelon,openml_task,amlb,classification,nofe,1,4500,2080,520,500,500,0,0.8904289940828403,binary_roc_auc,True,0.8904289940828403,0.0,"{""accuracy"": 0.8269230769071746, ""binary_crossentropy"": 0.4221446029197138, ""binary_roc_auc"": 0.8904289940828403, ""f1"": 0.8308270626404828, ""precision"": 0.8124999999701287, ""recall"": 0.8499999999673077}","{""accuracy"": 0.0, ""binary_crossentropy"": -0.0, ""binary_roc_auc"": 0.0, ""f1"": 0.0, ""precision"": 0.0, ""recall"": 0.0}",0.016321420669555664,0.0019402503967285156,13.843143224716187,434.4453125,153,ok,,1.0.0,{}
14,mfeat-fourier,openml_task,amlb,multiclass,nofe,1,4500,1600,400,76,76,0,0.4500672455763561,categorical_crossentropy,False,0.4500672455763561,-0.0,"{""accuracy"": 0.9649999999758749, ""categorical_crossentropy"": 0.4500672455763561, ""categorical_roc_auc"": 0.9835486111111111, ""f1"": 0.8259499759824841, ""precision"": 0.8290472050972527, ""recall"": 0.8249999997937498}","{""accuracy"": 0.0, ""categorical_crossentropy"": -0.0, ""categorical_roc_auc"": 0.0, ""f1"": 0.0, ""precision"": 0.0, ""recall"": 0.0}",0.003920793533325195,0.0003254413604736328,78.4525294303894,360.77734375,223,ok,,1.0.0,{}
6,letter,openml_task,amlb,multiclass,nofe,3,4500,16000,4000,16,16,0,0.1149115855404337,categorical_crossentropy,False,0.1149115855404337,-0.0,"{""accuracy"": 0.997307692305199, ""categorical_crossentropy"": 0.1149115855404337, ""categorical_roc_auc"": 0.9996222763013886, ""f1"": 0.9649879487792131, ""precision"": 0.9653910898475764, ""recall"": 0.9649359972944977}","{""accuracy"": 0.0, ""categorical_crossentropy"": -0.0, ""categorical_roc_auc"": 0.0, ""f1"": 0.0, ""precision"": 0.0, ""recall"": 0.0}",0.018378257751464844,0.000896453857421875,78.55767869949341,581.359375,1029,ok,,1.0.0,{}
9977,nomao,openml_task,amlb,classification,nofe,2,4500,27572,6893,118,118,0,0.9947168004970628,binary_roc_auc,True,0.9947168004970628,0.0,"{""accuracy"": 0.9683737124605131, ""binary_crossentropy"": 0.08210021520914056, ""binary_roc_auc"": 0.9947168004970628, ""f1"": 0.9778769992602457, ""precision"": 0.977281947259681, ""recall"": 0.9784727863505718}","{""accuracy"": 0.0, ""binary_crossentropy"": -0.0, ""binary_roc_auc"": 0.0, ""f1"": 0.0, ""precision"": 0.0, ""recall"": 0.0}",0.022708415985107422,0.0029671192169189453,13.257168769836426,562.0234375,486,ok,,1.0.0,{}
14965,bank-marketing,openml_task,amlb,classification,nofe,1,4500,36168,9043,16,16,0,0.9355591710828313,binary_roc_auc,True,0.9355591710828313,0.0,"{""accuracy"": 0.9074422205010422, ""binary_crossentropy"": 0.1970229387218367, ""binary_roc_auc"": 0.9355591710828313, ""f1"": 0.5564387868006491, ""precision"": 0.6332931242384404, ""recall"": 0.49621928165882595}","{""accuracy"": 0.0, ""binary_crossentropy"": -0.0, ""binary_roc_auc"": 0.0, ""f1"": 0.0, ""precision"": 0.0, ""recall"": 0.0}",0.016583919525146484,0.0008342266082763672,9.97998833656311,361.6875,271,ok,,1.0.0,{}
14965,bank-marketing,openml_task,amlb,classification,nofe,0,4500,36168,9043,16,16,0,0.9374071540092305,binary_roc_auc,True,0.9374071540092305,0.0,"{""accuracy"": 0.9110914519507783, ""binary_crossentropy"": 0.1940132602092769, ""binary_roc_auc"": 0.9374071540092305, ""f1"": 0.5709711797090901, ""precision"": 0.655637254893926, ""recall"": 0.5056710774999464}","{""accuracy"": 0.0, ""binary_crossentropy"": -0.0, ""binary_roc_auc"": 0.0, ""f1"": 0.0, ""precision"": 0.0, ""recall"": 0.0}",0.020193099975585938,0.00047206878662109375,10.755763292312622,365.0234375,418,ok,,1.0.0,{}
43,spambase,openml_task,amlb,classification,nofe,4,4500,3680,921,57,57,0,0.984739871836646,binary_roc_auc,True,0.984739871836646,0.0,"{""accuracy"": 0.9467969598159957, ""binary_crossentropy"": 0.1504146624055279, ""binary_roc_auc"": 0.984739871836646, ""f1"": 0.9312762923107427, ""precision"": 0.9485714285443265, ""recall"": 0.9146005509389917}","{""accuracy"": 0.0, ""binary_crossentropy"": -0.0, ""binary_roc_auc"": 0.0, ""f1"": 0.0, ""precision"": 0.0, ""recall"": 0.0}",0.007995367050170898,0.0005514621734619141,86.16145181655884,355.6171875,265,ok,,1.0.0,{}
14965,bank-marketing,openml_task,amlb,classification,nofe,4,4500,36168,9043,16,16,0,0.9372663536190847,binary_roc_auc,True,0.9372663536190847,0.0,"{""accuracy"": 0.9066681411026134, ""binary_crossentropy"": 0.19439299644897334, ""binary_roc_auc"": 0.9372663536190847, ""f1"": 0.5631469929691284, ""precision"": 0.6224256292834963, ""recall"": 0.5141776937569549}","{""accuracy"": 0.0, ""binary_crossentropy"": -0.0, ""binary_roc_auc"": 0.0, ""f1"": 0.0, ""precision"": 0.0, ""recall"": 0.0}",0.018519163131713867,0.0003960132598876953,10.198752403259277,360.625,241,ok,,1.0.0,{}
2079,eucalyptus,openml_task,amlb,multiclass,nofe,0,4500,588,148,19,19,0,0.8086177422035787,categorical_crossentropy,False,0.8086177422035787,-0.0,"{""accuracy"": 0.8648648648064281, ""categorical_crossentropy"": 0.8086177422035787, ""categorical_roc_auc"": 0.9065757031486882, ""f1"": 0.6068959387864045, ""precision"": 0.6586887473861902, ""recall"": 0.602339778885169}","{""accuracy"": 0.0, ""categorical_crossentropy"": -0.0, ""categorical_roc_auc"": 0.0, ""f1"": 0.0, ""precision"": 0.0, ""recall"": 0.0}",0.0047070980072021484,0.00011348724365234375,84.58549571037292,341.57421875,68,ok,,1.0.0,{}
37,diabetes,openml_task,amlb,classification,nofe,2,4500,614,154,8,8,0,0.7935185185185185,binary_roc_auc,True,0.7935185185185185,0.0,"{""accuracy"": 0.7662337661840107, ""binary_crossentropy"": 0.5173654703834614, ""binary_roc_auc"": 0.7935185185185185, ""f1"": 0.5909090860330579, ""precision"": 0.7647058821280277, ""recall"": 0.4814814813923182}","{""accuracy"": 0.0, ""binary_crossentropy"": -0.0, ""binary_roc_auc"": 0.0, ""f1"": 0.0, ""precision"": 0.0, ""recall"": 0.0}",0.005057811737060547,6.651878356933594e-05,86.30180978775024,331.9296875,40,ok,,1.0.0,{}
14965,bank-marketing,openml_task,amlb,classification,nofe,2,4500,36168,9043,16,16,0,0.9339189856216701,binary_roc_auc,True,0.9339189856216701,0.0,"{""accuracy"": 0.9062258100177969, ""binary_crossentropy"": 0.19838881403712408, ""binary_roc_auc"": 0.9339189856216701, ""f1"": 0.535087714420519, ""precision"": 0.6370757180073489, ""recall"": 0.46124763704668015}","{""accuracy"": 0.0, ""binary_crossentropy"": -0.0, ""binary_roc_auc"": 0.0, ""f1"": 0.0, ""precision"": 0.0, ""recall"": 0.0}",0.01767253875732422,0.0008952617645263672,10.622328281402588,357.99609375,226,ok,,1.0.0,{}
49,tic-tac-toe,openml_task,amlb,classification,nofe,1,4500,766,192,9,9,0,1.0,binary_roc_auc,True,1.0,0.0,"{""accuracy"": 0.9999999999479167, ""binary_crossentropy"": 0.022896941321278064, ""binary_roc_auc"": 1.0, ""f1"": 0.99999999492, ""precision"": 0.9999999999200001, ""recall"": 0.9999999999200001}","{""accuracy"": 0.0, ""binary_crossentropy"": -0.0, ""binary_roc_auc"": 0.0, ""f1"": 0.0, ""precision"": 0.0, ""recall"": 0.0}",0.0037393569946289062,0.00010347366333007812,86.51656866073608,337.34765625,755,ok,,1.0.0,{}
9976,madelon,openml_task,amlb,classification,nofe,4,4500,2080,520,500,500,0,0.8800739644970414,binary_roc_auc,True,0.8800739644970414,0.0,"{""accuracy"": 0.8096153845998151, ""binary_crossentropy"": 0.43731229288879636, ""binary_roc_auc"": 0.8800739644970414, ""f1"": 0.8170055402638369, ""precision"": 0.7864768682994137, ""recall"": 0.8499999999673077}","{""accuracy"": 0.0, ""binary_crossentropy"": -0.0, ""binary_roc_auc"": 0.0, ""f1"": 0.0, ""precision"": 0.0, ""recall"": 0.0}",0.008865118026733398,0.0017893314361572266,28.978463411331177,435.4375,291,ok,,1.0.0,{}
49,tic-tac-toe,openml_task,amlb,classification,nofe,2,4500,766,192,9,9,0,0.9992835820895523,binary_roc_auc,True,0.9992835820895523,0.0,"{""accuracy"": 0.9895833332817925, ""binary_crossentropy"": 0.048641702952447, ""binary_roc_auc"": 0.9992835820895523, ""f1"": 0.992063486985072, ""precision"": 0.9842519684264369, ""recall"": 0.9999999999200001}","{""accuracy"": 0.0, ""binary_crossentropy"": -0.0, ""binary_roc_auc"": 0.0, ""f1"": 0.0, ""precision"": 0.0, ""recall"": 0.0}",0.004900455474853516,0.00010156631469726562,88.10273909568787,331.82421875,702,ok,,1.0.0,{}
10101,blood-transfusion,openml_task,amlb,classification,nofe,4,4500,598,150,4,4,0,0.7099171539961014,binary_roc_auc,True,0.7099171539961014,0.0,"{""accuracy"": 0.779999999948, ""binary_crossentropy"": 0.5122701958318552, ""binary_roc_auc"": 0.7099171539961014, ""f1"": 0.3529411721799308, ""precision"": 0.5999999996, ""recall"": 0.24999999993055555}","{""accuracy"": 0.0, ""binary_crossentropy"": -0.0, ""binary_roc_auc"": 0.0, ""f1"": 0.0, ""precision"": 0.0, ""recall"": 0.0}",0.0052490234375,6.29425048828125e-05,16.427376747131348,329.64453125,75,ok,,1.0.0,{}
10093,banknote-authentication,openml_task,amlb,classification,nofe,3,4500,1097,275,4,4,0,1.0,binary_roc_auc,True,1.0,0.0,"{""accuracy"": 0.9999999999636363, ""binary_crossentropy"": 0.0068520525541283525, ""binary_roc_auc"": 1.0, ""f1"": 0.9999999949180327, ""precision"": 0.9999999999180328, ""recall"": 0.9999999999180328}","{""accuracy"": 0.0, ""binary_crossentropy"": -0.0, ""binary_roc_auc"": 0.0, ""f1"": 0.0, ""precision"": 0.0, ""recall"": 0.0}",0.00525665283203125,6.246566772460938e-05,16.71596670150757,331.7734375,390,ok,,1.0.0,{}
10093,banknote-authentication,openml_task,amlb,classification,nofe,2,4500,1097,275,4,4,0,0.9999464266580949,binary_roc_auc,True,0.9999464266580949,0.0,"{""accuracy"": 0.9927272726911736, ""binary_crossentropy"": 0.017674345215094613, ""binary_roc_auc"": 0.9999464266580949, ""f1"": 0.9918032736072294, ""precision"": 0.9918032786072293, ""recall"": 0.9918032786072293}","{""accuracy"": 0.0, ""binary_crossentropy"": -0.0, ""binary_roc_auc"": 0.0, ""f1"": 0.0, ""precision"": 0.0, ""recall"": 0.0}",0.005327701568603516,6.723403930664062e-05,17.50239324569702,332.55078125,485,ok,,1.0.0,{}
22,mfeat-zernike,openml_task,amlb,multiclass,nofe,3,4500,1600,400,47,47,0,0.5890374158590567,categorical_crossentropy,False,0.5890374158590567,-0.0,"{""accuracy"": 0.9524999999761874, ""categorical_crossentropy"": 0.5890374158590567, ""categorical_roc_auc"": 0.9707986111111111, ""f1"": 0.7646546972773451, ""precision"": 0.7684359369334417, ""recall"": 0.7624999998093751}","{""accuracy"": 0.0, ""categorical_crossentropy"": -0.0, ""categorical_roc_auc"": 0.0, ""f1"": 0.0, ""precision"": 0.0, ""recall"": 0.0}",0.0034563541412353516,0.00014925003051757812,95.61314916610718,352.921875,127,ok,,1.0.0,{}
10101,blood-transfusion,openml_task,amlb,classification,nofe,0,4500,598,150,4,4,0,0.6437621832358674,binary_roc_auc,True,0.6437621832358674,0.0,"{""accuracy"": 0.7599999999493333, ""binary_crossentropy"": 0.5313475094238918, ""binary_roc_auc"": 0.6437621832358674, ""f1"": 0.0, ""precision"": 0.0, ""recall"": 0.0}","{""accuracy"": 0.0, ""binary_crossentropy"": -0.0, ""binary_roc_auc"": 0.0, ""f1"": 0.0, ""precision"": 0.0, ""recall"": 0.0}",0.00831747055053711,9.226799011230469e-05,16.66116428375244,328.60546875,12,ok,,1.0.0,{}
10093,banknote-authentication,openml_task,amlb,classification,nofe,4,4500,1097,275,4,4,0,0.9998392799742849,binary_roc_auc,True,0.9998392799742849,0.0,"{""accuracy"": 0.9963636363274049, ""binary_crossentropy"": 0.013706479198768978, ""binary_roc_auc"": 0.9998392799742849, ""f1"": 0.9959183622657226, ""precision"": 0.9918699186185472, ""recall"": 0.9999999999180328}","{""accuracy"": 0.0, ""binary_crossentropy"": -0.0, ""binary_roc_auc"": 0.0, ""f1"": 0.0, ""precision"": 0.0, ""recall"": 0.0}",0.0047550201416015625,4.601478576660156e-05,17.164887189865112,339.66015625,1393,ok,,1.0.0,{}
14954,cylinder-bands,openml_task,amlb,classification,nofe,0,4500,432,108,35,35,0,0.9319775596072932,binary_roc_auc,True,0.9319775596072932,0.0,"{""accuracy"": 0.8055555554809671, ""binary_crossentropy"": 0.31273259495921796, ""binary_roc_auc"": 0.9319775596072932, ""f1"": 0.8319999948672, ""precision"": 0.82539682526581, ""recall"": 0.8387096772840791}","{""accuracy"": 0.0, ""binary_crossentropy"": -0.0, ""binary_roc_auc"": 0.0, ""f1"": 0.0, ""precision"": 0.0, ""recall"": 0.0}",0.0066814422607421875,0.0001819133758544922,16.588963747024536,334.5078125,285,ok,,1.0.0,{}
10101,blood-transfusion,openml_task,amlb,classification,nofe,2,4500,598,150,4,4,0,0.7634015594541911,binary_roc_auc,True,0.7634015594541911,0.0,"{""accuracy"": 0.8066666666128889, ""binary_crossentropy"": 0.46741827348868054, ""binary_roc_auc"": 0.7634015594541911, ""f1"": 0.4528301841509434, ""precision"": 0.7058823525259516, ""recall"": 0.3333333332407407}","{""accuracy"": 0.0, ""binary_crossentropy"": -0.0, ""binary_roc_auc"": 0.0, ""f1"": 0.0, ""precision"": 0.0, ""recall"": 0.0}",0.004765748977661133,0.00011134147644042969,17.90678834915161,331.2109375,40,ok,,1.0.0,{}
9910,Bioresponse,openml_task,amlb,classification,nofe,0,4500,3000,751,1776,1776,0,0.8878349808582366,binary_roc_auc,True,0.8878349808582366,0.0,"{""accuracy"": 0.8122503328786651, ""binary_crossentropy"": 0.4286683178240168, ""binary_roc_auc"": 0.8878349808582366, ""f1"": 0.8323424444502822, ""precision"": 0.806451612884644, ""recall"": 0.859950859929731}","{""accuracy"": 0.0, ""binary_crossentropy"": -0.0, ""binary_roc_auc"": 0.0, ""f1"": 0.0, ""precision"": 0.0, ""recall"": 0.0}",0.01861858367919922,0.0008835792541503906,44.453054904937744,727.578125,181,ok,,1.0.0,{}
10101,blood-transfusion,openml_task,amlb,classification,nofe,3,4500,598,150,4,4,0,0.6319444444444445,binary_roc_auc,True,0.6319444444444445,0.0,"{""accuracy"": 0.7599999999493333, ""binary_crossentropy"": 0.5317196175456047, ""binary_roc_auc"": 0.6319444444444445, ""f1"": 0.0, ""precision"": 0.0, ""recall"": 0.0}","{""accuracy"": 0.0, ""binary_crossentropy"": -0.0, ""binary_roc_auc"": 0.0, ""f1"": 0.0, ""precision"": 0.0, ""recall"": 0.0}",0.0043256282806396484,5.650520324707031e-05,18.089125633239746,328.84375,9,ok,,1.0.0,{}
14954,cylinder-bands,openml_task,amlb,classification,nofe,3,4500,432,108,35,35,0,0.8271388499298739,binary_roc_auc,True,0.8271388499298739,0.0,"{""accuracy"": 0.7870370369641633, ""binary_crossentropy"": 0.5105437139670054, ""binary_roc_auc"": 0.8271388499298739, ""f1"": 0.8345323690388697, ""precision"": 0.7532467531489291, ""recall"": 0.9354838708168575}","{""accuracy"": 0.0, ""binary_crossentropy"": -0.0, ""binary_roc_auc"": 0.0, ""f1"": 0.0, ""precision"": 0.0, ""recall"": 0.0}",0.007470607757568359,0.00018262863159179688,17.038307189941406,330.69921875,39,ok,,1.0.0,{}
14952,PhishingWebsites,openml_task,amlb,classification,nofe,4,4500,8844,2211,30,30,0,0.997211906696066,binary_roc_auc,True,0.997211906696066,0.0,"{""accuracy"": 0.9751243781050425, ""binary_crossentropy"": 0.06633114232562975, ""binary_roc_auc"": 0.997211906696066, ""f1"": 0.9776149726070408, ""precision"": 0.9796084828631354, ""recall"": 0.9756295694478017}","{""accuracy"": 0.0, ""binary_crossentropy"": -0.0, ""binary_roc_auc"": 0.0, ""f1"": 0.0, ""precision"": 0.0, ""recall"": 0.0}",0.007451534271240234,0.00024437904357910156,17.50187063217163,341.08984375,452,ok,,1.0.0,{}
14954,cylinder-bands,openml_task,amlb,classification,nofe,1,4500,432,108,35,35,0,0.8509817671809257,binary_roc_auc,True,0.8509817671809257,0.0,"{""accuracy"": 0.8055555554809671, ""binary_crossentropy"": 0.4752561906180172, ""binary_roc_auc"": 0.8509817671809257, ""f1"": 0.8421052580541581, ""precision"": 0.7887323942551082, ""recall"": 0.9032258063059313}","{""accuracy"": 0.0, ""binary_crossentropy"": -0.0, ""binary_roc_auc"": 0.0, ""f1"": 0.0, ""precision"": 0.0, ""recall"": 0.0}",0.00790548324584961,0.0001804828643798828,17.720871210098267,334.50390625,115,ok,,1.0.0,{}
10101,blood-transfusion,openml_task,amlb,classification,nofe,1,4500,598,150,4,4,0,0.7269736842105263,binary_roc_auc,True,0.7269736842105263,0.0,"{""accuracy"": 0.7599999999493333, ""binary_crossentropy"": 0.4907065110405286, ""binary_roc_auc"": 0.7269736842105263, ""f1"": 0.30769230331360947, ""precision"": 0.4999999996875, ""recall"": 0.2222222221604938}","{""accuracy"": 0.0, ""binary_crossentropy"": -0.0, ""binary_roc_auc"": 0.0, ""f1"": 0.0, ""precision"": 0.0, ""recall"": 0.0}",0.0106964111328125,7.200241088867188e-05,18.56175684928894,331.6328125,39,ok,,1.0.0,{}
9971,ilpd,openml_task,amlb,classification,nofe,2,4500,466,117,10,10,0,0.6853295535081503,binary_roc_auc,True,0.6853295535081503,0.0,"{""accuracy"": 0.6666666666096867, ""binary_crossentropy"": 0.5601887948747374, ""binary_roc_auc"": 0.6853295535081503, ""f1"": 0.13333332958024702, ""precision"": 0.2727272724793388, ""recall"": 0.0882352940916955}","{""accuracy"": 0.0, ""binary_crossentropy"": -0.0, ""binary_roc_auc"": 0.0, ""f1"": 0.0, ""precision"": 0.0, ""recall"": 0.0}",0.007980823516845703,8.440017700195312e-05,34.84469771385193,330.5390625,32,ok,,1.0.0,{}
14954,cylinder-bands,openml_task,amlb,classification,nofe,2,4500,432,108,35,35,0,0.9119915848527349,binary_roc_auc,True,0.9119915848527349,0.0,"{""accuracy"": 0.814814814739369, ""binary_crossentropy"": 0.36497988744263743, ""binary_roc_auc"": 0.9119915848527349, ""f1"": 0.843749994873047, ""precision"": 0.8181818180578513, ""recall"": 0.8709677417950052}","{""accuracy"": 0.0, ""binary_crossentropy"": -0.0, ""binary_roc_auc"": 0.0, ""f1"": 0.0, ""precision"": 0.0, ""recall"": 0.0}",0.0034508705139160156,0.00016570091247558594,18.315672159194946,335.68359375,244,ok,,1.0.0,{}
14954,cylinder-bands,openml_task,amlb,classification,nofe,4,4500,432,108,35,35,0,0.8818373071528752,binary_roc_auc,True,0.8818373071528752,0.0,"{""accuracy"": 0.7777777777057614, ""binary_crossentropy"": 0.47104873869870467, ""binary_roc_auc"": 0.8818373071528752, ""f1"": 0.823529406682526, ""precision"": 0.7567567566544924, ""recall"": 0.9032258063059313}","{""accuracy"": 0.0, ""binary_crossentropy"": -0.0, ""binary_roc_auc"": 0.0, ""f1"": 0.0, ""precision"": 0.0, ""recall"": 0.0}",0.002784252166748047,0.0001671314239501953,18.040009260177612,338.078125,538,ok,,1.0.0,{}
14952,PhishingWebsites,openml_task,amlb,classification,nofe,1,4500,8844,2211,30,30,0,0.9965831661665477,binary_roc_auc,True,0.9965831661665477,0.0,"{""accuracy"": 0.9692446856582124, ""binary_crossentropy"": 0.07248446243973883, ""binary_roc_auc"": 0.9965831661665477, ""f1"": 0.972357718569334, ""precision"": 0.9731489015380542, ""recall"": 0.9715678310237892}","{""accuracy"": 0.0, ""binary_crossentropy"": -0.0, ""binary_roc_auc"": 0.0, ""f1"": 0.0, ""precision"": 0.0, ""recall"": 0.0}",0.010116815567016602,0.00034880638122558594,19.01816964149475,344.92578125,777,ok,,1.0.0,{}
125920,dresses-sales,openml_task,amlb,classification,nofe,1,4500,400,100,12,12,0,0.5619868637110017,binary_roc_auc,True,0.5619868637110017,0.0,"{""accuracy"": 0.5599999999440001, ""binary_crossentropy"": 0.6755025538802147, ""binary_roc_auc"": 0.5619868637110017, ""f1"": 0.3333333286042241, ""precision"": 0.4583333331423611, ""recall"": 0.26190476184240363}","{""accuracy"": 0.0, ""binary_crossentropy"": -0.0, ""binary_roc_auc"": 0.0, ""f1"": 0.0, ""precision"": 0.0, ""recall"": 0.0}",0.009940624237060547,0.00011324882507324219,1.937958002090454,330.3828125,19,ok,,1.0.0,{}
125920,dresses-sales,openml_task,amlb,classification,nofe,0,4500,400,100,12,12,0,0.6642036124794746,binary_roc_auc,True,0.6642036124794746,0.0,"{""accuracy"": 0.5999999999400001, ""binary_crossentropy"": 0.6437219141423702, ""binary_roc_auc"": 0.6642036124794746, ""f1"": 0.4285714236489796, ""precision"": 0.5357142855229592, ""recall"": 0.3571428570578231}","{""accuracy"": 0.0, ""binary_crossentropy"": -0.0, ""binary_roc_auc"": 0.0, ""f1"": 0.0, ""precision"": 0.0, ""recall"": 0.0}",0.009616374969482422,0.00014400482177734375,2.070181131362915,328.6953125,32,ok,,1.0.0,{}
14952,PhishingWebsites,openml_task,amlb,classification,nofe,0,4500,8844,2211,30,30,0,0.9961645584310084,binary_roc_auc,True,0.9961645584310084,0.0,"{""accuracy"": 0.9669832654863547, ""binary_crossentropy"": 0.07669567806946943, ""binary_roc_auc"": 0.9961645584310084, ""f1"": 0.9704572997271368, ""precision"": 0.96693548386317, ""recall"": 0.9740048740781966}","{""accuracy"": 0.0, ""binary_crossentropy"": -0.0, ""binary_roc_auc"": 0.0, ""f1"": 0.0, ""precision"": 0.0, ""recall"": 0.0}",0.011081218719482422,0.0002624988555908203,19.737175226211548,343.37109375,776,ok,,1.0.0,{}
14965,bank-marketing,openml_task,amlb,classification,nofe,3,4500,36168,9043,16,16,0,0.9357109798263048,binary_roc_auc,True,0.9357109798263048,0.0,"{""accuracy"": 0.9102067897811453, ""binary_crossentropy"": 0.1944320815110395, ""binary_roc_auc"": 0.9357109798263048, ""f1"": 0.5739769100599201, ""precision"": 0.645047169803714, ""recall"": 0.517013232509291}","{""accuracy"": 0.0, ""binary_crossentropy"": -0.0, ""binary_roc_auc"": 0.0, ""f1"": 0.0, ""precision"": 0.0, ""recall"": 0.0}",0.019299030303955078,0.0005290508270263672,18.34022855758667,360.6328125,181,ok,,1.0.0,{}
14969,GesturePhaseSegmentation,openml_task,amlb,multiclass,nofe,0,4500,7898,1975,32,32,0,0.8614212560808121,categorical_crossentropy,False,0.8614212560808121,-0.0,"{""accuracy"": 0.8742278480968395, ""categorical_crossentropy"": 0.8614212560808121, ""categorical_roc_auc"": 0.8942541291411583, ""f1"": 0.6364870246716222, ""precision"": 0.6819743394830481, ""recall"": 0.6176525720972558}","{""accuracy"": 0.0, ""categorical_crossentropy"": -0.0, ""categorical_roc_auc"": 0.0, ""f1"": 0.0, ""precision"": 0.0, ""recall"": 0.0}",0.011513948440551758,0.0006957054138183594,18.176255464553833,400.0390625,599,ok,,1.0.0,{}
9971,ilpd,openml_task,amlb,classification,nofe,3,4500,466,117,10,10,0,0.7236002834868887,binary_roc_auc,True,0.7236002834868887,0.0,"{""accuracy"": 0.6581196580634087, ""binary_crossentropy"": 0.5316558431865822, ""binary_roc_auc"": 0.7236002834868887, ""f1"": 0.31034482262782404, ""precision"": 0.37499999984375, ""recall"": 0.2647058822750865}","{""accuracy"": 0.0, ""binary_crossentropy"": -0.0, ""binary_roc_auc"": 0.0, ""f1"": 0.0, ""precision"": 0.0, ""recall"": 0.0}",0.0058422088623046875,0.00011873245239257812,36.10720920562744,332.91796875,76,ok,,1.0.0,{}
9977,nomao,openml_task,amlb,classification,nofe,3,4500,27572,6893,118,118,0,0.9949315940538954,binary_roc_auc,True,0.9949315940538954,0.0,"{""accuracy"": 0.9709850573031031, ""binary_crossentropy"": 0.08160578670429798, ""binary_roc_auc"": 0.9949315940538954, ""f1"": 0.9796995483881867, ""precision"": 0.9793019480499608, ""recall"": 0.9800974817201866}","{""accuracy"": 0.0, ""binary_crossentropy"": -0.0, ""binary_roc_auc"": 0.0, ""f1"": 0.0, ""precision"": 0.0, ""recall"": 0.0}",0.025053739547729492,0.0024814605712890625,40.41310667991638,566.33984375,655,ok,,1.0.0,{}
146817,steel-plates-fault,openml_task,amlb,multiclass,nofe,3,4500,1552,389,27,27,0,0.556055096458257,categorical_crossentropy,False,0.556055096458257,-0.0,"{""accuracy"": 0.9368343738282856, ""categorical_crossentropy"": 0.556055096458257, ""categorical_roc_auc"": 0.964068851350129, ""f1"": 0.801639438902423, ""precision"": 0.8168300650271624, ""recall"": 0.7902437645801111}","{""accuracy"": 0.0, ""categorical_crossentropy"": -0.0, ""categorical_roc_auc"": 0.0, ""f1"": 0.0, ""precision"": 0.0, ""recall"": 0.0}",0.0055654048919677734,0.00010275840759277344,4.215591907501221,346.609375,216,ok,,1.0.0,{}
125920,dresses-sales,openml_task,amlb,classification,nofe,2,4500,400,100,12,12,0,0.578407224958949,binary_roc_auc,True,0.578407224958949,0.0,"{""accuracy"": 0.5599999999440001, ""binary_crossentropy"": 0.6700004321336747, ""binary_roc_auc"": 0.578407224958949, ""f1"": 0.37142856652244904, ""precision"": 0.46428571411989794, ""recall"": 0.3095238094501134}","{""accuracy"": 0.0, ""binary_crossentropy"": -0.0, ""binary_roc_auc"": 0.0, ""f1"": 0.0, ""precision"": 0.0, ""recall"": 0.0}",0.006159305572509766,0.00012874603271484375,8.22167706489563,327.99609375,20,ok,,1.0.0,{}
146817,steel-plates-fault,openml_task,amlb,multiclass,nofe,1,4500,1552,389,27,27,0,0.5611199447138482,categorical_crossentropy,False,0.5611199447138482,-0.0,"{""accuracy"": 0.9456481821277284, ""categorical_crossentropy"": 0.5611199447138482, ""categorical_roc_auc"": 0.9643125477831476, ""f1"": 0.8308561703161461, ""precision"": 0.8612488918322929, ""recall"": 0.8076913337057086}","{""accuracy"": 0.0, ""categorical_crossentropy"": -0.0, ""categorical_roc_auc"": 0.0, ""f1"": 0.0, ""precision"": 0.0, ""recall"": 0.0}",0.004836559295654297,7.2479248046875e-05,4.555375576019287,353.4140625,312,ok,,1.0.0,{}
146819,climate-model-crashes,openml_task,amlb,classification,nofe,0,4500,432,108,18,18,0,0.9797979797979798,binary_roc_auc,True,0.9797979797979798,0.0,"{""accuracy"": 0.9814814813906036, ""binary_crossentropy"": 0.10585292326976303, ""binary_roc_auc"": 0.9797979797979798, ""f1"": 0.9899999949015, ""precision"": 0.9801980197049309, ""recall"": 0.9999999998989899}","{""accuracy"": 0.0, ""binary_crossentropy"": -0.0, ""binary_roc_auc"": 0.0, ""f1"": 0.0, ""precision"": 0.0, ""recall"": 0.0}",0.004296302795410156,4.982948303222656e-05,4.15105414390564,331.2265625,65,ok,,1.0.0,{}
125920,dresses-sales,openml_task,amlb,classification,nofe,3,4500,400,100,12,12,0,0.5410509031198687,binary_roc_auc,True,0.5410509031198687,0.0,"{""accuracy"": 0.5599999999440001, ""binary_crossentropy"": 0.677971347272396, ""binary_roc_auc"": 0.5410509031198687, ""f1"": 0.2666666623777778, ""precision"": 0.4444444441975308, ""recall"": 0.190476190430839}","{""accuracy"": 0.0, ""binary_crossentropy"": -0.0, ""binary_roc_auc"": 0.0, ""f1"": 0.0, ""precision"": 0.0, ""recall"": 0.0}",0.004776716232299805,0.00021076202392578125,8.54285979270935,330.12109375,17,ok,,1.0.0,{}
146817,steel-plates-fault,openml_task,amlb,multiclass,nofe,4,4500,1552,389,27,27,0,0.524505772193652,categorical_crossentropy,False,0.524505772193652,-0.0,"{""accuracy"": 0.9537275064022178, ""categorical_crossentropy"": 0.524505772193652, ""categorical_roc_auc"": 0.9669667702920893, ""f1"": 0.8457044014143028, ""precision"": 0.8836603618344044, ""recall"": 0.8181108860856169}","{""accuracy"": 0.0, ""categorical_crossentropy"": -0.0, ""categorical_roc_auc"": 0.0, ""f1"": 0.0, ""precision"": 0.0, ""recall"": 0.0}",0.00493311882019043,7.081031799316406e-05,4.476777791976929,347.66015625,222,ok,,1.0.0,{}
9981,cnae-9,openml_task,amlb,multiclass,nofe,1,4500,864,216,856,856,0,0.23376340490008093,categorical_crossentropy,False,0.23376340490008093,-0.0,"{""accuracy"": 0.9825102880203569, ""categorical_crossentropy"": 0.23376340490008093, ""categorical_roc_auc"": 0.9952015817901236, ""f1"": 0.919937961643301, ""precision"": 0.9206961472674264, ""recall"": 0.9212962959124228}","{""accuracy"": 0.0, ""categorical_crossentropy"": -0.0, ""categorical_roc_auc"": 0.0, ""f1"": 0.0, ""precision"": 0.0, ""recall"": 0.0}",0.00510859489440918,0.00018167495727539062,40.76433086395264,373.02734375,416,ok,,1.0.0,{}
9981,cnae-9,openml_task,amlb,multiclass,nofe,3,4500,864,216,856,856,0,0.17373731231513106,categorical_crossentropy,False,0.17373731231513106,-0.0,"{""accuracy"": 0.9876543209419295, ""categorical_crossentropy"": 0.17373731231513106, ""categorical_roc_auc"": 0.9981433256172839, ""f1"": 0.9445848531181849, ""precision"": 0.9457821803866625, ""recall"": 0.944444444050926}","{""accuracy"": 0.0, ""categorical_crossentropy"": -0.0, ""categorical_roc_auc"": 0.0, ""f1"": 0.0, ""precision"": 0.0, ""recall"": 0.0}",0.005891084671020508,0.0002567768096923828,40.78913640975952,369.0234375,280,ok,,1.0.0,{}
125920,dresses-sales,openml_task,amlb,classification,nofe,4,4500,400,100,12,12,0,0.7159277504105089,binary_roc_auc,True,0.7159277504105089,0.0,"{""accuracy"": 0.689999999931, ""binary_crossentropy"": 0.5984754026681185, ""binary_roc_auc"": 0.7159277504105089, ""f1"": 0.5633802766990678, ""precision"": 0.6896551721759809, ""recall"": 0.47619047607709747}","{""accuracy"": 0.0, ""binary_crossentropy"": -0.0, ""binary_roc_auc"": 0.0, ""f1"": 0.0, ""precision"": 0.0, ""recall"": 0.0}",0.009013652801513672,0.00022673606872558594,8.996139764785767,328.984375,45,ok,,1.0.0,{}
9976,madelon,openml_task,amlb,classification,nofe,2,4500,2080,520,500,500,0,0.8960355029585798,binary_roc_auc,True,0.8960355029585798,0.0,"{""accuracy"": 0.8230769230610947, ""binary_crossentropy"": 0.4151295755721199, ""binary_roc_auc"": 0.8960355029585798, ""f1"": 0.8270676641443834, ""precision"": 0.8088235293820285, ""recall"": 0.8461538461213017}","{""accuracy"": 0.0, ""binary_crossentropy"": -0.0, ""binary_roc_auc"": 0.0, ""f1"": 0.0, ""precision"": 0.0, ""recall"": 0.0}",0.009303092956542969,0.001256704330444336,42.799025535583496,432.33984375,179,ok,,1.0.0,{}
146817,steel-plates-fault,openml_task,amlb,multiclass,nofe,2,4500,1552,389,27,27,0,0.5682447317764426,categorical_crossentropy,False,0.5682447317764426,-0.0,"{""accuracy"": 0.936099889803332, ""categorical_crossentropy"": 0.5682447317764426, ""categorical_roc_auc"": 0.9542219380359798, ""f1"": 0.8042288663235889, ""precision"": 0.8163748218844065, ""recall"": 0.7934083248788332}","{""accuracy"": 0.0, ""categorical_crossentropy"": -0.0, ""categorical_roc_auc"": 0.0, ""f1"": 0.0, ""precision"": 0.0, ""recall"": 0.0}",0.0057811737060546875,7.05718994140625e-05,5.8393166065216064,349.6171875,185,ok,,1.0.0,{}
9981,cnae-9,openml_task,amlb,multiclass,nofe,0,4500,864,216,856,856,0,0.25498190389178627,categorical_crossentropy,False,0.25498190389178627,-0.0,"{""accuracy"": 0.9876543209419295, ""categorical_crossentropy"": 0.25498190389178627, ""categorical_roc_auc"": 0.9932725694444444, ""f1"": 0.9451453766395499, ""precision"": 0.947336181938968, ""recall"": 0.944444444050926}","{""accuracy"": 0.0, ""categorical_crossentropy"": -0.0, ""categorical_roc_auc"": 0.0, ""f1"": 0.0, ""precision"": 0.0, ""recall"": 0.0}",0.006695985794067383,7.605552673339844e-05,41.70467472076416,371.12890625,243,ok,,1.0.0,{}
146817,steel-plates-fault,openml_task,amlb,multiclass,nofe,0,4500,1552,389,27,27,0,0.47827418842700076,categorical_crossentropy,False,0.47827418842700076,-0.0,"{""accuracy"": 0.9478516342025892, ""categorical_crossentropy"": 0.47827418842700076, ""categorical_roc_auc"": 0.9721606666748956, ""f1"": 0.8103089772917003, ""precision"": 0.8514358036696688, ""recall"": 0.7832353519355557}","{""accuracy"": 0.0, ""categorical_crossentropy"": -0.0, ""categorical_roc_auc"": 0.0, ""f1"": 0.0, ""precision"": 0.0, ""recall"": 0.0}",0.0063169002532958984,7.82012939453125e-05,6.240371942520142,343.80078125,157,ok,,1.0.0,{}
9977,nomao,openml_task,amlb,classification,nofe,4,4500,27572,6893,118,118,0,0.9957554420900068,binary_roc_auc,True,0.9957554420900068,0.0,"{""accuracy"": 0.9737414768591706, ""binary_crossentropy"": 0.07138354732680341, ""binary_roc_auc"": 0.9957554420900068, ""f1"": 0.9816038165245868, ""precision"": 0.9825025432329959, ""recall"": 0.9807067424837923}","{""accuracy"": 0.0, ""binary_crossentropy"": -0.0, ""binary_roc_auc"": 0.0, ""f1"": 0.0, ""precision"": 0.0, ""recall"": 0.0}",0.022265911102294922,0.0027561187744140625,42.91843628883362,566.59375,582,ok,,1.0.0,{}
14969,GesturePhaseSegmentation,openml_task,amlb,multiclass,nofe,1,4500,7898,1975,32,32,0,0.8447791167886491,categorical_crossentropy,False,0.8447791167886491,-0.0,"{""accuracy"": 0.8760506329069567, ""categorical_crossentropy"": 0.8447791167886491, ""categorical_roc_auc"": 0.9033367205741509, ""f1"": 0.6478185274321943, ""precision"": 0.6890589284240959, ""recall"": 0.6290495333092501}","{""accuracy"": 0.0, ""categorical_crossentropy"": -0.0, ""categorical_roc_auc"": 0.0, ""f1"": 0.0, ""precision"": 0.0, ""recall"": 0.0}",0.012264251708984375,0.0006678104400634766,28.105716228485107,411.48046875,751,ok,,1.0.0,{}
146800,MiceProtein,openml_task,amlb,multiclass,nofe,1,4500,864,216,77,77,0,0.09329512338337265,categorical_crossentropy,False,0.09329512338337265,-0.0,"{""accuracy"": 0.9965277777316423, ""categorical_crossentropy"": 0.09329512338337265, ""categorical_roc_auc"": 0.9996107997825441, ""f1"": 0.9868107387852748, ""precision"": 0.9869047615350903, ""recall"": 0.9870370366671908}","{""accuracy"": 0.0, ""categorical_crossentropy"": -0.0, ""categorical_roc_auc"": 0.0, ""f1"": 0.0, ""precision"": 0.0, ""recall"": 0.0}",0.0046844482421875,0.0001537799835205078,9.214353084564209,370.75390625,725,ok,,1.0.0,{}
125922,texture,openml_task,amlb,multiclass,nofe,0,4500,4400,1100,40,40,0,0.047722199471807634,categorical_crossentropy,False,0.047722199471807634,-0.0,"{""accuracy"": 0.9973553718917596, ""categorical_crossentropy"": 0.047722199471807634, ""categorical_roc_auc"": 0.9998372727272727, ""f1"": 0.9854584040482209, ""precision"": 0.985533932755585, ""recall"": 0.9854545453560001}","{""accuracy"": 0.0, ""categorical_crossentropy"": -0.0, ""categorical_roc_auc"": 0.0, ""f1"": 0.0, ""precision"": 0.0, ""recall"": 0.0}",0.0056400299072265625,0.0004062652587890625,11.928003072738647,406.8359375,889,ok,,1.0.0,{}
125922,texture,openml_task,amlb,multiclass,nofe,4,4500,4400,1100,40,40,0,0.069691450703272,categorical_crossentropy,False,0.069691450703272,-0.0,"{""accuracy"": 0.9965289256107752, ""categorical_crossentropy"": 0.069691450703272, ""categorical_roc_auc"": 0.9995127272727273, ""f1"": 0.9809234924541027, ""precision"": 0.9811876724914008, ""recall"": 0.9809090908110001}","{""accuracy"": 0.0, ""categorical_crossentropy"": -0.0, ""categorical_roc_auc"": 0.0, ""f1"": 0.0, ""precision"": 0.0, ""recall"": 0.0}",0.010161161422729492,0.0004227161407470703,10.692111730575562,389.96875,660,ok,,1.0.0,{}
146800,MiceProtein,openml_task,amlb,multiclass,nofe,0,4500,864,216,77,77,0,0.08769493911326949,categorical_crossentropy,False,0.08769493911326949,-0.0,"{""accuracy"": 0.9942129629169345, ""categorical_crossentropy"": 0.08769493911326949, ""categorical_roc_auc"": 0.999602423937848, ""f1"": 0.978068037158015, ""precision"": 0.9785095575776863, ""recall"": 0.977777777411361}","{""accuracy"": 0.0, ""categorical_crossentropy"": -0.0, ""categorical_roc_auc"": 0.0, ""f1"": 0.0, ""precision"": 0.0, ""recall"": 0.0}",0.005337238311767578,0.000232696533203125,10.236149072647095,380.2421875,1100,ok,,1.0.0,{}
14969,GesturePhaseSegmentation,openml_task,amlb,multiclass,nofe,2,4500,7898,1975,32,32,0,0.8486624981257829,categorical_crossentropy,False,0.8486624981257829,-0.0,"{""accuracy"": 0.8709873417677418, ""categorical_crossentropy"": 0.8486624981257829, ""categorical_roc_auc"": 0.9036352488204333, ""f1"": 0.6344069964806109, ""precision"": 0.6811698237233397, ""recall"": 0.6144311683166341}","{""accuracy"": 0.0, ""categorical_crossentropy"": -0.0, ""categorical_roc_auc"": 0.0, ""f1"": 0.0, ""precision"": 0.0, ""recall"": 0.0}",0.007905721664428711,0.0007388591766357422,28.150946617126465,414.203125,753,ok,,1.0.0,{}
146822,segment,openml_task,amlb,multiclass,nofe,1,4500,1848,462,16,16,0,0.18698880669572168,categorical_crossentropy,False,0.18698880669572168,-0.0,"{""accuracy"": 0.9814471242830237, ""categorical_crossentropy"": 0.18698880669572168, ""categorical_roc_auc"": 0.9950533473260746, ""f1"": 0.9351935432370809, ""precision"": 0.9374230375819771, ""recall"": 0.9350649349232586}","{""accuracy"": 0.0, ""categorical_crossentropy"": -0.0, ""categorical_roc_auc"": 0.0, ""f1"": 0.0, ""precision"": 0.0, ""recall"": 0.0}",0.0035893917083740234,4.887580871582031e-05,9.055997848510742,345.94921875,142,ok,,1.0.0,{}
146822,segment,openml_task,amlb,multiclass,nofe,0,4500,1848,462,16,16,0,0.18628343182854815,categorical_crossentropy,False,0.18628343182854815,-0.0,"{""accuracy"": 0.9777365491439575, ""categorical_crossentropy"": 0.18628343182854815, ""categorical_roc_auc"": 0.9953211771393589, ""f1"": 0.921656427505075, ""precision"": 0.9223578181797869, ""recall"": 0.9220779219382134}","{""accuracy"": 0.0, ""categorical_crossentropy"": -0.0, ""categorical_roc_auc"": 0.0, ""f1"": 0.0, ""precision"": 0.0, ""recall"": 0.0}",0.004547834396362305,6.008148193359375e-05,10.079872369766235,345.45703125,169,ok,,1.0.0,{}
146822,segment,openml_task,amlb,multiclass,nofe,3,4500,1848,462,16,16,0,0.17863728623137734,categorical_crossentropy,False,0.17863728623137734,-0.0,"{""accuracy"": 0.9820655534728681, ""categorical_crossentropy"": 0.17863728623137734, ""categorical_roc_auc"": 0.9944411648957104, ""f1"": 0.9366282481242306, ""precision"": 0.9382434928992543, ""recall"": 0.9372294370874329}","{""accuracy"": 0.0, ""categorical_crossentropy"": -0.0, ""categorical_roc_auc"": 0.0, ""f1"": 0.0, ""precision"": 0.0, ""recall"": 0.0}",0.008307456970214844,8.821487426757812e-05,8.953928709030151,341.375,162,ok,,1.0.0,{}
146822,segment,openml_task,amlb,multiclass,nofe,4,4500,1848,462,16,16,0,0.2280882965451816,categorical_crossentropy,False,0.2280882965451816,-0.0,"{""accuracy"": 0.9777365491439574, ""categorical_crossentropy"": 0.2280882965451816, ""categorical_roc_auc"": 0.994113210022301, ""f1"": 0.9218162102450078, ""precision"": 0.9226190668193395, ""recall"": 0.9220779219382134}","{""accuracy"": 0.0, ""categorical_crossentropy"": -0.0, ""categorical_roc_auc"": 0.0, ""f1"": 0.0, ""precision"": 0.0, ""recall"": 0.0}",0.00590062141418457,7.843971252441406e-05,8.864619731903076,343.46875,131,ok,,1.0.0,{}
146822,segment,openml_task,amlb,multiclass,nofe,2,4500,1848,462,16,16,0,0.13462854875856406,categorical_crossentropy,False,0.13462854875856406,-0.0,"{""accuracy"": 0.9857761286119343, ""categorical_crossentropy"": 0.13462854875856406, ""categorical_roc_auc"": 0.9971194630285539, ""f1"": 0.9501798740792072, ""precision"": 0.9505545862312836, ""recall"": 0.950216450072478}","{""accuracy"": 0.0, ""categorical_crossentropy"": -0.0, ""categorical_roc_auc"": 0.0, ""f1"": 0.0, ""precision"": 0.0, ""recall"": 0.0}",0.004354238510131836,5.507469177246094e-05,9.261175155639648,342.515625,153,ok,,1.0.0,{}
125922,texture,openml_task,amlb,multiclass,nofe,2,4500,4400,1100,40,40,0,0.043223750026754715,categorical_crossentropy,False,0.043223750026754715,-0.0,"{""accuracy"": 0.9971900826355629, ""categorical_crossentropy"": 0.043223750026754715, ""categorical_roc_auc"": 0.9998372727272726, ""f1"": 0.9845697881567556, ""precision"": 0.9847985436757398, ""recall"": 0.9845454544470001}","{""accuracy"": 0.0, ""categorical_crossentropy"": -0.0, ""categorical_roc_auc"": 0.0, ""f1"": 0.0, ""precision"": 0.0, ""recall"": 0.0}",0.016680479049682617,0.0011796951293945312,24.46247887611389,456.51953125,1999,ok,,1.0.0,{}
14969,GesturePhaseSegmentation,openml_task,amlb,multiclass,nofe,3,4500,7898,1975,32,32,0,0.871736413325136,categorical_crossentropy,False,0.871736413325136,-0.0,"{""accuracy"": 0.8689620253120559, ""categorical_crossentropy"": 0.871736413325136, ""categorical_roc_auc"": 0.8982699868679207, ""f1"": 0.6353450508366063, ""precision"": 0.6749028736161058, ""recall"": 0.6167728377812314}","{""accuracy"": 0.0, ""categorical_crossentropy"": -0.0, ""categorical_roc_auc"": 0.0, ""f1"": 0.0, ""precision"": 0.0, ""recall"": 0.0}",0.014368772506713867,0.0007436275482177734,29.349989652633667,415.98046875,768,ok,,1.0.0,{}
146824,mfeat-pixel,openml_task,amlb,multiclass,nofe,0,4500,1600,400,240,240,0,0.13440021989808884,categorical_crossentropy,False,0.13440021989808884,-0.0,"{""accuracy"": 0.9924999999751876, ""categorical_crossentropy"": 0.13440021989808884, ""categorical_roc_auc"": 0.9988680555555556, ""f1"": 0.9623410713026759, ""precision"": 0.963393861993621, ""recall"": 0.9624999997593748}","{""accuracy"": 0.0, ""categorical_crossentropy"": -0.0, ""categorical_roc_auc"": 0.0, ""f1"": 0.0, ""precision"": 0.0, ""recall"": 0.0}",0.004620790481567383,5.221366882324219e-05,12.092200517654419,359.16796875,309,ok,,1.0.0,{}
146820,wilt,openml_task,amlb,classification,nofe,2,4500,3871,968,5,5,0,0.9934287873698353,binary_roc_auc,True,0.9934287873698353,0.0,"{""accuracy"": 0.9886363636261505, ""binary_crossentropy"": 0.043496420626549355, ""binary_roc_auc"": 0.9934287873698353, ""f1"": 0.8932038783221793, ""precision"": 0.9019607841368704, ""recall"": 0.8846153844452662}","{""accuracy"": 0.0, ""binary_crossentropy"": -0.0, ""binary_roc_auc"": 0.0, ""f1"": 0.0, ""precision"": 0.0, ""recall"": 0.0}",0.009254693984985352,8.58306884765625e-05,16.48695683479309,336.80078125,361,ok,,1.0.0,{}
146819,climate-model-crashes,openml_task,amlb,classification,nofe,4,4500,432,108,18,18,0,0.9461279461279462,binary_roc_auc,True,0.9461279461279462,0.0,"{""accuracy"": 0.9444444443569959, ""binary_crossentropy"": 0.1701035792766898, ""binary_roc_auc"": 0.9461279461279462, ""f1"": 0.9705882302032873, ""precision"": 0.942857142767347, ""recall"": 0.9999999998989899}","{""accuracy"": 0.0, ""binary_crossentropy"": -0.0, ""binary_roc_auc"": 0.0, ""f1"": 0.0, ""precision"": 0.0, ""recall"": 0.0}",0.008180618286132812,8.630752563476562e-05,16.722711324691772,328.38671875,19,ok,,1.0.0,{}
146819,climate-model-crashes,openml_task,amlb,classification,nofe,2,4500,432,108,18,18,0,0.9719416386083053,binary_roc_auc,True,0.9719416386083053,0.0,"{""accuracy"": 0.9537037036153979, ""binary_crossentropy"": 0.11608579235137396, ""binary_roc_auc"": 0.9719416386083053, ""f1"": 0.9753694530350167, ""precision"": 0.9519230768315459, ""recall"": 0.9999999998989899}","{""accuracy"": 0.0, ""binary_crossentropy"": -0.0, ""binary_roc_auc"": 0.0, ""f1"": 0.0, ""precision"": 0.0, ""recall"": 0.0}",0.004659891128540039,5.221366882324219e-05,17.474689483642578,331.45703125,185,ok,,1.0.0,{}
146820,wilt,openml_task,amlb,classification,nofe,0,4500,3871,968,5,5,0,0.9884111521666106,binary_roc_auc,True,0.9884111521666106,0.0,"{""accuracy"": 0.9814049586675475, ""binary_crossentropy"": 0.06374647552121218, ""binary_roc_auc"": 0.9884111521666106, ""f1"": 0.8269230717640532, ""precision"": 0.8269230767640532, ""recall"": 0.8269230767640532}","{""accuracy"": 0.0, ""binary_crossentropy"": -0.0, ""binary_roc_auc"": 0.0, ""f1"": 0.0, ""precision"": 0.0, ""recall"": 0.0}",0.005918979644775391,4.863739013671875e-05,17.471636056900024,336.55078125,420,ok,,1.0.0,{}
146800,MiceProtein,openml_task,amlb,multiclass,nofe,2,4500,864,216,77,77,0,0.08962507184305987,categorical_crossentropy,False,0.08962507184305987,-0.0,"{""accuracy"": 0.9930555555095807, ""categorical_crossentropy"": 0.08962507184305987, ""categorical_roc_auc"": 0.9995842104265044, ""f1"": 0.9727251478525758, ""precision"": 0.9739839897813399, ""recall"": 0.9727513223870887}","{""accuracy"": 0.0, ""categorical_crossentropy"": -0.0, ""categorical_roc_auc"": 0.0, ""f1"": 0.0, ""precision"": 0.0, ""recall"": 0.0}",0.002523183822631836,0.0001354217529296875,26.205267906188965,375.08203125,852,ok,,1.0.0,{}
125922,texture,openml_task,amlb,multiclass,nofe,3,4500,4400,1100,40,40,0,0.035501098910545724,categorical_crossentropy,False,0.035501098910545724,-0.0,"{""accuracy"": 0.9986776859413343, ""categorical_crossentropy"": 0.035501098910545724, ""categorical_roc_auc"": 0.9998818181818183, ""f1"": 0.9927305482760079, ""precision"": 0.9928755825923766, ""recall"": 0.9927272726280001}","{""accuracy"": 0.0, ""categorical_crossentropy"": -0.0, ""categorical_roc_auc"": 0.0, ""f1"": 0.0, ""precision"": 0.0, ""recall"": 0.0}",0.007214069366455078,0.0008575916290283203,28.30044651031494,403.1953125,878,ok,,1.0.0,{}
146821,car,openml_task,amlb,multiclass,nofe,0,4500,1382,346,6,6,0,0.04228015337496857,categorical_crossentropy,False,0.04228015337496857,-0.0,"{""accuracy"": 0.9956647398556167, ""categorical_crossentropy"": 0.04228015337496857, ""categorical_roc_auc"": 0.9997167083446894, ""f1"": 0.9771368323446332, ""precision"": 0.9770042190041328, ""recall"": 0.9787031146679525}","{""accuracy"": 0.0, ""categorical_crossentropy"": -0.0, ""categorical_roc_auc"": 0.0, ""f1"": 0.0, ""precision"": 0.0, ""recall"": 0.0}",0.005002498626708984,9.775161743164062e-05,17.582866191864014,344.36328125,506,ok,,1.0.0,{}
146820,wilt,openml_task,amlb,classification,nofe,3,4500,3871,968,5,5,0,0.9874034262680551,binary_roc_auc,True,0.9874034262680551,0.0,"{""accuracy"": 0.9834710743700055, ""binary_crossentropy"": 0.04979921166399481, ""binary_roc_auc"": 0.9874034262680551, ""f1"": 0.8431372497385621, ""precision"": 0.859999999828, ""recall"": 0.8269230767640532}","{""accuracy"": 0.0, ""binary_crossentropy"": -0.0, ""binary_roc_auc"": 0.0, ""f1"": 0.0, ""precision"": 0.0, ""recall"": 0.0}",0.007719993591308594,7.176399230957031e-05,18.00895047187805,336.27734375,269,ok,,1.0.0,{}
146819,climate-model-crashes,openml_task,amlb,classification,nofe,1,4500,432,108,18,18,0,0.9775533108866443,binary_roc_auc,True,0.9775533108866443,0.0,"{""accuracy"": 0.935185185098594, ""binary_crossentropy"": 0.14666924635983175, ""binary_roc_auc"": 0.9775533108866443, ""f1"": 0.9658536534481856, ""precision"": 0.9339622640628338, ""recall"": 0.9999999998989899}","{""accuracy"": 0.0, ""binary_crossentropy"": -0.0, ""binary_roc_auc"": 0.0, ""f1"": 0.0, ""precision"": 0.0, ""recall"": 0.0}",0.004285573959350586,5.125999450683594e-05,18.33629298210144,332.43359375,30,ok,,1.0.0,{}
146820,wilt,openml_task,amlb,classification,nofe,4,4500,3871,968,5,5,0,0.9875923748740342,binary_roc_auc,True,0.9875923748740342,0.0,"{""accuracy"": 0.9834710743700055, ""binary_crossentropy"": 0.05756351395309537, ""binary_roc_auc"": 0.9875923748740342, ""f1"": 0.8399999948400001, ""precision"": 0.8749999998177084, ""recall"": 0.8076923075369823}","{""accuracy"": 0.0, ""binary_crossentropy"": -0.0, ""binary_roc_auc"": 0.0, ""f1"": 0.0, ""precision"": 0.0, ""recall"": 0.0}",0.00651240348815918,7.033348083496094e-05,18.21089196205139,334.73828125,178,ok,,1.0.0,{}
146820,wilt,openml_task,amlb,classification,nofe,1,4500,3871,968,5,5,0,0.9931138730265369,binary_roc_auc,True,0.9931138730265369,0.0,"{""accuracy"": 0.9845041322212345, ""binary_crossentropy"": 0.050808146011510597, ""binary_roc_auc"": 0.9931138730265369, ""f1"": 0.8484848433261911, ""precision"": 0.8936170210864645, ""recall"": 0.8076923075369823}","{""accuracy"": 0.0, ""binary_crossentropy"": -0.0, ""binary_roc_auc"": 0.0, ""f1"": 0.0, ""precision"": 0.0, ""recall"": 0.0}",0.005034446716308594,5.340576171875e-05,18.24596071243286,336.5625,208,ok,,1.0.0,{}
146800,MiceProtein,openml_task,amlb,multiclass,nofe,4,4500,864,216,77,77,0,0.05427967479799581,categorical_crossentropy,False,0.05427967479799581,-0.0,"{""accuracy"": 0.9988425925463499, ""categorical_crossentropy"": 0.05427967479799581, ""categorical_roc_auc"": 1.0, ""f1"": 0.9955923237335167, ""precision"": 0.9959677415620094, ""recall"": 0.9953703699977463}","{""accuracy"": 0.0, ""categorical_crossentropy"": -0.0, ""categorical_roc_auc"": 0.0, ""f1"": 0.0, ""precision"": 0.0, ""recall"": 0.0}",0.006547212600708008,6.961822509765625e-05,27.022839546203613,381.5625,1150,ok,,1.0.0,{}
146800,MiceProtein,openml_task,amlb,multiclass,nofe,3,4500,864,216,77,77,0,0.09154608018057102,categorical_crossentropy,False,0.09154608018057102,-0.0,"{""accuracy"": 0.9953703703242883, ""categorical_crossentropy"": 0.09154608018057102, ""categorical_roc_auc"": 0.9998167252124839, ""f1"": 0.9806189418175977, ""precision"": 0.9809214452720734, ""recall"": 0.9806216927550071}","{""accuracy"": 0.0, ""categorical_crossentropy"": -0.0, ""categorical_roc_auc"": 0.0, ""f1"": 0.0, ""precision"": 0.0, ""recall"": 0.0}",0.0035920143127441406,5.626678466796875e-05,26.926025390625,377.953125,921,ok,,1.0.0,{}
146819,climate-model-crashes,openml_task,amlb,classification,nofe,3,4500,432,108,18,18,0,0.9315375982042648,binary_roc_auc,True,0.9315375982042648,0.0,"{""accuracy"": 0.9444444443569959, ""binary_crossentropy"": 0.17929328311637854, ""binary_roc_auc"": 0.9315375982042648, ""f1"": 0.9705882302032873, ""precision"": 0.942857142767347, ""recall"": 0.9999999998989899}","{""accuracy"": 0.0, ""binary_crossentropy"": -0.0, ""binary_roc_auc"": 0.0, ""f1"": 0.0, ""precision"": 0.0, ""recall"": 0.0}",0.0036966800689697266,5.91278076171875e-05,19.07005786895752,330.70703125,164,ok,,1.0.0,{}
125922,texture,openml_task,amlb,multiclass,nofe,1,4500,4400,1100,40,40,0,0.050336202954081685,categorical_crossentropy,False,0.050336202954081685,-0.0,"{""accuracy"": 0.9965289256107753, ""categorical_crossentropy"": 0.050336202954081685, ""categorical_roc_auc"": 0.9998090909090909, ""f1"": 0.9809803648830022, ""precision"": 0.9811673134557847, ""recall"": 0.980909090811}","{""accuracy"": 0.0, ""categorical_crossentropy"": -0.0, ""categorical_roc_auc"": 0.0, ""f1"": 0.0, ""precision"": 0.0, ""recall"": 0.0}",0.009680747985839844,0.0005862712860107422,29.956358671188354,427.8671875,1357,ok,,1.0.0,{}
146821,car,openml_task,amlb,multiclass,nofe,3,4500,1382,346,6,6,0,0.04885562676530217,categorical_crossentropy,False,0.04885562676530217,-0.0,"{""accuracy"": 0.9927745664452955, ""categorical_crossentropy"": 0.04885562676530217, ""categorical_roc_auc"": 0.9999275817119684, ""f1"": 0.9611010149916958, ""precision"": 0.9847560971023497, ""recall"": 0.9443624553507655}","{""accuracy"": 0.0, ""categorical_crossentropy"": -0.0, ""categorical_roc_auc"": 0.0, ""f1"": 0.0, ""precision"": 0.0, ""recall"": 0.0}",0.00627446174621582,0.00011086463928222656,18.040528059005737,343.09765625,446,ok,,1.0.0,{}
14969,GesturePhaseSegmentation,openml_task,amlb,multiclass,nofe,4,4500,7898,1975,32,32,0,0.8512472345003022,categorical_crossentropy,False,0.8512472345003022,-0.0,"{""accuracy"": 0.8776708860715055, ""categorical_crossentropy"": 0.8512472345003022, ""categorical_roc_auc"": 0.8975146748708906, ""f1"": 0.6512973554121606, ""precision"": 0.6894014965427043, ""recall"": 0.6341581523541608}","{""accuracy"": 0.0, ""categorical_crossentropy"": -0.0, ""categorical_roc_auc"": 0.0, ""f1"": 0.0, ""precision"": 0.0, ""recall"": 0.0}",0.010909795761108398,0.0004680156707763672,35.13351225852966,403.51171875,637,ok,,1.0.0,{}
146821,car,openml_task,amlb,multiclass,nofe,4,4500,1382,346,6,6,0,0.04147263429719666,categorical_crossentropy,False,0.04147263429719666,-0.0,"{""accuracy"": 0.994219653150456, ""categorical_crossentropy"": 0.04147263429719666, ""categorical_roc_auc"": 0.9988355633706554, ""f1"": 0.9732469122870874, ""precision"": 0.9914573127361974, ""recall"": 0.957792207404884}","{""accuracy"": 0.0, ""categorical_crossentropy"": -0.0, ""categorical_roc_auc"": 0.0, ""f1"": 0.0, ""precision"": 0.0, ""recall"": 0.0}",0.003945112228393555,9.369850158691406e-05,18.801690816879272,352.68359375,757,ok,,1.0.0,{}
146821,car,openml_task,amlb,multiclass,nofe,2,4500,1382,346,6,6,0,0.05245632275679619,categorical_crossentropy,False,0.05245632275679619,-0.0,"{""accuracy"": 0.991329479740135, ""categorical_crossentropy"": 0.05245632275679619, ""categorical_roc_auc"": 0.9992745265327229, ""f1"": 0.9434479746629484, ""precision"": 0.9507693948173618, ""recall"": 0.9366883113141646}","{""accuracy"": 0.0, ""categorical_crossentropy"": -0.0, ""categorical_roc_auc"": 0.0, ""f1"": 0.0, ""precision"": 0.0, ""recall"": 0.0}",0.004763364791870117,9.799003601074219e-05,19.09443998336792,339.6015625,359,ok,,1.0.0,{}
146821,car,openml_task,amlb,multiclass,nofe,1,4500,1382,346,6,6,0,0.0336414128270172,categorical_crossentropy,False,0.0336414128270172,-0.0,"{""accuracy"": 0.991329479740135, ""categorical_crossentropy"": 0.0336414128270172, ""categorical_roc_auc"": 0.9996739372021847, ""f1"": 0.9544215992564924, ""precision"": 0.9580301057345111, ""recall"": 0.9521387699357668}","{""accuracy"": 0.0, ""categorical_crossentropy"": -0.0, ""categorical_roc_auc"": 0.0, ""f1"": 0.0, ""precision"": 0.0, ""recall"": 0.0}",0.0044634342193603516,9.322166442871094e-05,19.45299196243286,375.7421875,1707,ok,,1.0.0,{}
146824,mfeat-pixel,openml_task,amlb,multiclass,nofe,4,4500,1600,400,240,240,0,0.17958372214146948,categorical_crossentropy,False,0.17958372214146948,-0.0,"{""accuracy"": 0.9879999999753, ""categorical_crossentropy"": 0.17958372214146948, ""categorical_roc_auc"": 0.9981944444444444, ""f1"": 0.9402356551995548, ""precision"": 0.9424092181197457, ""recall"": 0.9399999997649999}","{""accuracy"": 0.0, ""categorical_crossentropy"": -0.0, ""categorical_roc_auc"": 0.0, ""f1"": 0.0, ""precision"": 0.0, ""recall"": 0.0}",0.00429224967956543,5.602836608886719e-05,6.019451141357422,363.69921875,464,ok,,1.0.0,{}
167120,numerai28.6,openml_task,amlb,classification,nofe,4,4500,77056,19264,21,21,0,0.5224742302692433,binary_roc_auc,True,0.5224742302692433,0.0,"{""accuracy"": 0.5191029900329531, ""binary_crossentropy"": 0.6925143302306904, ""binary_roc_auc"": 0.5224742302692433, ""f1"": 0.560155725728089, ""precision"": 0.520653133274033, ""recall"": 0.6061446773524392}","{""accuracy"": 0.0, ""binary_crossentropy"": -0.0, ""binary_roc_auc"": 0.0, ""f1"": 0.0, ""precision"": 0.0, ""recall"": 0.0}",0.03465533256530762,0.0004715919494628906,5.684649467468262,484.2421875,69,ok,,1.0.0,{}
167120,numerai28.6,openml_task,amlb,classification,nofe,1,4500,77056,19264,21,21,0,0.5233681516941053,binary_roc_auc,True,0.5233681516941053,0.0,"{""accuracy"": 0.517857142856874, ""binary_crossentropy"": 0.6922300620703801, ""binary_roc_auc"": 0.5233681516941053, ""f1"": 0.5682811143160419, ""precision"": 0.5188423018158896, ""recall"": 0.6281339909570199}","{""accuracy"": 0.0, ""binary_crossentropy"": -0.0, ""binary_roc_auc"": 0.0, ""f1"": 0.0, ""precision"": 0.0, ""recall"": 0.0}",0.02892756462097168,0.0004374980926513672,5.751610517501831,478.015625,55,ok,,1.0.0,{}
167120,numerai28.6,openml_task,amlb,classification,nofe,2,4500,77056,19264,21,21,0,0.5265157899779556,binary_roc_auc,True,0.5265157899779556,0.0,"{""accuracy"": 0.5181686046508938, ""binary_crossentropy"": 0.6922187446384533, ""binary_roc_auc"": 0.5265157899779556, ""f1"": 0.5785123917611513, ""precision"": 0.5183075671273244, ""recall"": 0.654541718042895}","{""accuracy"": 0.0, ""binary_crossentropy"": -0.0, ""binary_roc_auc"": 0.0, ""f1"": 0.0, ""precision"": 0.0, ""recall"": 0.0}",0.03131365776062012,0.00048041343688964844,5.565011739730835,480.65625,35,ok,,1.0.0,{}
167120,numerai28.6,openml_task,amlb,classification,nofe,3,4500,77056,19264,21,21,0,0.5263031676543621,binary_roc_auc,True,0.5263031676543621,0.0,"{""accuracy"": 0.5190510797339498, ""binary_crossentropy"": 0.6922210489192426, ""binary_roc_auc"": 0.5263031676543621, ""f1"": 0.5720356548961246, ""precision"": 0.5195938575140391, ""recall"": 0.6362515413063745}","{""accuracy"": 0.0, ""binary_crossentropy"": -0.0, ""binary_roc_auc"": 0.0, ""f1"": 0.0, ""precision"": 0.0, ""recall"": 0.0}",0.03248023986816406,0.00046181678771972656,5.993330240249634,479.6875,58,ok,,1.0.0,{}
146824,mfeat-pixel,openml_task,amlb,multiclass,nofe,1,4500,1600,400,240,240,0,0.17112827877064773,categorical_crossentropy,False,0.17112827877064773,-0.0,"{""accuracy"": 0.9904999999752375, ""categorical_crossentropy"": 0.17112827877064773, ""categorical_roc_auc"": 0.9978611111111112, ""f1"": 0.9523957829407426, ""precision"": 0.953391576174741, ""recall"": 0.9524999997618749}","{""accuracy"": 0.0, ""categorical_crossentropy"": -0.0, ""categorical_roc_auc"": 0.0, ""f1"": 0.0, ""precision"": 0.0, ""recall"": 0.0}",0.003281831741333008,6.365776062011719e-05,12.648768901824951,402.6015625,1329,ok,,1.0.0,{}
146824,mfeat-pixel,openml_task,amlb,multiclass,nofe,2,4500,1600,400,240,240,0,0.1928138062047219,categorical_crossentropy,False,0.1928138062047219,-0.0,"{""accuracy"": 0.9889999999752751, ""categorical_crossentropy"": 0.1928138062047219, ""categorical_roc_auc"": 0.9972430555555555, ""f1"": 0.94526045203699, ""precision"": 0.9478537648018296, ""recall"": 0.9449999997637499}","{""accuracy"": 0.0, ""categorical_crossentropy"": -0.0, ""categorical_roc_auc"": 0.0, ""f1"": 0.0, ""precision"": 0.0, ""recall"": 0.0}",0.0072612762451171875,7.987022399902344e-05,13.711028099060059,379.04296875,793,ok,,1.0.0,{}
9978,ozone-level-8hr,openml_task,amlb,classification,nofe,0,4500,2027,507,72,72,0,0.9125657894736843,binary_roc_auc,True,0.9125657894736843,0.0,"{""accuracy"": 0.9487179486992363, ""binary_crossentropy"": 0.14963832658787185, ""binary_roc_auc"": 0.9125657894736843, ""f1"": 0.40909090493801653, ""precision"": 0.749999999375, ""recall"": 0.28124999991210936}","{""accuracy"": 0.0, ""binary_crossentropy"": -0.0, ""binary_roc_auc"": 0.0, ""f1"": 0.0, ""precision"": 0.0, ""recall"": 0.0}",0.013840675354003906,0.0003845691680908203,72.21683692932129,347.140625,72,ok,,1.0.0,{}
146824,mfeat-pixel,openml_task,amlb,multiclass,nofe,3,4500,1600,400,240,240,0,0.10576685798558173,categorical_crossentropy,False,0.10576685798558173,-0.0,"{""accuracy"": 0.9964999999750874, ""categorical_crossentropy"": 0.10576685798558173, ""categorical_roc_auc"": 0.999048611111111, ""f1"": 0.9825265599404537, ""precision"": 0.9829819974310388, ""recall"": 0.9824999997543749}","{""accuracy"": 0.0, ""categorical_crossentropy"": -0.0, ""categorical_roc_auc"": 0.0, ""f1"": 0.0, ""precision"": 0.0, ""recall"": 0.0}",0.004331827163696289,6.842613220214844e-05,13.937451362609863,397.63671875,1137,ok,,1.0.0,{}
9978,ozone-level-8hr,openml_task,amlb,classification,nofe,1,4500,2027,507,72,72,0,0.9156578947368421,binary_roc_auc,True,0.9156578947368421,0.0,"{""accuracy"": 0.9408284023483071, ""binary_crossentropy"": 0.15653968722462155, ""binary_roc_auc"": 0.9156578947368421, ""f1"": 0.16666666459876545, ""precision"": 0.7499999981250001, ""recall"": 0.09374999997070313}","{""accuracy"": 0.0, ""binary_crossentropy"": -0.0, ""binary_roc_auc"": 0.0, ""f1"": 0.0, ""precision"": 0.0, ""recall"": 0.0}",0.004185914993286133,0.0003504753112792969,73.42492389678955,345.07421875,45,ok,,1.0.0,{}
167119,jungle_chess,openml_task,amlb,multiclass,nofe,1,4500,35855,8964,6,6,0,0.2394735557652942,categorical_crossentropy,False,0.2394735557652942,-0.0,"{""accuracy"": 0.9099360404571136, ""categorical_crossentropy"": 0.2394735557652942, ""categorical_roc_auc"": 0.9778483420035716, ""f1"": 0.8126655349053463, ""precision"": 0.8198269695283168, ""recall"": 0.8062725855108311}","{""accuracy"": 0.0, ""categorical_crossentropy"": -0.0, ""categorical_roc_auc"": 0.0, ""f1"": 0.0, ""precision"": 0.0, ""recall"": 0.0}",0.01395869255065918,5.53131103515625e-05,11.043495893478394,398.0546875,1068,ok,,1.0.0,{}
32,pendigits,openml_task,amlb,multiclass,nofe,2,4500,8793,2199,16,16,0,0.04000493750683796,categorical_crossentropy,False,0.04000493750683796,-0.0,"{""accuracy"": 0.9978171896271132, ""categorical_crossentropy"": 0.04000493750683796, ""categorical_roc_auc"": 0.9993044640967922, ""f1"": 0.9890929114701587, ""precision"": 0.9892491799703768, ""recall"": 0.9889942861007925}","{""accuracy"": 0.0, ""categorical_crossentropy"": -0.0, ""categorical_roc_auc"": 0.0, ""f1"": 0.0, ""precision"": 0.0, ""recall"": 0.0}",0.005860805511474609,0.0002338886260986328,140.43629479408264,385.796875,573,ok,,1.0.0,{}
167120,numerai28.6,openml_task,amlb,classification,nofe,0,4500,77056,19264,21,21,0,0.5202134202502001,binary_roc_auc,True,0.5202134202502001,0.0,"{""accuracy"": 0.5154692691027224, ""binary_crossentropy"": 0.6924404014316557, ""binary_roc_auc"": 0.5202134202502001, ""f1"": 0.6044580000686063, ""precision"": 0.5143516515213368, ""recall"": 0.732840115083505}","{""accuracy"": 0.0, ""binary_crossentropy"": -0.0, ""binary_roc_auc"": 0.0, ""f1"": 0.0, ""precision"": 0.0, ""recall"": 0.0}",0.03201699256896973,0.0005660057067871094,10.184194564819336,476.73828125,11,ok,,1.0.0,{}
167119,jungle_chess,openml_task,amlb,multiclass,nofe,0,4500,35855,8964,6,6,0,0.25013162515112963,categorical_crossentropy,False,0.25013162515112963,-0.0,"{""accuracy"": 0.9064405771222969, ""categorical_crossentropy"": 0.25013162515112963, ""categorical_roc_auc"": 0.9761324621062014, ""f1"": 0.8096219636307084, ""precision"": 0.815332280554221, ""recall"": 0.8044296124196028}","{""accuracy"": 0.0, ""categorical_crossentropy"": -0.0, ""categorical_roc_auc"": 0.0, ""f1"": 0.0, ""precision"": 0.0, ""recall"": 0.0}",0.013422966003417969,5.793571472167969e-05,11.923298835754395,404.46484375,1147,ok,,1.0.0,{}
167119,jungle_chess,openml_task,amlb,multiclass,nofe,3,4500,35855,8964,6,6,0,0.24822381102596122,categorical_crossentropy,False,0.24822381102596122,-0.0,"{""accuracy"": 0.908597352371439, ""categorical_crossentropy"": 0.24822381102596122, ""categorical_roc_auc"": 0.9761333555390737, ""f1"": 0.8138799116467185, ""precision"": 0.8216243573185342, ""recall"": 0.8069622281655239}","{""accuracy"": 0.0, ""categorical_crossentropy"": -0.0, ""categorical_roc_auc"": 0.0, ""f1"": 0.0, ""precision"": 0.0, ""recall"": 0.0}",0.013334274291992188,7.05718994140625e-05,10.714279174804688,394.41796875,986,ok,,1.0.0,{}
167119,jungle_chess,openml_task,amlb,multiclass,nofe,4,4500,35855,8964,6,6,0,0.24839824591215465,categorical_crossentropy,False,0.24839824591215465,-0.0,"{""accuracy"": 0.9091179532936459, ""categorical_crossentropy"": 0.24839824591215465, ""categorical_roc_auc"": 0.9765045182250489, ""f1"": 0.8148956869546208, ""precision"": 0.8205239586214056, ""recall"": 0.8097237484904093}","{""accuracy"": 0.0, ""categorical_crossentropy"": -0.0, ""categorical_roc_auc"": 0.0, ""f1"": 0.0, ""precision"": 0.0, ""recall"": 0.0}",0.02044844627380371,0.00010800361633300781,11.007855653762817,395.80859375,1022,ok,,1.0.0,{}
167125,Internet-Advertisements,openml_task,amlb,classification,nofe,0,4500,2623,656,1558,1558,0,0.9701954209065681,binary_roc_auc,True,0.9701954209065681,0.0,"{""accuracy"": 0.9710365853510513, ""binary_crossentropy"": 0.11419002338090384, ""binary_roc_auc"": 0.9701954209065681, ""f1"": 0.9832893529425598, ""precision"": 0.9755671902098505, ""recall"": 0.9911347517554763}","{""accuracy"": 0.0, ""binary_crossentropy"": -0.0, ""binary_roc_auc"": 0.0, ""f1"": 0.0, ""precision"": 0.0, ""recall"": 0.0}",0.060570716857910156,0.13590121269226074,8.125484704971313,424.60546875,164,ok,,1.0.0,{}
49,tic-tac-toe,openml_task,amlb,classification,nofe,0,4500,766,192,9,9,0,0.9998805970149254,binary_roc_auc,True,0.9998805970149254,0.0,"{""accuracy"": 0.9947916666148545, ""binary_crossentropy"": 0.026322580301401406, ""binary_roc_auc"": 0.9998805970149254, ""f1"": 0.9960159311756958, ""precision"": 0.992063491984757, ""recall"": 0.9999999999200001}","{""accuracy"": 0.0, ""binary_crossentropy"": -0.0, ""binary_roc_auc"": 0.0, ""f1"": 0.0, ""precision"": 0.0, ""recall"": 0.0}",0.006882905960083008,0.00015044212341308594,135.88267254829407,340.06640625,1611,ok,,1.0.0,{}
9977,nomao,openml_task,amlb,classification,nofe,0,4500,27572,6893,118,118,0,0.9958402765200163,binary_roc_auc,True,0.9958402765200163,0.0,"{""accuracy"": 0.9709850573031031, ""binary_crossentropy"": 0.07335619736651688, ""binary_roc_auc"": 0.9958402765200163, ""f1"": 0.9797447792800029, ""precision"": 0.9771717171697432, ""recall"": 0.9823314378534072}","{""accuracy"": 0.0, ""binary_crossentropy"": -0.0, ""binary_roc_auc"": 0.0, ""f1"": 0.0, ""precision"": 0.0, ""recall"": 0.0}",0.020585060119628906,0.0035560131072998047,76.79994606971741,564.671875,601,ok,,1.0.0,{}
167119,jungle_chess,openml_task,amlb,multiclass,nofe,2,4500,35855,8964,6,6,0,0.23556535739413398,categorical_crossentropy,False,0.23556535739413398,-0.0,"{""accuracy"": 0.9135058753522457, ""categorical_crossentropy"": 0.23556535739413398, ""categorical_roc_auc"": 0.9785506165009722, ""f1"": 0.8194946760187521, ""precision"": 0.8245569668025371, ""recall"": 0.8149549284501921}","{""accuracy"": 0.0, ""categorical_crossentropy"": -0.0, ""categorical_roc_auc"": 0.0, ""f1"": 0.0, ""precision"": 0.0, ""recall"": 0.0}",0.014994382858276367,5.602836608886719e-05,12.802841186523438,403.3671875,1213,ok,,1.0.0,{}
9981,cnae-9,openml_task,amlb,multiclass,nofe,4,4500,864,216,856,856,0,0.22520589692134377,categorical_crossentropy,False,0.22520589692134377,-0.0,"{""accuracy"": 0.9876543209419295, ""categorical_crossentropy"": 0.22520589692134377, ""categorical_roc_auc"": 0.996069637345679, ""f1"": 0.9448845248272276, ""precision"": 0.9479423864325524, ""recall"": 0.944444444050926}","{""accuracy"": 0.0, ""categorical_crossentropy"": -0.0, ""categorical_roc_auc"": 0.0, ""f1"": 0.0, ""precision"": 0.0, ""recall"": 0.0}",0.0068204402923583984,6.556510925292969e-05,76.01829409599304,358.0078125,219,ok,,1.0.0,{}
mushroom,mushroom,pmlb,pmlb,classification,nofe,0,4500,6499,1625,21,21,0,1.0,binary_roc_auc,True,1.0,0.0,"{""accuracy"": 0.9999999999938463, ""binary_crossentropy"": 0.0005598739768605671, ""binary_roc_auc"": 1.0, ""f1"": 0.9999999949872285, ""precision"": 0.9999999999872285, ""recall"": 0.9999999999872285}","{""accuracy"": 0.0, ""binary_crossentropy"": -0.0, ""binary_roc_auc"": 0.0, ""f1"": 0.0, ""precision"": 0.0, ""recall"": 0.0}",0.006929636001586914,0.00023245811462402344,5.093630075454712,333.52734375,1979,ok,,1.0.0,{}
adult,adult,pmlb,pmlb,classification,nofe,4,4500,39073,9769,14,14,0,0.9254260957294134,binary_roc_auc,True,0.9254260957294134,0.0,"{""accuracy"": 0.869689835192067, ""binary_crossentropy"": 0.2800793394514689, ""binary_roc_auc"": 0.9254260957294134, ""f1"": 0.916584753537044, ""precision"": 0.8932311621955387, ""recall"": 0.9411923025152185}","{""accuracy"": 0.0, ""binary_crossentropy"": -0.0, ""binary_roc_auc"": 0.0, ""f1"": 0.0, ""precision"": 0.0, ""recall"": 0.0}",0.01938009262084961,0.0009446144104003906,5.174041986465454,358.9921875,277,ok,,1.0.0,{}
167140,dna,openml_task,amlb,multiclass,nofe,1,4500,2548,638,180,180,0,0.14437988859259737,categorical_crossentropy,False,0.14437988859259737,-0.0,"{""accuracy"": 0.9655172413641768, ""categorical_crossentropy"": 0.14437988859259737, ""categorical_roc_auc"": 0.9924267599754253, ""f1"": 0.9430949231384801, ""precision"": 0.9367021558835512, ""recall"": 0.9504498554993228}","{""accuracy"": 0.0, ""categorical_crossentropy"": -0.0, ""categorical_roc_auc"": 0.0, ""f1"": 0.0, ""precision"": 0.0, ""recall"": 0.0}",0.012508392333984375,0.0011060237884521484,10.035862684249878,353.0546875,140,ok,,1.0.0,{}
adult,adult,pmlb,pmlb,classification,nofe,2,4500,39073,9769,14,14,0,0.9253598748635723,binary_roc_auc,True,0.9253598748635723,0.0,"{""accuracy"": 0.8702016583059983, ""binary_crossentropy"": 0.2821965927038329, ""binary_roc_auc"": 0.9253598748635723, ""f1"": 0.9167869749204656, ""precision"": 0.8947098757513837, ""recall"": 0.9399811600041179}","{""accuracy"": 0.0, ""binary_crossentropy"": -0.0, ""binary_roc_auc"": 0.0, ""f1"": 0.0, ""precision"": 0.0, ""recall"": 0.0}",0.026050090789794922,0.0005395412445068359,6.100827932357788,360.4609375,344,ok,,1.0.0,{}
167125,Internet-Advertisements,openml_task,amlb,classification,nofe,2,4500,2623,656,1558,1558,0,0.9751483965464076,binary_roc_auc,True,0.9751483965464076,0.0,"{""accuracy"": 0.9740853658388097, ""binary_crossentropy"": 0.08539300507108259, ""binary_roc_auc"": 0.9751483965464076, ""f1"": 0.9850220214145511, ""precision"": 0.9789842381614888, ""recall"": 0.9911347517554763}","{""accuracy"": 0.0, ""binary_crossentropy"": -0.0, ""binary_roc_auc"": 0.0, ""f1"": 0.0, ""precision"": 0.0, ""recall"": 0.0}",0.12332510948181152,0.34513044357299805,12.295821905136108,424.58203125,318,ok,,1.0.0,{}
167141,churn,openml_task,amlb,classification,nofe,0,4500,4000,1000,20,20,0,0.9309274350019402,binary_roc_auc,True,0.9309274350019402,0.0,"{""accuracy"": 0.95499999999045, ""binary_crossentropy"": 0.1478118859734386, ""binary_roc_auc"": 0.9309274350019402, ""f1"": 0.8249027187185273, ""precision"": 0.9137931033695006, ""recall"": 0.7517730495920728}","{""accuracy"": 0.0, ""binary_crossentropy"": -0.0, ""binary_roc_auc"": 0.0, ""f1"": 0.0, ""precision"": 0.0, ""recall"": 0.0}",0.0048274993896484375,0.00010704994201660156,9.183278560638428,339.44921875,69,ok,,1.0.0,{}
adult,adult,pmlb,pmlb,classification,nofe,3,4500,39073,9769,14,14,0,0.933418358507623,binary_roc_auc,True,0.933418358507623,0.0,"{""accuracy"": 0.8764459002959601, ""binary_crossentropy"": 0.2682091951380087, ""binary_roc_auc"": 0.933418358507623, ""f1"": 0.9208161073157647, ""precision"": 0.8983614951345387, ""recall"": 0.9444220158781531}","{""accuracy"": 0.0, ""binary_crossentropy"": -0.0, ""binary_roc_auc"": 0.0, ""f1"": 0.0, ""precision"": 0.0, ""recall"": 0.0}",0.023381710052490234,0.0012950897216796875,6.46524715423584,360.60546875,357,ok,,1.0.0,{}
167140,dna,openml_task,amlb,multiclass,nofe,2,4500,2548,638,180,180,0,0.1414467040094767,categorical_crossentropy,False,0.1414467040094767,-0.0,"{""accuracy"": 0.972831765919966, ""categorical_crossentropy"": 0.1414467040094767, ""categorical_roc_auc"": 0.9926469424957078, ""f1"": 0.9540219963400625, ""precision"": 0.9530397387009364, ""recall"": 0.9551418540601807}","{""accuracy"": 0.0, ""categorical_crossentropy"": -0.0, ""categorical_roc_auc"": 0.0, ""f1"": 0.0, ""precision"": 0.0, ""recall"": 0.0}",0.01734185218811035,0.0017943382263183594,11.391197681427002,356.74609375,562,ok,,1.0.0,{}
167125,Internet-Advertisements,openml_task,amlb,classification,nofe,3,4500,2623,656,1558,1558,0,0.9847845359235277,binary_roc_auc,True,0.9847845359235277,0.0,"{""accuracy"": 0.9801829268143265, ""binary_crossentropy"": 0.08058993675317984, ""binary_roc_auc"": 0.9847845359235277, ""f1"": 0.988526032052374, ""precision"": 0.9841827767841093, ""recall"": 0.9929078014008349}","{""accuracy"": 0.0, ""binary_crossentropy"": -0.0, ""binary_roc_auc"": 0.0, ""f1"": 0.0, ""precision"": 0.0, ""recall"": 0.0}",0.13367319107055664,0.36734890937805176,13.01947808265686,422.7421875,173,ok,,1.0.0,{}
167141,churn,openml_task,amlb,classification,nofe,4,4500,4000,1000,20,20,0,0.9229848330980276,binary_roc_auc,True,0.9229848330980276,0.0,"{""accuracy"": 0.9599999999904, ""binary_crossentropy"": 0.14680916428286583, ""binary_roc_auc"": 0.9229848330980276, ""f1"": 0.8425196800337901, ""precision"": 0.94690265478346, ""recall"": 0.7588652481731301}","{""accuracy"": 0.0, ""binary_crossentropy"": -0.0, ""binary_roc_auc"": 0.0, ""f1"": 0.0, ""precision"": 0.0, ""recall"": 0.0}",0.005591630935668945,0.0001201629638671875,8.250664472579956,333.83203125,91,ok,,1.0.0,{}
14952,PhishingWebsites,openml_task,amlb,classification,nofe,2,4500,8844,2211,30,30,0,0.9961226976574545,binary_roc_auc,True,0.9961226976574545,0.0,"{""accuracy"": 0.9715061058300701, ""binary_crossentropy"": 0.07495381673605825, ""binary_roc_auc"": 0.9961226976574545, ""f1"": 0.9744629054096319, ""precision"": 0.9724919093772453, ""recall"": 0.9764419171326041}","{""accuracy"": 0.0, ""binary_crossentropy"": -0.0, ""binary_roc_auc"": 0.0, ""f1"": 0.0, ""precision"": 0.0, ""recall"": 0.0}",0.005706071853637695,0.0002849102020263672,73.06230807304382,347.0703125,765,ok,,1.0.0,{}
167140,dna,openml_task,amlb,multiclass,nofe,4,4500,2548,638,180,180,0,0.1190998010987382,categorical_crossentropy,False,0.1190998010987382,-0.0,"{""accuracy"": 0.974921630078763, ""categorical_crossentropy"": 0.1190998010987382, ""categorical_roc_auc"": 0.9930231052743507, ""f1"": 0.9586713421874992, ""precision"": 0.9546347145614541, ""recall"": 0.963028099283639}","{""accuracy"": 0.0, ""categorical_crossentropy"": -0.0, ""categorical_roc_auc"": 0.0, ""f1"": 0.0, ""precision"": 0.0, ""recall"": 0.0}",0.01467275619506836,0.0011034011840820312,11.012620210647583,351.96875,400,ok,,1.0.0,{}
167141,churn,openml_task,amlb,classification,nofe,1,4500,4000,1000,20,20,0,0.9284505321213021,binary_roc_auc,True,0.9284505321213021,0.0,"{""accuracy"": 0.9559999999904399, ""binary_crossentropy"": 0.15574571007164195, ""binary_roc_auc"": 0.9284505321213021, ""f1"": 0.8294573593200529, ""precision"": 0.9145299144517496, ""recall"": 0.7588652481731301}","{""accuracy"": 0.0, ""binary_crossentropy"": -0.0, ""binary_roc_auc"": 0.0, ""f1"": 0.0, ""precision"": 0.0, ""recall"": 0.0}",0.0086517333984375,0.00045990943908691406,9.359663963317871,338.65625,98,ok,,1.0.0,{}
14952,PhishingWebsites,openml_task,amlb,classification,nofe,3,4500,8844,2211,30,30,0,0.9954230839370679,binary_roc_auc,True,0.9954230839370679,0.0,"{""accuracy"": 0.9678878335550978, ""binary_crossentropy"": 0.08408343989651275, ""binary_roc_auc"": 0.9954230839370679, ""f1"": 0.9712666886385021, ""precision"": 0.9677419354760667, ""recall"": 0.9748172217629991}","{""accuracy"": 0.0, ""binary_crossentropy"": -0.0, ""binary_roc_auc"": 0.0, ""f1"": 0.0, ""precision"": 0.0, ""recall"": 0.0}",0.009662866592407227,0.0002741813659667969,73.20538926124573,342.30078125,676,ok,,1.0.0,{}
167140,dna,openml_task,amlb,multiclass,nofe,3,4500,2548,638,180,180,0,0.12929218738282489,categorical_crossentropy,False,0.12929218738282489,-0.0,"{""accuracy"": 0.9696969696817707, ""categorical_crossentropy"": 0.12929218738282489, ""categorical_roc_auc"": 0.9938122280553946, ""f1"": 0.9479928132428631, ""precision"": 0.9442352025206953, ""recall"": 0.9521631472429246}","{""accuracy"": 0.0, ""categorical_crossentropy"": -0.0, ""categorical_roc_auc"": 0.0, ""f1"": 0.0, ""precision"": 0.0, ""recall"": 0.0}",0.025270700454711914,0.0023539066314697266,11.75981879234314,354.4375,432,ok,,1.0.0,{}
adult,adult,pmlb,pmlb,classification,nofe,1,4500,39073,9769,14,14,0,0.9292961743621586,binary_roc_auc,True,0.9292961743621586,0.0,"{""accuracy"": 0.8719418568933647, ""binary_crossentropy"": 0.27542712289275856, ""binary_roc_auc"": 0.9292961743621586, ""f1"": 0.9180263366574144, ""precision"": 0.894636015324528, ""recall"": 0.9426725878065635}","{""accuracy"": 0.0, ""binary_crossentropy"": -0.0, ""binary_roc_auc"": 0.0, ""f1"": 0.0, ""precision"": 0.0, ""recall"": 0.0}",0.022923707962036133,0.0008938312530517578,9.286019802093506,361.22265625,280,ok,,1.0.0,{}
167125,Internet-Advertisements,openml_task,amlb,classification,nofe,1,4500,2623,656,1558,1558,0,0.9607038236201048,binary_roc_auc,True,0.9607038236201048,0.0,"{""accuracy"": 0.9634146341316553, ""binary_crossentropy"": 0.11137100230056293, ""binary_roc_auc"": 0.9607038236201048, ""f1"": 0.9790575866071837, ""precision"": 0.9639175257566337, ""recall"": 0.9946808510461936}","{""accuracy"": 0.0, ""binary_crossentropy"": -0.0, ""binary_roc_auc"": 0.0, ""f1"": 0.0, ""precision"": 0.0, ""recall"": 0.0}",0.07022500038146973,0.1621236801147461,14.377952575683594,424.15234375,204,ok,,1.0.0,{}
167141,churn,openml_task,amlb,classification,nofe,3,4500,4000,1000,20,20,0,0.9331071095369017,binary_roc_auc,True,0.9331071095369017,0.0,"{""accuracy"": 0.96499999999035, ""binary_crossentropy"": 0.13903284304775299, ""binary_roc_auc"": 0.9331071095369017, ""f1"": 0.86486485983751, ""precision"": 0.9491525422924447, ""recall"": 0.7943262410784165}","{""accuracy"": 0.0, ""binary_crossentropy"": -0.0, ""binary_roc_auc"": 0.0, ""f1"": 0.0, ""precision"": 0.0, ""recall"": 0.0}",0.0056607723236083984,0.0001385211944580078,9.699263095855713,336.42578125,81,ok,,1.0.0,{}
167125,Internet-Advertisements,openml_task,amlb,classification,nofe,4,4500,2623,656,1558,1558,0,0.9799279216774592,binary_roc_auc,True,0.9799279216774592,0.0,"{""accuracy"": 0.977134146326568, ""binary_crossentropy"": 0.0927350564265131, ""binary_roc_auc"": 0.9799279216774592, ""f1"": 0.9867841359519649, ""precision"": 0.980735551646572, ""recall"": 0.9929078014008349}","{""accuracy"": 0.0, ""binary_crossentropy"": -0.0, ""binary_roc_auc"": 0.0, ""f1"": 0.0, ""precision"": 0.0, ""recall"": 0.0}",0.10259652137756348,0.19110941886901855,14.701918601989746,421.06640625,323,ok,,1.0.0,{}
167141,churn,openml_task,amlb,classification,nofe,2,4500,4000,1000,20,20,0,0.9240416449937664,binary_roc_auc,True,0.9240416449937664,0.0,"{""accuracy"": 0.9599999999904, ""binary_crossentropy"": 0.150998191474122, ""binary_roc_auc"": 0.9240416449937664, ""f1"": 0.8412698362739355, ""precision"": 0.954954954868923, ""recall"": 0.7517730495920728}","{""accuracy"": 0.0, ""binary_crossentropy"": -0.0, ""binary_roc_auc"": 0.0, ""f1"": 0.0, ""precision"": 0.0, ""recall"": 0.0}",0.010205507278442383,0.00021576881408691406,10.385298252105713,336.546875,258,ok,,1.0.0,{}
chess,chess,pmlb,pmlb,classification,nofe,3,4500,2556,640,36,36,0,0.999740714649133,binary_roc_auc,True,0.999740714649133,0.0,"{""accuracy"": 0.9937499999844727, ""binary_crossentropy"": 0.02669759867278252, ""binary_roc_auc"": 0.999740714649133, ""f1"": 0.9940476140182114, ""precision"": 0.9881656804441371, ""recall"": 0.9999999999700598}","{""accuracy"": 0.0, ""binary_crossentropy"": -0.0, ""binary_roc_auc"": 0.0, ""f1"": 0.0, ""precision"": 0.0, ""recall"": 0.0}",0.0036134719848632812,6.651878356933594e-05,8.487369298934937,325.98046875,599,ok,,1.0.0,{}
kr_vs_kp,kr-vs-kp,pmlb,pmlb,classification,nofe,3,4500,2556,640,36,36,0,0.9994178310046573,binary_roc_auc,True,0.9994178310046573,0.0,"{""accuracy"": 0.9890624999845459, ""binary_crossentropy"": 0.03176035382299447, ""binary_roc_auc"": 0.9994178310046573, ""f1"": 0.989536616794046, ""precision"": 0.988059701463043, ""recall"": 0.9910179640421851}","{""accuracy"": 0.0, ""binary_crossentropy"": -0.0, ""binary_roc_auc"": 0.0, ""f1"": 0.0, ""precision"": 0.0, ""recall"": 0.0}",0.008073806762695312,0.0002453327178955078,9.726693868637085,331.5234375,1213,ok,,1.0.0,{}
chess,chess,pmlb,pmlb,classification,nofe,1,4500,2556,640,36,36,0,0.9995890571797581,binary_roc_auc,True,0.9995890571797581,0.0,"{""accuracy"": 0.9906249999845215, ""binary_crossentropy"": 0.026616590781384807, ""binary_roc_auc"": 0.9995890571797581, ""f1"": 0.9910179590421853, ""precision"": 0.9910179640421851, ""recall"": 0.9910179640421851}","{""accuracy"": 0.0, ""binary_crossentropy"": -0.0, ""binary_roc_auc"": 0.0, ""f1"": 0.0, ""precision"": 0.0, ""recall"": 0.0}",0.005785942077636719,0.00010514259338378906,9.356664419174194,325.3671875,532,ok,,1.0.0,{}
chess,chess,pmlb,pmlb,classification,nofe,2,4500,2556,640,36,36,0,0.999804312942742,binary_roc_auc,True,0.999804312942742,0.0,"{""accuracy"": 0.9859374999845947, ""binary_crossentropy"": 0.03100978358275448, ""binary_roc_auc"": 0.999804312942742, ""f1"": 0.9863842612339532, ""precision"": 0.9969418959939773, ""recall"": 0.9760479041623937}","{""accuracy"": 0.0, ""binary_crossentropy"": -0.0, ""binary_roc_auc"": 0.0, ""f1"": 0.0, ""precision"": 0.0, ""recall"": 0.0}",0.00478363037109375,6.437301635742188e-05,9.1538724899292,329.38671875,1174,ok,,1.0.0,{}
146195,connect-4,openml_task,amlb,multiclass,nofe,4,4500,54045,13512,42,42,0,0.3529288278051045,categorical_crossentropy,False,0.3529288278051045,-0.0,"{""accuracy"": 0.9088217880395879, ""categorical_crossentropy"": 0.3529288278051045, ""categorical_roc_auc"": 0.9392487670643911, ""f1"": 0.7217528906859426, ""precision"": 0.7693052153214929, ""recall"": 0.7011481774565702}","{""accuracy"": 0.0, ""categorical_crossentropy"": -0.0, ""categorical_roc_auc"": 0.0, ""f1"": 0.0, ""precision"": 0.0, ""recall"": 0.0}",0.025692224502563477,0.0007848739624023438,66.29919791221619,471.32421875,1999,ok,,1.0.0,{}
146195,connect-4,openml_task,amlb,multiclass,nofe,2,4500,54045,13512,42,42,0,0.3502850483320616,categorical_crossentropy,False,0.3502850483320616,-0.0,"{""accuracy"": 0.9070455891053085, ""categorical_crossentropy"": 0.3502850483320616, ""categorical_roc_auc"": 0.9410275247627666, ""f1"": 0.7194683914013735, ""precision"": 0.7658024965615259, ""recall"": 0.6995595785075569}","{""accuracy"": 0.0, ""categorical_crossentropy"": -0.0, ""categorical_roc_auc"": 0.0, ""f1"": 0.0, ""precision"": 0.0, ""recall"": 0.0}",0.022470951080322266,0.0007724761962890625,66.83808708190918,473.11328125,1999,ok,,1.0.0,{}
146195,connect-4,openml_task,amlb,multiclass,nofe,1,4500,54045,13512,42,42,0,0.3476428331580233,categorical_crossentropy,False,0.3476428331580233,-0.0,"{""accuracy"": 0.9103019538181539, ""categorical_crossentropy"": 0.3476428331580233, ""categorical_roc_auc"": 0.9413671916766067, ""f1"": 0.7237315544179709, ""precision"": 0.7733163901783545, ""recall"": 0.7034939517342536}","{""accuracy"": 0.0, ""categorical_crossentropy"": -0.0, ""categorical_roc_auc"": 0.0, ""f1"": 0.0, ""precision"": 0.0, ""recall"": 0.0}",0.021817445755004883,0.0007264614105224609,67.25708889961243,478.37109375,1997,ok,,1.0.0,{}
146195,connect-4,openml_task,amlb,multiclass,nofe,0,4500,54045,13512,42,42,0,0.35452670445541823,categorical_crossentropy,False,0.35452670445541823,-0.0,"{""accuracy"": 0.9059107953417412, ""categorical_crossentropy"": 0.35452670445541823, ""categorical_roc_auc"": 0.9392940867850134, ""f1"": 0.7112395674893764, ""precision"": 0.7567956653696987, ""recall"": 0.69269428691447}","{""accuracy"": 0.0, ""categorical_crossentropy"": -0.0, ""categorical_roc_auc"": 0.0, ""f1"": 0.0, ""precision"": 0.0, ""recall"": 0.0}",0.022281885147094727,0.0008001327514648438,67.57920622825623,476.12109375,1998,ok,,1.0.0,{}
146195,connect-4,openml_task,amlb,multiclass,nofe,3,4500,54045,13512,42,42,0,0.35100625093601545,categorical_crossentropy,False,0.35100625093601545,-0.0,"{""accuracy"": 0.9116834418781489, ""categorical_crossentropy"": 0.35100625093601545, ""categorical_roc_auc"": 0.9400996937660221, ""f1"": 0.7270102128253736, ""precision"": 0.7735838558387421, ""recall"": 0.7082548198079777}","{""accuracy"": 0.0, ""categorical_crossentropy"": -0.0, ""categorical_roc_auc"": 0.0, ""f1"": 0.0, ""precision"": 0.0, ""recall"": 0.0}",0.02228379249572754,0.0007810592651367188,68.66787123680115,473.328125,1999,ok,,1.0.0,{}
adult,adult,pmlb,pmlb,classification,nofe,0,4500,39073,9769,14,14,0,0.9249504048595814,binary_roc_auc,True,0.9249504048595814,0.0,"{""accuracy"": 0.8708158460427159, ""binary_crossentropy"": 0.28303947001810104, ""binary_roc_auc"": 0.9249504048595814, ""f1"": 0.9171698558576766, ""precision"": 0.8951953875709222, ""recall"": 0.9402503027843625}","{""accuracy"": 0.0, ""binary_crossentropy"": -0.0, ""binary_roc_auc"": 0.0, ""f1"": 0.0, ""precision"": 0.0, ""recall"": 0.0}",0.01973748207092285,0.0009262561798095703,25.865965127944946,359.72265625,320,ok,,1.0.0,{}
ionosphere,ionosphere,pmlb,pmlb,classification,nofe,1,4500,280,71,33,33,0,0.9704347826086956,binary_roc_auc,True,0.9704347826086956,0.0,"{""accuracy"": 0.9577464787383456, ""binary_crossentropy"": 0.18626645987469728, ""binary_roc_auc"": 0.9704347826086956, ""f1"": 0.968421047432687, ""precision"": 0.9387755100124948, ""recall"": 0.9999999997826087}","{""accuracy"": 0.0, ""binary_crossentropy"": -0.0, ""binary_roc_auc"": 0.0, ""f1"": 0.0, ""precision"": 0.0, ""recall"": 0.0}",0.002340078353881836,6.508827209472656e-05,2.1664180755615234,320.9375,519,ok,,1.0.0,{}
ionosphere,ionosphere,pmlb,pmlb,classification,nofe,3,4500,280,71,33,33,0,0.9443478260869566,binary_roc_auc,True,0.9443478260869566,0.0,"{""accuracy"": 0.8873239435369967, ""binary_crossentropy"": 0.28520077510251546, ""binary_roc_auc"": 0.9443478260869566, ""f1"": 0.9148936118288818, ""precision"": 0.8958333331467013, ""recall"": 0.9347826084924385}","{""accuracy"": 0.0, ""binary_crossentropy"": -0.0, ""binary_roc_auc"": 0.0, ""f1"": 0.0, ""precision"": 0.0, ""recall"": 0.0}",0.0031545162200927734,7.82012939453125e-05,2.230314254760742,316.375,72,ok,,1.0.0,{}
ionosphere,ionosphere,pmlb,pmlb,classification,nofe,2,4500,280,71,33,33,0,0.98,binary_roc_auc,True,0.98,0.0,"{""accuracy"": 0.9295774646578061, ""binary_crossentropy"": 0.1739506136075082, ""binary_roc_auc"": 0.98, ""f1"": 0.9462365539368713, ""precision"": 0.9361702125667722, ""recall"": 0.9565217389224953}","{""accuracy"": 0.0, ""binary_crossentropy"": -0.0, ""binary_roc_auc"": 0.0, ""f1"": 0.0, ""precision"": 0.0, ""recall"": 0.0}",0.0034084320068359375,0.00011205673217773438,2.120145797729492,316.81640625,77,ok,,1.0.0,{}
ionosphere,ionosphere,pmlb,pmlb,classification,nofe,4,4500,280,71,33,33,0,0.948695652173913,binary_roc_auc,True,0.948695652173913,0.0,"{""accuracy"": 0.9154929576175362, ""binary_crossentropy"": 0.29485734944677794, ""binary_roc_auc"": 0.948695652173913, ""f1"": 0.9374999948133681, ""precision"": 0.89999999982, ""recall"": 0.978260869352552}","{""accuracy"": 0.0, ""binary_crossentropy"": -0.0, ""binary_roc_auc"": 0.0, ""f1"": 0.0, ""precision"": 0.0, ""recall"": 0.0}",0.002444744110107422,6.890296936035156e-05,1.9167671203613281,321.515625,236,ok,,1.0.0,{}
sonar,sonar,pmlb,pmlb,classification,nofe,1,4500,166,42,60,60,0,0.9840909090909091,binary_roc_auc,True,0.9840909090909091,0.0,"{""accuracy"": 0.8095238093310657, ""binary_crossentropy"": 0.3234129250936565, ""binary_roc_auc"": 0.9840909090909091, ""f1"": 0.7499999948437499, ""precision"": 0.9999999991666666, ""recall"": 0.5999999997}","{""accuracy"": 0.0, ""binary_crossentropy"": -0.0, ""binary_roc_auc"": 0.0, ""f1"": 0.0, ""precision"": 0.0, ""recall"": 0.0}",0.0022628307342529297,5.5789947509765625e-05,2.151945114135742,316.5859375,147,ok,,1.0.0,{}
mushroom,mushroom,pmlb,pmlb,classification,nofe,3,4500,6499,1625,21,21,0,1.0,binary_roc_auc,True,1.0,0.0,"{""accuracy"": 0.9999999999938463, ""binary_crossentropy"": 0.0006487982049461257, ""binary_roc_auc"": 1.0, ""f1"": 0.9999999949872285, ""precision"": 0.9999999999872285, ""recall"": 0.9999999999872285}","{""accuracy"": 0.0, ""binary_crossentropy"": -0.0, ""binary_roc_auc"": 0.0, ""f1"": 0.0, ""precision"": 0.0, ""recall"": 0.0}",0.0067217350006103516,0.00016808509826660156,18.013700008392334,332.9921875,1999,ok,,1.0.0,{}
sonar,sonar,pmlb,pmlb,classification,nofe,0,4500,166,42,60,60,0,0.95,binary_roc_auc,True,0.95,0.0,"{""accuracy"": 0.8333333331349206, ""binary_crossentropy"": 0.3194321178432022, ""binary_roc_auc"": 0.95, ""f1"": 0.7878787826262627, ""precision"": 0.9999999992307692, ""recall"": 0.649999999675}","{""accuracy"": 0.0, ""binary_crossentropy"": -0.0, ""binary_roc_auc"": 0.0, ""f1"": 0.0, ""precision"": 0.0, ""recall"": 0.0}",0.003348112106323242,0.00011277198791503906,2.024439811706543,316.765625,127,ok,,1.0.0,{}
sonar,sonar,pmlb,pmlb,classification,nofe,2,4500,166,42,60,60,0,0.9068181818181817,binary_roc_auc,True,0.9068181818181817,0.0,"{""accuracy"": 0.7857142855272109, ""binary_crossentropy"": 0.5011105138636638, ""binary_roc_auc"": 0.9068181818181817, ""f1"": 0.7272727220569329, ""precision"": 0.9230769223668639, ""recall"": 0.5999999997}","{""accuracy"": 0.0, ""binary_crossentropy"": -0.0, ""binary_roc_auc"": 0.0, ""f1"": 0.0, ""precision"": 0.0, ""recall"": 0.0}",0.0034945011138916016,5.5789947509765625e-05,2.3278732299804688,318.90234375,883,ok,,1.0.0,{}
mushroom,mushroom,pmlb,pmlb,classification,nofe,4,4500,6499,1625,21,21,0,1.0,binary_roc_auc,True,1.0,0.0,"{""accuracy"": 0.9999999999938463, ""binary_crossentropy"": 0.0006049472579649703, ""binary_roc_auc"": 1.0, ""f1"": 0.9999999949872285, ""precision"": 0.9999999999872285, ""recall"": 0.9999999999872285}","{""accuracy"": 0.0, ""binary_crossentropy"": -0.0, ""binary_roc_auc"": 0.0, ""f1"": 0.0, ""precision"": 0.0, ""recall"": 0.0}",0.010221004486083984,0.0008478164672851562,18.2101948261261,332.58203125,1445,ok,,1.0.0,{}
spambase,spambase,pmlb,pmlb,classification,nofe,4,4500,3680,921,57,57,0,0.984739871836646,binary_roc_auc,True,0.984739871836646,0.0,"{""accuracy"": 0.9467969598159957, ""binary_crossentropy"": 0.1504146624055279, ""binary_roc_auc"": 0.984739871836646, ""f1"": 0.9312762923107427, ""precision"": 0.9485714285443265, ""recall"": 0.9146005509389917}","{""accuracy"": 0.0, ""binary_crossentropy"": -0.0, ""binary_roc_auc"": 0.0, ""f1"": 0.0, ""precision"": 0.0, ""recall"": 0.0}",0.010991811752319336,0.0014548301696777344,17.81540536880493,332.0703125,265,ok,,1.0.0,{}
spambase,spambase,pmlb,pmlb,classification,nofe,1,4500,3680,921,57,57,0,0.9873663319411119,binary_roc_auc,True,0.9873663319411119,0.0,"{""accuracy"": 0.9500542888061884, ""binary_crossentropy"": 0.13628545383118118, ""binary_roc_auc"": 0.9873663319411119, ""f1"": 0.9362880836168769, ""precision"": 0.9415041782467547, ""recall"": 0.9311294765583711}","{""accuracy"": 0.0, ""binary_crossentropy"": -0.0, ""binary_roc_auc"": 0.0, ""f1"": 0.0, ""precision"": 0.0, ""recall"": 0.0}",0.007224321365356445,0.0004563331604003906,18.086341857910156,336.0078125,280,ok,,1.0.0,{}
sonar,sonar,pmlb,pmlb,classification,nofe,3,4500,166,42,60,60,0,0.9022727272727273,binary_roc_auc,True,0.9022727272727273,0.0,"{""accuracy"": 0.8095238093310657, ""binary_crossentropy"": 0.4047865299674283, ""binary_roc_auc"": 0.9022727272727273, ""f1"": 0.7894736788088642, ""precision"": 0.8333333328703704, ""recall"": 0.749999999625}","{""accuracy"": 0.0, ""binary_crossentropy"": -0.0, ""binary_roc_auc"": 0.0, ""f1"": 0.0, ""precision"": 0.0, ""recall"": 0.0}",0.00374603271484375,7.772445678710938e-05,2.3854010105133057,317.9453125,610,ok,,1.0.0,{}
mushroom,mushroom,pmlb,pmlb,classification,nofe,2,4500,6499,1625,21,21,0,1.0,binary_roc_auc,True,1.0,0.0,"{""accuracy"": 0.9999999999938463, ""binary_crossentropy"": 0.0006463095399102223, ""binary_roc_auc"": 1.0, ""f1"": 0.9999999949872285, ""precision"": 0.9999999999872285, ""recall"": 0.9999999999872285}","{""accuracy"": 0.0, ""binary_crossentropy"": -0.0, ""binary_roc_auc"": 0.0, ""f1"": 0.0, ""precision"": 0.0, ""recall"": 0.0}",0.007248401641845703,0.0003037452697753906,19.464896202087402,334.96484375,1985,ok,,1.0.0,{}
spambase,spambase,pmlb,pmlb,classification,nofe,3,4500,3680,921,57,57,0,0.9884327142391659,binary_roc_auc,True,0.9884327142391659,0.0,"{""accuracy"": 0.9554831704565094, ""binary_crossentropy"": 0.12634149143334475, ""binary_roc_auc"": 0.9884327142391659, ""f1"": 0.9434482708360524, ""precision"": 0.9447513811893715, ""recall"": 0.942148760304624}","{""accuracy"": 0.0, ""binary_crossentropy"": -0.0, ""binary_roc_auc"": 0.0, ""f1"": 0.0, ""precision"": 0.0, ""recall"": 0.0}",0.009188652038574219,0.0008132457733154297,18.06637454032898,334.55859375,294,ok,,1.0.0,{}
sonar,sonar,pmlb,pmlb,classification,nofe,4,4500,166,42,60,60,0,0.9659090909090909,binary_roc_auc,True,0.9659090909090909,0.0,"{""accuracy"": 0.9047619045464852, ""binary_crossentropy"": 0.28511487994165646, ""binary_roc_auc"": 0.9659090909090909, ""f1"": 0.8947368366481995, ""precision"": 0.944444443919753, ""recall"": 0.8499999995749999}","{""accuracy"": 0.0, ""binary_crossentropy"": -0.0, ""binary_roc_auc"": 0.0, ""f1"": 0.0, ""precision"": 0.0, ""recall"": 0.0}",0.002956390380859375,8.416175842285156e-05,1.9825639724731445,314.39453125,84,ok,,1.0.0,{}
breast_cancer,breast-cancer,pmlb,pmlb,classification,nofe,1,4500,228,58,9,9,0,0.7101865136298422,binary_roc_auc,True,0.7101865136298422,0.0,"{""accuracy"": 0.7068965516022592, ""binary_crossentropy"": 0.5419790794237934, ""binary_roc_auc"": 0.7101865136298422, ""f1"": 0.45161289798126947, ""precision"": 0.49999999964285713, ""recall"": 0.4117647056401384}","{""accuracy"": 0.0, ""binary_crossentropy"": -0.0, ""binary_roc_auc"": 0.0, ""f1"": 0.0, ""precision"": 0.0, ""recall"": 0.0}",0.002860546112060547,6.103515625e-05,8.563634157180786,313.8671875,64,ok,,1.0.0,{}
waveform_21,waveform-21,pmlb,pmlb,multiclass,nofe,0,4500,4000,1000,21,21,0,0.3320010307165794,categorical_crossentropy,False,0.3320010307165794,-0.0,"{""accuracy"": 0.89933333332434, ""categorical_crossentropy"": 0.3320010307165794, ""categorical_roc_auc"": 0.9650842840420554, ""f1"": 0.8483535160733303, ""precision"": 0.8492603441995142, ""recall"": 0.848916417723424}","{""accuracy"": 0.0, ""categorical_crossentropy"": -0.0, ""categorical_roc_auc"": 0.0, ""f1"": 0.0, ""precision"": 0.0, ""recall"": 0.0}",0.004207611083984375,0.0001251697540283203,5.855837345123291,330.265625,187,ok,,1.0.0,{}
breast_cancer,breast-cancer,pmlb,pmlb,classification,nofe,0,4500,228,58,9,9,0,0.659971305595409,binary_roc_auc,True,0.659971305595409,0.0,"{""accuracy"": 0.7068965516022592, ""binary_crossentropy"": 0.5769896864377219, ""binary_roc_auc"": 0.659971305595409, ""f1"": 0.0, ""precision"": 0.0, ""recall"": 0.0}","{""accuracy"": 0.0, ""binary_crossentropy"": -0.0, ""binary_roc_auc"": 0.0, ""f1"": 0.0, ""precision"": 0.0, ""recall"": 0.0}",0.001981973648071289,4.00543212890625e-05,9.141012191772461,315.6015625,11,ok,,1.0.0,{}
titanic,titanic,pmlb,pmlb,classification,nofe,2,4500,1679,420,8,8,0,0.7797224523612263,binary_roc_auc,True,0.7797224523612263,0.0,"{""accuracy"": 0.802380952361848, ""binary_crossentropy"": 0.47935739677133304, ""binary_roc_auc"": 0.7797224523612263, ""f1"": 0.5911330004455339, ""precision"": 0.8955223879260416, ""recall"": 0.44117647055579584}","{""accuracy"": 0.0, ""binary_crossentropy"": -0.0, ""binary_roc_auc"": 0.0, ""f1"": 0.0, ""precision"": 0.0, ""recall"": 0.0}",0.003034830093383789,8.463859558105469e-05,8.041616916656494,319.45703125,86,ok,,1.0.0,{}
breast_cancer,breast-cancer,pmlb,pmlb,classification,nofe,3,4500,228,58,9,9,0,0.7094691535150646,binary_roc_auc,True,0.7094691535150646,0.0,"{""accuracy"": 0.7586206895243758, ""binary_crossentropy"": 0.5392509010331384, ""binary_roc_auc"": 0.7094691535150646, ""f1"": 0.29999999715, ""precision"": 0.9999999966666667, ""recall"": 0.1764705881314879}","{""accuracy"": 0.0, ""binary_crossentropy"": -0.0, ""binary_roc_auc"": 0.0, ""f1"": 0.0, ""precision"": 0.0, ""recall"": 0.0}",0.003008604049682617,4.553794860839844e-05,8.664700508117676,315.73828125,15,ok,,1.0.0,{}
breast_cancer,breast-cancer,pmlb,pmlb,classification,nofe,2,4500,228,58,9,9,0,0.7101865136298422,binary_roc_auc,True,0.7101865136298422,0.0,"{""accuracy"": 0.7413793102170035, ""binary_crossentropy"": 0.5214594880054737, ""binary_roc_auc"": 0.7101865136298422, ""f1"": 0.399999995328, ""precision"": 0.6249999992187499, ""recall"": 0.29411764688581316}","{""accuracy"": 0.0, ""binary_crossentropy"": -0.0, ""binary_roc_auc"": 0.0, ""f1"": 0.0, ""precision"": 0.0, ""recall"": 0.0}",0.002059459686279297,4.410743713378906e-05,8.590024948120117,315.69921875,48,ok,,1.0.0,{}
breast_cancer,breast-cancer,pmlb,pmlb,classification,nofe,4,4500,228,58,9,9,0,0.7166427546628407,binary_roc_auc,True,0.7166427546628407,0.0,"{""accuracy"": 0.7068965516022592, ""binary_crossentropy"": 0.5579575595670733, ""binary_roc_auc"": 0.7166427546628407, ""f1"": 0.0, ""precision"": 0.0, ""recall"": 0.0}","{""accuracy"": 0.0, ""binary_crossentropy"": -0.0, ""binary_roc_auc"": 0.0, ""f1"": 0.0, ""precision"": 0.0, ""recall"": 0.0}",0.003796815872192383,7.271766662597656e-05,8.780294418334961,317.71484375,10,ok,,1.0.0,{}
nursery,nursery,pmlb,pmlb,multiclass,nofe,0,4500,10366,2592,8,8,0,0.002031699768887747,categorical_crossentropy,False,0.002031699768887747,-0.0,"{""accuracy"": 0.999999999996142, ""categorical_crossentropy"": 0.002031699768887747, ""categorical_roc_auc"": 1.0, ""f1"": 0.9999999949532068, ""precision"": 0.9999999999532065, ""recall"": 0.9999999999532065}","{""accuracy"": 0.0, ""categorical_crossentropy"": -0.0, ""categorical_roc_auc"": 0.0, ""f1"": 0.0, ""precision"": 0.0, ""recall"": 0.0}",0.0051310062408447266,7.367134094238281e-05,7.728610992431641,380.69921875,1997,ok,,1.0.0,{}
titanic,titanic,pmlb,pmlb,classification,nofe,3,4500,1679,420,8,8,0,0.8310118061309031,binary_roc_auc,True,0.8310118061309031,0.0,"{""accuracy"": 0.8047619047427438, ""binary_crossentropy"": 0.4510293778830341, ""binary_roc_auc"": 0.8310118061309031, ""f1"": 0.6371681367436761, ""precision"": 0.7999999999111111, ""recall"": 0.5294117646669549}","{""accuracy"": 0.0, ""binary_crossentropy"": -0.0, ""binary_roc_auc"": 0.0, ""f1"": 0.0, ""precision"": 0.0, ""recall"": 0.0}",0.00391840934753418,7.295608520507812e-05,8.50980257987976,315.8671875,73,ok,,1.0.0,{}
titanic,titanic,pmlb,pmlb,classification,nofe,1,4500,1679,420,8,8,0,0.8149078293289147,binary_roc_auc,True,0.8149078293289147,0.0,"{""accuracy"": 0.7999999999809524, ""binary_crossentropy"": 0.4594271385066566, ""binary_roc_auc"": 0.8149078293289147, ""f1"": 0.6181818134049587, ""precision"": 0.8095238094274377, ""recall"": 0.49999999996323524}","{""accuracy"": 0.0, ""binary_crossentropy"": -0.0, ""binary_roc_auc"": 0.0, ""f1"": 0.0, ""precision"": 0.0, ""recall"": 0.0}",0.003639698028564453,0.00010204315185546875,8.960077047348022,317.88671875,61,ok,,1.0.0,{}
titanic,titanic,pmlb,pmlb,classification,nofe,4,4500,1679,420,8,8,0,0.8393356462303232,binary_roc_auc,True,0.8393356462303232,0.0,"{""accuracy"": 0.8119047618854308, ""binary_crossentropy"": 0.4473991562745401, ""binary_roc_auc"": 0.8393356462303232, ""f1"": 0.6359446957234174, ""precision"": 0.851851851746685, ""recall"": 0.5073529411391652}","{""accuracy"": 0.0, ""binary_crossentropy"": -0.0, ""binary_roc_auc"": 0.0, ""f1"": 0.0, ""precision"": 0.0, ""recall"": 0.0}",0.004187345504760742,7.987022399902344e-05,8.643039464950562,315.45703125,53,ok,,1.0.0,{}
nursery,nursery,pmlb,pmlb,multiclass,nofe,3,4500,10366,2592,8,8,0,0.0016623060761146841,categorical_crossentropy,False,0.0016623060761146841,-0.0,"{""accuracy"": 0.999999999996142, ""categorical_crossentropy"": 0.0016623060761146841, ""categorical_roc_auc"": 1.0, ""f1"": 0.9999999949532068, ""precision"": 0.9999999999532065, ""recall"": 0.9999999999532065}","{""accuracy"": 0.0, ""categorical_crossentropy"": -0.0, ""categorical_roc_auc"": 0.0, ""f1"": 0.0, ""precision"": 0.0, ""recall"": 0.0}",0.006543397903442383,7.176399230957031e-05,7.516664266586304,382.97265625,1999,ok,,1.0.0,{}
nursery,nursery,pmlb,pmlb,multiclass,nofe,2,4500,10366,2592,8,8,0,0.001701841045348448,categorical_crossentropy,False,0.001701841045348448,-0.0,"{""accuracy"": 0.999999999996142, ""categorical_crossentropy"": 0.001701841045348448, ""categorical_roc_auc"": 1.0, ""f1"": 0.9999999949532068, ""precision"": 0.9999999999532065, ""recall"": 0.9999999999532065}","{""accuracy"": 0.0, ""categorical_crossentropy"": -0.0, ""categorical_roc_auc"": 0.0, ""f1"": 0.0, ""precision"": 0.0, ""recall"": 0.0}",0.005530118942260742,7.891654968261719e-05,7.65963339805603,380.90625,1999,ok,,1.0.0,{}
titanic,titanic,pmlb,pmlb,classification,nofe,0,4500,1679,420,8,8,0,0.8354132145816073,binary_roc_auc,True,0.8354132145816073,0.0,"{""accuracy"": 0.8071428571236394, ""binary_crossentropy"": 0.4545095142442733, ""binary_roc_auc"": 0.8354132145816073, ""f1"": 0.639999995161284, ""precision"": 0.8089887639540463, ""recall"": 0.5294117646669549}","{""accuracy"": 0.0, ""binary_crossentropy"": -0.0, ""binary_roc_auc"": 0.0, ""f1"": 0.0, ""precision"": 0.0, ""recall"": 0.0}",0.0034003257751464844,0.000110626220703125,9.033140659332275,318.44921875,125,ok,,1.0.0,{}
nursery,nursery,pmlb,pmlb,multiclass,nofe,1,4500,10366,2592,8,8,0,0.0021332057209510927,categorical_crossentropy,False,0.0021332057209510927,-0.0,"{""accuracy"": 0.999999999996142, ""categorical_crossentropy"": 0.0021332057209510927, ""categorical_roc_auc"": 1.0, ""f1"": 0.9999999949532068, ""precision"": 0.9999999999532065, ""recall"": 0.9999999999532065}","{""accuracy"": 0.0, ""categorical_crossentropy"": -0.0, ""categorical_roc_auc"": 0.0, ""f1"": 0.0, ""precision"": 0.0, ""recall"": 0.0}",0.008620500564575195,0.0003025531768798828,7.83391809463501,381.640625,1994,ok,,1.0.0,{}
nursery,nursery,pmlb,pmlb,multiclass,nofe,4,4500,10366,2592,8,8,0,0.0019188693103748575,categorical_crossentropy,False,0.0019188693103748575,-0.0,"{""accuracy"": 0.999999999996142, ""categorical_crossentropy"": 0.0019188693103748575, ""categorical_roc_auc"": 1.0, ""f1"": 0.9999999949532068, ""precision"": 0.9999999999532065, ""recall"": 0.9999999999532065}","{""accuracy"": 0.0, ""categorical_crossentropy"": -0.0, ""categorical_roc_auc"": 0.0, ""f1"": 0.0, ""precision"": 0.0, ""recall"": 0.0}",0.006658792495727539,9.5367431640625e-05,7.640986442565918,381.34765625,1997,ok,,1.0.0,{}
car_evaluation,car-evaluation,pmlb,pmlb,multiclass,nofe,1,4500,1382,346,6,6,0,0.031476810287224544,categorical_crossentropy,False,0.031476810287224544,-0.0,"{""accuracy"": 0.9927745664452955, ""categorical_crossentropy"": 0.031476810287224544, ""categorical_roc_auc"": 0.9997760026357434, ""f1"": 0.9724265253498343, ""precision"": 0.9735062962053553, ""recall"": 0.9713695391517432}","{""accuracy"": 0.0, ""categorical_crossentropy"": -0.0, ""categorical_roc_auc"": 0.0, ""f1"": 0.0, ""precision"": 0.0, ""recall"": 0.0}",0.0025115013122558594,4.982948303222656e-05,2.6943600177764893,339.05859375,924,ok,,1.0.0,{}
car_evaluation,car-evaluation,pmlb,pmlb,multiclass,nofe,0,4500,1382,346,6,6,0,0.034077848049719084,categorical_crossentropy,False,0.034077848049719084,-0.0,"{""accuracy"": 0.9927745664452955, ""categorical_crossentropy"": 0.034077848049719084, ""categorical_roc_auc"": 0.9998186435949571, ""f1"": 0.9463284372999152, ""precision"": 0.9519345234122405, ""recall"": 0.9416152026075884}","{""accuracy"": 0.0, ""categorical_crossentropy"": -0.0, ""categorical_roc_auc"": 0.0, ""f1"": 0.0, ""precision"": 0.0, ""recall"": 0.0}",0.0038497447967529297,7.009506225585938e-05,2.679584503173828,334.109375,593,ok,,1.0.0,{}
car_evaluation,car-evaluation,pmlb,pmlb,multiclass,nofe,2,4500,1382,346,6,6,0,0.04835759497447825,categorical_crossentropy,False,0.04835759497447825,-0.0,"{""accuracy"": 0.9927745664452955, ""categorical_crossentropy"": 0.04835759497447825, ""categorical_roc_auc"": 0.9995083045453673, ""f1"": 0.953059074366951, ""precision"": 0.9666666662433258, ""recall"": 0.9421487599556309}","{""accuracy"": 0.0, ""categorical_crossentropy"": -0.0, ""categorical_roc_auc"": 0.0, ""f1"": 0.0, ""precision"": 0.0, ""recall"": 0.0}",0.002920389175415039,4.696846008300781e-05,2.4270241260528564,324.9140625,349,ok,,1.0.0,{}
waveform_21,waveform-21,pmlb,pmlb,multiclass,nofe,2,4500,4000,1000,21,21,0,0.31059804021776655,categorical_crossentropy,False,0.31059804021776655,-0.0,"{""accuracy"": 0.9106666666575599, ""categorical_crossentropy"": 0.31059804021776655, ""categorical_roc_auc"": 0.9698291314432635, ""f1"": 0.865565053000938, ""precision"": 0.8666306641831052, ""recall"": 0.8658188356542321}","{""accuracy"": 0.0, ""categorical_crossentropy"": -0.0, ""categorical_roc_auc"": 0.0, ""f1"": 0.0, ""precision"": 0.0, ""recall"": 0.0}",0.006361722946166992,0.00013709068298339844,3.5595667362213135,330.73828125,157,ok,,1.0.0,{}
car_evaluation,car-evaluation,pmlb,pmlb,multiclass,nofe,3,4500,1382,346,6,6,0,0.0368701249992196,categorical_crossentropy,False,0.0368701249992196,-0.0,"{""accuracy"": 0.9956647398556165, ""categorical_crossentropy"": 0.0368701249992196, ""categorical_roc_auc"": 0.9999879302853281, ""f1"": 0.9849263208686957, ""precision"": 0.9906249995748898, ""recall"": 0.980076741039541}","{""accuracy"": 0.0, ""categorical_crossentropy"": -0.0, ""categorical_roc_auc"": 0.0, ""f1"": 0.0, ""precision"": 0.0, ""recall"": 0.0}",0.003222227096557617,5.3882598876953125e-05,2.431842088699341,329.90234375,453,ok,,1.0.0,{}
waveform_21,waveform-21,pmlb,pmlb,multiclass,nofe,1,4500,4000,1000,21,21,0,0.31226422857900615,categorical_crossentropy,False,0.31226422857900615,-0.0,"{""accuracy"": 0.90133333332432, ""categorical_crossentropy"": 0.31226422857900615, ""categorical_roc_auc"": 0.9700341583191646, ""f1"": 0.8517600163776766, ""precision"": 0.8520662090174151, ""recall"": 0.8518552246226676}","{""accuracy"": 0.0, ""categorical_crossentropy"": -0.0, ""categorical_roc_auc"": 0.0, ""f1"": 0.0, ""precision"": 0.0, ""recall"": 0.0}",0.004065752029418945,6.818771362304688e-05,4.017705202102661,331.3828125,211,ok,,1.0.0,{}
waveform_21,waveform-21,pmlb,pmlb,multiclass,nofe,4,4500,4000,1000,21,21,0,0.3260233382100705,categorical_crossentropy,False,0.3260233382100705,-0.0,"{""accuracy"": 0.89866666665768, ""categorical_crossentropy"": 0.3260233382100705, ""categorical_roc_auc"": 0.9670710044722987, ""f1"": 0.8474657257239245, ""precision"": 0.8483876018439336, ""recall"": 0.8478044301654065}","{""accuracy"": 0.0, ""categorical_crossentropy"": -0.0, ""categorical_roc_auc"": 0.0, ""f1"": 0.0, ""precision"": 0.0, ""recall"": 0.0}",0.007102251052856445,0.00010585784912109375,10.881139516830444,332.734375,149,ok,,1.0.0,{}
car_evaluation,car-evaluation,pmlb,pmlb,multiclass,nofe,4,4500,1382,346,6,6,0,0.03477120745291458,categorical_crossentropy,False,0.03477120745291458,-0.0,"{""accuracy"": 0.994219653150456, ""categorical_crossentropy"": 0.03477120745291458, ""categorical_roc_auc"": 0.9991900385300193, ""f1"": 0.9732469122870874, ""precision"": 0.9914573127361974, ""recall"": 0.957792207404884}","{""accuracy"": 0.0, ""categorical_crossentropy"": -0.0, ""categorical_roc_auc"": 0.0, ""f1"": 0.0, ""precision"": 0.0, ""recall"": 0.0}",0.004496097564697266,7.677078247070312e-05,10.379088878631592,361.80078125,1967,ok,,1.0.0,{}
waveform_21,waveform-21,pmlb,pmlb,multiclass,nofe,3,4500,4000,1000,21,21,0,0.31700007919495693,categorical_crossentropy,False,0.31700007919495693,-0.0,"{""accuracy"": 0.90533333332428, ""categorical_crossentropy"": 0.31700007919495693, ""categorical_roc_auc"": 0.9688493913733063, ""f1"": 0.8577965559478188, ""precision"": 0.8587278910076881, ""recall"": 0.8576884219337139}","{""accuracy"": 0.0, ""categorical_crossentropy"": -0.0, ""categorical_roc_auc"": 0.0, ""f1"": 0.0, ""precision"": 0.0, ""recall"": 0.0}",0.005065202713012695,9.1552734375e-05,11.185672760009766,332.93359375,215,ok,,1.0.0,{}
satimage,satimage,pmlb,pmlb,multiclass,nofe,3,4500,5148,1287,36,36,0,0.26234098463526384,categorical_crossentropy,False,0.26234098463526384,-0.0,"{""accuracy"": 0.9673659673584508, ""categorical_crossentropy"": 0.26234098463526384, ""categorical_roc_auc"": 0.9893565114395497, ""f1"": 0.8822844981638259, ""precision"": 0.8898961597174552, ""recall"": 0.8764534163821428}","{""accuracy"": 0.0, ""categorical_crossentropy"": -0.0, ""categorical_roc_auc"": 0.0, ""f1"": 0.0, ""precision"": 0.0, ""recall"": 0.0}",0.006440401077270508,0.00031375885009765625,6.31310772895813,342.2578125,234,ok,,1.0.0,{}
satimage,satimage,pmlb,pmlb,multiclass,nofe,2,4500,5148,1287,36,36,0,0.2254584661383874,categorical_crossentropy,False,0.2254584661383874,-0.0,"{""accuracy"": 0.9720279720204195, ""categorical_crossentropy"": 0.2254584661383874, ""categorical_roc_auc"": 0.9912849706741054, ""f1"": 0.895345241946908, ""precision"": 0.9079519467008904, ""recall"": 0.8874729104940312}","{""accuracy"": 0.0, ""categorical_crossentropy"": -0.0, ""categorical_roc_auc"": 0.0, ""f1"": 0.0, ""precision"": 0.0, ""recall"": 0.0}",0.006392002105712891,0.00037741661071777344,6.40421199798584,345.640625,253,ok,,1.0.0,{}
satimage,satimage,pmlb,pmlb,multiclass,nofe,4,4500,5148,1287,36,36,0,0.2519581942055304,categorical_crossentropy,False,0.2519581942055304,-0.0,"{""accuracy"": 0.9702149702074316, ""categorical_crossentropy"": 0.2519581942055304, ""categorical_roc_auc"": 0.9904531004246669, ""f1"": 0.8905461414201113, ""precision"": 0.8984601247516104, ""recall"": 0.884729297517822}","{""accuracy"": 0.0, ""categorical_crossentropy"": -0.0, ""categorical_roc_auc"": 0.0, ""f1"": 0.0, ""precision"": 0.0, ""recall"": 0.0}",0.008741378784179688,0.0005097389221191406,6.520527124404907,346.71875,287,ok,,1.0.0,{}
satimage,satimage,pmlb,pmlb,multiclass,nofe,0,4500,5148,1287,36,36,0,0.24759418885024737,categorical_crossentropy,False,0.24759418885024737,-0.0,"{""accuracy"": 0.9725459725384159, ""categorical_crossentropy"": 0.24759418885024737, ""categorical_roc_auc"": 0.9891960923518212, ""f1"": 0.9028377847703389, ""precision"": 0.9085041762325927, ""recall"": 0.8983577760840739}","{""accuracy"": 0.0, ""categorical_crossentropy"": -0.0, ""categorical_roc_auc"": 0.0, ""f1"": 0.0, ""precision"": 0.0, ""recall"": 0.0}",0.006404399871826172,0.0004398822784423828,11.259250164031982,352.83984375,367,ok,,1.0.0,{}
satimage,satimage,pmlb,pmlb,multiclass,nofe,1,4500,5148,1287,36,36,0,0.22027221451282222,categorical_crossentropy,False,0.22027221451282222,-0.0,"{""accuracy"": 0.9748769748694001, ""categorical_crossentropy"": 0.22027221451282222, ""categorical_roc_auc"": 0.9910753348555482, ""f1"": 0.9070357937185206, ""precision"": 0.9182516210225353, ""recall"": 0.8998041143059949}","{""accuracy"": 0.0, ""categorical_crossentropy"": -0.0, ""categorical_roc_auc"": 0.0, ""f1"": 0.0, ""precision"": 0.0, ""recall"": 0.0}",0.00628972053527832,0.0003228187561035156,11.026556730270386,346.140625,274,ok,,1.0.0,{}
shuttle,shuttle,pmlb,pmlb,multiclass,nofe,1,4500,46400,11600,9,9,0,0.00013214972519504358,categorical_crossentropy,False,0.00013214972519504358,-0.0,"{""accuracy"": 0.9999999999991378, ""categorical_crossentropy"": 0.00013214972519504358, ""categorical_roc_auc"": 1.0, ""f1"": 0.9999999936215033, ""precision"": 0.9999999986215032, ""recall"": 0.9999999986215032}","{""accuracy"": 0.0, ""categorical_crossentropy"": -0.0, ""categorical_roc_auc"": 0.0, ""f1"": 0.0, ""precision"": 0.0, ""recall"": 0.0}",0.01910710334777832,0.0007827281951904297,8.823933839797974,369.09765625,490,ok,,1.0.0,{}
shuttle,shuttle,pmlb,pmlb,multiclass,nofe,2,4500,46400,11600,9,9,0,0.0001825531106259922,categorical_crossentropy,False,0.0001825531106259922,-0.0,"{""accuracy"": 0.9999753694572658, ""categorical_crossentropy"": 0.0001825531106259922, ""categorical_roc_auc"": 1.0, ""f1"": 0.992441102008086, ""precision"": 0.9999198318587977, ""recall"": 0.9857142843500747}","{""accuracy"": 0.0, ""categorical_crossentropy"": -0.0, ""categorical_roc_auc"": 0.0, ""f1"": 0.0, ""precision"": 0.0, ""recall"": 0.0}",0.018297672271728516,0.0005409717559814453,8.344675779342651,354.69140625,445,ok,,1.0.0,{}
9978,ozone-level-8hr,openml_task,amlb,classification,nofe,3,4500,2027,507,72,72,0,0.8767105263157895,binary_roc_auc,True,0.8767105263157895,0.0,"{""accuracy"": 0.9428007889360395, ""binary_crossentropy"": 0.17092595605778507, ""binary_roc_auc"": 0.8767105263157895, ""f1"": 0.38297871889542784, ""precision"": 0.5999999996, ""recall"": 0.28124999991210936}","{""accuracy"": 0.0, ""binary_crossentropy"": -0.0, ""binary_roc_auc"": 0.0, ""f1"": 0.0, ""precision"": 0.0, ""recall"": 0.0}",0.011273622512817383,0.00043773651123046875,137.1971664428711,346.828125,54,ok,,1.0.0,{}
9977,nomao,openml_task,amlb,classification,nofe,1,4500,27572,6893,118,118,0,0.9961038563204899,binary_roc_auc,True,0.9961038563204899,0.0,"{""accuracy"": 0.9717104308704894, ""binary_crossentropy"": 0.07229359174488244, ""binary_roc_auc"": 0.9961038563204899, ""f1"": 0.9802371491482293, ""precision"": 0.9783532267833738, ""recall"": 0.9821283509322053}","{""accuracy"": 0.0, ""binary_crossentropy"": -0.0, ""binary_roc_auc"": 0.0, ""f1"": 0.0, ""precision"": 0.0, ""recall"": 0.0}",0.021673917770385742,0.003731966018676758,137.66758632659912,567.0859375,693,ok,,1.0.0,{}
6,letter,openml_task,amlb,multiclass,nofe,0,4500,16000,4000,16,16,0,0.11683050455011758,categorical_crossentropy,False,0.11683050455011758,-0.0,"{""accuracy"": 0.9969807692282768, ""categorical_crossentropy"": 0.11683050455011758, ""categorical_roc_auc"": 0.9996714935516972, ""f1"": 0.9605139409123861, ""precision"": 0.9609935031450478, ""recall"": 0.9604722076065393}","{""accuracy"": 0.0, ""categorical_crossentropy"": -0.0, ""categorical_roc_auc"": 0.0, ""f1"": 0.0, ""precision"": 0.0, ""recall"": 0.0}",0.015547037124633789,0.0011157989501953125,204.24848628044128,598.8515625,1161,ok,,1.0.0,{}
9981,cnae-9,openml_task,amlb,multiclass,nofe,2,4500,864,216,856,856,0,0.2632212322022059,categorical_crossentropy,False,0.2632212322022059,-0.0,"{""accuracy"": 0.9804526748517279, ""categorical_crossentropy"": 0.2632212322022059, ""categorical_roc_auc"": 0.9950569058641976, ""f1"": 0.9129359585152298, ""precision"": 0.9166674062812069, ""recall"": 0.9120370366570216}","{""accuracy"": 0.0, ""categorical_crossentropy"": -0.0, ""categorical_roc_auc"": 0.0, ""f1"": 0.0, ""precision"": 0.0, ""recall"": 0.0}",0.007082700729370117,0.00018405914306640625,137.06042790412903,362.52734375,284,ok,,1.0.0,{}
32,pendigits,openml_task,amlb,multiclass,nofe,3,4500,8793,2199,16,16,0,0.0237371618249426,categorical_crossentropy,False,0.0237371618249426,-0.0,"{""accuracy"": 0.9988176443792687, ""categorical_crossentropy"": 0.0237371618249426, ""categorical_roc_auc"": 0.9999661172011969, ""f1"": 0.9940778886900011, ""precision"": 0.994032741654077, ""recall"": 0.994133051389569}","{""accuracy"": 0.0, ""categorical_crossentropy"": -0.0, ""categorical_roc_auc"": 0.0, ""f1"": 0.0, ""precision"": 0.0, ""recall"": 0.0}",0.01575183868408203,0.0008845329284667969,204.79708623886108,388.35546875,648,ok,,1.0.0,{}
pendigits,pendigits,pmlb,pmlb,multiclass,nofe,1,4500,8793,2199,16,16,0,0.0341939279514678,categorical_crossentropy,False,0.0341939279514678,-0.0,"{""accuracy"": 0.9979990904911414, ""categorical_crossentropy"": 0.0341939279514678, ""categorical_roc_auc"": 0.9998910878540755, ""f1"": 0.9901329643035369, ""precision"": 0.9901579678108506, ""recall"": 0.990167583227316}","{""accuracy"": 0.0, ""categorical_crossentropy"": -0.0, ""categorical_roc_auc"": 0.0, ""f1"": 0.0, ""precision"": 0.0, ""recall"": 0.0}",0.008454084396362305,0.00029349327087402344,5.5332067012786865,352.8203125,340,ok,,1.0.0,{}
shuttle,shuttle,pmlb,pmlb,multiclass,nofe,3,4500,46400,11600,9,9,0,0.000538148814696146,categorical_crossentropy,False,0.000538148814696146,-0.0,"{""accuracy"": 0.9999261083735221, ""categorical_crossentropy"": 0.000538148814696146, ""categorical_roc_auc"": 0.9999992734427334, ""f1"": 0.9223201477455764, ""precision"": 0.9917565656197003, ""recall"": 0.9005602230298352}","{""accuracy"": 0.0, ""categorical_crossentropy"": -0.0, ""categorical_roc_auc"": 0.0, ""f1"": 0.0, ""precision"": 0.0, ""recall"": 0.0}",0.01928877830505371,0.0005407333374023438,11.89633297920227,373.10546875,559,ok,,1.0.0,{}
vehicle,vehicle,pmlb,pmlb,multiclass,nofe,0,4500,676,170,18,18,0,0.5225126170114998,categorical_crossentropy,False,0.5225126170114998,-0.0,"{""accuracy"": 0.8794117646541523, ""categorical_crossentropy"": 0.5225126170114998, ""categorical_roc_auc"": 0.9306049289252414, ""f1"": 0.7569139692959699, ""precision"": 0.7538696664271507, ""recall"": 0.761011904582017}","{""accuracy"": 0.0, ""categorical_crossentropy"": -0.0, ""categorical_roc_auc"": 0.0, ""f1"": 0.0, ""precision"": 0.0, ""recall"": 0.0}",0.002584218978881836,5.1021575927734375e-05,4.236769914627075,323.3828125,182,ok,,1.0.0,{}
vehicle,vehicle,pmlb,pmlb,multiclass,nofe,3,4500,676,170,18,18,0,0.4892063162070425,categorical_crossentropy,False,0.4892063162070425,-0.0,"{""accuracy"": 0.8823529411245674, ""categorical_crossentropy"": 0.4892063162070425, ""categorical_roc_auc"": 0.9315164696414696, ""f1"": 0.7619237329112872, ""precision"": 0.759468774003706, ""recall"": 0.7659090907282701}","{""accuracy"": 0.0, ""categorical_crossentropy"": -0.0, ""categorical_roc_auc"": 0.0, ""f1"": 0.0, ""precision"": 0.0, ""recall"": 0.0}",0.002382040023803711,4.5299530029296875e-05,2.2263925075531006,318.8828125,108,ok,,1.0.0,{}
vehicle,vehicle,pmlb,pmlb,multiclass,nofe,1,4500,676,170,18,18,0,0.5372674297253766,categorical_crossentropy,False,0.5372674297253766,-0.0,"{""accuracy"": 0.8794117646541523, ""categorical_crossentropy"": 0.5372674297253766, ""categorical_roc_auc"": 0.9279210633116883, ""f1"": 0.751460499315104, ""precision"": 0.7510392848257031, ""recall"": 0.760524891595217}","{""accuracy"": 0.0, ""categorical_crossentropy"": -0.0, ""categorical_roc_auc"": 0.0, ""f1"": 0.0, ""precision"": 0.0, ""recall"": 0.0}",0.004059553146362305,5.364418029785156e-05,4.417996168136597,322.84765625,169,ok,,1.0.0,{}
optdigits,optdigits,pmlb,pmlb,multiclass,nofe,1,4500,4496,1124,62,62,0,0.056064235516018815,categorical_crossentropy,False,0.056064235516018815,-0.0,"{""accuracy"": 0.9971530249021606, ""categorical_crossentropy"": 0.056064235516018815, ""categorical_roc_auc"": 0.9996846198388942, ""f1"": 0.9857281041482112, ""precision"": 0.9857892663264657, ""recall"": 0.9857213403058538}","{""accuracy"": 0.0, ""categorical_crossentropy"": -0.0, ""categorical_roc_auc"": 0.0, ""f1"": 0.0, ""precision"": 0.0, ""recall"": 0.0}",0.007583141326904297,0.0004699230194091797,9.179635047912598,392.65625,1007,ok,,1.0.0,{}
optdigits,optdigits,pmlb,pmlb,multiclass,nofe,4,4500,4496,1124,62,62,0,0.06767258376572868,categorical_crossentropy,False,0.06767258376572868,-0.0,"{""accuracy"": 0.9957295373576894, ""categorical_crossentropy"": 0.06767258376572868, ""categorical_roc_auc"": 0.9997028560317943, ""f1"": 0.9787206838464491, ""precision"": 0.9789315610928508, ""recall"": 0.9787115592165752}","{""accuracy"": 0.0, ""categorical_crossentropy"": -0.0, ""categorical_roc_auc"": 0.0, ""f1"": 0.0, ""precision"": 0.0, ""recall"": 0.0}",0.006558656692504883,0.0005223751068115234,6.0774126052856445,368.8828125,511,ok,,1.0.0,{}
vehicle,vehicle,pmlb,pmlb,multiclass,nofe,2,4500,676,170,18,18,0,0.5285705975174685,categorical_crossentropy,False,0.5285705975174685,-0.0,"{""accuracy"": 0.864705882302076, ""categorical_crossentropy"": 0.5285705975174685, ""categorical_roc_auc"": 0.9243426191863691, ""f1"": 0.7309765608097594, ""precision"": 0.7311463940835917, ""recall"": 0.7312229435501614}","{""accuracy"": 0.0, ""categorical_crossentropy"": -0.0, ""categorical_roc_auc"": 0.0, ""f1"": 0.0, ""precision"": 0.0, ""recall"": 0.0}",0.0029578208923339844,4.839897155761719e-05,4.276515483856201,324.9765625,158,ok,,1.0.0,{}
optdigits,optdigits,pmlb,pmlb,multiclass,nofe,3,4500,4496,1124,62,62,0,0.06441130571853765,categorical_crossentropy,False,0.06441130571853765,-0.0,"{""accuracy"": 0.9950177935854537, ""categorical_crossentropy"": 0.06441130571853765, ""categorical_roc_auc"": 0.9996706314442761, ""f1"": 0.9751280432752667, ""precision"": 0.975155247424385, ""recall"": 0.9751086562107595}","{""accuracy"": 0.0, ""categorical_crossentropy"": -0.0, ""categorical_roc_auc"": 0.0, ""f1"": 0.0, ""precision"": 0.0, ""recall"": 0.0}",0.009364128112792969,0.0006766319274902344,6.95963454246521,376.83984375,680,ok,,1.0.0,{}
14970,har,openml_task,amlb,multiclass,nofe,0,4500,8239,2060,561,561,0,0.028767036366582156,categorical_crossentropy,False,0.028767036366582156,-0.0,"{""accuracy"": 0.9964401294450012, ""categorical_crossentropy"": 0.028767036366582156, ""categorical_roc_auc"": 0.9998750633848693, ""f1"": 0.9893210800198489, ""precision"": 0.9894612459259546, ""recall"": 0.9892272536096621}","{""accuracy"": 0.0, ""categorical_crossentropy"": -0.0, ""categorical_roc_auc"": 0.0, ""f1"": 0.0, ""precision"": 0.0, ""recall"": 0.0}",0.03589153289794922,0.003902435302734375,119.38102889060974,789.83203125,695,ok,,1.0.0,{}
pendigits,pendigits,pmlb,pmlb,multiclass,nofe,2,4500,8793,2199,16,16,0,0.04000493750683796,categorical_crossentropy,False,0.04000493750683796,-0.0,"{""accuracy"": 0.9978171896271132, ""categorical_crossentropy"": 0.04000493750683796, ""categorical_roc_auc"": 0.9993044640967922, ""f1"": 0.9890929114701587, ""precision"": 0.9892491799703768, ""recall"": 0.9889942861007925}","{""accuracy"": 0.0, ""categorical_crossentropy"": -0.0, ""categorical_roc_auc"": 0.0, ""f1"": 0.0, ""precision"": 0.0, ""recall"": 0.0}",0.0061795711517333984,0.0002288818359375,13.363030910491943,367.0234375,573,ok,,1.0.0,{}
pendigits,pendigits,pmlb,pmlb,multiclass,nofe,4,4500,8793,2199,16,16,0,0.037699627961963585,categorical_crossentropy,False,0.037699627961963585,-0.0,"{""accuracy"": 0.9984538426512122, ""categorical_crossentropy"": 0.037699627961963585, ""categorical_roc_auc"": 0.9995069756690895, ""f1"": 0.9923283991399895, ""precision"": 0.9923295577924455, ""recall"": 0.9923490740722374}","{""accuracy"": 0.0, ""categorical_crossentropy"": -0.0, ""categorical_roc_auc"": 0.0, ""f1"": 0.0, ""precision"": 0.0, ""recall"": 0.0}",0.007331132888793945,9.417533874511719e-05,13.697291374206543,368.28125,640,ok,,1.0.0,{}
optdigits,optdigits,pmlb,pmlb,multiclass,nofe,0,4500,4496,1124,62,62,0,0.08450806592744839,categorical_crossentropy,False,0.08450806592744839,-0.0,"{""accuracy"": 0.9960854092438071, ""categorical_crossentropy"": 0.08450806592744839, ""categorical_roc_auc"": 0.9992782012246636, ""f1"": 0.9803820556627155, ""precision"": 0.9805277499576329, ""recall"": 0.9803952447816983}","{""accuracy"": 0.0, ""categorical_crossentropy"": -0.0, ""categorical_roc_auc"": 0.0, ""f1"": 0.0, ""precision"": 0.0, ""recall"": 0.0}",0.008733272552490234,0.0006794929504394531,13.873866558074951,411.484375,1448,ok,,1.0.0,{}
pendigits,pendigits,pmlb,pmlb,multiclass,nofe,3,4500,8793,2199,16,16,0,0.0237371618249426,categorical_crossentropy,False,0.0237371618249426,-0.0,"{""accuracy"": 0.9988176443792687, ""categorical_crossentropy"": 0.0237371618249426, ""categorical_roc_auc"": 0.9999661172011969, ""f1"": 0.9940778886900011, ""precision"": 0.994032741654077, ""recall"": 0.994133051389569}","{""accuracy"": 0.0, ""categorical_crossentropy"": -0.0, ""categorical_roc_auc"": 0.0, ""f1"": 0.0, ""precision"": 0.0, ""recall"": 0.0}",0.008725643157958984,0.00027632713317871094,13.956530570983887,368.8203125,648,ok,,1.0.0,{}
optdigits,optdigits,pmlb,pmlb,multiclass,nofe,2,4500,4496,1124,62,62,0,0.06739968229105452,categorical_crossentropy,False,0.06739968229105452,-0.0,"{""accuracy"": 0.9962633451868662, ""categorical_crossentropy"": 0.06739968229105452, ""categorical_roc_auc"": 0.9996874435418238, ""f1"": 0.9813918742194389, ""precision"": 0.9816085815223392, ""recall"": 0.9813116674755171}","{""accuracy"": 0.0, ""categorical_crossentropy"": -0.0, ""categorical_roc_auc"": 0.0, ""f1"": 0.0, ""precision"": 0.0, ""recall"": 0.0}",0.009110450744628906,0.0007045269012451172,11.192798614501953,408.48046875,1386,ok,,1.0.0,{}
14970,har,openml_task,amlb,multiclass,nofe,4,4500,8239,2060,561,561,0,0.02093932667267004,categorical_crossentropy,False,0.02093932667267004,-0.0,"{""accuracy"": 0.9970873786359364, ""categorical_crossentropy"": 0.02093932667267004, ""categorical_roc_auc"": 0.9999326737086994, ""f1"": 0.9911339677764865, ""precision"": 0.9913467977677616, ""recall"": 0.9909912890994761}","{""accuracy"": 0.0, ""categorical_crossentropy"": -0.0, ""categorical_roc_auc"": 0.0, ""f1"": 0.0, ""precision"": 0.0, ""recall"": 0.0}",0.03666806221008301,0.004782199859619141,119.62021088600159,790.09375,801,ok,,1.0.0,{}
pendigits,pendigits,pmlb,pmlb,multiclass,nofe,0,4500,8793,2199,16,16,0,0.035184880668169986,categorical_crossentropy,False,0.035184880668169986,-0.0,"{""accuracy"": 0.9981809913551697, ""categorical_crossentropy"": 0.035184880668169986, ""categorical_roc_auc"": 0.9996548583734715, ""f1"": 0.9909499875038577, ""precision"": 0.9910704335764384, ""recall"": 0.990929188392958}","{""accuracy"": 0.0, ""categorical_crossentropy"": -0.0, ""categorical_roc_auc"": 0.0, ""f1"": 0.0, ""precision"": 0.0, ""recall"": 0.0}",0.00647425651550293,0.000347137451171875,15.450410604476929,382.3125,918,ok,,1.0.0,{}
shuttle,shuttle,pmlb,pmlb,multiclass,nofe,0,4500,46400,11600,9,9,0,0.0006018560613656156,categorical_crossentropy,False,0.0006018560613656156,-0.0,"{""accuracy"": 0.999950738915394, ""categorical_crossentropy"": 0.0006018560613656156, ""categorical_roc_auc"": 0.999999983661929, ""f1"": 0.999700720827346, ""precision"": 0.9998397550512715, ""recall"": 0.9995624576020395}","{""accuracy"": 0.0, ""categorical_crossentropy"": -0.0, ""categorical_roc_auc"": 0.0, ""f1"": 0.0, ""precision"": 0.0, ""recall"": 0.0}",0.018939971923828125,0.0006239414215087891,23.597609758377075,364.671875,1738,ok,,1.0.0,{}
shuttle,shuttle,pmlb,pmlb,multiclass,nofe,4,4500,46400,11600,9,9,0,0.000987243024732632,categorical_crossentropy,False,0.000987243024732632,-0.0,"{""accuracy"": 0.9999507389153941, ""categorical_crossentropy"": 0.000987243024732632, ""categorical_roc_auc"": 0.9999966284694862, ""f1"": 0.9501934161377082, ""precision"": 0.9956999292582772, ""recall"": 0.9285557582352938}","{""accuracy"": 0.0, ""categorical_crossentropy"": -0.0, ""categorical_roc_auc"": 0.0, ""f1"": 0.0, ""precision"": 0.0, ""recall"": 0.0}",0.021509647369384766,0.0006096363067626953,17.21032452583313,400.65625,1250,ok,,1.0.0,{}
vehicle,vehicle,pmlb,pmlb,multiclass,nofe,4,4500,676,170,18,18,0,0.5469325255181449,categorical_crossentropy,False,0.5469325255181449,-0.0,"{""accuracy"": 0.8794117646541523, ""categorical_crossentropy"": 0.5469325255181449, ""categorical_roc_auc"": 0.9278624630577755, ""f1"": 0.7565053555948247, ""precision"": 0.7537098558589882, ""recall"": 0.7616071426769644}","{""accuracy"": 0.0, ""categorical_crossentropy"": -0.0, ""categorical_roc_auc"": 0.0, ""f1"": 0.0, ""precision"": 0.0, ""recall"": 0.0}",0.003690958023071289,0.000118255615234375,2.8180651664733887,325.8984375,313,ok,,1.0.0,{}
167140,dna,openml_task,amlb,multiclass,nofe,0,4500,2548,638,180,180,0,0.1448541090010445,categorical_crossentropy,False,0.1448541090010445,-0.0,"{""accuracy"": 0.9707419017611691, ""categorical_crossentropy"": 0.1448541090010445, ""categorical_roc_auc"": 0.9900639806868222, ""f1"": 0.9506793676334057, ""precision"": 0.9476120857202921, ""recall"": 0.9543559435532237}","{""accuracy"": 0.0, ""categorical_crossentropy"": -0.0, ""categorical_roc_auc"": 0.0, ""f1"": 0.0, ""precision"": 0.0, ""recall"": 0.0}",0.023245811462402344,0.0020995140075683594,77.15658974647522,352.78515625,211,ok,,1.0.0,{}
monk1,monk1,pmlb,pmlb,classification,nofe,0,4500,444,112,6,6,0,1.0,binary_roc_auc,True,1.0,0.0,"{""accuracy"": 0.9999999999107143, ""binary_crossentropy"": 0.022066819162059152, ""binary_roc_auc"": 1.0, ""f1"": 0.9999999948214284, ""precision"": 0.9999999998214285, ""recall"": 0.9999999998214285}","{""accuracy"": 0.0, ""binary_crossentropy"": -0.0, ""binary_roc_auc"": 0.0, ""f1"": 0.0, ""precision"": 0.0, ""recall"": 0.0}",0.003453969955444336,7.653236389160156e-05,2.1917192935943604,322.8046875,866,ok,,1.0.0,{}
monk1,monk1,pmlb,pmlb,classification,nofe,2,4500,444,112,6,6,0,1.0,binary_roc_auc,True,1.0,0.0,"{""accuracy"": 0.9999999999107143, ""binary_crossentropy"": 0.0193182694292448, ""binary_roc_auc"": 1.0, ""f1"": 0.9999999948214284, ""precision"": 0.9999999998214285, ""recall"": 0.9999999998214285}","{""accuracy"": 0.0, ""binary_crossentropy"": -0.0, ""binary_roc_auc"": 0.0, ""f1"": 0.0, ""precision"": 0.0, ""recall"": 0.0}",0.0041730403900146484,7.772445678710938e-05,2.056969404220581,322.1953125,1111,ok,,1.0.0,{}
529_pollen,pollen,pmlb,pmlb,regression,nofe,0,4500,3078,770,4,4,0,1.5986108050893144,rmse,False,1.5986108050893144,-0.0,"{""mae"": 1.2594775721019544, ""mse"": 2.5555565061483057, ""pearson"": 0.8647743033178305, ""r2"": 0.7430548463033928, ""rmse"": 1.5986108050893144, ""rmsle"": null}","{""mae"": -0.0, ""mse"": -0.0, ""pearson"": 0.0, ""r2"": 0.0, ""rmse"": -0.0, ""rmsle"": null}",0.002928495407104492,0.00011873245239257812,9.048928260803223,321.94140625,203,ok,,1.0.0,{}
kr_vs_kp,kr-vs-kp,pmlb,pmlb,classification,nofe,2,4500,2556,640,36,36,0,0.9998728034127823,binary_roc_auc,True,0.9998728034127823,0.0,"{""accuracy"": 0.9906249999845215, ""binary_crossentropy"": 0.021859622373830767, ""binary_roc_auc"": 0.9998728034127823, ""f1"": 0.9910447710898641, ""precision"": 0.9880952380658304, ""recall"": 0.9940119760181433}","{""accuracy"": 0.0, ""binary_crossentropy"": -0.0, ""binary_roc_auc"": 0.0, ""f1"": 0.0, ""precision"": 0.0, ""recall"": 0.0}",0.004553556442260742,7.700920104980469e-05,69.54310703277588,326.4375,869,ok,,1.0.0,{}
503_wind,wind,pmlb,pmlb,regression,nofe,4,4500,5259,1315,14,14,0,3.045161175952676,rmse,False,3.045161175952676,-0.0,"{""mae"": 2.3111902577795456, ""mse"": 9.273006587529485, ""pearson"": 0.8881865050361566, ""r2"": 0.7887740253805196, ""rmse"": 3.045161175952676, ""rmsle"": 0.21563302198923237}","{""mae"": -0.0, ""mse"": -0.0, ""pearson"": 0.0, ""r2"": 0.0, ""rmse"": -0.0, ""rmsle"": -0.0}",0.0029163360595703125,7.510185241699219e-05,4.697705507278442,326.26171875,254,ok,,1.0.0,{}
529_pollen,pollen,pmlb,pmlb,regression,nofe,1,4500,3078,770,4,4,0,1.585127263915552,rmse,False,1.585127263915552,-0.0,"{""mae"": 1.2395357026089613, ""mse"": 2.5126284428084045, ""pearson"": 0.8701789940520426, ""r2"": 0.7536112266698475, ""rmse"": 1.585127263915552, ""rmsle"": null}","{""mae"": -0.0, ""mse"": -0.0, ""pearson"": 0.0, ""r2"": 0.0, ""rmse"": -0.0, ""rmsle"": null}",0.0021016597747802734,5.078315734863281e-05,9.35595178604126,321.0625,137,ok,,1.0.0,{}
503_wind,wind,pmlb,pmlb,regression,nofe,0,4500,5259,1315,14,14,0,3.160870419196631,rmse,False,3.160870419196631,-0.0,"{""mae"": 2.406790639057812, ""mse"": 9.991101806952285, ""pearson"": 0.8810409780568008, ""r2"": 0.7760986004253945, ""rmse"": 3.160870419196631, ""rmsle"": 0.2221127070791727}","{""mae"": -0.0, ""mse"": -0.0, ""pearson"": 0.0, ""r2"": 0.0, ""rmse"": -0.0, ""rmsle"": -0.0}",0.003099203109741211,0.00010991096496582031,8.923508882522583,326.1484375,249,ok,,1.0.0,{}
529_pollen,pollen,pmlb,pmlb,regression,nofe,4,4500,3078,770,4,4,0,1.5625623757186557,rmse,False,1.5625623757186557,-0.0,"{""mae"": 1.2335425285743429, ""mse"": 2.4416011780115294, ""pearson"": 0.8668899204793058, ""r2"": 0.751293595185787, ""rmse"": 1.5625623757186557, ""rmsle"": null}","{""mae"": -0.0, ""mse"": -0.0, ""pearson"": 0.0, ""r2"": 0.0, ""rmse"": -0.0, ""rmsle"": null}",0.002051830291748047,5.054473876953125e-05,8.67932415008545,318.67578125,136,ok,,1.0.0,{}
spambase,spambase,pmlb,pmlb,classification,nofe,0,4500,3680,921,57,57,0,0.9896965747405629,binary_roc_auc,True,0.9896965747405629,0.0,"{""accuracy"": 0.958740499446702, ""binary_crossentropy"": 0.1166924022625758, ""binary_roc_auc"": 0.9896965747405629, ""f1"": 0.948087426668421, ""precision"": 0.9403794037685533, ""recall"": 0.9559228649874402}","{""accuracy"": 0.0, ""binary_crossentropy"": -0.0, ""binary_roc_auc"": 0.0, ""f1"": 0.0, ""precision"": 0.0, ""recall"": 0.0}",0.007234811782836914,0.0008606910705566406,72.26470446586609,336.2421875,282,ok,,1.0.0,{}
529_pollen,pollen,pmlb,pmlb,regression,nofe,3,4500,3078,770,4,4,0,1.5770896880824792,rmse,False,1.5770896880824792,-0.0,"{""mae"": 1.2540388812017687, ""mse"": 2.4872118842560913, ""pearson"": 0.8740680851309081, ""r2"": 0.7622856773063386, ""rmse"": 1.5770896880824792, ""rmsle"": null}","{""mae"": -0.0, ""mse"": -0.0, ""pearson"": 0.0, ""r2"": 0.0, ""rmse"": -0.0, ""rmsle"": null}",0.0020568370819091797,5.650520324707031e-05,9.066354751586914,321.07421875,155,ok,,1.0.0,{}
monk1,monk1,pmlb,pmlb,classification,nofe,4,4500,444,112,6,6,0,1.0,binary_roc_auc,True,1.0,0.0,"{""accuracy"": 0.9999999999107143, ""binary_crossentropy"": 0.022251679300032783, ""binary_roc_auc"": 1.0, ""f1"": 0.9999999948214284, ""precision"": 0.9999999998214285, ""recall"": 0.9999999998214285}","{""accuracy"": 0.0, ""binary_crossentropy"": -0.0, ""binary_roc_auc"": 0.0, ""f1"": 0.0, ""precision"": 0.0, ""recall"": 0.0}",0.015020370483398438,0.00012993812561035156,9.658589601516724,321.34375,827,ok,,1.0.0,{}
529_pollen,pollen,pmlb,pmlb,regression,nofe,2,4500,3078,770,4,4,0,1.5843982974151207,rmse,False,1.5843982974151207,-0.0,"{""mae"": 1.2462806129972481, ""mse"": 2.510317964851933, ""pearson"": 0.8730792294025248, ""r2"": 0.7610922593231474, ""rmse"": 1.5843982974151207, ""rmsle"": null}","{""mae"": -0.0, ""mse"": -0.0, ""pearson"": 0.0, ""r2"": 0.0, ""rmse"": -0.0, ""rmsle"": null}",0.0020933151245117188,5.030632019042969e-05,9.460716485977173,321.171875,237,ok,,1.0.0,{}
mfeat_factors,mfeat-factors,pmlb,pmlb,multiclass,nofe,0,4500,1600,400,216,216,0,0.11116926931259513,categorical_crossentropy,False,0.11116926931259513,-0.0,"{""accuracy"": 0.9934999999751625, ""categorical_crossentropy"": 0.11116926931259513, ""categorical_roc_auc"": 0.998451388888889, ""f1"": 0.96713125949995, ""precision"": 0.967589660555225, ""recall"": 0.967499999758125}","{""accuracy"": 0.0, ""categorical_crossentropy"": -0.0, ""categorical_roc_auc"": 0.0, ""f1"": 0.0, ""precision"": 0.0, ""recall"": 0.0}",0.010456323623657227,0.0008969306945800781,13.671544313430786,360.578125,343,ok,,1.0.0,{}
mushroom,mushroom,pmlb,pmlb,classification,nofe,1,4500,6499,1625,21,21,0,1.0,binary_roc_auc,True,1.0,0.0,"{""accuracy"": 0.9999999999938463, ""binary_crossentropy"": 0.0005454151054327667, ""binary_roc_auc"": 1.0, ""f1"": 0.9999999949872285, ""precision"": 0.9999999999872285, ""recall"": 0.9999999999872285}","{""accuracy"": 0.0, ""binary_crossentropy"": -0.0, ""binary_roc_auc"": 0.0, ""f1"": 0.0, ""precision"": 0.0, ""recall"": 0.0}",0.008404970169067383,0.0003952980041503906,74.14781951904297,337.21484375,1999,ok,,1.0.0,{}
letter,letter,pmlb,pmlb,multiclass,nofe,4,4500,16000,4000,16,16,0,0.11619374231634878,categorical_crossentropy,False,0.11619374231634878,-0.0,"{""accuracy"": 0.9968461538436618, ""categorical_crossentropy"": 0.11619374231634878, ""categorical_roc_auc"": 0.9996942140680193, ""f1"": 0.9589518370225446, ""precision"": 0.959407124098158, ""recall"": 0.9588758560043478}","{""accuracy"": 0.0, ""categorical_crossentropy"": -0.0, ""categorical_roc_auc"": 0.0, ""f1"": 0.0, ""precision"": 0.0, ""recall"": 0.0}",0.011807680130004883,0.0006494522094726562,41.824711322784424,546.05859375,957,ok,,1.0.0,{}
mfeat_factors,mfeat-factors,pmlb,pmlb,multiclass,nofe,1,4500,1600,400,216,216,0,0.14123844446359726,categorical_crossentropy,False,0.14123844446359726,-0.0,"{""accuracy"": 0.9924999999751876, ""categorical_crossentropy"": 0.14123844446359726, ""categorical_roc_auc"": 0.998625, ""f1"": 0.9624130905149244, ""precision"": 0.9633234820100466, ""recall"": 0.9624999997593748}","{""accuracy"": 0.0, ""categorical_crossentropy"": -0.0, ""categorical_roc_auc"": 0.0, ""f1"": 0.0, ""precision"": 0.0, ""recall"": 0.0}",0.00998997688293457,0.0010802745819091797,14.04117727279663,367.23046875,395,ok,,1.0.0,{}
503_wind,wind,pmlb,pmlb,regression,nofe,3,4500,5259,1315,14,14,0,2.966718495874886,rmse,False,2.966718495874886,-0.0,"{""mae"": 2.2869683718953295, ""mse"": 8.801418633766144, ""pearson"": 0.8944206829972378, ""r2"": 0.7994545090430338, ""rmse"": 2.966718495874886, ""rmsle"": 0.2133939221721725}","{""mae"": -0.0, ""mse"": -0.0, ""pearson"": 0.0, ""r2"": 0.0, ""rmse"": -0.0, ""rmsle"": -0.0}",0.003005504608154297,8.249282836914062e-05,8.637428522109985,328.4765625,248,ok,,1.0.0,{}
14970,har,openml_task,amlb,multiclass,nofe,2,4500,8239,2060,561,561,0,0.024857524437718284,categorical_crossentropy,False,0.024857524437718284,-0.0,"{""accuracy"": 0.9972491909336704, ""categorical_crossentropy"": 0.024857524437718284, ""categorical_roc_auc"": 0.9998727921575482, ""f1"": 0.9919906497051235, ""precision"": 0.9919393217546212, ""recall"": 0.9920437389173017}","{""accuracy"": 0.0, ""categorical_crossentropy"": -0.0, ""categorical_roc_auc"": 0.0, ""f1"": 0.0, ""precision"": 0.0, ""recall"": 0.0}",0.03761935234069824,0.0048487186431884766,134.44760847091675,788.2109375,846,ok,,1.0.0,{}
14970,har,openml_task,amlb,multiclass,nofe,1,4500,8239,2060,561,561,0,0.020220548001527974,categorical_crossentropy,False,0.020220548001527974,-0.0,"{""accuracy"": 0.9966019417427351, ""categorical_crossentropy"": 0.020220548001527974, ""categorical_roc_auc"": 0.999932437522259, ""f1"": 0.9901148891285868, ""precision"": 0.9902464258642029, ""recall"": 0.9900154052504675}","{""accuracy"": 0.0, ""categorical_crossentropy"": -0.0, ""categorical_roc_auc"": 0.0, ""f1"": 0.0, ""precision"": 0.0, ""recall"": 0.0}",0.030501365661621094,0.0042572021484375,134.82989144325256,789.40234375,949,ok,,1.0.0,{}
mfeat_factors,mfeat-factors,pmlb,pmlb,multiclass,nofe,2,4500,1600,400,216,216,0,0.20157226774732406,categorical_crossentropy,False,0.20157226774732406,-0.0,"{""accuracy"": 0.9879999999753, ""categorical_crossentropy"": 0.20157226774732406, ""categorical_roc_auc"": 0.9959166666666667, ""f1"": 0.9406208030910935, ""precision"": 0.9432078023364465, ""recall"": 0.9399999997649997}","{""accuracy"": 0.0, ""categorical_crossentropy"": -0.0, ""categorical_roc_auc"": 0.0, ""f1"": 0.0, ""precision"": 0.0, ""recall"": 0.0}",0.009308815002441406,0.0009121894836425781,14.897948741912842,376.3359375,765,ok,,1.0.0,{}
mfeat_factors,mfeat-factors,pmlb,pmlb,multiclass,nofe,4,4500,1600,400,216,216,0,0.1072641835018294,categorical_crossentropy,False,0.1072641835018294,-0.0,"{""accuracy"": 0.9949999999751251, ""categorical_crossentropy"": 0.1072641835018294, ""categorical_roc_auc"": 0.9986458333333333, ""f1"": 0.9749291265117966, ""precision"": 0.9753569192590789, ""recall"": 0.9749999997562501}","{""accuracy"": 0.0, ""categorical_crossentropy"": -0.0, ""categorical_roc_auc"": 0.0, ""f1"": 0.0, ""precision"": 0.0, ""recall"": 0.0}",0.009817361831665039,0.0008802413940429688,13.91747498512268,364.4921875,460,ok,,1.0.0,{}
letter,letter,pmlb,pmlb,multiclass,nofe,2,4500,16000,4000,16,16,0,0.1198477487991486,categorical_crossentropy,False,0.1198477487991486,-0.0,"{""accuracy"": 0.9970192307667382, ""categorical_crossentropy"": 0.1198477487991486, ""categorical_roc_auc"": 0.9996314771281489, ""f1"": 0.9611761039928037, ""precision"": 0.9615539449570255, ""recall"": 0.9611114846887825}","{""accuracy"": 0.0, ""categorical_crossentropy"": -0.0, ""categorical_roc_auc"": 0.0, ""f1"": 0.0, ""precision"": 0.0, ""recall"": 0.0}",0.011444091796875,0.0005190372467041016,42.96974301338196,553.125,1000,ok,,1.0.0,{}
ionosphere,ionosphere,pmlb,pmlb,classification,nofe,0,4500,280,71,33,33,0,0.9608695652173912,binary_roc_auc,True,0.9608695652173912,0.0,"{""accuracy"": 0.9295774646578061, ""binary_crossentropy"": 0.2538662343482736, ""binary_roc_auc"": 0.9608695652173912, ""f1"": 0.9473684158581718, ""precision"": 0.9183673467513536, ""recall"": 0.978260869352552}","{""accuracy"": 0.0, ""binary_crossentropy"": -0.0, ""binary_roc_auc"": 0.0, ""f1"": 0.0, ""precision"": 0.0, ""recall"": 0.0}",0.002262592315673828,8.0108642578125e-05,71.70731902122498,320.1796875,67,ok,,1.0.0,{}
503_wind,wind,pmlb,pmlb,regression,nofe,1,4500,5259,1315,14,14,0,2.9842687326630206,rmse,False,2.9842687326630206,-0.0,"{""mae"": 2.297464650665399, ""mse"": 8.905859868750152, ""pearson"": 0.8882498224660702, ""r2"": 0.7889578051557301, ""rmse"": 2.9842687326630206, ""rmsle"": 0.21380101772468021}","{""mae"": -0.0, ""mse"": -0.0, ""pearson"": 0.0, ""r2"": 0.0, ""rmse"": -0.0, ""rmsle"": -0.0}",0.002817392349243164,0.00017142295837402344,9.5260169506073,325.78515625,182,ok,,1.0.0,{}
503_wind,wind,pmlb,pmlb,regression,nofe,2,4500,5259,1315,14,14,0,2.985540099602209,rmse,False,2.985540099602209,-0.0,"{""mae"": 2.3151528673933486, ""mse"": 8.913449686332768, ""pearson"": 0.8929060910284732, ""r2"": 0.7968542783904808, ""rmse"": 2.985540099602209, ""rmsle"": 0.2206966742311309}","{""mae"": -0.0, ""mse"": -0.0, ""pearson"": 0.0, ""r2"": 0.0, ""rmse"": -0.0, ""rmsle"": -0.0}",0.003950834274291992,8.20159912109375e-05,9.760697603225708,328.765625,457,ok,,1.0.0,{}
letter,letter,pmlb,pmlb,multiclass,nofe,1,4500,16000,4000,16,16,0,0.11556069835297948,categorical_crossentropy,False,0.11556069835297948,-0.0,"{""accuracy"": 0.9970961538436611, ""categorical_crossentropy"": 0.11556069835297948, ""categorical_roc_auc"": 0.9995732625748187, ""f1"": 0.9621373136307396, ""precision"": 0.9625110949291712, ""recall"": 0.9620909628715383}","{""accuracy"": 0.0, ""categorical_crossentropy"": -0.0, ""categorical_roc_auc"": 0.0, ""f1"": 0.0, ""precision"": 0.0, ""recall"": 0.0}",0.01027679443359375,0.0004856586456298828,54.74057722091675,618.10546875,1454,ok,,1.0.0,{}
42712,Bike-Sharing,openml_dataset,stress_test,regression,nofe,3,4500,13903,3476,12,12,0,38.562832417176665,rmse,False,38.562832417176665,-0.0,"{""mae"": 23.949767654164724, ""mse"": 1487.0920440352515, ""pearson"": 0.9768507431058394, ""r2"": 0.9541850500122039, ""rmse"": 38.562832417176665, ""rmsle"": 0.48055982674373354}","{""mae"": -0.0, ""mse"": -0.0, ""pearson"": 0.0, ""r2"": 0.0, ""rmse"": -0.0, ""rmsle"": -0.0}",0.008867979049682617,0.0002970695495605469,9.552637815475464,352.015625,661,ok,,1.0.0,{}
42712,Bike-Sharing,openml_dataset,stress_test,regression,nofe,1,4500,13903,3476,12,12,0,37.71753657843619,rmse,False,37.71753657843619,-0.0,"{""mae"": 23.339063095597076, ""mse"": 1422.612565545672, ""pearson"": 0.9785605505484328, ""r2"": 0.9573581894175772, ""rmse"": 37.71753657843619, ""rmsle"": 0.47303665996232813}","{""mae"": -0.0, ""mse"": -0.0, ""pearson"": 0.0, ""r2"": 0.0, ""rmse"": -0.0, ""rmsle"": -0.0}",0.005722999572753906,0.0002186298370361328,9.613747119903564,357.38671875,815,ok,,1.0.0,{}
42712,Bike-Sharing,openml_dataset,stress_test,regression,nofe,2,4500,13903,3476,12,12,0,40.60308768292833,rmse,False,40.60308768292833,-0.0,"{""mae"": 24.22774980563169, ""mse"": 1648.6107293875664, ""pearson"": 0.9751785045739461, ""r2"": 0.950771575102703, ""rmse"": 40.60308768292833, ""rmsle"": 0.48170126128139484}","{""mae"": -0.0, ""mse"": -0.0, ""pearson"": 0.0, ""r2"": 0.0, ""rmse"": -0.0, ""rmsle"": -0.0}",0.005276679992675781,0.0002548694610595703,10.156419515609741,353.15625,726,ok,,1.0.0,{}
42712,Bike-Sharing,openml_dataset,stress_test,regression,nofe,0,4500,13903,3476,12,12,0,39.17820162052515,rmse,False,39.17820162052515,-0.0,"{""mae"": 24.080432941184366, ""mse"": 1534.9314822185197, ""pearson"": 0.9767941123345991, ""r2"": 0.9540014202045587, ""rmse"": 39.17820162052515, ""rmsle"": 0.4885186474040511}","{""mae"": -0.0, ""mse"": -0.0, ""pearson"": 0.0, ""r2"": 0.0, ""rmse"": -0.0, ""rmsle"": -0.0}",0.004474639892578125,0.0001704692840576172,10.437476396560669,357.07421875,1026,ok,,1.0.0,{}
spambase,spambase,pmlb,pmlb,classification,nofe,2,4500,3680,921,57,57,0,0.989247311827957,binary_roc_auc,True,0.989247311827957,0.0,"{""accuracy"": 0.9500542888061884, ""binary_crossentropy"": 0.12703836472897587, ""binary_roc_auc"": 0.989247311827957, ""f1"": 0.935754184918971, ""precision"": 0.9490084985566853, ""recall"": 0.9228650137486814}","{""accuracy"": 0.0, ""binary_crossentropy"": -0.0, ""binary_roc_auc"": 0.0, ""f1"": 0.0, ""precision"": 0.0, ""recall"": 0.0}",0.006768941879272461,0.0008566379547119141,89.58621072769165,332.640625,384,ok,,1.0.0,{}
kr_vs_kp,kr-vs-kp,pmlb,pmlb,classification,nofe,4,4500,2556,640,36,36,0,0.9999804312942743,binary_roc_auc,True,0.9999804312942743,0.0,"{""accuracy"": 0.9921874999844971, ""binary_crossentropy"": 0.02060549749717886, ""binary_roc_auc"": 0.9999804312942743, ""f1"": 0.9924585168406326, ""precision"": 0.9999999999696049, ""recall"": 0.9850299400902686}","{""accuracy"": 0.0, ""binary_crossentropy"": -0.0, ""binary_roc_auc"": 0.0, ""f1"": 0.0, ""precision"": 0.0, ""recall"": 0.0}",0.004403352737426758,0.00022101402282714844,88.91085505485535,326.65234375,598,ok,,1.0.0,{}
letter,letter,pmlb,pmlb,multiclass,nofe,0,4500,16000,4000,16,16,0,0.11683050455011758,categorical_crossentropy,False,0.11683050455011758,-0.0,"{""accuracy"": 0.9969807692282768, ""categorical_crossentropy"": 0.11683050455011758, ""categorical_roc_auc"": 0.9996714935516972, ""f1"": 0.9605139409123861, ""precision"": 0.9609935031450478, ""recall"": 0.9604722076065393}","{""accuracy"": 0.0, ""categorical_crossentropy"": -0.0, ""categorical_roc_auc"": 0.0, ""f1"": 0.0, ""precision"": 0.0, ""recall"": 0.0}",0.011217355728149414,0.0005404949188232422,58.749908208847046,577.15625,1161,ok,,1.0.0,{}
1193_BNG_lowbwt,BNG-lowbwt,pmlb,pmlb,regression,nofe,2,4500,24883,6221,9,9,0,449.2403380489895,rmse,False,449.2403380489895,-0.0,"{""mae"": 357.4591508947218, ""mse"": 201816.88133037035, ""pearson"": 0.7862360407440324, ""r2"": 0.6180641088069904, ""rmse"": 449.2403380489895, ""rmsle"": 0.1702216344863774}","{""mae"": -0.0, ""mse"": -0.0, ""pearson"": 0.0, ""r2"": 0.0, ""rmse"": -0.0, ""rmsle"": -0.0}",0.008693695068359375,0.0007152557373046875,16.62442374229431,334.4765625,107,ok,,1.0.0,{}
1113,KDD-Cup-98,openml_dataset,stress_test,regression,nofe,0,4500,,,39,,,,,,,,,,,,1.25642728805542,,,crash,"ValueError: With n_samples=0, test_size=0.2 and train_size=None, the resulting train set will be empty. Adjust any of the aforementioned parameters.",,
1193_BNG_lowbwt,BNG-lowbwt,pmlb,pmlb,regression,nofe,3,4500,24883,6221,9,9,0,450.1407188400256,rmse,False,450.1407188400256,-0.0,"{""mae"": 354.26416644519634, ""mse"": 202626.666757815, ""pearson"": 0.7843357221622568, ""r2"": 0.6148909639034448, ""rmse"": 450.1407188400256, ""rmsle"": 0.16942386145924324}","{""mae"": -0.0, ""mse"": -0.0, ""pearson"": 0.0, ""r2"": 0.0, ""rmse"": -0.0, ""rmsle"": -0.0}",0.00641632080078125,0.0004572868347167969,16.74288249015808,333.62890625,84,ok,,1.0.0,{}
1113,KDD-Cup-98,openml_dataset,stress_test,regression,nofe,1,4500,,,39,,,,,,,,,,,,1.9092926979064941,,,crash,"ValueError: With n_samples=0, test_size=0.2 and train_size=None, the resulting train set will be empty. Adjust any of the aforementioned parameters.",,
1028_SWD,SWD,pmlb,pmlb,regression,nofe,0,4500,800,200,10,10,0,0.5992811670507572,rmse,False,0.5992811670507572,-0.0,"{""mae"": 0.49522449970245364, ""mse"": 0.3591379171817175, ""pearson"": 0.6418882989984669, ""r2"": 0.4110320738276947, ""rmse"": 0.5992811670507572, ""rmsle"": 0.1284198888441956}","{""mae"": -0.0, ""mse"": -0.0, ""pearson"": 0.0, ""r2"": 0.0, ""rmse"": -0.0, ""rmsle"": -0.0}",0.0030732154846191406,0.00011444091796875,16.891743898391724,318.7265625,44,ok,,1.0.0,{}
1113,KDD-Cup-98,openml_dataset,stress_test,regression,nofe,3,4500,,,39,,,,,,,,,,,,1.7688395977020264,,,crash,"ValueError: With n_samples=0, test_size=0.2 and train_size=None, the resulting train set will be empty. Adjust any of the aforementioned parameters.",,
42712,Bike-Sharing,openml_dataset,stress_test,regression,nofe,4,4500,13903,3476,12,12,0,39.798166347183894,rmse,False,39.798166347183894,-0.0,"{""mae"": 24.22397966728459, ""mse"": 1583.8940445981204, ""pearson"": 0.9755010695073053, ""r2"": 0.9515583354194675, ""rmse"": 39.798166347183894, ""rmsle"": 0.49066958261767823}","{""mae"": -0.0, ""mse"": -0.0, ""pearson"": 0.0, ""r2"": 0.0, ""rmse"": -0.0, ""rmsle"": -0.0}",0.005459308624267578,0.0002276897430419922,2.990546703338623,353.03125,673,ok,,1.0.0,{}
1028_SWD,SWD,pmlb,pmlb,regression,nofe,1,4500,800,200,10,10,0,0.6862052687228947,rmse,False,0.6862052687228947,-0.0,"{""mae"": 0.5469160199165344, ""mse"": 0.47087767082306015, ""pearson"": 0.5501828766649693, ""r2"": 0.262842674144949, ""rmse"": 0.6862052687228947, ""rmsle"": 0.14557858912392257}","{""mae"": -0.0, ""mse"": -0.0, ""pearson"": 0.0, ""r2"": 0.0, ""rmse"": -0.0, ""rmsle"": -0.0}",0.001634836196899414,4.76837158203125e-05,17.096219539642334,315.07421875,61,ok,,1.0.0,{}
1193_BNG_lowbwt,BNG-lowbwt,pmlb,pmlb,regression,nofe,4,4500,24883,6221,9,9,0,456.1784179679472,rmse,False,456.1784179679472,-0.0,"{""mae"": 360.9486919109355, ""mse"": 208098.74901973913, ""pearson"": 0.7783760771907761, ""r2"": 0.6058512864300336, ""rmse"": 456.1784179679472, ""rmsle"": 0.16860111718865825}","{""mae"": -0.0, ""mse"": -0.0, ""pearson"": 0.0, ""r2"": 0.0, ""rmse"": -0.0, ""rmsle"": -0.0}",0.008232593536376953,0.0009229183197021484,18.07606315612793,332.60546875,117,ok,,1.0.0,{}
1028_SWD,SWD,pmlb,pmlb,regression,nofe,2,4500,800,200,10,10,0,0.6211146858325913,rmse,False,0.6211146858325913,-0.0,"{""mae"": 0.5071626591682434, ""mse"": 0.3857834529569186, ""pearson"": 0.5977434894845344, ""r2"": 0.3495473731968999, ""rmse"": 0.6211146858325913, ""rmsle"": 0.13109836007249148}","{""mae"": -0.0, ""mse"": -0.0, ""pearson"": 0.0, ""r2"": 0.0, ""rmse"": -0.0, ""rmsle"": -0.0}",0.0016627311706542969,5.14984130859375e-05,17.018214464187622,317.34765625,47,ok,,1.0.0,{}
581_fri_c3_500_25,Friedman-c3,pmlb,pmlb,regression,nofe,1,4500,400,100,25,25,0,0.3267980578050114,rmse,False,0.3267980578050114,-0.0,"{""mae"": 0.24412358629517258, ""mse"": 0.1067969705851276, ""pearson"": 0.9579335395442075, ""r2"": 0.9061670104740807, ""rmse"": 0.3267980578050114, ""rmsle"": null}","{""mae"": -0.0, ""mse"": -0.0, ""pearson"": 0.0, ""r2"": 0.0, ""rmse"": -0.0, ""rmsle"": null}",0.002644062042236328,8.249282836914062e-05,18.000075578689575,317.421875,138,ok,,1.0.0,{}
1193_BNG_lowbwt,BNG-lowbwt,pmlb,pmlb,regression,nofe,1,4500,24883,6221,9,9,0,451.3087170110411,rmse,False,451.3087170110411,-0.0,"{""mae"": 358.7220452116571, ""mse"": 203679.55805015197, ""pearson"": 0.7787005831332737, ""r2"": 0.6063454061816802, ""rmse"": 451.3087170110411, ""rmsle"": 0.1672548883741317}","{""mae"": -0.0, ""mse"": -0.0, ""pearson"": 0.0, ""r2"": 0.0, ""rmse"": -0.0, ""rmsle"": -0.0}",0.007412433624267578,0.0005166530609130859,18.942198753356934,334.47265625,105,ok,,1.0.0,{}
1113,KDD-Cup-98,openml_dataset,stress_test,regression,nofe,2,4500,,,39,,,,,,,,,,,,2.4345951080322266,,,crash,"ValueError: With n_samples=0, test_size=0.2 and train_size=None, the resulting train set will be empty. Adjust any of the aforementioned parameters.",,
581_fri_c3_500_25,Friedman-c3,pmlb,pmlb,regression,nofe,2,4500,400,100,25,25,0,0.3611830035213164,rmse,False,0.3611830035213164,-0.0,"{""mae"": 0.2779744558647508, ""mse"": 0.13045316203267926, ""pearson"": 0.9359018304867409, ""r2"": 0.8695151884313367, ""rmse"": 0.3611830035213164, ""rmsle"": null}","{""mae"": -0.0, ""mse"": -0.0, ""pearson"": 0.0, ""r2"": 0.0, ""rmse"": -0.0, ""rmsle"": null}",0.002125263214111328,7.414817810058594e-05,18.11418104171753,319.7109375,271,ok,,1.0.0,{}
1113,KDD-Cup-98,openml_dataset,stress_test,regression,nofe,4,4500,,,39,,,,,,,,,,,,1.3080084323883057,,,crash,"ValueError: With n_samples=0, test_size=0.2 and train_size=None, the resulting train set will be empty. Adjust any of the aforementioned parameters.",,
23380,Mercedes-Greener,openml_dataset,stress_test,regression,nofe,2,4500,,,29,,,,,,,,,,,,0.06499862670898438,,,crash,"ValueError: With n_samples=0, test_size=0.2 and train_size=None, the resulting train set will be empty. Adjust any of the aforementioned parameters.",,
23380,Mercedes-Greener,openml_dataset,stress_test,regression,nofe,1,4500,,,29,,,,,,,,,,,,0.07050275802612305,,,crash,"ValueError: With n_samples=0, test_size=0.2 and train_size=None, the resulting train set will be empty. Adjust any of the aforementioned parameters.",,
581_fri_c3_500_25,Friedman-c3,pmlb,pmlb,regression,nofe,3,4500,400,100,25,25,0,0.3854716450762703,rmse,False,0.3854716450762703,-0.0,"{""mae"": 0.3060650365013862, ""mse"": 0.14858838915780612, ""pearson"": 0.9206955214320066, ""r2"": 0.8387996257563624, ""rmse"": 0.3854716450762703, ""rmsle"": null}","{""mae"": -0.0, ""mse"": -0.0, ""pearson"": 0.0, ""r2"": 0.0, ""rmse"": -0.0, ""rmsle"": null}",0.001434326171875,4.4345855712890625e-05,18.26210880279541,319.4296875,312,ok,,1.0.0,{}
1028_SWD,SWD,pmlb,pmlb,regression,nofe,3,4500,800,200,10,10,0,0.6518046238344921,rmse,False,0.6518046238344921,-0.0,"{""mae"": 0.5250640773773193, ""mse"": 0.42484926765202374, ""pearson"": 0.6513106117048468, ""r2"": 0.41398080257660774, ""rmse"": 0.6518046238344921, ""rmsle"": 0.14306808330406973}","{""mae"": -0.0, ""mse"": -0.0, ""pearson"": 0.0, ""r2"": 0.0, ""rmse"": -0.0, ""rmsle"": -0.0}",0.002087831497192383,6.628036499023438e-05,16.97710084915161,316.890625,41,ok,,1.0.0,{}
23380,Mercedes-Greener,openml_dataset,stress_test,regression,nofe,0,4500,,,29,,,,,,,,,,,,0.0797111988067627,,,crash,"ValueError: With n_samples=0, test_size=0.2 and train_size=None, the resulting train set will be empty. Adjust any of the aforementioned parameters.",,
23380,Mercedes-Greener,openml_dataset,stress_test,regression,nofe,4,4500,,,29,,,,,,,,,,,,0.06463217735290527,,,crash,"ValueError: With n_samples=0, test_size=0.2 and train_size=None, the resulting train set will be empty. Adjust any of the aforementioned parameters.",,
23380,Mercedes-Greener,openml_dataset,stress_test,regression,nofe,3,4500,,,29,,,,,,,,,,,,0.07371783256530762,,,crash,"ValueError: With n_samples=0, test_size=0.2 and train_size=None, the resulting train set will be empty. Adjust any of the aforementioned parameters.",,
1028_SWD,SWD,pmlb,pmlb,regression,nofe,4,4500,800,200,10,10,0,0.6234681010291124,rmse,False,0.6234681010291124,-0.0,"{""mae"": 0.4974820613861084, ""mse"": 0.3887124730008475, ""pearson"": 0.6692229565567605, ""r2"": 0.4455677178707068, ""rmse"": 0.6234681010291124, ""rmsle"": 0.1327625032157134}","{""mae"": -0.0, ""mse"": -0.0, ""pearson"": 0.0, ""r2"": 0.0, ""rmse"": -0.0, ""rmsle"": -0.0}",0.0017805099487304688,0.0002720355987548828,17.692734479904175,318.33203125,101,ok,,1.0.0,{}
581_fri_c3_500_25,Friedman-c3,pmlb,pmlb,regression,nofe,0,4500,400,100,25,25,0,0.32666539334206623,rmse,False,0.32666539334206623,-0.0,"{""mae"": 0.2567177806935797, ""mse"": 0.10671027920732684, ""pearson"": 0.9522730652607571, ""r2"": 0.8947697348249979, ""rmse"": 0.32666539334206623, ""rmsle"": null}","{""mae"": -0.0, ""mse"": -0.0, ""pearson"": 0.0, ""r2"": 0.0, ""rmse"": -0.0, ""rmsle"": null}",0.0017352104187011719,0.0011005401611328125,19.33492398262024,322.4453125,294,ok,,1.0.0,{}
41207,Allstate-Claims,openml_dataset,stress_test,regression,nofe,0,4500,,,,,,,,,,,,,,,,,,dataset_fetch_failed,OpenML dataset 41207 could not be loaded: list index out of range,,
41207,Allstate-Claims,openml_dataset,stress_test,regression,nofe,1,4500,,,,,,,,,,,,,,,,,,dataset_fetch_failed,OpenML dataset 41207 could not be loaded: list index out of range,,
41207,Allstate-Claims,openml_dataset,stress_test,regression,nofe,2,4500,,,,,,,,,,,,,,,,,,dataset_fetch_failed,OpenML dataset 41207 could not be loaded: list index out of range,,
41207,Allstate-Claims,openml_dataset,stress_test,regression,nofe,4,4500,,,,,,,,,,,,,,,,,,dataset_fetch_failed,OpenML dataset 41207 could not be loaded: list index out of range,,
41207,Allstate-Claims,openml_dataset,stress_test,regression,nofe,3,4500,,,,,,,,,,,,,,,,,,dataset_fetch_failed,OpenML dataset 41207 could not be loaded: list index out of range,,
monk2,monk2,pmlb,stress_test,classification,nofe,1,4500,480,121,6,6,0,0.9902439024390244,binary_roc_auc,True,0.9902439024390244,0.0,"{""accuracy"": 0.942148760252715, ""binary_crossentropy"": 0.1393729846881238, ""binary_roc_auc"": 0.9902439024390244, ""f1"": 0.913580241688767, ""precision"": 0.92499999976875, ""recall"": 0.9024390241701368}","{""accuracy"": 0.0, ""binary_crossentropy"": -0.0, ""binary_roc_auc"": 0.0, ""f1"": 0.0, ""precision"": 0.0, ""recall"": 0.0}",0.0030660629272460938,4.744529724121094e-05,4.364987373352051,327.5859375,1018,ok,,1.0.0,{}
581_fri_c3_500_25,Friedman-c3,pmlb,pmlb,regression,nofe,4,4500,400,100,25,25,0,0.32775306122988507,rmse,False,0.32775306122988507,-0.0,"{""mae"": 0.25347123845029274, ""mse"": 0.1074220691455608, ""pearson"": 0.94266783174099, ""r2"": 0.8813522735985718, ""rmse"": 0.32775306122988507, ""rmsle"": null}","{""mae"": -0.0, ""mse"": -0.0, ""pearson"": 0.0, ""r2"": 0.0, ""rmse"": -0.0, ""rmsle"": null}",0.0017871856689453125,6.556510925292969e-05,26.061503410339355,324.671875,405,ok,,1.0.0,{}
yeast,yeast,pmlb,stress_test,multiclass,nofe,3,4500,1183,296,8,8,0,1.0268569796698521,categorical_crossentropy,False,1.0268569796698521,-0.0,"{""accuracy"": 0.9106606606298951, ""categorical_crossentropy"": 1.0268569796698521, ""categorical_roc_auc"": 0.862600269261616, ""f1"": 0.47636140382000547, ""precision"": 0.47879562655685487, ""recall"": 0.4806307559540175}","{""accuracy"": 0.0, ""categorical_crossentropy"": -0.0, ""categorical_roc_auc"": 0.0, ""f1"": 0.0, ""precision"": 0.0, ""recall"": 0.0}",0.002604961395263672,4.220008850097656e-05,4.839986085891724,330.4140625,112,ok,,1.0.0,{}
yeast,yeast,pmlb,stress_test,multiclass,nofe,4,4500,1183,296,8,8,0,1.0286145322402385,categorical_crossentropy,False,1.0286145322402385,-0.0,"{""accuracy"": 0.9181681681371489, ""categorical_crossentropy"": 1.0286145322402385, ""categorical_roc_auc"": 0.893724709061569, ""f1"": 0.4952269312141847, ""precision"": 0.5065609797923712, ""recall"": 0.49290268259112796}","{""accuracy"": 0.0, ""categorical_crossentropy"": -0.0, ""categorical_roc_auc"": 0.0, ""f1"": 0.0, ""precision"": 0.0, ""recall"": 0.0}",0.0027828216552734375,4.887580871582031e-05,4.7459352016448975,329.8671875,98,ok,,1.0.0,{}
monk2,monk2,pmlb,stress_test,classification,nofe,4,4500,480,121,6,6,0,0.998780487804878,binary_roc_auc,True,0.998780487804878,0.0,"{""accuracy"": 0.9752066114896524, ""binary_crossentropy"": 0.08519051557282215, ""binary_roc_auc"": 0.998780487804878, ""f1"": 0.9638554164552185, ""precision"": 0.9523809521541949, ""recall"": 0.9756097558596074}","{""accuracy"": 0.0, ""binary_crossentropy"": -0.0, ""binary_roc_auc"": 0.0, ""f1"": 0.0, ""precision"": 0.0, ""recall"": 0.0}",0.00273895263671875,9.799003601074219e-05,4.724578857421875,328.1171875,1611,ok,,1.0.0,{}
monk2,monk2,pmlb,stress_test,classification,nofe,3,4500,480,121,6,6,0,0.9759146341463414,binary_roc_auc,True,0.9759146341463414,0.0,"{""accuracy"": 0.9586776858711837, ""binary_crossentropy"": 0.1670984904523069, ""binary_roc_auc"": 0.9759146341463414, ""f1"": 0.9397590309188562, ""precision"": 0.9285714283503401, ""recall"": 0.9512195119631172}","{""accuracy"": 0.0, ""binary_crossentropy"": -0.0, ""binary_roc_auc"": 0.0, ""f1"": 0.0, ""precision"": 0.0, ""recall"": 0.0}",0.0037660598754882812,7.43865966796875e-05,5.08270525932312,327.78125,1600,ok,,1.0.0,{}
1169,Airlines,openml_dataset,stress_test,classification,nofe,2,4500,431506,107877,7,7,0,0.7206045401098782,binary_roc_auc,True,0.7206045401098782,0.0,"{""accuracy"": 0.667992250433302, ""binary_crossentropy"": 0.6065194112581329, ""binary_roc_auc"": 0.7206045401098782, ""f1"": 0.5807757986221396, ""precision"": 0.6636794093254157, ""recall"": 0.5162841029695303}","{""accuracy"": 0.0, ""binary_crossentropy"": -0.0, ""binary_roc_auc"": 0.0, ""f1"": 0.0, ""precision"": 0.0, ""recall"": 0.0}",0.13012027740478516,0.0020613670349121094,26.15939474105835,559.4140625,331,ok,,1.0.0,{}
1193_BNG_lowbwt,BNG-lowbwt,pmlb,pmlb,regression,nofe,0,4500,24883,6221,9,9,0,445.0044680697531,rmse,False,445.0044680697531,-0.0,"{""mae"": 351.06619597255485, ""mse"": 198028.9766020439, ""pearson"": 0.7906606414502915, ""r2"": 0.6251031367833303, ""rmse"": 445.0044680697531, ""rmsle"": 0.1704181769600441}","{""mae"": -0.0, ""mse"": -0.0, ""pearson"": 0.0, ""r2"": 0.0, ""rmse"": -0.0, ""rmsle"": -0.0}",0.006522655487060547,0.00037479400634765625,37.41061592102051,334.3515625,129,ok,,1.0.0,{}
14970,har,openml_task,amlb,multiclass,nofe,3,4500,8239,2060,561,561,0,0.03601556402616771,categorical_crossentropy,False,0.03601556402616771,-0.0,"{""accuracy"": 0.9951456310631306, ""categorical_crossentropy"": 0.03601556402616771, ""categorical_roc_auc"": 0.9997976918649244, ""f1"": 0.985835590627564, ""precision"": 0.9860518918376625, ""recall"": 0.9857451007173962}","{""accuracy"": 0.0, ""categorical_crossentropy"": -0.0, ""categorical_roc_auc"": 0.0, ""f1"": 0.0, ""precision"": 0.0, ""recall"": 0.0}",0.03279852867126465,0.0040395259857177734,164.27609300613403,787.4921875,1504,ok,,1.0.0,{}
adult,adult-pmlb,pmlb,stress_test,classification,nofe,0,4500,39073,9769,14,14,0,0.9249504048595814,binary_roc_auc,True,0.9249504048595814,0.0,"{""accuracy"": 0.8708158460427159, ""binary_crossentropy"": 0.28303947001810104, ""binary_roc_auc"": 0.9249504048595814, ""f1"": 0.9171698558576766, ""precision"": 0.8951953875709222, ""recall"": 0.9402503027843625}","{""accuracy"": 0.0, ""binary_crossentropy"": -0.0, ""binary_roc_auc"": 0.0, ""f1"": 0.0, ""precision"": 0.0, ""recall"": 0.0}",0.02192974090576172,0.0006425380706787109,3.4289193153381348,360.03515625,320,ok,,1.0.0,{}
yeast,yeast,pmlb,stress_test,multiclass,nofe,1,4500,1183,296,8,8,0,1.0267034706760299,categorical_crossentropy,False,1.0267034706760299,-0.0,"{""accuracy"": 0.9204204203893251, ""categorical_crossentropy"": 1.0267034706760299, ""categorical_roc_auc"": 0.8441942345071093, ""f1"": 0.5242647439257134, ""precision"": 0.5201456899058761, ""recall"": 0.53682060881157}","{""accuracy"": 0.0, ""categorical_crossentropy"": -0.0, ""categorical_roc_auc"": 0.0, ""f1"": 0.0, ""precision"": 0.0, ""recall"": 0.0}",0.0030307769775390625,5.8650970458984375e-05,8.481982707977295,325.90625,107,ok,,1.0.0,{}
yeast,yeast,pmlb,stress_test,multiclass,nofe,0,4500,1183,296,8,8,0,1.044969775940518,categorical_crossentropy,False,1.044969775940518,-0.0,"{""accuracy"": 0.9099099098791696, ""categorical_crossentropy"": 1.044969775940518, ""categorical_roc_auc"": 0.894763458657986, ""f1"": 0.5356993474032369, ""precision"": 0.6087123202931345, ""recall"": 0.519667316071055}","{""accuracy"": 0.0, ""categorical_crossentropy"": -0.0, ""categorical_roc_auc"": 0.0, ""f1"": 0.0, ""precision"": 0.0, ""recall"": 0.0}",0.0031080245971679688,5.6743621826171875e-05,8.577431678771973,330.02734375,101,ok,,1.0.0,{}
monk2,monk2,pmlb,stress_test,classification,nofe,0,4500,480,121,6,6,0,0.9539634146341462,binary_roc_auc,True,0.9539634146341462,0.0,"{""accuracy"": 0.9338842974434807, ""binary_crossentropy"": 0.23472217527371544, ""binary_roc_auc"": 0.9539634146341462, ""f1"": 0.9047618995493197, ""precision"": 0.8837209300270417, ""recall"": 0.926829268066627}","{""accuracy"": 0.0, ""binary_crossentropy"": -0.0, ""binary_roc_auc"": 0.0, ""f1"": 0.0, ""precision"": 0.0, ""recall"": 0.0}",0.00262451171875,5.173683166503906e-05,8.437024354934692,327.375,1985,ok,,1.0.0,{}
monk2,monk2,pmlb,stress_test,classification,nofe,2,4500,480,121,6,6,0,0.9359756097560975,binary_roc_auc,True,0.9359756097560975,0.0,"{""accuracy"": 0.892561983397309, ""binary_crossentropy"": 0.30290039424645554, ""binary_roc_auc"": 0.9359756097560975, ""f1"": 0.8266666614897779, ""precision"": 0.9117647056141869, ""recall"": 0.7560975607911957}","{""accuracy"": 0.0, ""binary_crossentropy"": -0.0, ""binary_roc_auc"": 0.0, ""f1"": 0.0, ""precision"": 0.0, ""recall"": 0.0}",0.0038242340087890625,6.604194641113281e-05,8.759903907775879,323.484375,492,ok,,1.0.0,{}
yeast,yeast,pmlb,stress_test,multiclass,nofe,2,4500,1183,296,8,8,0,1.114180945640279,categorical_crossentropy,False,1.114180945640279,-0.0,"{""accuracy"": 0.9061561561255428, ""categorical_crossentropy"": 1.114180945640279, ""categorical_roc_auc"": 0.8373018037865184, ""f1"": 0.46400723967265634, ""precision"": 0.4606658991271773, ""recall"": 0.47855840772039177}","{""accuracy"": 0.0, ""categorical_crossentropy"": -0.0, ""categorical_roc_auc"": 0.0, ""f1"": 0.0, ""precision"": 0.0, ""recall"": 0.0}",0.0034487247467041016,6.508827209472656e-05,9.028548240661621,326.18359375,82,ok,,1.0.0,{}
1169,Airlines,openml_dataset,stress_test,classification,nofe,1,4500,431506,107877,7,7,0,0.7211090811266959,binary_roc_auc,True,0.7211090811266959,0.0,"{""accuracy"": 0.667120887677571, ""binary_crossentropy"": 0.6067883571964006, ""binary_roc_auc"": 0.7211090811266959, ""f1"": 0.5812440186751255, ""precision"": 0.6610434736477385, ""recall"": 0.5186356731108321}","{""accuracy"": 0.0, ""binary_crossentropy"": -0.0, ""binary_roc_auc"": 0.0, ""f1"": 0.0, ""precision"": 0.0, ""recall"": 0.0}",0.166276216506958,0.0027112960815429688,28.82663583755493,563.796875,369,ok,,1.0.0,{}
361618,forest_fires,openml_task,ctr23,regression,nofe,1,4500,413,104,12,12,0,76.5361279964511,rmse,False,76.5361279964511,-0.0,"{""mae"": 21.802215414414036, ""mse"": 5857.778888689146, ""pearson"": -0.015188099533488793, ""r2"": -0.00503082449229364, ""rmse"": 76.5361279964511, ""rmsle"": 2.0165475483567428}","{""mae"": -0.0, ""mse"": -0.0, ""pearson"": 0.0, ""r2"": 0.0, ""rmse"": -0.0, ""rmsle"": -0.0}",0.008136987686157227,0.00012826919555664062,2.1363484859466553,328.28125,2,ok,,1.0.0,{}
1169,Airlines,openml_dataset,stress_test,classification,nofe,3,4500,431506,107877,7,7,0,0.7196859988099749,binary_roc_auc,True,0.7196859988099749,0.0,"{""accuracy"": 0.6670189196955174, ""binary_crossentropy"": 0.6072407355305774, ""binary_roc_auc"": 0.7196859988099749, ""f1"": 0.5813354418720994, ""precision"": 0.6607057701476552, ""recall"": 0.5189894491497891}","{""accuracy"": 0.0, ""binary_crossentropy"": -0.0, ""binary_roc_auc"": 0.0, ""f1"": 0.0, ""precision"": 0.0, ""recall"": 0.0}",0.11584663391113281,0.0018496513366699219,30.07415747642517,564.81640625,409,ok,,1.0.0,{}
361618,forest_fires,openml_task,ctr23,regression,nofe,0,4500,413,104,12,12,0,110.71788633302435,rmse,False,110.71788633302435,-0.0,"{""mae"": 26.54013550208165, ""mse"": 12258.450354052502, ""pearson"": -0.017236188005416597, ""r2"": -0.014164200931156001, ""rmse"": 110.71788633302435, ""rmsle"": 1.9169400423127994}","{""mae"": -0.0, ""mse"": -0.0, ""pearson"": 0.0, ""r2"": 0.0, ""rmse"": -0.0, ""rmsle"": -0.0}",0.007195234298706055,0.0002079010009765625,2.453209161758423,328.625,2000,ok,,1.0.0,{}
adult,adult-pmlb,pmlb,stress_test,classification,nofe,1,4500,39073,9769,14,14,0,0.9292961743621586,binary_roc_auc,True,0.9292961743621586,0.0,"{""accuracy"": 0.8719418568933647, ""binary_crossentropy"": 0.27542712289275856, ""binary_roc_auc"": 0.9292961743621586, ""f1"": 0.9180263366574144, ""precision"": 0.894636015324528, ""recall"": 0.9426725878065635}","{""accuracy"": 0.0, ""binary_crossentropy"": -0.0, ""binary_roc_auc"": 0.0, ""f1"": 0.0, ""precision"": 0.0, ""recall"": 0.0}",0.021386146545410156,0.0010533332824707031,3.050248861312866,359.1171875,280,ok,,1.0.0,{}
361619,student_performance,openml_task,ctr23,regression,nofe,0,4500,519,130,30,30,0,2.3934961842249356,rmse,False,2.3934961842249356,-0.0,"{""mae"": 1.685505380997291, ""mse"": 5.728823983899328, ""pearson"": 0.46890856450268914, ""r2"": 0.1935669576872575, ""rmse"": 2.3934961842249356, ""rmsle"": 0.2963979184021825}","{""mae"": -0.0, ""mse"": -0.0, ""pearson"": 0.0, ""r2"": 0.0, ""rmse"": -0.0, ""rmsle"": -0.0}",0.0035059452056884766,0.00024008750915527344,8.89785385131836,331.19921875,60,ok,,1.0.0,{}
361618,forest_fires,openml_task,ctr23,regression,nofe,4,4500,413,104,12,12,0,74.99468974133806,rmse,False,74.99468974133806,-0.0,"{""mae"": 18.710378857828104, ""mse"": 5624.203489399557, ""pearson"": -0.06644429356801104, ""r2"": -0.034734546302537694, ""rmse"": 74.99468974133806, ""rmsle"": 1.8935016524129133}","{""mae"": -0.0, ""mse"": -0.0, ""pearson"": 0.0, ""r2"": 0.0, ""rmse"": -0.0, ""rmsle"": -0.0}",0.003694295883178711,9.274482727050781e-05,8.888506650924683,333.37890625,56,ok,,1.0.0,{}
361619,student_performance,openml_task,ctr23,regression,nofe,3,4500,519,130,30,30,0,2.585733727162925,rmse,False,2.585733727162925,-0.0,"{""mae"": 1.9378391742706298, ""mse"": 6.686018907787871, ""pearson"": 0.49655480570466065, ""r2"": 0.22298897998490563, ""rmse"": 2.585733727162925, ""rmsle"": 0.3104105581802377}","{""mae"": -0.0, ""mse"": -0.0, ""pearson"": 0.0, ""r2"": 0.0, ""rmse"": -0.0, ""rmsle"": -0.0}",0.002635955810546875,0.0001590251922607422,8.57331895828247,332.1484375,93,ok,,1.0.0,{}
361619,student_performance,openml_task,ctr23,regression,nofe,1,4500,519,130,30,30,0,3.376023486576167,rmse,False,3.376023486576167,-0.0,"{""mae"": 2.446180853476891, ""mse"": 11.397534581913899, ""pearson"": 0.4104717146970304, ""r2"": 0.15141996116840528, ""rmse"": 3.376023486576167, ""rmsle"": 0.5079291571954402}","{""mae"": -0.0, ""mse"": -0.0, ""pearson"": 0.0, ""r2"": 0.0, ""rmse"": -0.0, ""rmsle"": -0.0}",0.002721071243286133,0.00016260147094726562,8.226895570755005,330.359375,22,ok,,1.0.0,{}
361619,student_performance,openml_task,ctr23,regression,nofe,4,4500,519,130,30,30,0,2.956811684979109,rmse,False,2.956811684979109,-0.0,"{""mae"": 2.0489687772897573, ""mse"": 8.742735340428998, ""pearson"": 0.5045446332906259, ""r2"": 0.2532486240106637, ""rmse"": 2.956811684979109, ""rmsle"": 0.4577358614915273}","{""mae"": -0.0, ""mse"": -0.0, ""pearson"": 0.0, ""r2"": 0.0, ""rmse"": -0.0, ""rmsle"": -0.0}",0.0023956298828125,0.00019025802612304688,8.744946718215942,332.69921875,217,ok,,1.0.0,{}
361619,student_performance,openml_task,ctr23,regression,nofe,2,4500,519,130,30,30,0,3.0720746919135133,rmse,False,3.0720746919135133,-0.0,"{""mae"": 2.0152203413156364, ""mse"": 9.437642912695509, ""pearson"": 0.5044625548894748, ""r2"": 0.2166815710722434, ""rmse"": 3.0720746919135133, ""rmsle"": 0.5354444797940472}","{""mae"": -0.0, ""mse"": -0.0, ""pearson"": 0.0, ""r2"": 0.0, ""rmse"": -0.0, ""rmsle"": -0.0}",0.0028641223907470703,0.0007774829864501953,8.92880892753601,328.8359375,43,ok,,1.0.0,{}
361617,energy_efficiency,openml_task,ctr23,regression,nofe,0,4500,614,154,8,8,0,0.4003563723813697,rmse,False,0.4003563723813697,-0.0,"{""mae"": 0.23759001422238044, ""mse"": 0.16028522490636993, ""pearson"": 0.9992759523324882, ""r2"": 0.9985484864885449, ""rmse"": 0.4003563723813697, ""rmsle"": 0.0231345593244801}","{""mae"": -0.0, ""mse"": -0.0, ""pearson"": 0.0, ""r2"": 0.0, ""rmse"": -0.0, ""rmsle"": -0.0}",0.00165557861328125,6.198883056640625e-05,8.441872835159302,351.82421875,1161,ok,,1.0.0,{}
361617,energy_efficiency,openml_task,ctr23,regression,nofe,3,4500,614,154,8,8,0,0.3657795732952639,rmse,False,0.3657795732952639,-0.0,"{""mae"": 0.2540729170960266, ""mse"": 0.13379469624006535, ""pearson"": 0.9993539155896278, ""r2"": 0.9986967452125596, ""rmse"": 0.3657795732952639, ""rmsle"": 0.01804405906637437}","{""mae"": -0.0, ""mse"": -0.0, ""pearson"": 0.0, ""r2"": 0.0, ""rmse"": -0.0, ""rmsle"": -0.0}",0.005526304244995117,8.487701416015625e-05,8.054950714111328,338.57421875,448,ok,,1.0.0,{}
361617,energy_efficiency,openml_task,ctr23,regression,nofe,2,4500,614,154,8,8,0,0.39557004995549067,rmse,False,0.39557004995549067,-0.0,"{""mae"": 0.2515324644361225, ""mse"": 0.1564756644217894, ""pearson"": 0.9991646285735879, ""r2"": 0.998320577505347, ""rmse"": 0.39557004995549067, ""rmsle"": 0.019380582704601548}","{""mae"": -0.0, ""mse"": -0.0, ""pearson"": 0.0, ""r2"": 0.0, ""rmse"": -0.0, ""rmsle"": -0.0}",0.006120920181274414,7.390975952148438e-05,8.43104863166809,332.54296875,419,ok,,1.0.0,{}
361617,energy_efficiency,openml_task,ctr23,regression,nofe,4,4500,614,154,8,8,0,0.36549000398506015,rmse,False,0.36549000398506015,-0.0,"{""mae"": 0.2500849923220547, ""mse"": 0.1335829430129993, ""pearson"": 0.999326509094272, ""r2"": 0.998641393442075, ""rmse"": 0.36549000398506015, ""rmsle"": 0.018765413838211703}","{""mae"": -0.0, ""mse"": -0.0, ""pearson"": 0.0, ""r2"": 0.0, ""rmse"": -0.0, ""rmsle"": -0.0}",0.005641937255859375,6.532669067382812e-05,8.111897945404053,337.5625,363,ok,,1.0.0,{}
361617,energy_efficiency,openml_task,ctr23,regression,nofe,1,4500,614,154,8,8,0,0.3454894676527683,rmse,False,0.3454894676527683,-0.0,"{""mae"": 0.25349413463047565, ""mse"": 0.11936297225899321, ""pearson"": 0.9994222748740804, ""r2"": 0.9988121862076054, ""rmse"": 0.3454894676527683, ""rmsle"": 0.015096132960320544}","{""mae"": -0.0, ""mse"": -0.0, ""pearson"": 0.0, ""r2"": 0.0, ""rmse"": -0.0, ""rmsle"": -0.0}",0.003153562545776367,7.796287536621094e-05,9.194787740707397,333.77734375,254,ok,,1.0.0,{}
361621,QSAR_fish_toxicity,openml_task,ctr23,regression,nofe,0,4500,726,182,6,6,0,0.9118665391903907,rmse,False,0.9118665391903907,-0.0,"{""mae"": 0.6571035286253626, ""mse"": 0.8315005852950604, ""pearson"": 0.7726285295666517, ""r2"": 0.5961369728543939, ""rmse"": 0.9118665391903907, ""rmsle"": 0.21420394929367517}","{""mae"": -0.0, ""mse"": -0.0, ""pearson"": 0.0, ""r2"": 0.0, ""rmse"": -0.0, ""rmsle"": -0.0}",0.004141807556152344,6.914138793945312e-05,9.230271577835083,330.93359375,51,ok,,1.0.0,{}
361621,QSAR_fish_toxicity,openml_task,ctr23,regression,nofe,1,4500,726,182,6,6,0,0.9720391876165189,rmse,False,0.9720391876165189,-0.0,"{""mae"": 0.6615493914216429, ""mse"": 0.9448601822621819, ""pearson"": 0.7239757438806367, ""r2"": 0.5059372283567858, ""rmse"": 0.9720391876165189, ""rmsle"": 0.2193257280578843}","{""mae"": -0.0, ""mse"": -0.0, ""pearson"": 0.0, ""r2"": 0.0, ""rmse"": -0.0, ""rmsle"": -0.0}",0.013475894927978516,9.799003601074219e-05,1.987226963043213,331.11328125,115,ok,,1.0.0,{}
361621,QSAR_fish_toxicity,openml_task,ctr23,regression,nofe,2,4500,726,182,6,6,0,0.8017881426704694,rmse,False,0.8017881426704694,-0.0,"{""mae"": 0.6036676995518444, ""mse"": 0.6428642257269609, ""pearson"": 0.808027968466016, ""r2"": 0.6524792028347541, ""rmse"": 0.8017881426704694, ""rmsle"": 0.18148125944126609}","{""mae"": -0.0, ""mse"": -0.0, ""pearson"": 0.0, ""r2"": 0.0, ""rmse"": -0.0, ""rmsle"": -0.0}",0.0045032501220703125,6.29425048828125e-05,2.0285632610321045,331.55078125,140,ok,,1.0.0,{}
361237,concrete_strength,openml_task,ctr23,regression,nofe,0,4500,824,206,8,8,0,4.641812866609321,rmse,False,4.641812866609321,-0.0,"{""mae"": 3.093016805846273, ""mse"": 21.546426688619842, ""pearson"": 0.959126295862903, ""r2"": 0.9181939577019892, ""rmse"": 4.641812866609321, ""rmsle"": 0.1475679783050535}","{""mae"": -0.0, ""mse"": -0.0, ""pearson"": 0.0, ""r2"": 0.0, ""rmse"": -0.0, ""rmsle"": -0.0}",0.0015871524810791016,6.389617919921875e-05,2.0845234394073486,340.86328125,328,ok,,1.0.0,{}
361621,QSAR_fish_toxicity,openml_task,ctr23,regression,nofe,3,4500,726,182,6,6,0,0.9147625103625554,rmse,False,0.9147625103625554,-0.0,"{""mae"": 0.6694109749584407, ""mse"": 0.8367904503648044, ""pearson"": 0.7875978462279154, ""r2"": 0.6194749595968877, ""rmse"": 0.9147625103625554, ""rmsle"": 0.1863888700273662}","{""mae"": -0.0, ""mse"": -0.0, ""pearson"": 0.0, ""r2"": 0.0, ""rmse"": -0.0, ""rmsle"": -0.0}",0.0020751953125,8.749961853027344e-05,2.0459301471710205,330.82421875,91,ok,,1.0.0,{}
361621,QSAR_fish_toxicity,openml_task,ctr23,regression,nofe,4,4500,726,182,6,6,0,0.9176117624798071,rmse,False,0.9176117624798071,-0.0,"{""mae"": 0.6546606254682437, ""mse"": 0.842011346641298, ""pearson"": 0.8273220400731603, ""r2"": 0.6815156702533246, ""rmse"": 0.9176117624798071, ""rmsle"": 0.2133024011120066}","{""mae"": -0.0, ""mse"": -0.0, ""pearson"": 0.0, ""r2"": 0.0, ""rmse"": -0.0, ""rmsle"": -0.0}",0.005362272262573242,6.747245788574219e-05,2.2196881771087646,332.09765625,104,ok,,1.0.0,{}
361237,concrete_strength,openml_task,ctr23,regression,nofe,1,4500,824,206,8,8,0,4.7585983666068365,rmse,False,4.7585983666068365,-0.0,"{""mae"": 3.1450875549208606, ""mse"": 22.644258414673256, ""pearson"": 0.9558802791518939, ""r2"": 0.9131393087549979, ""rmse"": 4.7585983666068365, ""rmsle"": 0.1436788458049098}","{""mae"": -0.0, ""mse"": -0.0, ""pearson"": 0.0, ""r2"": 0.0, ""rmse"": -0.0, ""rmsle"": -0.0}",0.009699106216430664,0.0001125335693359375,2.687561273574829,338.5,499,ok,,1.0.0,{}
361237,concrete_strength,openml_task,ctr23,regression,nofe,2,4500,824,206,8,8,0,4.7601661803729085,rmse,False,4.7601661803729085,-0.0,"{""mae"": 2.9667244849216132, ""mse"": 22.659182064766004, ""pearson"": 0.9535376978726212, ""r2"": 0.907896226182892, ""rmse"": 4.7601661803729085, ""rmsle"": 0.1340530634576894}","{""mae"": -0.0, ""mse"": -0.0, ""pearson"": 0.0, ""r2"": 0.0, ""rmse"": -0.0, ""rmsle"": -0.0}",0.004538536071777344,5.221366882324219e-05,2.6006288528442383,341.31640625,736,ok,,1.0.0,{}
361237,concrete_strength,openml_task,ctr23,regression,nofe,3,4500,824,206,8,8,0,3.8577584660589945,rmse,False,3.8577584660589945,-0.0,"{""mae"": 2.5413614107682996, ""mse"": 14.882300382449845, ""pearson"": 0.974883766212371, ""r2"": 0.9491606220679438, ""rmse"": 3.8577584660589945, ""rmsle"": 0.12318381108679104}","{""mae"": -0.0, ""mse"": -0.0, ""pearson"": 0.0, ""r2"": 0.0, ""rmse"": -0.0, ""rmsle"": -0.0}",0.011015176773071289,7.557868957519531e-05,1.994025707244873,339.984375,284,ok,,1.0.0,{}
361616,Moneyball,openml_task,ctr23,regression,nofe,4,4500,985,247,14,14,0,27.94507721482447,rmse,False,27.94507721482447,-0.0,"{""mae"": 22.361830614839004, ""mse"": 780.9273405425017, ""pearson"": 0.9540648873169766, ""r2"": 0.9046737407728235, ""rmse"": 27.94507721482447, ""rmsle"": 0.039447812384327756}","{""mae"": -0.0, ""mse"": -0.0, ""pearson"": 0.0, ""r2"": 0.0, ""rmse"": -0.0, ""rmsle"": -0.0}",0.006350994110107422,0.00016021728515625,8.493600130081177,336.5625,198,ok,,1.0.0,{}
361616,Moneyball,openml_task,ctr23,regression,nofe,3,4500,985,247,14,14,0,26.578251121081408,rmse,False,26.578251121081408,-0.0,"{""mae"": 20.713474536231654, ""mse"": 706.4034326552651, ""pearson"": 0.953868560772796, ""r2"": 0.9089600232886403, ""rmse"": 26.578251121081408, ""rmsle"": 0.03824990065886081}","{""mae"": -0.0, ""mse"": -0.0, ""pearson"": 0.0, ""r2"": 0.0, ""rmse"": -0.0, ""rmsle"": -0.0}",0.003897428512573242,0.00011110305786132812,8.961373805999756,343.52734375,578,ok,,1.0.0,{}
361616,Moneyball,openml_task,ctr23,regression,nofe,2,4500,985,247,14,14,0,25.264782928577777,rmse,False,25.264782928577777,-0.0,"{""mae"": 19.218829444545484, ""mse"": 638.3092564281551, ""pearson"": 0.960077483147523, ""r2"": 0.9194625775173997, ""rmse"": 25.264782928577777, ""rmsle"": 0.03550461507349015}","{""mae"": -0.0, ""mse"": -0.0, ""pearson"": 0.0, ""r2"": 0.0, ""rmse"": -0.0, ""rmsle"": -0.0}",0.006741762161254883,0.0002586841583251953,9.387790203094482,342.12890625,181,ok,,1.0.0,{}
361269,health_insurance,openml_task,ctr23,regression,nofe,1,4500,17817,4455,11,11,0,14.387111879216642,rmse,False,14.387111879216642,-0.0,"{""mae"": 11.19475692948107, ""mse"": 206.9889882250966, ""pearson"": 0.6330761686024781, ""r2"": 0.4005972212865283, ""rmse"": 14.387111879216642, ""rmsle"": 1.5241231601553438}","{""mae"": -0.0, ""mse"": -0.0, ""pearson"": 0.0, ""r2"": 0.0, ""rmse"": -0.0, ""rmsle"": -0.0}",0.0062961578369140625,0.0001385211944580078,8.183386325836182,342.64453125,92,ok,,1.0.0,{}
361269,health_insurance,openml_task,ctr23,regression,nofe,0,4500,17817,4455,11,11,0,14.527705375012646,rmse,False,14.527705375012646,-0.0,"{""mae"": 11.224468413540544, ""mse"": 211.05422346317133, ""pearson"": 0.6330716330864086, ""r2"": 0.40053493989848377, ""rmse"": 14.527705375012646, ""rmsle"": 1.5566629021969247}","{""mae"": -0.0, ""mse"": -0.0, ""pearson"": 0.0, ""r2"": 0.0, ""rmse"": -0.0, ""rmsle"": -0.0}",0.005029439926147461,0.0001468658447265625,8.57833218574524,341.6484375,84,ok,,1.0.0,{}
monk1,monk1,pmlb,pmlb,classification,nofe,3,4500,444,112,6,6,0,1.0,binary_roc_auc,True,1.0,0.0,"{""accuracy"": 0.9999999999107143, ""binary_crossentropy"": 0.030402247635769136, ""binary_roc_auc"": 1.0, ""f1"": 0.9999999948214284, ""precision"": 0.9999999998214285, ""recall"": 0.9999999998214285}","{""accuracy"": 0.0, ""binary_crossentropy"": -0.0, ""binary_roc_auc"": 0.0, ""f1"": 0.0, ""precision"": 0.0, ""recall"": 0.0}",0.003981113433837891,8.559226989746094e-05,71.37963771820068,323.87890625,1318,ok,,1.0.0,{}
361269,health_insurance,openml_task,ctr23,regression,nofe,3,4500,17817,4455,11,11,0,14.419612899623665,rmse,False,14.419612899623665,-0.0,"{""mae"": 11.158110553902542, ""mse"": 207.92523617499322, ""pearson"": 0.6322087147371608, ""r2"": 0.39957247343072966, ""rmse"": 14.419612899623665, ""rmsle"": 1.5361772288374853}","{""mae"": -0.0, ""mse"": -0.0, ""pearson"": 0.0, ""r2"": 0.0, ""rmse"": -0.0, ""rmsle"": -0.0}",0.006926536560058594,0.00018548965454101562,9.275328874588013,342.40625,97,ok,,1.0.0,{}
361269,health_insurance,openml_task,ctr23,regression,nofe,2,4500,17817,4455,11,11,0,14.503672455738148,rmse,False,14.503672455738148,-0.0,"{""mae"": 11.23024918291839, ""mse"": 210.35651470333744, ""pearson"": 0.6364274673339223, ""r2"": 0.4039769094767205, ""rmse"": 14.503672455738148, ""rmsle"": 1.5844620363617803}","{""mae"": -0.0, ""mse"": -0.0, ""pearson"": 0.0, ""r2"": 0.0, ""rmse"": -0.0, ""rmsle"": -0.0}",0.0112762451171875,0.0002613067626953125,9.25879430770874,345.546875,93,ok,,1.0.0,{}
361269,health_insurance,openml_task,ctr23,regression,nofe,4,4500,17817,4455,11,11,0,14.493771711388797,rmse,False,14.493771711388797,-0.0,"{""mae"": 11.176709278936338, ""mse"": 210.06941842185412, ""pearson"": 0.6295604310375582, ""r2"": 0.3961527488633789, ""rmse"": 14.493771711388797, ""rmsle"": 1.5324538335931768}","{""mae"": -0.0, ""mse"": -0.0, ""pearson"": 0.0, ""r2"": 0.0, ""rmse"": -0.0, ""rmsle"": -0.0}",0.007877349853515625,0.00013518333435058594,9.064901351928711,344.640625,152,ok,,1.0.0,{}
letter,letter,pmlb,pmlb,multiclass,nofe,3,4500,16000,4000,16,16,0,0.1149115855404337,categorical_crossentropy,False,0.1149115855404337,-0.0,"{""accuracy"": 0.997307692305199, ""categorical_crossentropy"": 0.1149115855404337, ""categorical_roc_auc"": 0.9996222763013886, ""f1"": 0.9649879487792131, ""precision"": 0.9653910898475764, ""recall"": 0.9649359972944977}","{""accuracy"": 0.0, ""categorical_crossentropy"": -0.0, ""categorical_roc_auc"": 0.0, ""f1"": 0.0, ""precision"": 0.0, ""recall"": 0.0}",0.014357328414916992,0.0006272792816162109,102.49051356315613,558.3671875,1029,ok,,1.0.0,{}
connect_4,connect-4,pmlb,stress_test,classification,nofe,0,4500,54045,13512,42,42,0,0.3781857439327572,categorical_crossentropy,False,0.3781857439327572,-0.0,"{""accuracy"": 0.9009769094131875, ""categorical_crossentropy"": 0.3781857439327572, ""categorical_roc_auc"": 0.9312086272719958, ""f1"": 0.6979469975040381, ""precision"": 0.7465395972066977, ""recall"": 0.6799715494559465}","{""accuracy"": 0.0, ""categorical_crossentropy"": -0.0, ""categorical_roc_auc"": 0.0, ""f1"": 0.0, ""precision"": 0.0, ""recall"": 0.0}",0.033069610595703125,0.0008690357208251953,37.326738595962524,575.23828125,1999,ok,,1.0.0,{}
361235,airfoil_self_noise,openml_task,ctr23,regression,nofe,0,4500,1202,301,5,5,0,1.6802169582491364,rmse,False,1.6802169582491364,-0.0,"{""mae"": 1.000289074666476, ""mse"": 2.8231290267879805, ""pearson"": 0.9698776374769135, ""r2"": 0.9399832386948442, ""rmse"": 1.6802169582491364, ""rmsle"": 0.013229269088948812}","{""mae"": -0.0, ""mse"": -0.0, ""pearson"": 0.0, ""r2"": 0.0, ""rmse"": -0.0, ""rmsle"": -0.0}",0.0028481483459472656,4.220008850097656e-05,9.012322902679443,338.61328125,579,ok,,1.0.0,{}
monk1,monk1,pmlb,pmlb,classification,nofe,1,4500,444,112,6,6,0,1.0,binary_roc_auc,True,1.0,0.0,"{""accuracy"": 0.9999999999107143, ""binary_crossentropy"": 0.018236226318484632, ""binary_roc_auc"": 1.0, ""f1"": 0.9999999948214284, ""precision"": 0.9999999998214285, ""recall"": 0.9999999998214285}","{""accuracy"": 0.0, ""binary_crossentropy"": -0.0, ""binary_roc_auc"": 0.0, ""f1"": 0.0, ""precision"": 0.0, ""recall"": 0.0}",0.0023069381713867188,4.076957702636719e-05,73.56886720657349,320.26171875,1105,ok,,1.0.0,{}
connect_4,connect-4,pmlb,stress_test,classification,nofe,1,4500,54045,13512,42,42,0,0.37118080677814685,categorical_crossentropy,False,0.37118080677814685,-0.0,"{""accuracy"": 0.9045293072817463, ""categorical_crossentropy"": 0.37118080677814685, ""categorical_roc_auc"": 0.9336519888945989, ""f1"": 0.7062324915889026, ""precision"": 0.760069163821283, ""recall"": 0.6856643002681327}","{""accuracy"": 0.0, ""categorical_crossentropy"": -0.0, ""categorical_roc_auc"": 0.0, ""f1"": 0.0, ""precision"": 0.0, ""recall"": 0.0}",0.02827167510986328,0.0006449222564697266,37.0520384311676,574.203125,1999,ok,,1.0.0,{}
connect_4,connect-4,pmlb,stress_test,classification,nofe,2,4500,54045,13512,42,42,0,0.3749223361606752,categorical_crossentropy,False,0.3749223361606752,-0.0,"{""accuracy"": 0.9023583974731825, ""categorical_crossentropy"": 0.3749223361606752, ""categorical_roc_auc"": 0.93275677548136, ""f1"": 0.7040999316026326, ""precision"": 0.7525394615335489, ""recall"": 0.6848121407516912}","{""accuracy"": 0.0, ""categorical_crossentropy"": -0.0, ""categorical_roc_auc"": 0.0, ""f1"": 0.0, ""precision"": 0.0, ""recall"": 0.0}",0.032492876052856445,0.000843048095703125,37.0303852558136,576.15234375,1999,ok,,1.0.0,{}
connect_4,connect-4,pmlb,stress_test,classification,nofe,3,4500,54045,13512,42,42,0,0.3754585806518425,categorical_crossentropy,False,0.3754585806518425,-0.0,"{""accuracy"": 0.9040359186888908, ""categorical_crossentropy"": 0.3754585806518425, ""categorical_roc_auc"": 0.9322378409166977, ""f1"": 0.7071025323655586, ""precision"": 0.7561819106735482, ""recall"": 0.6889384312310615}","{""accuracy"": 0.0, ""categorical_crossentropy"": -0.0, ""categorical_roc_auc"": 0.0, ""f1"": 0.0, ""precision"": 0.0, ""recall"": 0.0}",0.03822946548461914,0.0011773109436035156,37.61836290359497,576.984375,1998,ok,,1.0.0,{}
kr_vs_kp,kr-vs-kp,pmlb,pmlb,classification,nofe,0,4500,2556,640,36,36,0,0.9999804312942743,binary_roc_auc,True,0.9999804312942743,0.0,"{""accuracy"": 0.9968749999844239, ""binary_crossentropy"": 0.013169731170696152, ""binary_roc_auc"": 0.9999804312942743, ""f1"": 0.9969969919671023, ""precision"": 0.9999999999698795, ""recall"": 0.9940119760181433}","{""accuracy"": 0.0, ""binary_crossentropy"": -0.0, ""binary_roc_auc"": 0.0, ""f1"": 0.0, ""precision"": 0.0, ""recall"": 0.0}",0.004702091217041016,7.653236389160156e-05,135.47184538841248,326.28515625,643,ok,,1.0.0,{}
connect_4,connect-4,pmlb,stress_test,classification,nofe,4,4500,54045,13512,42,42,0,0.3773907302255057,categorical_crossentropy,False,0.3773907302255057,-0.0,"{""accuracy"": 0.9030984803624654, ""categorical_crossentropy"": 0.3773907302255057, ""categorical_roc_auc"": 0.9316556355046934, ""f1"": 0.7057591180335309, ""precision"": 0.7563466710025968, ""recall"": 0.6855267928374893}","{""accuracy"": 0.0, ""categorical_crossentropy"": -0.0, ""categorical_roc_auc"": 0.0, ""f1"": 0.0, ""precision"": 0.0, ""recall"": 0.0}",0.04269862174987793,0.0008764266967773438,37.37335968017578,576.9140625,1996,ok,,1.0.0,{}
361235,airfoil_self_noise,openml_task,ctr23,regression,nofe,2,4500,1202,301,5,5,0,1.4820427537699872,rmse,False,1.4820427537699872,-0.0,"{""mae"": 1.0046408097276658, ""mse"": 2.196450724002127, ""pearson"": 0.979255166417136, ""r2"": 0.957530746103029, ""rmse"": 1.4820427537699872, ""rmsle"": 0.011798683723017747}","{""mae"": -0.0, ""mse"": -0.0, ""pearson"": 0.0, ""r2"": 0.0, ""rmse"": -0.0, ""rmsle"": -0.0}",0.004426240921020508,5.53131103515625e-05,2.6456711292266846,356.96484375,1746,ok,,1.0.0,{}
361235,airfoil_self_noise,openml_task,ctr23,regression,nofe,4,4500,1202,301,5,5,0,1.285363462475516,rmse,False,1.285363462475516,-0.0,"{""mae"": 0.8478509604621965, ""mse"": 1.6521592306670472, ""pearson"": 0.9828668223531686, ""r2"": 0.9656125238574527, ""rmse"": 1.285363462475516, ""rmsle"": 0.010090704999207806}","{""mae"": -0.0, ""mse"": -0.0, ""pearson"": 0.0, ""r2"": 0.0, ""rmse"": -0.0, ""rmsle"": -0.0}",0.0068323612213134766,8.0108642578125e-05,2.846942663192749,358.23828125,1996,ok,,1.0.0,{}
361235,airfoil_self_noise,openml_task,ctr23,regression,nofe,1,4500,1202,301,5,5,0,1.239333997257166,rmse,False,1.239333997257166,-0.0,"{""mae"": 0.9014352996927555, ""mse"": 1.5359487567574248, ""pearson"": 0.982058735727724, ""r2"": 0.96383773892891, ""rmse"": 1.239333997257166, ""rmsle"": 0.009895425143524069}","{""mae"": -0.0, ""mse"": -0.0, ""pearson"": 0.0, ""r2"": 0.0, ""rmse"": -0.0, ""rmsle"": -0.0}",0.004392385482788086,6.985664367675781e-05,2.385106325149536,344.00390625,922,ok,,1.0.0,{}
361235,airfoil_self_noise,openml_task,ctr23,regression,nofe,3,4500,1202,301,5,5,0,1.708973422780294,rmse,False,1.708973422780294,-0.0,"{""mae"": 1.0094758302809, ""mse"": 2.920590159769393, ""pearson"": 0.966575103494151, ""r2"": 0.9330768341709796, ""rmse"": 1.708973422780294, ""rmsle"": 0.013535403184004128}","{""mae"": -0.0, ""mse"": -0.0, ""pearson"": 0.0, ""r2"": 0.0, ""rmse"": -0.0, ""rmsle"": -0.0}",0.0032918453216552734,6.890296936035156e-05,2.7437620162963867,362.0078125,1998,ok,,1.0.0,{}
361623,space_ga,openml_task,ctr23,regression,nofe,0,4500,2485,622,6,6,0,0.1244875524068502,rmse,False,0.1244875524068502,-0.0,"{""mae"": 0.07721106120515688, ""mse"": 0.015497150704248272, ""pearson"": 0.8169681246514143, ""r2"": 0.6632746580275024, ""rmse"": 0.1244875524068502, ""rmsle"": null}","{""mae"": -0.0, ""mse"": -0.0, ""pearson"": 0.0, ""r2"": 0.0, ""rmse"": -0.0, ""rmsle"": null}",0.005186319351196289,0.0001354217529296875,5.496706485748291,340.6953125,677,ok,,1.0.0,{}
361622,cars,openml_task,ctr23,regression,nofe,0,4500,643,161,17,17,0,2422.1971062786147,rmse,False,2422.1971062786147,-0.0,"{""mae"": 1635.50865925854, ""mse"": 5867038.8216644935, ""pearson"": 0.9700321675239231, ""r2"": 0.9391843213212133, ""rmse"": 2422.1971062786147, ""rmsle"": 0.09717146979793154}","{""mae"": -0.0, ""mse"": -0.0, ""pearson"": 0.0, ""r2"": 0.0, ""rmse"": -0.0, ""rmsle"": -0.0}",0.004953861236572266,7.867813110351562e-05,9.208628416061401,329.640625,118,ok,,1.0.0,{}
361622,cars,openml_task,ctr23,regression,nofe,4,4500,643,161,17,17,0,2243.665111864324,rmse,False,2243.665111864324,-0.0,"{""mae"": 1588.053846564441, ""mse"": 5034033.134197149, ""pearson"": 0.9689214526232179, ""r2"": 0.9381795541194133, ""rmse"": 2243.665111864324, ""rmsle"": 0.10549871107770041}","{""mae"": -0.0, ""mse"": -0.0, ""pearson"": 0.0, ""r2"": 0.0, ""rmse"": -0.0, ""rmsle"": -0.0}",0.004426479339599609,6.866455078125e-05,8.526715993881226,329.6796875,111,ok,,1.0.0,{}
361622,cars,openml_task,ctr23,regression,nofe,3,4500,643,161,17,17,0,2469.5495814814703,rmse,False,2469.5495814814703,-0.0,"{""mae"": 1787.7481288819874, ""mse"": 6098675.135395304, ""pearson"": 0.9784008288094189, ""r2"": 0.9449637939168726, ""rmse"": 2469.5495814814703, ""rmsle"": 0.10735373799522424}","{""mae"": -0.0, ""mse"": -0.0, ""pearson"": 0.0, ""r2"": 0.0, ""rmse"": -0.0, ""rmsle"": -0.0}",0.003622770309448242,5.8650970458984375e-05,9.136191368103027,327.41796875,50,ok,,1.0.0,{}
3481,isolet,openml_task,amlb,multiclass,nofe,2,4500,6237,1560,617,617,0,0.1614128568719398,categorical_crossentropy,False,0.1614128568719398,-0.0,"{""accuracy"": 0.9962031558121545, ""categorical_crossentropy"": 0.1614128568719398, ""categorical_roc_auc"": 0.9990713675213676, ""f1"": 0.9505789156407045, ""precision"": 0.9511796966561603, ""recall"": 0.9506410254825854}","{""accuracy"": 0.0, ""categorical_crossentropy"": -0.0, ""categorical_roc_auc"": 0.0, ""f1"": 0.0, ""precision"": 0.0, ""recall"": 0.0}",0.02568197250366211,0.004261016845703125,279.03264260292053,710.1484375,478,ok,,1.0.0,{}
361236,auction_verification,openml_task,ctr23,regression,nofe,1,4500,1634,409,7,7,0,357.9549782401087,rmse,False,357.9549782401087,-0.0,"{""mae"": 222.32677853545164, ""mse"": 128131.76644687667, ""pearson"": 0.9993613376198036, ""r2"": 0.998706406499216, ""rmse"": 357.9549782401087, ""rmsle"": 0.5521521698293895}","{""mae"": -0.0, ""mse"": -0.0, ""pearson"": 0.0, ""r2"": 0.0, ""rmse"": -0.0, ""rmsle"": -0.0}",0.0027801990509033203,6.937980651855469e-05,8.320276737213135,340.25390625,696,ok,,1.0.0,{}
361236,auction_verification,openml_task,ctr23,regression,nofe,0,4500,1634,409,7,7,0,414.17281068138334,rmse,False,414.17281068138334,-0.0,"{""mae"": 203.9979378311837, ""mse"": 171539.117107717, ""pearson"": 0.9990566153470649, ""r2"": 0.9980947572595144, ""rmse"": 414.17281068138334, ""rmsle"": 0.5808051315765876}","{""mae"": -0.0, ""mse"": -0.0, ""pearson"": 0.0, ""r2"": 0.0, ""rmse"": -0.0, ""rmsle"": -0.0}",0.0051043033599853516,8.0108642578125e-05,9.546634197235107,364.61328125,1996,ok,,1.0.0,{}
361236,auction_verification,openml_task,ctr23,regression,nofe,2,4500,1634,409,7,7,0,489.66848348675745,rmse,False,489.66848348675745,-0.0,"{""mae"": 259.75040744234207, ""mse"": 239775.22372022085, ""pearson"": 0.9989747470453515, ""r2"": 0.9978541692481884, ""rmse"": 489.66848348675745, ""rmsle"": 0.6465451459471839}","{""mae"": -0.0, ""mse"": -0.0, ""pearson"": 0.0, ""r2"": 0.0, ""rmse"": -0.0, ""rmsle"": -0.0}",0.0036842823028564453,6.961822509765625e-05,8.843823432922363,353.609375,1171,ok,,1.0.0,{}
361236,auction_verification,openml_task,ctr23,regression,nofe,3,4500,1634,409,7,7,0,382.64486574383926,rmse,False,382.64486574383926,-0.0,"{""mae"": 196.84781287767535, ""mse"": 146417.09328012078, ""pearson"": 0.9993392490562318, ""r2"": 0.9986427932132046, ""rmse"": 382.64486574383926, ""rmsle"": 0.5361314267834971}","{""mae"": -0.0, ""mse"": -0.0, ""pearson"": 0.0, ""r2"": 0.0, ""rmse"": -0.0, ""rmsle"": -0.0}",0.0046274662017822266,8.130073547363281e-05,9.114556074142456,347.2890625,963,ok,,1.0.0,{}
361236,auction_verification,openml_task,ctr23,regression,nofe,4,4500,1634,409,7,7,0,359.3435467125116,rmse,False,359.3435467125116,-0.0,"{""mae"": 185.22509477964618, ""mse"": 129127.78456392702, ""pearson"": 0.9993813994229742, ""r2"": 0.9987187463071432, ""rmse"": 359.3435467125116, ""rmsle"": 0.5934653066044805}","{""mae"": -0.0, ""mse"": -0.0, ""pearson"": 0.0, ""r2"": 0.0, ""rmse"": -0.0, ""rmsle"": -0.0}",0.0038881301879882812,8.082389831542969e-05,8.809697389602661,349.6015625,950,ok,,1.0.0,{}
361623,space_ga,openml_task,ctr23,regression,nofe,2,4500,2485,622,6,6,0,0.10607114211324235,rmse,False,0.10607114211324235,-0.0,"{""mae"": 0.07652593640077125, ""mse"": 0.011251087189207656, ""pearson"": 0.852677266440191, ""r2"": 0.7256097487570563, ""rmse"": 0.10607114211324235, ""rmsle"": null}","{""mae"": -0.0, ""mse"": -0.0, ""pearson"": 0.0, ""r2"": 0.0, ""rmse"": -0.0, ""rmsle"": null}",0.005808591842651367,5.817413330078125e-05,9.02489447593689,341.9609375,446,ok,,1.0.0,{}
361623,space_ga,openml_task,ctr23,regression,nofe,1,4500,2485,622,6,6,0,0.10200282103541665,rmse,False,0.10200282103541665,-0.0,"{""mae"": 0.07466708253623365, ""mse"": 0.010404575499183237, ""pearson"": 0.8397457099328511, ""r2"": 0.7021384276561948, ""rmse"": 0.10200282103541665, ""rmsle"": null}","{""mae"": -0.0, ""mse"": -0.0, ""pearson"": 0.0, ""r2"": 0.0, ""rmse"": -0.0, ""rmsle"": null}",0.002222776412963867,5.5789947509765625e-05,8.637424230575562,343.40234375,486,ok,,1.0.0,{}
361623,space_ga,openml_task,ctr23,regression,nofe,3,4500,2485,622,6,6,0,0.109717467015845,rmse,False,0.109717467015845,-0.0,"{""mae"": 0.07698297999767198, ""mse"": 0.012037922568373036, ""pearson"": 0.8328440905207339, ""r2"": 0.6933694677070246, ""rmse"": 0.109717467015845, ""rmsle"": null}","{""mae"": -0.0, ""mse"": -0.0, ""pearson"": 0.0, ""r2"": 0.0, ""rmse"": -0.0, ""rmsle"": null}",0.0041506290435791016,9.679794311523438e-05,2.5286145210266113,342.11328125,319,ok,,1.0.0,{}
361234,abalone,openml_task,ctr23,regression,nofe,0,4500,3341,836,8,8,0,2.177743203631897,rmse,False,2.177743203631897,-0.0,"{""mae"": 1.5212200050148668, ""mse"": 4.742565460964919, ""pearson"": 0.7508078227924233, ""r2"": 0.563312191622368, ""rmse"": 2.177743203631897, ""rmsle"": 0.17492785737220085}","{""mae"": -0.0, ""mse"": -0.0, ""pearson"": 0.0, ""r2"": 0.0, ""rmse"": -0.0, ""rmsle"": -0.0}",0.010447978973388672,0.00019359588623046875,2.24923038482666,336.48828125,70,ok,,1.0.0,{}
361234,abalone,openml_task,ctr23,regression,nofe,1,4500,3341,836,8,8,0,2.1547613340357454,rmse,False,2.1547613340357454,-0.0,"{""mae"": 1.5130669719864878, ""mse"": 4.642996406655506, ""pearson"": 0.7259875782142658, ""r2"": 0.5258104413763007, ""rmse"": 2.1547613340357454, ""rmsle"": 0.1740123466429875}","{""mae"": -0.0, ""mse"": -0.0, ""pearson"": 0.0, ""r2"": 0.0, ""rmse"": -0.0, ""rmsle"": -0.0}",0.005636453628540039,8.916854858398438e-05,2.1527764797210693,337.84765625,143,ok,,1.0.0,{}
361234,abalone,openml_task,ctr23,regression,nofe,2,4500,3341,836,8,8,0,2.2851261340002234,rmse,False,2.2851261340002234,-0.0,"{""mae"": 1.5524391703058087, ""mse"": 5.221801448290806, ""pearson"": 0.7613319817585642, ""r2"": 0.5743870478938229, ""rmse"": 2.2851261340002234, ""rmsle"": 0.1804739249354125}","{""mae"": -0.0, ""mse"": -0.0, ""pearson"": 0.0, ""r2"": 0.0, ""rmse"": -0.0, ""rmsle"": -0.0}",0.005536556243896484,0.00010037422180175781,2.1312079429626465,337.3125,67,ok,,1.0.0,{}
361234,abalone,openml_task,ctr23,regression,nofe,3,4500,3341,836,8,8,0,2.143613290591695,rmse,False,2.143613290591695,-0.0,"{""mae"": 1.5418713172657068, ""mse"": 4.595077939601355, ""pearson"": 0.7253348624853386, ""r2"": 0.5259589564047085, ""rmse"": 2.143613290591695, ""rmsle"": 0.17651254908120204}","{""mae"": -0.0, ""mse"": -0.0, ""pearson"": 0.0, ""r2"": 0.0, ""rmse"": -0.0, ""rmsle"": -0.0}",0.007773399353027344,8.487701416015625e-05,2.319047212600708,334.94140625,83,ok,,1.0.0,{}
361623,space_ga,openml_task,ctr23,regression,nofe,4,4500,2485,622,6,6,0,0.10080858254305573,rmse,False,0.10080858254305573,-0.0,"{""mae"": 0.07682114814803025, ""mse"": 0.01016237031434008, ""pearson"": 0.8675529367265873, ""r2"": 0.7514232840199694, ""rmse"": 0.10080858254305573, ""rmsle"": null}","{""mae"": -0.0, ""mse"": -0.0, ""pearson"": 0.0, ""r2"": 0.0, ""rmse"": -0.0, ""rmsle"": null}",0.005125284194946289,9.131431579589844e-05,3.2081480026245117,344.93359375,723,ok,,1.0.0,{}
361234,abalone,openml_task,ctr23,regression,nofe,4,4500,3341,836,8,8,0,2.0945985943041823,rmse,False,2.0945985943041823,-0.0,"{""mae"": 1.5008173185672486, ""mse"": 4.387343271261056, ""pearson"": 0.7302494464790249, ""r2"": 0.5198097429553044, ""rmse"": 2.0945985943041823, ""rmsle"": 0.17399278236208238}","{""mae"": -0.0, ""mse"": -0.0, ""pearson"": 0.0, ""r2"": 0.0, ""rmse"": -0.0, ""rmsle"": -0.0}",0.004641056060791016,8.988380432128906e-05,1.9031779766082764,333.15234375,107,ok,,1.0.0,{}
361250,red_wine,openml_task,ctr23,regression,nofe,0,4500,1279,320,11,11,0,0.5913294144182394,rmse,False,0.5913294144182394,-0.0,"{""mae"": 0.4167177230119705, ""mse"": 0.34967047635621784, ""pearson"": 0.6386417738891862, ""r2"": 0.3891801982450238, ""rmse"": 0.5913294144182394, ""rmsle"": 0.09285043675142282}","{""mae"": -0.0, ""mse"": -0.0, ""pearson"": 0.0, ""r2"": 0.0, ""rmse"": -0.0, ""rmsle"": -0.0}",0.002936124801635742,0.00012183189392089844,17.667038440704346,337.171875,296,ok,,1.0.0,{}
361249,white_wine,openml_task,ctr23,regression,nofe,0,4500,3918,980,11,11,0,0.6836595162800649,rmse,False,0.6836595162800649,-0.0,"{""mae"": 0.4878585893280652, ""mse"": 0.4673903342002924, ""pearson"": 0.6889999961341077, ""r2"": 0.46970474383063776, ""rmse"": 0.6836595162800649, ""rmsle"": 0.10540951917457737}","{""mae"": -0.0, ""mse"": -0.0, ""pearson"": 0.0, ""r2"": 0.0, ""rmse"": -0.0, ""rmsle"": -0.0}",0.0059850215911865234,0.00011014938354492188,2.6017909049987793,342.71484375,578,ok,,1.0.0,{}
361622,cars,openml_task,ctr23,regression,nofe,1,4500,643,161,17,17,0,2256.011751636951,rmse,False,2256.011751636951,-0.0,"{""mae"": 1680.655722534938, ""mse"": 5089589.023524024, ""pearson"": 0.9771996134460029, ""r2"": 0.9525149274786231, ""rmse"": 2256.011751636951, ""rmsle"": 0.09432511261054824}","{""mae"": -0.0, ""mse"": -0.0, ""pearson"": 0.0, ""r2"": 0.0, ""rmse"": -0.0, ""rmsle"": -0.0}",0.0037462711334228516,8.153915405273438e-05,16.973376274108887,333.66796875,97,ok,,1.0.0,{}
361250,red_wine,openml_task,ctr23,regression,nofe,2,4500,1279,320,11,11,0,0.6250169240140602,rmse,False,0.6250169240140602,-0.0,"{""mae"": 0.4927977830171585, ""mse"": 0.3906461553039975, ""pearson"": 0.5977882454110431, ""r2"": 0.3542934528396743, ""rmse"": 0.6250169240140602, ""rmsle"": 0.09509694897966153}","{""mae"": -0.0, ""mse"": -0.0, ""pearson"": 0.0, ""r2"": 0.0, ""rmse"": -0.0, ""rmsle"": -0.0}",0.004006147384643555,7.176399230957031e-05,17.049121141433716,333.93359375,40,ok,,1.0.0,{}
361243,music_origin,openml_task,ctr23,regression,nofe,4,4500,847,212,116,116,0,17.683730484357103,rmse,False,17.683730484357103,-0.0,"{""mae"": 13.471013549633748, ""mse"": 312.71432384338067, ""pearson"": 0.5660339807249983, ""r2"": 0.2816114711843465, ""rmse"": 17.683730484357103, ""rmsle"": null}","{""mae"": -0.0, ""mse"": -0.0, ""pearson"": 0.0, ""r2"": 0.0, ""rmse"": -0.0, ""rmsle"": null}",0.0034024715423583984,0.0001881122589111328,6.1132426261901855,339.82421875,31,ok,,1.0.0,{}
361258,kin8nm,openml_task,ctr23,regression,nofe,0,4500,6553,1639,8,8,0,0.1160065106702013,rmse,False,0.1160065106702013,-0.0,"{""mae"": 0.09054404215126557, ""mse"": 0.013457510517875528, ""pearson"": 0.9000269770286973, ""r2"": 0.8069968866069386, ""rmse"": 0.1160065106702013, ""rmsle"": 0.07285111699797456}","{""mae"": -0.0, ""mse"": -0.0, ""pearson"": 0.0, ""r2"": 0.0, ""rmse"": -0.0, ""rmsle"": -0.0}",0.005655765533447266,0.00011587142944335938,6.276351690292358,368.6953125,1816,ok,,1.0.0,{}
361249,white_wine,openml_task,ctr23,regression,nofe,2,4500,3918,980,11,11,0,0.6249850944762445,rmse,False,0.6249850944762445,-0.0,"{""mae"": 0.4332352589587776, ""mse"": 0.39060636831748025, ""pearson"": 0.7060437080998005, ""r2"": 0.49679562798594235, ""rmse"": 0.6249850944762445, ""rmsle"": 0.09316362876965038}","{""mae"": -0.0, ""mse"": -0.0, ""pearson"": 0.0, ""r2"": 0.0, ""rmse"": -0.0, ""rmsle"": -0.0}",0.025275707244873047,0.0002789497375488281,9.407119274139404,348.76171875,873,ok,,1.0.0,{}
361249,white_wine,openml_task,ctr23,regression,nofe,1,4500,3918,980,11,11,0,0.5994102260640205,rmse,False,0.5994102260640205,-0.0,"{""mae"": 0.42828807100957755, ""mse"": 0.3592926191101202, ""pearson"": 0.7279497557264032, ""r2"": 0.5298968672563524, ""rmse"": 0.5994102260640205, ""rmsle"": 0.08919902116610237}","{""mae"": -0.0, ""mse"": -0.0, ""pearson"": 0.0, ""r2"": 0.0, ""rmse"": -0.0, ""rmsle"": -0.0}",0.0032215118408203125,5.817413330078125e-05,9.637308597564697,345.16796875,568,ok,,1.0.0,{}
361258,kin8nm,openml_task,ctr23,regression,nofe,4,4500,6553,1639,8,8,0,0.11506649972940451,rmse,False,0.11506649972940451,-0.0,"{""mae"": 0.08871290732946359, ""mse"": 0.013240299359977049, ""pearson"": 0.9028164848450463, ""r2"": 0.8126838600038034, ""rmse"": 0.11506649972940451, ""rmsle"": 0.07198649988042043}","{""mae"": -0.0, ""mse"": -0.0, ""pearson"": 0.0, ""r2"": 0.0, ""rmse"": -0.0, ""rmsle"": -0.0}",0.0059740543365478516,9.989738464355469e-05,5.430346250534058,361.83203125,1611,ok,,1.0.0,{}
361243,music_origin,openml_task,ctr23,regression,nofe,2,4500,847,212,116,116,0,16.66930032011704,rmse,False,16.66930032011704,-0.0,"{""mae"": 12.67348339530657, ""mse"": 277.865573162254, ""pearson"": 0.5347141507826103, ""r2"": 0.2839001642661363, ""rmse"": 16.66930032011704, ""rmsle"": null}","{""mae"": -0.0, ""mse"": -0.0, ""pearson"": 0.0, ""r2"": 0.0, ""rmse"": -0.0, ""rmsle"": null}",0.003056764602661133,0.00022649765014648438,7.712997674942017,342.609375,137,ok,,1.0.0,{}
361249,white_wine,openml_task,ctr23,regression,nofe,3,4500,3918,980,11,11,0,0.6574130013961788,rmse,False,0.6574130013961788,-0.0,"{""mae"": 0.4599460202820447, ""mse"": 0.4321918544047321, ""pearson"": 0.6908190802525378, ""r2"": 0.47551812099723445, ""rmse"": 0.6574130013961788, ""rmsle"": 0.0978401550550096}","{""mae"": -0.0, ""mse"": -0.0, ""pearson"": 0.0, ""r2"": 0.0, ""rmse"": -0.0, ""rmsle"": -0.0}",0.003413677215576172,0.0001456737518310547,9.825485706329346,344.95703125,576,ok,,1.0.0,{}
361258,kin8nm,openml_task,ctr23,regression,nofe,1,4500,6553,1639,8,8,0,0.11261788614985815,rmse,False,0.11261788614985815,-0.0,"{""mae"": 0.0877380193554105, ""mse"": 0.012682788280862412, ""pearson"": 0.9044657546983261, ""r2"": 0.8153433477681252, ""rmse"": 0.11261788614985815, ""rmsle"": 0.07021319714521149}","{""mae"": -0.0, ""mse"": -0.0, ""pearson"": 0.0, ""r2"": 0.0, ""rmse"": -0.0, ""rmsle"": -0.0}",0.004604339599609375,0.00010848045349121094,6.837862491607666,356.53515625,1270,ok,,1.0.0,{}
361259,pumadyn32nh,openml_task,ctr23,regression,nofe,0,4500,6553,1639,32,32,0,0.021355269191365,rmse,False,0.021355269191365,-0.0,"{""mae"": 0.017020343582448857, ""mse"": 0.00045604752223566314, ""pearson"": 0.8033286047772855, ""r2"": 0.642744245164733, ""rmse"": 0.021355269191365, ""rmsle"": null}","{""mae"": -0.0, ""mse"": -0.0, ""pearson"": 0.0, ""r2"": 0.0, ""rmse"": -0.0, ""rmsle"": null}",0.012339115142822266,0.001142263412475586,5.487103700637817,348.99609375,112,ok,,1.0.0,{}
361249,white_wine,openml_task,ctr23,regression,nofe,4,4500,3918,980,11,11,0,0.6217770089338759,rmse,False,0.6217770089338759,-0.0,"{""mae"": 0.4336641725228757, ""mse"": 0.3866066488387571, ""pearson"": 0.720488593687978, ""r2"": 0.517593083914865, ""rmse"": 0.6217770089338759, ""rmsle"": 0.09373801312337689}","{""mae"": -0.0, ""mse"": -0.0, ""pearson"": 0.0, ""r2"": 0.0, ""rmse"": -0.0, ""rmsle"": -0.0}",0.00531458854675293,6.961822509765625e-05,10.07701563835144,345.8984375,747,ok,,1.0.0,{}
361258,kin8nm,openml_task,ctr23,regression,nofe,2,4500,6553,1639,8,8,0,0.11477658875567706,rmse,False,0.11477658875567706,-0.0,"{""mae"": 0.0888798753695506, ""mse"": 0.013173665326389816, ""pearson"": 0.9038407257964427, ""r2"": 0.8146760160150105, ""rmse"": 0.11477658875567706, ""rmsle"": 0.07276078296494438}","{""mae"": -0.0, ""mse"": -0.0, ""pearson"": 0.0, ""r2"": 0.0, ""rmse"": -0.0, ""rmsle"": -0.0}",0.006012916564941406,0.00010061264038085938,6.825167417526245,360.02734375,1499,ok,,1.0.0,{}
361258,kin8nm,openml_task,ctr23,regression,nofe,3,4500,6553,1639,8,8,0,0.113024037723791,rmse,False,0.113024037723791,-0.0,"{""mae"": 0.08743939556334561, ""mse"": 0.01277443310338893, ""pearson"": 0.9044387783491575, ""r2"": 0.8147874743476063, ""rmse"": 0.113024037723791, ""rmsle"": 0.07002662796412497}","{""mae"": -0.0, ""mse"": -0.0, ""pearson"": 0.0, ""r2"": 0.0, ""rmse"": -0.0, ""rmsle"": -0.0}",0.011615991592407227,0.0002262592315673828,6.653919696807861,353.125,1129,ok,,1.0.0,{}
361243,music_origin,openml_task,ctr23,regression,nofe,3,4500,847,212,116,116,0,16.940780373483385,rmse,False,16.940780373483385,-0.0,"{""mae"": 12.33131792018436, ""mse"": 286.9900396625998, ""pearson"": 0.5557082607388129, ""r2"": 0.3063816124097656, ""rmse"": 16.940780373483385, ""rmsle"": null}","{""mae"": -0.0, ""mse"": -0.0, ""pearson"": 0.0, ""r2"": 0.0, ""rmse"": -0.0, ""rmsle"": null}",0.004328727722167969,0.00039005279541015625,8.438358306884766,343.16796875,280,ok,,1.0.0,{}
3481,isolet,openml_task,amlb,multiclass,nofe,3,4500,6237,1560,617,617,0,0.15299466031631312,categorical_crossentropy,False,0.15299466031631312,-0.0,"{""accuracy"": 0.9961538461474605, ""categorical_crossentropy"": 0.15299466031631312, ""categorical_roc_auc"": 0.9989388888888888, ""f1"": 0.9500051401702785, ""precision"": 0.9510488596951845, ""recall"": 0.9499999998416667}","{""accuracy"": 0.0, ""categorical_crossentropy"": -0.0, ""categorical_roc_auc"": 0.0, ""f1"": 0.0, ""precision"": 0.0, ""recall"": 0.0}",0.028984785079956055,0.0041353702545166016,294.6974627971649,722.21484375,600,ok,,1.0.0,{}
361243,music_origin,openml_task,ctr23,regression,nofe,0,4500,847,212,116,116,0,16.103940163070128,rmse,False,16.103940163070128,-0.0,"{""mae"": 12.240585396874625, ""mse"": 259.3368887757431, ""pearson"": 0.5468692280083499, ""r2"": 0.27996001104809054, ""rmse"": 16.103940163070128, ""rmsle"": null}","{""mae"": -0.0, ""mse"": -0.0, ""pearson"": 0.0, ""r2"": 0.0, ""rmse"": -0.0, ""rmsle"": null}",0.0037784576416015625,0.00025725364685058594,10.733929634094238,340.1015625,44,ok,,1.0.0,{}
361243,music_origin,openml_task,ctr23,regression,nofe,1,4500,847,212,116,116,0,18.127174920210038,rmse,False,18.127174920210038,-0.0,"{""mae"": 13.411158917040197, ""mse"": 328.5944705878918, ""pearson"": 0.5292708077548837, ""r2"": 0.2271062658801628, ""rmse"": 18.127174920210038, ""rmsle"": null}","{""mae"": -0.0, ""mse"": -0.0, ""pearson"": 0.0, ""r2"": 0.0, ""rmse"": -0.0, ""rmsle"": null}",0.002773284912109375,8.058547973632812e-05,10.25161075592041,343.61328125,49,ok,,1.0.0,{}
361259,pumadyn32nh,openml_task,ctr23,regression,nofe,1,4500,6553,1639,32,32,0,0.021645121526837775,rmse,False,0.021645121526837775,-0.0,"{""mae"": 0.017093396195628746, ""mse"": 0.000468511285911576, ""pearson"": 0.8024631153095503, ""r2"": 0.6398325392966586, ""rmse"": 0.021645121526837775, ""rmsle"": null}","{""mae"": -0.0, ""mse"": -0.0, ""pearson"": 0.0, ""r2"": 0.0, ""rmse"": -0.0, ""rmsle"": null}",0.008006572723388672,0.0005977153778076172,2.929621696472168,348.203125,63,ok,,1.0.0,{}
361264,socmob,openml_task,ctr23,regression,nofe,0,4500,924,232,5,5,0,30.67049396798381,rmse,False,30.67049396798381,-0.0,"{""mae"": 8.602788154215647, ""mse"": 940.6792002401312, ""pearson"": 0.8835495270634185, ""r2"": 0.6018330759820962, ""rmse"": 30.67049396798381, ""rmsle"": 0.8840789988618172}","{""mae"": -0.0, ""mse"": -0.0, ""pearson"": 0.0, ""r2"": 0.0, ""rmse"": -0.0, ""rmsle"": -0.0}",0.004438161849975586,8.368492126464844e-05,1.8328564167022705,331.2109375,37,ok,,1.0.0,{}
361259,pumadyn32nh,openml_task,ctr23,regression,nofe,3,4500,6553,1639,32,32,0,0.021779039166282193,rmse,False,0.021779039166282193,-0.0,"{""mae"": 0.017347447221826403, ""mse"": 0.0004743265470064538, ""pearson"": 0.7935027001455536, ""r2"": 0.627223899376016, ""rmse"": 0.021779039166282193, ""rmsle"": null}","{""mae"": -0.0, ""mse"": -0.0, ""pearson"": 0.0, ""r2"": 0.0, ""rmse"": -0.0, ""rmsle"": null}",0.005006551742553711,0.0004792213439941406,3.1088712215423584,349.21484375,114,ok,,1.0.0,{}
361259,pumadyn32nh,openml_task,ctr23,regression,nofe,2,4500,6553,1639,32,32,0,0.021419630331408583,rmse,False,0.021419630331408583,-0.0,"{""mae"": 0.017180048936258997, ""mse"": 0.0004588005635341986, ""pearson"": 0.8049440221092042, ""r2"": 0.6434801811262426, ""rmse"": 0.021419630331408583, ""rmsle"": null}","{""mae"": -0.0, ""mse"": -0.0, ""pearson"": 0.0, ""r2"": 0.0, ""rmse"": -0.0, ""rmsle"": null}",0.005008220672607422,0.00041961669921875,3.0621039867401123,348.9296875,80,ok,,1.0.0,{}
361264,socmob,openml_task,ctr23,regression,nofe,2,4500,924,232,5,5,0,11.578882992120489,rmse,False,11.578882992120489,-0.0,"{""mae"": 4.73096058240365, ""mse"": 134.07053134521712, ""pearson"": 0.9357238121020206, ""r2"": 0.8723244931931183, ""rmse"": 11.578882992120489, ""rmsle"": 0.4480738511131768}","{""mae"": -0.0, ""mse"": -0.0, ""pearson"": 0.0, ""r2"": 0.0, ""rmse"": -0.0, ""rmsle"": -0.0}",0.008374214172363281,0.0001964569091796875,2.1405107975006104,339.4453125,308,ok,,1.0.0,{}
361264,socmob,openml_task,ctr23,regression,nofe,1,4500,924,232,5,5,0,16.45763656541037,rmse,False,16.45763656541037,-0.0,"{""mae"": 5.315369052764687, ""mse"": 270.85380131913234, ""pearson"": 0.9572306877501595, ""r2"": 0.8806048029951599, ""rmse"": 16.45763656541037, ""rmsle"": 0.4030144398146405}","{""mae"": -0.0, ""mse"": -0.0, ""pearson"": 0.0, ""r2"": 0.0, ""rmse"": -0.0, ""rmsle"": -0.0}",0.007899284362792969,0.00015425682067871094,2.2748570442199707,340.71875,315,ok,,1.0.0,{}
361259,pumadyn32nh,openml_task,ctr23,regression,nofe,4,4500,6553,1639,32,32,0,0.021143928245528645,rmse,False,0.021143928245528645,-0.0,"{""mae"": 0.01670648873018921, ""mse"": 0.0004470657016520641, ""pearson"": 0.8124753854767391, ""r2"": 0.6567554002195436, ""rmse"": 0.021143928245528645, ""rmsle"": null}","{""mae"": -0.0, ""mse"": -0.0, ""pearson"": 0.0, ""r2"": 0.0, ""rmse"": -0.0, ""rmsle"": null}",0.007414579391479492,0.0007064342498779297,2.952117681503296,348.58984375,73,ok,,1.0.0,{}
361618,forest_fires,openml_task,ctr23,regression,nofe,3,4500,413,104,12,12,0,78.06841423527099,rmse,False,78.06841423527099,-0.0,"{""mae"": 20.976023532104893, ""mse"": 6094.677301209863, ""pearson"": -0.08324494872751181, ""r2"": -0.06559361873427583, ""rmse"": 78.06841423527099, ""rmsle"": 2.049549374666499}","{""mae"": -0.0, ""mse"": -0.0, ""pearson"": 0.0, ""r2"": 0.0, ""rmse"": -0.0, ""rmsle"": -0.0}",0.0056726932525634766,8.0108642578125e-05,69.96362853050232,337.3984375,405,ok,,1.0.0,{}
3481,isolet,openml_task,amlb,multiclass,nofe,4,4500,6237,1560,617,617,0,0.1543819528028577,categorical_crossentropy,False,0.1543819528028577,-0.0,"{""accuracy"": 0.9961538461474606, ""categorical_crossentropy"": 0.1543819528028577, ""categorical_roc_auc"": 0.9992209401709402, ""f1"": 0.9498335836292923, ""precision"": 0.9507061895883517, ""recall"": 0.9499999998416667}","{""accuracy"": 0.0, ""categorical_crossentropy"": -0.0, ""categorical_roc_auc"": 0.0, ""f1"": 0.0, ""precision"": 0.0, ""recall"": 0.0}",0.02651238441467285,0.003394603729248047,307.91295528411865,730.66015625,659,ok,,1.0.0,{}
361256,cpu_activity,openml_task,ctr23,regression,nofe,2,4500,6553,1639,21,21,0,2.131964089762741,rmse,False,2.131964089762741,-0.0,"{""mae"": 1.5228418046949503, ""mse"": 4.545270880037874, ""pearson"": 0.993400102580313, ""r2"": 0.9868229749971198, ""rmse"": 2.131964089762741, ""rmsle"": 0.08495683307324331}","{""mae"": -0.0, ""mse"": -0.0, ""pearson"": 0.0, ""r2"": 0.0, ""rmse"": -0.0, ""rmsle"": -0.0}",0.007243156433105469,0.0002894401550292969,12.036234140396118,359.64453125,828,ok,,1.0.0,{}
361267,brazilian_houses,openml_task,ctr23,regression,nofe,2,4500,8553,2139,9,9,0,11651.949629003002,rmse,False,11651.949629003002,-0.0,"{""mae"": 1890.7712150099346, ""mse"": 135767930.1568232, ""pearson"": 0.9428029241819947, ""r2"": 0.7974258960958925, ""rmse"": 11651.949629003002, ""rmsle"": 0.3865325755467195}","{""mae"": -0.0, ""mse"": -0.0, ""pearson"": 0.0, ""r2"": 0.0, ""rmse"": -0.0, ""rmsle"": -0.0}",0.003842592239379883,0.00010776519775390625,8.025590896606445,338.6640625,50,ok,,1.0.0,{}
adult,adult-pmlb,pmlb,stress_test,classification,nofe,4,4500,39073,9769,14,14,0,0.9254260957294134,binary_roc_auc,True,0.9254260957294134,0.0,"{""accuracy"": 0.869689835192067, ""binary_crossentropy"": 0.2800793394514689, ""binary_roc_auc"": 0.9254260957294134, ""f1"": 0.916584753537044, ""precision"": 0.8932311621955387, ""recall"": 0.9411923025152185}","{""accuracy"": 0.0, ""binary_crossentropy"": -0.0, ""binary_roc_auc"": 0.0, ""f1"": 0.0, ""precision"": 0.0, ""recall"": 0.0}",0.02451467514038086,0.0011019706726074219,73.87157559394836,361.66015625,277,ok,,1.0.0,{}
361618,forest_fires,openml_task,ctr23,regression,nofe,2,4500,413,104,12,12,0,39.45767966579137,rmse,False,39.45767966579137,-0.0,"{""mae"": 18.849276416485125, ""mse"": 1556.9084846082053, ""pearson"": -0.007163692650728299, ""r2"": -0.283706701019121, ""rmse"": 39.45767966579137, ""rmsle"": 2.1162808334918313}","{""mae"": -0.0, ""mse"": -0.0, ""pearson"": 0.0, ""r2"": 0.0, ""rmse"": -0.0, ""rmsle"": -0.0}",0.006698131561279297,0.0001442432403564453,72.31425070762634,328.08203125,13,ok,,1.0.0,{}
adult,adult-pmlb,pmlb,stress_test,classification,nofe,2,4500,39073,9769,14,14,0,0.9253598748635723,binary_roc_auc,True,0.9253598748635723,0.0,"{""accuracy"": 0.8702016583059983, ""binary_crossentropy"": 0.2821965927038329, ""binary_roc_auc"": 0.9253598748635723, ""f1"": 0.9167869749204656, ""precision"": 0.8947098757513837, ""recall"": 0.9399811600041179}","{""accuracy"": 0.0, ""binary_crossentropy"": -0.0, ""binary_roc_auc"": 0.0, ""f1"": 0.0, ""precision"": 0.0, ""recall"": 0.0}",0.024935007095336914,0.000985860824584961,74.76079225540161,360.4921875,344,ok,,1.0.0,{}
361267,brazilian_houses,openml_task,ctr23,regression,nofe,3,4500,8553,2139,9,9,0,3795.1599700420384,rmse,False,3795.1599700420384,-0.0,"{""mae"": 1548.868581549817, ""mse"": 14403239.198209487, ""pearson"": 0.9880347915162961, ""r2"": 0.9761990137800055, ""rmse"": 3795.1599700420384, ""rmsle"": 0.3604472968482734}","{""mae"": -0.0, ""mse"": -0.0, ""pearson"": 0.0, ""r2"": 0.0, ""rmse"": -0.0, ""rmsle"": -0.0}",0.006798982620239258,0.0001761913299560547,9.18622374534607,342.421875,204,ok,,1.0.0,{}
adult,adult-pmlb,pmlb,stress_test,classification,nofe,3,4500,39073,9769,14,14,0,0.933418358507623,binary_roc_auc,True,0.933418358507623,0.0,"{""accuracy"": 0.8764459002959601, ""binary_crossentropy"": 0.2682091951380087, ""binary_roc_auc"": 0.933418358507623, ""f1"": 0.9208161073157647, ""precision"": 0.8983614951345387, ""recall"": 0.9444220158781531}","{""accuracy"": 0.0, ""binary_crossentropy"": -0.0, ""binary_roc_auc"": 0.0, ""f1"": 0.0, ""precision"": 0.0, ""recall"": 0.0}",0.02524876594543457,0.0009653568267822266,75.1544463634491,358.7265625,357,ok,,1.0.0,{}
361247,naval_propulsion,openml_task,ctr23,regression,nofe,3,4500,9547,2387,14,14,0,0.0010559527310474678,rmse,False,0.0010559527310474678,-0.0,"{""mae"": 0.0007322449700124222, ""mse"": 1.115036170206606e-06, ""pearson"": 0.9974294775665841, ""r2"": 0.9948355664293922, ""rmse"": 0.0010559527310474678, ""rmsle"": 0.0005347329220574371}","{""mae"": -0.0, ""mse"": -0.0, ""pearson"": 0.0, ""r2"": 0.0, ""rmse"": -0.0, ""rmsle"": -0.0}",0.007030487060546875,0.0003612041473388672,9.552912950515747,352.1640625,854,ok,,1.0.0,{}
1169,Airlines,openml_dataset,stress_test,classification,nofe,4,4500,431506,107877,7,7,0,0.7202049833069949,binary_roc_auc,True,0.7202049833069949,0.0,"{""accuracy"": 0.6668798724472624, ""binary_crossentropy"": 0.6070509826205224, ""binary_roc_auc"": 0.7202049833069949, ""f1"": 0.5822658216790729, ""precision"": 0.6595475732755749, ""recall"": 0.5211953468044616}","{""accuracy"": 0.0, ""binary_crossentropy"": -0.0, ""binary_roc_auc"": 0.0, ""f1"": 0.0, ""precision"": 0.0, ""recall"": 0.0}",0.12223958969116211,0.001965761184692383,102.92116689682007,564.5,379,ok,,1.0.0,{}
361267,brazilian_houses,openml_task,ctr23,regression,nofe,4,4500,8553,2139,9,9,0,3594.2956559990093,rmse,False,3594.2956559990093,-0.0,"{""mae"": 2123.078684731475, ""mse"": 12918961.26273335, ""pearson"": 0.6171882289353706, ""r2"": 0.3600255847948075, ""rmse"": 3594.2956559990093, ""rmsle"": 0.5726362739742893}","{""mae"": -0.0, ""mse"": -0.0, ""pearson"": 0.0, ""r2"": 0.0, ""rmse"": -0.0, ""rmsle"": -0.0}",0.0054814815521240234,0.00014066696166992188,9.438106536865234,338.2421875,18,ok,,1.0.0,{}
361247,naval_propulsion,openml_task,ctr23,regression,nofe,2,4500,9547,2387,14,14,0,0.001009224410513103,rmse,False,0.001009224410513103,-0.0,"{""mae"": 0.0007077726734498582, ""mse"": 1.0185339107755203e-06, ""pearson"": 0.9976430423753025, ""r2"": 0.995274278950926, ""rmse"": 0.001009224410513103, ""rmsle"": 0.000511114099347496}","{""mae"": -0.0, ""mse"": -0.0, ""pearson"": 0.0, ""r2"": 0.0, ""rmse"": -0.0, ""rmsle"": -0.0}",0.006580352783203125,0.00031304359436035156,9.755567073822021,353.75,1133,ok,,1.0.0,{}
361247,naval_propulsion,openml_task,ctr23,regression,nofe,1,4500,9547,2387,14,14,0,0.0009852558497326456,rmse,False,0.0009852558497326456,-0.0,"{""mae"": 0.0006980863882000105, ""mse"": 9.707290894323977e-07, ""pearson"": 0.9977909612638303, ""r2"": 0.9955594442562969, ""rmse"": 0.0009852558497326456, ""rmsle"": 0.000498590351674353}","{""mae"": -0.0, ""mse"": -0.0, ""pearson"": 0.0, ""r2"": 0.0, ""rmse"": -0.0, ""rmsle"": -0.0}",0.005707502365112305,0.0002799034118652344,9.820472955703735,353.20703125,1012,ok,,1.0.0,{}
361247,naval_propulsion,openml_task,ctr23,regression,nofe,0,4500,9547,2387,14,14,0,0.0010528835527647603,rmse,False,0.0010528835527647603,-0.0,"{""mae"": 0.0007132087033515117, ""mse"": 1.1085637756825437e-06, ""pearson"": 0.99743789428948, ""r2"": 0.9948657530357258, ""rmse"": 0.0010528835527647603, ""rmsle"": 0.0005322211491966855}","{""mae"": -0.0, ""mse"": -0.0, ""pearson"": 0.0, ""r2"": 0.0, ""rmse"": -0.0, ""rmsle"": -0.0}",0.007869720458984375,0.0002391338348388672,10.378695726394653,352.53125,1161,ok,,1.0.0,{}
361247,naval_propulsion,openml_task,ctr23,regression,nofe,4,4500,9547,2387,14,14,0,0.0009515053976627815,rmse,False,0.0009515053976627815,-0.0,"{""mae"": 0.0006743294630382269, ""mse"": 9.053625217814079e-07, ""pearson"": 0.9979098754794762, ""r2"": 0.9958218558229748, ""rmse"": 0.0009515053976627815, ""rmsle"": 0.00048165549659178066}","{""mae"": -0.0, ""mse"": -0.0, ""pearson"": 0.0, ""r2"": 0.0, ""rmse"": -0.0, ""rmsle"": -0.0}",0.006273984909057617,0.00028824806213378906,3.068976640701294,353.89453125,1087,ok,,1.0.0,{}
361260,miami_housing,openml_task,ctr23,regression,nofe,0,4500,11145,2787,15,15,0,81836.91845938421,rmse,False,81836.91845938421,-0.0,"{""mae"": 40951.907772134015, ""mse"": 6697281222.927899, ""pearson"": 0.9638361668029092, ""r2"": 0.9288961189327788, ""rmse"": 81836.91845938421, ""rmsle"": 0.1383299561890115}","{""mae"": -0.0, ""mse"": -0.0, ""pearson"": 0.0, ""r2"": 0.0, ""rmse"": -0.0, ""rmsle"": -0.0}",0.007112741470336914,0.0003528594970703125,3.5536246299743652,351.5,464,ok,,1.0.0,{}
361256,cpu_activity,openml_task,ctr23,regression,nofe,0,4500,6553,1639,21,21,0,2.5476069451252377,rmse,False,2.5476069451252377,-0.0,"{""mae"": 1.549663087379817, ""mse"": 6.490301146850345, ""pearson"": 0.9905604228117671, ""r2"": 0.9811693500419832, ""rmse"": 2.5476069451252377, ""rmsle"": 0.12485781056652034}","{""mae"": -0.0, ""mse"": -0.0, ""pearson"": 0.0, ""r2"": 0.0, ""rmse"": -0.0, ""rmsle"": -0.0}",0.005246162414550781,0.00025153160095214844,18.01705503463745,352.26171875,313,ok,,1.0.0,{}
361267,brazilian_houses,openml_task,ctr23,regression,nofe,1,4500,8553,2139,9,9,0,4128.363508504835,rmse,False,4128.363508504835,-0.0,"{""mae"": 2193.7270220185396, ""mse"": 17043385.25835435, ""pearson"": 0.518804333116054, ""r2"": 0.21091573967865385, ""rmse"": 4128.363508504835, ""rmsle"": 0.569711458106934}","{""mae"": -0.0, ""mse"": -0.0, ""pearson"": 0.0, ""r2"": 0.0, ""rmse"": -0.0, ""rmsle"": -0.0}",0.005766391754150391,0.0001399517059326172,16.16970181465149,337.2890625,16,ok,,1.0.0,{}
361264,socmob,openml_task,ctr23,regression,nofe,4,4500,924,232,5,5,0,12.067811008334504,rmse,False,12.067811008334504,-0.0,"{""mae"": 5.987119391252255, ""mse"": 145.63206253287942, ""pearson"": 0.9531435649037482, ""r2"": 0.8740768581816626, ""rmse"": 12.067811008334504, ""rmsle"": 0.8120412060859659}","{""mae"": -0.0, ""mse"": -0.0, ""pearson"": 0.0, ""r2"": 0.0, ""rmse"": -0.0, ""rmsle"": -0.0}",0.005332231521606445,0.00010585784912109375,17.55675721168518,333.08984375,42,ok,,1.0.0,{}
361256,cpu_activity,openml_task,ctr23,regression,nofe,1,4500,6553,1639,21,21,0,2.650394650174984,rmse,False,2.650394650174984,-0.0,"{""mae"": 1.5092422852320784, ""mse"": 7.024591801676175, ""pearson"": 0.9906430673503525, ""r2"": 0.9813496638489795, ""rmse"": 2.650394650174984, ""rmsle"": 0.12246159953254743}","{""mae"": -0.0, ""mse"": -0.0, ""pearson"": 0.0, ""r2"": 0.0, ""rmse"": -0.0, ""rmsle"": -0.0}",0.009191513061523438,0.00015091896057128906,19.023874521255493,351.07421875,400,ok,,1.0.0,{}
361256,cpu_activity,openml_task,ctr23,regression,nofe,3,4500,6553,1639,21,21,0,2.120862081706074,rmse,False,2.120862081706074,-0.0,"{""mae"": 1.5113832247940695, ""mse"": 4.498055969618622, ""pearson"": 0.9939024808301785, ""r2"": 0.9878293389410086, ""rmse"": 2.120862081706074, ""rmsle"": 0.05838130056592064}","{""mae"": -0.0, ""mse"": -0.0, ""pearson"": 0.0, ""r2"": 0.0, ""rmse"": -0.0, ""rmsle"": -0.0}",0.006726980209350586,0.0004382133483886719,18.93614435195923,352.6796875,439,ok,,1.0.0,{}
361264,socmob,openml_task,ctr23,regression,nofe,3,4500,924,232,5,5,0,20.99947311381067,rmse,False,20.99947311381067,-0.0,"{""mae"": 6.961215889518117, ""mse"": 440.9778710576571, ""pearson"": 0.9120639483322082, ""r2"": 0.8192036936792104, ""rmse"": 20.99947311381067, ""rmsle"": 0.4572627690485047}","{""mae"": -0.0, ""mse"": -0.0, ""pearson"": 0.0, ""r2"": 0.0, ""rmse"": -0.0, ""rmsle"": -0.0}",0.006793022155761719,8.940696716308594e-05,18.21686625480652,337.6328125,489,ok,,1.0.0,{}
361260,miami_housing,openml_task,ctr23,regression,nofe,2,4500,11145,2787,15,15,0,74326.7670683617,rmse,False,74326.7670683617,-0.0,"{""mae"": 38908.898591675636, ""mse"": 5524468302.834498, ""pearson"": 0.9698210304531127, ""r2"": 0.9405141924767175, ""rmse"": 74326.7670683617, ""rmsle"": 0.13750353289113057}","{""mae"": -0.0, ""mse"": -0.0, ""pearson"": 0.0, ""r2"": 0.0, ""rmse"": -0.0, ""rmsle"": -0.0}",0.007584571838378906,0.0003192424774169922,3.9944825172424316,353.8125,632,ok,,1.0.0,{}
361244,solar_flare,openml_task,ctr23,regression,nofe,1,4500,852,214,9,9,0,0.7501597138644418,rmse,False,0.7501597138644418,-0.0,"{""mae"": 0.4482152150752388, ""mse"": 0.5627395963051812, ""pearson"": 0.23513044209089776, ""r2"": 0.05308559110846289, ""rmse"": 0.7501597138644418, ""rmsle"": 0.3675934026983762}","{""mae"": -0.0, ""mse"": -0.0, ""pearson"": 0.0, ""r2"": 0.0, ""rmse"": -0.0, ""rmsle"": -0.0}",0.006009101867675781,0.00011467933654785156,8.212679386138916,330.35546875,11,ok,,1.0.0,{}
361244,solar_flare,openml_task,ctr23,regression,nofe,0,4500,852,214,9,9,0,0.6275326416597077,rmse,False,0.6275326416597077,-0.0,"{""mae"": 0.41738298716389133, ""mse"": 0.3937972163484111, ""pearson"": 0.333163972605269, ""r2"": 0.07629905142942883, ""rmse"": 0.6275326416597077, ""rmsle"": 0.34159026451686186}","{""mae"": -0.0, ""mse"": -0.0, ""pearson"": 0.0, ""r2"": 0.0, ""rmse"": -0.0, ""rmsle"": -0.0}",0.0078029632568359375,0.00015497207641601562,8.511768341064453,332.77734375,9,ok,,1.0.0,{}
361244,solar_flare,openml_task,ctr23,regression,nofe,2,4500,852,214,9,9,0,0.6380135646457703,rmse,False,0.6380135646457703,-0.0,"{""mae"": 0.3983756937086582, ""mse"": 0.40706130867200246, ""pearson"": 0.29128935981686527, ""r2"": -0.018398235014642328, ""rmse"": 0.6380135646457703, ""rmsle"": 0.3539426768189091}","{""mae"": -0.0, ""mse"": -0.0, ""pearson"": 0.0, ""r2"": 0.0, ""rmse"": -0.0, ""rmsle"": -0.0}",0.006320953369140625,0.00012969970703125,8.967609167098999,329.98046875,24,ok,,1.0.0,{}
361255,california_housing,openml_task,ctr23,regression,nofe,1,4500,16512,4128,8,8,0,45517.10877486391,rmse,False,45517.10877486391,-0.0,"{""mae"": 30047.493140405462, ""mse"": 2071807191.2227933, ""pearson"": 0.9176729426211394, ""r2"": 0.8420506477275563, ""rmse"": 45517.10877486391, ""rmsle"": 0.22974307407779757}","{""mae"": -0.0, ""mse"": -0.0, ""pearson"": 0.0, ""r2"": 0.0, ""rmse"": -0.0, ""rmsle"": -0.0}",0.008437156677246094,0.00026607513427734375,4.884613990783691,350.8828125,437,ok,,1.0.0,{}
361244,solar_flare,openml_task,ctr23,regression,nofe,3,4500,852,214,9,9,0,0.765126371248072,rmse,False,0.765126371248072,-0.0,"{""mae"": 0.43722544868137236, ""mse"": 0.5854183639792426, ""pearson"": 0.3112838800630901, ""r2"": 0.03648447810266331, ""rmse"": 0.765126371248072, ""rmsle"": 0.37806602912838}","{""mae"": -0.0, ""mse"": -0.0, ""pearson"": 0.0, ""r2"": 0.0, ""rmse"": -0.0, ""rmsle"": -0.0}",0.004120826721191406,0.000110626220703125,8.221419334411621,326.2578125,35,ok,,1.0.0,{}
361260,miami_housing,openml_task,ctr23,regression,nofe,1,4500,11145,2787,15,15,0,82760.29173232896,rmse,False,82760.29173232896,-0.0,"{""mae"": 40710.87897212504, ""mse"": 6849265887.620196, ""pearson"": 0.9638315337737346, ""r2"": 0.928331444382798, ""rmse"": 82760.29173232896, ""rmsle"": 0.13831725986254684}","{""mae"": -0.0, ""mse"": -0.0, ""pearson"": 0.0, ""r2"": 0.0, ""rmse"": -0.0, ""rmsle"": -0.0}",0.007037162780761719,0.0003306865692138672,12.437244892120361,360.0859375,1014,ok,,1.0.0,{}
361260,miami_housing,openml_task,ctr23,regression,nofe,3,4500,11145,2787,15,15,0,81365.59974907698,rmse,False,81365.59974907698,-0.0,"{""mae"": 40468.83114964567, ""mse"": 6620360822.526997, ""pearson"": 0.9615009769968577, ""r2"": 0.9243072245673551, ""rmse"": 81365.59974907698, ""rmsle"": 0.1483074928952372}","{""mae"": -0.0, ""mse"": -0.0, ""pearson"": 0.0, ""r2"": 0.0, ""rmse"": -0.0, ""rmsle"": -0.0}",0.006740093231201172,0.00032138824462890625,11.21091341972351,357.96484375,770,ok,,1.0.0,{}
361616,Moneyball,openml_task,ctr23,regression,nofe,0,4500,985,247,14,14,0,25.46265238302655,rmse,False,25.46265238302655,-0.0,"{""mae"": 20.526891793316675, ""mse"": 648.3466663788477, ""pearson"": 0.9618433249145493, ""r2"": 0.9229862560005726, ""rmse"": 25.46265238302655, ""rmsle"": 0.03533285060086501}","{""mae"": -0.0, ""mse"": -0.0, ""pearson"": 0.0, ""r2"": 0.0, ""rmse"": -0.0, ""rmsle"": -0.0}",0.004361391067504883,0.00010752677917480469,72.21885275840759,334.12109375,166,ok,,1.0.0,{}
361255,california_housing,openml_task,ctr23,regression,nofe,0,4500,16512,4128,8,8,0,44111.22085081778,rmse,False,44111.22085081778,-0.0,"{""mae"": 29490.952766359314, ""mse"": 1945799804.949621, ""pearson"": 0.9224441381788028, ""r2"": 0.8507770628036719, ""rmse"": 44111.22085081778, ""rmsle"": 0.22355189368283676}","{""mae"": -0.0, ""mse"": -0.0, ""pearson"": 0.0, ""r2"": 0.0, ""rmse"": -0.0, ""rmsle"": -0.0}",0.004645347595214844,0.0002224445343017578,5.931555986404419,361.29296875,930,ok,,1.0.0,{}
361255,california_housing,openml_task,ctr23,regression,nofe,2,4500,16512,4128,8,8,0,46003.28373007682,rmse,False,46003.28373007682,-0.0,"{""mae"": 30072.06754178779, ""mse"": 2116302113.9499507, ""pearson"": 0.9180955241911597, ""r2"": 0.8428905869626165, ""rmse"": 46003.28373007682, ""rmsle"": 0.22829004638416583}","{""mae"": -0.0, ""mse"": -0.0, ""pearson"": 0.0, ""r2"": 0.0, ""rmse"": -0.0, ""rmsle"": -0.0}",0.012681961059570312,0.00046324729919433594,5.8320066928863525,361.32421875,796,ok,,1.0.0,{}
361260,miami_housing,openml_task,ctr23,regression,nofe,4,4500,11145,2787,15,15,0,88190.74822868052,rmse,False,88190.74822868052,-0.0,"{""mae"": 41917.667265148455, ""mse"": 7777608073.134517, ""pearson"": 0.962262987476542, ""r2"": 0.9258172307981117, ""rmse"": 88190.74822868052, ""rmsle"": 0.14475024055363128}","{""mae"": -0.0, ""mse"": -0.0, ""pearson"": 0.0, ""r2"": 0.0, ""rmse"": -0.0, ""rmsle"": -0.0}",0.008128881454467773,0.0002658367156982422,11.412215232849121,359.5703125,663,ok,,1.0.0,{}
361244,solar_flare,openml_task,ctr23,regression,nofe,4,4500,852,214,9,9,0,0.702299499006531,rmse,False,0.702299499006531,-0.0,"{""mae"": 0.46020314041699206, ""mse"": 0.49322458630482446, ""pearson"": 0.35511821508279273, ""r2"": 0.07096149572591837, ""rmse"": 0.702299499006531, ""rmsle"": 0.3643962493293188}","{""mae"": -0.0, ""mse"": -0.0, ""pearson"": 0.0, ""r2"": 0.0, ""rmse"": -0.0, ""rmsle"": -0.0}",0.006319522857666016,0.00020122528076171875,8.71371340751648,325.796875,4,ok,,1.0.0,{}
361616,Moneyball,openml_task,ctr23,regression,nofe,1,4500,985,247,14,14,0,26.324811341646626,rmse,False,26.324811341646626,-0.0,"{""mae"": 20.064904711024482, ""mse"": 692.9956921732868, ""pearson"": 0.9553130625902424, ""r2"": 0.9096412033906348, ""rmse"": 26.324811341646626, ""rmsle"": 0.03719273819868485}","{""mae"": -0.0, ""mse"": -0.0, ""pearson"": 0.0, ""r2"": 0.0, ""rmse"": -0.0, ""rmsle"": -0.0}",0.002469301223754883,0.00012111663818359375,76.03614687919617,338.83203125,186,ok,,1.0.0,{}
361255,california_housing,openml_task,ctr23,regression,nofe,3,4500,16512,4128,8,8,0,45009.684786055135,rmse,False,45009.684786055135,-0.0,"{""mae"": 29184.852816677834, ""mse"": 2025871724.5400429, ""pearson"": 0.9203126679050981, ""r2"": 0.8468278147823309, ""rmse"": 45009.684786055135, ""rmsle"": 0.2241717200239729}","{""mae"": -0.0, ""mse"": -0.0, ""pearson"": 0.0, ""r2"": 0.0, ""rmse"": -0.0, ""rmsle"": -0.0}",0.00827479362487793,0.0004284381866455078,4.063632488250732,358.375,711,ok,,1.0.0,{}
361255,california_housing,openml_task,ctr23,regression,nofe,4,4500,16512,4128,8,8,0,44128.21219700534,rmse,False,44128.21219700534,-0.0,"{""mae"": 29115.610297624455, ""mse"": 1947299111.7039309, ""pearson"": 0.9221344695992657, ""r2"": 0.8503027221383993, ""rmse"": 44128.21219700534, ""rmsle"": 0.21676997792766464}","{""mae"": -0.0, ""mse"": -0.0, ""pearson"": 0.0, ""r2"": 0.0, ""rmse"": -0.0, ""rmsle"": -0.0}",0.008139848709106445,0.0003185272216796875,3.8755712509155273,362.5078125,776,ok,,1.0.0,{}
361272,fifa,openml_task,ctr23,regression,nofe,2,4500,15342,3836,28,28,0,9989.946989366888,rmse,False,9989.946989366888,-0.0,"{""mae"": 4003.7520841373766, ""mse"": 99799040.85036057, ""pearson"": 0.8780158756887606, ""r2"": 0.7641715110987387, ""rmse"": 9989.946989366888, ""rmsle"": 0.7552454683976179}","{""mae"": -0.0, ""mse"": -0.0, ""pearson"": 0.0, ""r2"": 0.0, ""rmse"": -0.0, ""rmsle"": -0.0}",0.006765842437744141,9.322166442871094e-05,2.608741283416748,349.015625,92,ok,,1.0.0,{}
361272,fifa,openml_task,ctr23,regression,nofe,1,4500,15342,3836,28,28,0,9441.799664199494,rmse,False,9441.799664199494,-0.0,"{""mae"": 4087.090970991053, ""mse"": 89147580.89887767, ""pearson"": 0.8760833143967288, ""r2"": 0.7673722629319106, ""rmse"": 9441.799664199494, ""rmsle"": 0.7727930831651642}","{""mae"": -0.0, ""mse"": -0.0, ""pearson"": 0.0, ""r2"": 0.0, ""rmse"": -0.0, ""rmsle"": -0.0}",0.008321046829223633,0.00013685226440429688,2.8558852672576904,343.26953125,62,ok,,1.0.0,{}
361272,fifa,openml_task,ctr23,regression,nofe,4,4500,15342,3836,28,28,0,9824.912922483989,rmse,False,9824.912922483989,-0.0,"{""mae"": 4006.9011919580485, ""mse"": 96528913.93439288, ""pearson"": 0.8817820144492331, ""r2"": 0.7647765829476865, ""rmse"": 9824.912922483989, ""rmsle"": 0.768908835156878}","{""mae"": -0.0, ""mse"": -0.0, ""pearson"": 0.0, ""r2"": 0.0, ""rmse"": -0.0, ""rmsle"": -0.0}",0.005866050720214844,9.775161743164062e-05,2.6545960903167725,343.17578125,61,ok,,1.0.0,{}
361272,fifa,openml_task,ctr23,regression,nofe,3,4500,15342,3836,28,28,0,9894.336302278285,rmse,False,9894.336302278285,-0.0,"{""mae"": 3973.967743437034, ""mse"": 97897890.86258192, ""pearson"": 0.8647802464632559, ""r2"": 0.7395617699610693, ""rmse"": 9894.336302278285, ""rmsle"": 0.7452431756605978}","{""mae"": -0.0, ""mse"": -0.0, ""pearson"": 0.0, ""r2"": 0.0, ""rmse"": -0.0, ""rmsle"": -0.0}",0.007935523986816406,0.00012373924255371094,2.5588176250457764,349.1484375,93,ok,,1.0.0,{}
361254,sarcos,openml_task,ctr23,regression,nofe,4,4500,39146,9787,21,21,0,2.3845787716343225,rmse,False,2.3845787716343225,-0.0,"{""mae"": 1.5750150112799564, ""mse"": 5.686215918129054, ""pearson"": 0.9930641717295058, ""r2"": 0.9861459743142161, ""rmse"": 2.3845787716343225, ""rmsle"": null}","{""mae"": -0.0, ""mse"": -0.0, ""pearson"": 0.0, ""r2"": 0.0, ""rmse"": -0.0, ""rmsle"": null}",0.011859655380249023,0.0015718936920166016,18.896969318389893,459.87890625,1999,ok,,1.0.0,{}
3481,isolet,openml_task,amlb,multiclass,nofe,1,4500,6237,1560,617,617,0,0.17283282853262416,categorical_crossentropy,False,0.17283282853262416,-0.0,"{""accuracy"": 0.9964990138003185, ""categorical_crossentropy"": 0.17283282853262416, ""categorical_roc_auc"": 0.9991717948717949, ""f1"": 0.9545008099355131, ""precision"": 0.955391467284445, ""recall"": 0.9544871793280982}","{""accuracy"": 0.0, ""categorical_crossentropy"": -0.0, ""categorical_roc_auc"": 0.0, ""f1"": 0.0, ""precision"": 0.0, ""recall"": 0.0}",0.029087543487548828,0.002826690673828125,337.8226652145386,754.04296875,830,ok,,1.0.0,{}
361268,fps_benchmark,openml_task,ctr23,regression,nofe,0,4500,19699,4925,39,39,0,0.8157498159001131,rmse,False,0.8157498159001131,-0.0,"{""mae"": 0.4472726103497034, ""mse"": 0.6654477621410684, ""pearson"": 0.9998867934214465, ""r2"": 0.9997713976509027, ""rmse"": 0.8157498159001131, ""rmsle"": 0.005545595853574316}","{""mae"": -0.0, ""mse"": -0.0, ""pearson"": 0.0, ""r2"": 0.0, ""rmse"": -0.0, ""rmsle"": -0.0}",0.009449958801269531,0.000982046127319336,24.50449275970459,514.30859375,1998,ok,,1.0.0,{}
361268,fps_benchmark,openml_task,ctr23,regression,nofe,1,4500,19699,4925,39,39,0,0.8381547131070393,rmse,False,0.8381547131070393,-0.0,"{""mae"": 0.44153124543010885, ""mse"": 0.7025033231035432, ""pearson"": 0.9998833049969847, ""r2"": 0.999761100395214, ""rmse"": 0.8381547131070393, ""rmsle"": 0.005272961592561247}","{""mae"": -0.0, ""mse"": -0.0, ""pearson"": 0.0, ""r2"": 0.0, ""rmse"": -0.0, ""rmsle"": -0.0}",0.011629819869995117,0.0010211467742919922,24.918149709701538,471.84375,1998,ok,,1.0.0,{}
361266,kings_county,openml_task,ctr23,regression,nofe,0,4500,17290,4323,21,21,0,112210.39863588958,rmse,False,112210.39863588958,-0.0,"{""mae"": 61472.1303709808, ""mse"": 12591173562.02525, ""pearson"": 0.9466283760150284, ""r2"": 0.8941244403981377, ""rmse"": 112210.39863588958, ""rmsle"": 0.16087167431254354}","{""mae"": -0.0, ""mse"": -0.0, ""pearson"": 0.0, ""r2"": 0.0, ""rmse"": -0.0, ""rmsle"": -0.0}",0.007950544357299805,0.0004942417144775391,10.67458724975586,367.38671875,379,ok,,1.0.0,{}
361268,fps_benchmark,openml_task,ctr23,regression,nofe,3,4500,19699,4925,39,39,0,0.6556837145463066,rmse,False,0.6556837145463066,-0.0,"{""mae"": 0.4341944946443973, ""mse"": 0.4299211335212424, ""pearson"": 0.9999288681977757, ""r2"": 0.9998560647619436, ""rmse"": 0.6556837145463066, ""rmsle"": 0.005091554539801817}","{""mae"": -0.0, ""mse"": -0.0, ""pearson"": 0.0, ""r2"": 0.0, ""rmse"": -0.0, ""rmsle"": -0.0}",0.012291669845581055,0.0010478496551513672,24.31065344810486,506.87109375,1921,ok,,1.0.0,{}
361266,kings_county,openml_task,ctr23,regression,nofe,1,4500,17290,4323,21,21,0,167644.60582562909,rmse,False,167644.60582562909,-0.0,"{""mae"": 69796.18287719754, ""mse"": 28104713862.430546, ""pearson"": 0.9207724531054065, ""r2"": 0.8371694337031999, ""rmse"": 167644.60582562909, ""rmsle"": 0.16922762226603222}","{""mae"": -0.0, ""mse"": -0.0, ""pearson"": 0.0, ""r2"": 0.0, ""rmse"": -0.0, ""rmsle"": -0.0}",0.010180950164794922,0.0005450248718261719,11.384739637374878,370.0,391,ok,,1.0.0,{}
361268,fps_benchmark,openml_task,ctr23,regression,nofe,4,4500,19699,4925,39,39,0,0.7231265548333256,rmse,False,0.7231265548333256,-0.0,"{""mae"": 0.44337111133246265, ""mse"": 0.5229120143051146, ""pearson"": 0.9999151151441524, ""r2"": 0.9998247690544027, ""rmse"": 0.7231265548333256, ""rmsle"": 0.005130219746858305}","{""mae"": -0.0, ""mse"": -0.0, ""pearson"": 0.0, ""r2"": 0.0, ""rmse"": -0.0, ""rmsle"": -0.0}",0.009256362915039062,0.0009200572967529297,24.19665217399597,479.109375,1973,ok,,1.0.0,{}
361268,fps_benchmark,openml_task,ctr23,regression,nofe,2,4500,19699,4925,39,39,0,0.7111189955411463,rmse,False,0.7111189955411463,-0.0,"{""mae"": 0.450761931985768, ""mse"": 0.5056902258194489, ""pearson"": 0.9999160030189661, ""r2"": 0.999830472822649, ""rmse"": 0.7111189955411463, ""rmsle"": 0.005624976780116562}","{""mae"": -0.0, ""mse"": -0.0, ""pearson"": 0.0, ""r2"": 0.0, ""rmse"": -0.0, ""rmsle"": -0.0}",0.01721954345703125,0.001363992691040039,25.476194143295288,473.46484375,1996,ok,,1.0.0,{}
361266,kings_county,openml_task,ctr23,regression,nofe,2,4500,17290,4323,21,21,0,122839.37932210756,rmse,False,122839.37932210756,-0.0,"{""mae"": 64155.105540134165, ""mse"": 15089513112.240625, ""pearson"": 0.9457059346951083, ""r2"": 0.8919152799684631, ""rmse"": 122839.37932210756, ""rmsle"": 0.1619655814754983}","{""mae"": -0.0, ""mse"": -0.0, ""pearson"": 0.0, ""r2"": 0.0, ""rmse"": -0.0, ""rmsle"": -0.0}",0.007447242736816406,0.0005385875701904297,11.567847967147827,371.6875,587,ok,,1.0.0,{}
361266,kings_county,openml_task,ctr23,regression,nofe,4,4500,17290,4323,21,21,0,124611.67759031786,rmse,False,124611.67759031786,-0.0,"{""mae"": 66838.47887751562, ""mse"": 15528070191.873327, ""pearson"": 0.9397443271833096, ""r2"": 0.8799430709428115, ""rmse"": 124611.67759031786, ""rmsle"": 0.17005911017834346}","{""mae"": -0.0, ""mse"": -0.0, ""pearson"": 0.0, ""r2"": 0.0, ""rmse"": -0.0, ""rmsle"": -0.0}",0.00986027717590332,0.0007631778717041016,11.058073043823242,363.81640625,281,ok,,1.0.0,{}
361254,sarcos,openml_task,ctr23,regression,nofe,1,4500,39146,9787,21,21,0,2.4185738528188203,rmse,False,2.4185738528188203,-0.0,"{""mae"": 1.5735222586604523, ""mse"": 5.849499481538873, ""pearson"": 0.9930100300528362, ""r2"": 0.9860432156695986, ""rmse"": 2.4185738528188203, ""rmsle"": null}","{""mae"": -0.0, ""mse"": -0.0, ""pearson"": 0.0, ""r2"": 0.0, ""rmse"": -0.0, ""rmsle"": null}",0.012142181396484375,0.0019998550415039062,23.324885606765747,462.125,1998,ok,,1.0.0,{}
361266,kings_county,openml_task,ctr23,regression,nofe,3,4500,17290,4323,21,21,0,126447.53140367946,rmse,False,126447.53140367946,-0.0,"{""mae"": 66187.71641510526, ""mse"": 15988978198.084503, ""pearson"": 0.9366774455445427, ""r2"": 0.8754369353646245, ""rmse"": 126447.53140367946, ""rmsle"": 0.1694143420041934}","{""mae"": -0.0, ""mse"": -0.0, ""pearson"": 0.0, ""r2"": 0.0, ""rmse"": -0.0, ""rmsle"": -0.0}",0.010848045349121094,0.0006976127624511719,12.810981035232544,373.27734375,649,ok,,1.0.0,{}
361254,sarcos,openml_task,ctr23,regression,nofe,0,4500,39146,9787,21,21,0,2.382620916511604,rmse,False,2.382620916511604,-0.0,"{""mae"": 1.5708105181895027, ""mse"": 5.676882431798597, ""pearson"": 0.9929843523901166, ""r2"": 0.9860178858249192, ""rmse"": 2.382620916511604, ""rmsle"": null}","{""mae"": -0.0, ""mse"": -0.0, ""pearson"": 0.0, ""r2"": 0.0, ""rmse"": -0.0, ""rmsle"": null}",0.01056218147277832,0.0014033317565917969,23.463022232055664,458.58984375,1998,ok,,1.0.0,{}
361254,sarcos,openml_task,ctr23,regression,nofe,3,4500,39146,9787,21,21,0,2.332981726923865,rmse,False,2.332981726923865,-0.0,"{""mae"": 1.5641140272642606, ""mse"": 5.442803738160658, ""pearson"": 0.9933553531925545, ""r2"": 0.9867211966792149, ""rmse"": 2.332981726923865, ""rmsle"": null}","{""mae"": -0.0, ""mse"": -0.0, ""pearson"": 0.0, ""r2"": 0.0, ""rmse"": -0.0, ""rmsle"": null}",0.011011362075805664,0.0013346672058105469,22.80208134651184,462.53125,1998,ok,,1.0.0,{}
3481,isolet,openml_task,amlb,multiclass,nofe,0,4500,6237,1560,617,617,0,0.13471083986597268,categorical_crossentropy,False,0.13471083986597268,-0.0,"{""accuracy"": 0.9965976331297064, ""categorical_crossentropy"": 0.13471083986597268, ""categorical_roc_auc"": 0.9993786324786325, ""f1"": 0.9557481578742327, ""precision"": 0.9564374199021561, ""recall"": 0.9557692306099359}","{""accuracy"": 0.0, ""categorical_crossentropy"": -0.0, ""categorical_roc_auc"": 0.0, ""f1"": 0.0, ""precision"": 0.0, ""recall"": 0.0}",0.027826309204101562,0.004203319549560547,341.06555342674255,753.97265625,813,ok,,1.0.0,{}
361254,sarcos,openml_task,ctr23,regression,nofe,2,4500,39146,9787,21,21,0,2.455856621478499,rmse,False,2.455856621478499,-0.0,"{""mae"": 1.6097626313322457, ""mse"": 6.031231745259787, ""pearson"": 0.9931498828327384, ""r2"": 0.9863079337698986, ""rmse"": 2.455856621478499, ""rmsle"": null}","{""mae"": -0.0, ""mse"": -0.0, ""pearson"": 0.0, ""r2"": 0.0, ""rmse"": -0.0, ""rmsle"": null}",0.012230396270751953,0.0017910003662109375,23.498157024383545,461.36328125,1997,ok,,1.0.0,{}
361250,red_wine,openml_task,ctr23,regression,nofe,3,4500,1279,320,11,11,0,0.5434149812603648,rmse,False,0.5434149812603648,-0.0,"{""mae"": 0.35574111342430115, ""mse"": 0.2952998418582027, ""pearson"": 0.7138393581991322, ""r2"": 0.5057420103582877, ""rmse"": 0.5434149812603648, ""rmsle"": 0.08634623840185202}","{""mae"": -0.0, ""mse"": -0.0, ""pearson"": 0.0, ""r2"": 0.0, ""rmse"": -0.0, ""rmsle"": -0.0}",0.006392240524291992,0.0001246929168701172,73.68678545951843,334.4375,451,ok,,1.0.0,{}
361261,cps88wages,openml_task,ctr23,regression,nofe,0,4500,22524,5631,6,6,0,409.0199906674077,rmse,False,409.0199906674077,-0.0,"{""mae"": 229.96767823972783, ""mse"": 167297.3527655663, ""pearson"": 0.5114408946281759, ""r2"": 0.2610553364526227, ""rmse"": 409.0199906674077, ""rmsle"": 0.5504517274512748}","{""mae"": -0.0, ""mse"": -0.0, ""pearson"": 0.0, ""r2"": 0.0, ""rmse"": -0.0, ""rmsle"": -0.0}",0.003628253936767578,0.00012445449829101562,8.669854879379272,338.34765625,60,ok,,1.0.0,{}
361261,cps88wages,openml_task,ctr23,regression,nofe,1,4500,22524,5631,6,6,0,398.3818333491238,rmse,False,398.3818333491238,-0.0,"{""mae"": 222.27650758483486, ""mse"": 158708.08514260902, ""pearson"": 0.5103927886402414, ""r2"": 0.2598843210350993, ""rmse"": 398.3818333491238, ""rmsle"": 0.5451186615799288}","{""mae"": -0.0, ""mse"": -0.0, ""pearson"": 0.0, ""r2"": 0.0, ""rmse"": -0.0, ""rmsle"": -0.0}",0.005313396453857422,0.00011348724365234375,9.0504469871521,336.52734375,58,ok,,1.0.0,{}
361261,cps88wages,openml_task,ctr23,regression,nofe,2,4500,22524,5631,6,6,0,329.20579738792026,rmse,False,329.20579738792026,-0.0,"{""mae"": 220.4388598403294, ""mse"": 108376.45703381639, ""pearson"": 0.5975770887871218, ""r2"": 0.35680308014087103, ""rmse"": 329.20579738792026, ""rmsle"": 0.5426569089798569}","{""mae"": -0.0, ""mse"": -0.0, ""pearson"": 0.0, ""r2"": 0.0, ""rmse"": -0.0, ""rmsle"": -0.0}",0.008985757827758789,0.0001823902130126953,2.255634307861328,339.19140625,90,ok,,1.0.0,{}
361261,cps88wages,openml_task,ctr23,regression,nofe,3,4500,22524,5631,6,6,0,351.8919333259927,rmse,False,351.8919333259927,-0.0,"{""mae"": 228.4573519778772, ""mse"": 123827.93273990486, ""pearson"": 0.5749966813324567, ""r2"": 0.32646509983994276, ""rmse"": 351.8919333259927, ""rmsle"": 0.5549630091239248}","{""mae"": -0.0, ""mse"": -0.0, ""pearson"": 0.0, ""r2"": 0.0, ""rmse"": -0.0, ""rmsle"": -0.0}",0.006197452545166016,0.00015997886657714844,2.2460286617279053,337.79296875,53,ok,,1.0.0,{}
361261,cps88wages,openml_task,ctr23,regression,nofe,4,4500,22524,5631,6,6,0,398.3970793678087,rmse,False,398.3970793678087,-0.0,"{""mae"": 229.54449153081114, ""mse"": 158720.23284880008, ""pearson"": 0.5179136492179729, ""r2"": 0.2677174208420108, ""rmse"": 398.3970793678087, ""rmsle"": 0.5576809507824632}","{""mae"": -0.0, ""mse"": -0.0, ""pearson"": 0.0, ""r2"": 0.0, ""rmse"": -0.0, ""rmsle"": -0.0}",0.013524770736694336,0.00018739700317382812,2.4637739658355713,338.5390625,61,ok,,1.0.0,{}
361257,diamonds,openml_task,ctr23,regression,nofe,0,4500,43152,10788,9,9,0,528.92499954811,rmse,False,528.92499954811,-0.0,"{""mae"": 267.14052921531373, ""mse"": 279761.6551469682, ""pearson"": 0.991136758181461, ""r2"": 0.9823512934219595, ""rmse"": 528.92499954811, ""rmsle"": 0.0972277720570242}","{""mae"": -0.0, ""mse"": -0.0, ""pearson"": 0.0, ""r2"": 0.0, ""rmse"": -0.0, ""rmsle"": -0.0}",0.016803503036499023,0.0008637905120849609,3.437352180480957,367.9453125,214,ok,,1.0.0,{}
361257,diamonds,openml_task,ctr23,regression,nofe,1,4500,43152,10788,9,9,0,521.414903869908,rmse,False,521.414903869908,-0.0,"{""mae"": 265.9513787286212, ""mse"": 271873.5019776654, ""pearson"": 0.9912157417370197, ""r2"": 0.9825032472978429, ""rmse"": 521.414903869908, ""rmsle"": 0.09568881680237276}","{""mae"": -0.0, ""mse"": -0.0, ""pearson"": 0.0, ""r2"": 0.0, ""rmse"": -0.0, ""rmsle"": -0.0}",0.013209342956542969,0.0006647109985351562,3.673527479171753,375.29296875,282,ok,,1.0.0,{}
361242,superconductivity,openml_task,ctr23,regression,nofe,2,4500,17010,4253,81,81,0,9.199367035220108,rmse,False,9.199367035220108,-0.0,"{""mae"": 5.39453816017617, ""mse"": 84.62835384869442, ""pearson"": 0.963113147781538, ""r2"": 0.9275488446177639, ""rmse"": 9.199367035220108, ""rmsle"": 0.4125621682087933}","{""mae"": -0.0, ""mse"": -0.0, ""pearson"": 0.0, ""r2"": 0.0, ""rmse"": -0.0, ""rmsle"": -0.0}",0.018836498260498047,0.001867532730102539,19.9018337726593,485.8828125,690,ok,,1.0.0,{}
361251,grid_stability,openml_task,ctr23,regression,nofe,4,4500,8000,2000,12,12,0,0.00755340769870817,rmse,False,0.00755340769870817,-0.0,"{""mae"": 0.00539170414675209, ""mse"": 5.7053967862903854e-05, ""pearson"": 0.9802585972659594, ""r2"": 0.9594838780424676, ""rmse"": 0.00755340769870817, ""rmsle"": null}","{""mae"": -0.0, ""mse"": -0.0, ""pearson"": 0.0, ""r2"": 0.0, ""rmse"": -0.0, ""rmsle"": null}",0.007615327835083008,0.0003628730773925781,8.169957160949707,362.83203125,1379,ok,,1.0.0,{}
361242,superconductivity,openml_task,ctr23,regression,nofe,1,4500,17010,4253,81,81,0,9.554719290682906,rmse,False,9.554719290682906,-0.0,"{""mae"": 5.3482838134804815, ""mse"": 91.29266072374804, ""pearson"": 0.9599310315195224, ""r2"": 0.9214341466724759, ""rmse"": 9.554719290682906, ""rmsle"": 0.4012966539971035}","{""mae"": -0.0, ""mse"": -0.0, ""pearson"": 0.0, ""r2"": 0.0, ""rmse"": -0.0, ""rmsle"": -0.0}",0.009517192840576172,0.0004680156707763672,20.911374807357788,477.22265625,1076,ok,,1.0.0,{}
361257,diamonds,openml_task,ctr23,regression,nofe,2,4500,43152,10788,9,9,0,528.9445786773712,rmse,False,528.9445786773712,-0.0,"{""mae"": 271.38441780721166, ""mse"": 279782.3673121817, ""pearson"": 0.9911210096080998, ""r2"": 0.9823206723857619, ""rmse"": 528.9445786773712, ""rmsle"": 0.09946643589391821}","{""mae"": -0.0, ""mse"": -0.0, ""pearson"": 0.0, ""r2"": 0.0, ""rmse"": -0.0, ""rmsle"": -0.0}",0.010544300079345703,0.0004935264587402344,9.988167524337769,375.1953125,340,ok,,1.0.0,{}
361257,diamonds,openml_task,ctr23,regression,nofe,3,4500,43152,10788,9,9,0,549.381046536721,rmse,False,549.381046536721,-0.0,"{""mae"": 273.52175601482566, ""mse"": 301819.5342937828, ""pearson"": 0.990338972127932, ""r2"": 0.9807586011118513, ""rmse"": 549.381046536721, ""rmsle"": 0.09989678116351577}","{""mae"": -0.0, ""mse"": -0.0, ""pearson"": 0.0, ""r2"": 0.0, ""rmse"": -0.0, ""rmsle"": -0.0}",0.01434636116027832,0.0008585453033447266,10.135879039764404,367.5703125,200,ok,,1.0.0,{}
361242,superconductivity,openml_task,ctr23,regression,nofe,3,4500,17010,4253,81,81,0,9.144032004297907,rmse,False,9.144032004297907,-0.0,"{""mae"": 5.245025387565477, ""mse"": 83.61332129562439, ""pearson"": 0.9643205273953473, ""r2"": 0.9297688118052216, ""rmse"": 9.144032004297907, ""rmsle"": 0.39914075986478725}","{""mae"": -0.0, ""mse"": -0.0, ""pearson"": 0.0, ""r2"": 0.0, ""rmse"": -0.0, ""rmsle"": -0.0}",0.011857271194458008,0.0005466938018798828,21.393507719039917,479.671875,1037,ok,,1.0.0,{}
361257,diamonds,openml_task,ctr23,regression,nofe,4,4500,43152,10788,9,9,0,517.3750444993256,rmse,False,517.3750444993256,-0.0,"{""mae"": 268.2193903062005, ""mse"": 267676.9366706791, ""pearson"": 0.9913900091834054, ""r2"": 0.9828388940869789, ""rmse"": 517.3750444993256, ""rmsle"": 0.10179506722141025}","{""mae"": -0.0, ""mse"": -0.0, ""pearson"": 0.0, ""r2"": 0.0, ""rmse"": -0.0, ""rmsle"": -0.0}",0.010104179382324219,0.0006873607635498047,10.22238540649414,367.01171875,248,ok,,1.0.0,{}
361241,physiochemical_protein,openml_task,ctr23,regression,nofe,2,4500,36584,9146,9,9,0,3.6063687530008783,rmse,False,3.6063687530008783,-0.0,"{""mae"": 2.513564127456058, ""mse"": 13.00589558262111, ""pearson"": 0.8068275566330179, ""r2"": 0.6509467725019827, ""rmse"": 3.6063687530008783, ""rmsle"": 0.4553392720364106}","{""mae"": -0.0, ""mse"": -0.0, ""pearson"": 0.0, ""r2"": 0.0, ""rmse"": -0.0, ""rmsle"": -0.0}",0.011142253875732422,0.0006377696990966797,13.527392148971558,397.4609375,1999,ok,,1.0.0,{}
361241,physiochemical_protein,openml_task,ctr23,regression,nofe,1,4500,36584,9146,9,9,0,3.594181334595169,rmse,False,3.594181334595169,-0.0,"{""mae"": 2.5012250229588537, ""mse"": 12.918139465952311, ""pearson"": 0.8096996783656621, ""r2"": 0.6551473579909133, ""rmse"": 3.594181334595169, ""rmsle"": 0.44724662089164985}","{""mae"": -0.0, ""mse"": -0.0, ""pearson"": 0.0, ""r2"": 0.0, ""rmse"": -0.0, ""rmsle"": -0.0}",0.009905338287353516,0.0005137920379638672,14.10270071029663,397.7734375,1996,ok,,1.0.0,{}
361241,physiochemical_protein,openml_task,ctr23,regression,nofe,0,4500,36584,9146,9,9,0,3.5014669279300987,rmse,False,3.5014669279300987,-0.0,"{""mae"": 2.4500517107458446, ""mse"": 12.260270647388245, ""pearson"": 0.8201565003693316, ""r2"": 0.6721884359715413, ""rmse"": 3.5014669279300987, ""rmsle"": 0.45091993638364986}","{""mae"": -0.0, ""mse"": -0.0, ""pearson"": 0.0, ""r2"": 0.0, ""rmse"": -0.0, ""rmsle"": -0.0}",0.010512828826904297,0.0005414485931396484,13.78331470489502,398.91015625,1969,ok,,1.0.0,{}
361241,physiochemical_protein,openml_task,ctr23,regression,nofe,3,4500,36584,9146,9,9,0,3.5876450868420884,rmse,False,3.5876450868420884,-0.0,"{""mae"": 2.4814206239810277, ""mse"": 12.871197269142176, ""pearson"": 0.8096845914434898, ""r2"": 0.6554215659064304, ""rmse"": 3.5876450868420884, ""rmsle"": 0.4529526031631007}","{""mae"": -0.0, ""mse"": -0.0, ""pearson"": 0.0, ""r2"": 0.0, ""rmse"": -0.0, ""rmsle"": -0.0}",0.014276266098022461,0.0007028579711914062,14.233465433120728,399.55078125,1991,ok,,1.0.0,{}
361251,grid_stability,openml_task,ctr23,regression,nofe,0,4500,8000,2000,12,12,0,0.007837361032445268,rmse,False,0.007837361032445268,-0.0,"{""mae"": 0.005681426380083899, ""mse"": 6.142422795289156e-05, ""pearson"": 0.978153513030013, ""r2"": 0.9553570114364106, ""rmse"": 0.007837361032445268, ""rmsle"": null}","{""mae"": -0.0, ""mse"": -0.0, ""pearson"": 0.0, ""r2"": 0.0, ""rmse"": -0.0, ""rmsle"": null}",0.005178928375244141,0.0003032684326171875,12.464541673660278,369.41015625,1403,ok,,1.0.0,{}
361241,physiochemical_protein,openml_task,ctr23,regression,nofe,4,4500,36584,9146,9,9,0,3.549025136579819,rmse,False,3.549025136579819,-0.0,"{""mae"": 2.458015939015174, ""mse"": 12.595579420075403, ""pearson"": 0.8142966062536833, ""r2"": 0.6629253712971659, ""rmse"": 3.549025136579819, ""rmsle"": 0.4456636679872787}","{""mae"": -0.0, ""mse"": -0.0, ""pearson"": 0.0, ""r2"": 0.0, ""rmse"": -0.0, ""rmsle"": -0.0}",0.018610000610351562,0.0011305809020996094,14.363703727722168,396.72265625,1841,ok,,1.0.0,{}
361251,grid_stability,openml_task,ctr23,regression,nofe,3,4500,8000,2000,12,12,0,0.007679895984267411,rmse,False,0.007679895984267411,-0.0,"{""mae"": 0.005620680505334455, ""mse"": 5.8980802329166695e-05, ""pearson"": 0.9789163401674666, ""r2"": 0.9568865791199928, ""rmse"": 0.007679895984267411, ""rmsle"": null}","{""mae"": -0.0, ""mse"": -0.0, ""pearson"": 0.0, ""r2"": 0.0, ""rmse"": -0.0, ""rmsle"": null}",0.004387617111206055,9.441375732421875e-05,12.145413637161255,361.96484375,1615,ok,,1.0.0,{}
361251,grid_stability,openml_task,ctr23,regression,nofe,1,4500,8000,2000,12,12,0,0.00771352530195451,rmse,False,0.00771352530195451,-0.0,"{""mae"": 0.005624466198656976, ""mse"": 5.9498472583892414e-05, ""pearson"": 0.9774520456997022, ""r2"": 0.9541659901966246, ""rmse"": 0.00771352530195451, ""rmsle"": null}","{""mae"": -0.0, ""mse"": -0.0, ""pearson"": 0.0, ""r2"": 0.0, ""rmse"": -0.0, ""rmsle"": null}",0.007816791534423828,9.059906005859375e-05,12.793341398239136,368.39453125,1622,ok,,1.0.0,{}
361242,superconductivity,openml_task,ctr23,regression,nofe,0,4500,17010,4253,81,81,0,9.551463462034931,rmse,False,9.551463462034931,-0.0,"{""mae"": 5.457787032181579, ""mse"": 91.23045426658832, ""pearson"": 0.9600215101529328, ""r2"": 0.9216169456337917, ""rmse"": 9.551463462034931, ""rmsle"": 0.40258267572946566}","{""mae"": -0.0, ""mse"": -0.0, ""pearson"": 0.0, ""r2"": 0.0, ""rmse"": -0.0, ""rmsle"": -0.0}",0.010680675506591797,0.0003788471221923828,25.453476190567017,477.21875,1138,ok,,1.0.0,{}
361251,grid_stability,openml_task,ctr23,regression,nofe,2,4500,8000,2000,12,12,0,0.007987283602096058,rmse,False,0.007987283602096058,-0.0,"{""mae"": 0.005831485872178005, ""mse"": 6.379669934031257e-05, ""pearson"": 0.977727742322482, ""r2"": 0.9546497004240146, ""rmse"": 0.007987283602096058, ""rmsle"": null}","{""mae"": -0.0, ""mse"": -0.0, ""pearson"": 0.0, ""r2"": 0.0, ""rmse"": -0.0, ""rmsle"": null}",0.005638837814331055,9.202957153320312e-05,12.203726768493652,364.15234375,1251,ok,,1.0.0,{}
361242,superconductivity,openml_task,ctr23,regression,nofe,4,4500,17010,4253,81,81,0,10.01397844992568,rmse,False,10.01397844992568,-0.0,"{""mae"": 5.671052215942429, ""mse"": 100.27976439557592, ""pearson"": 0.9564356065995512, ""r2"": 0.9146578733981556, ""rmse"": 10.01397844992568, ""rmsle"": 0.4119820105347128}","{""mae"": -0.0, ""mse"": -0.0, ""pearson"": 0.0, ""r2"": 0.0, ""rmse"": -0.0, ""rmsle"": -0.0}",0.010297775268554688,0.0004611015319824219,24.467182636260986,479.11328125,1001,ok,,1.0.0,{}
361622,cars,openml_task,ctr23,regression,nofe,2,4500,643,161,17,17,0,2258.2078530791955,rmse,False,2258.2078530791955,-0.0,"{""mae"": 1681.6336391207296, ""mse"": 5099502.70770855, ""pearson"": 0.9760409229541287, ""r2"": 0.9487816748106239, ""rmse"": 2258.2078530791955, ""rmsle"": 0.10475871346691244}","{""mae"": -0.0, ""mse"": -0.0, ""pearson"": 0.0, ""r2"": 0.0, ""rmse"": -0.0, ""rmsle"": -0.0}",0.0069048404693603516,8.702278137207031e-05,90.3224720954895,327.015625,56,ok,,1.0.0,{}
361250,red_wine,openml_task,ctr23,regression,nofe,4,4500,1279,320,11,11,0,0.5555582293144462,rmse,False,0.5555582293144462,-0.0,"{""mae"": 0.3988644018769264, ""mse"": 0.30864494615900284, ""pearson"": 0.7235278130495169, ""r2"": 0.5182054225417783, ""rmse"": 0.5555582293144462, ""rmsle"": 0.08752718604691473}","{""mae"": -0.0, ""mse"": -0.0, ""pearson"": 0.0, ""r2"": 0.0, ""rmse"": -0.0, ""rmsle"": -0.0}",0.004081249237060547,8.368492126464844e-05,90.74623775482178,335.7109375,167,ok,,1.0.0,{}
361252,video_transcoding,openml_task,ctr23,regression,nofe,0,4500,55027,13757,18,18,0,0.9108522028082972,rmse,False,0.9108522028082972,-0.0,"{""mae"": 0.4074250508314262, ""mse"": 0.8296517353607273, ""pearson"": 0.9983553701437816, ""r2"": 0.9966772092361734, ""rmse"": 0.9108522028082972, ""rmsle"": 0.0791625478335788}","{""mae"": -0.0, ""mse"": -0.0, ""pearson"": 0.0, ""r2"": 0.0, ""rmse"": -0.0, ""rmsle"": -0.0}",0.016646862030029297,0.002372264862060547,13.59177303314209,459.99609375,1999,ok,,1.0.0,{}
361252,video_transcoding,openml_task,ctr23,regression,nofe,1,4500,55027,13757,18,18,0,1.0928152226111096,rmse,False,1.0928152226111096,-0.0,"{""mae"": 0.4123295978341161, ""mse"": 1.1942451107705692, ""pearson"": 0.9976439004489125, ""r2"": 0.9952416609463505, ""rmse"": 1.0928152226111096, ""rmsle"": 0.07067859086997344}","{""mae"": -0.0, ""mse"": -0.0, ""pearson"": 0.0, ""r2"": 0.0, ""rmse"": -0.0, ""rmsle"": -0.0}",0.012657642364501953,0.0016903877258300781,13.497977495193481,458.01171875,1999,ok,,1.0.0,{}
361256,cpu_activity,openml_task,ctr23,regression,nofe,4,4500,6553,1639,21,21,0,2.0379178310186385,rmse,False,2.0379178310186385,-0.0,"{""mae"": 1.5123660239519447, ""mse"": 4.153109085983711, ""pearson"": 0.9934078424402422, ""r2"": 0.98685561962037, ""rmse"": 2.0379178310186385, ""rmsle"": 0.06766082254699625}","{""mae"": -0.0, ""mse"": -0.0, ""pearson"": 0.0, ""r2"": 0.0, ""rmse"": -0.0, ""rmsle"": -0.0}",0.0064656734466552734,0.00010824203491210938,71.29603099822998,353.33984375,577,ok,,1.0.0,{}
361252,video_transcoding,openml_task,ctr23,regression,nofe,2,4500,55027,13757,18,18,0,0.9718796404715067,rmse,False,0.9718796404715067,-0.0,"{""mae"": 0.4089919621541326, ""mse"": 0.944550035563025, ""pearson"": 0.9981012918998613, ""r2"": 0.9962060189273186, ""rmse"": 0.9718796404715067, ""rmsle"": 0.071855729309122}","{""mae"": -0.0, ""mse"": -0.0, ""pearson"": 0.0, ""r2"": 0.0, ""rmse"": -0.0, ""rmsle"": -0.0}",0.016597986221313477,0.0021347999572753906,13.455813646316528,459.87109375,1998,ok,,1.0.0,{}
361252,video_transcoding,openml_task,ctr23,regression,nofe,3,4500,55027,13757,18,18,0,0.9583260924849702,rmse,False,0.9583260924849702,-0.0,"{""mae"": 0.40837104698915316, ""mse"": 0.9183888995375117, ""pearson"": 0.9982797843382513, ""r2"": 0.9965323578314472, ""rmse"": 0.9583260924849702, ""rmsle"": 0.07139510008469539}","{""mae"": -0.0, ""mse"": -0.0, ""pearson"": 0.0, ""r2"": 0.0, ""rmse"": -0.0, ""rmsle"": -0.0}",0.011976480484008789,0.001926422119140625,14.666181087493896,458.140625,1999,ok,,1.0.0,{}
361252,video_transcoding,openml_task,ctr23,regression,nofe,4,4500,55027,13757,18,18,0,0.9836085816492911,rmse,False,0.9836085816492911,-0.0,"{""mae"": 0.40893487502985815, ""mse"": 0.9674858418941301, ""pearson"": 0.9980948835352562, ""r2"": 0.9961921573070482, ""rmse"": 0.9836085816492911, ""rmsle"": 0.0721984786392651}","{""mae"": -0.0, ""mse"": -0.0, ""pearson"": 0.0, ""r2"": 0.0, ""rmse"": -0.0, ""rmsle"": -0.0}",0.015393257141113281,0.0019609928131103516,14.529203176498413,457.82421875,1999,ok,,1.0.0,{}
361267,brazilian_houses,openml_task,ctr23,regression,nofe,0,4500,8553,2139,9,9,0,7230.300387727087,rmse,False,7230.300387727087,-0.0,"{""mae"": 1603.6964323053633, ""mse"": 52277243.69676646, ""pearson"": 0.4771926290223772, ""r2"": 0.2269789801752471, ""rmse"": 7230.300387727087, ""rmsle"": 0.34451454749827387}","{""mae"": -0.0, ""mse"": -0.0, ""pearson"": 0.0, ""r2"": 0.0, ""rmse"": -0.0, ""rmsle"": -0.0}",0.0036020278930664062,9.894371032714844e-05,75.51475048065186,343.4453125,329,ok,,1.0.0,{}
361237,concrete_strength,openml_task,ctr23,regression,nofe,4,4500,824,206,8,8,0,3.918437419524931,rmse,False,3.918437419524931,-0.0,"{""mae"": 2.487778451092435, ""mse"": 15.354151810733203, ""pearson"": 0.9743997080087393, ""r2"": 0.9492541558373423, ""rmse"": 3.918437419524931, ""rmsle"": 0.141466565874903}","{""mae"": -0.0, ""mse"": -0.0, ""pearson"": 0.0, ""r2"": 0.0, ""rmse"": -0.0, ""rmsle"": -0.0}",0.0041849613189697266,8.344650268554688e-05,127.7574851512909,336.73828125,538,ok,,1.0.0,{}
chess,chess,pmlb,pmlb,classification,nofe,0,4500,2556,640,36,36,0,0.9996869007083872,binary_roc_auc,True,0.9996869007083872,0.0,"{""accuracy"": 0.9937499999844727, ""binary_crossentropy"": 0.022820198655007572, ""binary_roc_auc"": 0.9996869007083872, ""f1"": 0.9940298457166407, ""precision"": 0.9910714285419324, ""recall"": 0.9970059879941016}","{""accuracy"": 0.0, ""binary_crossentropy"": -0.0, ""binary_roc_auc"": 0.0, ""f1"": 0.0, ""precision"": 0.0, ""recall"": 0.0}",0.006014585494995117,0.00025343894958496094,248.08568286895752,325.83984375,473,ok,,1.0.0,{}
chess,chess,pmlb,pmlb,classification,nofe,4,4500,2556,640,36,36,0,0.999902156471371,binary_roc_auc,True,0.999902156471371,0.0,"{""accuracy"": 0.9953124999844483, ""binary_crossentropy"": 0.022662081547746026, ""binary_roc_auc"": 0.999902156471371, ""f1"": 0.9955156900375145, ""precision"": 0.9940298507165961, ""recall"": 0.9970059879941016}","{""accuracy"": 0.0, ""binary_crossentropy"": -0.0, ""binary_roc_auc"": 0.0, ""f1"": 0.0, ""precision"": 0.0, ""recall"": 0.0}",0.0037086009979248047,0.00019359588623046875,247.94224190711975,326.921875,419,ok,,1.0.0,{}
361253,wave_energy,openml_task,ctr23,regression,nofe,0,4500,57600,14400,48,48,0,11939.821098826298,rmse,False,11939.821098826298,-0.0,"{""mae"": 9072.494366874998, ""mse"": 142559327.87197763, ""pearson"": 0.9945600758333406, ""r2"": 0.9883996023117682, ""rmse"": 11939.821098826298, ""rmsle"": 0.003228701503516408}","{""mae"": -0.0, ""mse"": -0.0, ""pearson"": 0.0, ""r2"": 0.0, ""rmse"": -0.0, ""rmsle"": -0.0}",0.019394874572753906,0.003601551055908203,42.813377380371094,646.796875,1998,ok,,1.0.0,{}
361253,wave_energy,openml_task,ctr23,regression,nofe,1,4500,57600,14400,48,48,0,11909.372490582831,rmse,False,11909.372490582831,-0.0,"{""mae"": 9019.594114375, ""mse"": 141833153.1194511, ""pearson"": 0.9947444542466688, ""r2"": 0.9888264584633227, ""rmse"": 11909.372490582831, ""rmsle"": 0.003219973754223138}","{""mae"": -0.0, ""mse"": -0.0, ""pearson"": 0.0, ""r2"": 0.0, ""rmse"": -0.0, ""rmsle"": -0.0}",0.024834871292114258,0.0021762847900390625,43.42503046989441,644.99609375,1999,ok,,1.0.0,{}
kr_vs_kp,kr-vs-kp,pmlb,pmlb,classification,nofe,1,4500,2556,640,36,36,0,0.9990509177722985,binary_roc_auc,True,0.9990509177722985,0.0,"{""accuracy"": 0.9906249999845215, ""binary_crossentropy"": 0.02948454087971797, ""binary_roc_auc"": 0.9990509177722985, ""f1"": 0.9910714235421095, ""precision"": 0.9852071005625678, ""recall"": 0.9970059879941016}","{""accuracy"": 0.0, ""binary_crossentropy"": -0.0, ""binary_roc_auc"": 0.0, ""f1"": 0.0, ""precision"": 0.0, ""recall"": 0.0}",0.003787517547607422,0.00017070770263671875,257.06488585472107,325.35546875,444,ok,,1.0.0,{}
mfeat_factors,mfeat-factors,pmlb,pmlb,multiclass,nofe,3,4500,1600,400,216,216,0,0.14649050414242082,categorical_crossentropy,False,0.14649050414242082,-0.0,"{""accuracy"": 0.98999999997525, ""categorical_crossentropy"": 0.14649050414242082, ""categorical_roc_auc"": 0.9987708333333334, ""f1"": 0.9502065820723514, ""precision"": 0.9518249399579135, ""recall"": 0.9499999997624998}","{""accuracy"": 0.0, ""categorical_crossentropy"": -0.0, ""categorical_roc_auc"": 0.0, ""f1"": 0.0, ""precision"": 0.0, ""recall"": 0.0}",0.00957489013671875,0.0009050369262695312,198.46225357055664,357.17578125,246,ok,,1.0.0,{}
361253,wave_energy,openml_task,ctr23,regression,nofe,2,4500,57600,14400,48,48,0,11950.97362594563,rmse,False,11950.97362594563,-0.0,"{""mae"": 9006.318588680555, ""mse"": 142825770.60804802, ""pearson"": 0.9947418006906218, ""r2"": 0.988738035015359, ""rmse"": 11950.97362594563, ""rmsle"": 0.0032340094815583543}","{""mae"": -0.0, ""mse"": -0.0, ""pearson"": 0.0, ""r2"": 0.0, ""rmse"": -0.0, ""rmsle"": -0.0}",0.027760744094848633,0.0034694671630859375,44.63758373260498,644.68359375,1999,ok,,1.0.0,{}
361253,wave_energy,openml_task,ctr23,regression,nofe,4,4500,57600,14400,48,48,0,12081.906952604944,rmse,False,12081.906952604944,-0.0,"{""mae"": 9163.78884576389, ""mse"": 145972475.61140367, ""pearson"": 0.9945048767402838, ""r2"": 0.9883830251286088, ""rmse"": 12081.906952604944, ""rmsle"": 0.003271462918157548}","{""mae"": -0.0, ""mse"": -0.0, ""pearson"": 0.0, ""r2"": 0.0, ""rmse"": -0.0, ""rmsle"": -0.0}",0.0305938720703125,0.00846099853515625,43.77125644683838,649.9375,1999,ok,,1.0.0,{}
361253,wave_energy,openml_task,ctr23,regression,nofe,3,4500,57600,14400,48,48,0,11739.942883019998,rmse,False,11739.942883019998,-0.0,"{""mae"": 8987.763690138889, ""mse"": 137826258.89657187, ""pearson"": 0.9946936528210593, ""r2"": 0.9887616176851974, ""rmse"": 11739.942883019998, ""rmsle"": 0.003170919328681964}","{""mae"": -0.0, ""mse"": -0.0, ""pearson"": 0.0, ""r2"": 0.0, ""rmse"": -0.0, ""rmsle"": -0.0}",0.02532649040222168,0.004819631576538086,44.58345341682434,646.96484375,1999,ok,,1.0.0,{}
361250,red_wine,openml_task,ctr23,regression,nofe,1,4500,1279,320,11,11,0,0.5758393441333606,rmse,False,0.5758393441333606,-0.0,"{""mae"": 0.3888432741165161, ""mse"": 0.3315909502519389, ""pearson"": 0.6625418404736194, ""r2"": 0.4171330648734264, ""rmse"": 0.5758393441333606, ""rmsle"": 0.0900455183402428}","{""mae"": -0.0, ""mse"": -0.0, ""pearson"": 0.0, ""r2"": 0.0, ""rmse"": -0.0, ""rmsle"": -0.0}",0.004096031188964844,5.888938903808594e-05,129.34542441368103,339.80859375,522,ok,,1.0.0,{}
361272,fifa,openml_task,ctr23,regression,nofe,0,4500,15342,3836,28,28,0,9479.019066269491,rmse,False,9479.019066269491,-0.0,"{""mae"": 3839.8337429387725, ""mse"": 89851802.45870052, ""pearson"": 0.8609727784247528, ""r2"": 0.7403498011777421, ""rmse"": 9479.019066269491, ""rmsle"": 0.7519365846161076}","{""mae"": -0.0, ""mse"": -0.0, ""pearson"": 0.0, ""r2"": 0.0, ""rmse"": -0.0, ""rmsle"": -0.0}",0.006743192672729492,0.00010132789611816406,75.08534574508667,347.7890625,269,ok,,1.0.0,{}
9978,ozone-level-8hr,openml_task,amlb,classification,nofe,4,4500,2027,507,72,72,0,0.9140131578947368,binary_roc_auc,True,0.9140131578947368,0.0,"{""accuracy"": 0.9487179486992363, ""binary_crossentropy"": 0.14240195190121147, ""binary_roc_auc"": 0.9140131578947368, ""f1"": 0.34999999662500003, ""precision"": 0.8749999989062499, ""recall"": 0.21874999993164063}","{""accuracy"": 0.0, ""binary_crossentropy"": -0.0, ""binary_roc_auc"": 0.0, ""f1"": 0.0, ""precision"": 0.0, ""recall"": 0.0}",0.015092849731445312,0.0006246566772460938,367.5713367462158,347.50390625,117,ok,,1.0.0,{}
9971,ilpd,openml_task,amlb,classification,nofe,4,4500,466,117,10,10,0,0.7041105598866052,binary_roc_auc,True,0.7041105598866052,0.0,"{""accuracy"": 0.6666666666096867, ""binary_crossentropy"": 0.5502187506510661, ""binary_roc_auc"": 0.7041105598866052, ""f1"": 0.33898304584889405, ""precision"": 0.39999999984, ""recall"": 0.29411764697231835}","{""accuracy"": 0.0, ""binary_crossentropy"": -0.0, ""binary_roc_auc"": 0.0, ""f1"": 0.0, ""precision"": 0.0, ""recall"": 0.0}",0.004352569580078125,7.295608520507812e-05,370.2427501678467,330.50390625,30,ok,,1.0.0,{}
37,diabetes,openml_task,amlb,classification,nofe,4,4500,614,154,8,8,0,0.7966666666666667,binary_roc_auc,True,0.7966666666666667,0.0,"{""accuracy"": 0.7467532467047563, ""binary_crossentropy"": 0.5272407561734125, ""binary_roc_auc"": 0.7966666666666667, ""f1"": 0.6548672515310519, ""precision"": 0.6271186439615053, ""recall"": 0.6851851850582991}","{""accuracy"": 0.0, ""binary_crossentropy"": -0.0, ""binary_roc_auc"": 0.0, ""f1"": 0.0, ""precision"": 0.0, ""recall"": 0.0}",0.006400108337402344,0.00011968612670898438,429.19837641716003,329.8515625,31,ok,,1.0.0,{}
16,mfeat-karhunen,openml_task,amlb,multiclass,nofe,0,4500,1600,400,64,64,0,0.1419781445662011,categorical_crossentropy,False,0.1419781445662011,-0.0,"{""accuracy"": 0.9929999999751751, ""categorical_crossentropy"": 0.1419781445662011, ""categorical_roc_auc"": 0.9984861111111112, ""f1"": 0.9647224608005622, ""precision"": 0.9653717115579127, ""recall"": 0.96499999975875}","{""accuracy"": 0.0, ""categorical_crossentropy"": -0.0, ""categorical_roc_auc"": 0.0, ""f1"": 0.0, ""precision"": 0.0, ""recall"": 0.0}",0.007249116897583008,0.0006010532379150391,434.42894864082336,383.3515625,838,ok,,1.0.0,{}
32,pendigits,openml_task,amlb,multiclass,nofe,0,4500,8793,2199,16,16,0,0.035184880668169986,categorical_crossentropy,False,0.035184880668169986,-0.0,"{""accuracy"": 0.9981809913551697, ""categorical_crossentropy"": 0.035184880668169986, ""categorical_roc_auc"": 0.9996548583734715, ""f1"": 0.9909499875038577, ""precision"": 0.9910704335764384, ""recall"": 0.990929188392958}","{""accuracy"": 0.0, ""categorical_crossentropy"": -0.0, ""categorical_roc_auc"": 0.0, ""f1"": 0.0, ""precision"": 0.0, ""recall"": 0.0}",0.012044906616210938,0.00019550323486328125,434.350284576416,399.1015625,918,ok,,1.0.0,{}
22,mfeat-zernike,openml_task,amlb,multiclass,nofe,0,4500,1600,400,47,47,0,0.6159362480696291,categorical_crossentropy,False,0.6159362480696291,-0.0,"{""accuracy"": 0.9514999999762125, ""categorical_crossentropy"": 0.6159362480696291, ""categorical_roc_auc"": 0.9684097222222221, ""f1"": 0.7602605094149122, ""precision"": 0.7646476695162874, ""recall"": 0.757499999810625}","{""accuracy"": 0.0, ""categorical_crossentropy"": -0.0, ""categorical_roc_auc"": 0.0, ""f1"": 0.0, ""precision"": 0.0, ""recall"": 0.0}",0.0065615177154541016,0.0003082752227783203,434.6886851787567,347.828125,120,ok,,1.0.0,{}
22,mfeat-zernike,openml_task,amlb,multiclass,nofe,4,4500,1600,400,47,47,0,0.6389289485896006,categorical_crossentropy,False,0.6389289485896006,-0.0,"{""accuracy"": 0.9504999999762374, ""categorical_crossentropy"": 0.6389289485896006, ""categorical_roc_auc"": 0.9677013888888888, ""f1"": 0.7524073354662113, ""precision"": 0.7535243871316873, ""recall"": 0.7524999998118751}","{""accuracy"": 0.0, ""categorical_crossentropy"": -0.0, ""categorical_roc_auc"": 0.0, ""f1"": 0.0, ""precision"": 0.0, ""recall"": 0.0}",0.0041315555572509766,0.00025343894958496094,435.1468667984009,353.0859375,116,ok,,1.0.0,{}
9978,ozone-level-8hr,openml_task,amlb,classification,nofe,2,4500,2027,507,72,72,0,0.9219078947368421,binary_roc_auc,True,0.9219078947368421,0.0,"{""accuracy"": 0.9388560157605749, ""binary_crossentropy"": 0.15532825597634453, ""binary_roc_auc"": 0.9219078947368421, ""f1"": 0.24390243547888166, ""precision"": 0.5555555549382716, ""recall"": 0.15624999995117186}","{""accuracy"": 0.0, ""binary_crossentropy"": -0.0, ""binary_roc_auc"": 0.0, ""f1"": 0.0, ""precision"": 0.0, ""recall"": 0.0}",0.013511419296264648,0.00048065185546875,369.66331601142883,351.18359375,85,ok,,1.0.0,{}
1169,Airlines,openml_dataset,stress_test,classification,nofe,0,4500,431506,107877,7,7,0,0.7182467787626646,binary_roc_auc,True,0.7182467787626646,0.0,"{""accuracy"": 0.6643028634462709, ""binary_crossentropy"": 0.6083958619948062, ""binary_roc_auc"": 0.7182467787626646, ""f1"": 0.5772947938414213, ""precision"": 0.657353996650454, ""recall"": 0.5146192745509095}","{""accuracy"": 0.0, ""binary_crossentropy"": -0.0, ""binary_roc_auc"": 0.0, ""f1"": 0.0, ""precision"": 0.0, ""recall"": 0.0}",0.12207818031311035,0.0021300315856933594,216.880628824234,562.625,403,ok,,1.0.0,{}
219,electricity,openml_task,amlb,classification,nofe,2,4500,36249,9063,8,8,0,0.982735462433449,binary_roc_auc,True,0.982735462433449,0.0,"{""accuracy"": 0.9363345470584393, ""binary_crossentropy"": null, ""binary_roc_auc"": 0.982735462433449, ""f1"": 0.9446204000274658, ""precision"": 0.9456187548021798, ""recall"": 0.9436241610720161}","{""accuracy"": 0.0, ""binary_crossentropy"": null, ""binary_roc_auc"": 0.0, ""f1"": 0.0, ""precision"": 0.0, ""recall"": 0.0}",0.020322322845458984,0.00018405914306640625,442.64672207832336,392.48046875,1999,ok,,1.0.0,{}
49,tic-tac-toe,openml_task,amlb,classification,nofe,3,4500,766,192,9,9,0,1.0,binary_roc_auc,True,1.0,0.0,"{""accuracy"": 0.9895833332817925, ""binary_crossentropy"": 0.030114101886321503, ""binary_roc_auc"": 1.0, ""f1"": 0.992063486985072, ""precision"": 0.9842519684264369, ""recall"": 0.9999999999200001}","{""accuracy"": 0.0, ""binary_crossentropy"": -0.0, ""binary_roc_auc"": 0.0, ""f1"": 0.0, ""precision"": 0.0, ""recall"": 0.0}",0.0075225830078125,0.0001347064971923828,444.1593441963196,337.515625,921,ok,,1.0.0,{}
3573,mnist_784,openml_task,amlb,multiclass,nofe,0,4500,56000,14000,719,719,0,0.0678397085565188,categorical_crossentropy,False,0.0678397085565188,-0.0,"{""accuracy"": 0.9959857142850028, ""categorical_crossentropy"": 0.0678397085565188, ""categorical_roc_auc"": 0.9996353040350081, ""f1"": 0.9798137153818371, ""precision"": 0.9798487638814951, ""recall"": 0.9797921064325068}","{""accuracy"": 0.0, ""categorical_crossentropy"": -0.0, ""categorical_roc_auc"": 0.0, ""f1"": 0.0, ""precision"": 0.0, ""recall"": 0.0}",0.09514069557189941,0.002631664276123047,1674.3031928539276,1093.23046875,708,ok,,1.0.0,{}
146825,Fashion-MNIST,openml_task,amlb,multiclass,nofe,2,4500,56000,14000,784,784,0,0.2533793512276493,categorical_crossentropy,False,0.2533793512276493,-0.0,"{""accuracy"": 0.9815714285707274, ""categorical_crossentropy"": 0.2533793512276493, ""categorical_roc_auc"": 0.9941771343537414, ""f1"": 0.9072755853588971, ""precision"": 0.9074147422618914, ""recall"": 0.9078571428506583}","{""accuracy"": 0.0, ""categorical_crossentropy"": -0.0, ""categorical_roc_auc"": 0.0, ""f1"": 0.0, ""precision"": 0.0, ""recall"": 0.0}",0.1250600814819336,0.002341747283935547,1976.2721655368805,1299.9296875,578,ok,,1.0.0,{}
3573,mnist_784,openml_task,amlb,multiclass,nofe,3,4500,56000,14000,719,719,0,0.07155563895697763,categorical_crossentropy,False,0.07155563895697763,-0.0,"{""accuracy"": 0.9956285714278602, ""categorical_crossentropy"": 0.07155563895697763, ""categorical_roc_auc"": 0.9995911741694172, ""f1"": 0.9779727721690297, ""precision"": 0.9780275932262738, ""recall"": 0.9779365783046627}","{""accuracy"": 0.0, ""categorical_crossentropy"": -0.0, ""categorical_roc_auc"": 0.0, ""f1"": 0.0, ""precision"": 0.0, ""recall"": 0.0}",0.11510229110717773,0.006667137145996094,2078.392287492752,1091.63671875,927,ok,,1.0.0,{}
146825,Fashion-MNIST,openml_task,amlb,multiclass,nofe,3,4500,56000,14000,784,784,0,0.2610004350931462,categorical_crossentropy,False,0.2610004350931462,-0.0,"{""accuracy"": 0.9810714285707277, ""categorical_crossentropy"": 0.2610004350931462, ""categorical_roc_auc"": 0.9938400283446713, ""f1"": 0.9047198915929192, ""precision"": 0.904957619472988, ""recall"": 0.905357142850676}","{""accuracy"": 0.0, ""categorical_crossentropy"": -0.0, ""categorical_roc_auc"": 0.0, ""f1"": 0.0, ""precision"": 0.0, ""recall"": 0.0}",0.12323689460754395,0.00594329833984375,2114.8699119091034,1303.296875,608,ok,,1.0.0,{}
3573,mnist_784,openml_task,amlb,multiclass,nofe,4,4500,56000,14000,719,719,0,0.06862857502880877,categorical_crossentropy,False,0.06862857502880877,-0.0,"{""accuracy"": 0.9957999999992886, ""categorical_crossentropy"": 0.06862857502880877, ""categorical_roc_auc"": 0.9996633900079926, ""f1"": 0.9788615487707778, ""precision"": 0.9788898076302275, ""recall"": 0.9788604940871762}","{""accuracy"": 0.0, ""categorical_crossentropy"": -0.0, ""categorical_roc_auc"": 0.0, ""f1"": 0.0, ""precision"": 0.0, ""recall"": 0.0}",0.16104459762573242,0.014629602432250977,2378.742185115814,1091.21484375,1110,ok,,1.0.0,{}
146825,Fashion-MNIST,openml_task,amlb,multiclass,nofe,0,4500,56000,14000,784,784,0,0.2592480530991504,categorical_crossentropy,False,0.2592480530991504,-0.0,"{""accuracy"": 0.9813285714278704, ""categorical_crossentropy"": 0.2592480530991504, ""categorical_roc_auc"": 0.9942627040816326, ""f1"": 0.9064280604985461, ""precision"": 0.9064850669134394, ""recall"": 0.9066428571363812}","{""accuracy"": 0.0, ""categorical_crossentropy"": -0.0, ""categorical_roc_auc"": 0.0, ""f1"": 0.0, ""precision"": 0.0, ""recall"": 0.0}",0.1338496208190918,0.0038428306579589844,2378.4932808876038,1305.39453125,653,ok,,1.0.0,{}
3573,mnist_784,openml_task,amlb,multiclass,nofe,2,4500,56000,14000,719,719,0,0.0669986024726386,categorical_crossentropy,False,0.0669986024726386,-0.0,"{""accuracy"": 0.9959285714278601, ""categorical_crossentropy"": 0.0669986024726386, ""categorical_roc_auc"": 0.9996838506866137, ""f1"": 0.9795006112092306, ""precision"": 0.9794514430803559, ""recall"": 0.9795856405642012}","{""accuracy"": 0.0, ""categorical_crossentropy"": -0.0, ""categorical_roc_auc"": 0.0, ""f1"": 0.0, ""precision"": 0.0, ""recall"": 0.0}",0.1155703067779541,0.0033652782440185547,2486.5021002292633,1089.53125,967,ok,,1.0.0,{}
146825,Fashion-MNIST,openml_task,amlb,multiclass,nofe,4,4500,56000,14000,784,784,0,0.25637047222980053,categorical_crossentropy,False,0.25637047222980053,-0.0,"{""accuracy"": 0.981542857142156, ""categorical_crossentropy"": 0.25637047222980053, ""categorical_roc_auc"": 0.9940807993197278, ""f1"": 0.9072022326830463, ""precision"": 0.907220896073115, ""recall"": 0.9077142857078021}","{""accuracy"": 0.0, ""categorical_crossentropy"": -0.0, ""categorical_roc_auc"": 0.0, ""f1"": 0.0, ""precision"": 0.0, ""recall"": 0.0}",0.1524205207824707,0.0035479068756103516,2398.0848050117493,860.2734375,663,ok,,1.0.0,{}
3573,mnist_784,openml_task,amlb,multiclass,nofe,1,4500,56000,14000,719,719,0,0.07056293644723197,categorical_crossentropy,False,0.07056293644723197,-0.0,"{""accuracy"": 0.9959428571421457, ""categorical_crossentropy"": 0.07056293644723197, ""categorical_roc_auc"": 0.9995853045956634, ""f1"": 0.9795991932285972, ""precision"": 0.9796587865306281, ""recall"": 0.9795643486352974}","{""accuracy"": 0.0, ""categorical_crossentropy"": -0.0, ""categorical_roc_auc"": 0.0, ""f1"": 0.0, ""precision"": 0.0, ""recall"": 0.0}",0.10403776168823242,0.0029213428497314453,2691.4328451156616,1091.04296875,1151,ok,,1.0.0,{}
146825,Fashion-MNIST,openml_task,amlb,multiclass,nofe,1,4500,56000,14000,784,784,0,0.2621561146747111,categorical_crossentropy,False,0.2621561146747111,-0.0,"{""accuracy"": 0.9811142857135848, ""categorical_crossentropy"": 0.2621561146747111, ""categorical_roc_auc"": 0.9939205668934241, ""f1"": 0.9050614596957784, ""precision"": 0.9049426583514425, ""recall"": 0.9055714285649602}","{""accuracy"": 0.0, ""categorical_crossentropy"": -0.0, ""categorical_roc_auc"": 0.0, ""f1"": 0.0, ""precision"": 0.0, ""recall"": 0.0}",0.13918185234069824,0.00401616096496582,2664.6108570098877,1303.28125,709,ok,,1.0.0,{}
167121,Devnagari-Script,openml_task,amlb,multiclass,nofe,0,4500,,,,,,,,,,,,,,,4680,,,timeout,wall-clock exceeded 4680s,,
167121,Devnagari-Script,openml_task,amlb,multiclass,nofe,1,4500,,,,,,,,,,,,,,,4680,,,timeout,wall-clock exceeded 4680s,,
167121,Devnagari-Script,openml_task,amlb,multiclass,nofe,2,4500,,,,,,,,,,,,,,,4680,,,timeout,wall-clock exceeded 4680s,,
167121,Devnagari-Script,openml_task,amlb,multiclass,nofe,3,4500,,,,,,,,,,,,,,,4680,,,timeout,wall-clock exceeded 4680s,,
167121,Devnagari-Script,openml_task,amlb,multiclass,nofe,4,4500,,,,,,,,,,,,,,,4680,,,timeout,wall-clock exceeded 4680s,,
167124,CIFAR_10,openml_task,amlb,multiclass,nofe,0,4500,,,,,,,,,,,,,,,4680,,,timeout,wall-clock exceeded 4680s,,
167124,CIFAR_10,openml_task,amlb,multiclass,nofe,1,4500,,,,,,,,,,,,,,,4680,,,timeout,wall-clock exceeded 4680s,,
167124,CIFAR_10,openml_task,amlb,multiclass,nofe,3,4500,,,,,,,,,,,,,,,4680,,,timeout,wall-clock exceeded 4680s,,
167124,CIFAR_10,openml_task,amlb,multiclass,nofe,2,4500,,,,,,,,,,,,,,,4680,,,timeout,wall-clock exceeded 4680s,,
167124,CIFAR_10,openml_task,amlb,multiclass,nofe,4,4500,,,,,,,,,,,,,,,4680,,,timeout,wall-clock exceeded 4680s,,
40927,Sleep,openml_dataset,stress_test,classification,nofe,0,4500,,,,,,,,,,,,,,,4680,,,timeout,wall-clock exceeded 4680s,,
40927,Sleep,openml_dataset,stress_test,classification,nofe,1,4500,,,,,,,,,,,,,,,4680,,,timeout,wall-clock exceeded 4680s,,
40927,Sleep,openml_dataset,stress_test,classification,nofe,2,4500,,,,,,,,,,,,,,,4680,,,timeout,wall-clock exceeded 4680s,,
40927,Sleep,openml_dataset,stress_test,classification,nofe,3,4500,,,,,,,,,,,,,,,4680,,,timeout,wall-clock exceeded 4680s,,
40927,Sleep,openml_dataset,stress_test,classification,nofe,4,4500,,,,,,,,,,,,,,,4680,,,timeout,wall-clock exceeded 4680s,,
11,balance-scale,openml_task,amlb,multiclass,tabularaml,2,4500,500,125,4,12,8,0.2623655653269962,categorical_crossentropy,False,0.4333264934743902,0.39453144620038766,"{""accuracy"": 0.9466666665909335, ""categorical_crossentropy"": 0.2623655653269962, ""categorical_roc_auc"": 0.9603227336010844, ""f1"": 0.8354573437727163, ""precision"": 0.8955026449352536, ""recall"": 0.8042952205330894}","{""accuracy"": 0.066066066066066, ""categorical_crossentropy"": 0.39453144620038766, ""categorical_roc_auc"": 0.07957372526749158, ""f1"": 0.3261739848452796, ""precision"": 0.42079915770456766, ""recall"": 0.2757892715003353}",18.58311414718628,0.011794567108154297,21.443703651428223,342.72265625,160,ok,,0.2.0,"{""mode"": ""best"", ""elapsed_time"": 18.231022357940674, ""n_init_feats"": 4, ""n_added_feats"": 8, ""initial_metric"": null, ""final_metric"": 0.22989836535034688, ""pct_gain"": 0.4483943449992543}"
11,balance-scale,openml_task,amlb,multiclass,tabularaml,1,4500,500,125,4,12,8,0.16203094665333628,categorical_crossentropy,False,0.4437123607089743,0.6348288643696125,"{""accuracy"": 0.9573333332567467, ""categorical_crossentropy"": 0.16203094665333628, ""categorical_roc_auc"": 0.9876758881930198, ""f1"": 0.860151115685575, ""precision"": 0.8827485375909164, ""recall"": 0.8435773338279953}","{""accuracy"": 0.07164179104477617, ""categorical_crossentropy"": 0.6348288643696125, ""categorical_roc_auc"": 0.1377717672028064, ""f1"": 0.444593087437433, ""precision"": 0.5131026248299251, ""recall"": 0.3863463129015304}",22.480244159698486,0.01026153564453125,24.8551983833313,342.7109375,109,ok,,0.2.0,"{""mode"": ""best"", ""elapsed_time"": 22.136497974395752, ""n_init_feats"": 4, ""n_added_feats"": 8, ""initial_metric"": null, ""final_metric"": 0.21077229284246463, ""pct_gain"": 0.4656093348803586}"
11,balance-scale,openml_task,amlb,multiclass,tabularaml,3,4500,500,125,4,12,8,0.27624892377360266,categorical_crossentropy,False,0.4134799052183085,0.331892746691646,"{""accuracy"": 0.9359999999251202, ""categorical_crossentropy"": 0.27624892377360266, ""categorical_roc_auc"": 0.9627916878090382, ""f1"": 0.8141155613672773, ""precision"": 0.8484400652378011, ""recall"": 0.792800967661508}","{""accuracy"": 0.06042296072507562, ""categorical_crossentropy"": 0.331892746691646, ""categorical_roc_auc"": 0.04872961679994228, ""f1"": 0.25009399130940135, ""precision"": 0.30244662818372053, ""recall"": 0.21563959050406403}",28.155076026916504,0.016503572463989258,31.021890878677368,352.06640625,844,ok,,0.2.0,"{""mode"": ""best"", ""elapsed_time"": 27.652775526046753, ""n_init_feats"": 4, ""n_added_feats"": 8, ""initial_metric"": null, ""final_metric"": 0.19331950345608662, ""pct_gain"": 0.47191675336899325}"
11,balance-scale,openml_task,amlb,multiclass,tabularaml,4,4500,500,125,4,12,8,0.02540008560352726,categorical_crossentropy,False,0.39573998950826356,0.935816227126582,"{""accuracy"": 0.9999999999200001, ""categorical_crossentropy"": 0.02540008560352726, ""categorical_roc_auc"": 1.0, ""f1"": 0.9999999945507158, ""precision"": 0.9999999995507158, ""recall"": 0.9999999995507158}","{""accuracy"": 0.10619469026548672, ""categorical_crossentropy"": 0.935816227126582, ""categorical_roc_auc"": 0.10652575496292363, ""f1"": 0.6544799179913318, ""precision"": 0.6963982063509677, ""recall"": 0.6116347086885849}",38.12554168701172,0.0159146785736084,41.09868502616882,351.19921875,575,ok,,0.2.0,"{""mode"": ""best"", ""elapsed_time"": 37.62006711959839, ""n_init_feats"": 4, ""n_added_feats"": 8, ""initial_metric"": null, ""final_metric"": 0.14358467108679335, ""pct_gain"": 0.6106667489780406}"
11,balance-scale,openml_task,amlb,multiclass,tabularaml,0,4500,500,125,4,12,8,0.11089686657203401,categorical_crossentropy,False,0.4678161282035035,0.7629477483003898,"{""accuracy"": 0.9733333332554667, ""categorical_crossentropy"": 0.11089686657203401, ""categorical_roc_auc"": 0.9857540805094581, ""f1"": 0.9564691284155185, ""precision"": 0.9712643673357334, ""recall"": 0.9434765069484378}","{""accuracy"": 0.0766961651917403, ""categorical_crossentropy"": 0.7629477483003898, ""categorical_roc_auc"": 0.12303962033356952, ""f1"": 0.4796607316793712, ""precision"": 0.453907432770061, ""recall"": 0.45672208698230643}",43.714229106903076,0.011607885360717773,48.01669502258301,347.85546875,1994,ok,,0.2.0,"{""mode"": ""best"", ""elapsed_time"": 43.37737822532654, ""n_init_feats"": 4, ""n_added_feats"": 8, ""initial_metric"": null, ""final_metric"": 0.11195508991326164, ""pct_gain"": 0.6833963115756304}"
37,diabetes,openml_task,amlb,classification,tabularaml,1,4500,614,154,8,23,15,0.8225925925925925,binary_roc_auc,True,0.8296296296296296,-0.00848214285714289,"{""accuracy"": 0.7467532467047563, ""binary_crossentropy"": 0.4966846004721116, ""binary_roc_auc"": 0.8225925925925925, ""f1"": 0.6285714234557824, ""precision"": 0.6470588234025375, ""recall"": 0.6111111109979424}","{""accuracy"": -0.008620689655172336, ""binary_crossentropy"": -0.021093557620643952, ""binary_roc_auc"": -0.00848214285714289, ""f1"": -0.030204081864489654, ""precision"": -0.001680672279782457, ""recall"": -0.05714285714285719}",196.96647787094116,0.035523414611816406,199.84401726722717,345.703125,76,ok,,0.2.0,"{""mode"": ""best"", ""elapsed_time"": 187.90924429893494, ""n_init_feats"": 8, ""n_added_feats"": 15, ""initial_metric"": null, ""final_metric"": 0.8247169740590794, ""pct_gain"": 0.03936816245677324}"
37,diabetes,openml_task,amlb,classification,tabularaml,3,4500,614,154,8,14,6,0.8074074074074074,binary_roc_auc,True,0.8099999999999999,-0.0032007315957933223,"{""accuracy"": 0.7467532467047563, ""binary_crossentropy"": 0.5096050877753017, ""binary_roc_auc"": 0.8074074074074074, ""f1"": 0.5894736791800554, ""precision"": 0.6829268291017252, ""recall"": 0.5185185184224965}","{""accuracy"": -0.008620689655172336, ""binary_crossentropy"": -0.013809418541399023, ""binary_roc_auc"": -0.0032007315957933223, ""f1"": -0.02431941941234709, ""precision"": -0.010933557617181889, ""recall"": -0.03448275862068979}",261.951575756073,0.026319503784179688,298.1402759552002,350.5,47,ok,,0.2.0,"{""mode"": ""best"", ""elapsed_time"": 256.2830102443695, ""n_init_feats"": 8, ""n_added_feats"": 6, ""initial_metric"": null, ""final_metric"": 0.8338956365272153, ""pct_gain"": 0.05425540921540195}"
37,diabetes,openml_task,amlb,classification,tabularaml,0,4500,614,154,8,23,15,0.8433333333333334,binary_roc_auc,True,0.850925925925926,-0.00892274211099021,"{""accuracy"": 0.7662337661840107, ""binary_crossentropy"": 0.4685025457050893, ""binary_roc_auc"": 0.8433333333333334, ""f1"": 0.6326530561474386, ""precision"": 0.7045454543853306, ""recall"": 0.574074073967764}","{""accuracy"": -0.04065040650406508, ""binary_crossentropy"": -0.024847949421076498, ""binary_roc_auc"": -0.00892274211099021, ""f1"": -0.07019171357405601, ""precision"": -0.08195592286016154, ""recall"": -0.060606060606060656}",401.49095392227173,0.0297243595123291,411.05346488952637,355.0234375,42,ok,,0.2.0,"{""mode"": ""best"", ""elapsed_time"": 392.3917829990387, ""n_init_feats"": 8, ""n_added_feats"": 15, ""initial_metric"": null, ""final_metric"": 0.8286868346078873, ""pct_gain"": 0.05531991002364804}"
23,cmc,openml_task,amlb,multiclass,tabularaml,0,4500,1178,295,9,,,,,,,,,,,,446.4339201450348,,,crash,ValueError: Input X contains infinity or a value too large for dtype('float64').,0.2.0,
3,kr-vs-kp,openml_task,amlb,classification,tabularaml,0,4500,2556,640,36,36,0,0.9999804312942742,binary_roc_auc,True,0.9999804312942742,0.0,"{""accuracy"": 0.9906249999845215, ""binary_crossentropy"": 0.022595040546588764, ""binary_roc_auc"": 0.9999804312942742, ""f1"": 0.9900990048688038, ""precision"": 0.9999999999666667, ""recall"": 0.9803921568307061}","{""accuracy"": 0.0, ""binary_crossentropy"": -0.0, ""binary_roc_auc"": 0.0, ""f1"": 0.0, ""precision"": 0.0, ""recall"": 0.0}",461.63483595848083,0.03582763671875,471.7931649684906,380.9140625,577,ok,,0.2.0,"{""mode"": ""best"", ""elapsed_time"": 460.69700860977173, ""n_init_feats"": 36, ""n_added_feats"": 0, ""initial_metric"": null, ""final_metric"": 0.9994153071638582, ""pct_gain"": 0.0}"
3,kr-vs-kp,openml_task,amlb,classification,tabularaml,2,4500,2556,640,36,36,0,0.9998336660013307,binary_roc_auc,True,0.9998336660013307,0.0,"{""accuracy"": 0.9890624999845459, ""binary_crossentropy"": 0.02870656663063187, ""binary_roc_auc"": 0.9998336660013307, ""f1"": 0.9886914327716025, ""precision"": 0.9776357827163694, ""recall"": 0.9999999999673203}","{""accuracy"": 0.0, ""binary_crossentropy"": -0.0, ""binary_roc_auc"": 0.0, ""f1"": 0.0, ""precision"": 0.0, ""recall"": 0.0}",480.3785173892975,0.05214047431945801,483.3512201309204,384.109375,415,ok,,0.2.0,"{""mode"": ""best"", ""elapsed_time"": 479.06388545036316, ""n_init_feats"": 36, ""n_added_feats"": 0, ""initial_metric"": null, ""final_metric"": 0.9991767934848472, ""pct_gain"": 0.0}"
3,kr-vs-kp,openml_task,amlb,classification,tabularaml,4,4500,2556,640,36,36,0,0.9999217251770969,binary_roc_auc,True,0.9999217251770969,0.0,"{""accuracy"": 0.9953124999844483, ""binary_crossentropy"": 0.02190262126896414, ""binary_roc_auc"": 0.9999217251770969, ""f1"": 0.9951060308566168, ""precision"": 0.9934853419871829, ""recall"": 0.9967320261112179}","{""accuracy"": 0.0, ""binary_crossentropy"": -0.0, ""binary_roc_auc"": 0.0, ""f1"": 0.0, ""precision"": 0.0, ""recall"": 0.0}",526.9671821594238,0.05433773994445801,530.1464049816132,383.8125,374,ok,,0.2.0,"{""mode"": ""best"", ""elapsed_time"": 525.436580657959, ""n_init_feats"": 36, ""n_added_feats"": 0, ""initial_metric"": null, ""final_metric"": 0.9992397360497568, ""pct_gain"": 0.0}"
3,kr-vs-kp,openml_task,amlb,classification,tabularaml,3,4500,2556,640,36,36,0,0.9998140972956049,binary_roc_auc,True,0.9998140972956049,0.0,"{""accuracy"": 0.9968749999844239, ""binary_crossentropy"": 0.03108604906368555, ""binary_roc_auc"": 0.9998140972956049, ""f1"": 0.9967213064427843, ""precision"": 0.9999999999671052, ""recall"": 0.9934640522551156}","{""accuracy"": 0.0, ""binary_crossentropy"": -0.0, ""binary_roc_auc"": 0.0, ""f1"": 0.0, ""precision"": 0.0, ""recall"": 0.0}",513.5463538169861,0.048911333084106445,531.400502204895,384.26171875,258,ok,,0.2.0,"{""mode"": ""best"", ""elapsed_time"": 512.0404350757599, ""n_init_feats"": 36, ""n_added_feats"": 0, ""initial_metric"": null, ""final_metric"": 0.9996644424419465, ""pct_gain"": 0.0}"
3,kr-vs-kp,openml_task,amlb,classification,tabularaml,1,4500,2556,640,36,36,0,0.9979942076631052,binary_roc_auc,True,0.9979942076631052,0.0,"{""accuracy"": 0.9937499999844727, ""binary_crossentropy"": 0.036474215674602205, ""binary_roc_auc"": 0.9979942076631052, ""f1"": 0.9934426179183016, ""precision"": 0.9967105262830029, ""recall"": 0.9901960783990131}","{""accuracy"": 0.0, ""binary_crossentropy"": -0.0, ""binary_roc_auc"": 0.0, ""f1"": 0.0, ""precision"": 0.0, ""recall"": 0.0}",542.9899549484253,0.051035404205322266,561.3642272949219,389.04296875,889,ok,,0.2.0,"{""mode"": ""best"", ""elapsed_time"": 541.5738196372986, ""n_init_feats"": 36, ""n_added_feats"": 0, ""initial_metric"": null, ""final_metric"": 0.9995542880034833, ""pct_gain"": 0.0}"
15,breast-w,openml_task,amlb,classification,tabularaml,4,4500,559,140,9,22,13,0.9671648550724636,binary_roc_auc,True,0.9875452898550725,-0.020637468470534458,"{""accuracy"": 0.9571428570744898, ""binary_crossentropy"": 0.1823916099949981, ""binary_roc_auc"": 0.9671648550724636, ""f1"": 0.9387755050145774, ""precision"": 0.919999999816, ""recall"": 0.9583333331336805}","{""accuracy"": 0.007518796992481236, ""binary_crossentropy"": -0.04268546331182513, ""binary_roc_auc"": -0.020637468470534458, ""f1"": 0.013450834960183797, ""precision"": -0.01727272726018176, ""recall"": 0.04545454545454548}",571.1432821750641,0.03085613250732422,573.9849178791046,350.41015625,311,ok,,0.2.0,"{""mode"": ""best"", ""elapsed_time"": 553.6281962394714, ""n_init_feats"": 9, ""n_added_feats"": 13, ""initial_metric"": null, ""final_metric"": 0.9960107735401854, ""pct_gain"": 0.005692695716606018}"
37,diabetes,openml_task,amlb,classification,tabularaml,2,4500,614,154,8,24,16,0.7849999999999999,binary_roc_auc,True,0.7935185185185185,-0.010735122520420163,"{""accuracy"": 0.7272727272255017, ""binary_crossentropy"": 0.5588343482004938, ""binary_roc_auc"": 0.7849999999999999, ""f1"": 0.5434782559026465, ""precision"": 0.657894736668975, ""recall"": 0.4629629628772291}","{""accuracy"": -0.05084745762711861, ""binary_crossentropy"": -0.08015393409671603, ""binary_roc_auc"": -0.010735122520420163, ""f1"": -0.08026755934458234, ""precision"": -0.13967611333368857, ""recall"": -0.03846153846153838}",164.25766849517822,0.03746366500854492,644.4764513969421,345.46875,62,ok,,0.2.0,"{""mode"": ""best"", ""elapsed_time"": 149.14066696166992, ""n_init_feats"": 8, ""n_added_feats"": 16, ""initial_metric"": null, ""final_metric"": 0.8387764282501123, ""pct_gain"": 0.02531767348890157}"
15,breast-w,openml_task,amlb,classification,tabularaml,3,4500,559,140,9,19,10,0.9761096014492754,binary_roc_auc,True,0.9791666666666666,-0.0031221091581868,"{""accuracy"": 0.928571428505102, ""binary_crossentropy"": 0.21943533199041018, ""binary_roc_auc"": 0.9761096014492754, ""f1"": 0.897959178492295, ""precision"": 0.879999999824, ""recall"": 0.9166666664756944}","{""accuracy"": -0.0076335877862595755, ""binary_crossentropy"": -0.19457703278013566, ""binary_roc_auc"": -0.0031221091581868, ""f1"": -0.014196983235962607, ""precision"": 0.013913043466782581, ""recall"": -0.04347826086956524}",694.7150659561157,0.041940927505493164,714.0077669620514,357.359375,74,ok,,0.2.0,"{""mode"": ""best"", ""elapsed_time"": 669.218857049942, ""n_init_feats"": 9, ""n_added_feats"": 10, ""initial_metric"": null, ""final_metric"": 0.9984231454819691, ""pct_gain"": 0.0021873699377907563}"
15,breast-w,openml_task,amlb,classification,tabularaml,2,4500,559,140,9,21,12,0.9970561594202899,binary_roc_auc,True,0.996376811594203,0.000681818181818143,"{""accuracy"": 0.9714285713591836, ""binary_crossentropy"": 0.08428779140314353, ""binary_roc_auc"": 0.9970561594202899, ""f1"": 0.9574468033091897, ""precision"": 0.978260869352552, ""recall"": 0.9374999998046875}","{""accuracy"": 0.0, ""binary_crossentropy"": 0.12540426246478312, ""binary_roc_auc"": 0.000681818181818143, ""f1"": 0.0009671179905551276, ""precision"": -0.02173913042511599, ""recall"": 0.02272727272727274}",737.2898049354553,0.03364968299865723,739.9879894256592,359.67578125,122,ok,,0.2.0,"{""mode"": ""best"", ""elapsed_time"": 716.6390614509583, ""n_init_feats"": 9, ""n_added_feats"": 12, ""initial_metric"": null, ""final_metric"": 0.997021135727018, ""pct_gain"": 0.007188828309347591}"
15,breast-w,openml_task,amlb,classification,tabularaml,0,4500,559,140,9,19,10,0.9934329710144928,binary_roc_auc,True,0.9884510869565217,0.005040091638029833,"{""accuracy"": 0.9642857142168367, ""binary_crossentropy"": 0.12294432619091822, ""binary_roc_auc"": 0.9934329710144928, ""f1"": 0.9484536030523968, ""precision"": 0.9387755100124948, ""recall"": 0.9583333331336805}","{""accuracy"": 0.007462686567164212, ""binary_crossentropy"": 0.028831831649088823, ""binary_roc_auc"": 0.005040091638029833, ""f1"": 0.010309278401622867, ""precision"": 0.020408163261141216, ""recall"": 0.0}",681.7170321941376,0.04051494598388672,753.5608892440796,359.140625,319,ok,,0.2.0,"{""mode"": ""best"", ""elapsed_time"": 646.8892920017242, ""n_init_feats"": 9, ""n_added_feats"": 10, ""initial_metric"": null, ""final_metric"": 0.9960839160839161, ""pct_gain"": 0.005024223779753271}"
23380,Mercedes-Greener,openml_dataset,stress_test,regression,nofe,0,4500,,,29,,,,,,,,,,,,0.16247344017028809,,,crash,"ValueError: With n_samples=0, test_size=0.2 and train_size=None, the resulting train set will be empty. Adjust any of the aforementioned parameters.",,
23380,Mercedes-Greener,openml_dataset,stress_test,regression,nofe,3,4500,,,29,,,,,,,,,,,,0.060251712799072266,,,crash,"ValueError: With n_samples=0, test_size=0.2 and train_size=None, the resulting train set will be empty. Adjust any of the aforementioned parameters.",,
23380,Mercedes-Greener,openml_dataset,stress_test,regression,nofe,1,4500,,,29,,,,,,,,,,,,0.10515189170837402,,,crash,"ValueError: With n_samples=0, test_size=0.2 and train_size=None, the resulting train set will be empty. Adjust any of the aforementioned parameters.",,
23380,Mercedes-Greener,openml_dataset,stress_test,regression,nofe,2,4500,,,29,,,,,,,,,,,,0.15366291999816895,,,crash,"ValueError: With n_samples=0, test_size=0.2 and train_size=None, the resulting train set will be empty. Adjust any of the aforementioned parameters.",,
23380,Mercedes-Greener,openml_dataset,stress_test,regression,nofe,4,4500,,,29,,,,,,,,,,,,0.18595433235168457,,,crash,"ValueError: With n_samples=0, test_size=0.2 and train_size=None, the resulting train set will be empty. Adjust any of the aforementioned parameters.",,
1113,KDD-Cup-98,openml_dataset,stress_test,regression,nofe,3,4500,,,39,,,,,,,,,,,,1.294255018234253,,,crash,"ValueError: With n_samples=0, test_size=0.2 and train_size=None, the resulting train set will be empty. Adjust any of the aforementioned parameters.",,
1113,KDD-Cup-98,openml_dataset,stress_test,regression,nofe,2,4500,,,39,,,,,,,,,,,,1.9826796054840088,,,crash,"ValueError: With n_samples=0, test_size=0.2 and train_size=None, the resulting train set will be empty. Adjust any of the aforementioned parameters.",,
1113,KDD-Cup-98,openml_dataset,stress_test,regression,nofe,4,4500,,,39,,,,,,,,,,,,2.655869483947754,,,crash,"ValueError: With n_samples=0, test_size=0.2 and train_size=None, the resulting train set will be empty. Adjust any of the aforementioned parameters.",,
1113,KDD-Cup-98,openml_dataset,stress_test,regression,nofe,0,4500,,,39,,,,,,,,,,,,3.3113136291503906,,,crash,"ValueError: With n_samples=0, test_size=0.2 and train_size=None, the resulting train set will be empty. Adjust any of the aforementioned parameters.",,
1113,KDD-Cup-98,openml_dataset,stress_test,regression,nofe,1,4500,,,39,,,,,,,,,,,,3.839489459991455,,,crash,"ValueError: With n_samples=0, test_size=0.2 and train_size=None, the resulting train set will be empty. Adjust any of the aforementioned parameters.",,
37,diabetes,openml_task,amlb,classification,tabularaml,4,4500,614,154,8,17,9,0.7598148148148148,binary_roc_auc,True,0.7966666666666667,-0.04625755462575554,"{""accuracy"": 0.7012987012531624, ""binary_crossentropy"": 0.5520427469406035, ""binary_roc_auc"": 0.7598148148148148, ""f1"": 0.5740740689677641, ""precision"": 0.574074073967764, ""recall"": 0.574074073967764}","{""accuracy"": -0.060869565217391335, ""binary_crossentropy"": -0.04704111068195478, ""binary_roc_auc"": -0.04625755462575554, ""f1"": -0.12337337433563318, ""precision"": -0.08458458459895088, ""recall"": -0.16216216216216228}",189.13645315170288,0.030621051788330078,191.79358196258545,344.2109375,24,ok,,0.2.0,"{""mode"": ""best"", ""elapsed_time"": 185.74169898033142, ""n_init_feats"": 8, ""n_added_feats"": 9, ""initial_metric"": null, ""final_metric"": 0.8694013345329135, ""pct_gain"": 0.05107601744719419}"
49,tic-tac-toe,openml_task,amlb,classification,tabularaml,1,4500,766,192,9,10,1,1.0,binary_roc_auc,True,1.0,0.0,"{""accuracy"": 0.9999999999479167, ""binary_crossentropy"": 0.01793125774258897, ""binary_roc_auc"": 1.0, ""f1"": 0.99999999492, ""precision"": 0.9999999999200001, ""recall"": 0.9999999999200001}","{""accuracy"": 0.0, ""binary_crossentropy"": 0.2168710444339786, ""binary_roc_auc"": 0.0, ""f1"": 0.0, ""precision"": 0.0, ""recall"": 0.0}",302.25784730911255,0.02040839195251465,305.19721245765686,344.9375,1149,ok,,0.2.0,"{""mode"": ""best"", ""elapsed_time"": 301.8381986618042, ""n_init_feats"": 9, ""n_added_feats"": 1, ""initial_metric"": null, ""final_metric"": 0.9996291641770366, ""pct_gain"": 0.00037261734216432563}"
18,mfeat-morphological,openml_task,amlb,multiclass,tabularaml,4,4500,1600,400,6,18,12,0.6561470046057366,categorical_crossentropy,False,0.653525417135097,-0.004011454492668382,"{""accuracy"": 0.944999999976375, ""categorical_crossentropy"": 0.6561470046057366, ""categorical_roc_auc"": 0.9635, ""f1"": 0.7227200741865184, ""precision"": 0.7244256048095854, ""recall"": 0.7249999998187501}","{""accuracy"": 0.0005293806246691482, ""categorical_crossentropy"": -0.004011454492668382, ""categorical_roc_auc"": -0.0008713498721780817, ""f1"": 0.004198523625989915, ""precision"": 0.0045320955661045, ""recall"": 0.003460207612456904}",739.6957144737244,0.0187990665435791,743.0032985210419,370.3125,114,ok,,0.2.0,"{""mode"": ""best"", ""elapsed_time"": 645.6968398094177, ""n_init_feats"": 6, ""n_added_feats"": 12, ""initial_metric"": null, ""final_metric"": 1.2174722430320544, ""pct_gain"": 0.028509041385254404}"
53,vehicle,openml_task,amlb,multiclass,tabularaml,2,4500,676,170,18,,,,,,,,,,,,57.53807067871094,,,crash,ValueError: Input X contains infinity or a value too large for dtype('float64').,0.2.0,
18,mfeat-morphological,openml_task,amlb,multiclass,tabularaml,1,4500,1600,400,6,18,12,0.6800849091634155,categorical_crossentropy,False,0.6236925547732972,-0.09041691127869246,"{""accuracy"": 0.9399999999765001, ""categorical_crossentropy"": 0.6800849091634155, ""categorical_roc_auc"": 0.9640902777777777, ""f1"": 0.6982482389605567, ""precision"": 0.6993866424082049, ""recall"": 0.6999999998249999}","{""accuracy"": -0.005817028027498681, ""categorical_crossentropy"": -0.09041691127869246, ""categorical_roc_auc"": -0.0034670380153901366, ""f1"": -0.040149011561746106, ""precision"": -0.04166528804629459, ""recall"": -0.0378006872852234}",805.6762886047363,0.026916027069091797,809.4103419780731,372.609375,93,ok,,0.2.0,"{""mode"": ""best"", ""elapsed_time"": 683.904937505722, ""n_init_feats"": 6, ""n_added_feats"": 12, ""initial_metric"": null, ""final_metric"": 1.2936775259665545, ""pct_gain"": 0.020508171522437033}"
15,breast-w,openml_task,amlb,classification,tabularaml,1,4500,559,140,9,24,15,0.9769021739130435,binary_roc_auc,True,0.9827898550724636,-0.005990783410138135,"{""accuracy"": 0.935714285647449, ""binary_crossentropy"": 0.2666893688038856, ""binary_roc_auc"": 0.9769021739130435, ""f1"": 0.9072164896588373, ""precision"": 0.8979591834902124, ""recall"": 0.9166666664756944}","{""accuracy"": -0.007575757575757492, ""binary_crossentropy"": -0.6389611495945927, ""binary_roc_auc"": -0.0059907834101382475, ""f1"": -0.012142039016009196, ""precision"": -0.0022675737002175005, ""recall"": -0.022222222222222233}",848.4196448326111,0.04473996162414551,850.9134895801544,353.7265625,137,ok,,0.2.0,"{""mode"": ""best"", ""elapsed_time"": 822.4834105968475, ""n_init_feats"": 9, ""n_added_feats"": 15, ""initial_metric"": null, ""final_metric"": 0.9966007326007326, ""pct_gain"": 0.0028773448754687097}"
18,mfeat-morphological,openml_task,amlb,multiclass,tabularaml,2,4500,1600,400,6,17,11,0.7448329027369618,categorical_crossentropy,False,0.7227400178508833,-0.030568232476974534,"{""accuracy"": 0.9384999999765375, ""categorical_crossentropy"": 0.7448329027369618, ""categorical_roc_auc"": 0.9575555555555555, ""f1"": 0.6906663962409317, ""precision"": 0.6913823343142113, ""recall"": 0.692499999826875}","{""accuracy"": -0.0005324813631521826, ""categorical_crossentropy"": -0.030568232476974534, ""categorical_roc_auc"": -0.0012096628155445796, ""f1"": -0.004554441249228828, ""precision"": -0.005393917499178075, ""recall"": -0.003597122302158276}",944.7100648880005,0.041409969329833984,948.2135343551636,377.73828125,98,ok,,0.2.0,"{""mode"": ""best"", ""elapsed_time"": 822.5302782058716, ""n_init_feats"": 6, ""n_added_feats"": 11, ""initial_metric"": null, ""final_metric"": 1.2258736616072765, ""pct_gain"": 0.044944924751606774}"
43,spambase,openml_task,amlb,classification,tabularaml,3,4500,3680,921,57,59,2,0.988240172990906,binary_roc_auc,True,0.988432714239166,-0.0001947944918113773,"{""accuracy"": 0.9522258414663167, ""binary_crossentropy"": 0.12819281297494492, ""binary_roc_auc"": 0.988240172990906, ""f1"": 0.9397260223716645, ""precision"": 0.9346049046066865, ""recall"": 0.9449035812411872}","{""accuracy"": -0.0034090909090909757, ""binary_crossentropy"": -0.014653313971498357, ""binary_roc_auc"": -0.000194794491811265, ""f1"": -0.003945365717920521, ""precision"": -0.01073983778664744, ""recall"": 0.0029239766081871122}",982.1677010059357,0.014004230499267578,986.5488069057465,408.40234375,282,ok,,0.2.0,"{""mode"": ""best"", ""elapsed_time"": 980.1149399280548, ""n_init_feats"": 57, ""n_added_feats"": 2, ""initial_metric"": null, ""final_metric"": 0.9844709423057569, ""pct_gain"": 0.0005752159046988383}"
23,cmc,openml_task,amlb,multiclass,tabularaml,2,4500,1178,295,9,15,6,0.9512655268786318,categorical_crossentropy,False,0.9414597614589384,-0.010415490731646139,"{""accuracy"": 0.683615819185866, ""categorical_crossentropy"": 0.9512655268786318, ""categorical_roc_auc"": 0.7044243026999384, ""f1"": 0.5121703804157135, ""precision"": 0.5319702507212319, ""recall"": 0.5073488764794641}","{""accuracy"": 0.0066555740432609105, ""categorical_crossentropy"": -0.010415490731646139, ""categorical_roc_auc"": -0.009561885343887746, ""f1"": 0.013688187987715974, ""precision"": 0.0201830764548311, ""recall"": 0.014311386421354351}",1056.664110660553,0.031836748123168945,1059.3523561954498,354.60546875,44,ok,,0.2.0,"{""mode"": ""best"", ""elapsed_time"": 1055.4359319210052, ""n_init_feats"": 9, ""n_added_feats"": 6, ""initial_metric"": null, ""final_metric"": 1.0666207300454613, ""pct_gain"": 0.008050471442832614}"
18,mfeat-morphological,openml_task,amlb,multiclass,tabularaml,3,4500,1600,400,6,18,12,0.6715398435248062,categorical_crossentropy,False,0.6605907907895744,-0.016574637260905387,"{""accuracy"": 0.946999999976325, ""categorical_crossentropy"": 0.6715398435248062, ""categorical_roc_auc"": 0.9636944444444445, ""f1"": 0.7307482508554662, ""precision"": 0.728970311937821, ""recall"": 0.73499999981625}","{""accuracy"": 0.0021164021164021608, ""categorical_crossentropy"": -0.016574637260905387, ""categorical_roc_auc"": -0.001015023791869706, ""f1"": 0.015773516134747, ""precision"": 0.015190149446098691, ""recall"": 0.013793103448275874}",1107.054090499878,0.023753643035888672,1110.938066959381,376.34765625,88,ok,,0.2.0,"{""mode"": ""best"", ""elapsed_time"": 1003.0854284763336, ""n_init_feats"": 6, ""n_added_feats"": 12, ""initial_metric"": null, ""final_metric"": 1.3380166905370925, ""pct_gain"": -0.011683908940136802}"
29,credit-approval,openml_task,amlb,classification,tabularaml,3,4500,552,138,15,47,32,0.9435810091547796,binary_roc_auc,True,0.9618905684479454,-0.019034971226206236,"{""accuracy"": 0.8985507245725687, ""binary_crossentropy"": 0.32080423524198326, ""binary_roc_auc"": 0.9435810091547796, ""f1"": 0.9066666615493335, ""precision"": 0.9315068491874648, ""recall"": 0.8831168830021927}","{""accuracy"": 0.016393442622950814, ""binary_crossentropy"": -0.24524695947633648, ""binary_roc_auc"": -0.019034971226206236, ""f1"": 0.020000000094497435, ""precision"": -0.02482876711132488, ""recall"": 0.06250000000000003}",1199.0600452423096,0.09898614883422852,1202.295875787735,357.63671875,30,ok,,0.2.0,"{""mode"": ""best"", ""elapsed_time"": 1177.1359679698944, ""n_init_feats"": 15, ""n_added_feats"": 32, ""initial_metric"": null, ""final_metric"": 0.9482038567493113, ""pct_gain"": 0.023683855464123146}"
29,credit-approval,openml_task,amlb,classification,tabularaml,4,4500,552,138,15,40,25,0.9316585054289972,binary_roc_auc,True,0.92931658505429,0.0025200458190147742,"{""accuracy"": 0.8623188405172232, ""binary_crossentropy"": 0.32258519708462385, ""binary_roc_auc"": 0.9316585054289972, ""f1"": 0.8758169883497801, ""precision"": 0.8815789472524239, ""recall"": 0.8701298700168664}","{""accuracy"": 0.03478260869565216, ""binary_crossentropy"": 0.0674486237394063, ""binary_roc_auc"": 0.002520045819014894, ""f1"": 0.028421469763073418, ""precision"": 0.04186602870461898, ""recall"": 0.015151515151515256}",1449.9445955753326,0.10118317604064941,1453.2141213417053,354.3515625,78,ok,,0.2.0,"{""mode"": ""best"", ""elapsed_time"": 1418.664561033249, ""n_init_feats"": 15, ""n_added_feats"": 25, ""initial_metric"": null, ""final_metric"": 0.9387235996326904, ""pct_gain"": 0.016059842070373843}"
49,tic-tac-toe,openml_task,amlb,classification,tabularaml,3,4500,766,192,9,29,20,0.9988059701492538,binary_roc_auc,True,1.0,-0.0011940298507462366,"{""accuracy"": 0.9739583332826063, ""binary_crossentropy"": 0.05923407655639797, ""binary_roc_auc"": 0.9988059701492538, ""f1"": 0.980079676196886, ""precision"": 0.9761904761130008, ""recall"": 0.9839999999212801}","{""accuracy"": -0.015789473684210537, ""binary_crossentropy"": -0.9669879839021004, ""binary_roc_auc"": -0.0011940298507462366, ""f1"": -0.01207968133632795, ""precision"": -0.008190476191096011, ""recall"": -0.016000000000000035}",1817.317603111267,0.0492551326751709,1820.8913931846619,367.64453125,1551,ok,,0.2.0,"{""mode"": ""best"", ""elapsed_time"": 1816.9198501110077, ""n_init_feats"": 9, ""n_added_feats"": 20, ""initial_metric"": null, ""final_metric"": 0.9972419877207113, ""pct_gain"": -0.0016843035405113042}"
53,vehicle,openml_task,amlb,multiclass,tabularaml,1,4500,676,170,18,,,,,,,,,,,,1532.9825603961945,,,crash,ValueError: Input X contains infinity or a value too large for dtype('float64').,0.2.0,
18,mfeat-morphological,openml_task,amlb,multiclass,tabularaml,0,4500,1600,400,6,18,12,0.7044129825616255,categorical_crossentropy,False,0.6976496631768532,-0.009694435103680225,"{""accuracy"": 0.938999999976525, ""categorical_crossentropy"": 0.7044129825616255, ""categorical_roc_auc"": 0.9592499999999999, ""f1"": 0.6894111063226166, ""precision"": 0.6881090170429346, ""recall"": 0.6949999998262499}","{""accuracy"": 0.001066098081023595, ""categorical_crossentropy"": -0.009694435103680225, ""categorical_roc_auc"": -0.00027502352174852107, ""f1"": 0.0038282455998420316, ""precision"": 0.002901787237919525, ""recall"": 0.007246376811594048}",1927.4486765861511,0.020488977432250977,1930.417809009552,381.390625,105,ok,,0.2.0,"{""mode"": ""best"", ""elapsed_time"": 1855.790510892868, ""n_init_feats"": 6, ""n_added_feats"": 12, ""initial_metric"": null, ""final_metric"": 1.232865250680367, ""pct_gain"": 0.023330650411790447}"
23,cmc,openml_task,amlb,multiclass,tabularaml,4,4500,1178,295,9,37,28,0.9847538754091425,categorical_crossentropy,False,0.9466350378626484,-0.040267723063114616,"{""accuracy"": 0.6655367231412813, ""categorical_crossentropy"": 0.9847538754091425, ""categorical_roc_auc"": 0.6716367768164706, ""f1"": 0.44925590707658963, ""precision"": 0.4823903657519532, ""recall"": 0.4510616849950551}","{""accuracy"": -0.029654036243821943, ""categorical_crossentropy"": -0.040267723063114616, ""categorical_roc_auc"": -0.047040669337977375, ""f1"": -0.10462594621192045, ""precision"": -0.06475412077561085, ""recall"": -0.09572169604455952}",2053.72243309021,0.06177568435668945,2056.3341965675354,367.26953125,15,ok,,0.2.0,"{""mode"": ""best"", ""elapsed_time"": 2002.4437181949615, ""n_init_feats"": 9, ""n_added_feats"": 28, ""initial_metric"": null, ""final_metric"": 1.107650429025475, ""pct_gain"": -0.0354009906731364}"
53,vehicle,openml_task,amlb,multiclass,tabularaml,0,4500,676,170,18,,,,,,,,,,,,2023.790200471878,,,crash,ValueError: Input X contains infinity or a value too large for dtype('float64').,0.2.0,
49,tic-tac-toe,openml_task,amlb,classification,tabularaml,2,4500,766,192,9,28,19,1.0,binary_roc_auc,True,0.9992835820895524,0.0007169315330384644,"{""accuracy"": 0.9999999999479167, ""binary_crossentropy"": 0.037559487864238385, ""binary_roc_auc"": 1.0, ""f1"": 0.99999999492, ""precision"": 0.9999999999200001, ""recall"": 0.9999999999200001}","{""accuracy"": 0.010526315789473727, ""binary_crossentropy"": 0.22783361633211702, ""binary_roc_auc"": 0.0007169315330385755, ""f1"": 0.008000000039359864, ""precision"": 0.015999999998720038, ""recall"": 0.0}",2259.444671869278,0.05004167556762695,2262.586882352829,369.09375,1521,ok,,0.2.0,"{""mode"": ""best"", ""elapsed_time"": 2258.916534423828, ""n_init_feats"": 9, ""n_added_feats"": 19, ""initial_metric"": null, ""final_metric"": 0.999766548463357, ""pct_gain"": 0.0012581959094365238}"
49,tic-tac-toe,openml_task,amlb,classification,tabularaml,0,4500,766,192,9,24,15,0.9995223880597015,binary_roc_auc,True,0.9998805970149254,-0.0003582517315500262,"{""accuracy"": 0.9791666666156683, ""binary_crossentropy"": 0.042645840860207805, ""binary_roc_auc"": 0.9995223880597015, ""f1"": 0.9841269790491939, ""precision"": 0.9763779526790254, ""recall"": 0.99199999992064}","{""accuracy"": -0.015706806282722523, ""binary_crossentropy"": -0.6201238773668916, ""binary_roc_auc"": -0.0003582517315500262, ""f1"": -0.011936507995879314, ""precision"": -0.01581102362143227, ""recall"": -0.008000000000000073}",2304.0015733242035,0.059806108474731445,2307.622265815735,366.62890625,1999,ok,,0.2.0,"{""mode"": ""best"", ""elapsed_time"": 2303.4782133102417, ""n_init_feats"": 9, ""n_added_feats"": 15, ""initial_metric"": null, ""final_metric"": 0.9991996921518197, ""pct_gain"": 0.0032458429225048183}"
23,cmc,openml_task,amlb,multiclass,tabularaml,0,4500,1178,295,9,31,22,0.9314922263056545,categorical_crossentropy,False,0.8809794494345532,-0.057337066038853,"{""accuracy"": 0.6926553672081585, ""categorical_crossentropy"": 0.9314922263056545, ""categorical_roc_auc"": 0.7224286734929318, ""f1"": 0.49205311259865986, ""precision"": 0.5057912907267168, ""recall"": 0.4938519354189867}","{""accuracy"": -0.016051364365971283, ""categorical_crossentropy"": -0.057337066038853, ""categorical_roc_auc"": -0.04704988933602797, ""f1"": -0.041285137340051306, ""precision"": -0.03802096175976331, ""recall"": -0.042242862675887526}",2405.464997768402,0.06516718864440918,2408.283324241638,360.66015625,38,ok,,0.2.0,"{""mode"": ""best"", ""elapsed_time"": 2370.3283665180206, ""n_init_feats"": 9, ""n_added_feats"": 22, ""initial_metric"": null, ""final_metric"": 1.1074232941189426, ""pct_gain"": -0.006927479164300646}"
29,credit-approval,openml_task,amlb,classification,tabularaml,1,4500,552,138,15,50,35,0.9440068128592718,binary_roc_auc,True,0.9358100915477966,0.008758958025252872,"{""accuracy"": 0.9057971013836379, ""binary_crossentropy"": 0.2907403832085539, ""binary_roc_auc"": 0.9440068128592718, ""f1"": 0.9139072796491383, ""precision"": 0.9324324323064281, ""recall"": 0.896103895987519}","{""accuracy"": 0.050420168067227, ""binary_crossentropy"": 0.07378154441023618, ""binary_roc_auc"": 0.008758958025252872, ""f1"": 0.045454545714429063, ""precision"": 0.04545454545454542, ""recall"": 0.045454545454545504}",2525.440511226654,0.10541915893554688,2527.9188463687897,359.77734375,74,ok,,0.2.0,"{""mode"": ""best"", ""elapsed_time"": 2503.43874835968, ""n_init_feats"": 15, ""n_added_feats"": 35, ""initial_metric"": null, ""final_metric"": 0.9386023875114784, ""pct_gain"": 0.005742387535855868}"
49,tic-tac-toe,openml_task,amlb,classification,tabularaml,4,4500,766,192,9,29,20,0.9997611940298508,binary_roc_auc,True,1.0,-0.00023880597014924732,"{""accuracy"": 0.9895833332817925, ""binary_crossentropy"": 0.055846799439374685, ""binary_roc_auc"": 0.9997611940298508, ""f1"": 0.992063486985072, ""precision"": 0.9842519684264369, ""recall"": 0.9999999999200001}","{""accuracy"": -0.01041666666666671, ""binary_crossentropy"": -1.2759143924411955, ""binary_roc_auc"": -0.00023880597014924732, ""f1"": -0.007936507975245522, ""precision"": -0.015748031494823025, ""recall"": 0.0}",2590.5311415195465,0.075408935546875,2594.0499284267426,370.1484375,1022,ok,,0.2.0,"{""mode"": ""best"", ""elapsed_time"": 2589.987868309021, ""n_init_feats"": 9, ""n_added_feats"": 20, ""initial_metric"": null, ""final_metric"": 0.9988830869681934, ""pct_gain"": 0.003275332406642618}"
29,credit-approval,openml_task,amlb,classification,tabularaml,2,4500,552,138,15,42,27,0.9264424100489674,binary_roc_auc,True,0.93314881839472,-0.007186858316221688,"{""accuracy"": 0.847826086895085, ""binary_crossentropy"": 0.3337388922986777, ""binary_roc_auc"": 0.9264424100489674, ""f1"": 0.8662420331080369, ""precision"": 0.8499999998937501, ""recall"": 0.8831168830021927}","{""accuracy"": -0.02499999999999999, ""binary_crossentropy"": -0.05662473489248621, ""binary_roc_auc"": -0.007186858316221806, ""f1"": -0.022383985569883497, ""precision"": -0.01642857143008921, ""recall"": -0.028571428571428522}",2680.6838207244873,0.06861639022827148,2683.3418443202972,358.51171875,45,ok,,0.2.0,"{""mode"": ""best"", ""elapsed_time"": 2662.1673333644867, ""n_init_feats"": 15, ""n_added_feats"": 27, ""initial_metric"": null, ""final_metric"": 0.941483930211203, ""pct_gain"": 0.0007066503138002706}"
2079,eucalyptus,openml_task,amlb,multiclass,tabularaml,3,4500,588,148,19,31,12,0.8668957993740568,categorical_crossentropy,False,0.8583534620953975,-0.009952004221903956,"{""accuracy"": 0.8540540539963477, ""categorical_crossentropy"": 0.8668957993740568, ""categorical_roc_auc"": 0.8938182281116568, ""f1"": 0.5978288220227302, ""precision"": 0.614919417774882, ""recall"": 0.5921885605913929}","{""accuracy"": -0.003154574132492191, ""categorical_crossentropy"": -0.009952004221903956, ""categorical_roc_auc"": -0.0001555307700737181, ""f1"": -0.00824838093672324, ""precision"": -0.02035680771799272, ""recall"": -0.007792984627879542}",402.0141785144806,0.05167388916015625,405.9046211242676,354.44140625,78,ok,,0.2.0,"{""mode"": ""best"", ""elapsed_time"": 400.1884365081787, ""n_init_feats"": 19, ""n_added_feats"": 12, ""initial_metric"": null, ""final_metric"": 1.0019472338768636, ""pct_gain"": 0.002154160561599372}"
53,vehicle,openml_task,amlb,multiclass,tabularaml,3,4500,676,170,18,54,36,0.47791958548786007,categorical_crossentropy,False,0.5012618470389176,0.04656700223435375,"{""accuracy"": 0.8794117646541522, ""categorical_crossentropy"": 0.47791958548786007, ""categorical_roc_auc"": 0.9394319872835497, ""f1"": 0.7453948666237641, ""precision"": 0.748325237021962, ""recall"": 0.7597402595609434}","{""accuracy"": 0.0033557046979866088, ""categorical_crossentropy"": 0.04656700223435375, ""categorical_roc_auc"": 0.013056940030406026, ""f1"": -0.008040824547792006, ""precision"": -0.0024609441268055358, ""recall"": 0.006487687731040141}",2051.4577577114105,0.056417226791381836,2056.7609906196594,358.05078125,106,ok,,0.2.0,"{""mode"": ""best"", ""elapsed_time"": 2005.606276512146, ""n_init_feats"": 18, ""n_added_feats"": 36, ""initial_metric"": null, ""final_metric"": 0.4998589030005009, ""pct_gain"": 0.17898637750341723}"
29,credit-approval,openml_task,amlb,classification,tabularaml,0,4500,552,138,15,40,25,0.9684905258675751,binary_roc_auc,True,0.9763678944006812,-0.00806803314435219,"{""accuracy"": 0.913043478194707, ""binary_crossentropy"": 0.24932647862242183, ""binary_roc_auc"": 0.9684905258675751, ""f1"": 0.9220779169581719, ""precision"": 0.9220779219581717, ""recall"": 0.9220779219581717}","{""accuracy"": -0.007874015748031492, ""binary_crossentropy"": -0.07213271794046433, ""binary_roc_auc"": -0.008068033144352303, ""f1"": -0.006493506527874363, ""precision"": -0.01298701298532645, ""recall"": 0.0}",2891.3087770938873,0.13106083869934082,2894.337666273117,363.8125,62,ok,,0.2.0,"{""mode"": ""best"", ""elapsed_time"": 2860.823845386505, ""n_init_feats"": 15, ""n_added_feats"": 25, ""initial_metric"": null, ""final_metric"": 0.9390119375573921, ""pct_gain"": 0.033134367803172825}"
43,spambase,openml_task,amlb,classification,tabularaml,2,4500,3680,921,57,65,8,0.9878847122248882,binary_roc_auc,True,0.989247311827957,-0.0013774104683195853,"{""accuracy"": 0.9500542888061884, ""binary_crossentropy"": 0.1330053619534862, ""binary_roc_auc"": 0.9878847122248882, ""f1"": 0.9362880836168769, ""precision"": 0.9415041782467547, ""recall"": 0.9311294765583711}","{""accuracy"": 0.0, ""binary_crossentropy"": -0.04697004119377909, ""binary_roc_auc"": -0.0013774104683195853, ""f1"": 0.000570554432467869, ""precision"": -0.007907537520837496, ""recall"": 0.008955223880597067}",3341.6909124851227,0.03369951248168945,3346.2939569950104,463.9453125,376,ok,,0.2.0,"{""mode"": ""best"", ""elapsed_time"": 3099.3798146247864, ""n_init_feats"": 57, ""n_added_feats"": 8, ""initial_metric"": null, ""final_metric"": 0.9863891323144293, ""pct_gain"": 0.0008380270624028887}"
3021,sick,openml_task,amlb,classification,tabularaml,0,4500,3017,755,27,30,3,0.9971484638498803,binary_roc_auc,True,0.9970258171337464,0.0001230125780358619,"{""accuracy"": 0.9827814569406254, ""binary_crossentropy"": 0.03498682839976545, ""binary_roc_auc"": 0.9971484638498803, ""f1"": 0.8505747074646586, ""precision"": 0.9024390241701368, ""recall"": 0.8043478259120983}","{""accuracy"": 0.0, ""binary_crossentropy"": 0.04575125618170498, ""binary_roc_auc"": 0.0001230125780359733, ""f1"": -0.003932244419570727, ""precision"": 0.021181001272112386, ""recall"": -0.026315789473684206}",904.2950768470764,0.05755972862243652,908.1761450767517,383.0078125,221,ok,,0.2.0,"{""mode"": ""best"", ""elapsed_time"": 902.0960247516632, ""n_init_feats"": 27, ""n_added_feats"": 3, ""initial_metric"": null, ""final_metric"": 0.9973359977515039, ""pct_gain"": 0.002223686182498426}"
53,vehicle,openml_task,amlb,multiclass,tabularaml,4,4500,676,170,18,54,36,0.4729184624478769,categorical_crossentropy,False,0.5195559000021175,0.08976404185584366,"{""accuracy"": 0.8852941175949827, ""categorical_crossentropy"": 0.4729184624478769, ""categorical_roc_auc"": 0.9366193702131203, ""f1"": 0.7677842346659822, ""precision"": 0.7654829246053325, ""recall"": 0.7732413418084549}","{""accuracy"": 0.0033333333333333643, ""categorical_crossentropy"": 0.08976404185584366, ""categorical_roc_auc"": 0.005070735026961895, ""f1"": 0.006889076685174364, ""precision"": 0.004946298665117133, ""recall"": 0.010715801385616518}",2682.591850757599,0.05340409278869629,2688.1495633125305,363.0078125,201,ok,,0.2.0,"{""mode"": ""best"", ""elapsed_time"": 2608.1500885486603, ""n_init_feats"": 18, ""n_added_feats"": 36, ""initial_metric"": null, ""final_metric"": 0.5510420310992995, ""pct_gain"": 0.2429849681297752}"
23,cmc,openml_task,amlb,multiclass,tabularaml,1,4500,1178,295,9,40,31,0.9102392549926447,categorical_crossentropy,False,0.9043596759564796,-0.006501372399147125,"{""accuracy"": 0.6926553672081585, ""categorical_crossentropy"": 0.9102392549926447, ""categorical_roc_auc"": 0.7362654911955296, ""f1"": 0.502878507885122, ""precision"": 0.5092736373845562, ""recall"": 0.5027082142469975}","{""accuracy"": -0.016051364365971283, ""categorical_crossentropy"": -0.006501372399147125, ""categorical_roc_auc"": 0.002473935901517354, ""f1"": -0.03638992139216777, ""precision"": -0.034161531162821564, ""recall"": -0.035511528211568937}",3531.8212983608246,0.12426471710205078,3534.71125125885,371.1015625,78,ok,,0.2.0,"{""mode"": ""best"", ""elapsed_time"": 3459.1377301216125, ""n_init_feats"": 9, ""n_added_feats"": 31, ""initial_metric"": null, ""final_metric"": 1.129462521371395, ""pct_gain"": -0.04916729933345579}"
31,credit-g,openml_task,amlb,classification,tabularaml,3,4500,800,200,20,68,48,0.7963095238095237,binary_roc_auc,True,0.771547619047619,0.03209381268322775,"{""accuracy"": 0.75499999996225, ""binary_crossentropy"": 0.4951657429710031, ""binary_roc_auc"": 0.7963095238095237, ""f1"": 0.4615384569448135, ""precision"": 0.6774193546201873, ""recall"": 0.34999999994166664}","{""accuracy"": 0.0, ""binary_crossentropy"": 0.02753197492379551, ""binary_roc_auc"": 0.03209381268322775, ""f1"": -0.11965812008199644, ""precision"": 0.078853046497861, ""recall"": -0.2222222222222223}",3604.0122973918915,0.16620492935180664,3606.933231830597,360.28515625,28,ok,,0.2.0,"{""mode"": ""best"", ""elapsed_time"": 3603.1270501613617, ""n_init_feats"": 20, ""n_added_feats"": 48, ""initial_metric"": null, ""final_metric"": 0.820662330186507, ""pct_gain"": 0.06834881471948974}"
31,credit-g,openml_task,amlb,classification,tabularaml,0,4500,800,200,20,62,42,0.7605952380952381,binary_roc_auc,True,0.780952380952381,-0.0260670731707317,"{""accuracy"": 0.759999999962, ""binary_crossentropy"": 0.525001488942653, ""binary_roc_auc"": 0.7605952380952381, ""f1"": 0.4999999952083334, ""precision"": 0.6666666664814814, ""recall"": 0.39999999993333335}","{""accuracy"": -0.006535947712418278, ""binary_crossentropy"": -0.04833252879966963, ""binary_roc_auc"": -0.0260670731707317, ""f1"": -0.010416666827256988, ""precision"": -0.027777777770061778, ""recall"": 0.0}",3606.5277757644653,0.1567978858947754,3609.3295197486877,357.5234375,82,ok,,0.2.0,"{""mode"": ""best"", ""elapsed_time"": 3605.5877463817596, ""n_init_feats"": 20, ""n_added_feats"": 42, ""initial_metric"": null, ""final_metric"": 0.8022156343541329, ""pct_gain"": 0.036325216315574164}"
45,splice,openml_task,amlb,multiclass,tabularaml,0,4500,2552,638,60,86,26,0.11495191325244651,categorical_crossentropy,False,0.1081671346985566,-0.06272495405187477,"{""accuracy"": 0.9759665621581615, ""categorical_crossentropy"": 0.11495191325244651, ""categorical_roc_auc"": 0.9953162893824631, ""f1"": 0.9589224993068166, ""precision"": 0.9573432991888152, ""recall"": 0.9605486430991353}","{""accuracy"": -0.004264392324093811, ""categorical_crossentropy"": -0.06272495405187435, ""categorical_roc_auc"": -0.0001762355022386183, ""f1"": -0.007881750332412148, ""precision"": -0.005814085597256809, ""recall"": -0.010158528647656904}",3613.786644220352,0.1455223560333252,3618.169224500656,417.7265625,255,ok,,0.2.0,"{""mode"": ""best"", ""elapsed_time"": 3609.534466266632, ""n_init_feats"": 60, ""n_added_feats"": 26, ""initial_metric"": null, ""final_metric"": 0.11895306384819271, ""pct_gain"": 0.07617656019219601}"
45,splice,openml_task,amlb,multiclass,tabularaml,4,4500,2552,638,60,83,23,0.08945437317179826,categorical_crossentropy,False,0.0894027314292811,-0.0005776304783038235,"{""accuracy"": 0.9822361546345523, ""categorical_crossentropy"": 0.08945437317179826, ""categorical_roc_auc"": 0.9965265238734675, ""f1"": 0.9702172018096573, ""precision"": 0.9683425059063439, ""recall"": 0.9723782032663308}","{""accuracy"": 0.002132196162046962, ""categorical_crossentropy"": -0.0005776304783032023, ""categorical_roc_auc"": -0.00027318841396660974, ""f1"": 0.003842353364707493, ""precision"": 0.004571716166848105, ""recall"": 0.003257673009693257}",3617.41943860054,0.13943266868591309,3621.1293003559113,407.828125,124,ok,,0.2.0,"{""mode"": ""best"", ""elapsed_time"": 3613.7555119991302, ""n_init_feats"": 60, ""n_added_feats"": 23, ""initial_metric"": null, ""final_metric"": 0.11143109397542553, ""pct_gain"": 0.07362801066023376}"
45,splice,openml_task,amlb,multiclass,tabularaml,3,4500,2552,638,60,87,27,0.11305149298432782,categorical_crossentropy,False,0.0999858176864761,-0.1306752857572415,"{""accuracy"": 0.9707419017611691, ""categorical_crossentropy"": 0.11305149298432782, ""categorical_roc_auc"": 0.9958539727522169, ""f1"": 0.9504693594656727, ""precision"": 0.9481056936321504, ""recall"": 0.9532126378072183}","{""accuracy"": -0.00428724544480171, ""categorical_crossentropy"": -0.1306752857572407, ""categorical_roc_auc"": -0.0011930036168824845, ""f1"": -0.008017057649280087, ""precision"": -0.005855615420119872, ""recall"": -0.010192289803092983}",3616.740203142166,0.18236255645751953,3621.646852493286,425.05078125,122,ok,,0.2.0,"{""mode"": ""best"", ""elapsed_time"": 3611.769688129425, ""n_init_feats"": 60, ""n_added_feats"": 27, ""initial_metric"": null, ""final_metric"": 0.10885426829845672, ""pct_gain"": 0.12116976055249173}"
31,credit-g,openml_task,amlb,classification,tabularaml,2,4500,800,200,20,72,52,0.7647619047619048,binary_roc_auc,True,0.7966666666666666,-0.040047818290496084,"{""accuracy"": 0.72499999996375, ""binary_crossentropy"": 0.5177581885270774, ""binary_roc_auc"": 0.7647619047619048, ""f1"": 0.408602145871199, ""precision"": 0.5757575755831037, ""recall"": 0.31666666661388887}","{""accuracy"": -0.052287581699346365, ""binary_crossentropy"": -0.0384834734441907, ""binary_roc_auc"": -0.040047818290496084, ""f1"": -0.15493646300214342, ""precision"": -0.18870523414391865, ""recall"": -0.13636363636363635}",3620.4932186603546,0.12116193771362305,3623.0117180347443,360.19921875,36,ok,,0.2.0,"{""mode"": ""best"", ""elapsed_time"": 3614.230080842972, ""n_init_feats"": 20, ""n_added_feats"": 52, ""initial_metric"": null, ""final_metric"": 0.7878713185272016, ""pct_gain"": 0.02301022908964724}"
23,cmc,openml_task,amlb,multiclass,tabularaml,3,4500,1178,295,9,29,20,0.8973711192355318,categorical_crossentropy,False,0.8928795556522022,-0.005030424937939954,"{""accuracy"": 0.7129943502583166, ""categorical_crossentropy"": 0.8973711192355318, ""categorical_roc_auc"": 0.7466107719519958, ""f1"": 0.5399319800755421, ""precision"": 0.5535830769992937, ""recall"": 0.5361381699729044}","{""accuracy"": 0.016103059581320626, ""categorical_crossentropy"": -0.005030424937939954, ""categorical_roc_auc"": -0.0058118905237978975, ""f1"": 0.04250413846894349, ""precision"": 0.04217028123179339, ""recall"": 0.03950787410342943}",3622.356158018112,0.061417341232299805,3624.900817632675,371.8046875,51,ok,,0.2.0,"{""mode"": ""best"", ""elapsed_time"": 3612.3541564941406, ""n_init_feats"": 9, ""n_added_feats"": 20, ""initial_metric"": null, ""final_metric"": 1.1149220192141591, ""pct_gain"": -0.057261829415341525}"
31,credit-g,openml_task,amlb,classification,tabularaml,1,4500,800,200,20,62,42,0.825952380952381,binary_roc_auc,True,0.8394047619047619,-0.016026095589278033,"{""accuracy"": 0.779999999961, ""binary_crossentropy"": 0.46901131968945264, ""binary_roc_auc"": 0.825952380952381, ""f1"": 0.5416666618663196, ""precision"": 0.7222222220216049, ""recall"": 0.4333333332611111}","{""accuracy"": -0.024999999999999915, ""binary_crossentropy"": -0.03429917805462533, ""binary_roc_auc"": -0.016026095589278033, ""f1"": -0.10887096836257236, ""precision"": -0.021505376382915244, ""recall"": -0.1612903225806452}",3636.8766918182373,0.13074231147766113,3642.787805080414,368.87890625,41,ok,,0.2.0,"{""mode"": ""best"", ""elapsed_time"": 3603.0892283916473, ""n_init_feats"": 20, ""n_added_feats"": 42, ""initial_metric"": null, ""final_metric"": 0.7772055868377535, ""pct_gain"": 0.021153920978995242}"
22,mfeat-zernike,openml_task,amlb,multiclass,tabularaml,4,4500,1600,400,47,54,7,0.6385400838078931,categorical_crossentropy,False,0.6389289485896006,0.0006086197574329943,"{""accuracy"": 0.9479999999763, ""categorical_crossentropy"": 0.6385400838078931, ""categorical_roc_auc"": 0.9679097222222224, ""f1"": 0.7371033663884782, ""precision"": 0.7350004379754441, ""recall"": 0.739999999815}","{""accuracy"": -0.0026301946344027675, ""categorical_crossentropy"": 0.0006086197574329943, ""categorical_roc_auc"": 0.0002152867978961935, ""f1"": -0.02034000514927248, ""precision"": -0.024583078494320773, ""recall"": -0.016611295681063284}",3650.0985231399536,0.014387845993041992,3658.5137259960175,380.87890625,119,ok,,0.2.0,"{""mode"": ""best"", ""elapsed_time"": 3637.0038316249847, ""n_init_feats"": 47, ""n_added_feats"": 7, ""initial_metric"": null, ""final_metric"": 0.948393650971483, ""pct_gain"": 0.01733403882830612}"
16,mfeat-karhunen,openml_task,amlb,multiclass,tabularaml,4,4500,1600,400,64,70,6,0.1666597170298337,categorical_crossentropy,False,0.1553161994483525,-0.07303499327031414,"{""accuracy"": 0.9864999999753374, ""categorical_crossentropy"": 0.1666597170298337, ""categorical_roc_auc"": 0.998375, ""f1"": 0.932231017648203, ""precision"": 0.9342257067670872, ""recall"": 0.9324999997668751}","{""accuracy"": -0.0020232675771371185, ""categorical_crossentropy"": -0.07303499327031375, ""categorical_roc_auc"": -0.00013909560040629206, ""f1"": -0.010632983673907687, ""precision"": -0.010203719976235232, ""recall"": -0.010610079575596475}",3654.1079733371735,0.011838436126708984,3664.630871772766,384.6328125,466,ok,,0.2.0,"{""mode"": ""best"", ""elapsed_time"": 3634.903955221176, ""n_init_feats"": 64, ""n_added_feats"": 6, ""initial_metric"": null, ""final_metric"": 0.19222249309535713, ""pct_gain"": -0.014209156861463646}"
31,credit-g,openml_task,amlb,classification,tabularaml,4,4500,800,200,20,72,52,0.7573809523809525,binary_roc_auc,True,0.7635714285714286,-0.008107265357031348,"{""accuracy"": 0.7499999999625, ""binary_crossentropy"": 0.525704763866961, ""binary_roc_auc"": 0.7573809523809525, ""f1"": 0.4318181773811983, ""precision"": 0.6785714283290816, ""recall"": 0.31666666661388887}","{""accuracy"": -0.03225806451612906, ""binary_crossentropy"": -0.02365769681455949, ""binary_roc_auc"": -0.008107265357031348, ""f1"": -0.12654958779336523, ""precision"": -0.10551948053049637, ""recall"": -0.13636363636363635}",3666.7579300403595,0.17671871185302734,3669.838178873062,366.609375,21,ok,,0.2.0,"{""mode"": ""best"", ""elapsed_time"": 3624.424707889557, ""n_init_feats"": 20, ""n_added_feats"": 52, ""initial_metric"": null, ""final_metric"": 0.8008880225231826, ""pct_gain"": 0.04765695994957009}"
14,mfeat-fourier,openml_task,amlb,multiclass,tabularaml,0,4500,1600,400,76,80,4,0.4403574071987532,categorical_crossentropy,False,0.4281627926067449,-0.02848125713531751,"{""accuracy"": 0.9684999999757874, ""categorical_crossentropy"": 0.4403574071987532, ""categorical_roc_auc"": 0.9848194444444445, ""f1"": 0.8431836391738312, ""precision"": 0.8499612120679065, ""recall"": 0.842499999789375}","{""accuracy"": 0.0, ""categorical_crossentropy"": -0.02848125713531751, ""categorical_roc_auc"": 0.0007338931620916652, ""f1"": -0.0008420890697707353, ""precision"": 0.0012200954987493656, ""recall"": 0.0}",3658.7025413513184,0.012345075607299805,3672.359405517578,393.9921875,143,ok,,0.2.0,"{""mode"": ""best"", ""elapsed_time"": 3641.833435535431, ""n_init_feats"": 76, ""n_added_feats"": 4, ""initial_metric"": null, ""final_metric"": 0.7235241049679928, ""pct_gain"": 0.03955389761845962}"
16,mfeat-karhunen,openml_task,amlb,multiclass,tabularaml,3,4500,1600,400,64,69,5,0.15443847064791044,categorical_crossentropy,False,0.1542222824261625,-0.001401796279674675,"{""accuracy"": 0.9929999999751751, ""categorical_crossentropy"": 0.15443847064791044, ""categorical_roc_auc"": 0.9982708333333331, ""f1"": 0.9650531837697093, ""precision"": 0.9656468326001116, ""recall"": 0.96499999975875}","{""accuracy"": 0.0005037783375317204, ""categorical_crossentropy"": -0.0014017962796743146, ""categorical_roc_auc"": -4.869294230591609e-05, ""f1"": 0.002443572340342051, ""precision"": 0.002123755255654681, ""recall"": 0.0025974025974027154}",3661.0552294254303,0.011088132858276367,3675.7403519153595,410.41796875,1077,ok,,0.2.0,"{""mode"": ""best"", ""elapsed_time"": 3641.3785784244537, ""n_init_feats"": 64, ""n_added_feats"": 5, ""initial_metric"": null, ""final_metric"": 0.20592824404940915, ""pct_gain"": 0.036317473305646754}"
14,mfeat-fourier,openml_task,amlb,multiclass,tabularaml,1,4500,1600,400,76,83,7,0.45524890329426854,categorical_crossentropy,False,0.4500672455763561,-0.011513074476852514,"{""accuracy"": 0.9619999999759499, ""categorical_crossentropy"": 0.45524890329426854, ""categorical_roc_auc"": 0.9831666666666667, ""f1"": 0.809771995357487, ""precision"": 0.8117156138428111, ""recall"": 0.8099999997975}","{""accuracy"": -0.0031088082901555053, ""categorical_crossentropy"": -0.011513074476852514, ""categorical_roc_auc"": -0.0003883330626769041, ""f1"": -0.01958711919054548, ""precision"": -0.020905433548151827, ""recall"": -0.01818181818181793}",3668.858878850937,0.015048503875732422,3682.349888563156,392.18359375,225,ok,,0.2.0,"{""mode"": ""best"", ""elapsed_time"": 3649.0371963977814, ""n_init_feats"": 76, ""n_added_feats"": 7, ""initial_metric"": null, ""final_metric"": 0.6336706212194182, ""pct_gain"": 0.05601134648559123}"
12,mfeat-factors,openml_task,amlb,multiclass,tabularaml,3,4500,1600,400,216,216,0,0.14649050414242082,categorical_crossentropy,False,0.1464905041424208,-1.894701351334311e-16,"{""accuracy"": 0.98999999997525, ""categorical_crossentropy"": 0.14649050414242082, ""categorical_roc_auc"": 0.9987708333333334, ""f1"": 0.9502065820723514, ""precision"": 0.9518249399579135, ""recall"": 0.9499999997624998}","{""accuracy"": 0.0, ""categorical_crossentropy"": -0.0, ""categorical_roc_auc"": 0.0, ""f1"": 0.0, ""precision"": 0.0, ""recall"": 0.0}",3676.00013589859,0.013115644454956055,3690.5929296016693,405.00390625,246,ok,,0.2.0,"{""mode"": ""best"", ""elapsed_time"": 3643.867078065872, ""n_init_feats"": 216, ""n_added_feats"": 0, ""initial_metric"": null, ""final_metric"": 0.12892242355530714, ""pct_gain"": 0.0}"
45,splice,openml_task,amlb,multiclass,tabularaml,1,4500,2552,638,60,84,24,0.10165866286234093,categorical_crossentropy,False,0.1054414510446838,0.035875721975220244,"{""accuracy"": 0.972831765919966, ""categorical_crossentropy"": 0.10165866286234093, ""categorical_roc_auc"": 0.9969349468102532, ""f1"": 0.9542051653589035, ""precision"": 0.9513349845687497, ""recall"": 0.957569936281879}","{""accuracy"": -0.0021436227224009116, ""categorical_crossentropy"": 0.03587572197522075, ""categorical_roc_auc"": 0.00028167551130150407, ""f1"": -0.002673031304994945, ""precision"": -0.003266969842620716, ""recall"": -0.0020989289289629178}",3686.586191892624,0.12252092361450195,3691.5170896053314,418.5859375,227,ok,,0.2.0,"{""mode"": ""best"", ""elapsed_time"": 3683.843216896057, ""n_init_feats"": 60, ""n_added_feats"": 24, ""initial_metric"": null, ""final_metric"": 0.12518810311423512, ""pct_gain"": 0.03759339895248312}"
45,splice,openml_task,amlb,multiclass,tabularaml,2,4500,2552,638,60,84,24,0.09725782531030772,categorical_crossentropy,False,0.0994067071080514,0.021617070520281164,"{""accuracy"": 0.9780564263169583, ""categorical_crossentropy"": 0.09725782531030772, ""categorical_roc_auc"": 0.9963908097707713, ""f1"": 0.9628748978988165, ""precision"": 0.9600878030693404, ""recall"": 0.9660351002468327}","{""accuracy"": 0.0032154340836012536, ""categorical_crossentropy"": 0.021617070520281573, ""categorical_roc_auc"": -0.0002482552296350339, ""f1"": 0.004903295002932655, ""precision"": 0.004097856562962116, ""recall"": 0.005569152538845508}",3691.0024285316467,0.16868257522583008,3695.55530834198,424.0,151,ok,,0.2.0,"{""mode"": ""best"", ""elapsed_time"": 3686.876899242401, ""n_init_feats"": 60, ""n_added_feats"": 24, ""initial_metric"": null, ""final_metric"": 0.11763120754866382, ""pct_gain"": 0.10491975139792245}"
16,mfeat-karhunen,openml_task,amlb,multiclass,tabularaml,1,4500,1600,400,64,68,4,0.21086753402627437,categorical_crossentropy,False,0.2152867296334079,0.020527022797264698,"{""accuracy"": 0.9879999999753, ""categorical_crossentropy"": 0.21086753402627437, ""categorical_roc_auc"": 0.9966944444444445, ""f1"": 0.9397495182339632, ""precision"": 0.9405541371911879, ""recall"": 0.9399999997649999}","{""accuracy"": 0.001013171225937092, ""categorical_crossentropy"": 0.020527022797264947, ""categorical_roc_auc"": 0.000111492042255546, ""f1"": 0.005350515508587792, ""precision"": 0.004977189995641108, ""recall"": 0.005347593582887587}",3683.5603098869324,0.019100666046142578,3698.033878803253,407.234375,833,ok,,0.2.0,"{""mode"": ""best"", ""elapsed_time"": 3653.4472835063934, ""n_init_feats"": 64, ""n_added_feats"": 4, ""initial_metric"": null, ""final_metric"": 0.19770335350062093, ""pct_gain"": 0.011501185290702992}"
16,mfeat-karhunen,openml_task,amlb,multiclass,tabularaml,2,4500,1600,400,64,73,9,0.22933371131039165,categorical_crossentropy,False,0.2356099150573936,0.026638113873404198,"{""accuracy"": 0.9884999999752875, ""categorical_crossentropy"": 0.22933371131039165, ""categorical_roc_auc"": 0.9962083333333334, ""f1"": 0.9422638415338456, ""precision"": 0.9441684902284632, ""recall"": 0.942499999764375}","{""accuracy"": 0.0010126582278480098, ""categorical_crossentropy"": 0.02663811387340454, ""categorical_roc_auc"": 0.00014640982200744382, ""f1"": 0.005562174376708637, ""precision"": 0.0054641291363518845, ""recall"": 0.0053333333333333375}",3686.9591722488403,0.016327381134033203,3701.205061674118,394.7109375,553,ok,,0.2.0,"{""mode"": ""best"", ""elapsed_time"": 3665.035159111023, ""n_init_feats"": 64, ""n_added_feats"": 9, ""initial_metric"": null, ""final_metric"": 0.17065432162375785, ""pct_gain"": 0.0330326326146003}"
12,mfeat-factors,openml_task,amlb,multiclass,tabularaml,2,4500,1600,400,216,219,3,0.20009870926201984,categorical_crossentropy,False,0.201572267747324,0.007310323497234822,"{""accuracy"": 0.9879999999753, ""categorical_crossentropy"": 0.20009870926201984, ""categorical_roc_auc"": 0.9960277777777777, ""f1"": 0.9406208030910935, ""precision"": 0.9432078023364465, ""recall"": 0.9399999997649997}","{""accuracy"": 0.0, ""categorical_crossentropy"": 0.007310323497235096, ""categorical_roc_auc"": 0.00011156667503411785, ""f1"": 0.0, ""precision"": 0.0, ""recall"": 0.0}",3685.740824699402,0.02071523666381836,3703.3386347293854,404.984375,392,ok,,0.2.0,"{""mode"": ""best"", ""elapsed_time"": 3657.8316185474396, ""n_init_feats"": 216, ""n_added_feats"": 3, ""initial_metric"": null, ""final_metric"": 0.11992592667812832, ""pct_gain"": -0.01964803948909212}"
14,mfeat-fourier,openml_task,amlb,multiclass,tabularaml,2,4500,1600,400,76,82,6,0.47638809237163515,categorical_crossentropy,False,0.4767043467679468,0.000663418318829835,"{""accuracy"": 0.9604999999759875, ""categorical_crossentropy"": 0.47638809237163515, ""categorical_roc_auc"": 0.9809791666666665, ""f1"": 0.8033945602373178, ""precision"": 0.8064199368186122, ""recall"": 0.8024999997993751}","{""accuracy"": -0.0031136481577581235, ""categorical_crossentropy"": 0.000663418318829835, ""categorical_roc_auc"": -0.00036797746845669484, ""f1"": -0.019151258754198326, ""precision"": -0.01943236695649674, ""recall"": -0.01834862385321089}",3684.151295900345,0.017932415008544922,3706.1585924625397,386.20703125,289,ok,,0.2.0,"{""mode"": ""best"", ""elapsed_time"": 3661.65282702446, ""n_init_feats"": 76, ""n_added_feats"": 6, ""initial_metric"": null, ""final_metric"": 0.6755792057269797, ""pct_gain"": 0.044709970547083984}"
12,mfeat-factors,openml_task,amlb,multiclass,tabularaml,0,4500,1600,400,216,225,9,0.11564115469387616,categorical_crossentropy,False,0.1111692693125951,-0.040225913230630614,"{""accuracy"": 0.9929999999751749, ""categorical_crossentropy"": 0.11564115469387616, ""categorical_roc_auc"": 0.9980069444444446, ""f1"": 0.9647969158473956, ""precision"": 0.9653637338785993, ""recall"": 0.96499999975875}","{""accuracy"": -0.0005032712632109929, ""categorical_crossentropy"": -0.04022591323063035, ""categorical_roc_auc"": -0.0004451337835675221, ""f1"": -0.0024136782154693575, ""precision"": -0.0023004862157667144, ""recall"": -0.002583979328165377}",3697.886730194092,0.024918556213378906,3710.454468727112,403.2265625,387,ok,,0.2.0,"{""mode"": ""best"", ""elapsed_time"": 3672.6135222911835, ""n_init_feats"": 216, ""n_added_feats"": 9, ""initial_metric"": null, ""final_metric"": 0.13172789563406687, ""pct_gain"": 0.1379871927442156}"
3021,sick,openml_task,amlb,classification,tabularaml,3,4500,3017,755,27,33,6,0.9945115594529957,binary_roc_auc,True,0.9941742809836268,0.0003392548729335754,"{""accuracy"": 0.9841059602518661, ""binary_crossentropy"": 0.044450807097963126, ""binary_roc_auc"": 0.9945115594529957, ""f1"": 0.8636363584504132, ""precision"": 0.9047619045464852, ""recall"": 0.826086956342155}","{""accuracy"": -0.002684563758389256, ""binary_crossentropy"": -0.017623922328791213, ""binary_roc_auc"": 0.00033925487293368713, ""f1"": -0.025641025785368553, ""precision"": -0.025641025641025696, ""recall"": -0.025641025641025637}",990.7650990486145,0.04973101615905762,995.1335690021515,378.89453125,157,ok,,0.2.0,"{""mode"": ""best"", ""elapsed_time"": 989.163060426712, ""n_init_feats"": 27, ""n_added_feats"": 6, ""initial_metric"": null, ""final_metric"": 0.99762731844042, ""pct_gain"": 0.0006173632485168283}"
12,mfeat-factors,openml_task,amlb,multiclass,tabularaml,1,4500,1600,400,216,220,4,0.13517707606835758,categorical_crossentropy,False,0.1412384444635972,0.04291585352883072,"{""accuracy"": 0.9919999999752, ""categorical_crossentropy"": 0.13517707606835758, ""categorical_roc_auc"": 0.9987222222222224, ""f1"": 0.9600619336933949, ""precision"": 0.9613673722236117, ""recall"": 0.95999999976}","{""accuracy"": -0.0005037783375314966, ""categorical_crossentropy"": 0.0429158535288311, ""categorical_roc_auc"": 9.735608684182256e-05, ""f1"": -0.002442980924409062, ""precision"": -0.0020305845574877207, ""recall"": -0.0025974025974024846}",3698.4741559028625,0.02805805206298828,3718.10129237175,406.0703125,420,ok,,0.2.0,"{""mode"": ""best"", ""elapsed_time"": 3664.806382417679, ""n_init_feats"": 216, ""n_added_feats"": 4, ""initial_metric"": null, ""final_metric"": 0.1567626646504142, ""pct_gain"": 0.10481711129265743}"
22,mfeat-zernike,openml_task,amlb,multiclass,tabularaml,3,4500,1600,400,47,54,7,0.5762104257044848,categorical_crossentropy,False,0.5890374158590567,0.0217761890997449,"{""accuracy"": 0.95399999997615, ""categorical_crossentropy"": 0.5762104257044848, ""categorical_roc_auc"": 0.9710763888888888, ""f1"": 0.7720934151334482, ""precision"": 0.7755838095341355, ""recall"": 0.7699999998075}","{""accuracy"": 0.0015748031496064488, ""categorical_crossentropy"": 0.0217761890997449, ""categorical_roc_auc"": 0.0002861332665688348, ""f1"": 0.009728205270417623, ""precision"": 0.00930184581061953, ""recall"": 0.009836065573770354}",3717.1968789100647,0.014960765838623047,3725.47247505188,386.51171875,122,ok,,0.2.0,"{""mode"": ""best"", ""elapsed_time"": 3703.746337413788, ""n_init_feats"": 47, ""n_added_feats"": 7, ""initial_metric"": null, ""final_metric"": 0.9839110190103713, ""pct_gain"": 0.0180039281992311}"
16,mfeat-karhunen,openml_task,amlb,multiclass,tabularaml,0,4500,1600,400,64,72,8,0.14840093207159952,categorical_crossentropy,False,0.1419781445662011,-0.045237860552570015,"{""accuracy"": 0.9929999999751751, ""categorical_crossentropy"": 0.14840093207159952, ""categorical_roc_auc"": 0.9982083333333334, ""f1"": 0.9648239358514564, ""precision"": 0.9653737499137174, ""recall"": 0.96499999975875}","{""accuracy"": 0.0, ""categorical_crossentropy"": -0.045237860552570015, ""categorical_roc_auc"": -0.00027819894006208184, ""f1"": 0.00010518574514165198, ""precision"": 2.111472482875565e-06, ""recall"": 0.0}",3715.6507489681244,0.01752161979675293,3735.7527232170105,403.765625,831,ok,,0.2.0,"{""mode"": ""best"", ""elapsed_time"": 3696.0076365470886, ""n_init_feats"": 64, ""n_added_feats"": 8, ""initial_metric"": null, ""final_metric"": 0.1960431041944365, ""pct_gain"": -0.018115015731472235}"
12,mfeat-factors,openml_task,amlb,multiclass,tabularaml,4,4500,1600,400,216,223,7,0.11916645485987828,categorical_crossentropy,False,0.1072641835018294,-0.11096221468786824,"{""accuracy"": 0.9944999999751376, ""categorical_crossentropy"": 0.11916645485987828, ""categorical_roc_auc"": 0.9981041666666668, ""f1"": 0.9724240446623129, ""precision"": 0.9730246345138955, ""recall"": 0.9724999997568752}","{""accuracy"": -0.0005025125628140808, ""categorical_crossentropy"": -0.11096221468786824, ""categorical_roc_auc"": -0.0005424011682485547, ""f1"": -0.0025695014964284323, ""precision"": -0.0023912115648444068, ""recall"": -0.002564102564102452}",3722.6269085407257,0.040097713470458984,3742.0782237052917,400.578125,533,ok,,0.2.0,"{""mode"": ""best"", ""elapsed_time"": 3687.5179467201233, ""n_init_feats"": 216, ""n_added_feats"": 7, ""initial_metric"": null, ""final_metric"": 0.1325741108221983, ""pct_gain"": 0.08808415854859149}"
6,letter,openml_task,amlb,multiclass,tabularaml,1,4500,16000,4000,16,18,2,0.11980193007795878,categorical_crossentropy,False,0.1155606983529794,-0.036701333458755724,"{""accuracy"": 0.9970576923051996, ""categorical_crossentropy"": 0.11980193007795878, ""categorical_roc_auc"": 0.9995673481228233, ""f1"": 0.9615875280520569, ""precision"": 0.9620578442260826, ""recall"": 0.9615013969714592}","{""accuracy"": -3.857355011678574e-05, ""categorical_crossentropy"": -0.036701333458754974, ""categorical_roc_auc"": -5.9169769909072765e-06, ""f1"": -0.0005714211172290999, ""precision"": -0.0004709043931819836, ""recall"": -0.0006127964224083475}",3668.1789498329163,0.00648951530456543,3747.5377831459045,700.87890625,1786,ok,,0.2.0,"{""mode"": ""best"", ""elapsed_time"": 3631.5655806064606, ""n_init_feats"": 16, ""n_added_feats"": 2, ""initial_metric"": null, ""final_metric"": 0.16059459445400445, ""pct_gain"": 0.01879657796196703}"
6,letter,openml_task,amlb,multiclass,tabularaml,0,4500,16000,4000,16,19,3,0.10722752959453243,categorical_crossentropy,False,0.1168305045501175,0.08219578433358235,"{""accuracy"": 0.9972499999975066, ""categorical_crossentropy"": 0.10722752959453243, ""categorical_roc_auc"": 0.9997431191832914, ""f1"": 0.9639629440847973, ""precision"": 0.9644335621507412, ""recall"": 0.9638974071458113}","{""accuracy"": 0.0002700461007268987, ""categorical_crossentropy"": 0.082195784333583, ""categorical_roc_auc"": 7.164916880821e-05, ""f1"": 0.0035907892905074046, ""precision"": 0.0035796901794185217, ""recall"": 0.0035661620525256786}",3693.5173711776733,0.009802818298339844,3746.99750995636,635.10546875,968,ok,,0.2.0,"{""mode"": ""best"", ""elapsed_time"": 3646.4982273578644, ""n_init_feats"": 16, ""n_added_feats"": 3, ""initial_metric"": null, ""final_metric"": 0.15427672803557288, ""pct_gain"": 0.07619189385779343}"
43,spambase,openml_task,amlb,classification,tabularaml,1,4500,3680,921,57,68,11,0.9878945861350552,binary_roc_auc,True,0.987366331941112,0.0005350133753342386,"{""accuracy"": 0.9500542888061884, ""binary_crossentropy"": 0.13382510173439813, ""binary_roc_auc"": 0.9878945861350552, ""f1"": 0.9361111060854552, ""precision"": 0.9439775910099726, ""recall"": 0.9283746556218079}","{""accuracy"": 0.0, ""binary_crossentropy"": 0.018052932485595474, ""binary_roc_auc"": 0.0005350133753343511, ""f1"": -0.00018902038220756592, ""precision"": 0.002627086337337146, ""recall"": -0.002958579881656782}",3747.5324182510376,0.021668672561645508,3751.164290189743,463.8046875,266,ok,,0.2.0,"{""mode"": ""best"", ""elapsed_time"": 3603.660788536072, ""n_init_feats"": 57, ""n_added_feats"": 11, ""initial_metric"": null, ""final_metric"": 0.9858962976010816, ""pct_gain"": 1.8524468272520417e-05}"
6,letter,openml_task,amlb,multiclass,tabularaml,2,4500,16000,4000,16,23,7,0.11483063478355601,categorical_crossentropy,False,0.1198477487991486,0.041862396798130155,"{""accuracy"": 0.9973653846128911, ""categorical_crossentropy"": 0.11483063478355601, ""categorical_roc_auc"": 0.9996444991685518, ""f1"": 0.9656472619436761, ""precision"": 0.9659023113822442, ""recall"": 0.9656045603998221}","{""accuracy"": 0.00034718873565437033, ""categorical_crossentropy"": 0.041862396798130155, ""categorical_roc_auc"": 1.3026841091767196e-05, ""f1"": 0.004651757292236907, ""precision"": 0.0045222282618923495, ""recall"": 0.0046748746452598385}",3691.6412467956543,0.014600276947021484,3750.9840836524963,654.7421875,1092,ok,,0.2.0,"{""mode"": ""best"", ""elapsed_time"": 3644.9625327587128, ""n_init_feats"": 16, ""n_added_feats"": 7, ""initial_metric"": null, ""final_metric"": 0.14311268512299305, ""pct_gain"": 0.1254745896138514}"
6,letter,openml_task,amlb,multiclass,tabularaml,4,4500,16000,4000,16,22,6,0.10939347079672075,categorical_crossentropy,False,0.1161937423163487,0.058525281861681946,"{""accuracy"": 0.997038461535969, ""categorical_crossentropy"": 0.10939347079672075, ""categorical_roc_auc"": 0.999739161691311, ""f1"": 0.9613897120939606, ""precision"": 0.9618543214058202, ""recall"": 0.9613147642820193}","{""accuracy"": 0.00019291612007094012, ""categorical_crossentropy"": 0.05852528186168262, ""categorical_roc_auc"": 4.496137184676223e-05, ""f1"": 0.0025422288975277332, ""precision"": 0.0025507391452430053, ""recall"": 0.002543507861210045}",3701.3694701194763,0.011842966079711914,3755.188024997711,656.93359375,1104,ok,,0.2.0,"{""mode"": ""best"", ""elapsed_time"": 3665.142767906189, ""n_init_feats"": 16, ""n_added_feats"": 6, ""initial_metric"": null, ""final_metric"": 0.16390419320075356, ""pct_gain"": 0.049108411813029815}"
