dataset_id,dataset_name,dataset_source,suite,task,framework,seed,time_budget_s,n_train,n_test,n_features_before,n_features_after,n_added,score_holdout,scorer_name,scorer_greater_is_better,score_nofe_same_seed,pct_improvement,wall_time_fit,wall_time_transform,wall_time_total,peak_rss_mb,n_boost_rounds,status,error_msg,adapter_version,internal_log_json
3,kr-vs-kp,openml_task,amlb,classification,nofe,3,1200,2556,640,36,36,0,0.9998140972956049,binary_roc_auc,True,0.9998140972956049,0.0,0.0031976699829101562,0.00024271011352539062,3.178938388824463,334.8984375,258,ok,,1.0.0,{}
3,kr-vs-kp,openml_task,amlb,classification,nofe,0,1200,2556,640,36,36,0,0.9999804312942742,binary_roc_auc,True,0.9999804312942742,0.0,0.004555225372314453,0.00028967857360839844,3.022294282913208,335.953125,577,ok,,1.0.0,{}
3,kr-vs-kp,openml_task,amlb,classification,nofe,1,1200,2556,640,36,36,0,0.9979942076631052,binary_roc_auc,True,0.9979942076631052,0.0,0.006052255630493164,0.0004527568817138672,3.60652756690979,338.38671875,889,ok,,1.0.0,{}
3,kr-vs-kp,openml_task,amlb,classification,nofe,2,1200,2556,640,36,36,0,0.9998336660013307,binary_roc_auc,True,0.9998336660013307,0.0,0.007042407989501953,0.0004904270172119141,4.506286859512329,337.09765625,415,ok,,1.0.0,{}
11,balance-scale,openml_task,amlb,multiclass,nofe,0,1200,500,125,4,4,0,0.3983258527903943,categorical_crossentropy,False,0.3983258527903943,-0.0,0.0013353824615478516,5.626678466796875e-05,5.619489908218384,345.6328125,774,ok,,1.0.0,{}
11,balance-scale,openml_task,amlb,multiclass,nofe,4,1200,500,125,4,4,0,0.316971960455524,categorical_crossentropy,False,0.316971960455524,-0.0,0.01146078109741211,0.00014781951904296875,5.843836069107056,357.80078125,1244,ok,,1.0.0,{}
11,balance-scale,openml_task,amlb,multiclass,nofe,2,1200,500,125,4,4,0,0.4370946313311169,categorical_crossentropy,False,0.4370946313311169,-0.0,0.0014655590057373047,5.412101745605469e-05,6.531193494796753,342.4375,491,ok,,1.0.0,{}
11,balance-scale,openml_task,amlb,multiclass,nofe,1,1200,500,125,4,4,0,0.40813705633452446,categorical_crossentropy,False,0.40813705633452446,-0.0,0.0014226436614990234,0.001287221908569336,6.707290172576904,340.109375,427,ok,,1.0.0,{}
3,kr-vs-kp,openml_task,amlb,classification,nofe,4,1200,2556,640,36,36,0,0.9999217251770969,binary_roc_auc,True,0.9999217251770969,0.0,0.008449792861938477,0.0004754066467285156,7.475506067276001,332.7578125,374,ok,,1.0.0,{}
11,balance-scale,openml_task,amlb,multiclass,nofe,3,1200,500,125,4,4,0,0.5118981068106369,categorical_crossentropy,False,0.5118981068106369,-0.0,0.004793643951416016,6.67572021484375e-05,6.922606468200684,332.546875,144,ok,,1.0.0,{}
11,balance-scale,openml_task,amlb,multiclass,featuretools,1,1200,500,125,4,76,72,0.011021607324073557,categorical_crossentropy,False,0.40813705633452446,0.9729953280325524,0.543302059173584,0.16763806343078613,7.6529552936553955,356.796875,511,ok,,upstream-1.x,{}
11,balance-scale,openml_task,amlb,multiclass,featuretools,0,1200,500,125,4,76,72,0.04333022847561369,categorical_crossentropy,False,0.3983258527903943,0.8912191408815868,0.35174131393432617,0.11668968200683594,8.124352931976318,363.0703125,1072,ok,,upstream-1.x,{}
11,balance-scale,openml_task,amlb,multiclass,featuretools,2,1200,500,125,4,76,72,0.07498553406179417,categorical_crossentropy,False,0.4370946313311169,0.8284455385932443,0.5264225006103516,0.15355443954467773,15.313241243362427,356.25390625,488,ok,,upstream-1.x,{}
3,kr-vs-kp,openml_task,amlb,classification,featuretools,0,1200,2556,640,36,565,529,0.999794528589879,binary_roc_auc,True,0.9999804312942742,-0.00018590634234161922,1.9436521530151367,1.9012901782989502,16.238912343978882,373.80859375,1446,ok,,upstream-1.x,{}
3,kr-vs-kp,openml_task,amlb,classification,featuretools,3,1200,2556,640,36,565,529,0.9997260381198387,binary_roc_auc,True,0.9998140972956049,-8.807554924894954e-05,1.8891685009002686,1.8847465515136719,17.035801649093628,369.27734375,527,ok,,upstream-1.x,{}
11,balance-scale,openml_task,amlb,multiclass,featuretools,4,1200,500,125,4,76,72,0.02090707753042807,categorical_crossentropy,False,0.316971960455524,0.9340412397980493,0.5675721168518066,0.2142477035522461,11.136513233184814,360.94921875,630,ok,,upstream-1.x,{}
3,kr-vs-kp,openml_task,amlb,classification,featuretools,4,1200,2556,640,36,565,529,0.9999902156471371,binary_roc_auc,True,0.9999217251770969,6.849583153928892e-05,1.7688729763031006,2.3243489265441895,16.94478940963745,367.859375,244,ok,,upstream-1.x,{}
11,balance-scale,openml_task,amlb,multiclass,featuretools,3,1200,500,125,4,76,72,0.07792824147782085,categorical_crossentropy,False,0.5118981068106369,0.8477661072760163,0.49724578857421875,0.2224433422088623,16.39887809753418,366.07421875,1310,ok,,upstream-1.x,{}
11,balance-scale,openml_task,amlb,multiclass,tabularaml,3,1200,500,125,4,8,4,0.3958866148330271,categorical_crossentropy,False,0.5118981068106369,0.22663004694511424,11.32561993598938,0.007366180419921875,17.200812101364136,340.203125,137,ok,,0.2.0,"{""mode"": ""medium"", ""elapsed_time"": 11.014449119567871, ""n_init_feats"": 4, ""n_added_feats"": 4, ""initial_metric"": null, ""final_metric"": 0.2826479723303434, ""pct_gain"": 0.194702955279934}"
11,balance-scale,openml_task,amlb,multiclass,tabularaml,1,1200,500,125,4,8,4,0.14415784032968804,categorical_crossentropy,False,0.40813705633452446,0.6467906109178901,10.926024436950684,0.0075092315673828125,17.277953147888184,346.59375,308,ok,,0.2.0,"{""mode"": ""medium"", ""elapsed_time"": 10.612157821655273, ""n_init_feats"": 4, ""n_added_feats"": 4, ""initial_metric"": null, ""final_metric"": 0.28453623128757766, ""pct_gain"": 0.3404306773509363}"
11,balance-scale,openml_task,amlb,multiclass,openfe,2,1200,500,125,4,96,92,0.09619209565112397,categorical_crossentropy,False,0.4370946313311169,0.7799284439660514,7.4022533893585205,1.0854768753051758,17.20461630821228,349.44140625,887,ok,,upstream-0.0.12,{}
11,balance-scale,openml_task,amlb,multiclass,openfe,4,1200,500,125,4,92,88,0.03316458297538338,categorical_crossentropy,False,0.316971960455524,0.8953706096661604,8.728755235671997,1.0627872943878174,17.307817935943604,348.7109375,711,ok,,upstream-0.0.12,{}
3,kr-vs-kp,openml_task,amlb,classification,featuretools,1,1200,2556,640,36,565,529,0.9991291925952018,binary_roc_auc,True,0.9979942076631052,0.0011372660516279936,1.6433112621307373,2.048011064529419,18.790827751159668,367.5546875,688,ok,,upstream-1.x,{}
3,kr-vs-kp,openml_task,amlb,classification,featuretools,2,1200,2556,640,36,533,497,0.9998532347070564,binary_roc_auc,True,0.9998336660013307,1.957196120829502e-05,1.6636273860931396,2.299558639526367,18.46135187149048,368.4296875,308,ok,,upstream-1.x,{}
11,balance-scale,openml_task,amlb,multiclass,openfe,0,1200,500,125,4,91,87,0.07771158393612859,categorical_crossentropy,False,0.3983258527903943,0.8049044936658386,7.348800897598267,1.0575377941131592,18.397151947021484,355.83203125,1143,ok,,upstream-0.0.12,{}
11,balance-scale,openml_task,amlb,multiclass,openfe,1,1200,500,125,4,92,88,0.04744085069891298,categorical_crossentropy,False,0.40813705633452446,0.883762451944504,8.249292135238647,0.9949140548706055,18.339990377426147,360.27734375,1611,ok,,upstream-0.0.12,{}
11,balance-scale,openml_task,amlb,multiclass,openfe,3,1200,500,125,4,93,89,0.11914425555789784,categorical_crossentropy,False,0.5118981068106369,0.7672500562656464,6.652479648590088,1.1083471775054932,19.221253156661987,356.61328125,801,ok,,upstream-0.0.12,{}
3,kr-vs-kp,openml_task,amlb,classification,autofeat,2,1200,2556,640,36,,,,,,,,,,18.94414448738098,,,autofeat_internal_nan,"_AutofeatInternalNaNError: Input X contains NaN.
LogisticRegressionCV does not accept missing values encoded as NaN natively. For supervised learning, you might want to consider sklearn.ensemble.HistGradientBoostingClassifier and Regressor which accept missing values encoded as NaNs natively. Alternatively, it is possible to preprocess the data, for instance by using an imputer transformer in a pipeline or drop samples with",upstream-2.1.x,
11,balance-scale,openml_task,amlb,multiclass,tabularaml,2,1200,500,125,4,8,4,0.208325797411846,categorical_crossentropy,False,0.4370946313311169,0.5233851379564743,11.787317037582397,0.007950544357299805,19.197970151901245,348.01171875,549,ok,,0.2.0,"{""mode"": ""medium"", ""elapsed_time"": 11.462612867355347, ""n_init_feats"": 4, ""n_added_feats"": 4, ""initial_metric"": null, ""final_metric"": 0.20047716899274307, ""pct_gain"": 0.45094937641922683}"
11,balance-scale,openml_task,amlb,multiclass,tabularaml,0,1200,500,125,4,8,4,0.17145647424420168,categorical_crossentropy,False,0.3983258527903943,0.5695572530803695,13.369658470153809,0.010787010192871094,21.042197227478027,347.921875,561,ok,,0.2.0,"{""mode"": ""medium"", ""elapsed_time"": 13.040119171142578, ""n_init_feats"": 4, ""n_added_feats"": 4, ""initial_metric"": null, ""final_metric"": 0.20624559819553395, ""pct_gain"": 0.44559048034696297}"
12,mfeat-factors,openml_task,amlb,multiclass,nofe,0,1200,1600,400,216,216,0,0.1043045536131649,categorical_crossentropy,False,0.1043045536131649,-0.0,0.004408597946166992,0.00042438507080078125,26.305330991744995,397.2265625,907,ok,,1.0.0,{}
12,mfeat-factors,openml_task,amlb,multiclass,nofe,1,1200,1600,400,216,216,0,0.13339161737516406,categorical_crossentropy,False,0.13339161737516406,-0.0,0.005419492721557617,0.0005698204040527344,24.6909921169281,376.05078125,394,ok,,1.0.0,{}
12,mfeat-factors,openml_task,amlb,multiclass,nofe,2,1200,1600,400,216,216,0,0.1873058910931286,categorical_crossentropy,False,0.1873058910931286,-0.0,0.006577730178833008,0.0007622241973876953,16.21890139579773,366.5859375,233,ok,,1.0.0,{}
6,letter,openml_task,amlb,multiclass,nofe,4,1200,16000,4000,16,16,0,0.11902175575975389,categorical_crossentropy,False,0.11902175575975389,-0.0,0.005240440368652344,0.00048232078552246094,46.94895911216736,555.81640625,890,ok,,1.0.0,{}
14,mfeat-fourier,openml_task,amlb,multiclass,nofe,0,1200,1600,400,76,76,0,0.45402548640035095,categorical_crossentropy,False,0.45402548640035095,-0.0,0.007658481597900391,0.0009520053863525391,24.064417362213135,358.70703125,173,ok,,1.0.0,{}
12,mfeat-factors,openml_task,amlb,multiclass,nofe,4,1200,1600,400,216,216,0,0.10464548402269429,categorical_crossentropy,False,0.10464548402269429,-0.0,0.006758928298950195,0.0007684230804443359,24.751516342163086,385.9765625,653,ok,,1.0.0,{}
6,letter,openml_task,amlb,multiclass,nofe,3,1200,16000,4000,16,16,0,0.11147865348353861,categorical_crossentropy,False,0.11147865348353861,-0.0,0.0072095394134521484,0.0008389949798583984,48.236650466918945,566.34765625,946,ok,,1.0.0,{}
12,mfeat-factors,openml_task,amlb,multiclass,nofe,3,1200,1600,400,216,216,0,0.13735728453029877,categorical_crossentropy,False,0.13735728453029877,-0.0,0.01086568832397461,0.0011935234069824219,28.93094253540039,386.4375,665,ok,,1.0.0,{}
6,letter,openml_task,amlb,multiclass,nofe,1,1200,16000,4000,16,16,0,0.121318590357945,categorical_crossentropy,False,0.121318590357945,-0.0,0.007566928863525391,0.0006363391876220703,52.41946840286255,578.515625,1035,ok,,1.0.0,{}
14,mfeat-fourier,openml_task,amlb,multiclass,nofe,1,1200,1600,400,76,76,0,0.46211554071604044,categorical_crossentropy,False,0.46211554071604044,-0.0,0.006523609161376953,0.0007333755493164062,15.51616358757019,359.38671875,207,ok,,1.0.0,{}
11,balance-scale,openml_task,amlb,multiclass,tabularaml,4,1200,500,125,4,8,4,0.18991477149730782,categorical_crossentropy,False,0.316971960455524,0.4008467776633014,10.267421007156372,0.009296178817749023,69.60335183143616,344.9453125,273,ok,,0.2.0,"{""mode"": ""medium"", ""elapsed_time"": 9.827064275741577, ""n_init_feats"": 4, ""n_added_feats"": 4, ""initial_metric"": null, ""final_metric"": 0.32191385137879064, ""pct_gain"": 0.20467944526035228}"
6,letter,openml_task,amlb,multiclass,nofe,0,1200,16000,4000,16,16,0,0.1144544498559661,categorical_crossentropy,False,0.1144544498559661,-0.0,0.009952545166015625,0.0011434555053710938,76.545414686203,665.625,1627,ok,,1.0.0,{}
14,mfeat-fourier,openml_task,amlb,multiclass,nofe,2,1200,1600,400,76,76,0,0.4500774758253829,categorical_crossentropy,False,0.4500774758253829,-0.0,0.007310628890991211,0.00029158592224121094,20.67792296409607,363.375,283,ok,,1.0.0,{}
6,letter,openml_task,amlb,multiclass,nofe,2,1200,16000,4000,16,16,0,0.11872570477697286,categorical_crossentropy,False,0.11872570477697286,-0.0,0.009669780731201172,0.0012383460998535156,80.66515302658081,668.57421875,1660,ok,,1.0.0,{}
14,mfeat-fourier,openml_task,amlb,multiclass,nofe,3,1200,1600,400,76,76,0,0.4808481043062056,categorical_crossentropy,False,0.4808481043062056,-0.0,0.005103111267089844,0.00029349327087402344,19.969310760498047,360.31640625,226,ok,,1.0.0,{}
3,kr-vs-kp,openml_task,amlb,classification,openfe,3,1200,2556,640,36,678,642,0.9287356659230559,binary_roc_auc,True,0.9998140972956049,-0.07109164750207952,80.46788811683655,35.57453942298889,121.9027304649353,420.81640625,9,ok,,upstream-0.0.12,{}
3,kr-vs-kp,openml_task,amlb,classification,openfe,4,1200,2556,640,36,678,642,0.9811602285624829,binary_roc_auc,True,0.9999217251770969,-0.018762965282398632,94.17471265792847,36.211905002593994,137.1345191001892,422.16015625,85,ok,,upstream-0.0.12,{}
3,kr-vs-kp,openml_task,amlb,classification,openfe,2,1200,2556,640,36,740,704,0.9709991781143595,binary_roc_auc,True,0.9998336660013307,-0.028839284840537473,95.3727765083313,34.619492530822754,137.04322028160095,425.125,9,ok,,upstream-0.0.12,{}
3,kr-vs-kp,openml_task,amlb,classification,openfe,0,1200,2556,640,36,715,679,0.9825300379632891,binary_roc_auc,True,0.9999804312942742,-0.01745073481927946,93.68095278739929,37.86185574531555,137.75829529762268,427.78515625,10,ok,,upstream-0.0.12,{}
3,kr-vs-kp,openml_task,amlb,classification,openfe,1,1200,2556,640,36,706,670,0.7255733630777661,binary_roc_auc,True,0.9979942076631052,-0.2729683624349258,96.43888711929321,36.53936576843262,139.1903202533722,421.98828125,7,ok,,upstream-0.0.12,{}
14,mfeat-fourier,openml_task,amlb,multiclass,nofe,4,1200,1600,400,76,76,0,0.3853119794256054,categorical_crossentropy,False,0.3853119794256054,-0.0,0.004002809524536133,0.0004715919494628906,26.229602098464966,360.60546875,170,ok,,1.0.0,{}
11,balance-scale,openml_task,amlb,multiclass,autofeat,3,1200,500,125,4,11,7,0.12998707424942404,categorical_crossentropy,False,0.5118981068106369,0.7460684606565476,184.12208914756775,0.021266937255859375,188.81493282318115,531.28515625,307,ok,,upstream-2.1.x,{}
11,balance-scale,openml_task,amlb,multiclass,autofeat,0,1200,500,125,4,10,6,0.13898905504122377,categorical_crossentropy,False,0.3983258527903943,0.6510669491634475,187.18491744995117,0.027933597564697266,198.79757261276245,525.6640625,110,ok,,upstream-2.1.x,{}
11,balance-scale,openml_task,amlb,multiclass,autofeat,4,1200,500,125,4,6,2,0.25136145499620033,categorical_crossentropy,False,0.316971960455524,0.20699151232504626,191.81818747520447,0.014040708541870117,194.81540203094482,534.53125,841,ok,,upstream-2.1.x,{}
11,balance-scale,openml_task,amlb,multiclass,autofeat,1,1200,500,125,4,13,9,0.02079624801786849,categorical_crossentropy,False,0.40813705633452446,0.9490459204938668,203.0510139465332,0.036164045333862305,211.2905249595642,542.390625,754,ok,,upstream-2.1.x,{}
15,breast-w,openml_task,amlb,classification,nofe,0,1200,559,140,9,9,0,0.9884510869565217,binary_roc_auc,True,0.9884510869565217,0.0,0.005311489105224609,8.988380432128906e-05,10.437327146530151,329.91015625,128,ok,,1.0.0,{}
11,balance-scale,openml_task,amlb,multiclass,autofeat,2,1200,500,125,4,10,6,0.17404839216999243,categorical_crossentropy,False,0.4370946313311169,0.6018061543333307,215.60169410705566,0.03266167640686035,221.23428773880005,531.8515625,275,ok,,upstream-2.1.x,{}
15,breast-w,openml_task,amlb,classification,featuretools,0,1200,559,140,9,396,387,0.9898097826086956,binary_roc_auc,True,0.9884510869565217,0.001374570446735317,1.7598974704742432,1.809844732284546,8.43812346458435,364.421875,239,ok,,upstream-1.x,{}
15,breast-w,openml_task,amlb,classification,openfe,0,1200,559,140,9,537,528,0.9859601449275363,binary_roc_auc,True,0.9884510869565217,-0.00252004581901486,41.078232765197754,8.169221639633179,54.561901807785034,362.5625,116,ok,,upstream-0.0.12,{}
15,breast-w,openml_task,amlb,classification,nofe,1,1200,559,140,9,9,0,0.9827898550724637,binary_roc_auc,True,0.9827898550724637,0.0,0.005576372146606445,0.00011038780212402344,3.0948262214660645,329.55859375,139,ok,,1.0.0,{}
3,kr-vs-kp,openml_task,amlb,classification,tabularaml,1,1200,2556,640,36,36,0,0.9979942076631052,binary_roc_auc,True,0.9979942076631052,0.0,284.63247418403625,0.04362630844116211,288.69688510894775,364.88671875,889,ok,,0.2.0,"{""mode"": ""medium"", ""elapsed_time"": 283.4213240146637, ""n_init_feats"": 36, ""n_added_feats"": 0, ""initial_metric"": null, ""final_metric"": 0.9997378383103053, ""pct_gain"": 0.00018363215203872182}"
3,kr-vs-kp,openml_task,amlb,classification,tabularaml,4,1200,2556,640,36,36,0,0.9999217251770969,binary_roc_auc,True,0.9999217251770969,0.0,311.6542320251465,0.052154541015625,315.99686646461487,366.34765625,374,ok,,0.2.0,"{""mode"": ""medium"", ""elapsed_time"": 309.97430753707886, ""n_init_feats"": 36, ""n_added_feats"": 0, ""initial_metric"": null, ""final_metric"": 0.999714270735032, ""pct_gain"": 0.00047489572662737397}"
3,kr-vs-kp,openml_task,amlb,classification,tabularaml,2,1200,2556,640,36,36,0,0.9998336660013307,binary_roc_auc,True,0.9998336660013307,0.0,309.1327648162842,0.05049848556518555,316.21767711639404,365.52734375,415,ok,,0.2.0,"{""mode"": ""medium"", ""elapsed_time"": 307.73058223724365, ""n_init_feats"": 36, ""n_added_feats"": 0, ""initial_metric"": null, ""final_metric"": 0.9993761041822535, ""pct_gain"": 0.0001994749044525132}"
15,breast-w,openml_task,amlb,classification,openfe,1,1200,559,140,9,488,479,0.9870923913043478,binary_roc_auc,True,0.9827898550724637,0.0043778801843317745,28.679571628570557,6.146605730056763,39.85848093032837,356.0390625,199,ok,,upstream-0.0.12,{}
15,breast-w,openml_task,amlb,classification,nofe,2,1200,559,140,9,9,0,0.996376811594203,binary_roc_auc,True,0.996376811594203,0.0,0.005842924118041992,7.700920104980469e-05,2.759638547897339,327.53125,120,ok,,1.0.0,{}
15,breast-w,openml_task,amlb,classification,featuretools,1,1200,559,140,9,396,387,0.987998188405797,binary_roc_auc,True,0.9827898550724637,0.005299539170506838,1.4406607151031494,1.6653778553009033,10.062031269073486,360.0703125,289,ok,,upstream-1.x,{}
3,kr-vs-kp,openml_task,amlb,classification,tabularaml,0,1200,2556,640,36,36,0,0.9999804312942742,binary_roc_auc,True,0.9999804312942742,0.0,338.0304048061371,0.04757881164550781,341.43206572532654,370.08984375,577,ok,,0.2.0,"{""mode"": ""medium"", ""elapsed_time"": 336.5521340370178, ""n_init_feats"": 36, ""n_added_feats"": 0, ""initial_metric"": null, ""final_metric"": 0.9994835828027278, ""pct_gain"": 6.831558181770473e-05}"
15,breast-w,openml_task,amlb,classification,featuretools,2,1200,559,140,9,396,387,0.9990942028985508,binary_roc_auc,True,0.996376811594203,0.0027272727272726833,1.7224693298339844,1.8631024360656738,9.136900186538696,360.06640625,129,ok,,upstream-1.x,{}
15,breast-w,openml_task,amlb,classification,tabularaml,0,1200,559,140,9,15,6,0.993659420289855,binary_roc_auc,True,0.9884510869565217,0.0052691867124856065,126.98974800109863,0.0220489501953125,130.74457025527954,342.390625,72,ok,,0.2.0,"{""mode"": ""medium"", ""elapsed_time"": 126.58438467979431, ""n_init_feats"": 9, ""n_added_feats"": 6, ""initial_metric"": null, ""final_metric"": 0.9961736302912774, ""pct_gain"": 0.004868038808265126}"
15,breast-w,openml_task,amlb,classification,nofe,3,1200,559,140,9,9,0,0.9791666666666666,binary_roc_auc,True,0.9791666666666666,0.0,0.010567903518676758,0.00014328956604003906,3.513577699661255,331.66796875,90,ok,,1.0.0,{}
15,breast-w,openml_task,amlb,classification,openfe,2,1200,559,140,9,561,552,0.9981884057971016,binary_roc_auc,True,0.996376811594203,0.001818181818181826,37.91089606285095,8.931938171386719,59.100966691970825,364.0625,216,ok,,upstream-0.0.12,{}
15,breast-w,openml_task,amlb,classification,openfe,3,1200,559,140,9,564,555,0.9814311594202898,binary_roc_auc,True,0.9791666666666666,0.0023126734505087704,40.56385397911072,6.840933561325073,52.33230519294739,366.24609375,90,ok,,upstream-0.0.12,{}
15,breast-w,openml_task,amlb,classification,featuretools,3,1200,559,140,9,396,387,0.9756567028985508,binary_roc_auc,True,0.9791666666666666,-0.003584643848288531,1.595672607421875,1.3502089977264404,6.975335359573364,357.8359375,83,ok,,upstream-1.x,{}
15,breast-w,openml_task,amlb,classification,autofeat,0,1200,559,140,9,13,4,0.9925271739130436,binary_roc_auc,True,0.9884510869565217,0.004123711340206288,256.0021035671234,0.024345874786376953,261.5288689136505,524.08984375,121,ok,,upstream-2.1.x,{}
15,breast-w,openml_task,amlb,classification,nofe,4,1200,559,140,9,9,0,0.9875452898550725,binary_roc_auc,True,0.9875452898550725,0.0,0.0034804344177246094,8.153915405273438e-05,3.1303577423095703,330.25390625,583,ok,,1.0.0,{}
15,breast-w,openml_task,amlb,classification,tabularaml,2,1200,559,140,9,14,5,0.9961503623188407,binary_roc_auc,True,0.996376811594203,-0.00022727272727271434,162.27732276916504,0.012358903884887695,167.67515444755554,342.625,141,ok,,0.2.0,"{""mode"": ""medium"", ""elapsed_time"": 161.98325634002686, ""n_init_feats"": 9, ""n_added_feats"": 5, ""initial_metric"": null, ""final_metric"": 0.9955161701044053, ""pct_gain"": 0.006521243944601137}"
15,breast-w,openml_task,amlb,classification,openfe,4,1200,559,140,9,559,550,0.9916213768115942,binary_roc_auc,True,0.9875452898550725,0.004127493694106846,35.35989165306091,7.03448224067688,49.429277420043945,365.49609375,360,ok,,upstream-0.0.12,{}
15,breast-w,openml_task,amlb,classification,featuretools,4,1200,559,140,9,396,387,0.9864130434782609,binary_roc_auc,True,0.9875452898550725,-0.0011465260261408405,1.4096572399139404,1.5687947273254395,8.59049677848816,361.5625,437,ok,,upstream-1.x,{}
15,breast-w,openml_task,amlb,classification,tabularaml,3,1200,559,140,9,11,2,0.9766757246376813,binary_roc_auc,True,0.9791666666666666,-0.0025439407955595225,120.29710054397583,0.008016586303710938,123.15371584892273,342.2421875,81,ok,,0.2.0,"{""mode"": ""medium"", ""elapsed_time"": 119.97164964675903, ""n_init_feats"": 9, ""n_added_feats"": 2, ""initial_metric"": null, ""final_metric"": 0.9981625433390139, ""pct_gain"": 0.004495403662309607}"
16,mfeat-karhunen,openml_task,amlb,multiclass,nofe,0,1200,1600,400,64,64,0,0.14032319673566235,categorical_crossentropy,False,0.14032319673566235,-0.0,0.00431513786315918,0.00038123130798339844,20.97440814971924,379.17578125,754,ok,,1.0.0,{}
15,breast-w,openml_task,amlb,classification,tabularaml,1,1200,559,140,9,17,8,0.9850543478260869,binary_roc_auc,True,0.9827898550724637,0.0023041474654377702,281.4650979042053,0.01247262954711914,284.5713174343109,347.66015625,113,ok,,0.2.0,"{""mode"": ""medium"", ""elapsed_time"": 281.24344849586487, ""n_init_feats"": 9, ""n_added_feats"": 8, ""initial_metric"": null, ""final_metric"": 0.9987758907758908, ""pct_gain"": 0.005517591613797379}"
15,breast-w,openml_task,amlb,classification,autofeat,2,1200,559,140,9,19,10,0.9968297101449275,binary_roc_auc,True,0.996376811594203,0.00045454545454531723,278.2186574935913,0.03799867630004883,281.48493790626526,534.91796875,150,ok,,upstream-2.1.x,{}
15,breast-w,openml_task,amlb,classification,autofeat,1,1200,559,140,9,15,6,0.9812047101449275,binary_roc_auc,True,0.9827898550724637,-0.0016129032258064729,322.5983564853668,0.024662494659423828,325.4567084312439,524.90234375,100,ok,,upstream-2.1.x,{}
15,breast-w,openml_task,amlb,classification,autofeat,3,1200,559,140,9,17,8,0.9729393115942029,binary_roc_auc,True,0.9791666666666666,-0.006359851988899146,265.42486596107483,0.021753549575805664,268.53659081459045,528.51953125,82,ok,,upstream-2.1.x,{}
16,mfeat-karhunen,openml_task,amlb,multiclass,nofe,1,1200,1600,400,64,64,0,0.2112247165216104,categorical_crossentropy,False,0.2112247165216104,-0.0,0.004179716110229492,0.0003762245178222656,19.687782049179077,364.4921875,433,ok,,1.0.0,{}
15,breast-w,openml_task,amlb,classification,tabularaml,4,1200,559,140,9,15,6,0.9791666666666666,binary_roc_auc,True,0.9875452898550725,-0.008484292593441951,200.54405665397644,0.015638113021850586,204.49096393585205,353.18359375,1348,ok,,0.2.0,"{""mode"": ""medium"", ""elapsed_time"": 200.20669627189636, ""n_init_feats"": 9, ""n_added_feats"": 6, ""initial_metric"": null, ""final_metric"": 0.9971129262893967, ""pct_gain"": 0.005312372970572844}"
15,breast-w,openml_task,amlb,classification,autofeat,4,1200,559,140,9,9,0,0.9895833333333333,binary_roc_auc,True,0.9875452898550725,0.0020637468470533107,346.0866765975952,0.012207746505737305,350.17263555526733,523.2421875,401,ok,,upstream-2.1.x,{}
3,kr-vs-kp,openml_task,amlb,classification,tabularaml,3,1200,2556,640,36,36,0,0.9998140972956049,binary_roc_auc,True,0.9998140972956049,0.0,906.3296732902527,0.0562283992767334,910.5924003124237,402.296875,258,ok,,0.2.0,"{""mode"": ""medium"", ""elapsed_time"": 904.7516672611237, ""n_init_feats"": 36, ""n_added_feats"": 0, ""initial_metric"": null, ""final_metric"": 0.9997273775820489, ""pct_gain"": 0.0004226163074923787}"
12,mfeat-factors,openml_task,amlb,multiclass,tabularaml,1,1200,1600,400,216,216,0,0.13339161737516406,categorical_crossentropy,False,0.13339161737516406,-0.0,985.3122386932373,0.015703439712524414,1004.5454385280609,399.44921875,394,ok,,0.2.0,"{""mode"": ""medium"", ""elapsed_time"": 935.3437650203705, ""n_init_feats"": 216, ""n_added_feats"": 0, ""initial_metric"": null, ""final_metric"": 0.14961917061852723, ""pct_gain"": 0.0}"
12,mfeat-factors,openml_task,amlb,multiclass,tabularaml,0,1200,1600,400,216,216,0,0.1043045536131649,categorical_crossentropy,False,0.1043045536131649,-0.0,988.8760056495667,0.022099733352661133,1022.1995267868042,419.08203125,907,ok,,0.2.0,"{""mode"": ""medium"", ""elapsed_time"": 940.4460258483887, ""n_init_feats"": 216, ""n_added_feats"": 0, ""initial_metric"": null, ""final_metric"": 0.1480544838592349, ""pct_gain"": 0.0}"
16,mfeat-karhunen,openml_task,amlb,multiclass,nofe,2,1200,1600,400,64,64,0,0.24329914196718164,categorical_crossentropy,False,0.24329914196718164,-0.0,0.0041272640228271484,0.0004062652587890625,20.496729612350464,380.2265625,687,ok,,1.0.0,{}
12,mfeat-factors,openml_task,amlb,multiclass,tabularaml,2,1200,1600,400,216,216,0,0.1873058910931286,categorical_crossentropy,False,0.1873058910931286,-0.0,1008.7733414173126,0.02040386199951172,1028.271877527237,398.55078125,233,ok,,0.2.0,"{""mode"": ""medium"", ""elapsed_time"": 957.6435298919678, ""n_init_feats"": 216, ""n_added_feats"": 0, ""initial_metric"": null, ""final_metric"": 0.13400654518787689, ""pct_gain"": 0.0}"
14,mfeat-fourier,openml_task,amlb,multiclass,tabularaml,0,1200,1600,400,76,78,2,0.45392229746677915,categorical_crossentropy,False,0.45402548640035095,0.00022727564126392947,996.0644493103027,0.016575336456298828,1016.6560606956482,387.04296875,167,ok,,0.2.0,"{""mode"": ""medium"", ""elapsed_time"": 962.7268693447113, ""n_init_feats"": 76, ""n_added_feats"": 2, ""initial_metric"": null, ""final_metric"": 0.7301044581139654, ""pct_gain"": 0.015389184376848136}"
14,mfeat-fourier,openml_task,amlb,multiclass,tabularaml,1,1200,1600,400,76,76,0,0.46211554071604044,categorical_crossentropy,False,0.46211554071604044,-0.0,979.201700925827,0.008764028549194336,1002.9097826480865,388.53515625,207,ok,,0.2.0,"{""mode"": ""medium"", ""elapsed_time"": 943.2885773181915, ""n_init_feats"": 76, ""n_added_feats"": 0, ""initial_metric"": null, ""final_metric"": 0.7072795199641594, ""pct_gain"": 0.0}"
16,mfeat-karhunen,openml_task,amlb,multiclass,nofe,3,1200,1600,400,64,64,0,0.16038095012754638,categorical_crossentropy,False,0.16038095012754638,-0.0,0.0069887638092041016,0.0002593994140625,24.518476247787476,409.8828125,1336,ok,,1.0.0,{}
14,mfeat-fourier,openml_task,amlb,multiclass,tabularaml,2,1200,1600,400,76,77,1,0.45625971864414167,categorical_crossentropy,False,0.4500774758253829,-0.013735952476673861,983.4655160903931,0.014846086502075195,1011.2872114181519,390.94140625,232,ok,,0.2.0,"{""mode"": ""medium"", ""elapsed_time"": 947.0691847801208, ""n_init_feats"": 76, ""n_added_feats"": 1, ""initial_metric"": null, ""final_metric"": 0.6837388368215123, ""pct_gain"": 0.009857054808180856}"
12,mfeat-factors,openml_task,amlb,multiclass,tabularaml,3,1200,1600,400,216,216,0,0.13735728453029877,categorical_crossentropy,False,0.13735728453029877,-0.0,1055.3731739521027,0.0161893367767334,1072.381504058838,404.1015625,665,ok,,0.2.0,"{""mode"": ""medium"", ""elapsed_time"": 1021.8506693840027, ""n_init_feats"": 216, ""n_added_feats"": 0, ""initial_metric"": null, ""final_metric"": 0.15606726636723497, ""pct_gain"": 0.0}"
12,mfeat-factors,openml_task,amlb,multiclass,tabularaml,4,1200,1600,400,216,216,0,0.10464548402269429,categorical_crossentropy,False,0.10464548402269429,-0.0,1088.448518037796,0.014353752136230469,1107.7938985824585,401.734375,653,ok,,0.2.0,"{""mode"": ""medium"", ""elapsed_time"": 1045.4279885292053, ""n_init_feats"": 216, ""n_added_feats"": 0, ""initial_metric"": null, ""final_metric"": 0.1467624295310681, ""pct_gain"": 0.0}"
14,mfeat-fourier,openml_task,amlb,multiclass,tabularaml,3,1200,1600,400,76,76,0,0.4808481043062056,categorical_crossentropy,False,0.4808481043062056,-0.0,994.4663355350494,0.005272626876831055,1013.3515257835388,389.5234375,226,ok,,0.2.0,"{""mode"": ""medium"", ""elapsed_time"": 970.7068450450897, ""n_init_feats"": 76, ""n_added_feats"": 0, ""initial_metric"": null, ""final_metric"": 0.6937168044650726, ""pct_gain"": 0.0}"
16,mfeat-karhunen,openml_task,amlb,multiclass,nofe,4,1200,1600,400,64,64,0,0.14548451025548276,categorical_crossentropy,False,0.14548451025548276,-0.0,0.004342555999755859,0.0004177093505859375,24.979490518569946,394.875,1043,ok,,1.0.0,{}
6,letter,openml_task,amlb,multiclass,tabularaml,4,1200,16000,4000,16,18,2,0.11829268902328556,categorical_crossentropy,False,0.11902175575975389,0.006125491359243235,1117.0335006713867,0.007910728454589844,1188.1649222373962,590.51953125,888,ok,,0.2.0,"{""mode"": ""medium"", ""elapsed_time"": 1012.0205507278442, ""n_init_feats"": 16, ""n_added_feats"": 2, ""initial_metric"": null, ""final_metric"": 0.1474284442836271, ""pct_gain"": -0.0010859989575568595}"
6,letter,openml_task,amlb,multiclass,tabularaml,3,1200,16000,4000,16,19,3,0.11250718647678423,categorical_crossentropy,False,0.11147865348353861,-0.009226277507895272,1132.4592456817627,0.007909774780273438,1195.1459913253784,596.45703125,923,ok,,0.2.0,"{""mode"": ""medium"", ""elapsed_time"": 1037.7208127975464, ""n_init_feats"": 16, ""n_added_feats"": 3, ""initial_metric"": null, ""final_metric"": 0.13999986720146868, ""pct_gain"": 0.06506903328140738}"
6,letter,openml_task,amlb,multiclass,tabularaml,1,1200,16000,4000,16,19,3,0.12365226062948566,categorical_crossentropy,False,0.121318590357945,-0.01923588350849835,1134.5650961399078,0.009498119354248047,1195.5197048187256,614.36328125,1039,ok,,0.2.0,"{""mode"": ""medium"", ""elapsed_time"": 1036.8846735954285, ""n_init_feats"": 16, ""n_added_feats"": 3, ""initial_metric"": null, ""final_metric"": 0.1537725303624144, ""pct_gain"": -0.017642878976788175}"
14,mfeat-fourier,openml_task,amlb,multiclass,tabularaml,4,1200,1600,400,76,77,1,0.3901164361048723,categorical_crossentropy,False,0.3853119794256054,-0.012469004172745955,1003.8563146591187,0.3244047164916992,1034.15016913414,384.34765625,149,ok,,0.2.0,"{""mode"": ""medium"", ""elapsed_time"": 953.0975904464722, ""n_init_feats"": 76, ""n_added_feats"": 1, ""initial_metric"": null, ""final_metric"": 0.7168001859969063, ""pct_gain"": 0.0040955769768348796}"
18,mfeat-morphological,openml_task,amlb,multiclass,nofe,0,1200,1600,400,6,6,0,0.7048181116237537,categorical_crossentropy,False,0.7048181116237537,-0.0,0.004634380340576172,0.0001289844512939453,3.735361099243164,345.7890625,149,ok,,1.0.0,{}
6,letter,openml_task,amlb,multiclass,tabularaml,0,1200,16000,4000,16,17,1,0.11831794781121335,categorical_crossentropy,False,0.1144544498559661,-0.03375576886795773,1186.7557187080383,0.010859251022338867,1276.2122566699982,707.16015625,1702,ok,,0.2.0,"{""mode"": ""medium"", ""elapsed_time"": 1078.1054780483246, ""n_init_feats"": 16, ""n_added_feats"": 1, ""initial_metric"": null, ""final_metric"": 0.15166921692890784, ""pct_gain"": 0.0015488377891461655}"
6,letter,openml_task,amlb,multiclass,tabularaml,2,1200,16000,4000,16,18,2,0.11733258959545066,categorical_crossentropy,False,0.11872570477697286,0.011733896919282795,1154.629406452179,0.010849237442016602,1286.8038337230682,653.546875,1741,ok,,0.2.0,"{""mode"": ""medium"", ""elapsed_time"": 1057.0419328212738, ""n_init_feats"": 16, ""n_added_feats"": 2, ""initial_metric"": null, ""final_metric"": 0.14958294890500692, ""pct_gain"": 0.010984649990681106}"
18,mfeat-morphological,openml_task,amlb,multiclass,openfe,0,1200,1600,400,6,131,125,0.7298733886529226,categorical_crossentropy,False,0.7048181116237537,-0.0355485714909436,36.176928997039795,1.963758945465088,53.2379469871521,361.48828125,113,ok,,upstream-0.0.12,{}
18,mfeat-morphological,openml_task,amlb,multiclass,featuretools,0,1200,1600,400,6,144,138,0.7517340138857252,categorical_crossentropy,False,0.7048181116237537,-0.06656455259625361,0.6269314289093018,0.7189815044403076,20.487071990966797,369.5546875,101,ok,,upstream-1.x,{}
18,mfeat-morphological,openml_task,amlb,multiclass,nofe,1,1200,1600,400,6,6,0,0.6376916209072806,categorical_crossentropy,False,0.6376916209072806,-0.0,0.007663249969482422,9.274482727050781e-05,3.6580238342285156,344.0,103,ok,,1.0.0,{}
18,mfeat-morphological,openml_task,amlb,multiclass,openfe,1,1200,1600,400,6,133,127,0.6747886009979993,categorical_crossentropy,False,0.6376916209072806,-0.058173855315738196,32.04380178451538,1.9221899509429932,47.134795904159546,355.125,81,ok,,upstream-0.0.12,{}
6,letter,openml_task,amlb,multiclass,autofeat,4,1200,,,,,,,,,,,,,1380,,,timeout,wall-clock exceeded 1380s,,
6,letter,openml_task,amlb,multiclass,openfe,4,1200,,,,,,,,,,,,,1380,,,timeout,wall-clock exceeded 1380s,,
6,letter,openml_task,amlb,multiclass,openfe,2,1200,,,,,,,,,,,,,1380,,,timeout,wall-clock exceeded 1380s,,
6,letter,openml_task,amlb,multiclass,openfe,0,1200,,,,,,,,,,,,,1380,,,timeout,wall-clock exceeded 1380s,,
3,kr-vs-kp,openml_task,amlb,classification,autofeat,1,1200,,,,,,,,,,,,,1380,,,timeout,wall-clock exceeded 1380s,,
6,letter,openml_task,amlb,multiclass,openfe,3,1200,,,,,,,,,,,,,1380,,,timeout,wall-clock exceeded 1380s,,
6,letter,openml_task,amlb,multiclass,openfe,1,1200,,,,,,,,,,,,,1380,,,timeout,wall-clock exceeded 1380s,,
3,kr-vs-kp,openml_task,amlb,classification,autofeat,0,1200,,,,,,,,,,,,,1380,,,timeout,wall-clock exceeded 1380s,,
3,kr-vs-kp,openml_task,amlb,classification,autofeat,3,1200,,,,,,,,,,,,,1380,,,timeout,wall-clock exceeded 1380s,,
6,letter,openml_task,amlb,multiclass,featuretools,1,1200,,,,,,,,,,,,,1380,,,timeout,wall-clock exceeded 1380s,,
3,kr-vs-kp,openml_task,amlb,classification,autofeat,4,1200,,,,,,,,,,,,,1380,,,timeout,wall-clock exceeded 1380s,,
6,letter,openml_task,amlb,multiclass,autofeat,3,1200,,,,,,,,,,,,,1380,,,timeout,wall-clock exceeded 1380s,,
6,letter,openml_task,amlb,multiclass,autofeat,2,1200,,,,,,,,,,,,,1380,,,timeout,wall-clock exceeded 1380s,,
6,letter,openml_task,amlb,multiclass,autofeat,1,1200,,,,,,,,,,,,,1380,,,timeout,wall-clock exceeded 1380s,,
6,letter,openml_task,amlb,multiclass,autofeat,0,1200,,,,,,,,,,,,,1380,,,timeout,wall-clock exceeded 1380s,,
6,letter,openml_task,amlb,multiclass,featuretools,4,1200,,,,,,,,,,,,,1380,,,timeout,wall-clock exceeded 1380s,,
6,letter,openml_task,amlb,multiclass,featuretools,3,1200,,,,,,,,,,,,,1380,,,timeout,wall-clock exceeded 1380s,,
6,letter,openml_task,amlb,multiclass,featuretools,0,1200,,,,,,,,,,,,,1380,,,timeout,wall-clock exceeded 1380s,,
6,letter,openml_task,amlb,multiclass,featuretools,2,1200,,,,,,,,,,,,,1380,,,timeout,wall-clock exceeded 1380s,,
18,mfeat-morphological,openml_task,amlb,multiclass,nofe,3,1200,1600,400,6,6,0,0.6498038967303,categorical_crossentropy,False,0.6498038967303,-0.0,0.007766008377075195,0.0001506805419921875,3.599398612976074,345.70703125,99,ok,,1.0.0,{}
18,mfeat-morphological,openml_task,amlb,multiclass,nofe,2,1200,1600,400,6,6,0,0.7318049381300807,categorical_crossentropy,False,0.7318049381300807,-0.0,0.002302885055541992,8.225440979003906e-05,4.7279276847839355,344.6171875,88,ok,,1.0.0,{}
12,mfeat-factors,openml_task,amlb,multiclass,autofeat,0,1200,,,,,,,,,,,,,1380,,,timeout,wall-clock exceeded 1380s,,
12,mfeat-factors,openml_task,amlb,multiclass,openfe,0,1200,,,,,,,,,,,,,1380,,,timeout,wall-clock exceeded 1380s,,
18,mfeat-morphological,openml_task,amlb,multiclass,nofe,4,1200,1600,400,6,6,0,0.6659609004145023,categorical_crossentropy,False,0.6659609004145023,-0.0,0.0025548934936523438,0.00011563301086425781,4.961275339126587,347.41015625,123,ok,,1.0.0,{}
12,mfeat-factors,openml_task,amlb,multiclass,featuretools,0,1200,,,,,,,,,,,,,1380,,,timeout,wall-clock exceeded 1380s,,
12,mfeat-factors,openml_task,amlb,multiclass,openfe,1,1200,,,,,,,,,,,,,1380,,,timeout,wall-clock exceeded 1380s,,
12,mfeat-factors,openml_task,amlb,multiclass,autofeat,1,1200,,,,,,,,,,,,,1380,,,timeout,wall-clock exceeded 1380s,,
12,mfeat-factors,openml_task,amlb,multiclass,featuretools,1,1200,,,,,,,,,,,,,1380,,,timeout,wall-clock exceeded 1380s,,
22,mfeat-zernike,openml_task,amlb,multiclass,nofe,0,1200,1600,400,47,47,0,0.5969461210348527,categorical_crossentropy,False,0.5969461210348527,-0.0,0.005404472351074219,0.0002777576446533203,10.816675424575806,352.05078125,179,ok,,1.0.0,{}
12,mfeat-factors,openml_task,amlb,multiclass,openfe,2,1200,,,,,,,,,,,,,1380,,,timeout,wall-clock exceeded 1380s,,
12,mfeat-factors,openml_task,amlb,multiclass,autofeat,2,1200,,,,,,,,,,,,,1380,,,timeout,wall-clock exceeded 1380s,,
12,mfeat-factors,openml_task,amlb,multiclass,openfe,3,1200,,,,,,,,,,,,,1380,,,timeout,wall-clock exceeded 1380s,,
12,mfeat-factors,openml_task,amlb,multiclass,autofeat,3,1200,,,,,,,,,,,,,1380,,,timeout,wall-clock exceeded 1380s,,
12,mfeat-factors,openml_task,amlb,multiclass,featuretools,2,1200,,,,,,,,,,,,,1380,,,timeout,wall-clock exceeded 1380s,,
12,mfeat-factors,openml_task,amlb,multiclass,featuretools,3,1200,,,,,,,,,,,,,1380,,,timeout,wall-clock exceeded 1380s,,
12,mfeat-factors,openml_task,amlb,multiclass,autofeat,4,1200,,,,,,,,,,,,,1380,,,timeout,wall-clock exceeded 1380s,,
12,mfeat-factors,openml_task,amlb,multiclass,openfe,4,1200,,,,,,,,,,,,,1380,,,timeout,wall-clock exceeded 1380s,,
12,mfeat-factors,openml_task,amlb,multiclass,featuretools,4,1200,,,,,,,,,,,,,1380,,,timeout,wall-clock exceeded 1380s,,
18,mfeat-morphological,openml_task,amlb,multiclass,featuretools,2,1200,1600,400,6,144,138,0.7906615629978478,categorical_crossentropy,False,0.7318049381300807,-0.08042665716107145,0.6134805679321289,0.6278998851776123,19.56181836128235,365.6484375,77,ok,,upstream-1.x,{}
14,mfeat-fourier,openml_task,amlb,multiclass,openfe,0,1200,,,,,,,,,,,,,1380,,,timeout,wall-clock exceeded 1380s,,
18,mfeat-morphological,openml_task,amlb,multiclass,featuretools,3,1200,1600,400,6,144,138,0.6788297664700076,categorical_crossentropy,False,0.6498038967303,-0.04466866063093908,0.4901463985443115,0.5743992328643799,20.991465091705322,364.171875,87,ok,,upstream-1.x,{}
18,mfeat-morphological,openml_task,amlb,multiclass,featuretools,4,1200,1600,400,6,144,138,0.7487322531756945,categorical_crossentropy,False,0.6659609004145023,-0.12428860719852212,0.6489722728729248,0.7281043529510498,21.117074012756348,368.26171875,109,ok,,upstream-1.x,{}
18,mfeat-morphological,openml_task,amlb,multiclass,featuretools,1,1200,1600,400,6,142,136,0.7103784487489611,categorical_crossentropy,False,0.6376916209072806,-0.11398429187177452,0.6344826221466064,0.6670982837677002,21.41072154045105,367.73828125,84,ok,,upstream-1.x,{}
22,mfeat-zernike,openml_task,amlb,multiclass,nofe,1,1200,1600,400,47,47,0,0.5164577047753847,categorical_crossentropy,False,0.5164577047753847,-0.0,0.010853052139282227,0.0002665519714355469,13.28057861328125,351.21484375,160,ok,,1.0.0,{}
23,cmc,openml_task,amlb,multiclass,nofe,0,1200,1178,295,9,9,0,0.8782893031582995,categorical_crossentropy,False,0.8782893031582995,-0.0,0.005043745040893555,0.00016546249389648438,5.489309310913086,331.60546875,39,ok,,1.0.0,{}
14,mfeat-fourier,openml_task,amlb,multiclass,autofeat,0,1200,,,,,,,,,,,,,1380,,,timeout,wall-clock exceeded 1380s,,
22,mfeat-zernike,openml_task,amlb,multiclass,nofe,2,1200,1600,400,47,47,0,0.5913934851740487,categorical_crossentropy,False,0.5913934851740487,-0.0,0.005305290222167969,0.00017142295837402344,20.563894987106323,347.7265625,110,ok,,1.0.0,{}
14,mfeat-fourier,openml_task,amlb,multiclass,featuretools,0,1200,,,,,,,,,,,,,1380,,,timeout,wall-clock exceeded 1380s,,
22,mfeat-zernike,openml_task,amlb,multiclass,nofe,3,1200,1600,400,47,47,0,0.5725240226939786,categorical_crossentropy,False,0.5725240226939786,-0.0,0.007047891616821289,0.00037670135498046875,14.365385055541992,349.49609375,129,ok,,1.0.0,{}
22,mfeat-zernike,openml_task,amlb,multiclass,nofe,4,1200,1600,400,47,47,0,0.6625138713221531,categorical_crossentropy,False,0.6625138713221531,-0.0,0.005470752716064453,0.00030112266540527344,13.846887826919556,352.453125,148,ok,,1.0.0,{}
14,mfeat-fourier,openml_task,amlb,multiclass,autofeat,1,1200,,,,,,,,,,,,,1380,,,timeout,wall-clock exceeded 1380s,,
14,mfeat-fourier,openml_task,amlb,multiclass,openfe,1,1200,,,,,,,,,,,,,1380,,,timeout,wall-clock exceeded 1380s,,
23,cmc,openml_task,amlb,multiclass,openfe,0,1200,1178,295,9,118,109,0.9946143370563701,categorical_crossentropy,False,0.8782893031582995,-0.13244500813088547,12.684573650360107,2.3734357357025146,19.835313081741333,349.921875,12,ok,,upstream-0.0.12,{}
23,cmc,openml_task,amlb,multiclass,featuretools,0,1200,1178,295,9,333,324,0.9083928796699492,categorical_crossentropy,False,0.8782893031582995,-0.0342752398365758,1.695054054260254,1.572920322418213,9.77099061012268,367.62890625,27,ok,,upstream-1.x,{}
14,mfeat-fourier,openml_task,amlb,multiclass,featuretools,1,1200,,,,,,,,,,,,,1380,,,timeout,wall-clock exceeded 1380s,,
18,mfeat-morphological,openml_task,amlb,multiclass,openfe,2,1200,1600,400,6,112,106,0.7576493771281093,categorical_crossentropy,False,0.7318049381300807,-0.035316021594588694,28.422489404678345,1.4336044788360596,48.48290824890137,358.53515625,77,ok,,upstream-0.0.12,{}
23,cmc,openml_task,amlb,multiclass,nofe,1,1200,1178,295,9,9,0,0.9272280438471648,categorical_crossentropy,False,0.9272280438471648,-0.0,0.00545191764831543,0.00022935867309570312,9.846534252166748,332.80859375,25,ok,,1.0.0,{}
23,cmc,openml_task,amlb,multiclass,nofe,2,1200,1178,295,9,9,0,0.9421315007038036,categorical_crossentropy,False,0.9421315007038036,-0.0,0.006495475769042969,0.00023508071899414062,9.436224937438965,333.703125,41,ok,,1.0.0,{}
23,cmc,openml_task,amlb,multiclass,featuretools,1,1200,1178,295,9,333,324,0.898899501259044,categorical_crossentropy,False,0.9272280438471648,0.030551861298955908,1.2781331539154053,0.9445374011993408,10.101248979568481,373.8671875,28,ok,,upstream-1.x,{}
23,cmc,openml_task,amlb,multiclass,featuretools,2,1200,1178,295,9,333,324,0.958269373744221,categorical_crossentropy,False,0.9421315007038036,-0.017129108864698765,1.5056798458099365,1.4943809509277344,9.464128732681274,370.32421875,29,ok,,upstream-1.x,{}
23,cmc,openml_task,amlb,multiclass,openfe,1,1200,1178,295,9,125,116,0.981862125154269,categorical_crossentropy,False,0.9272280438471648,-0.0589219466232079,13.750827074050903,2.8948285579681396,23.947692155838013,347.140625,14,ok,,upstream-0.0.12,{}
14,mfeat-fourier,openml_task,amlb,multiclass,openfe,2,1200,,,,,,,,,,,,,1380,,,timeout,wall-clock exceeded 1380s,,
14,mfeat-fourier,openml_task,amlb,multiclass,autofeat,2,1200,,,,,,,,,,,,,1380,,,timeout,wall-clock exceeded 1380s,,
23,cmc,openml_task,amlb,multiclass,openfe,2,1200,1178,295,9,121,112,0.982637662756241,categorical_crossentropy,False,0.9421315007038036,-0.04299417015796409,14.538692474365234,2.762481451034546,24.173964262008667,347.17578125,24,ok,,upstream-0.0.12,{}
14,mfeat-fourier,openml_task,amlb,multiclass,featuretools,2,1200,,,,,,,,,,,,,1380,,,timeout,wall-clock exceeded 1380s,,
23,cmc,openml_task,amlb,multiclass,openfe,3,1200,1178,295,9,125,116,0.9452753584263689,categorical_crossentropy,False,,,13.008668422698975,2.81258487701416,24.376888513565063,347.62890625,34,ok,,upstream-0.0.12,{}
18,mfeat-morphological,openml_task,amlb,multiclass,openfe,3,1200,1600,400,6,141,135,0.879652153365314,categorical_crossentropy,False,0.6498038967303,-0.3537194187224335,41.958696126937866,2.3225536346435547,91.50023031234741,358.6953125,94,ok,,upstream-0.0.12,{}
23,cmc,openml_task,amlb,multiclass,featuretools,3,1200,1178,295,9,333,324,0.8915514890420235,categorical_crossentropy,False,,,1.5346248149871826,1.5110173225402832,24.82057213783264,370.10546875,42,ok,,upstream-1.x,{}
14,mfeat-fourier,openml_task,amlb,multiclass,openfe,3,1200,,,,,,,,,,,,,1380,,,timeout,wall-clock exceeded 1380s,,
23,cmc,openml_task,amlb,multiclass,openfe,4,1200,1178,295,9,126,117,1.0153023231080023,categorical_crossentropy,False,,,14.835174560546875,3.4074013233184814,25.100276470184326,347.328125,51,ok,,upstream-0.0.12,{}
23,cmc,openml_task,amlb,multiclass,featuretools,4,1200,1178,295,9,333,324,0.9635914731833894,categorical_crossentropy,False,,,1.7105200290679932,1.6845576763153076,10.730396270751953,368.03515625,30,ok,,upstream-1.x,{}
14,mfeat-fourier,openml_task,amlb,multiclass,autofeat,3,1200,,,,,,,,,,,,,1380,,,timeout,wall-clock exceeded 1380s,,
18,mfeat-morphological,openml_task,amlb,multiclass,openfe,4,1200,1600,400,6,119,113,0.6733506960864178,categorical_crossentropy,False,0.6659609004145023,-0.011096440747971923,33.19583439826965,1.7351393699645996,121.38745760917664,355.19140625,101,ok,,upstream-0.0.12,{}
14,mfeat-fourier,openml_task,amlb,multiclass,featuretools,3,1200,,,,,,,,,,,,,1380,,,timeout,wall-clock exceeded 1380s,,
14,mfeat-fourier,openml_task,amlb,multiclass,openfe,4,1200,,,,,,,,,,,,,1380,,,timeout,wall-clock exceeded 1380s,,
28,optdigits,openml_task,amlb,multiclass,autofeat,0,1200,4496,1124,62,,,,,,,,,,42.40054678916931,,,autofeat_internal_nan,"_AutofeatInternalNaNError: Input X contains NaN.
LogisticRegressionCV does not accept missing values encoded as NaN natively. For supervised learning, you might want to consider sklearn.ensemble.HistGradientBoostingClassifier and Regressor which accept missing values encoded as NaNs natively. Alternatively, it is possible to preprocess the data, for instance by using an imputer transformer in a pipeline or drop samples with",upstream-2.1.x,
14,mfeat-fourier,openml_task,amlb,multiclass,autofeat,4,1200,,,,,,,,,,,,,1380,,,timeout,wall-clock exceeded 1380s,,
28,optdigits,openml_task,amlb,multiclass,nofe,0,1200,4496,1124,62,62,0,0.08089492620322523,categorical_crossentropy,False,0.08089492620322523,-0.0,0.0204164981842041,0.0020139217376708984,86.21136999130249,411.8203125,881,ok,,1.0.0,{}
14,mfeat-fourier,openml_task,amlb,multiclass,featuretools,4,1200,,,,,,,,,,,,,1380,,,timeout,wall-clock exceeded 1380s,,
16,mfeat-karhunen,openml_task,amlb,multiclass,tabularaml,0,1200,1600,400,64,70,6,0.1449141253005655,categorical_crossentropy,False,0.14032319673566235,-0.03271681854249254,943.2424502372742,0.019196748733520508,969.3610973358154,387.76171875,429,ok,,0.2.0,"{""mode"": ""medium"", ""elapsed_time"": 914.081775188446, ""n_init_feats"": 64, ""n_added_feats"": 6, ""initial_metric"": null, ""final_metric"": 0.18051192811263275, ""pct_gain"": 0.032996289202759675}"
23,cmc,openml_task,amlb,multiclass,nofe,3,1200,1178,295,9,9,0,0.906591512843714,categorical_crossentropy,False,0.906591512843714,-0.0,0.012430667877197266,0.00021028518676757812,148.79257798194885,333.94921875,53,ok,,1.0.0,{}
28,optdigits,openml_task,amlb,multiclass,nofe,2,1200,4496,1124,62,62,0,0.07013318941573672,categorical_crossentropy,False,0.07013318941573672,-0.0,0.011336565017700195,0.001811981201171875,25.983347415924072,403.703125,710,ok,,1.0.0,{}
23,cmc,openml_task,amlb,multiclass,nofe,4,1200,1178,295,9,9,0,0.9537930679775901,categorical_crossentropy,False,0.9537930679775901,-0.0,0.009430170059204102,0.00018453598022460938,135.37709856033325,335.2734375,53,ok,,1.0.0,{}
28,optdigits,openml_task,amlb,multiclass,nofe,3,1200,4496,1124,62,62,0,0.05590634749810176,categorical_crossentropy,False,0.05590634749810176,-0.0,0.007990121841430664,0.0010225772857666016,22.579296350479126,427.10546875,1205,ok,,1.0.0,{}
23,cmc,openml_task,amlb,multiclass,tabularaml,3,1200,1178,295,9,10,1,0.9012928017620313,categorical_crossentropy,False,0.906591512843714,0.0058446510987756285,186.73654317855835,0.028103113174438477,205.8832139968872,351.9453125,49,ok,,0.2.0,"{""mode"": ""medium"", ""elapsed_time"": 185.36607885360718, ""n_init_feats"": 9, ""n_added_feats"": 1, ""initial_metric"": null, ""final_metric"": 1.076952903883784, ""pct_gain"": 0.003146344847534509}"
23,cmc,openml_task,amlb,multiclass,tabularaml,1,1200,1178,295,9,10,1,0.9231304678371397,categorical_crossentropy,False,0.9272280438471648,0.0044191674714926365,252.1313979625702,0.014816999435424805,255.83753180503845,350.60546875,24,ok,,0.2.0,"{""mode"": ""medium"", ""elapsed_time"": 251.09712624549866, ""n_init_feats"": 9, ""n_added_feats"": 1, ""initial_metric"": null, ""final_metric"": 1.0333901209695007, ""pct_gain"": 0.01991627635693127}"
23,cmc,openml_task,amlb,multiclass,tabularaml,0,1200,1178,295,9,10,1,0.8698162058147333,categorical_crossentropy,False,0.8782893031582995,0.009647273754897368,481.3833239078522,0.027834653854370117,489.42178201675415,355.1015625,51,ok,,0.2.0,"{""mode"": ""medium"", ""elapsed_time"": 480.0670521259308, ""n_init_feats"": 9, ""n_added_feats"": 1, ""initial_metric"": null, ""final_metric"": 1.0581323437023298, ""pct_gain"": 0.03297759719783208}"
16,mfeat-karhunen,openml_task,amlb,multiclass,tabularaml,1,1200,1600,400,64,65,1,0.21521063260421214,categorical_crossentropy,False,0.2112247165216104,-0.018870500328942035,990.5565795898438,0.015745162963867188,1008.7410814762115,380.109375,387,ok,,0.2.0,"{""mode"": ""medium"", ""elapsed_time"": 957.8719551563263, ""n_init_feats"": 64, ""n_added_feats"": 1, ""initial_metric"": null, ""final_metric"": 0.19507019585728771, ""pct_gain"": 0.0006923838493594986}"
16,mfeat-karhunen,openml_task,amlb,multiclass,openfe,1,1200,1600,400,64,2064,2000,0.1995330643782654,categorical_crossentropy,False,0.2112247165216104,0.05535172368025797,770.5448431968689,18.87190055847168,1229.6861765384674,588.12109375,501,ok,,upstream-0.0.12,{}
23,cmc,openml_task,amlb,multiclass,autofeat,3,1200,1178,295,9,19,10,0.899342455828594,categorical_crossentropy,False,0.906591512843714,0.007995946258510446,505.11476469039917,0.038075923919677734,507.96370339393616,539.98828125,48,ok,,upstream-2.1.x,{}
28,optdigits,openml_task,amlb,multiclass,nofe,4,1200,4496,1124,62,62,0,0.06703849414178167,categorical_crossentropy,False,0.06703849414178167,-0.0,0.015265941619873047,0.0014820098876953125,27.84278130531311,399.5859375,627,ok,,1.0.0,{}
16,mfeat-karhunen,openml_task,amlb,multiclass,openfe,0,1200,,,,,,,,,,,,,1380,,,timeout,wall-clock exceeded 1380s,,
23,cmc,openml_task,amlb,multiclass,autofeat,0,1200,1178,295,9,17,8,0.8883490115404129,categorical_crossentropy,False,0.8782893031582995,-0.011453752591474213,561.4709610939026,0.03548550605773926,565.2904059886932,535.40625,32,ok,,upstream-2.1.x,{}
16,mfeat-karhunen,openml_task,amlb,multiclass,autofeat,0,1200,,,,,,,,,,,,,1380,,,timeout,wall-clock exceeded 1380s,,
29,credit-approval,openml_task,amlb,classification,nofe,0,1200,552,138,15,15,0,0.9763678944006813,binary_roc_auc,True,0.9763678944006813,0.0,0.005347490310668945,0.00016021728515625,9.650066137313843,333.4765625,82,ok,,1.0.0,{}
16,mfeat-karhunen,openml_task,amlb,multiclass,featuretools,0,1200,,,,,,,,,,,,,1380,,,timeout,wall-clock exceeded 1380s,,
29,credit-approval,openml_task,amlb,classification,featuretools,0,1200,552,138,15,197,182,0.9670002129018521,binary_roc_auc,True,0.9763678944006813,-0.009594417793284031,1.2206649780273438,0.9131972789764404,8.878295660018921,355.0546875,69,ok,,upstream-1.x,{}
23,cmc,openml_task,amlb,multiclass,autofeat,2,1200,1178,295,9,17,8,0.9522940570015018,categorical_crossentropy,False,0.9421315007038036,-0.010786770519939601,563.4394507408142,0.0351412296295166,581.0008101463318,536.0859375,41,ok,,upstream-2.1.x,{}
29,credit-approval,openml_task,amlb,classification,nofe,1,1200,552,138,15,15,0,0.9358100915477966,binary_roc_auc,True,0.9358100915477966,0.0,0.030307292938232422,0.00044727325439453125,6.169760465621948,331.109375,56,ok,,1.0.0,{}
29,credit-approval,openml_task,amlb,classification,openfe,0,1200,552,138,15,256,241,0.953800298062593,binary_roc_auc,True,0.9763678944006813,-0.023113824683820432,17.187750816345215,4.85308051109314,37.48160147666931,351.1796875,65,ok,,upstream-0.0.12,{}
29,credit-approval,openml_task,amlb,classification,openfe,1,1200,552,138,15,266,251,0.9223972748562912,binary_roc_auc,True,0.9358100915477966,-0.014332840404959815,24.73770022392273,4.791964054107666,40.517711877822876,350.68359375,50,ok,,upstream-0.0.12,{}
29,credit-approval,openml_task,amlb,classification,featuretools,1,1200,552,138,15,,,,,,,,1.50563645362854,,9.50617790222168,,,crash,TypeError: boolean value of NA is ambiguous,upstream-1.x,
16,mfeat-karhunen,openml_task,amlb,multiclass,tabularaml,2,1200,1600,400,64,65,1,0.24084100283274892,categorical_crossentropy,False,0.24329914196718164,0.010103361296540408,1006.7736248970032,0.014182806015014648,1027.9063892364502,395.1953125,679,ok,,0.2.0,"{""mode"": ""medium"", ""elapsed_time"": 974.8025572299957, ""n_init_feats"": 64, ""n_added_feats"": 1, ""initial_metric"": null, ""final_metric"": 0.19673575748435873, ""pct_gain"": 0.012998954534929521}"
29,credit-approval,openml_task,amlb,classification,nofe,2,1200,552,138,15,15,0,0.9331488183947201,binary_roc_auc,True,0.9331488183947201,0.0,0.005419731140136719,0.00017499923706054688,9.465823650360107,335.21484375,75,ok,,1.0.0,{}
16,mfeat-karhunen,openml_task,amlb,multiclass,tabularaml,3,1200,1600,400,64,65,1,0.15393825429333446,categorical_crossentropy,False,0.16038095012754638,0.04017120380623901,971.3235762119293,0.008660554885864258,996.9285674095154,417.67578125,1233,ok,,0.2.0,"{""mode"": ""medium"", ""elapsed_time"": 947.7649822235107, ""n_init_feats"": 64, ""n_added_feats"": 1, ""initial_metric"": null, ""final_metric"": 0.20808365883840355, ""pct_gain"": 0.027168851573294375}"
29,credit-approval,openml_task,amlb,classification,openfe,2,1200,552,138,15,289,274,0.9352778369171811,binary_roc_auc,True,0.9331488183947201,0.0022815423226099896,18.71470069885254,3.4824275970458984,30.20648169517517,354.3515625,168,ok,,upstream-0.0.12,{}
16,mfeat-karhunen,openml_task,amlb,multiclass,autofeat,1,1200,,,,,,,,,,,,,1380,,,timeout,wall-clock exceeded 1380s,,
29,credit-approval,openml_task,amlb,classification,featuretools,2,1200,552,138,15,,,,,,,,1.534773826599121,,6.049318313598633,,,crash,TypeError: boolean value of NA is ambiguous,upstream-1.x,
29,credit-approval,openml_task,amlb,classification,nofe,3,1200,552,138,15,15,0,0.9618905684479454,binary_roc_auc,True,0.9618905684479454,0.0,0.014770269393920898,0.0002598762512207031,6.759875535964966,330.515625,53,ok,,1.0.0,{}
16,mfeat-karhunen,openml_task,amlb,multiclass,tabularaml,4,1200,1600,400,64,65,1,0.14528874035382613,categorical_crossentropy,False,0.14548451025548276,0.0013456408610980973,949.1476225852966,0.016318559646606445,975.8892283439636,413.359375,1232,ok,,0.2.0,"{""mode"": ""medium"", ""elapsed_time"": 914.6469526290894, ""n_init_feats"": 64, ""n_added_feats"": 1, ""initial_metric"": null, ""final_metric"": 0.22034805627281945, ""pct_gain"": 0.006268784326077845}"
23,cmc,openml_task,amlb,multiclass,autofeat,4,1200,1178,295,9,16,7,0.9348878383889037,categorical_crossentropy,False,0.9537930679775901,0.01982110189663346,724.1722979545593,0.0437772274017334,729.1791496276855,532.37109375,43,ok,,upstream-2.1.x,{}
29,credit-approval,openml_task,amlb,classification,openfe,3,1200,552,138,15,266,251,0.9644453906748989,binary_roc_auc,True,0.9618905684479454,0.0026560424966800447,24.379859685897827,4.944296360015869,40.776039361953735,347.7109375,53,ok,,upstream-0.0.12,{}
29,credit-approval,openml_task,amlb,classification,featuretools,3,1200,552,138,15,197,182,0.9679582712369598,binary_roc_auc,True,0.9618905684479454,0.006308100929614976,1.7824938297271729,1.0117158889770508,11.055145978927612,351.80078125,55,ok,,upstream-1.x,{}
29,credit-approval,openml_task,amlb,classification,nofe,4,1200,552,138,15,15,0,0.9293165850542899,binary_roc_auc,True,0.9293165850542899,0.0,0.007790803909301758,0.00020265579223632812,9.852196455001831,335.60546875,157,ok,,1.0.0,{}
16,mfeat-karhunen,openml_task,amlb,multiclass,featuretools,1,1200,,,,,,,,,,,,,1380,,,timeout,wall-clock exceeded 1380s,,
29,credit-approval,openml_task,amlb,classification,openfe,4,1200,552,138,15,275,260,0.9210134128166916,binary_roc_auc,True,0.9293165850542899,-0.008934707903779949,17.582464694976807,3.066641330718994,40.78279185295105,354.91796875,126,ok,,upstream-0.0.12,{}
29,credit-approval,openml_task,amlb,classification,autofeat,1,1200,552,138,15,18,3,0.9319778582073663,binary_roc_auc,True,0.9358100915477966,-0.004095097258560099,223.61087226867676,0.022287845611572266,234.49287056922913,528.08984375,47,ok,,upstream-2.1.x,{}
29,credit-approval,openml_task,amlb,classification,featuretools,4,1200,552,138,15,,,,,,,,1.5611371994018555,,11.300071477890015,,,crash,TypeError: boolean value of NA is ambiguous,upstream-1.x,
31,credit-g,openml_task,amlb,classification,nofe,0,1200,800,200,20,20,0,0.780952380952381,binary_roc_auc,True,0.780952380952381,0.0,0.011142730712890625,0.00028014183044433594,9.45824146270752,330.3515625,98,ok,,1.0.0,{}
29,credit-approval,openml_task,amlb,classification,autofeat,0,1200,552,138,15,22,7,0.9687034277198212,binary_roc_auc,True,0.9763678944006813,-0.007849978194504961,294.53166818618774,0.03444194793701172,297.17571544647217,530.796875,95,ok,,upstream-2.1.x,{}
22,mfeat-zernike,openml_task,amlb,multiclass,openfe,1,1200,1600,400,47,2047,2000,0.4708972777472809,categorical_crossentropy,False,0.5164577047753847,0.08821715042070809,465.3127052783966,13.529669761657715,923.2608070373535,559.51953125,112,ok,,upstream-0.0.12,{}
22,mfeat-zernike,openml_task,amlb,multiclass,tabularaml,4,1200,1600,400,47,47,0,0.6625138713221531,categorical_crossentropy,False,0.6625138713221531,-0.0,934.9227213859558,0.005728244781494141,949.0887544155121,379.16015625,148,ok,,0.2.0,"{""mode"": ""medium"", ""elapsed_time"": 914.5403237342834, ""n_init_feats"": 47, ""n_added_feats"": 0, ""initial_metric"": null, ""final_metric"": 1.0067504145013964, ""pct_gain"": 0.006960094307953235}"
31,credit-g,openml_task,amlb,classification,openfe,0,1200,800,200,20,412,392,0.7742857142857144,binary_roc_auc,True,0.780952380952381,-0.00853658536585357,34.66431641578674,6.812275171279907,54.29939556121826,365.75,102,ok,,upstream-0.0.12,{}
22,mfeat-zernike,openml_task,amlb,multiclass,tabularaml,2,1200,1600,400,47,48,1,0.5854676279402338,categorical_crossentropy,False,0.5913934851740487,0.010020159813006555,941.9419314861298,0.009314775466918945,954.6726720333099,381.15234375,113,ok,,0.2.0,"{""mode"": ""medium"", ""elapsed_time"": 928.0091555118561, ""n_init_feats"": 47, ""n_added_feats"": 1, ""initial_metric"": null, ""final_metric"": 0.9835823161302913, ""pct_gain"": 0.0013263347515825794}"
23,cmc,openml_task,amlb,multiclass,tabularaml,2,1200,1178,295,9,14,5,0.940904688835144,categorical_crossentropy,False,0.9421315007038036,0.0013021662769402294,908.2063024044037,0.020357847213745117,924.6871519088745,355.83984375,42,ok,,0.2.0,"{""mode"": ""medium"", ""elapsed_time"": 907.3223490715027, ""n_init_feats"": 9, ""n_added_feats"": 5, ""initial_metric"": null, ""final_metric"": 1.0068651043598362, ""pct_gain"": 0.031732039791790345}"
22,mfeat-zernike,openml_task,amlb,multiclass,tabularaml,0,1200,1600,400,47,48,1,0.5958144143025856,categorical_crossentropy,False,0.5969461210348527,0.0018958272654576145,967.2884783744812,0.007758378982543945,982.0618958473206,377.9609375,143,ok,,0.2.0,"{""mode"": ""medium"", ""elapsed_time"": 944.787987947464, ""n_init_feats"": 47, ""n_added_feats"": 1, ""initial_metric"": null, ""final_metric"": 1.0060222356520394, ""pct_gain"": 0.003998523685599674}"
29,credit-approval,openml_task,amlb,classification,tabularaml,0,1200,552,138,15,22,7,0.9616776665956993,binary_roc_auc,True,0.9763678944006813,-0.015045791539468015,338.4067039489746,0.023688316345214844,358.8833246231079,349.46484375,79,ok,,0.2.0,"{""mode"": ""medium"", ""elapsed_time"": 338.0473518371582, ""n_init_feats"": 15, ""n_added_feats"": 7, ""initial_metric"": null, ""final_metric"": 0.9233425160697888, ""pct_gain"": 0.020629397374071712}"
31,credit-g,openml_task,amlb,classification,featuretools,1,1200,800,200,20,216,196,0.8308333333333333,binary_roc_auc,True,,,1.2459895610809326,1.538539171218872,9.450521469116211,359.828125,28,ok,,upstream-1.x,{}
23,cmc,openml_task,amlb,multiclass,tabularaml,4,1200,1178,295,9,,,,,,,,,,910.4356288909912,,,crash,ValueError: X does not contain the columns listed in cols,0.2.0,
29,credit-approval,openml_task,amlb,classification,autofeat,2,1200,552,138,15,22,7,0.9342133276559506,binary_roc_auc,True,0.9331488183947201,0.0011407711613049352,258.786114692688,0.028696775436401367,264.2024884223938,530.98828125,73,ok,,upstream-2.1.x,{}
22,mfeat-zernike,openml_task,amlb,multiclass,openfe,3,1200,1600,400,47,2047,2000,0.567039092076011,categorical_crossentropy,False,0.5725240226939786,0.009580262837109606,457.06300473213196,13.130939960479736,998.7450754642487,578.2578125,115,ok,,upstream-0.0.12,{}
29,credit-approval,openml_task,amlb,classification,tabularaml,1,1200,552,138,15,18,3,0.9410261869278262,binary_roc_auc,True,0.9358100915477966,0.005573882379706351,308.3927562236786,0.018030405044555664,311.1896126270294,350.64453125,81,ok,,0.2.0,"{""mode"": ""medium"", ""elapsed_time"": 308.0709867477417, ""n_init_feats"": 15, ""n_added_feats"": 3, ""initial_metric"": null, ""final_metric"": 0.9379449035812673, ""pct_gain"": 0.015049518956104325}"
31,credit-g,openml_task,amlb,classification,nofe,2,1200,800,200,20,20,0,0.7966666666666666,binary_roc_auc,True,0.7966666666666666,0.0,0.005867958068847656,0.0002560615539550781,16.967609643936157,329.55859375,38,ok,,1.0.0,{}
16,mfeat-karhunen,openml_task,amlb,multiclass,openfe,2,1200,,,,,,,,,,,,,1380,,,timeout,wall-clock exceeded 1380s,,
31,credit-g,openml_task,amlb,classification,nofe,3,1200,800,200,20,20,0,0.771547619047619,binary_roc_auc,True,0.771547619047619,0.0,0.00637507438659668,0.0002694129943847656,5.152850389480591,333.35546875,62,ok,,1.0.0,{}
22,mfeat-zernike,openml_task,amlb,multiclass,tabularaml,3,1200,1600,400,47,48,1,0.5889517015521415,categorical_crossentropy,False,0.5725240226939786,-0.028693431553951893,1000.849187374115,0.008941650390625,1014.3362786769867,378.828125,129,ok,,0.2.0,"{""mode"": ""medium"", ""elapsed_time"": 980.4647126197815, ""n_init_feats"": 47, ""n_added_feats"": 1, ""initial_metric"": null, ""final_metric"": 0.9819735469529984, ""pct_gain"": 0.05348421343129593}"
31,credit-g,openml_task,amlb,classification,featuretools,2,1200,800,200,20,216,196,0.7641666666666667,binary_roc_auc,True,0.7966666666666666,-0.040794979079497876,1.5988404750823975,1.6750819683074951,13.698449611663818,359.6953125,55,ok,,upstream-1.x,{}
16,mfeat-karhunen,openml_task,amlb,multiclass,autofeat,2,1200,,,,,,,,,,,,,1380,,,timeout,wall-clock exceeded 1380s,,
16,mfeat-karhunen,openml_task,amlb,multiclass,featuretools,2,1200,,,,,,,,,,,,,1380,,,timeout,wall-clock exceeded 1380s,,
29,credit-approval,openml_task,amlb,classification,tabularaml,2,1200,552,138,15,18,3,0.931232701724505,binary_roc_auc,True,0.9331488183947201,-0.0020533880903491216,277.68592524528503,0.0285952091217041,282.195969581604,343.12109375,78,ok,,0.2.0,"{""mode"": ""medium"", ""elapsed_time"": 277.11327600479126, ""n_init_feats"": 15, ""n_added_feats"": 3, ""initial_metric"": null, ""final_metric"": 0.9481230486685032, ""pct_gain"": 0.014199695344398898}"
22,mfeat-zernike,openml_task,amlb,multiclass,tabularaml,1,1200,1600,400,47,48,1,0.5135577879659832,categorical_crossentropy,False,0.5164577047753847,0.005615013160976484,1017.1346049308777,0.007802724838256836,1042.4918022155762,383.29296875,158,ok,,0.2.0,"{""mode"": ""medium"", ""elapsed_time"": 1003.6804633140564, ""n_init_feats"": 47, ""n_added_feats"": 1, ""initial_metric"": null, ""final_metric"": 0.9796240424862486, ""pct_gain"": 0.05232643461375067}"
31,credit-g,openml_task,amlb,classification,nofe,4,1200,800,200,20,20,0,0.7635714285714286,binary_roc_auc,True,0.7635714285714286,0.0,0.005684614181518555,0.0001895427703857422,2.6371164321899414,331.68359375,36,ok,,1.0.0,{}
28,optdigits,openml_task,amlb,multiclass,tabularaml,0,1200,4496,1124,62,65,3,0.0802274017155307,categorical_crossentropy,False,0.08089492620322523,0.008251747285331306,918.2461969852448,0.013843536376953125,929.7407040596008,431.23046875,943,ok,,0.2.0,"{""mode"": ""medium"", ""elapsed_time"": 909.3671600818634, ""n_init_feats"": 62, ""n_added_feats"": 3, ""initial_metric"": null, ""final_metric"": 0.08160513369638013, ""pct_gain"": 0.04156926246332463}"
31,credit-g,openml_task,amlb,classification,openfe,2,1200,800,200,20,454,434,0.728452380952381,binary_roc_auc,True,0.7966666666666666,-0.08562462641960544,32.218507051467896,8.860167026519775,45.44674611091614,367.5546875,24,ok,,upstream-0.0.12,{}
31,credit-g,openml_task,amlb,classification,featuretools,4,1200,800,200,20,216,196,0.7378571428571429,binary_roc_auc,True,0.7635714285714286,-0.0336763330215154,1.63319730758667,1.359201431274414,9.133198261260986,359.99609375,24,ok,,upstream-1.x,{}
16,mfeat-karhunen,openml_task,amlb,multiclass,openfe,3,1200,,,,,,,,,,,,,1380,,,timeout,wall-clock exceeded 1380s,,
32,pendigits,openml_task,amlb,multiclass,nofe,0,1200,8793,2199,16,16,0,0.034724765404783184,categorical_crossentropy,False,0.034724765404783184,-0.0,0.007506608963012695,0.0004210472106933594,26.219808101654053,380.51171875,539,ok,,1.0.0,{}
31,credit-g,openml_task,amlb,classification,openfe,3,1200,800,200,20,477,457,0.7670238095238094,binary_roc_auc,True,0.771547619047619,-0.005863292701743653,34.74343776702881,9.060130834579468,50.75533366203308,366.61328125,139,ok,,upstream-0.0.12,{}
16,mfeat-karhunen,openml_task,amlb,multiclass,autofeat,3,1200,,,,,,,,,,,,,1380,,,timeout,wall-clock exceeded 1380s,,
16,mfeat-karhunen,openml_task,amlb,multiclass,featuretools,3,1200,,,,,,,,,,,,,1380,,,timeout,wall-clock exceeded 1380s,,
28,optdigits,openml_task,amlb,multiclass,tabularaml,1,1200,4496,1124,62,66,4,0.05428036736394166,categorical_crossentropy,False,,,915.6967248916626,0.0166780948638916,924.7874510288239,425.80859375,548,ok,,0.2.0,"{""mode"": ""medium"", ""elapsed_time"": 907.3329553604126, ""n_init_feats"": 62, ""n_added_feats"": 4, ""initial_metric"": null, ""final_metric"": 0.09118004202884589, ""pct_gain"": 0.033341536821999536}"
29,credit-approval,openml_task,amlb,classification,autofeat,3,1200,552,138,15,28,13,0.9541196508409624,binary_roc_auc,True,0.9618905684479454,-0.008078795927401326,302.79574489593506,0.03825211524963379,313.4458975791931,542.8984375,43,ok,,upstream-2.1.x,{}
32,pendigits,openml_task,amlb,multiclass,nofe,1,1200,8793,2199,16,16,0,0.031006957161735987,categorical_crossentropy,False,0.031006957161735987,-0.0,0.007376432418823242,0.0006501674652099609,23.20372247695923,401.484375,868,ok,,1.0.0,{}
31,credit-g,openml_task,amlb,classification,featuretools,3,1200,800,200,20,216,196,0.7929761904761905,binary_roc_auc,True,0.771547619047619,0.02777349174510111,1.211575984954834,1.1869232654571533,75.2345187664032,359.57421875,80,ok,,upstream-1.x,{}
29,credit-approval,openml_task,amlb,classification,tabularaml,4,1200,552,138,15,17,2,0.9340004258037045,binary_roc_auc,True,0.9293165850542899,0.005040091638029788,229.14982151985168,0.02586650848388672,234.3997609615326,350.09765625,156,ok,,0.2.0,"{""mode"": ""medium"", ""elapsed_time"": 228.68037867546082, ""n_init_feats"": 15, ""n_added_feats"": 2, ""initial_metric"": null, ""final_metric"": 0.9370615243342515, ""pct_gain"": 0.021522383043986994}"
32,pendigits,openml_task,amlb,multiclass,nofe,2,1200,8793,2199,16,16,0,0.04034747411545071,categorical_crossentropy,False,0.04034747411545071,-0.0,0.01683974266052246,0.001032114028930664,27.335602521896362,388.01171875,649,ok,,1.0.0,{}
29,credit-approval,openml_task,amlb,classification,autofeat,4,1200,552,138,15,24,9,0.9440068128592718,binary_roc_auc,True,0.9293165850542899,0.015807560137457,260.92676639556885,0.03315258026123047,269.2876226902008,537.00390625,121,ok,,upstream-2.1.x,{}
16,mfeat-karhunen,openml_task,amlb,multiclass,openfe,4,1200,,,,,,,,,,,,,1380,,,timeout,wall-clock exceeded 1380s,,
16,mfeat-karhunen,openml_task,amlb,multiclass,autofeat,4,1200,,,,,,,,,,,,,1380,,,timeout,wall-clock exceeded 1380s,,
16,mfeat-karhunen,openml_task,amlb,multiclass,featuretools,4,1200,,,,,,,,,,,,,1380,,,timeout,wall-clock exceeded 1380s,,
29,credit-approval,openml_task,amlb,classification,tabularaml,3,1200,552,138,15,24,9,0.955503512880562,binary_roc_auc,True,0.9618905684479454,-0.006640106241699823,359.2409944534302,0.0425877571105957,370.05448055267334,346.75390625,42,ok,,0.2.0,"{""mode"": ""medium"", ""elapsed_time"": 358.66761326789856, ""n_init_feats"": 15, ""n_added_feats"": 9, ""initial_metric"": null, ""final_metric"": 0.9390119375573921, ""pct_gain"": 0.019017438757249667}"
31,credit-g,openml_task,amlb,classification,tabularaml,0,1200,800,200,20,25,5,0.7769047619047619,binary_roc_auc,True,0.780952380952381,-0.005182926829268331,194.33981370925903,0.03123021125793457,222.34475183486938,349.578125,67,ok,,0.2.0,"{""mode"": ""medium"", ""elapsed_time"": 193.78669667243958, ""n_init_feats"": 20, ""n_added_feats"": 5, ""initial_metric"": null, ""final_metric"": 0.7828469742323069, ""pct_gain"": 0.05702267662168518}"
32,pendigits,openml_task,amlb,multiclass,nofe,3,1200,8793,2199,16,16,0,0.024240221755025115,categorical_crossentropy,False,0.024240221755025115,-0.0,0.006798744201660156,0.0005877017974853516,14.124439716339111,385.453125,546,ok,,1.0.0,{}
31,credit-g,openml_task,amlb,classification,openfe,1,1200,800,200,20,436,416,0.7907142857142858,binary_roc_auc,True,,,29.54311203956604,7.488586664199829,224.73243355751038,361.90234375,43,ok,,upstream-0.0.12,{}
32,pendigits,openml_task,amlb,multiclass,nofe,4,1200,8793,2199,16,16,0,0.03714806497014522,categorical_crossentropy,False,0.03714806497014522,-0.0,0.009488821029663086,0.0005075931549072266,29.011040449142456,413.42578125,1137,ok,,1.0.0,{}
31,credit-g,openml_task,amlb,classification,tabularaml,2,1200,800,200,20,22,2,0.7853571428571429,binary_roc_auc,True,0.7966666666666666,-0.01419605499103402,207.26603770256042,0.0343632698059082,210.45071053504944,343.10546875,37,ok,,0.2.0,"{""mode"": ""medium"", ""elapsed_time"": 206.54500651359558, ""n_init_feats"": 20, ""n_added_feats"": 2, ""initial_metric"": null, ""final_metric"": 0.777598224938773, ""pct_gain"": 0.029068749905048562}"
31,credit-g,openml_task,amlb,classification,featuretools,0,1200,800,200,20,216,196,0.7460714285714285,binary_roc_auc,True,0.780952380952381,-0.04466463414634156,1.8366131782531738,1.9655096530914307,312.6872909069061,357.1796875,87,ok,,upstream-1.x,{}
18,mfeat-morphological,openml_task,amlb,multiclass,autofeat,0,1200,,,,,,,,,,,,,1380,,,timeout,wall-clock exceeded 1380s,,
37,diabetes,openml_task,amlb,classification,nofe,0,1200,614,154,8,8,0,0.850925925925926,binary_roc_auc,True,0.850925925925926,0.0,0.0043981075286865234,7.224082946777344e-05,17.39409375190735,330.3203125,48,ok,,1.0.0,{}
18,mfeat-morphological,openml_task,amlb,multiclass,tabularaml,0,1200,,,,,,,,,,,,,1380,,,timeout,wall-clock exceeded 1380s,,
32,pendigits,openml_task,amlb,multiclass,featuretools,0,1200,8793,2199,16,1264,1248,0.03664014552986683,categorical_crossentropy,False,0.034724765404783184,-0.05515890756226134,3.660337448120117,3.562390089035034,216.28624820709229,616.59375,224,ok,,upstream-1.x,{}
37,diabetes,openml_task,amlb,classification,featuretools,0,1200,614,154,8,294,286,0.8616666666666667,binary_roc_auc,True,0.850925925925926,0.01262241566920563,1.135833740234375,0.6619069576263428,9.764841794967651,356.2265625,46,ok,,upstream-1.x,{}
31,credit-g,openml_task,amlb,classification,tabularaml,1,1200,800,200,20,25,5,0.8173809523809523,binary_roc_auc,True,,,249.75240349769592,0.04811668395996094,326.3221082687378,346.9609375,90,ok,,0.2.0,"{""mode"": ""medium"", ""elapsed_time"": 248.8869752883911, ""n_init_feats"": 20, ""n_added_feats"": 5, ""initial_metric"": null, ""final_metric"": 0.7649181755384842, ""pct_gain"": 0.007949721617333788}"
37,diabetes,openml_task,amlb,classification,nofe,1,1200,614,154,8,8,0,0.8296296296296296,binary_roc_auc,True,0.8296296296296296,0.0,0.005041837692260742,9.34600830078125e-05,5.389479637145996,333.27734375,75,ok,,1.0.0,{}
28,optdigits,openml_task,amlb,multiclass,tabularaml,2,1200,4496,1124,62,68,6,0.07046259197170093,categorical_crossentropy,False,0.07013318941573672,-0.004696814143323406,916.8648920059204,0.014997243881225586,1116.4179558753967,426.35546875,710,ok,,0.2.0,"{""mode"": ""medium"", ""elapsed_time"": 908.82293009758, ""n_init_feats"": 62, ""n_added_feats"": 6, ""initial_metric"": null, ""final_metric"": 0.09319368843650064, ""pct_gain"": 0.044263783769936005}"
37,diabetes,openml_task,amlb,classification,openfe,1,1200,614,154,8,300,292,0.8116666666666666,binary_roc_auc,True,0.8296296296296296,-0.02165178571428571,15.51980996131897,3.755082130432129,27.413185834884644,348.5390625,76,ok,,upstream-0.0.12,{}
18,mfeat-morphological,openml_task,amlb,multiclass,autofeat,1,1200,,,,,,,,,,,,,1380,,,timeout,wall-clock exceeded 1380s,,
18,mfeat-morphological,openml_task,amlb,multiclass,tabularaml,1,1200,,,,,,,,,,,,,1380,,,timeout,wall-clock exceeded 1380s,,
18,mfeat-morphological,openml_task,amlb,multiclass,tabularaml,2,1200,,,,,,,,,,,,,1380,,,timeout,wall-clock exceeded 1380s,,
18,mfeat-morphological,openml_task,amlb,multiclass,autofeat,2,1200,,,,,,,,,,,,,1380,,,timeout,wall-clock exceeded 1380s,,
18,mfeat-morphological,openml_task,amlb,multiclass,tabularaml,3,1200,,,,,,,,,,,,,1380,,,timeout,wall-clock exceeded 1380s,,
18,mfeat-morphological,openml_task,amlb,multiclass,autofeat,3,1200,,,,,,,,,,,,,1380,,,timeout,wall-clock exceeded 1380s,,
18,mfeat-morphological,openml_task,amlb,multiclass,autofeat,4,1200,,,,,,,,,,,,,1380,,,timeout,wall-clock exceeded 1380s,,
18,mfeat-morphological,openml_task,amlb,multiclass,tabularaml,4,1200,,,,,,,,,,,,,1380,,,timeout,wall-clock exceeded 1380s,,
22,mfeat-zernike,openml_task,amlb,multiclass,openfe,0,1200,,,,,,,,,,,,,1380,,,timeout,wall-clock exceeded 1380s,,
37,diabetes,openml_task,amlb,classification,featuretools,1,1200,614,154,8,294,286,0.7907407407407407,binary_roc_auc,True,0.8296296296296296,-0.046874999999999965,0.929224967956543,0.43729186058044434,10.232115983963013,364.34375,74,ok,,upstream-1.x,{}
32,pendigits,openml_task,amlb,multiclass,featuretools,1,1200,8793,2199,16,1264,1248,0.03023269304982654,categorical_crossentropy,False,0.031006957161735987,0.02497065764534047,3.5404515266418457,3.5292751789093018,280.16884303092957,630.6875,590,ok,,upstream-1.x,{}
37,diabetes,openml_task,amlb,classification,nofe,3,1200,614,154,8,8,0,0.8099999999999999,binary_roc_auc,True,0.8099999999999999,0.0,0.00561833381652832,8.869171142578125e-05,2.846665143966675,334.33984375,40,ok,,1.0.0,{}
37,diabetes,openml_task,amlb,classification,nofe,2,1200,614,154,8,8,0,0.7935185185185185,binary_roc_auc,True,0.7935185185185185,0.0,0.0064008235931396484,8.440017700195312e-05,3.206162214279175,330.73828125,40,ok,,1.0.0,{}
22,mfeat-zernike,openml_task,amlb,multiclass,autofeat,0,1200,,,,,,,,,,,,,1380,,,timeout,wall-clock exceeded 1380s,,
22,mfeat-zernike,openml_task,amlb,multiclass,featuretools,0,1200,,,,,,,,,,,,,1380,,,timeout,wall-clock exceeded 1380s,,
22,mfeat-zernike,openml_task,amlb,multiclass,autofeat,1,1200,,,,,,,,,,,,,1380,,,timeout,wall-clock exceeded 1380s,,
22,mfeat-zernike,openml_task,amlb,multiclass,featuretools,1,1200,,,,,,,,,,,,,1380,,,timeout,wall-clock exceeded 1380s,,
22,mfeat-zernike,openml_task,amlb,multiclass,openfe,2,1200,,,,,,,,,,,,,1380,,,timeout,wall-clock exceeded 1380s,,
37,diabetes,openml_task,amlb,classification,nofe,4,1200,614,154,8,8,0,0.7966666666666667,binary_roc_auc,True,0.7966666666666667,0.0,0.005669832229614258,8.130073547363281e-05,9.219099760055542,330.44921875,31,ok,,1.0.0,{}
43,spambase,openml_task,amlb,classification,nofe,0,1200,3680,921,57,57,0,0.9896965747405629,binary_roc_auc,True,0.9896965747405629,0.0,0.007354259490966797,0.0006465911865234375,6.057913303375244,356.0234375,282,ok,,1.0.0,{}
22,mfeat-zernike,openml_task,amlb,multiclass,autofeat,2,1200,,,,,,,,,,,,,1380,,,timeout,wall-clock exceeded 1380s,,
22,mfeat-zernike,openml_task,amlb,multiclass,featuretools,2,1200,,,,,,,,,,,,,1380,,,timeout,wall-clock exceeded 1380s,,
37,diabetes,openml_task,amlb,classification,openfe,0,1200,614,154,8,330,322,0.8287037037037037,binary_roc_auc,True,0.850925925925926,-0.02611534276387381,15.958506345748901,4.476362228393555,96.75675010681152,350.41796875,44,ok,,upstream-0.0.12,{}
22,mfeat-zernike,openml_task,amlb,multiclass,autofeat,3,1200,,,,,,,,,,,,,1380,,,timeout,wall-clock exceeded 1380s,,
22,mfeat-zernike,openml_task,amlb,multiclass,featuretools,3,1200,,,,,,,,,,,,,1380,,,timeout,wall-clock exceeded 1380s,,
22,mfeat-zernike,openml_task,amlb,multiclass,openfe,4,1200,,,,,,,,,,,,,1380,,,timeout,wall-clock exceeded 1380s,,
22,mfeat-zernike,openml_task,amlb,multiclass,autofeat,4,1200,,,,,,,,,,,,,1380,,,timeout,wall-clock exceeded 1380s,,
22,mfeat-zernike,openml_task,amlb,multiclass,featuretools,4,1200,,,,,,,,,,,,,1380,,,timeout,wall-clock exceeded 1380s,,
37,diabetes,openml_task,amlb,classification,openfe,3,1200,614,154,8,319,311,0.8090740740740741,binary_roc_auc,True,0.8099999999999999,-0.0011431184270689946,15.00975513458252,3.719554901123047,30.11532425880432,352.1015625,49,ok,,upstream-0.0.12,{}
32,pendigits,openml_task,amlb,multiclass,featuretools,2,1200,8793,2199,16,1264,1248,0.03794718456954283,categorical_crossentropy,False,0.04034747411545071,0.059490453827163156,2.36771821975708,2.387542963027954,260.0217835903168,624.87890625,526,ok,,upstream-1.x,{}
37,diabetes,openml_task,amlb,classification,openfe,2,1200,614,154,8,337,329,0.8031481481481482,binary_roc_auc,True,0.7935185185185185,0.012135355892648806,14.794279336929321,4.323180198669434,30.57742953300476,354.55859375,38,ok,,upstream-0.0.12,{}
43,spambase,openml_task,amlb,classification,nofe,1,1200,3680,921,57,57,0,0.9873663319411119,binary_roc_auc,True,0.9873663319411119,0.0,0.009655952453613281,0.0008571147918701172,10.49802303314209,354.09765625,280,ok,,1.0.0,{}
37,diabetes,openml_task,amlb,classification,openfe,4,1200,614,154,8,283,275,0.7718518518518518,binary_roc_auc,True,0.7966666666666667,-0.031148303114830484,13.806321144104004,3.6566927433013916,24.082691192626953,350.3203125,26,ok,,upstream-0.0.12,{}
43,spambase,openml_task,amlb,classification,nofe,2,1200,3680,921,57,57,0,0.989247311827957,binary_roc_auc,True,0.989247311827957,0.0,0.008674860000610352,0.0008611679077148438,6.6040167808532715,359.05078125,384,ok,,1.0.0,{}
23,cmc,openml_task,amlb,multiclass,autofeat,1,1200,,,,,,,,,,,,,1380,,,timeout,wall-clock exceeded 1380s,,
43,spambase,openml_task,amlb,classification,nofe,3,1200,3680,921,57,57,0,0.9884327142391659,binary_roc_auc,True,0.9884327142391659,0.0,0.0075266361236572266,0.0008320808410644531,11.427042007446289,357.4453125,294,ok,,1.0.0,{}
37,diabetes,openml_task,amlb,classification,tabularaml,0,1200,614,154,8,17,9,0.8412962962962962,binary_roc_auc,True,0.850925925925926,-0.011316648531012129,51.22576928138733,0.021887540817260742,119.72394609451294,347.57421875,52,ok,,0.2.0,"{""mode"": ""medium"", ""elapsed_time"": 50.88207221031189, ""n_init_feats"": 8, ""n_added_feats"": 9, ""initial_metric"": null, ""final_metric"": 0.8484817813765183, ""pct_gain"": 0.06821056321283657}"
37,diabetes,openml_task,amlb,classification,featuretools,2,1200,614,154,8,294,286,0.7898148148148149,binary_roc_auc,True,0.7935185185185185,-0.00466744457409562,1.0114595890045166,0.6582884788513184,77.90768074989319,362.28515625,32,ok,,upstream-1.x,{}
37,diabetes,openml_task,amlb,classification,tabularaml,4,1200,614,154,8,17,9,0.7698148148148147,binary_roc_auc,True,0.7966666666666667,-0.03370525337052554,71.05033779144287,0.021038293838500977,80.6243577003479,341.6171875,16,ok,,0.2.0,"{""mode"": ""medium"", ""elapsed_time"": 70.71468329429626, ""n_init_feats"": 8, ""n_added_feats"": 9, ""initial_metric"": null, ""final_metric"": 0.8681698905383115, ""pct_gain"": 0.04763584901521775}"
37,diabetes,openml_task,amlb,classification,tabularaml,2,1200,614,154,8,17,9,0.7894444444444444,binary_roc_auc,True,0.7935185185185185,-0.005134189031505307,55.01826858520508,0.017026901245117188,90.97415328025818,342.20703125,41,ok,,0.2.0,"{""mode"": ""medium"", ""elapsed_time"": 54.69654083251953, ""n_init_feats"": 8, ""n_added_feats"": 9, ""initial_metric"": null, ""final_metric"": 0.8282801019643126, ""pct_gain"": 0.027535564297920673}"
37,diabetes,openml_task,amlb,classification,featuretools,3,1200,614,154,8,294,286,0.8011111111111111,binary_roc_auc,True,0.8099999999999999,-0.01097393689986276,0.7530519962310791,0.49249720573425293,88.83417558670044,356.13671875,39,ok,,upstream-1.x,{}
28,optdigits,openml_task,amlb,multiclass,openfe,0,1200,,,,,,,,,,,,,1380,,,timeout,wall-clock exceeded 1380s,,
28,optdigits,openml_task,amlb,multiclass,featuretools,0,1200,,,,,,,,,,,,,1380,,,timeout,wall-clock exceeded 1380s,,
37,diabetes,openml_task,amlb,classification,tabularaml,1,1200,614,154,8,17,9,0.8518518518518517,binary_roc_auc,True,0.8296296296296296,0.02678571428571419,122.28826642036438,0.0155792236328125,125.41721987724304,347.94140625,56,ok,,0.2.0,"{""mode"": ""medium"", ""elapsed_time"": 122.02603912353516, ""n_init_feats"": 8, ""n_added_feats"": 9, ""initial_metric"": null, ""final_metric"": 0.8293878392562604, ""pct_gain"": 0.04525472556983445}"
45,splice,openml_task,amlb,multiclass,nofe,0,1200,2552,638,60,60,0,0.10464843392430886,categorical_crossentropy,False,0.10464843392430886,-0.0,0.009804725646972656,0.0007333755493164062,12.173720598220825,344.984375,399,ok,,1.0.0,{}
28,optdigits,openml_task,amlb,multiclass,nofe,1,1200,,,,,,,,,,,,,1380,,,timeout,wall-clock exceeded 1380s,,
28,optdigits,openml_task,amlb,multiclass,tabularaml,3,1200,4496,1124,62,69,7,0.0557007068862066,categorical_crossentropy,False,0.05590634749810176,0.0036783052568789038,950.1677787303925,0.025119304656982422,970.9493961334229,468.75390625,1608,ok,,0.2.0,"{""mode"": ""medium"", ""elapsed_time"": 938.1934881210327, ""n_init_feats"": 62, ""n_added_feats"": 7, ""initial_metric"": null, ""final_metric"": 0.08898378374630327, ""pct_gain"": 0.060837870451110394}"
45,splice,openml_task,amlb,multiclass,nofe,1,1200,2552,638,60,60,0,0.10927609329053746,categorical_crossentropy,False,0.10927609329053746,-0.0,0.009032964706420898,0.0008618831634521484,8.045342922210693,346.5625,397,ok,,1.0.0,{}
28,optdigits,openml_task,amlb,multiclass,openfe,1,1200,,,,,,,,,,,,,1380,,,timeout,wall-clock exceeded 1380s,,
28,optdigits,openml_task,amlb,multiclass,autofeat,1,1200,,,,,,,,,,,,,1380,,,timeout,wall-clock exceeded 1380s,,
28,optdigits,openml_task,amlb,multiclass,featuretools,1,1200,,,,,,,,,,,,,1380,,,timeout,wall-clock exceeded 1380s,,
28,optdigits,openml_task,amlb,multiclass,tabularaml,4,1200,4496,1124,62,68,6,0.07038974965457799,categorical_crossentropy,False,0.06703849414178167,-0.04999001776067118,923.6027998924255,0.015207290649414062,931.8624565601349,429.72265625,627,ok,,0.2.0,"{""mode"": ""medium"", ""elapsed_time"": 912.2577996253967, ""n_init_feats"": 62, ""n_added_feats"": 6, ""initial_metric"": null, ""final_metric"": 0.08408795948595116, ""pct_gain"": 0.11229135702214844}"
45,splice,openml_task,amlb,multiclass,featuretools,0,1200,2552,638,60,1830,1770,0.12093695011371836,categorical_crossentropy,False,0.10464843392430886,-0.15564988006596264,6.478407144546509,8.171217203140259,40.39328169822693,423.44140625,325,ok,,upstream-1.x,{}
37,diabetes,openml_task,amlb,classification,autofeat,1,1200,614,154,8,15,7,0.7920370370370371,binary_roc_auc,True,0.8296296296296296,-0.0453124999999999,173.34289693832397,0.022693157196044922,206.29528737068176,531.7421875,89,ok,,upstream-2.1.x,{}
45,splice,openml_task,amlb,multiclass,nofe,2,1200,2552,638,60,60,0,0.09404426771223849,categorical_crossentropy,False,0.09404426771223849,-0.0,0.0068111419677734375,0.0007922649383544922,6.944917917251587,343.8671875,249,ok,,1.0.0,{}
37,diabetes,openml_task,amlb,classification,autofeat,4,1200,614,154,8,16,8,0.7894444444444444,binary_roc_auc,True,0.7966666666666667,-0.009065550906555253,149.12890219688416,0.02363729476928711,159.06263136863708,533.64453125,17,ok,,upstream-2.1.x,{}
32,pendigits,openml_task,amlb,multiclass,featuretools,4,1200,8793,2199,16,1264,1248,0.035976447924304364,categorical_crossentropy,False,0.03714806497014522,0.03153911372725476,3.717665433883667,3.71065354347229,326.6553270816803,677.5546875,633,ok,,upstream-1.x,{}
28,optdigits,openml_task,amlb,multiclass,openfe,2,1200,,,,,,,,,,,,,1380,,,timeout,wall-clock exceeded 1380s,,
45,splice,openml_task,amlb,multiclass,nofe,3,1200,2552,638,60,60,0,0.09945231656937861,categorical_crossentropy,False,0.09945231656937861,-0.0,0.00794529914855957,0.0008308887481689453,4.392923831939697,343.69921875,168,ok,,1.0.0,{}
45,splice,openml_task,amlb,multiclass,featuretools,1,1200,2552,638,60,1830,1770,0.09812072045628338,categorical_crossentropy,False,0.10927609329053746,0.1020842939964441,6.643709421157837,8.67936086654663,52.60581994056702,417.37109375,303,ok,,upstream-1.x,{}
45,splice,openml_task,amlb,multiclass,featuretools,2,1200,2552,638,60,1830,1770,0.09546076599197185,categorical_crossentropy,False,0.09404426771223849,-0.015062037423350865,5.258475065231323,7.507625579833984,38.77220153808594,422.0625,383,ok,,upstream-1.x,{}
28,optdigits,openml_task,amlb,multiclass,autofeat,2,1200,,,,,,,,,,,,,1380,,,timeout,wall-clock exceeded 1380s,,
28,optdigits,openml_task,amlb,multiclass,featuretools,2,1200,,,,,,,,,,,,,1380,,,timeout,wall-clock exceeded 1380s,,
45,splice,openml_task,amlb,multiclass,nofe,4,1200,2552,638,60,60,0,0.08614809362049547,categorical_crossentropy,False,0.08614809362049547,-0.0,0.005778789520263672,0.0007221698760986328,11.60968804359436,345.1640625,207,ok,,1.0.0,{}
45,splice,openml_task,amlb,multiclass,featuretools,3,1200,2552,638,60,1830,1770,0.10197603155758092,categorical_crossentropy,False,0.09945231656937861,-0.025376130745448724,7.7030510902404785,10.520903587341309,39.896608114242554,419.62109375,140,ok,,upstream-1.x,{}
32,pendigits,openml_task,amlb,multiclass,openfe,0,1200,8793,2199,16,990,974,0.0360772305304347,categorical_crossentropy,False,0.034724765404783184,-0.03894814291431377,356.6888840198517,37.77842044830322,560.0273859500885,704.8671875,213,ok,,upstream-0.0.12,{}
28,optdigits,openml_task,amlb,multiclass,openfe,3,1200,,,,,,,,,,,,,1380,,,timeout,wall-clock exceeded 1380s,,
49,tic-tac-toe,openml_task,amlb,classification,nofe,0,1200,766,192,9,9,0,0.9998805970149254,binary_roc_auc,True,0.9998805970149254,0.0,0.004630327224731445,0.00014925003051757812,9.969581842422485,339.0078125,1611,ok,,1.0.0,{}
49,tic-tac-toe,openml_task,amlb,classification,openfe,0,1200,766,192,9,53,44,0.8580298507462687,binary_roc_auc,True,0.9998805970149254,-0.14186768569381414,7.522326707839966,1.4127352237701416,12.127504110336304,338.53125,29,ok,,upstream-0.0.12,{}
28,optdigits,openml_task,amlb,multiclass,autofeat,3,1200,,,,,,,,,,,,,1380,,,timeout,wall-clock exceeded 1380s,,
49,tic-tac-toe,openml_task,amlb,classification,featuretools,0,1200,766,192,9,45,36,0.9998805970149254,binary_roc_auc,True,0.9998805970149254,0.0,0.5892560482025146,0.30547523498535156,5.621301889419556,363.0625,1775,ok,,upstream-1.x,{}
43,spambase,openml_task,amlb,classification,openfe,1,1200,3680,921,57,2057,2000,0.9881216860689,binary_roc_auc,True,0.9873663319411119,0.0007650191254781466,204.4729187488556,17.953781366348267,285.0616614818573,659.2734375,170,ok,,upstream-0.0.12,{}
28,optdigits,openml_task,amlb,multiclass,featuretools,3,1200,,,,,,,,,,,,,1380,,,timeout,wall-clock exceeded 1380s,,
49,tic-tac-toe,openml_task,amlb,classification,nofe,1,1200,766,192,9,9,0,1.0,binary_roc_auc,True,1.0,0.0,0.007023811340332031,0.00016808509826660156,5.622464418411255,334.46875,755,ok,,1.0.0,{}
43,spambase,openml_task,amlb,classification,openfe,2,1200,3680,921,57,2057,2000,0.9896570790998943,binary_roc_auc,True,0.989247311827957,0.00041422126402358646,213.77965760231018,18.04775643348694,292.3425703048706,739.328125,265,ok,,upstream-0.0.12,{}
32,pendigits,openml_task,amlb,multiclass,featuretools,3,1200,8793,2199,16,1264,1248,0.015761860287401584,categorical_crossentropy,False,0.024240221755025115,0.349764187527118,3.763333320617676,3.5707719326019287,495.0414822101593,631.67578125,618,ok,,upstream-1.x,{}
49,tic-tac-toe,openml_task,amlb,classification,featuretools,1,1200,766,192,9,45,36,1.0,binary_roc_auc,True,1.0,0.0,0.7039761543273926,0.3622477054595947,10.032276391983032,346.8671875,407,ok,,upstream-1.x,{}
49,tic-tac-toe,openml_task,amlb,classification,nofe,2,1200,766,192,9,9,0,0.9992835820895523,binary_roc_auc,True,0.9992835820895523,0.0,0.004935026168823242,0.00013756752014160156,9.610450506210327,333.7734375,702,ok,,1.0.0,{}
43,spambase,openml_task,amlb,classification,featuretools,3,1200,3680,921,57,15870,15813,0.9882130197379464,binary_roc_auc,True,0.9884327142391659,-0.00022226550988714496,38.3755624294281,51.555816888809204,303.6149525642395,2274.9921875,140,ok,,upstream-1.x,{}
32,pendigits,openml_task,amlb,multiclass,openfe,2,1200,8793,2199,16,986,970,0.03878009546701347,categorical_crossentropy,False,0.04034747411545071,0.03884700796764447,321.47023153305054,35.074456453323364,609.5303282737732,707.12890625,592,ok,,upstream-0.0.12,{}
49,tic-tac-toe,openml_task,amlb,classification,featuretools,2,1200,766,192,9,45,36,0.9998805970149254,binary_roc_auc,True,0.9992835820895523,0.000597442944198813,0.5961582660675049,0.29703259468078613,9.805753469467163,353.8125,933,ok,,upstream-1.x,{}
49,tic-tac-toe,openml_task,amlb,classification,openfe,2,1200,766,192,9,50,41,0.8988656716417911,binary_roc_auc,True,0.9992835820895523,-0.100489903214243,6.2260284423828125,1.2583420276641846,19.62618398666382,337.40234375,31,ok,,upstream-0.0.12,{}
49,tic-tac-toe,openml_task,amlb,classification,nofe,3,1200,766,192,9,9,0,1.0,binary_roc_auc,True,1.0,0.0,0.0058553218841552734,0.00018787384033203125,3.1297576427459717,333.18359375,921,ok,,1.0.0,{}
43,spambase,openml_task,amlb,classification,openfe,4,1200,3680,921,57,2057,2000,0.9857791008817401,binary_roc_auc,True,,,228.4570505619049,15.804237842559814,294.8757472038269,722.43359375,188,ok,,upstream-0.0.12,{}
43,spambase,openml_task,amlb,classification,featuretools,2,1200,3680,921,57,15854,15797,0.9892423748728735,binary_roc_auc,True,0.989247311827957,-4.990617638778896e-06,32.51319169998169,42.574272871017456,342.75660252571106,1889.30078125,172,ok,,upstream-1.x,{}
43,spambase,openml_task,amlb,classification,tabularaml,0,1200,3680,921,57,58,1,0.9894052943906316,binary_roc_auc,True,0.9896965747405629,-0.0002943127796594291,359.90577602386475,0.009740591049194336,370.8648774623871,386.59375,390,ok,,0.2.0,"{""mode"": ""medium"", ""elapsed_time"": 357.99171590805054, ""n_init_feats"": 57, ""n_added_feats"": 1, ""initial_metric"": null, ""final_metric"": 0.9888212832085796, ""pct_gain"": 0.0014298540170683293}"
49,tic-tac-toe,openml_task,amlb,classification,featuretools,3,1200,766,192,9,45,36,1.0,binary_roc_auc,True,1.0,0.0,0.6267385482788086,0.28551173210144043,9.98703646659851,352.98828125,1132,ok,,upstream-1.x,{}
49,tic-tac-toe,openml_task,amlb,classification,openfe,1,1200,766,192,9,52,43,0.872955223880597,binary_roc_auc,True,1.0,-0.127044776119403,6.456208944320679,1.2769019603729248,80.08636260032654,337.0078125,33,ok,,upstream-0.0.12,{}
43,spambase,openml_task,amlb,classification,featuretools,0,1200,3680,921,57,15855,15798,0.989390483525381,binary_roc_auc,True,0.9896965747405629,-0.0003092778362522168,27.35418128967285,56.2477650642395,372.0743341445923,1902.39453125,213,ok,,upstream-1.x,{}
43,spambase,openml_task,amlb,classification,featuretools,1,1200,3680,921,57,15849,15792,0.9873613949860284,binary_roc_auc,True,0.9873663319411119,-5.000125003064878e-06,34.59821343421936,42.8599808216095,372.64626693725586,2091.078125,118,ok,,upstream-1.x,{}
37,diabetes,openml_task,amlb,classification,autofeat,2,1200,614,154,8,15,7,0.8044444444444445,binary_roc_auc,True,0.7935185185185185,0.013768961493582364,143.82093977928162,0.03227114677429199,396.81037425994873,531.28125,45,ok,,upstream-2.1.x,{}
49,tic-tac-toe,openml_task,amlb,classification,nofe,4,1200,766,192,9,9,0,1.0,binary_roc_auc,True,1.0,0.0,0.005489349365234375,0.00023293495178222656,10.319611072540283,341.7578125,1958,ok,,1.0.0,{}
43,spambase,openml_task,amlb,classification,featuretools,4,1200,3680,921,57,15823,15766,0.9858778399834119,binary_roc_auc,True,,,26.211364030838013,38.92019605636597,310.8750743865967,1890.5234375,137,ok,,upstream-1.x,{}
49,tic-tac-toe,openml_task,amlb,classification,featuretools,4,1200,766,192,9,45,36,1.0,binary_roc_auc,True,1.0,0.0,0.5060479640960693,0.3149912357330322,9.021952867507935,355.84375,1969,ok,,upstream-1.x,{}
53,vehicle,openml_task,amlb,multiclass,nofe,0,1200,676,170,18,18,0,0.5467296974048675,categorical_crossentropy,False,0.5467296974048675,-0.0,0.004255056381225586,9.5367431640625e-05,19.187903881072998,344.12890625,173,ok,,1.0.0,{}
49,tic-tac-toe,openml_task,amlb,classification,openfe,3,1200,766,192,9,51,42,0.8422089552238806,binary_roc_auc,True,1.0,-0.15779104477611938,6.164474248886108,1.122819185256958,77.03084182739258,342.828125,21,ok,,upstream-0.0.12,{}
49,tic-tac-toe,openml_task,amlb,classification,openfe,4,1200,766,192,9,51,42,0.816,binary_roc_auc,True,1.0,-0.18400000000000005,6.936852693557739,1.3066301345825195,72.29903388023376,336.61328125,45,ok,,upstream-0.0.12,{}
53,vehicle,openml_task,amlb,multiclass,featuretools,0,1200,676,170,18,1266,1248,0.44899184748475607,categorical_crossentropy,False,0.5467296974048675,0.17876813786417398,3.5066778659820557,4.649851560592651,49.04606771469116,411.0625,159,ok,,upstream-1.x,{}
53,vehicle,openml_task,amlb,multiclass,nofe,1,1200,676,170,18,18,0,0.5060756933820598,categorical_crossentropy,False,0.5060756933820598,-0.0,0.004518747329711914,8.440017700195312e-05,10.061735153198242,341.1171875,178,ok,,1.0.0,{}
45,splice,openml_task,amlb,multiclass,openfe,0,1200,2552,638,60,2060,2000,0.37263688484504587,categorical_crossentropy,False,0.10464843392430886,-2.560845307198484,287.05268597602844,81.81560063362122,406.4886541366577,591.3984375,82,ok,,upstream-0.0.12,{}
28,optdigits,openml_task,amlb,multiclass,openfe,4,1200,,,,,,,,,,,,,1380,,,timeout,wall-clock exceeded 1380s,,
53,vehicle,openml_task,amlb,multiclass,featuretools,1,1200,676,170,18,1256,1238,0.5093467256492552,categorical_crossentropy,False,0.5060756933820598,-0.006463523757356059,2.5733695030212402,4.124609708786011,49.888418197631836,413.28515625,154,ok,,upstream-1.x,{}
28,optdigits,openml_task,amlb,multiclass,autofeat,4,1200,,,,,,,,,,,,,1380,,,timeout,wall-clock exceeded 1380s,,
28,optdigits,openml_task,amlb,multiclass,featuretools,4,1200,,,,,,,,,,,,,1380,,,timeout,wall-clock exceeded 1380s,,
53,vehicle,openml_task,amlb,multiclass,nofe,2,1200,676,170,18,18,0,0.6314152051716091,categorical_crossentropy,False,0.6314152051716091,-0.0,0.003835439682006836,0.00010776519775390625,4.2387049198150635,348.42578125,487,ok,,1.0.0,{}
53,vehicle,openml_task,amlb,multiclass,openfe,0,1200,676,170,18,1990,1972,0.43766915536458223,categorical_crossentropy,False,0.5467296974048675,0.1994779916985617,118.1598310470581,29.356229782104492,190.71363973617554,445.9296875,267,ok,,upstream-0.0.12,{}
45,splice,openml_task,amlb,multiclass,openfe,3,1200,2552,638,60,2060,2000,0.2835860653009651,categorical_crossentropy,False,0.09945231656937861,-1.8514777240320341,294.8896577358246,81.71884369850159,410.69355511665344,578.4921875,80,ok,,upstream-0.0.12,{}
31,credit-g,openml_task,amlb,classification,tabularaml,4,1200,800,200,20,31,11,0.7701190476190476,binary_roc_auc,True,0.7635714285714286,0.00857499220455251,416.56006026268005,0.056429386138916016,927.2430365085602,352.671875,26,ok,,0.2.0,"{""mode"": ""medium"", ""elapsed_time"": 415.6590609550476, ""n_init_feats"": 20, ""n_added_feats"": 11, ""initial_metric"": null, ""final_metric"": 0.792680551776108, ""pct_gain"": -0.005998059495377795}"
43,spambase,openml_task,amlb,classification,tabularaml,3,1200,3680,921,57,59,2,0.9887289315441808,binary_roc_auc,True,0.9884327142391659,0.00029968383355558493,554.6056001186371,0.010793924331665039,565.8233022689819,390.5,275,ok,,0.2.0,"{""mode"": ""medium"", ""elapsed_time"": 553.2057089805603, ""n_init_feats"": 57, ""n_added_feats"": 2, ""initial_metric"": null, ""final_metric"": 0.9875698829808488, ""pct_gain"": 0.0037248499571750503}"
53,vehicle,openml_task,amlb,multiclass,nofe,3,1200,676,170,18,18,0,0.48383719340131126,categorical_crossentropy,False,0.48383719340131126,-0.0,0.004404783248901367,0.00010991096496582031,10.3020601272583,341.88671875,206,ok,,1.0.0,{}
45,splice,openml_task,amlb,multiclass,openfe,4,1200,2552,638,60,2060,2000,0.6400384234971014,categorical_crossentropy,False,0.08614809362049547,-6.429513487746292,282.03791904449463,83.37593746185303,399.89727759361267,593.51953125,39,ok,,upstream-0.0.12,{}
53,vehicle,openml_task,amlb,multiclass,featuretools,2,1200,676,170,18,1265,1247,0.511119500757195,categorical_crossentropy,False,0.6314152051716091,0.19051759195713305,3.5959277153015137,3.9333205223083496,49.877593994140625,411.2109375,165,ok,,upstream-1.x,{}
49,tic-tac-toe,openml_task,amlb,classification,tabularaml,3,1200,766,192,9,12,3,1.0,binary_roc_auc,True,1.0,0.0,234.4397554397583,0.021559953689575195,241.5864851474762,347.7578125,789,ok,,0.2.0,"{""mode"": ""medium"", ""elapsed_time"": 234.12553238868713, ""n_init_feats"": 9, ""n_added_feats"": 3, ""initial_metric"": null, ""final_metric"": 0.9999064765022212, ""pct_gain"": 0.0020902698938261226}"
45,splice,openml_task,amlb,multiclass,openfe,2,1200,2552,638,60,2060,2000,0.3473534080503526,categorical_crossentropy,False,0.09404426771223849,-2.6935096258413376,333.31644201278687,88.0256118774414,467.2224040031433,592.33203125,84,ok,,upstream-0.0.12,{}
53,vehicle,openml_task,amlb,multiclass,nofe,4,1200,676,170,18,18,0,0.5533786327304209,categorical_crossentropy,False,0.5533786327304209,-0.0,0.008492708206176758,0.00012373924255371094,9.68457317352295,336.0,89,ok,,1.0.0,{}
53,vehicle,openml_task,amlb,multiclass,tabularaml,0,1200,676,170,18,22,4,0.5770656169173034,categorical_crossentropy,False,0.5467296974048675,-0.05548613813449267,177.15696930885315,0.011162042617797852,186.66769313812256,346.96875,124,ok,,0.2.0,"{""mode"": ""medium"", ""elapsed_time"": 176.22747564315796, ""n_init_feats"": 18, ""n_added_feats"": 4, ""initial_metric"": null, ""final_metric"": 0.6167137336743563, ""pct_gain"": 0.08716759808850341}"
49,tic-tac-toe,openml_task,amlb,classification,tabularaml,0,1200,766,192,9,15,6,0.9996417910447761,binary_roc_auc,True,0.9998805970149254,-0.00023883448770001747,352.235799074173,0.025567054748535156,356.11489272117615,357.83203125,1999,ok,,0.2.0,"{""mode"": ""medium"", ""elapsed_time"": 351.91234612464905, ""n_init_feats"": 9, ""n_added_feats"": 6, ""initial_metric"": null, ""final_metric"": 0.9999074074074074, ""pct_gain"": 0.0026136868432538804}"
219,electricity,openml_task,amlb,classification,nofe,0,1200,36249,9063,8,8,0,0.9848471046457623,binary_roc_auc,True,0.9848471046457623,0.0,0.024344205856323242,0.0004725456237792969,13.888291358947754,397.3671875,1996,ok,,1.0.0,{}
53,vehicle,openml_task,amlb,multiclass,featuretools,3,1200,676,170,18,1265,1247,0.44115078044740264,categorical_crossentropy,False,0.48383719340131126,0.08822474488542066,2.9488728046417236,2.953425645828247,43.5622193813324,411.05859375,190,ok,,upstream-1.x,{}
32,pendigits,openml_task,amlb,multiclass,tabularaml,1,1200,8793,2199,16,22,6,0.03018317519802764,categorical_crossentropy,False,0.031006957161735987,0.02656764929920093,925.5070426464081,0.012576818466186523,956.769876241684,441.62890625,975,ok,,0.2.0,"{""mode"": ""medium"", ""elapsed_time"": 915.1337471008301, ""n_init_feats"": 16, ""n_added_feats"": 6, ""initial_metric"": null, ""final_metric"": 0.04857271152086996, ""pct_gain"": 0.06728550254718216}"
53,vehicle,openml_task,amlb,multiclass,openfe,1,1200,676,170,18,1975,1957,0.5136211291530772,categorical_crossentropy,False,0.5060756933820598,-0.01490969803467919,130.73035979270935,28.81819438934326,213.60597491264343,446.5390625,169,ok,,upstream-0.0.12,{}
53,vehicle,openml_task,amlb,multiclass,tabularaml,4,1200,676,170,18,,,,,,,,,,71.58204936981201,,,crash,ValueError: Input X contains infinity or a value too large for dtype('float64').,0.2.0,
53,vehicle,openml_task,amlb,multiclass,featuretools,4,1200,676,170,18,1264,1246,0.49903698855024925,categorical_crossentropy,False,0.5533786327304209,0.0981997514288634,2.5380403995513916,3.3517534732818604,75.08198380470276,413.96875,75,ok,,upstream-1.x,{}
219,electricity,openml_task,amlb,classification,nofe,1,1200,36249,9063,8,8,0,0.9824918324918324,binary_roc_auc,True,0.9824918324918324,0.0,0.02620673179626465,0.0004582405090332031,13.930848360061646,392.84375,1997,ok,,1.0.0,{}
31,credit-g,openml_task,amlb,classification,tabularaml,3,1200,800,200,20,28,8,0.7961904761904762,binary_roc_auc,True,0.771547619047619,0.03193951550686629,432.0386474132538,0.05353426933288574,1109.5752527713776,350.33984375,97,ok,,0.2.0,"{""mode"": ""medium"", ""elapsed_time"": 431.1814625263214, ""n_init_feats"": 20, ""n_added_feats"": 8, ""initial_metric"": null, ""final_metric"": 0.799933477068637, ""pct_gain"": 0.053566943669934926}"
53,vehicle,openml_task,amlb,multiclass,openfe,2,1200,676,170,18,1992,1974,0.691932832762284,categorical_crossentropy,False,0.6314152051716091,-0.09584442549847551,121.07265162467957,27.60968804359436,217.07634472846985,448.15625,876,ok,,upstream-0.0.12,{}
49,tic-tac-toe,openml_task,amlb,classification,autofeat,0,1200,766,192,9,45,36,1.0,binary_roc_auc,True,0.9998805970149254,0.00011941724385000873,445.98265171051025,0.06583046913146973,520.1313674449921,586.828125,1972,ok,,upstream-2.1.x,{}
49,tic-tac-toe,openml_task,amlb,classification,tabularaml,2,1200,766,192,9,13,4,1.0,binary_roc_auc,True,0.9992835820895523,0.0007169315330385755,439.6841480731964,0.022085905075073242,444.6563193798065,351.8359375,1662,ok,,0.2.0,"{""mode"": ""medium"", ""elapsed_time"": 439.35739636421204, ""n_init_feats"": 9, ""n_added_feats"": 4, ""initial_metric"": null, ""final_metric"": 0.9998134184570354, ""pct_gain"": 0.0018270231739446557}"
219,electricity,openml_task,amlb,classification,nofe,2,1200,36249,9063,8,8,0,0.982735462433449,binary_roc_auc,True,0.982735462433449,0.0,0.024071455001831055,0.0004391670227050781,11.256284952163696,391.265625,1999,ok,,1.0.0,{}
49,tic-tac-toe,openml_task,amlb,classification,autofeat,3,1200,766,192,9,50,41,1.0,binary_roc_auc,True,1.0,0.0,431.0953559875488,0.07474231719970703,434.7609257698059,593.67578125,1900,ok,,upstream-2.1.x,{}
219,electricity,openml_task,amlb,classification,openfe,0,1200,36249,9063,8,211,203,0.936233936569507,binary_roc_auc,True,0.9848471046457623,-0.049361132146233846,89.09371089935303,24.728177070617676,149.31842064857483,703.9296875,351,ok,,upstream-0.0.12,{}
49,tic-tac-toe,openml_task,amlb,classification,autofeat,2,1200,766,192,9,50,41,1.0,binary_roc_auc,True,0.9992835820895523,0.0007169315330385755,457.8153100013733,0.07547998428344727,467.58314990997314,593.453125,1997,ok,,upstream-2.1.x,{}
53,vehicle,openml_task,amlb,multiclass,openfe,3,1200,676,170,18,1987,1969,0.46678148024879834,categorical_crossentropy,False,0.48383719340131126,0.03525093437446079,119.21587419509888,28.461787939071655,217.6799008846283,443.3515625,275,ok,,upstream-0.0.12,{}
219,electricity,openml_task,amlb,classification,featuretools,0,1200,36249,9063,8,274,266,0.9797061590685752,binary_roc_auc,True,0.9848471046457623,-0.0052200443631666826,2.5243966579437256,1.0234465599060059,127.97740745544434,660.08203125,1592,ok,,upstream-1.x,{}
53,vehicle,openml_task,amlb,multiclass,openfe,4,1200,676,170,18,2004,1986,0.45763190780930657,categorical_crossentropy,False,0.5533786327304209,0.1730220851656147,123.16973567008972,28.799213647842407,203.0796239376068,452.18359375,116,ok,,upstream-0.0.12,{}
219,electricity,openml_task,amlb,classification,nofe,3,1200,36249,9063,8,8,0,0.9817428037226695,binary_roc_auc,True,0.9817428037226695,0.0,0.01606273651123047,0.0001385211944580078,26.04700016975403,392.578125,1997,ok,,1.0.0,{}
49,tic-tac-toe,openml_task,amlb,classification,autofeat,4,1200,766,192,9,48,39,1.0,binary_roc_auc,True,1.0,0.0,448.78644704818726,0.07096624374389648,459.09476351737976,587.99609375,1989,ok,,upstream-2.1.x,{}
219,electricity,openml_task,amlb,classification,nofe,4,1200,36249,9063,8,8,0,0.9822684344496425,binary_roc_auc,True,0.9822684344496425,0.0,0.024149417877197266,0.0008845329284667969,14.286010026931763,392.7734375,1999,ok,,1.0.0,{}
219,electricity,openml_task,amlb,classification,openfe,1,1200,36249,9063,8,210,202,0.9385589854549586,binary_roc_auc,True,0.9824918324918324,-0.044715737662113286,89.3349769115448,20.120850801467896,148.91488814353943,631.7734375,419,ok,,upstream-0.0.12,{}
31,credit-g,openml_task,amlb,classification,autofeat,0,1200,800,200,20,20,0,0.7741666666666667,binary_roc_auc,True,0.780952380952381,-0.0086890243902439,1346.7452471256256,0.020328760147094727,1357.3074080944061,583.57421875,208,ok,,upstream-2.1.x,{}
53,vehicle,openml_task,amlb,multiclass,tabularaml,2,1200,676,170,18,24,6,0.6222812816641047,categorical_crossentropy,False,0.6314152051716091,0.014465795933789643,286.9378845691681,0.011777400970458984,299.8551216125488,358.39453125,389,ok,,0.2.0,"{""mode"": ""medium"", ""elapsed_time"": 286.00165486335754, ""n_init_feats"": 18, ""n_added_feats"": 6, ""initial_metric"": null, ""final_metric"": 0.6023194514759261, ""pct_gain"": 0.21051623852616033}"
219,electricity,openml_task,amlb,classification,featuretools,1,1200,36249,9063,8,276,268,0.9790729155662041,binary_roc_auc,True,0.9824918324918324,-0.003479842592642272,2.0061209201812744,0.7373039722442627,140.73356580734253,663.1171875,1823,ok,,upstream-1.x,{}
2074,satimage,openml_task,amlb,multiclass,nofe,0,1200,5144,1286,36,36,0,0.22787045577830356,categorical_crossentropy,False,0.22787045577830356,-0.0,0.007953405380249023,0.0007257461547851562,10.8353910446167,371.62109375,338,ok,,1.0.0,{}
53,vehicle,openml_task,amlb,multiclass,tabularaml,3,1200,676,170,18,25,7,0.4716080642907935,categorical_crossentropy,False,0.48383719340131126,0.0252752977185334,302.1376054286957,0.012879610061645508,309.37304973602295,351.0703125,144,ok,,0.2.0,"{""mode"": ""medium"", ""elapsed_time"": 301.21706891059875, ""n_init_feats"": 18, ""n_added_feats"": 7, ""initial_metric"": null, ""final_metric"": 0.5955787829524164, ""pct_gain"": 0.07756101592277188}"
219,electricity,openml_task,amlb,classification,featuretools,2,1200,36249,9063,8,276,268,0.9795373273561193,binary_roc_auc,True,0.982735462433449,-0.0032543193968094615,1.9987263679504395,0.7938106060028076,127.07975769042969,664.5234375,1725,ok,,upstream-1.x,{}
49,tic-tac-toe,openml_task,amlb,classification,tabularaml,1,1200,766,192,9,14,5,0.9986865671641791,binary_roc_auc,True,1.0,-0.0013134328358208602,512.2031526565552,0.03199338912963867,636.4272301197052,352.328125,1117,ok,,0.2.0,"{""mode"": ""medium"", ""elapsed_time"": 511.7628788948059, ""n_init_feats"": 9, ""n_added_feats"": 5, ""initial_metric"": null, ""final_metric"": 0.9999074074074074, ""pct_gain"": 0.0019678126483419563}"
219,electricity,openml_task,amlb,classification,openfe,2,1200,36249,9063,8,205,197,0.9276026145992589,binary_roc_auc,True,0.982735462433449,-0.0561014127827139,76.9767324924469,16.556519985198975,160.61889219284058,688.51171875,222,ok,,upstream-0.0.12,{}
31,credit-g,openml_task,amlb,classification,nofe,1,1200,,,,,,,,,,,,,1380,,,timeout,wall-clock exceeded 1380s,,
31,credit-g,openml_task,amlb,classification,autofeat,1,1200,,,,,,,,,,,,,1380,,,timeout,wall-clock exceeded 1380s,,
2074,satimage,openml_task,amlb,multiclass,nofe,1,1200,5144,1286,36,36,0,0.218420771163655,categorical_crossentropy,False,0.218420771163655,-0.0,0.009058237075805664,0.0007345676422119141,12.217119455337524,366.296875,241,ok,,1.0.0,{}
219,electricity,openml_task,amlb,classification,featuretools,3,1200,36249,9063,8,276,268,0.9790813621350533,binary_roc_auc,True,0.9817428037226695,-0.002710935672280314,2.3762221336364746,0.9887418746948242,145.14671206474304,662.953125,1827,ok,,upstream-1.x,{}
219,electricity,openml_task,amlb,classification,openfe,3,1200,36249,9063,8,207,199,0.9395157898513603,binary_roc_auc,True,0.9817428037226695,-0.04301229783522594,86.26721954345703,16.772061109542847,167.18234062194824,647.95703125,721,ok,,upstream-0.0.12,{}
2074,satimage,openml_task,amlb,multiclass,nofe,2,1200,5144,1286,36,36,0,0.20282842931131032,categorical_crossentropy,False,0.20282842931131032,-0.0,0.007818460464477539,0.0008192062377929688,7.019136190414429,364.1796875,271,ok,,1.0.0,{}
32,pendigits,openml_task,amlb,multiclass,tabularaml,3,1200,8793,2199,16,22,6,0.021417078018571126,categorical_crossentropy,False,0.024240221755025115,0.11646526030104229,932.9548530578613,0.016634702682495117,1194.876318693161,426.67578125,674,ok,,0.2.0,"{""mode"": ""medium"", ""elapsed_time"": 917.7121558189392, ""n_init_feats"": 16, ""n_added_feats"": 6, ""initial_metric"": null, ""final_metric"": 0.053195947343662245, ""pct_gain"": 0.09196481194964393}"
31,credit-g,openml_task,amlb,classification,autofeat,2,1200,,,,,,,,,,,,,1380,,,timeout,wall-clock exceeded 1380s,,
32,pendigits,openml_task,amlb,multiclass,tabularaml,4,1200,8793,2199,16,23,7,0.03691465748748891,categorical_crossentropy,False,0.03714806497014522,0.0062831666425666646,919.3198475837708,0.012994766235351562,1146.8105018138885,440.10546875,952,ok,,0.2.0,"{""mode"": ""medium"", ""elapsed_time"": 908.9858567714691, ""n_init_feats"": 16, ""n_added_feats"": 7, ""initial_metric"": null, ""final_metric"": 0.043873844357359616, ""pct_gain"": 0.11138561151358806}"
219,electricity,openml_task,amlb,classification,openfe,4,1200,36249,9063,8,210,202,0.9367862524741718,binary_roc_auc,True,0.9822684344496425,-0.046303210385615245,74.29317378997803,17.08702826499939,149.4480082988739,703.2578125,494,ok,,upstream-0.0.12,{}
31,credit-g,openml_task,amlb,classification,autofeat,3,1200,,,,,,,,,,,,,1380,,,timeout,wall-clock exceeded 1380s,,
43,spambase,openml_task,amlb,classification,tabularaml,4,1200,3680,921,57,61,4,0.9844337806214639,binary_roc_auc,True,,,806.038272857666,0.01679062843322754,943.9194874763489,403.4296875,216,ok,,0.2.0,"{""mode"": ""medium"", ""elapsed_time"": 804.6518442630768, ""n_init_feats"": 57, ""n_added_feats"": 4, ""initial_metric"": null, ""final_metric"": 0.9891786166129519, ""pct_gain"": 0.001485078921565222}"
2074,satimage,openml_task,amlb,multiclass,nofe,3,1200,5144,1286,36,36,0,0.23225601124764386,categorical_crossentropy,False,0.23225601124764386,-0.0,0.010051965713500977,0.0007796287536621094,10.716430187225342,367.11328125,255,ok,,1.0.0,{}
31,credit-g,openml_task,amlb,classification,openfe,4,1200,,,,,,,,,,,,,1380,,,timeout,wall-clock exceeded 1380s,,
31,credit-g,openml_task,amlb,classification,autofeat,4,1200,,,,,,,,,,,,,1380,,,timeout,wall-clock exceeded 1380s,,
32,pendigits,openml_task,amlb,multiclass,autofeat,0,1200,,,,,,,,,,,,,1380,,,timeout,wall-clock exceeded 1380s,,
2074,satimage,openml_task,amlb,multiclass,nofe,4,1200,5144,1286,36,36,0,0.21997229220222797,categorical_crossentropy,False,0.21997229220222797,-0.0,0.007786750793457031,0.0005786418914794922,12.07317328453064,367.47265625,293,ok,,1.0.0,{}
45,splice,openml_task,amlb,multiclass,tabularaml,0,1200,2552,638,60,75,15,0.11180171695725769,categorical_crossentropy,False,0.10464843392430886,-0.06835537584941516,946.7551565170288,0.10558533668518066,954.9299986362457,384.7265625,499,ok,,0.2.0,"{""mode"": ""medium"", ""elapsed_time"": 943.7097456455231, ""n_init_feats"": 60, ""n_added_feats"": 15, ""initial_metric"": null, ""final_metric"": 0.10945635678512147, ""pct_gain"": 0.05469363137327128}"
32,pendigits,openml_task,amlb,multiclass,tabularaml,0,1200,8793,2199,16,27,11,0.038046375773847965,categorical_crossentropy,False,0.034724765404783184,-0.09565537247970131,1362.2150213718414,0.015053272247314453,1372.847151517868,415.46875,574,ok,,0.2.0,"{""mode"": ""medium"", ""elapsed_time"": 914.3675591945648, ""n_init_feats"": 16, ""n_added_feats"": 11, ""initial_metric"": null, ""final_metric"": 0.0510277835110358, ""pct_gain"": 0.10750663849162971}"
219,electricity,openml_task,amlb,classification,tabularaml,3,1200,36249,9063,8,17,9,0.9876800688881227,binary_roc_auc,True,0.9817428037226695,0.006047678824779373,205.3143756389618,0.025306224822998047,237.39552426338196,447.85546875,1999,ok,,0.2.0,"{""mode"": ""medium"", ""elapsed_time"": 198.26944398880005, ""n_init_feats"": 8, ""n_added_feats"": 9, ""initial_metric"": null, ""final_metric"": 0.9611503054425803, ""pct_gain"": 0.00881015549487024}"
32,pendigits,openml_task,amlb,multiclass,openfe,1,1200,,,,,,,,,,,,,1380,,,timeout,wall-clock exceeded 1380s,,
32,pendigits,openml_task,amlb,multiclass,autofeat,1,1200,,,,,,,,,,,,,1380,,,timeout,wall-clock exceeded 1380s,,
219,electricity,openml_task,amlb,classification,tabularaml,0,1200,36249,9063,8,17,9,0.9891800200525033,binary_roc_auc,True,0.9848471046457623,0.00439958180950277,373.16196274757385,0.02193593978881836,395.807177066803,464.5703125,1999,ok,,0.2.0,"{""mode"": ""medium"", ""elapsed_time"": 366.1019961833954, ""n_init_feats"": 8, ""n_added_feats"": 9, ""initial_metric"": null, ""final_metric"": 0.9596105732596968, ""pct_gain"": 0.008752309328194173}"
2079,eucalyptus,openml_task,amlb,multiclass,nofe,0,1200,588,148,19,19,0,0.7780714539206914,categorical_crossentropy,False,0.7780714539206914,-0.0,0.006630897521972656,0.0001862049102783203,7.2606072425842285,343.734375,142,ok,,1.0.0,{}
45,splice,openml_task,amlb,multiclass,tabularaml,2,1200,2552,638,60,66,6,0.10149707783357172,categorical_crossentropy,False,0.09404426771223849,-0.0792478935998281,928.2914290428162,0.08683204650878906,939.4214038848877,387.15625,195,ok,,0.2.0,"{""mode"": ""medium"", ""elapsed_time"": 924.951080083847, ""n_init_feats"": 60, ""n_added_feats"": 6, ""initial_metric"": null, ""final_metric"": 0.12507712394570344, ""pct_gain"": 0.05272031237697755}"
2079,eucalyptus,openml_task,amlb,multiclass,nofe,1,1200,588,148,19,19,0,0.7836373721444476,categorical_crossentropy,False,0.7836373721444476,-0.0,0.004602909088134766,0.00015544891357421875,10.19572401046753,339.640625,114,ok,,1.0.0,{}
32,pendigits,openml_task,amlb,multiclass,autofeat,2,1200,,,,,,,,,,,,,1380,,,timeout,wall-clock exceeded 1380s,,
2079,eucalyptus,openml_task,amlb,multiclass,featuretools,0,1200,588,148,19,850,831,0.8374035880032524,categorical_crossentropy,False,0.7780714539206914,-0.07625537961017229,2.713596820831299,3.6722776889801025,40.68328881263733,388.08984375,112,ok,,upstream-1.x,{}
45,splice,openml_task,amlb,multiclass,tabularaml,1,1200,2552,638,60,68,8,0.11168356744191182,categorical_crossentropy,False,0.10927609329053746,-0.022031114756029025,908.6870260238647,0.09878230094909668,984.2814953327179,386.26953125,367,ok,,0.2.0,"{""mode"": ""medium"", ""elapsed_time"": 905.4636087417603, ""n_init_feats"": 60, ""n_added_feats"": 8, ""initial_metric"": null, ""final_metric"": 0.12186697512203526, ""pct_gain"": 0.07322281759929329}"
53,vehicle,openml_task,amlb,multiclass,tabularaml,1,1200,676,170,18,33,15,0.5134656222208458,categorical_crossentropy,False,0.5060756933820598,-0.014602418048177189,592.2082872390747,0.02171921730041504,595.9112241268158,350.41015625,114,ok,,0.2.0,"{""mode"": ""medium"", ""elapsed_time"": 565.7789103984833, ""n_init_feats"": 18, ""n_added_feats"": 15, ""initial_metric"": null, ""final_metric"": 0.5080914238870358, ""pct_gain"": 0.2801132244697892}"
2079,eucalyptus,openml_task,amlb,multiclass,nofe,2,1200,588,148,19,19,0,0.8031549006952224,categorical_crossentropy,False,0.8031549006952224,-0.0,0.005312919616699219,0.000202178955078125,5.1876115798950195,335.28125,69,ok,,1.0.0,{}
219,electricity,openml_task,amlb,classification,tabularaml,4,1200,36249,9063,8,17,9,0.9875586276592989,binary_roc_auc,True,0.9822684344496425,0.005385689923570085,231.69700384140015,0.026816368103027344,249.32167172431946,447.1875,1999,ok,,0.2.0,"{""mode"": ""medium"", ""elapsed_time"": 224.48595261573792, ""n_init_feats"": 8, ""n_added_feats"": 9, ""initial_metric"": null, ""final_metric"": 0.9616095418605489, ""pct_gain"": 0.008706414403556172}"
32,pendigits,openml_task,amlb,multiclass,tabularaml,2,1200,,,,,,,,,,,,,1380,,,timeout,wall-clock exceeded 1380s,,
2079,eucalyptus,openml_task,amlb,multiclass,featuretools,1,1200,588,148,19,835,816,0.7405206095427275,categorical_crossentropy,False,0.7836373721444476,0.055021319980860295,2.072913885116577,2.298297166824341,25.866283893585205,382.88671875,95,ok,,upstream-1.x,{}
45,splice,openml_task,amlb,multiclass,tabularaml,3,1200,2552,638,60,73,13,0.12017460961477265,categorical_crossentropy,False,0.09945231656937861,-0.208364106138624,965.397141456604,0.10563230514526367,972.0952076911926,384.0,153,ok,,0.2.0,"{""mode"": ""medium"", ""elapsed_time"": 962.3160085678101, ""n_init_feats"": 60, ""n_added_feats"": 13, ""initial_metric"": null, ""final_metric"": 0.12237058177096982, ""pct_gain"": 0.12512217189631866}"
32,pendigits,openml_task,amlb,multiclass,openfe,3,1200,,,,,,,,,,,,,1380,,,timeout,wall-clock exceeded 1380s,,
32,pendigits,openml_task,amlb,multiclass,autofeat,3,1200,,,,,,,,,,,,,1380,,,timeout,wall-clock exceeded 1380s,,
2079,eucalyptus,openml_task,amlb,multiclass,featuretools,2,1200,588,148,19,851,832,0.8665599480925782,categorical_crossentropy,False,0.8031549006952224,-0.07894497978219572,2.785085678100586,3.2674312591552734,39.21362924575806,386.28125,71,ok,,upstream-1.x,{}
32,pendigits,openml_task,amlb,multiclass,openfe,4,1200,,,,,,,,,,,,,1380,,,timeout,wall-clock exceeded 1380s,,
219,electricity,openml_task,amlb,classification,tabularaml,1,1200,36249,9063,8,17,9,0.9926176988257526,binary_roc_auc,True,0.9824918324918324,0.010306310952467267,390.3525140285492,0.046117544174194336,415.5196633338928,509.08984375,1615,ok,,0.2.0,"{""mode"": ""medium"", ""elapsed_time"": 381.2333984375, ""n_init_feats"": 8, ""n_added_feats"": 9, ""initial_metric"": null, ""final_metric"": 0.9844144789624929, ""pct_gain"": 0.03321778001757623}"
32,pendigits,openml_task,amlb,multiclass,autofeat,4,1200,,,,,,,,,,,,,1380,,,timeout,wall-clock exceeded 1380s,,
2079,eucalyptus,openml_task,amlb,multiclass,nofe,4,1200,588,148,19,19,0,0.7692907303068284,categorical_crossentropy,False,0.7692907303068284,-0.0,0.0036377906799316406,0.000141143798828125,25.071006059646606,336.296875,82,ok,,1.0.0,{}
2079,eucalyptus,openml_task,amlb,multiclass,featuretools,3,1200,588,148,19,851,832,0.7601760518107865,categorical_crossentropy,False,,,2.793733835220337,3.6651062965393066,41.59994053840637,386.6328125,81,ok,,upstream-1.x,{}
2079,eucalyptus,openml_task,amlb,multiclass,nofe,3,1200,588,148,19,19,0,0.8071265703042012,categorical_crossentropy,False,0.8071265703042012,-0.0,0.005272388458251953,0.00020503997802734375,72.55584120750427,337.6328125,76,ok,,1.0.0,{}
37,diabetes,openml_task,amlb,classification,autofeat,0,1200,,,,,,,,,,,,,1380,,,timeout,wall-clock exceeded 1380s,,
2079,eucalyptus,openml_task,amlb,multiclass,openfe,1,1200,588,148,19,1796,1777,0.7989220545922935,categorical_crossentropy,False,0.7836373721444476,-0.019504790086795967,123.08512926101685,23.269937992095947,177.21735334396362,429.8828125,110,ok,,upstream-0.0.12,{}
53,vehicle,openml_task,amlb,multiclass,autofeat,0,1200,676,170,18,28,10,0.5096976158976116,categorical_crossentropy,False,0.5467296974048675,0.06773380279694717,885.5272889137268,0.02927541732788086,895.6335656642914,541.8828125,154,ok,,upstream-2.1.x,{}
3021,sick,openml_task,amlb,classification,nofe,0,1200,3017,755,27,27,0,0.9970258171337463,binary_roc_auc,True,0.9970258171337463,0.0,0.006433248519897461,0.0003077983856201172,13.54335618019104,339.65625,354,ok,,1.0.0,{}
2079,eucalyptus,openml_task,amlb,multiclass,openfe,0,1200,588,148,19,1805,1786,0.8482351867085625,categorical_crossentropy,False,0.7780714539206914,-0.0901764644292204,122.31114363670349,25.447731256484985,240.40174555778503,429.34765625,111,ok,,upstream-0.0.12,{}
3021,sick,openml_task,amlb,classification,featuretools,0,1200,3017,755,27,398,371,0.9973017722450481,binary_roc_auc,True,0.9970258171337463,0.0002767783005811904,2.477976083755493,2.342827320098877,11.665499448776245,389.45703125,256,ok,,upstream-1.x,{}
53,vehicle,openml_task,amlb,multiclass,autofeat,2,1200,676,170,18,38,20,0.4454876163453959,categorical_crossentropy,False,0.6314152051716091,0.29446169066467265,753.8493545055389,0.04247903823852539,772.7141633033752,558.00390625,138,ok,,upstream-2.1.x,{}
53,vehicle,openml_task,amlb,multiclass,autofeat,4,1200,676,170,18,38,20,0.45265037741662717,categorical_crossentropy,False,0.5533786327304209,0.1820241139720037,694.1113972663879,0.043715476989746094,715.0970437526703,561.0546875,188,ok,,upstream-2.1.x,{}
37,diabetes,openml_task,amlb,classification,autofeat,3,1200,,,,,,,,,,,,,1380,,,timeout,wall-clock exceeded 1380s,,
37,diabetes,openml_task,amlb,classification,tabularaml,3,1200,,,,,,,,,,,,,1380,,,timeout,wall-clock exceeded 1380s,,
37,diabetes,openml_task,amlb,classification,featuretools,4,1200,,,,,,,,,,,,,1380,,,timeout,wall-clock exceeded 1380s,,
2079,eucalyptus,openml_task,amlb,multiclass,openfe,3,1200,588,148,19,1757,1738,0.8049615460724847,categorical_crossentropy,False,0.8071265703042012,0.002682385032747107,150.72689700126648,21.96333122253418,196.76535630226135,427.41796875,72,ok,,upstream-0.0.12,{}
43,spambase,openml_task,amlb,classification,openfe,0,1200,,,,,,,,,,,,,1380,,,timeout,wall-clock exceeded 1380s,,
3021,sick,openml_task,amlb,classification,nofe,2,1200,3017,755,27,27,0,0.9960139817256393,binary_roc_auc,True,0.9960139817256393,0.0,0.005280971527099609,0.00026988983154296875,4.995899677276611,335.37109375,104,ok,,1.0.0,{}
43,spambase,openml_task,amlb,classification,autofeat,0,1200,,,,,,,,,,,,,1380,,,timeout,wall-clock exceeded 1380s,,
3021,sick,openml_task,amlb,classification,openfe,0,1200,3017,755,27,529,502,0.9961366284417735,binary_roc_auc,True,0.9970258171337463,-0.000891841190761725,51.03173017501831,18.05567502975464,88.33511161804199,421.14453125,162,ok,,upstream-0.0.12,{}
43,spambase,openml_task,amlb,classification,autofeat,1,1200,,,,,,,,,,,,,1380,,,timeout,wall-clock exceeded 1380s,,
43,spambase,openml_task,amlb,classification,tabularaml,1,1200,,,,,,,,,,,,,1380,,,timeout,wall-clock exceeded 1380s,,
3021,sick,openml_task,amlb,classification,nofe,3,1200,3017,755,27,27,0,0.9941742809836267,binary_roc_auc,True,0.9941742809836267,0.0,0.004839181900024414,0.00026416778564453125,9.34423565864563,333.8828125,135,ok,,1.0.0,{}
43,spambase,openml_task,amlb,classification,tabularaml,2,1200,3680,921,57,63,6,0.9893361770194615,binary_roc_auc,True,0.989247311827957,8.983111749914242e-05,910.5783638954163,0.014709949493408203,1375.485101222992,411.234375,362,ok,,0.2.0,"{""mode"": ""medium"", ""elapsed_time"": 909.1075282096863, ""n_init_feats"": 57, ""n_added_feats"": 6, ""initial_metric"": null, ""final_metric"": 0.9862972472080631, ""pct_gain"": 0.001095317704141595}"
43,spambase,openml_task,amlb,classification,autofeat,2,1200,,,,,,,,,,,,,1380,,,timeout,wall-clock exceeded 1380s,,
43,spambase,openml_task,amlb,classification,openfe,3,1200,,,,,,,,,,,,,1380,,,timeout,wall-clock exceeded 1380s,,
43,spambase,openml_task,amlb,classification,autofeat,3,1200,,,,,,,,,,,,,1380,,,timeout,wall-clock exceeded 1380s,,
2079,eucalyptus,openml_task,amlb,multiclass,openfe,4,1200,588,148,19,1738,1719,0.6845150530036237,categorical_crossentropy,False,0.7692907303068284,0.11019979048674128,115.65748453140259,23.755807638168335,172.9454164505005,429.42578125,84,ok,,upstream-0.0.12,{}
3021,sick,openml_task,amlb,classification,autofeat,3,1200,3017,755,27,,,,,,,,,,7.724371910095215,,,autofeat_internal_nan,"_AutofeatInternalNaNError: Input X contains NaN.
LogisticRegressionCV does not accept missing values encoded as NaN natively. For supervised learning, you might want to consider sklearn.ensemble.HistGradientBoostingClassifier and Regressor which accept missing values encoded as NaNs natively. Alternatively, it is possible to preprocess the data, for instance by using an imputer transformer in a pipeline or drop samples with",upstream-2.1.x,
3021,sick,openml_task,amlb,classification,featuretools,1,1200,3017,755,27,391,364,0.9953394247869012,binary_roc_auc,True,,,2.0415568351745605,2.4105849266052246,44.77728462219238,386.03125,148,ok,,upstream-1.x,{}
3021,sick,openml_task,amlb,classification,featuretools,3,1200,3017,755,27,375,348,0.9973937572821487,binary_roc_auc,True,0.9941742809836267,0.003238341968911849,1.725827932357788,2.2113730907440186,12.884690999984741,387.1484375,128,ok,,upstream-1.x,{}
3022,vowel,openml_task,amlb,multiclass,nofe,0,1200,792,198,12,12,0,0.22063076968547052,categorical_crossentropy,False,0.22063076968547052,-0.0,0.0078582763671875,0.00012922286987304688,14.493312358856201,364.5,413,ok,,1.0.0,{}
43,spambase,openml_task,amlb,classification,nofe,4,1200,,,,,,,,,,,,,1380,,,timeout,wall-clock exceeded 1380s,,
3021,sick,openml_task,amlb,classification,openfe,1,1200,3017,755,27,517,490,0.9963819218740417,binary_roc_auc,True,,,54.21322250366211,13.259033203125,90.57211995124817,440.43359375,123,ok,,upstream-0.0.12,{}
3021,sick,openml_task,amlb,classification,openfe,2,1200,3017,755,27,540,513,0.9972711105660146,binary_roc_auc,True,0.9960139817256393,0.0012621598325329615,46.28099012374878,16.811893939971924,78.47299122810364,441.1796875,99,ok,,upstream-0.0.12,{}
43,spambase,openml_task,amlb,classification,autofeat,4,1200,,,,,,,,,,,,,1380,,,timeout,wall-clock exceeded 1380s,,
3021,sick,openml_task,amlb,classification,nofe,4,1200,3017,755,27,27,0,0.9946648678481634,binary_roc_auc,True,0.9946648678481634,0.0,0.004713296890258789,0.0002295970916748047,71.78925704956055,336.12109375,102,ok,,1.0.0,{}
3022,vowel,openml_task,amlb,multiclass,nofe,1,1200,792,198,12,12,0,0.27421495976894295,categorical_crossentropy,False,0.27421495976894295,-0.0,0.003481149673461914,9.560585021972656e-05,12.700140237808228,386.1171875,895,ok,,1.0.0,{}
3022,vowel,openml_task,amlb,multiclass,featuretools,0,1200,792,198,12,437,425,0.24759920728051885,categorical_crossentropy,False,0.22063076968547052,-0.1222333477487946,1.067972183227539,1.0434112548828125,40.15065145492554,392.85546875,410,ok,,upstream-1.x,{}
45,splice,openml_task,amlb,multiclass,autofeat,0,1200,,,,,,,,,,,,,1380,,,timeout,wall-clock exceeded 1380s,,
3022,vowel,openml_task,amlb,multiclass,openfe,0,1200,792,198,12,331,319,0.19725732740151197,categorical_crossentropy,False,0.22063076968547052,0.10593917755569425,30.631153106689453,2.1938774585723877,77.74372386932373,398.4921875,727,ok,,upstream-0.0.12,{}
45,splice,openml_task,amlb,multiclass,openfe,1,1200,,,,,,,,,,,,,1380,,,timeout,wall-clock exceeded 1380s,,
45,splice,openml_task,amlb,multiclass,autofeat,1,1200,,,,,,,,,,,,,1380,,,timeout,wall-clock exceeded 1380s,,
3022,vowel,openml_task,amlb,multiclass,nofe,2,1200,792,198,12,12,0,0.20491819555202095,categorical_crossentropy,False,0.20491819555202095,-0.0,0.005994558334350586,0.00013399124145507812,12.975469827651978,334.36328125,456,ok,,1.0.0,{}
3021,sick,openml_task,amlb,classification,featuretools,2,1200,3017,755,27,396,369,0.9983136076531551,binary_roc_auc,True,0.9960139817256393,0.0023088289619505775,1.661160945892334,1.4490554332733154,136.38268518447876,374.96875,110,ok,,upstream-1.x,{}
3022,vowel,openml_task,amlb,multiclass,featuretools,1,1200,792,198,12,435,423,0.18874142008699532,categorical_crossentropy,False,0.27421495976894295,0.31170268665855694,1.560945749282837,1.489042043685913,54.96377205848694,407.98046875,760,ok,,upstream-1.x,{}
3021,sick,openml_task,amlb,classification,openfe,3,1200,3017,755,27,491,464,0.9970258171337463,binary_roc_auc,True,0.9941742809836267,0.0028682457438934028,48.70781946182251,17.18670678138733,144.40524744987488,426.99609375,159,ok,,upstream-0.0.12,{}
45,splice,openml_task,amlb,multiclass,autofeat,2,1200,,,,,,,,,,,,,1380,,,timeout,wall-clock exceeded 1380s,,
3022,vowel,openml_task,amlb,multiclass,nofe,3,1200,792,198,12,12,0,0.31921468826035515,categorical_crossentropy,False,0.31921468826035515,-0.0,0.004931211471557617,0.000141143798828125,8.786593437194824,391.46484375,932,ok,,1.0.0,{}
45,splice,openml_task,amlb,multiclass,autofeat,3,1200,,,,,,,,,,,,,1380,,,timeout,wall-clock exceeded 1380s,,
3022,vowel,openml_task,amlb,multiclass,featuretools,2,1200,792,198,12,435,423,0.20014181166165274,categorical_crossentropy,False,0.20491819555202095,0.02330873487101186,1.2411003112792969,1.1898481845855713,55.64485955238342,392.7578125,461,ok,,upstream-1.x,{}
3022,vowel,openml_task,amlb,multiclass,openfe,2,1200,792,198,12,332,320,0.1514728966708803,categorical_crossentropy,False,0.20491819555202095,0.2608128513779194,32.93091082572937,2.23319411277771,79.69626307487488,393.48828125,703,ok,,upstream-0.0.12,{}
45,splice,openml_task,amlb,multiclass,autofeat,4,1200,,,,,,,,,,,,,1380,,,timeout,wall-clock exceeded 1380s,,
45,splice,openml_task,amlb,multiclass,featuretools,4,1200,,,,,,,,,,,,,1380,,,timeout,wall-clock exceeded 1380s,,
45,splice,openml_task,amlb,multiclass,tabularaml,4,1200,,,,,,,,,,,,,1380,,,timeout,wall-clock exceeded 1380s,,
3022,vowel,openml_task,amlb,multiclass,openfe,1,1200,792,198,12,318,306,0.17830666437665132,categorical_crossentropy,False,0.27421495976894295,0.34975588302368765,33.90517783164978,2.2413415908813477,148.87449550628662,396.6875,746,ok,,upstream-0.0.12,{}
3022,vowel,openml_task,amlb,multiclass,nofe,4,1200,792,198,12,12,0,0.2873169834239907,categorical_crossentropy,False,0.2873169834239907,-0.0,0.006735801696777344,0.00010776519775390625,48.469664096832275,364.92578125,496,ok,,1.0.0,{}
3022,vowel,openml_task,amlb,multiclass,featuretools,3,1200,792,198,12,437,425,0.2588017798979024,categorical_crossentropy,False,0.31921468826035515,0.1892547886555249,1.2738738059997559,1.1855995655059814,101.46842622756958,407.43359375,755,ok,,upstream-1.x,{}
2079,eucalyptus,openml_task,amlb,multiclass,tabularaml,0,1200,588,148,19,22,3,0.7533082568583809,categorical_crossentropy,False,0.7780714539206914,0.03182637910378173,559.117796421051,0.01709270477294922,565.0105586051941,356.734375,120,ok,,0.2.0,"{""mode"": ""medium"", ""elapsed_time"": 557.8627429008484, ""n_init_feats"": 19, ""n_added_feats"": 3, ""initial_metric"": null, ""final_metric"": 1.0082167656155046, ""pct_gain"": 0.04588533823960533}"
3022,vowel,openml_task,amlb,multiclass,openfe,4,1200,792,198,12,323,311,0.2190021848908127,categorical_crossentropy,False,0.2873169834239907,0.23776804879078997,28.45902109146118,2.255470037460327,106.63759756088257,407.93359375,923,ok,,upstream-0.0.12,{}
3022,vowel,openml_task,amlb,multiclass,featuretools,4,1200,792,198,12,435,423,0.22103569451472582,categorical_crossentropy,False,0.2873169834239907,0.23069046639493032,1.5068893432617188,1.3712365627288818,75.84232187271118,424.91796875,1082,ok,,upstream-1.x,{}
49,tic-tac-toe,openml_task,amlb,classification,autofeat,1,1200,,,,,,,,,,,,,1380,,,timeout,wall-clock exceeded 1380s,,
3022,vowel,openml_task,amlb,multiclass,openfe,3,1200,792,198,12,329,317,0.22625643130970385,categorical_crossentropy,False,0.31921468826035515,0.29120920925428556,36.35987615585327,2.1366374492645264,162.16830587387085,401.296875,861,ok,,upstream-0.0.12,{}
3021,sick,openml_task,amlb,classification,tabularaml,4,1200,3017,755,27,31,4,0.9937756791561906,binary_roc_auc,True,0.9946648678481634,-0.0008939580764489096,315.589152097702,0.04272150993347168,323.997554063797,361.28515625,117,ok,,0.2.0,"{""mode"": ""medium"", ""elapsed_time"": 314.3810062408447, ""n_init_feats"": 27, ""n_added_feats"": 4, ""initial_metric"": null, ""final_metric"": 0.9965646985493353, ""pct_gain"": 0.0007863692363121516}"
2074,satimage,openml_task,amlb,multiclass,featuretools,3,1200,5144,1286,36,5814,5778,0.2450424153194799,categorical_crossentropy,False,0.23225601124764386,-0.05505305978152913,14.089436292648315,15.393306970596313,697.5800020694733,1506.85546875,151,ok,,upstream-1.x,{}
2079,eucalyptus,openml_task,amlb,multiclass,tabularaml,1,1200,588,148,19,28,9,0.7785793657295054,categorical_crossentropy,False,0.7836373721444476,0.006454524241360339,579.8280403614044,0.02186441421508789,598.2070167064667,357.17578125,126,ok,,0.2.0,"{""mode"": ""medium"", ""elapsed_time"": 578.5932095050812, ""n_init_feats"": 19, ""n_added_feats"": 9, ""initial_metric"": null, ""final_metric"": 1.0053617827043915, ""pct_gain"": 0.06086085431010224}"
2079,eucalyptus,openml_task,amlb,multiclass,tabularaml,3,1200,588,148,19,32,13,0.7714431553424613,categorical_crossentropy,False,0.8071265703042012,0.04421043275565939,559.0061240196228,0.02449822425842285,562.7737007141113,355.8203125,75,ok,,0.2.0,"{""mode"": ""medium"", ""elapsed_time"": 512.0489099025726, ""n_init_feats"": 19, ""n_added_feats"": 13, ""initial_metric"": null, ""final_metric"": 1.0053816093922838, ""pct_gain"": 0.09977706028593326}"
49,tic-tac-toe,openml_task,amlb,classification,tabularaml,4,1200,,,,,,,,,,,,,1380,,,timeout,wall-clock exceeded 1380s,,
3021,sick,openml_task,amlb,classification,openfe,4,1200,3017,755,27,587,560,0.9942969276997609,binary_roc_auc,True,0.9946648678481634,-0.0003699136868064646,52.84785580635071,17.21200156211853,435.2408106327057,433.21484375,179,ok,,upstream-0.0.12,{}
53,vehicle,openml_task,amlb,multiclass,autofeat,1,1200,,,,,,,,,,,,,1380,,,timeout,wall-clock exceeded 1380s,,
2079,eucalyptus,openml_task,amlb,multiclass,tabularaml,2,1200,588,148,19,24,5,0.831204782189751,categorical_crossentropy,False,0.8031549006952224,-0.0349246222244902,564.9018688201904,0.026580333709716797,748.2757012844086,357.89453125,65,ok,,0.2.0,"{""mode"": ""medium"", ""elapsed_time"": 563.4204232692719, ""n_init_feats"": 19, ""n_added_feats"": 5, ""initial_metric"": null, ""final_metric"": 1.0408689821728474, ""pct_gain"": 0.04842273361546109}"
53,vehicle,openml_task,amlb,multiclass,autofeat,3,1200,,,,,,,,,,,,,1380,,,timeout,wall-clock exceeded 1380s,,
219,electricity,openml_task,amlb,classification,autofeat,0,1200,,,,,,,,,,,,,1380,,,timeout,wall-clock exceeded 1380s,,
219,electricity,openml_task,amlb,classification,autofeat,1,1200,,,,,,,,,,,,,1380,,,timeout,wall-clock exceeded 1380s,,
3021,sick,openml_task,amlb,classification,tabularaml,1,1200,3017,755,27,32,5,0.9894830440914945,binary_roc_auc,True,,,564.011144399643,0.041661739349365234,790.2089760303497,375.734375,254,ok,,0.2.0,"{""mode"": ""medium"", ""elapsed_time"": 562.7245075702667, ""n_init_feats"": 27, ""n_added_feats"": 5, ""initial_metric"": null, ""final_metric"": 0.9969791889864379, ""pct_gain"": 0.0017983846743766403}"
219,electricity,openml_task,amlb,classification,autofeat,2,1200,,,,,,,,,,,,,1380,,,timeout,wall-clock exceeded 1380s,,
219,electricity,openml_task,amlb,classification,tabularaml,2,1200,,,,,,,,,,,,,1380,,,timeout,wall-clock exceeded 1380s,,
219,electricity,openml_task,amlb,classification,autofeat,3,1200,,,,,,,,,,,,,1380,,,timeout,wall-clock exceeded 1380s,,
3481,isolet,openml_task,amlb,multiclass,nofe,2,1200,6237,1560,617,617,0,0.15615514790618665,categorical_crossentropy,False,0.15615514790618665,-0.0,0.03156113624572754,0.0055963993072509766,475.7168483734131,817.05859375,1075,ok,,1.0.0,{}
219,electricity,openml_task,amlb,classification,autofeat,4,1200,,,,,,,,,,,,,1380,,,timeout,wall-clock exceeded 1380s,,
3021,sick,openml_task,amlb,classification,nofe,1,1200,3017,755,27,27,0,0.9905868645367022,binary_roc_auc,True,0.9905868645367022,0.0,0.007249593734741211,0.00032258033752441406,924.2261533737183,341.5859375,131,ok,,1.0.0,{}
2074,satimage,openml_task,amlb,multiclass,featuretools,0,1200,5144,1286,36,5814,5778,0.2602717162650098,categorical_crossentropy,False,0.22787045577830356,-0.14219158151081063,9.498506546020508,11.597773313522339,1330.2114984989166,1508.984375,246,ok,,upstream-1.x,{}
219,electricity,openml_task,amlb,classification,featuretools,4,1200,,,,,,,,,,,,,1380,,,timeout,wall-clock exceeded 1380s,,
2074,satimage,openml_task,amlb,multiclass,openfe,0,1200,,,,,,,,,,,,,1380,,,timeout,wall-clock exceeded 1380s,,
2074,satimage,openml_task,amlb,multiclass,autofeat,0,1200,,,,,,,,,,,,,1380,,,timeout,wall-clock exceeded 1380s,,
3481,isolet,openml_task,amlb,multiclass,nofe,3,1200,6237,1560,617,617,0,0.15502847677534867,categorical_crossentropy,False,0.15502847677534867,-0.0,0.03289461135864258,0.00507354736328125,446.8741660118103,804.14453125,989,ok,,1.0.0,{}
3549,analcatdata_authorship,openml_task,amlb,multiclass,nofe,1,1200,672,169,70,70,0,0.04780875646578804,categorical_crossentropy,False,0.04780875646578804,-0.0,0.0024933815002441406,8.416175842285156e-05,10.577211380004883,340.62890625,404,ok,,1.0.0,{}
2074,satimage,openml_task,amlb,multiclass,tabularaml,0,1200,,,,,,,,,,,,,1380,,,timeout,wall-clock exceeded 1380s,,
2074,satimage,openml_task,amlb,multiclass,openfe,1,1200,,,,,,,,,,,,,1380,,,timeout,wall-clock exceeded 1380s,,
2074,satimage,openml_task,amlb,multiclass,autofeat,1,1200,,,,,,,,,,,,,1380,,,timeout,wall-clock exceeded 1380s,,
2074,satimage,openml_task,amlb,multiclass,featuretools,4,1200,5144,1286,36,5814,5778,0.23470436203153008,categorical_crossentropy,False,0.21997229220222797,-0.06697238857591402,14.23526382446289,12.781069278717041,1285.3894143104553,1509.62109375,155,ok,,upstream-1.x,{}
2074,satimage,openml_task,amlb,multiclass,featuretools,1,1200,,,,,,,,,,,,,1380,,,timeout,wall-clock exceeded 1380s,,
3022,vowel,openml_task,amlb,multiclass,tabularaml,0,1200,792,198,12,20,8,0.2095712263500459,categorical_crossentropy,False,0.22063076968547052,0.050126930850084996,911.4277079105377,0.024055957794189453,918.9453506469727,380.92578125,413,ok,,0.2.0,"{""mode"": ""medium"", ""elapsed_time"": 907.5309534072876, ""n_init_feats"": 12, ""n_added_feats"": 8, ""initial_metric"": null, ""final_metric"": 0.27724299755554965, ""pct_gain"": 0.0531608462116352}"
2074,satimage,openml_task,amlb,multiclass,tabularaml,1,1200,,,,,,,,,,,,,1380,,,timeout,wall-clock exceeded 1380s,,
3549,analcatdata_authorship,openml_task,amlb,multiclass,nofe,2,1200,672,169,70,70,0,0.04492631945059877,categorical_crossentropy,False,0.04492631945059877,-0.0,0.0027701854705810547,8.940696716308594e-05,10.169442653656006,339.11328125,342,ok,,1.0.0,{}
3549,analcatdata_authorship,openml_task,amlb,multiclass,nofe,3,1200,672,169,70,70,0,0.04114013949170441,categorical_crossentropy,False,0.04114013949170441,-0.0,0.002480745315551758,8.58306884765625e-05,10.90250301361084,344.75,683,ok,,1.0.0,{}
2074,satimage,openml_task,amlb,multiclass,openfe,2,1200,,,,,,,,,,,,,1380,,,timeout,wall-clock exceeded 1380s,,
2074,satimage,openml_task,amlb,multiclass,autofeat,2,1200,,,,,,,,,,,,,1380,,,timeout,wall-clock exceeded 1380s,,
2074,satimage,openml_task,amlb,multiclass,featuretools,2,1200,,,,,,,,,,,,,1380,,,timeout,wall-clock exceeded 1380s,,
2074,satimage,openml_task,amlb,multiclass,tabularaml,2,1200,,,,,,,,,,,,,1380,,,timeout,wall-clock exceeded 1380s,,
2074,satimage,openml_task,amlb,multiclass,tabularaml,4,1200,5144,1286,36,50,14,0.21954785026373627,categorical_crossentropy,False,0.21997229220222797,0.0019295245516716933,1305.7238156795502,0.018930912017822266,1314.9163117408752,399.02734375,232,ok,,0.2.0,"{""mode"": ""medium"", ""elapsed_time"": 931.8893120288849, ""n_init_feats"": 36, ""n_added_feats"": 14, ""initial_metric"": null, ""final_metric"": 0.3385454556598009, ""pct_gain"": 0.03239445148844976}"
2074,satimage,openml_task,amlb,multiclass,openfe,3,1200,,,,,,,,,,,,,1380,,,timeout,wall-clock exceeded 1380s,,
2074,satimage,openml_task,amlb,multiclass,autofeat,3,1200,,,,,,,,,,,,,1380,,,timeout,wall-clock exceeded 1380s,,
2074,satimage,openml_task,amlb,multiclass,tabularaml,3,1200,,,,,,,,,,,,,1380,,,timeout,wall-clock exceeded 1380s,,
3549,analcatdata_authorship,openml_task,amlb,multiclass,nofe,4,1200,672,169,70,70,0,0.030129638558547094,categorical_crossentropy,False,0.030129638558547094,-0.0,0.0029418468475341797,0.00010466575622558594,26.721295833587646,343.6640625,635,ok,,1.0.0,{}
3560,analcatdata_dmft,openml_task,amlb,multiclass,nofe,0,1200,637,160,4,4,0,1.7749564833939075,categorical_crossentropy,False,1.7749564833939075,-0.0,0.004751920700073242,0.00010752677917480469,8.851270914077759,330.39453125,15,ok,,1.0.0,{}
2074,satimage,openml_task,amlb,multiclass,openfe,4,1200,,,,,,,,,,,,,1380,,,timeout,wall-clock exceeded 1380s,,
2074,satimage,openml_task,amlb,multiclass,autofeat,4,1200,,,,,,,,,,,,,1380,,,timeout,wall-clock exceeded 1380s,,
3560,analcatdata_dmft,openml_task,amlb,multiclass,featuretools,0,1200,637,160,4,20,16,1.7766283757984638,categorical_crossentropy,False,1.7749564833939075,-0.0009419343066706582,0.4813117980957031,0.15276861190795898,9.287841081619263,348.1171875,4,ok,,upstream-1.x,{}
2079,eucalyptus,openml_task,amlb,multiclass,autofeat,0,1200,,,,,,,,,,,,,1380,,,timeout,wall-clock exceeded 1380s,,
3022,vowel,openml_task,amlb,multiclass,tabularaml,1,1200,792,198,12,19,7,0.2908652875214672,categorical_crossentropy,False,0.27421495976894295,-0.0607199832078965,921.9846878051758,0.021703004837036133,999.8147709369659,400.87890625,936,ok,,0.2.0,"{""mode"": ""medium"", ""elapsed_time"": 916.514219045639, ""n_init_feats"": 12, ""n_added_feats"": 7, ""initial_metric"": null, ""final_metric"": 0.32694951937395306, ""pct_gain"": 0.04898708983074483}"
3560,analcatdata_dmft,openml_task,amlb,multiclass,nofe,1,1200,637,160,4,4,0,1.7768973022699357,categorical_crossentropy,False,1.7768973022699357,-0.0,0.0044422149658203125,0.0001373291015625,18.501334190368652,332.90234375,13,ok,,1.0.0,{}
2079,eucalyptus,openml_task,amlb,multiclass,autofeat,1,1200,,,,,,,,,,,,,1380,,,timeout,wall-clock exceeded 1380s,,
3560,analcatdata_dmft,openml_task,amlb,multiclass,featuretools,1,1200,637,160,4,20,16,1.7813449762761593,categorical_crossentropy,False,1.7768973022699357,-0.0025030563108750362,0.5701875686645508,0.16451001167297363,12.265204668045044,350.69921875,11,ok,,upstream-1.x,{}
3560,analcatdata_dmft,openml_task,amlb,multiclass,openfe,0,1200,637,160,4,17,13,1.7684005990624427,categorical_crossentropy,False,1.7749564833939075,0.0036935465138442473,4.908751010894775,0.38165879249572754,75.44785904884338,339.7421875,12,ok,,upstream-0.0.12,{}
2079,eucalyptus,openml_task,amlb,multiclass,openfe,2,1200,,,,,,,,,,,,,1380,,,timeout,wall-clock exceeded 1380s,,
2079,eucalyptus,openml_task,amlb,multiclass,autofeat,2,1200,,,,,,,,,,,,,1380,,,timeout,wall-clock exceeded 1380s,,
3560,analcatdata_dmft,openml_task,amlb,multiclass,openfe,1,1200,637,160,4,18,14,1.7771505154669285,categorical_crossentropy,False,1.7768973022699357,-0.0001425030004093724,4.223660945892334,0.4071767330169678,70.31052923202515,340.578125,7,ok,,upstream-0.0.12,{}
3560,analcatdata_dmft,openml_task,amlb,multiclass,nofe,2,1200,637,160,4,4,0,1.7418013997375965,categorical_crossentropy,False,1.7418013997375965,-0.0,0.0069427490234375,0.00017452239990234375,37.061092376708984,337.35546875,34,ok,,1.0.0,{}
2079,eucalyptus,openml_task,amlb,multiclass,autofeat,3,1200,,,,,,,,,,,,,1380,,,timeout,wall-clock exceeded 1380s,,
3549,analcatdata_authorship,openml_task,amlb,multiclass,nofe,0,1200,672,169,70,70,0,0.04211639626061519,categorical_crossentropy,False,0.04211639626061519,-0.0,0.006422281265258789,0.00012373924255371094,318.4088671207428,342.5234375,666,ok,,1.0.0,{}
3560,analcatdata_dmft,openml_task,amlb,multiclass,featuretools,2,1200,637,160,4,20,16,1.7490377396345138,categorical_crossentropy,False,1.7418013997375965,-0.004154514916572841,0.5582525730133057,0.1497669219970703,10.671972751617432,353.60546875,18,ok,,upstream-1.x,{}
3560,analcatdata_dmft,openml_task,amlb,multiclass,nofe,3,1200,637,160,4,4,0,1.8009421963244676,categorical_crossentropy,False,1.8009421963244676,-0.0,0.0041141510009765625,0.00011467933654785156,4.076219320297241,337.890625,38,ok,,1.0.0,{}
3021,sick,openml_task,amlb,classification,tabularaml,0,1200,3017,755,27,28,1,0.9974857423192494,binary_roc_auc,True,0.9970258171337463,0.00046129716763531736,200.52230834960938,0.03678178787231445,1280.8447711467743,351.5859375,354,ok,,0.2.0,"{""mode"": ""medium"", ""elapsed_time"": 199.22505116462708, ""n_init_feats"": 27, ""n_added_feats"": 1, ""initial_metric"": null, ""final_metric"": 0.9967315545392144, ""pct_gain"": 0.0016571561598726317}"
2079,eucalyptus,openml_task,amlb,multiclass,autofeat,4,1200,,,,,,,,,,,,,1380,,,timeout,wall-clock exceeded 1380s,,
2079,eucalyptus,openml_task,amlb,multiclass,featuretools,4,1200,,,,,,,,,,,,,1380,,,timeout,wall-clock exceeded 1380s,,
3560,analcatdata_dmft,openml_task,amlb,multiclass,autofeat,0,1200,637,160,4,16,12,1.7717024087905884,categorical_crossentropy,False,1.7749564833939075,0.0018333264132183273,171.40285277366638,0.049688100814819336,174.41801524162292,540.1171875,10,ok,,upstream-2.1.x,{}
3560,analcatdata_dmft,openml_task,amlb,multiclass,featuretools,3,1200,637,160,4,20,16,1.7964120082557202,categorical_crossentropy,False,1.8009421963244676,0.0025154544537814827,0.552926778793335,0.16367197036743164,39.39781713485718,348.85546875,18,ok,,upstream-1.x,{}
2079,eucalyptus,openml_task,amlb,multiclass,tabularaml,4,1200,,,,,,,,,,,,,1380,,,timeout,wall-clock exceeded 1380s,,
3560,analcatdata_dmft,openml_task,amlb,multiclass,featuretools,4,1200,637,160,4,20,16,1.7839805424213409,categorical_crossentropy,False,,,0.5971376895904541,0.1818232536315918,11.030287027359009,356.78515625,12,ok,,upstream-1.x,{}
3560,analcatdata_dmft,openml_task,amlb,multiclass,autofeat,1,1200,637,160,4,21,17,1.7831583820283412,categorical_crossentropy,False,1.7768973022699357,-0.003523602489804648,162.61041641235352,0.03891801834106445,173.608167886734,547.34765625,6,ok,,upstream-2.1.x,{}
3021,sick,openml_task,amlb,classification,autofeat,0,1200,,,,,,,,,,,,,1380,,,timeout,wall-clock exceeded 1380s,,
3560,analcatdata_dmft,openml_task,amlb,multiclass,nofe,4,1200,637,160,4,4,0,1.806726309657097,categorical_crossentropy,False,1.806726309657097,-0.0,0.00483250617980957,0.0001614093780517578,74.20640516281128,337.1015625,34,ok,,1.0.0,{}
3560,analcatdata_dmft,openml_task,amlb,multiclass,openfe,4,1200,637,160,4,16,12,1.793934378027916,categorical_crossentropy,False,1.806726309657097,0.007080171225053296,5.217360973358154,0.3897733688354492,73.90843987464905,340.30859375,17,ok,,upstream-0.0.12,{}
3573,mnist_784,openml_task,amlb,multiclass,autofeat,0,1200,56000,14000,719,,,,,,,,,,24.70103621482849,,,oom,"MemoryError: Unable to allocate 729. GiB for an array with shape (50400, 3882291) and data type float32",upstream-2.1.x,
3021,sick,openml_task,amlb,classification,autofeat,1,1200,,,,,,,,,,,,,1380,,,timeout,wall-clock exceeded 1380s,,
3560,analcatdata_dmft,openml_task,amlb,multiclass,autofeat,4,1200,637,160,4,8,4,1.7886002585291862,categorical_crossentropy,False,1.806726309657097,0.010032538426559387,123.18239307403564,0.024271011352539062,130.27345395088196,524.43359375,12,ok,,upstream-2.1.x,{}
3560,analcatdata_dmft,openml_task,amlb,multiclass,autofeat,3,1200,637,160,4,13,9,1.794536403566599,categorical_crossentropy,False,1.8009421963244676,0.003556911915852837,170.60597944259644,0.02659153938293457,176.95501232147217,535.6328125,18,ok,,upstream-2.1.x,{}
3021,sick,openml_task,amlb,classification,autofeat,2,1200,,,,,,,,,,,,,1380,,,timeout,wall-clock exceeded 1380s,,
3021,sick,openml_task,amlb,classification,tabularaml,2,1200,,,,,,,,,,,,,1380,,,timeout,wall-clock exceeded 1380s,,
3560,analcatdata_dmft,openml_task,amlb,multiclass,openfe,3,1200,637,160,4,17,13,1.779659017920494,categorical_crossentropy,False,1.8009421963244676,0.011817802063503342,4.890506982803345,0.38344526290893555,193.18325543403625,340.57421875,20,ok,,upstream-0.0.12,{}
3021,sick,openml_task,amlb,classification,tabularaml,3,1200,,,,,,,,,,,,,1380,,,timeout,wall-clock exceeded 1380s,,
3021,sick,openml_task,amlb,classification,autofeat,4,1200,,,,,,,,,,,,,1380,,,timeout,wall-clock exceeded 1380s,,
3021,sick,openml_task,amlb,classification,featuretools,4,1200,,,,,,,,,,,,,1380,,,timeout,wall-clock exceeded 1380s,,
3573,mnist_784,openml_task,amlb,multiclass,autofeat,1,1200,56000,14000,719,,,,,,,,,,27.00918483734131,,,oom,"MemoryError: Unable to allocate 730. GiB for an array with shape (50400, 3887866) and data type float32",upstream-2.1.x,
3573,mnist_784,openml_task,amlb,multiclass,autofeat,2,1200,56000,14000,719,,,,,,,,,,27.02392601966858,,,oom,"MemoryError: Unable to allocate 735. GiB for an array with shape (50400, 3913003) and data type float32",upstream-2.1.x,
3022,vowel,openml_task,amlb,multiclass,autofeat,0,1200,,,,,,,,,,,,,1380,,,timeout,wall-clock exceeded 1380s,,
3560,analcatdata_dmft,openml_task,amlb,multiclass,tabularaml,1,1200,637,160,4,6,2,1.779539629071951,categorical_crossentropy,False,1.7768973022699357,-0.0014870453113073913,285.54419803619385,0.016898632049560547,296.8382625579834,346.0859375,11,ok,,0.2.0,"{""mode"": ""medium"", ""elapsed_time"": 284.4604322910309, ""n_init_feats"": 4, ""n_added_feats"": 2, ""initial_metric"": null, ""final_metric"": 1.9399698721812981, ""pct_gain"": 0.0194218781517469}"
3560,analcatdata_dmft,openml_task,amlb,multiclass,tabularaml,2,1200,637,160,4,5,1,1.7422587022185325,categorical_crossentropy,False,1.7418013997375965,-0.0002625457075674063,256.06999373435974,0.011983394622802734,267.0087752342224,345.43359375,26,ok,,0.2.0,"{""mode"": ""medium"", ""elapsed_time"": 255.26827907562256, ""n_init_feats"": 4, ""n_added_feats"": 1, ""initial_metric"": null, ""final_metric"": 2.0047191342197292, ""pct_gain"": 0.003143963960667096}"
3573,mnist_784,openml_task,amlb,multiclass,autofeat,3,1200,56000,14000,719,,,,,,,,,,27.467793703079224,,,oom,"MemoryError: Unable to allocate 735. GiB for an array with shape (50400, 3915801) and data type float32",upstream-2.1.x,
3022,vowel,openml_task,amlb,multiclass,autofeat,1,1200,,,,,,,,,,,,,1380,,,timeout,wall-clock exceeded 1380s,,
3022,vowel,openml_task,amlb,multiclass,autofeat,2,1200,,,,,,,,,,,,,1380,,,timeout,wall-clock exceeded 1380s,,
3022,vowel,openml_task,amlb,multiclass,tabularaml,2,1200,,,,,,,,,,,,,1380,,,timeout,wall-clock exceeded 1380s,,
3560,analcatdata_dmft,openml_task,amlb,multiclass,tabularaml,3,1200,637,160,4,4,0,1.8009421963244676,categorical_crossentropy,False,1.8009421963244676,-0.0,260.7914516925812,0.006231784820556641,287.10938119888306,344.66015625,38,ok,,0.2.0,"{""mode"": ""medium"", ""elapsed_time"": 259.4430561065674, ""n_init_feats"": 4, ""n_added_feats"": 0, ""initial_metric"": null, ""final_metric"": 1.9952325055071642, ""pct_gain"": 0.0008931037281306272}"
3022,vowel,openml_task,amlb,multiclass,autofeat,3,1200,,,,,,,,,,,,,1380,,,timeout,wall-clock exceeded 1380s,,
3022,vowel,openml_task,amlb,multiclass,tabularaml,3,1200,,,,,,,,,,,,,1380,,,timeout,wall-clock exceeded 1380s,,
3573,mnist_784,openml_task,amlb,multiclass,autofeat,4,1200,56000,14000,719,,,,,,,,,,26.331334590911865,,,oom,"MemoryError: Unable to allocate 740. GiB for an array with shape (50400, 3941028) and data type float32",upstream-2.1.x,
3902,pc4,openml_task,amlb,classification,nofe,0,1200,1166,292,37,37,0,0.9319661458333333,binary_roc_auc,True,0.9319661458333333,0.0,0.008811473846435547,0.00015234947204589844,9.442330360412598,329.32421875,47,ok,,1.0.0,{}
3022,vowel,openml_task,amlb,multiclass,autofeat,4,1200,,,,,,,,,,,,,1380,,,timeout,wall-clock exceeded 1380s,,
3022,vowel,openml_task,amlb,multiclass,tabularaml,4,1200,,,,,,,,,,,,,1380,,,timeout,wall-clock exceeded 1380s,,
3481,isolet,openml_task,amlb,multiclass,nofe,0,1200,,,,,,,,,,,,,1380,,,timeout,wall-clock exceeded 1380s,,
3481,isolet,openml_task,amlb,multiclass,openfe,0,1200,,,,,,,,,,,,,1380,,,timeout,wall-clock exceeded 1380s,,
3481,isolet,openml_task,amlb,multiclass,autofeat,0,1200,,,,,,,,,,,,,1380,,,timeout,wall-clock exceeded 1380s,,
3549,analcatdata_authorship,openml_task,amlb,multiclass,featuretools,2,1200,672,169,70,23743,23673,0.06982044246806846,categorical_crossentropy,False,0.04492631945059877,-0.5541100032653108,52.99725103378296,67.79883766174316,639.4133434295654,979.68359375,360,ok,,upstream-1.x,{}
3902,pc4,openml_task,amlb,classification,nofe,1,1200,1166,292,37,37,0,0.9491102430555555,binary_roc_auc,True,0.9491102430555555,0.0,0.0070078372955322266,0.0001895427703857422,11.462151527404785,322.8671875,98,ok,,1.0.0,{}
3481,isolet,openml_task,amlb,multiclass,featuretools,0,1200,,,,,,,,,,,,,1380,,,timeout,wall-clock exceeded 1380s,,
3481,isolet,openml_task,amlb,multiclass,tabularaml,0,1200,,,,,,,,,,,,,1380,,,timeout,wall-clock exceeded 1380s,,
3481,isolet,openml_task,amlb,multiclass,nofe,1,1200,,,,,,,,,,,,,1380,,,timeout,wall-clock exceeded 1380s,,
3481,isolet,openml_task,amlb,multiclass,openfe,1,1200,,,,,,,,,,,,,1380,,,timeout,wall-clock exceeded 1380s,,
3481,isolet,openml_task,amlb,multiclass,autofeat,1,1200,,,,,,,,,,,,,1380,,,timeout,wall-clock exceeded 1380s,,
3481,isolet,openml_task,amlb,multiclass,featuretools,1,1200,,,,,,,,,,,,,1380,,,timeout,wall-clock exceeded 1380s,,
3902,pc4,openml_task,amlb,classification,nofe,3,1200,1166,292,37,37,0,0.949001736111111,binary_roc_auc,True,0.949001736111111,0.0,0.0070307254791259766,0.000152587890625,11.470453977584839,332.96875,74,ok,,1.0.0,{}
3481,isolet,openml_task,amlb,multiclass,tabularaml,1,1200,,,,,,,,,,,,,1380,,,timeout,wall-clock exceeded 1380s,,
3481,isolet,openml_task,amlb,multiclass,openfe,2,1200,,,,,,,,,,,,,1380,,,timeout,wall-clock exceeded 1380s,,
3481,isolet,openml_task,amlb,multiclass,autofeat,2,1200,,,,,,,,,,,,,1380,,,timeout,wall-clock exceeded 1380s,,
3481,isolet,openml_task,amlb,multiclass,featuretools,2,1200,,,,,,,,,,,,,1380,,,timeout,wall-clock exceeded 1380s,,
3902,pc4,openml_task,amlb,classification,featuretools,1,1200,1166,292,37,6517,6480,0.9466145833333333,binary_roc_auc,True,0.9491102430555555,-0.0026294729621584418,14.298481702804565,15.709924221038818,143.60920691490173,776.015625,81,ok,,upstream-1.x,{}
3902,pc4,openml_task,amlb,classification,featuretools,2,1200,1166,292,37,6514,6477,0.9408637152777778,binary_roc_auc,True,,,17.19945216178894,17.527735471725464,111.52583122253418,775.12890625,92,ok,,upstream-1.x,{}
3902,pc4,openml_task,amlb,classification,nofe,4,1200,1166,292,37,37,0,0.9645182291666666,binary_roc_auc,True,0.9645182291666666,0.0,0.00955820083618164,0.00015687942504882812,37.77895426750183,334.5078125,69,ok,,1.0.0,{}
3902,pc4,openml_task,amlb,classification,openfe,0,1200,1166,292,37,2000,1963,0.9351128472222221,binary_roc_auc,True,0.9319661458333333,0.003376411689370072,221.40124368667603,35.261123180389404,285.47576904296875,487.140625,46,ok,,upstream-0.0.12,{}
3481,isolet,openml_task,amlb,multiclass,tabularaml,2,1200,,,,,,,,,,,,,1380,,,timeout,wall-clock exceeded 1380s,,
3902,pc4,openml_task,amlb,classification,featuretools,3,1200,1166,292,37,6526,6489,0.9449869791666666,binary_roc_auc,True,0.949001736111111,-0.004230505373885179,14.544546365737915,17.909302234649658,119.99960231781006,777.41015625,76,ok,,upstream-1.x,{}
3903,pc3,openml_task,amlb,classification,nofe,0,1200,1250,313,37,37,0,0.8294595195729537,binary_roc_auc,True,0.8294595195729537,0.0,0.011324405670166016,0.0001666545867919922,23.32326650619507,335.5625,77,ok,,1.0.0,{}
3902,pc4,openml_task,amlb,classification,featuretools,4,1200,1166,292,37,6517,6480,0.9609375,binary_roc_auc,True,0.9645182291666666,-0.0037124535943300328,12.435876607894897,15.596871137619019,91.9414176940918,774.73046875,79,ok,,upstream-1.x,{}
3481,isolet,openml_task,amlb,multiclass,openfe,3,1200,,,,,,,,,,,,,1380,,,timeout,wall-clock exceeded 1380s,,
3902,pc4,openml_task,amlb,classification,openfe,2,1200,1166,292,37,2025,1988,0.934787326388889,binary_roc_auc,True,,,222.81165289878845,42.36898446083069,279.92474937438965,514.8515625,65,ok,,upstream-0.0.12,{}
3902,pc4,openml_task,amlb,classification,featuretools,0,1200,1166,292,37,6530,6493,0.9344618055555556,binary_roc_auc,True,0.9319661458333333,0.0026778437536384807,11.3413827419281,15.345557689666748,389.51016902923584,764.6328125,45,ok,,upstream-1.x,{}
3903,pc3,openml_task,amlb,classification,featuretools,0,1200,1250,313,37,6416,6379,0.86649243772242,binary_roc_auc,True,0.8294595195729537,0.04464704699336341,11.879820346832275,16.685882091522217,116.04613924026489,804.18359375,95,ok,,upstream-1.x,{}
3481,isolet,openml_task,amlb,multiclass,autofeat,3,1200,,,,,,,,,,,,,1380,,,timeout,wall-clock exceeded 1380s,,
3903,pc3,openml_task,amlb,classification,nofe,1,1200,1250,313,37,37,0,0.8307384341637011,binary_roc_auc,True,0.8307384341637011,0.0,0.0067021846771240234,0.00016570091247558594,85.66053557395935,333.67578125,153,ok,,1.0.0,{}
3481,isolet,openml_task,amlb,multiclass,featuretools,3,1200,,,,,,,,,,,,,1380,,,timeout,wall-clock exceeded 1380s,,
3902,pc4,openml_task,amlb,classification,tabularaml,3,1200,1166,292,37,40,3,0.9461805555555556,binary_roc_auc,True,0.949001736111111,-0.00297278756002735,278.3323700428009,0.010709285736083984,306.7177209854126,350.77734375,70,ok,,0.2.0,"{""mode"": ""medium"", ""elapsed_time"": 277.6970145702362, ""n_init_feats"": 37, ""n_added_feats"": 3, ""initial_metric"": null, ""final_metric"": 0.9397232260688784, ""pct_gain"": 0.010807733923235294}"
3902,pc4,openml_task,amlb,classification,tabularaml,2,1200,1166,292,37,45,8,0.9370659722222223,binary_roc_auc,True,,,373.54407119750977,0.017200469970703125,379.86929273605347,353.2421875,145,ok,,0.2.0,"{""mode"": ""medium"", ""elapsed_time"": 372.93873620033264, ""n_init_feats"": 37, ""n_added_feats"": 8, ""initial_metric"": null, ""final_metric"": 0.947464313477357, ""pct_gain"": 0.015057057275776364}"
3903,pc3,openml_task,amlb,classification,nofe,2,1200,1250,313,37,37,0,0.8341303380782916,binary_roc_auc,True,0.8341303380782916,0.0,0.009514808654785156,0.0002930164337158203,55.11979579925537,336.05078125,27,ok,,1.0.0,{}
3902,pc4,openml_task,amlb,classification,openfe,4,1200,1166,292,37,1992,1955,0.9610460069444444,binary_roc_auc,True,0.9645182291666666,-0.0035999550005624804,268.98380517959595,34.78569960594177,319.4155297279358,497.4765625,64,ok,,upstream-0.0.12,{}
3903,pc3,openml_task,amlb,classification,nofe,3,1200,1250,313,37,37,0,0.8395796263345195,binary_roc_auc,True,0.8395796263345195,0.0,0.009080648422241211,0.0002319812774658203,11.046724557876587,339.3515625,73,ok,,1.0.0,{}
3481,isolet,openml_task,amlb,multiclass,tabularaml,3,1200,,,,,,,,,,,,,1380,,,timeout,wall-clock exceeded 1380s,,
3903,pc3,openml_task,amlb,classification,featuretools,2,1200,1250,313,37,6419,6382,0.8599310498220641,binary_roc_auc,True,0.8341303380782916,0.030931271248583768,14.35478663444519,16.467629432678223,70.77641534805298,804.33203125,32,ok,,upstream-1.x,{}
3481,isolet,openml_task,amlb,multiclass,nofe,4,1200,,,,,,,,,,,,,1380,,,timeout,wall-clock exceeded 1380s,,
3481,isolet,openml_task,amlb,multiclass,openfe,4,1200,,,,,,,,,,,,,1380,,,timeout,wall-clock exceeded 1380s,,
3903,pc3,openml_task,amlb,classification,openfe,1,1200,1250,313,37,2020,1983,0.8317393238434164,binary_roc_auc,True,0.8307384341637011,0.0012048192771084841,205.08588981628418,32.9121036529541,255.395192861557,525.2109375,69,ok,,upstream-0.0.12,{}
3481,isolet,openml_task,amlb,multiclass,autofeat,4,1200,,,,,,,,,,,,,1380,,,timeout,wall-clock exceeded 1380s,,
3481,isolet,openml_task,amlb,multiclass,featuretools,4,1200,,,,,,,,,,,,,1380,,,timeout,wall-clock exceeded 1380s,,
3903,pc3,openml_task,amlb,classification,nofe,4,1200,1250,313,37,37,0,0.822898131672598,binary_roc_auc,True,0.822898131672598,0.0,0.0066680908203125,0.0001575946807861328,10.715357303619385,339.01171875,38,ok,,1.0.0,{}
3481,isolet,openml_task,amlb,multiclass,tabularaml,4,1200,,,,,,,,,,,,,1380,,,timeout,wall-clock exceeded 1380s,,
3904,jm1,openml_task,amlb,classification,nofe,0,1200,8708,2177,21,21,0,0.7482766923314161,binary_roc_auc,True,0.7482766923314161,0.0,0.01757526397705078,0.0010349750518798828,11.698693990707397,349.16796875,99,ok,,1.0.0,{}
3549,analcatdata_authorship,openml_task,amlb,multiclass,openfe,0,1200,,,,,,,,,,,,,1380,,,timeout,wall-clock exceeded 1380s,,
3549,analcatdata_authorship,openml_task,amlb,multiclass,autofeat,0,1200,,,,,,,,,,,,,1380,,,timeout,wall-clock exceeded 1380s,,
3549,analcatdata_authorship,openml_task,amlb,multiclass,featuretools,0,1200,,,,,,,,,,,,,1380,,,timeout,wall-clock exceeded 1380s,,
3549,analcatdata_authorship,openml_task,amlb,multiclass,tabularaml,0,1200,,,,,,,,,,,,,1380,,,timeout,wall-clock exceeded 1380s,,
3549,analcatdata_authorship,openml_task,amlb,multiclass,openfe,1,1200,,,,,,,,,,,,,1380,,,timeout,wall-clock exceeded 1380s,,
3549,analcatdata_authorship,openml_task,amlb,multiclass,autofeat,1,1200,,,,,,,,,,,,,1380,,,timeout,wall-clock exceeded 1380s,,
3904,jm1,openml_task,amlb,classification,nofe,1,1200,8708,2177,21,21,0,0.746505364708174,binary_roc_auc,True,0.746505364708174,0.0,0.01701831817626953,0.0013270378112792969,11.26510739326477,349.77734375,134,ok,,1.0.0,{}
3903,pc3,openml_task,amlb,classification,openfe,2,1200,1250,313,37,2031,1994,0.8014902135231318,binary_roc_auc,True,0.8341303380782916,-0.03913072461835844,223.5702247619629,35.64478254318237,276.61225390434265,512.01953125,15,ok,,upstream-0.0.12,{}
3549,analcatdata_authorship,openml_task,amlb,multiclass,featuretools,1,1200,,,,,,,,,,,,,1380,,,timeout,wall-clock exceeded 1380s,,
3903,pc3,openml_task,amlb,classification,tabularaml,1,1200,1250,313,37,41,4,0.834297153024911,binary_roc_auc,True,0.8307384341637011,0.004283801874163306,321.8618116378784,0.020517349243164062,341.2964141368866,357.77734375,69,ok,,0.2.0,"{""mode"": ""medium"", ""elapsed_time"": 320.8255031108856, ""n_init_feats"": 37, ""n_added_feats"": 4, ""initial_metric"": null, ""final_metric"": 0.8355789926818769, ""pct_gain"": 0.06478510024687571}"
3549,analcatdata_authorship,openml_task,amlb,multiclass,tabularaml,1,1200,,,,,,,,,,,,,1380,,,timeout,wall-clock exceeded 1380s,,
3904,jm1,openml_task,amlb,classification,nofe,2,1200,8708,2177,21,21,0,0.7419089758087642,binary_roc_auc,True,0.7419089758087642,0.0,0.014593124389648438,0.0009016990661621094,10.472975015640259,349.08984375,55,ok,,1.0.0,{}
3549,analcatdata_authorship,openml_task,amlb,multiclass,openfe,2,1200,,,,,,,,,,,,,1380,,,timeout,wall-clock exceeded 1380s,,
3549,analcatdata_authorship,openml_task,amlb,multiclass,autofeat,2,1200,,,,,,,,,,,,,1380,,,timeout,wall-clock exceeded 1380s,,
3549,analcatdata_authorship,openml_task,amlb,multiclass,tabularaml,2,1200,,,,,,,,,,,,,1380,,,timeout,wall-clock exceeded 1380s,,
3904,jm1,openml_task,amlb,classification,nofe,3,1200,8708,2177,21,21,0,0.7282706323484057,binary_roc_auc,True,0.7282706323484057,0.0,0.00969696044921875,0.0005903244018554688,9.780197858810425,349.98828125,117,ok,,1.0.0,{}
3549,analcatdata_authorship,openml_task,amlb,multiclass,openfe,3,1200,,,,,,,,,,,,,1380,,,timeout,wall-clock exceeded 1380s,,
3549,analcatdata_authorship,openml_task,amlb,multiclass,autofeat,3,1200,,,,,,,,,,,,,1380,,,timeout,wall-clock exceeded 1380s,,
3549,analcatdata_authorship,openml_task,amlb,multiclass,featuretools,3,1200,,,,,,,,,,,,,1380,,,timeout,wall-clock exceeded 1380s,,
3549,analcatdata_authorship,openml_task,amlb,multiclass,tabularaml,3,1200,,,,,,,,,,,,,1380,,,timeout,wall-clock exceeded 1380s,,
3904,jm1,openml_task,amlb,classification,featuretools,2,1200,8708,2177,21,,,,,,,,10.074435472488403,,39.697924852371216,,,crash,TypeConversionError: Error converting datatype for uniq_Op from type float64 to type Int64. Please confirm the underlying data is consistent with logical type IntegerNullable.,upstream-1.x,
3549,analcatdata_authorship,openml_task,amlb,multiclass,openfe,4,1200,,,,,,,,,,,,,1380,,,timeout,wall-clock exceeded 1380s,,
3549,analcatdata_authorship,openml_task,amlb,multiclass,autofeat,4,1200,,,,,,,,,,,,,1380,,,timeout,wall-clock exceeded 1380s,,
3549,analcatdata_authorship,openml_task,amlb,multiclass,featuretools,4,1200,,,,,,,,,,,,,1380,,,timeout,wall-clock exceeded 1380s,,
3549,analcatdata_authorship,openml_task,amlb,multiclass,tabularaml,4,1200,,,,,,,,,,,,,1380,,,timeout,wall-clock exceeded 1380s,,
3913,kc2,openml_task,amlb,classification,nofe,0,1200,417,105,21,21,0,0.7913472070098575,binary_roc_auc,True,0.7913472070098575,0.0,0.007406949996948242,9.775161743164062e-05,6.7849955558776855,329.18359375,43,ok,,1.0.0,{}
3903,pc3,openml_task,amlb,classification,openfe,4,1200,1250,313,37,1916,1879,0.8190613879003559,binary_roc_auc,True,0.822898131672598,-0.004662477194405132,207.81139874458313,35.34013271331787,259.87849497795105,513.14453125,51,ok,,upstream-0.0.12,{}
3560,analcatdata_dmft,openml_task,amlb,multiclass,tabularaml,0,1200,,,,,,,,,,,,,1380,,,timeout,wall-clock exceeded 1380s,,
3904,jm1,openml_task,amlb,classification,featuretools,3,1200,8708,2177,21,2150,2129,0.7413469394380447,binary_roc_auc,True,0.7282706323484057,0.017955285451333843,5.709843397140503,8.623964309692383,84.67514300346375,931.45703125,65,ok,,upstream-1.x,{}
3913,kc2,openml_task,amlb,classification,nofe,1,1200,417,105,21,21,0,0.8170865279299013,binary_roc_auc,True,0.8170865279299013,0.0,0.006445169448852539,0.00012087821960449219,10.724864959716797,328.671875,17,ok,,1.0.0,{}
3560,analcatdata_dmft,openml_task,amlb,multiclass,openfe,2,1200,,,,,,,,,,,,,1380,,,timeout,wall-clock exceeded 1380s,,
3913,kc2,openml_task,amlb,classification,featuretools,0,1200,417,105,21,2165,2144,0.834063526834611,binary_roc_auc,True,0.7913472070098575,0.05397923875432525,5.144018888473511,6.212741374969482,70.74896168708801,422.8671875,42,ok,,upstream-1.x,{}
3560,analcatdata_dmft,openml_task,amlb,multiclass,autofeat,2,1200,,,,,,,,,,,,,1380,,,timeout,wall-clock exceeded 1380s,,
3913,kc2,openml_task,amlb,classification,featuretools,1,1200,417,105,21,2164,2143,0.8069550930996714,binary_roc_auc,True,0.8170865279299013,-0.012399463806970419,5.031325817108154,6.4775919914245605,42.85365962982178,426.3515625,3,ok,,upstream-1.x,{}
3904,jm1,openml_task,amlb,classification,featuretools,1,1200,8708,2177,21,,,,,,,,9.897787094116211,,267.4356734752655,,,crash,TypeConversionError: Error converting datatype for uniq_Op from type float64 to type Int64. Please confirm the underlying data is consistent with logical type IntegerNullable.,upstream-1.x,
3904,jm1,openml_task,amlb,classification,featuretools,4,1200,8708,2177,21,2155,2134,0.753844978059615,binary_roc_auc,True,,,6.386135816574097,8.115391254425049,205.87069749832153,935.13671875,145,ok,,upstream-1.x,{}
3913,kc2,openml_task,amlb,classification,nofe,2,1200,417,105,21,21,0,0.8346111719605696,binary_roc_auc,True,0.8346111719605696,0.0,0.005374431610107422,0.00011658668518066406,38.10014247894287,330.84375,43,ok,,1.0.0,{}
3560,analcatdata_dmft,openml_task,amlb,multiclass,tabularaml,4,1200,,,,,,,,,,,,,1380,,,timeout,wall-clock exceeded 1380s,,
3573,mnist_784,openml_task,amlb,multiclass,nofe,0,1200,,,,,,,,,,,,,1380,,,timeout,wall-clock exceeded 1380s,,
3904,jm1,openml_task,amlb,classification,openfe,0,1200,8708,2177,21,1966,1945,0.7141649397518655,binary_roc_auc,True,0.7482766923314161,-0.04558708420179201,252.3617091178894,103.6904399394989,429.7782645225525,1055.24609375,32,ok,,upstream-0.0.12,{}
3903,pc3,openml_task,amlb,classification,tabularaml,2,1200,1250,313,37,43,6,0.8143905693950177,binary_roc_auc,True,0.8341303380782916,-0.02366508899406689,577.6178781986237,0.026243925094604492,595.7333700656891,363.7421875,14,ok,,0.2.0,"{""mode"": ""medium"", ""elapsed_time"": 512.6804709434509, ""n_init_feats"": 37, ""n_added_feats"": 6, ""initial_metric"": null, ""final_metric"": 0.812182522600086, ""pct_gain"": 0.008876530556546894}"
3573,mnist_784,openml_task,amlb,multiclass,openfe,0,1200,,,,,,,,,,,,,1380,,,timeout,wall-clock exceeded 1380s,,
3913,kc2,openml_task,amlb,classification,featuretools,2,1200,417,105,21,2166,2145,0.8811610076670319,binary_roc_auc,True,0.8346111719605696,0.055774278215223225,4.498235464096069,6.371776103973389,47.06589317321777,409.34375,58,ok,,upstream-1.x,{}
3913,kc2,openml_task,amlb,classification,nofe,3,1200,417,105,21,21,0,0.8628148959474261,binary_roc_auc,True,0.8628148959474261,0.0,0.008037328720092773,0.00016117095947265625,37.62639331817627,335.18359375,13,ok,,1.0.0,{}
3573,mnist_784,openml_task,amlb,multiclass,featuretools,0,1200,,,,,,,,,,,,,1380,,,timeout,wall-clock exceeded 1380s,,
3573,mnist_784,openml_task,amlb,multiclass,tabularaml,0,1200,,,,,,,,,,,,,1380,,,timeout,wall-clock exceeded 1380s,,
3913,kc2,openml_task,amlb,classification,autofeat,0,1200,417,105,21,23,2,0.7798466593647317,binary_roc_auc,True,0.7913472070098575,-0.014532871972318088,248.2180299758911,0.01827406883239746,268.5403289794922,531.2109375,25,ok,,upstream-2.1.x,{}
3573,mnist_784,openml_task,amlb,multiclass,nofe,1,1200,,,,,,,,,,,,,1380,,,timeout,wall-clock exceeded 1380s,,
3573,mnist_784,openml_task,amlb,multiclass,openfe,1,1200,,,,,,,,,,,,,1380,,,timeout,wall-clock exceeded 1380s,,
3913,kc2,openml_task,amlb,classification,tabularaml,1,1200,417,105,21,30,9,0.8198247535596933,binary_roc_auc,True,0.8170865279299013,0.0033512064343164576,193.2203667163849,0.022268295288085938,196.43200540542603,349.90625,18,ok,,0.2.0,"{""mode"": ""medium"", ""elapsed_time"": 180.79101133346558, ""n_init_feats"": 21, ""n_added_feats"": 9, ""initial_metric"": null, ""final_metric"": 0.8567259887005649, ""pct_gain"": 0.025898830865437823}"
3913,kc2,openml_task,amlb,classification,featuretools,4,1200,417,105,21,2041,2020,0.7705366922234392,binary_roc_auc,True,,,3.514195442199707,4.149392366409302,36.43720364570618,409.31640625,255,ok,,upstream-1.x,{}
3573,mnist_784,openml_task,amlb,multiclass,featuretools,1,1200,,,,,,,,,,,,,1380,,,timeout,wall-clock exceeded 1380s,,
3917,kc1,openml_task,amlb,classification,nofe,0,1200,1687,422,21,21,0,0.8382891618185736,binary_roc_auc,True,0.8382891618185736,0.0,0.013747215270996094,0.0002224445343017578,23.841190338134766,337.6875,52,ok,,1.0.0,{}
3573,mnist_784,openml_task,amlb,multiclass,tabularaml,1,1200,,,,,,,,,,,,,1380,,,timeout,wall-clock exceeded 1380s,,
3573,mnist_784,openml_task,amlb,multiclass,nofe,2,1200,,,,,,,,,,,,,1380,,,timeout,wall-clock exceeded 1380s,,
3573,mnist_784,openml_task,amlb,multiclass,openfe,2,1200,,,,,,,,,,,,,1380,,,timeout,wall-clock exceeded 1380s,,
3573,mnist_784,openml_task,amlb,multiclass,tabularaml,2,1200,,,,,,,,,,,,,1380,,,timeout,wall-clock exceeded 1380s,,
3573,mnist_784,openml_task,amlb,multiclass,featuretools,2,1200,,,,,,,,,,,,,1380,,,timeout,wall-clock exceeded 1380s,,
3913,kc2,openml_task,amlb,classification,tabularaml,0,1200,417,105,21,31,10,0.803669222343921,binary_roc_auc,True,0.7913472070098575,0.015570934256055356,301.8980975151062,0.033676862716674805,328.48651456832886,350.15625,60,ok,,0.2.0,"{""mode"": ""medium"", ""elapsed_time"": 284.511034488678, ""n_init_feats"": 21, ""n_added_feats"": 10, ""initial_metric"": null, ""final_metric"": 0.8153983050847458, ""pct_gain"": 0.021763806086630904}"
3573,mnist_784,openml_task,amlb,multiclass,nofe,3,1200,,,,,,,,,,,,,1380,,,timeout,wall-clock exceeded 1380s,,
3913,kc2,openml_task,amlb,classification,tabularaml,2,1200,417,105,21,29,8,0.8499452354874042,binary_roc_auc,True,0.8346111719605696,0.018372703412073525,149.24492025375366,0.015714645385742188,159.2935767173767,348.19140625,55,ok,,0.2.0,"{""mode"": ""medium"", ""elapsed_time"": 149.01674365997314, ""n_init_feats"": 21, ""n_added_feats"": 8, ""initial_metric"": null, ""final_metric"": 0.8188700564971754, ""pct_gain"": 0.057989668023745305}"
3917,kc1,openml_task,amlb,classification,featuretools,1,1200,1687,422,21,2158,2137,0.8240249946132299,binary_roc_auc,True,,,3.958108901977539,3.7973785400390625,25.910179376602173,538.53125,43,ok,,upstream-1.x,{}
3573,mnist_784,openml_task,amlb,multiclass,openfe,3,1200,,,,,,,,,,,,,1380,,,timeout,wall-clock exceeded 1380s,,
3573,mnist_784,openml_task,amlb,multiclass,featuretools,3,1200,,,,,,,,,,,,,1380,,,timeout,wall-clock exceeded 1380s,,
3917,kc1,openml_task,amlb,classification,nofe,2,1200,1687,422,21,21,0,0.841973712561948,binary_roc_auc,True,0.841973712561948,0.0,0.0052013397216796875,0.00013828277587890625,37.952001094818115,334.82421875,62,ok,,1.0.0,{}
3913,kc2,openml_task,amlb,classification,autofeat,1,1200,417,105,21,24,3,0.830777656078861,binary_roc_auc,True,0.8170865279299013,0.016756032171582017,247.06653308868408,0.020433425903320312,297.6759979724884,536.33984375,12,ok,,upstream-2.1.x,{}
3573,mnist_784,openml_task,amlb,multiclass,tabularaml,3,1200,,,,,,,,,,,,,1380,,,timeout,wall-clock exceeded 1380s,,
3917,kc1,openml_task,amlb,classification,featuretools,2,1200,1687,422,21,2158,2137,0.8191984486102133,binary_roc_auc,True,0.841973712561948,-0.027049851571297124,4.014730215072632,3.870589256286621,25.17460012435913,537.3828125,38,ok,,upstream-1.x,{}
3913,kc2,openml_task,amlb,classification,autofeat,3,1200,417,105,21,29,8,0.8513143483022999,binary_roc_auc,True,0.8628148959474261,-0.013329101872421735,156.93781328201294,0.02581954002380371,174.09004306793213,540.03125,37,ok,,upstream-2.1.x,{}
3904,jm1,openml_task,amlb,classification,openfe,2,1200,8708,2177,21,2020,1999,0.7318247853305125,binary_roc_auc,True,0.7419089758087642,-0.013592220618787914,335.06186604499817,126.76464104652405,508.5395805835724,938.078125,28,ok,,upstream-0.0.12,{}
3573,mnist_784,openml_task,amlb,multiclass,nofe,4,1200,,,,,,,,,,,,,1380,,,timeout,wall-clock exceeded 1380s,,
3573,mnist_784,openml_task,amlb,multiclass,openfe,4,1200,,,,,,,,,,,,,1380,,,timeout,wall-clock exceeded 1380s,,
3917,kc1,openml_task,amlb,classification,featuretools,3,1200,1687,422,21,2158,2137,0.834949364361129,binary_roc_auc,True,,,3.479722738265991,3.54085111618042,26.4066801071167,539.50390625,66,ok,,upstream-1.x,{}
3902,pc4,openml_task,amlb,classification,tabularaml,0,1200,1166,292,37,40,3,0.9325086805555556,binary_roc_auc,True,0.9319661458333333,0.0005821399464432308,233.31586813926697,0.009068012237548828,1289.010579586029,344.3671875,55,ok,,0.2.0,"{""mode"": ""medium"", ""elapsed_time"": 232.7380347251892, ""n_init_feats"": 37, ""n_added_feats"": 3, ""initial_metric"": null, ""final_metric"": 0.9497873994395734, ""pct_gain"": 0.010967627274513073}"
3917,kc1,openml_task,amlb,classification,openfe,0,1200,1687,422,21,1763,1742,0.8330963154492566,binary_roc_auc,True,0.8382891618185736,-0.00619457653257947,102.01968836784363,26.538665533065796,145.09585642814636,547.39453125,61,ok,,upstream-0.0.12,{}
3918,pc1,openml_task,amlb,classification,nofe,0,1200,887,222,21,21,0,0.914975845410628,binary_roc_auc,True,0.914975845410628,0.0,0.009694814682006836,0.00018453598022460938,8.724633932113647,329.72265625,50,ok,,1.0.0,{}
3573,mnist_784,openml_task,amlb,multiclass,featuretools,4,1200,,,,,,,,,,,,,1380,,,timeout,wall-clock exceeded 1380s,,
3573,mnist_784,openml_task,amlb,multiclass,tabularaml,4,1200,,,,,,,,,,,,,1380,,,timeout,wall-clock exceeded 1380s,,
3917,kc1,openml_task,amlb,classification,openfe,2,1200,1687,422,21,1762,1741,0.8426632191338074,binary_roc_auc,True,0.841973712561948,0.0008189169822907853,77.52412486076355,31.200767040252686,126.35670161247253,546.796875,31,ok,,upstream-0.0.12,{}
3902,pc4,openml_task,amlb,classification,autofeat,0,1200,,,,,,,,,,,,,1380,,,timeout,wall-clock exceeded 1380s,,
3918,pc1,openml_task,amlb,classification,featuretools,0,1200,887,222,21,2111,2090,0.9128824476650563,binary_roc_auc,True,0.914975845410628,-0.0022879267863428958,4.50636887550354,4.462996244430542,40.40542244911194,468.5234375,58,ok,,upstream-1.x,{}
3913,kc2,openml_task,amlb,classification,autofeat,4,1200,417,105,21,28,7,0.7283680175246441,binary_roc_auc,True,,,161.37500381469727,0.03648829460144043,235.36025476455688,535.91796875,112,ok,,upstream-2.1.x,{}
3917,kc1,openml_task,amlb,classification,featuretools,4,1200,1687,422,21,2134,2113,0.8131006248653307,binary_roc_auc,True,,,3.402094841003418,3.4374923706054688,76.96331977844238,536.9921875,39,ok,,upstream-1.x,{}
3918,pc1,openml_task,amlb,classification,nofe,1,1200,887,222,21,21,0,0.8169082125603865,binary_roc_auc,True,0.8169082125603865,0.0,0.005368471145629883,0.00013256072998046875,26.192467212677002,329.0546875,48,ok,,1.0.0,{}
3913,kc2,openml_task,amlb,classification,nofe,4,1200,417,105,21,21,0,0.7453450164293538,binary_roc_auc,True,0.7453450164293538,0.0,0.00563359260559082,0.00013566017150878906,266.3921196460724,331.01171875,75,ok,,1.0.0,{}
3918,pc1,openml_task,amlb,classification,openfe,0,1200,887,222,21,1578,1557,0.9167471819645733,binary_roc_auc,True,0.914975845410628,0.0019359380499823849,54.12310338020325,16.064554929733276,80.75660371780396,449.58203125,43,ok,,upstream-0.0.12,{}
3913,kc2,openml_task,amlb,classification,tabularaml,3,1200,417,105,21,32,11,0.8562431544359255,binary_roc_auc,True,0.8628148959474261,-0.007616629641383794,284.8616511821747,0.03574657440185547,288.8597512245178,349.0625,28,ok,,0.2.0,"{""mode"": ""medium"", ""elapsed_time"": 263.94962430000305, ""n_init_feats"": 21, ""n_added_feats"": 11, ""initial_metric"": null, ""final_metric"": 0.7931553672316384, ""pct_gain"": 0.0483677646385042}"
3918,pc1,openml_task,amlb,classification,featuretools,2,1200,887,222,21,2035,2014,0.895330112721417,binary_roc_auc,True,,,3.6881890296936035,3.643580436706543,24.967233657836914,459.2265625,29,ok,,upstream-1.x,{}
3902,pc4,openml_task,amlb,classification,openfe,1,1200,,,,,,,,,,,,,1380,,,timeout,wall-clock exceeded 1380s,,
3902,pc4,openml_task,amlb,classification,autofeat,1,1200,,,,,,,,,,,,,1380,,,timeout,wall-clock exceeded 1380s,,
3902,pc4,openml_task,amlb,classification,tabularaml,1,1200,,,,,,,,,,,,,1380,,,timeout,wall-clock exceeded 1380s,,
3902,pc4,openml_task,amlb,classification,nofe,2,1200,,,,,,,,,,,,,1380,,,timeout,wall-clock exceeded 1380s,,
3918,pc1,openml_task,amlb,classification,featuretools,1,1200,887,222,21,2146,2125,0.8333333333333335,binary_roc_auc,True,0.8169082125603865,0.020106445890006083,4.429151296615601,4.603616952896118,69.34467697143555,467.30859375,73,ok,,upstream-1.x,{}
3918,pc1,openml_task,amlb,classification,nofe,2,1200,887,222,21,21,0,0.8969404186795491,binary_roc_auc,True,0.8969404186795491,0.0,0.009248495101928711,0.00017905235290527344,72.6796293258667,331.38671875,49,ok,,1.0.0,{}
3918,pc1,openml_task,amlb,classification,openfe,2,1200,887,222,21,1509,1488,0.8669887278582931,binary_roc_auc,True,0.8969404186795491,-0.03339317773788151,49.76148557662964,16.886793613433838,74.86106491088867,444.6328125,30,ok,,upstream-0.0.12,{}
3902,pc4,openml_task,amlb,classification,autofeat,2,1200,,,,,,,,,,,,,1380,,,timeout,wall-clock exceeded 1380s,,
3917,kc1,openml_task,amlb,classification,openfe,4,1200,1687,422,21,1823,1802,0.8171083818142642,binary_roc_auc,True,,,76.51317763328552,25.205491065979004,189.3272294998169,556.71484375,75,ok,,upstream-0.0.12,{}
3917,kc1,openml_task,amlb,classification,openfe,3,1200,1687,422,21,1830,1809,0.8454212454212454,binary_roc_auc,True,,,77.27550172805786,26.440046787261963,223.46520900726318,558.50390625,45,ok,,upstream-0.0.12,{}
3918,pc1,openml_task,amlb,classification,nofe,3,1200,887,222,21,21,0,0.8826086956521739,binary_roc_auc,True,0.8826086956521739,0.0,0.002115488052368164,6.747245788574219e-05,70.19619011878967,330.19921875,2,ok,,1.0.0,{}
3918,pc1,openml_task,amlb,classification,featuretools,4,1200,887,222,21,2126,2105,0.957487922705314,binary_roc_auc,True,,,3.7618162631988525,4.83744740486145,24.51452660560608,468.13671875,34,ok,,upstream-1.x,{}
3902,pc4,openml_task,amlb,classification,openfe,3,1200,,,,,,,,,,,,,1380,,,timeout,wall-clock exceeded 1380s,,
3902,pc4,openml_task,amlb,classification,autofeat,3,1200,,,,,,,,,,,,,1380,,,timeout,wall-clock exceeded 1380s,,
7592,adult,openml_task,amlb,classification,featuretools,0,1200,39073,9769,14,155,141,0.9273095483869332,binary_roc_auc,True,,,3.741408109664917,1.7697768211364746,25.338820219039917,533.67578125,259,ok,,upstream-1.x,{}
3902,pc4,openml_task,amlb,classification,autofeat,4,1200,,,,,,,,,,,,,1380,,,timeout,wall-clock exceeded 1380s,,
7592,adult,openml_task,amlb,classification,nofe,1,1200,39073,9769,14,14,0,0.9340113244875381,binary_roc_auc,True,0.9340113244875381,0.0,0.022990942001342773,0.0005438327789306641,5.160876750946045,357.81640625,276,ok,,1.0.0,{}
3902,pc4,openml_task,amlb,classification,tabularaml,4,1200,,,,,,,,,,,,,1380,,,timeout,wall-clock exceeded 1380s,,
3918,pc1,openml_task,amlb,classification,tabularaml,1,1200,887,222,21,29,8,0.8272141706924316,binary_roc_auc,True,0.8169082125603865,0.012615809185886147,255.12676978111267,0.019240140914916992,265.5199146270752,352.17578125,48,ok,,0.2.0,"{""mode"": ""medium"", ""elapsed_time"": 233.65134048461914, ""n_init_feats"": 21, ""n_added_feats"": 8, ""initial_metric"": null, ""final_metric"": 0.8757033306949416, ""pct_gain"": 0.04252334729546668}"
3903,pc3,openml_task,amlb,classification,openfe,0,1200,,,,,,,,,,,,,1380,,,timeout,wall-clock exceeded 1380s,,
7592,adult,openml_task,amlb,classification,featuretools,1,1200,39073,9769,14,155,141,0.9340174544503472,binary_roc_auc,True,0.9340113244875381,6.563049770831095e-06,2.527114152908325,1.1452715396881104,24.139185667037964,524.3671875,228,ok,,upstream-1.x,{}
3917,kc1,openml_task,amlb,classification,nofe,4,1200,1687,422,21,21,0,0.8358758888170653,binary_roc_auc,True,0.8358758888170653,0.0,0.0037801265716552734,7.224082946777344e-05,389.6740171909332,333.21484375,39,ok,,1.0.0,{}
3903,pc3,openml_task,amlb,classification,autofeat,0,1200,,,,,,,,,,,,,1380,,,timeout,wall-clock exceeded 1380s,,
7592,adult,openml_task,amlb,classification,nofe,2,1200,39073,9769,14,14,0,0.9287008197112897,binary_roc_auc,True,0.9287008197112897,0.0,0.014787673950195312,0.0003561973571777344,11.647022008895874,362.59765625,324,ok,,1.0.0,{}
3918,pc1,openml_task,amlb,classification,tabularaml,4,1200,887,222,21,26,5,0.886634460547504,binary_roc_auc,True,,,180.426917552948,0.010486602783203125,205.10546255111694,350.6171875,44,ok,,0.2.0,"{""mode"": ""medium"", ""elapsed_time"": 180.00624060630798, ""n_init_feats"": 21, ""n_added_feats"": 5, ""initial_metric"": null, ""final_metric"": 0.8870078437192532, ""pct_gain"": 0.06274859867816765}"
3903,pc3,openml_task,amlb,classification,tabularaml,0,1200,,,,,,,,,,,,,1380,,,timeout,wall-clock exceeded 1380s,,
3918,pc1,openml_task,amlb,classification,openfe,3,1200,887,222,21,1544,1523,0.9375201288244767,binary_roc_auc,True,0.8826086956521739,0.0622149242838898,52.68883395195007,15.598833084106445,325.5542800426483,444.9140625,13,ok,,upstream-0.0.12,{}
3903,pc3,openml_task,amlb,classification,autofeat,1,1200,,,,,,,,,,,,,1380,,,timeout,wall-clock exceeded 1380s,,
7592,adult,openml_task,amlb,classification,nofe,3,1200,39073,9769,14,14,0,0.9310508690215165,binary_roc_auc,True,0.9310508690215165,0.0,0.015748977661132812,0.0004239082336425781,77.93817973136902,363.08203125,376,ok,,1.0.0,{}
3903,pc3,openml_task,amlb,classification,featuretools,1,1200,,,,,,,,,,,,,1380,,,timeout,wall-clock exceeded 1380s,,
7592,adult,openml_task,amlb,classification,featuretools,3,1200,39073,9769,14,155,141,0.9303265836974761,binary_roc_auc,True,0.9310508690215165,-0.0007779223973030878,2.3310885429382324,1.1067306995391846,72.91585183143616,533.421875,301,ok,,upstream-1.x,{}
3903,pc3,openml_task,amlb,classification,autofeat,2,1200,,,,,,,,,,,,,1380,,,timeout,wall-clock exceeded 1380s,,
3918,pc1,openml_task,amlb,classification,tabularaml,2,1200,887,222,21,32,11,0.8814814814814815,binary_roc_auc,True,0.8969404186795491,-0.017235188509874256,415.3819410800934,0.02910614013671875,447.0538737773895,358.92578125,37,ok,,0.2.0,"{""mode"": ""medium"", ""elapsed_time"": 387.58280539512634, ""n_init_feats"": 21, ""n_added_feats"": 11, ""initial_metric"": null, ""final_metric"": 0.8797893683799725, ""pct_gain"": 0.033540763721928324}"
3903,pc3,openml_task,amlb,classification,openfe,3,1200,,,,,,,,,,,,,1380,,,timeout,wall-clock exceeded 1380s,,
3903,pc3,openml_task,amlb,classification,autofeat,3,1200,,,,,,,,,,,,,1380,,,timeout,wall-clock exceeded 1380s,,
3904,jm1,openml_task,amlb,classification,tabularaml,3,1200,8708,2177,21,33,12,0.7350793208490468,binary_roc_auc,True,0.7282706323484057,0.009349118580664948,1124.982041835785,0.025984525680541992,1134.5662395954132,445.2734375,94,ok,,0.2.0,"{""mode"": ""medium"", ""elapsed_time"": 914.9120790958405, ""n_init_feats"": 21, ""n_added_feats"": 12, ""initial_metric"": null, ""final_metric"": 0.7374455472483425, ""pct_gain"": 0.019248606809441293}"
3903,pc3,openml_task,amlb,classification,featuretools,3,1200,,,,,,,,,,,,,1380,,,timeout,wall-clock exceeded 1380s,,
9910,Bioresponse,openml_task,amlb,classification,nofe,0,1200,3000,751,1776,1776,0,0.8878349808582366,binary_roc_auc,True,0.8878349808582366,0.0,0.02583456039428711,0.003767251968383789,15.914296627044678,744.0390625,181,ok,,1.0.0,{}
3904,jm1,openml_task,amlb,classification,tabularaml,1,1200,8708,2177,21,31,10,0.7422741979991235,binary_roc_auc,True,0.746505364708174,-0.005667965575444321,1151.0240759849548,0.02349257469177246,1224.639580488205,430.79296875,144,ok,,0.2.0,"{""mode"": ""medium"", ""elapsed_time"": 878.9062433242798, ""n_init_feats"": 21, ""n_added_feats"": 10, ""initial_metric"": null, ""final_metric"": 0.7330239091183707, ""pct_gain"": 0.024937723896840173}"
3903,pc3,openml_task,amlb,classification,tabularaml,3,1200,,,,,,,,,,,,,1380,,,timeout,wall-clock exceeded 1380s,,
7592,adult,openml_task,amlb,classification,openfe,2,1200,39073,9769,14,538,524,0.9164839189491136,binary_roc_auc,True,0.9287008197112897,-0.01315482930872615,212.68697690963745,72.88098859786987,324.67561888694763,975.09375,83,ok,,upstream-0.0.12,{}
3903,pc3,openml_task,amlb,classification,autofeat,4,1200,,,,,,,,,,,,,1380,,,timeout,wall-clock exceeded 1380s,,
9910,Bioresponse,openml_task,amlb,classification,nofe,1,1200,3000,751,1776,1776,0,0.8738929204045482,binary_roc_auc,True,0.8738929204045482,0.0,0.025002002716064453,0.0033426284790039062,13.975195407867432,742.33203125,115,ok,,1.0.0,{}
3903,pc3,openml_task,amlb,classification,featuretools,4,1200,,,,,,,,,,,,,1380,,,timeout,wall-clock exceeded 1380s,,
3903,pc3,openml_task,amlb,classification,tabularaml,4,1200,,,,,,,,,,,,,1380,,,timeout,wall-clock exceeded 1380s,,
3904,jm1,openml_task,amlb,classification,autofeat,0,1200,,,,,,,,,,,,,1380,,,timeout,wall-clock exceeded 1380s,,
7592,adult,openml_task,amlb,classification,openfe,3,1200,39073,9769,14,540,526,0.9204693444876785,binary_roc_auc,True,0.9310508690215165,-0.011365141138806503,200.55290722846985,70.28125786781311,309.57233142852783,1098.55859375,97,ok,,upstream-0.0.12,{}
3904,jm1,openml_task,amlb,classification,featuretools,0,1200,,,,,,,,,,,,,1380,,,timeout,wall-clock exceeded 1380s,,
3904,jm1,openml_task,amlb,classification,tabularaml,0,1200,,,,,,,,,,,,,1380,,,timeout,wall-clock exceeded 1380s,,
3918,pc1,openml_task,amlb,classification,autofeat,2,1200,887,222,21,23,2,0.8930756843800322,binary_roc_auc,True,0.8969404186795491,-0.0043087971274686256,690.6879312992096,0.016684293746948242,701.917117357254,553.953125,70,ok,,upstream-2.1.x,{}
9910,Bioresponse,openml_task,amlb,classification,nofe,2,1200,3000,751,1776,1776,0,0.8845780241129078,binary_roc_auc,True,0.8845780241129078,0.0,0.024586915969848633,0.0036301612854003906,42.9946403503418,745.41796875,116,ok,,1.0.0,{}
3904,jm1,openml_task,amlb,classification,openfe,1,1200,,,,,,,,,,,,,1380,,,timeout,wall-clock exceeded 1380s,,
3904,jm1,openml_task,amlb,classification,autofeat,1,1200,,,,,,,,,,,,,1380,,,timeout,wall-clock exceeded 1380s,,
9910,Bioresponse,openml_task,amlb,classification,nofe,3,1200,3000,751,1776,1776,0,0.8763284955145422,binary_roc_auc,True,0.8763284955145422,0.0,0.03483724594116211,0.0050237178802490234,42.09393048286438,742.1484375,87,ok,,1.0.0,{}
3904,jm1,openml_task,amlb,classification,autofeat,2,1200,,,,,,,,,,,,,1380,,,timeout,wall-clock exceeded 1380s,,
3904,jm1,openml_task,amlb,classification,tabularaml,2,1200,,,,,,,,,,,,,1380,,,timeout,wall-clock exceeded 1380s,,
7592,adult,openml_task,amlb,classification,tabularaml,1,1200,39073,9769,14,18,4,0.933391219752087,binary_roc_auc,True,0.9340113244875381,-0.0006639156498356967,506.8176476955414,0.046166181564331055,518.0728576183319,461.3828125,191,ok,,0.2.0,"{""mode"": ""medium"", ""elapsed_time"": 499.33182072639465, ""n_init_feats"": 14, ""n_added_feats"": 4, ""initial_metric"": null, ""final_metric"": 0.9270147620989068, ""pct_gain"": -0.0007124975013719333}"
3904,jm1,openml_task,amlb,classification,openfe,3,1200,,,,,,,,,,,,,1380,,,timeout,wall-clock exceeded 1380s,,
3904,jm1,openml_task,amlb,classification,autofeat,3,1200,,,,,,,,,,,,,1380,,,timeout,wall-clock exceeded 1380s,,
3918,pc1,openml_task,amlb,classification,autofeat,1,1200,887,222,21,22,1,0.8288244766505637,binary_roc_auc,True,0.8169082125603865,0.014587029371180853,627.8726773262024,0.01667308807373047,821.8469889163971,555.56640625,72,ok,,upstream-2.1.x,{}
9910,Bioresponse,openml_task,amlb,classification,nofe,4,1200,3000,751,1776,1776,0,0.8800282840980517,binary_roc_auc,True,0.8800282840980517,0.0,0.02546238899230957,0.0033583641052246094,14.62211799621582,743.6484375,130,ok,,1.0.0,{}
3904,jm1,openml_task,amlb,classification,nofe,4,1200,,,,,,,,,,,,,1380,,,timeout,wall-clock exceeded 1380s,,
3904,jm1,openml_task,amlb,classification,openfe,4,1200,,,,,,,,,,,,,1380,,,timeout,wall-clock exceeded 1380s,,
3904,jm1,openml_task,amlb,classification,autofeat,4,1200,,,,,,,,,,,,,1380,,,timeout,wall-clock exceeded 1380s,,
3904,jm1,openml_task,amlb,classification,tabularaml,4,1200,,,,,,,,,,,,,1380,,,timeout,wall-clock exceeded 1380s,,
3913,kc2,openml_task,amlb,classification,openfe,0,1200,,,,,,,,,,,,,1380,,,timeout,wall-clock exceeded 1380s,,
9946,wdbc,openml_task,amlb,classification,nofe,0,1200,455,114,30,30,0,0.9910714285714286,binary_roc_auc,True,0.9910714285714286,0.0,0.004956722259521484,6.437301635742188e-05,39.921067237854004,336.671875,605,ok,,1.0.0,{}
9946,wdbc,openml_task,amlb,classification,featuretools,0,1200,455,114,30,3446,3416,0.9894179894179895,binary_roc_auc,True,0.9910714285714286,-0.0016683350016682543,5.479270935058594,7.487481355667114,72.71272706985474,482.734375,225,ok,,upstream-1.x,{}
3913,kc2,openml_task,amlb,classification,openfe,1,1200,,,,,,,,,,,,,1380,,,timeout,wall-clock exceeded 1380s,,
9946,wdbc,openml_task,amlb,classification,openfe,1,1200,455,114,30,1553,1523,0.9976851851851851,binary_roc_auc,True,,,38.23268270492554,7.6947596073150635,72.48580741882324,414.76171875,76,ok,,upstream-0.0.12,{}
9946,wdbc,openml_task,amlb,classification,nofe,1,1200,455,114,30,30,0,0.9907407407407407,binary_roc_auc,True,0.9907407407407407,0.0,0.010859966278076172,0.00012493133544921875,74.59990692138672,333.5390625,95,ok,,1.0.0,{}
9946,wdbc,openml_task,amlb,classification,nofe,2,1200,455,114,30,30,0,0.9927248677248677,binary_roc_auc,True,0.9927248677248677,0.0,0.0069658756256103516,9.5367431640625e-05,9.933810234069824,332.54296875,113,ok,,1.0.0,{}
7592,adult,openml_task,amlb,classification,openfe,4,1200,39073,9769,14,540,526,0.9184071731961418,binary_roc_auc,True,,,196.8338325023651,73.52590489387512,494.56604290008545,1097.359375,93,ok,,upstream-0.0.12,{}
7592,adult,openml_task,amlb,classification,nofe,4,1200,39073,9769,14,14,0,0.9291311833913349,binary_roc_auc,True,0.9291311833913349,0.0,0.020913362503051758,0.0007669925689697266,494.6627531051636,357.859375,282,ok,,1.0.0,{}
9946,wdbc,openml_task,amlb,classification,featuretools,1,1200,455,114,30,3453,3423,0.9940476190476191,binary_roc_auc,True,0.9907407407407407,0.0033377837116155503,5.526320695877075,7.835991859436035,75.05883359909058,483.63671875,70,ok,,upstream-1.x,{}
9946,wdbc,openml_task,amlb,classification,openfe,2,1200,455,114,30,1544,1514,0.9933862433862434,binary_roc_auc,True,0.9927248677248677,0.0006662225183211542,39.81039381027222,7.962599992752075,71.21235418319702,411.515625,279,ok,,upstream-0.0.12,{}
3913,kc2,openml_task,amlb,classification,openfe,2,1200,,,,,,,,,,,,,1380,,,timeout,wall-clock exceeded 1380s,,
9946,wdbc,openml_task,amlb,classification,featuretools,2,1200,455,114,30,3449,3419,0.9923941798941799,binary_roc_auc,True,0.9927248677248677,-0.0003331112591605212,6.034694671630859,8.43569803237915,55.11971187591553,486.4921875,279,ok,,upstream-1.x,{}
3913,kc2,openml_task,amlb,classification,autofeat,2,1200,,,,,,,,,,,,,1380,,,timeout,wall-clock exceeded 1380s,,
3913,kc2,openml_task,amlb,classification,openfe,3,1200,,,,,,,,,,,,,1380,,,timeout,wall-clock exceeded 1380s,,
3913,kc2,openml_task,amlb,classification,featuretools,3,1200,,,,,,,,,,,,,1380,,,timeout,wall-clock exceeded 1380s,,
9946,wdbc,openml_task,amlb,classification,nofe,3,1200,455,114,30,30,0,0.9996693121693122,binary_roc_auc,True,0.9996693121693122,0.0,0.007035255432128906,8.96453857421875e-05,89.69933605194092,335.0703125,287,ok,,1.0.0,{}
9946,wdbc,openml_task,amlb,classification,openfe,3,1200,455,114,30,1549,1519,1.0,binary_roc_auc,True,0.9996693121693122,0.00033079722130330286,42.08777642250061,8.125068426132202,100.53933072090149,412.78125,300,ok,,upstream-0.0.12,{}
3913,kc2,openml_task,amlb,classification,openfe,4,1200,,,,,,,,,,,,,1380,,,timeout,wall-clock exceeded 1380s,,
9946,wdbc,openml_task,amlb,classification,nofe,4,1200,455,114,30,30,0,0.9808201058201059,binary_roc_auc,True,0.9808201058201059,0.0,0.0030722618103027344,5.14984130859375e-05,25.211342334747314,333.94921875,263,ok,,1.0.0,{}
3913,kc2,openml_task,amlb,classification,tabularaml,4,1200,,,,,,,,,,,,,1380,,,timeout,wall-clock exceeded 1380s,,
9952,phoneme,openml_task,amlb,classification,nofe,0,1200,4323,1081,5,5,0,0.9547252547607643,binary_roc_auc,True,0.9547252547607643,0.0,0.009070873260498047,0.00011897087097167969,9.05354642868042,336.78515625,442,ok,,1.0.0,{}
3917,kc1,openml_task,amlb,classification,autofeat,0,1200,,,,,,,,,,,,,1380,,,timeout,wall-clock exceeded 1380s,,
9946,wdbc,openml_task,amlb,classification,featuretools,4,1200,455,114,30,3452,3422,0.9771825396825397,binary_roc_auc,True,0.9808201058201059,-0.003708698583951587,6.818624019622803,8.846469402313232,38.647480487823486,483.8984375,234,ok,,upstream-1.x,{}
9946,wdbc,openml_task,amlb,classification,openfe,4,1200,455,114,30,1524,1494,0.9748677248677249,binary_roc_auc,True,0.9808201058201059,-0.006068779501011554,40.03038239479065,7.179760932922363,71.14783453941345,394.83984375,234,ok,,upstream-0.0.12,{}
3917,kc1,openml_task,amlb,classification,featuretools,0,1200,,,,,,,,,,,,,1380,,,timeout,wall-clock exceeded 1380s,,
3917,kc1,openml_task,amlb,classification,tabularaml,0,1200,,,,,,,,,,,,,1380,,,timeout,wall-clock exceeded 1380s,,
3917,kc1,openml_task,amlb,classification,nofe,1,1200,,,,,,,,,,,,,1380,,,timeout,wall-clock exceeded 1380s,,
9952,phoneme,openml_task,amlb,classification,nofe,1,1200,4323,1081,5,5,0,0.9460047566353411,binary_roc_auc,True,0.9460047566353411,0.0,0.004253864288330078,4.982948303222656e-05,8.764638900756836,338.49609375,283,ok,,1.0.0,{}
3917,kc1,openml_task,amlb,classification,openfe,1,1200,,,,,,,,,,,,,1380,,,timeout,wall-clock exceeded 1380s,,
3917,kc1,openml_task,amlb,classification,autofeat,1,1200,,,,,,,,,,,,,1380,,,timeout,wall-clock exceeded 1380s,,
9952,phoneme,openml_task,amlb,classification,nofe,2,1200,4323,1081,5,5,0,0.9559474457859183,binary_roc_auc,True,0.9559474457859183,0.0,0.00533747673034668,6.0558319091796875e-05,9.021971702575684,335.67578125,326,ok,,1.0.0,{}
9952,phoneme,openml_task,amlb,classification,openfe,1,1200,4323,1081,5,92,87,0.9578839579169902,binary_roc_auc,True,0.9460047566353411,0.01255723208401182,6.816265106201172,0.8183763027191162,22.981794595718384,363.85546875,287,ok,,upstream-0.0.12,{}
3917,kc1,openml_task,amlb,classification,tabularaml,1,1200,,,,,,,,,,,,,1380,,,timeout,wall-clock exceeded 1380s,,
3917,kc1,openml_task,amlb,classification,autofeat,2,1200,,,,,,,,,,,,,1380,,,timeout,wall-clock exceeded 1380s,,
9952,phoneme,openml_task,amlb,classification,featuretools,2,1200,4323,1081,5,110,105,0.963429236791253,binary_roc_auc,True,0.9559474457859183,0.00782657146929631,0.5495524406433105,0.32407665252685547,9.719187021255493,368.42578125,396,ok,,upstream-1.x,{}
3917,kc1,openml_task,amlb,classification,tabularaml,2,1200,,,,,,,,,,,,,1380,,,timeout,wall-clock exceeded 1380s,,
3917,kc1,openml_task,amlb,classification,nofe,3,1200,,,,,,,,,,,,,1380,,,timeout,wall-clock exceeded 1380s,,
3917,kc1,openml_task,amlb,classification,autofeat,3,1200,,,,,,,,,,,,,1380,,,timeout,wall-clock exceeded 1380s,,
9946,wdbc,openml_task,amlb,classification,tabularaml,2,1200,455,114,30,35,5,0.9914021164021164,binary_roc_auc,True,0.9927248677248677,-0.0013324450366421965,269.0162329673767,0.015861034393310547,278.46541023254395,348.546875,137,ok,,0.2.0,"{""mode"": ""medium"", ""elapsed_time"": 268.63486909866333, ""n_init_feats"": 30, ""n_added_feats"": 5, ""initial_metric"": null, ""final_metric"": 0.9961669829222011, ""pct_gain"": 0.0029698345337804428}"
3917,kc1,openml_task,amlb,classification,tabularaml,3,1200,,,,,,,,,,,,,1380,,,timeout,wall-clock exceeded 1380s,,
3917,kc1,openml_task,amlb,classification,autofeat,4,1200,,,,,,,,,,,,,1380,,,timeout,wall-clock exceeded 1380s,,
9952,phoneme,openml_task,amlb,classification,openfe,3,1200,4323,1081,5,92,87,0.9570870563363998,binary_roc_auc,True,,,6.036671161651611,0.8494019508361816,38.730618715286255,362.96484375,252,ok,,upstream-0.0.12,{}
9952,phoneme,openml_task,amlb,classification,nofe,4,1200,4323,1081,5,5,0,0.9621822716236974,binary_roc_auc,True,0.9621822716236974,0.0,0.0059070587158203125,9.298324584960938e-05,11.412230491638184,340.25,491,ok,,1.0.0,{}
3917,kc1,openml_task,amlb,classification,tabularaml,4,1200,,,,,,,,,,,,,1380,,,timeout,wall-clock exceeded 1380s,,
9952,phoneme,openml_task,amlb,classification,openfe,4,1200,4323,1081,5,92,87,0.9635035592184584,binary_roc_auc,True,0.9621822716236974,0.0013732196421903818,7.852782964706421,0.8844273090362549,20.299922704696655,358.56640625,342,ok,,upstream-0.0.12,{}
3918,pc1,openml_task,amlb,classification,autofeat,0,1200,,,,,,,,,,,,,1380,,,timeout,wall-clock exceeded 1380s,,
9957,qsar-biodeg,openml_task,amlb,classification,nofe,0,1200,844,211,41,41,0,0.9102112676056338,binary_roc_auc,True,0.9102112676056338,0.0,0.006145000457763672,0.00012350082397460938,14.041936159133911,331.09765625,27,ok,,1.0.0,{}
9952,phoneme,openml_task,amlb,classification,featuretools,1,1200,4323,1081,5,110,105,0.955662543148298,binary_roc_auc,True,0.9460047566353411,0.010209025319604933,0.6657009124755859,0.29400205612182617,133.1538474559784,370.51171875,347,ok,,upstream-1.x,{}
3918,pc1,openml_task,amlb,classification,tabularaml,0,1200,,,,,,,,,,,,,1380,,,timeout,wall-clock exceeded 1380s,,
3918,pc1,openml_task,amlb,classification,openfe,1,1200,,,,,,,,,,,,,1380,,,timeout,wall-clock exceeded 1380s,,
9952,phoneme,openml_task,amlb,classification,tabularaml,0,1200,4323,1081,5,11,6,0.9588253753282573,binary_roc_auc,True,0.9547252547607643,0.0042945554724226846,99.28562617301941,0.009156227111816406,186.5112636089325,359.390625,309,ok,,0.2.0,"{""mode"": ""medium"", ""elapsed_time"": 98.357666015625, ""n_init_feats"": 5, ""n_added_feats"": 6, ""initial_metric"": null, ""final_metric"": 0.950314972708403, ""pct_gain"": 0.009462944629040307}"
7592,adult,openml_task,amlb,classification,openfe,0,1200,39073,9769,14,557,543,0.9172321485410285,binary_roc_auc,True,,,221.71029543876648,77.07478666305542,1252.251960515976,1120.64453125,90,ok,,upstream-0.0.12,{}
9957,qsar-biodeg,openml_task,amlb,classification,nofe,1,1200,844,211,41,41,0,0.9436619718309859,binary_roc_auc,True,0.9436619718309859,0.0,0.008925676345825195,0.00014901161193847656,23.246229648590088,328.98828125,204,ok,,1.0.0,{}
7592,adult,openml_task,amlb,classification,featuretools,4,1200,39073,9769,14,155,141,0.9289530403406809,binary_roc_auc,True,0.9291311833913349,-0.00019173078445583667,2.142084836959839,1.0444581508636475,856.6517958641052,534.03515625,200,ok,,upstream-1.x,{}
9952,phoneme,openml_task,amlb,classification,featuretools,3,1200,4323,1081,5,110,105,0.9557822848365732,binary_roc_auc,True,,,0.7131915092468262,0.4657578468322754,135.99865674972534,365.578125,271,ok,,upstream-1.x,{}
7592,adult,openml_task,amlb,classification,nofe,0,1200,39073,9769,14,14,0,0.9275308889689333,binary_roc_auc,True,0.9275308889689333,0.0,0.019130945205688477,0.0006449222564697266,1280.730167388916,363.47265625,349,ok,,1.0.0,{}
7592,adult,openml_task,amlb,classification,tabularaml,3,1200,39073,9769,14,16,2,0.9320284973625044,binary_roc_auc,True,0.9310508690215165,0.0010500267746007762,368.1645681858063,0.038515567779541016,992.1884648799896,450.40234375,303,ok,,0.2.0,"{""mode"": ""medium"", ""elapsed_time"": 361.38705945014954, ""n_init_feats"": 14, ""n_added_feats"": 2, ""initial_metric"": null, ""final_metric"": 0.9281364126836251, ""pct_gain"": 0.0008300463238607654}"
3918,pc1,openml_task,amlb,classification,autofeat,4,1200,887,222,21,23,2,0.8979066022544283,binary_roc_auc,True,,,638.0624368190765,0.017171144485473633,1318.228567123413,551.265625,42,ok,,upstream-2.1.x,{}
9952,phoneme,openml_task,amlb,classification,tabularaml,1,1200,4323,1081,5,9,4,0.9506829405255421,binary_roc_auc,True,0.9460047566353411,0.004945201234336222,232.45246648788452,0.007781505584716797,235.89638257026672,276.7734375,455,ok,,0.2.0,"{""mode"": ""medium"", ""elapsed_time"": 231.51777839660645, ""n_init_feats"": 5, ""n_added_feats"": 4, ""initial_metric"": null, ""final_metric"": 0.9493195015908542, ""pct_gain"": 0.010435747367705375}"
9952,phoneme,openml_task,amlb,classification,nofe,3,1200,4323,1081,5,5,0,0.9566989281054388,binary_roc_auc,True,0.9566989281054388,0.0,0.0042629241943359375,4.863739013671875e-05,2.9535858631134033,336.43359375,485,ok,,1.0.0,{}
29,credit-approval,openml_task,amlb,classification,featuretools,2,1200,552,138,15,,,,,,,,1.0943024158477783,,3.395540475845337,,,crash,TypeError: boolean value of NA is ambiguous,upstream-1.x,
29,credit-approval,openml_task,amlb,classification,featuretools,1,1200,552,138,15,,,,,,,,0.9163651466369629,,3.5634448528289795,,,crash,TypeError: boolean value of NA is ambiguous,upstream-1.x,
3918,pc1,openml_task,amlb,classification,nofe,4,1200,887,222,21,21,0,0.9175523349436393,binary_roc_auc,True,0.9175523349436393,0.0,0.0047092437744140625,0.0001227855682373047,3.7105495929718018,330.33203125,40,ok,,1.0.0,{}
29,credit-approval,openml_task,amlb,classification,featuretools,4,1200,552,138,15,,,,,,,,0.9371092319488525,,3.885110378265381,,,crash,TypeError: boolean value of NA is ambiguous,upstream-1.x,
9952,phoneme,openml_task,amlb,classification,featuretools,4,1200,4323,1081,5,110,105,0.9605224040827787,binary_roc_auc,True,0.9621822716236974,-0.0017251071755018763,0.7982819080352783,0.19846415519714355,7.908752679824829,368.390625,281,ok,,upstream-1.x,{}
9952,phoneme,openml_task,amlb,classification,featuretools,0,1200,4323,1081,5,110,105,0.960530662130246,binary_roc_auc,True,0.9547252547607644,0.006080709963974152,0.4225006103515625,0.185744047164917,8.638715028762817,363.08984375,355,ok,,upstream-1.x,{}
9957,qsar-biodeg,openml_task,amlb,classification,nofe,2,1200,844,211,41,41,0,0.9174044265593562,binary_roc_auc,True,0.9174044265593562,0.0,0.0039675235748291016,6.246566772460938e-05,2.2543342113494873,334.33203125,94,ok,,1.0.0,{}
3904,jm1,openml_task,amlb,classification,featuretools,1,1200,8708,2177,21,,,,,,,,6.016692638397217,,11.965165138244629,,,crash,TypeConversionError: Error converting datatype for uniq_Op from type float64 to type Int64. Please confirm the underlying data is consistent with logical type IntegerNullable.,upstream-1.x,
3904,jm1,openml_task,amlb,classification,featuretools,2,1200,8708,2177,21,,,,,,,,6.63140606880188,,12.72342038154602,,,crash,TypeConversionError: Error converting datatype for uniq_Op from type float64 to type Int64. Please confirm the underlying data is consistent with logical type IntegerNullable.,upstream-1.x,
9957,qsar-biodeg,openml_task,amlb,classification,nofe,3,1200,844,211,41,41,0,0.9099597585513078,binary_roc_auc,True,0.9099597585513078,0.0,0.01682567596435547,0.00028824806213378906,2.2107794284820557,332.3359375,85,ok,,1.0.0,{}
9952,phoneme,openml_task,amlb,classification,openfe,2,1200,4323,1081,5,91,86,0.9644202024873239,binary_roc_auc,True,0.9559474457859184,0.00886320345198444,5.787792444229126,0.9341368675231934,15.416936159133911,359.96875,314,ok,,upstream-0.0.12,{}
3918,pc1,openml_task,amlb,classification,featuretools,3,1200,887,222,21,2078,2057,0.909500805152979,binary_roc_auc,True,0.8826086956521739,0.030468892537858012,3.272228479385376,3.6550559997558594,16.749905824661255,460.125,15,ok,,upstream-1.x,{}
9952,phoneme,openml_task,amlb,classification,openfe,0,1200,4323,1081,5,92,87,0.9601838241366211,binary_roc_auc,True,0.9547252547607644,0.0057174243046754425,6.553717136383057,0.9763889312744141,16.950955390930176,363.96875,314,ok,,upstream-0.0.12,{}
7592,adult,openml_task,amlb,classification,featuretools,2,1200,39073,9769,14,155,141,0.9289796610711907,binary_roc_auc,True,0.9287008197112896,0.00030024885730990094,2.437783718109131,1.1269214153289795,19.870383977890015,522.39453125,283,ok,,upstream-1.x,{}
9957,qsar-biodeg,openml_task,amlb,classification,nofe,4,1200,844,211,41,41,0,0.9511066398390342,binary_roc_auc,True,0.9511066398390342,0.0,0.006566047668457031,0.0001277923583984375,2.8112380504608154,330.7421875,185,ok,,1.0.0,{}
53,vehicle,openml_task,amlb,multiclass,tabularaml,4,1200,676,170,18,,,,,,,,,,38.35353064537048,,,crash,ValueError: Input X contains infinity or a value too large for dtype('float64').,0.2.0,
9946,wdbc,openml_task,amlb,classification,featuretools,3,1200,455,114,30,3440,3410,0.9996693121693122,binary_roc_auc,True,0.9996693121693122,0.0,5.902688503265381,10.187625646591187,42.660622358322144,486.60546875,250,ok,,upstream-1.x,{}
9960,wall-robot-navigation,openml_task,amlb,multiclass,nofe,0,1200,4364,1092,24,24,0,0.008016406342097574,categorical_crossentropy,False,0.008016406342097574,-0.0,0.008513212203979492,0.00026154518127441406,10.259676933288574,354.2734375,337,ok,,1.0.0,{}
9946,wdbc,openml_task,amlb,classification,openfe,0,1200,455,114,30,1558,1528,0.988425925925926,binary_roc_auc,True,0.9910714285714286,-0.0026693360026692516,44.73775553703308,9.463653802871704,69.50660133361816,391.67578125,255,ok,,upstream-0.0.12,{}
9957,qsar-biodeg,openml_task,amlb,classification,featuretools,0,1200,844,211,41,7437,7396,0.9293259557344065,binary_roc_auc,True,0.9102112676056338,0.02100027631942533,11.43447208404541,19.91775345802307,74.71029663085938,713.8984375,29,ok,,upstream-1.x,{}
9957,qsar-biodeg,openml_task,amlb,classification,featuretools,1,1200,844,211,41,7440,7399,0.9442655935613682,binary_roc_auc,True,0.943661971830986,0.0006396588486139707,13.383007526397705,15.21236252784729,75.16658210754395,716.51171875,72,ok,,upstream-1.x,{}
29,credit-approval,openml_task,amlb,classification,featuretools,2,1200,552,138,15,,,,,,,,0.9726541042327881,,4.848168849945068,,,crash,TypeError: boolean value of NA is ambiguous,upstream-1.x,
29,credit-approval,openml_task,amlb,classification,featuretools,4,1200,552,138,15,,,,,,,,0.9668340682983398,,5.286718845367432,,,crash,TypeError: boolean value of NA is ambiguous,upstream-1.x,
29,credit-approval,openml_task,amlb,classification,featuretools,1,1200,552,138,15,,,,,,,,1.08943772315979,,5.843216419219971,,,crash,TypeError: boolean value of NA is ambiguous,upstream-1.x,
3904,jm1,openml_task,amlb,classification,featuretools,1,1200,8708,2177,21,,,,,,,,7.16922664642334,,13.23427414894104,,,crash,TypeConversionError: Error converting datatype for uniq_Op from type float64 to type Int64. Please confirm the underlying data is consistent with logical type IntegerNullable.,upstream-1.x,
3904,jm1,openml_task,amlb,classification,featuretools,2,1200,8708,2177,21,,,,,,,,8.620424270629883,,14.431601524353027,,,crash,TypeConversionError: Error converting datatype for uniq_Op from type float64 to type Int64. Please confirm the underlying data is consistent with logical type IntegerNullable.,upstream-1.x,
9957,qsar-biodeg,openml_task,amlb,classification,featuretools,2,1200,844,211,41,7421,7380,0.9141851106639839,binary_roc_auc,True,0.9174044265593562,-0.0035091567057791897,15.475086688995361,22.683829307556152,89.17829012870789,717.63671875,45,ok,,upstream-1.x,{}
9957,qsar-biodeg,openml_task,amlb,classification,featuretools,3,1200,844,211,41,7437,7396,0.9007042253521126,binary_roc_auc,True,0.9099597585513078,-0.010171365395246084,14.812587022781372,25.086663722991943,99.86321759223938,718.70703125,53,ok,,upstream-1.x,{}
9960,wall-robot-navigation,openml_task,amlb,multiclass,nofe,1,1200,4364,1092,24,24,0,0.005252777116575355,categorical_crossentropy,False,0.005252777116575355,-0.0,0.006859779357910156,0.0004737377166748047,7.2108118534088135,363.53125,880,ok,,1.0.0,{}
9957,qsar-biodeg,openml_task,amlb,classification,featuretools,4,1200,844,211,41,7433,7392,0.9521126760563381,binary_roc_auc,True,0.9511066398390342,0.001057753331923061,19.052346229553223,22.18077850341797,106.11482763290405,716.4296875,180,ok,,upstream-1.x,{}
3918,pc1,openml_task,amlb,classification,openfe,4,1200,887,222,21,1741,1720,0.9178743961352658,binary_roc_auc,True,0.9175523349436392,0.0003510003510005462,86.38521218299866,23.456238269805908,129.9898338317871,463.01953125,20,ok,,upstream-0.0.12,{}
9946,wdbc,openml_task,amlb,classification,tabularaml,4,1200,455,114,30,32,2,0.9778439153439153,binary_roc_auc,True,0.980820105820106,-0.0030343897505059466,137.05952072143555,0.009195566177368164,141.67490363121033,342.96875,257,ok,,0.2.0,"{""mode"": ""medium"", ""elapsed_time"": 136.5409893989563, ""n_init_feats"": 30, ""n_added_feats"": 2, ""initial_metric"": null, ""final_metric"": 0.9966939943884915, ""pct_gain"": 0.0030851461851152074}"
9952,phoneme,openml_task,amlb,classification,tabularaml,3,1200,4323,1081,5,11,6,0.9590029233488034,binary_roc_auc,True,0.9566989281054388,0.0024082761835296416,176.2717785835266,0.011885881423950195,180.18128371238708,366.40234375,401,ok,,0.2.0,"{""mode"": ""medium"", ""elapsed_time"": 174.98533654212952, ""n_init_feats"": 5, ""n_added_feats"": 6, ""initial_metric"": null, ""final_metric"": 0.9527788523095264, ""pct_gain"": 0.0056067068259305596}"
9960,wall-robot-navigation,openml_task,amlb,multiclass,nofe,2,1200,4364,1092,24,24,0,0.013514141832867204,categorical_crossentropy,False,0.013514141832867204,-0.0,0.015012264251708984,0.0003743171691894531,7.702160835266113,363.2109375,1115,ok,,1.0.0,{}
9957,qsar-biodeg,openml_task,amlb,classification,openfe,0,1200,844,211,41,2037,1996,0.9358651911468813,binary_roc_auc,True,0.9102112676056338,0.028184581376070772,157.04324626922607,20.790324211120605,197.41493725776672,476.86328125,33,ok,,upstream-0.0.12,{}
9957,qsar-biodeg,openml_task,amlb,classification,openfe,3,1200,844,211,41,2012,1971,0.9075452716297788,binary_roc_auc,True,0.9099597585513078,-0.0026533996683248636,154.47786021232605,19.19750714302063,203.2270336151123,480.03515625,85,ok,,upstream-0.0.12,{}
9957,qsar-biodeg,openml_task,amlb,classification,openfe,2,1200,844,211,41,2036,1995,0.9189134808853118,binary_roc_auc,True,0.9174044265593562,0.0016449172058338325,174.1518371105194,22.615110397338867,218.23468804359436,474.95703125,57,ok,,upstream-0.0.12,{}
9946,wdbc,openml_task,amlb,classification,tabularaml,1,1200,455,114,30,32,2,0.9917328042328042,binary_roc_auc,True,0.9907407407407408,0.0010013351134845305,215.7551028728485,0.01272273063659668,219.61896204948425,346.765625,85,ok,,0.2.0,"{""mode"": ""medium"", ""elapsed_time"": 215.11881685256958, ""n_init_feats"": 30, ""n_added_feats"": 2, ""initial_metric"": null, ""final_metric"": 0.9956092379052531, ""pct_gain"": 0.0044401793491200044}"
9960,wall-robot-navigation,openml_task,amlb,multiclass,featuretools,0,1200,4364,1092,24,2847,2823,0.005337797588970303,categorical_crossentropy,False,0.0080164063420975,0.33414084052360254,5.8475501537323,6.940587282180786,208.681254863739,630.7421875,264,ok,,upstream-1.x,{}
9960,wall-robot-navigation,openml_task,amlb,multiclass,nofe,3,1200,4364,1092,24,24,0,0.0033071442072125784,categorical_crossentropy,False,0.0033071442072125784,-0.0,0.009499788284301758,0.0006234645843505859,6.109198570251465,355.46484375,594,ok,,1.0.0,{}
9957,qsar-biodeg,openml_task,amlb,classification,openfe,4,1200,844,211,41,2038,1997,0.9523138832997988,binary_roc_auc,True,0.9511066398390342,0.0012693039983076263,150.59229564666748,18.29401659965515,236.35828638076782,483.93359375,167,ok,,upstream-0.0.12,{}
9952,phoneme,openml_task,amlb,classification,tabularaml,4,1200,4323,1081,5,11,6,0.9616991758468628,binary_roc_auc,True,0.9621822716236974,-0.0005020834316759485,237.98815202713013,0.010280847549438477,242.36364555358887,368.20703125,467,ok,,0.2.0,"{""mode"": ""medium"", ""elapsed_time"": 236.7650020122528, ""n_init_feats"": 5, ""n_added_feats"": 6, ""initial_metric"": null, ""final_metric"": 0.9466817006771532, ""pct_gain"": 0.005775416336413594}"
9957,qsar-biodeg,openml_task,amlb,classification,tabularaml,2,1200,844,211,41,44,3,0.9078470824949698,binary_roc_auc,True,0.9174044265593562,-0.010417808970281868,242.29500889778137,0.008910894393920898,245.7260103225708,352.2109375,99,ok,,0.2.0,"{""mode"": ""medium"", ""elapsed_time"": 241.81835103034973, ""n_init_feats"": 41, ""n_added_feats"": 3, ""initial_metric"": null, ""final_metric"": 0.9365473843764466, ""pct_gain"": 0.01458203503261537}"
9952,phoneme,openml_task,amlb,classification,tabularaml,2,1200,4323,1081,5,10,5,0.9573017655705486,binary_roc_auc,True,0.9559474457859184,0.0014167303763406706,241.66812992095947,0.011886119842529297,247.27422189712524,373.11328125,266,ok,,0.2.0,"{""mode"": ""medium"", ""elapsed_time"": 240.39725804328918, ""n_init_feats"": 5, ""n_added_feats"": 5, ""initial_metric"": null, ""final_metric"": 0.946957350617917, ""pct_gain"": 0.003328445936599892}"
9957,qsar-biodeg,openml_task,amlb,classification,tabularaml,4,1200,844,211,41,44,3,0.9529175050301811,binary_roc_auc,True,0.9511066398390342,0.0019039559974614395,237.50624346733093,0.012814760208129883,241.49370503425598,351.04296875,152,ok,,0.2.0,"{""mode"": ""medium"", ""elapsed_time"": 236.86282348632812, ""n_init_feats"": 41, ""n_added_feats"": 3, ""initial_metric"": null, ""final_metric"": 0.9181318937323596, ""pct_gain"": 0.006695981261181053}"
9960,wall-robot-navigation,openml_task,amlb,multiclass,nofe,4,1200,4364,1092,24,24,0,0.010262408473752843,categorical_crossentropy,False,0.010262408473752843,-0.0,0.007684230804443359,0.0002105236053466797,11.425416231155396,376.4296875,1585,ok,,1.0.0,{}
3918,pc1,openml_task,amlb,classification,tabularaml,3,1200,887,222,21,30,9,0.8032206119162639,binary_roc_auc,True,0.8826086956521739,-0.08994708994709015,275.321772813797,0.023097991943359375,278.3498725891113,351.99609375,2000,ok,,0.2.0,"{""mode"": ""medium"", ""elapsed_time"": 274.6778998374939, ""n_init_feats"": 21, ""n_added_feats"": 9, ""initial_metric"": null, ""final_metric"": 0.910497398710486, ""pct_gain"": 0.03141749143154979}"
9957,qsar-biodeg,openml_task,amlb,classification,openfe,1,1200,844,211,41,2037,1996,0.9459758551307846,binary_roc_auc,True,0.943661971830986,0.0024520255863537898,215.0668969154358,20.574569702148438,279.5293998718262,473.953125,78,ok,,upstream-0.0.12,{}
9946,wdbc,openml_task,amlb,classification,tabularaml,0,1200,455,114,30,38,8,0.9857804232804233,binary_roc_auc,True,0.9910714285714286,-0.005338672005338728,283.13749170303345,0.01601243019104004,289.4354884624481,344.53125,657,ok,,0.2.0,"{""mode"": ""medium"", ""elapsed_time"": 282.7509708404541, ""n_init_feats"": 30, ""n_added_feats"": 8, ""initial_metric"": null, ""final_metric"": 0.9953075787800646, ""pct_gain"": 0.011262362663269984}"
9964,semeion,openml_task,amlb,multiclass,nofe,0,1200,1274,319,256,256,0,0.1639779015345412,categorical_crossentropy,False,0.1639779015345412,-0.0,0.006818532943725586,0.0004944801330566406,9.04960322380066,380.3671875,694,ok,,1.0.0,{}
9957,qsar-biodeg,openml_task,amlb,classification,tabularaml,3,1200,844,211,41,46,5,0.9082494969818914,binary_roc_auc,True,0.9099597585513078,-0.001879491431730183,326.8573491573334,0.02014446258544922,330.4274790287018,349.48828125,86,ok,,0.2.0,"{""mode"": ""medium"", ""elapsed_time"": 326.1404643058777, ""n_init_feats"": 41, ""n_added_feats"": 5, ""initial_metric"": null, ""final_metric"": 0.9403437943341846, ""pct_gain"": 0.01477286728265827}"
9946,wdbc,openml_task,amlb,classification,tabularaml,3,1200,455,114,30,35,5,1.0,binary_roc_auc,True,0.9996693121693122,0.00033079722130330286,327.53588247299194,0.020285844802856445,338.5251359939575,348.30859375,376,ok,,0.2.0,"{""mode"": ""medium"", ""elapsed_time"": 326.93348026275635, ""n_init_feats"": 30, ""n_added_feats"": 5, ""initial_metric"": null, ""final_metric"": 0.9926459235472518, ""pct_gain"": 0.007419995281437832}"
9960,wall-robot-navigation,openml_task,amlb,multiclass,openfe,0,1200,4364,1092,24,1816,1792,0.00560202147054232,categorical_crossentropy,False,0.0080164063420975,0.30118045025689827,224.77565670013428,14.88369083404541,352.63432121276855,743.85546875,256,ok,,upstream-0.0.12,{}
9964,semeion,openml_task,amlb,multiclass,nofe,1,1200,1274,319,256,256,0,0.1955388151231473,categorical_crossentropy,False,0.1955388151231473,-0.0,0.005774259567260742,0.000152587890625,13.251770496368408,374.5,615,ok,,1.0.0,{}
7592,adult,openml_task,amlb,classification,tabularaml,2,1200,39073,9769,14,16,2,0.9301785436566744,binary_roc_auc,True,0.9287008197112896,0.0015911732971703423,396.18688917160034,0.06189703941345215,402.5582664012909,417.3359375,264,ok,,0.2.0,"{""mode"": ""medium"", ""elapsed_time"": 385.8793399333954, ""n_init_feats"": 14, ""n_added_feats"": 2, ""initial_metric"": null, ""final_metric"": 0.9285784478688874, ""pct_gain"": 0.00023254275665554938}"
9957,qsar-biodeg,openml_task,amlb,classification,tabularaml,1,1200,844,211,41,47,6,0.9481891348088531,binary_roc_auc,True,0.943661971830986,0.004797441364605487,407.62448835372925,0.01677083969116211,413.2153785228729,352.1796875,128,ok,,0.2.0,"{""mode"": ""medium"", ""elapsed_time"": 406.9058530330658, ""n_init_feats"": 41, ""n_added_feats"": 6, ""initial_metric"": null, ""final_metric"": 0.9316900676492988, ""pct_gain"": 0.011728433793948887}"
53,vehicle,openml_task,amlb,multiclass,tabularaml,4,1200,676,170,18,25,7,0.5493088448365383,categorical_crossentropy,False,0.5533786327304209,0.007354436281361035,454.27660608291626,0.01562643051147461,459.31613636016846,348.35546875,107,ok,,0.2.0,"{""mode"": ""medium"", ""elapsed_time"": 453.1145775318146, ""n_init_feats"": 18, ""n_added_feats"": 7, ""initial_metric"": null, ""final_metric"": 0.5159774434066218, ""pct_gain"": 0.1998247291089864}"
7592,adult,openml_task,amlb,classification,openfe,1,1200,39073,9769,14,542,528,0.9220955401613866,binary_roc_auc,True,0.934011324487538,-0.012757644381548775,304.233021736145,126.01264977455139,505.44189524650574,1056.859375,71,ok,,upstream-0.0.12,{}
7592,adult,openml_task,amlb,classification,tabularaml,4,1200,39073,9769,14,17,3,0.9301222228246661,binary_roc_auc,True,0.9291311833913348,0.0010666302574346184,501.52921533584595,0.07771682739257812,512.485319852829,441.53515625,261,ok,,0.2.0,"{""mode"": ""medium"", ""elapsed_time"": 490.6168749332428, ""n_init_feats"": 14, ""n_added_feats"": 3, ""initial_metric"": null, ""final_metric"": 0.9285431171212075, ""pct_gain"": 0.000898511772644772}"
9964,semeion,openml_task,amlb,multiclass,nofe,2,1200,1274,319,256,256,0,0.21357855074667645,categorical_crossentropy,False,0.21357855074667645,-0.0,0.010186195373535156,0.0002682209014892578,8.881462574005127,379.73828125,680,ok,,1.0.0,{}
9957,qsar-biodeg,openml_task,amlb,classification,tabularaml,0,1200,844,211,41,53,12,0.916851106639839,binary_roc_auc,True,0.9102112676056338,0.007294832826747781,634.0240421295166,0.024689435958862305,637.7742297649384,353.44921875,38,ok,,0.2.0,"{""mode"": ""medium"", ""elapsed_time"": 589.5044479370117, ""n_init_feats"": 41, ""n_added_feats"": 12, ""initial_metric"": null, ""final_metric"": 0.945412474052835, ""pct_gain"": 0.00498478047551082}"
9960,wall-robot-navigation,openml_task,amlb,multiclass,openfe,2,1200,4364,1092,24,1814,1790,0.008009884408598377,categorical_crossentropy,False,0.013514141832867204,0.4072961119056885,289.7911260128021,14.49568486213684,504.81483578681946,741.6640625,204,ok,,upstream-0.0.12,{}
9960,wall-robot-navigation,openml_task,amlb,multiclass,openfe,3,1200,4364,1092,24,1814,1790,0.007602115772292714,categorical_crossentropy,False,0.0033071442072125784,-1.2986949754755768,212.8812599182129,15.818855047225952,472.02863907814026,741.16015625,1794,ok,,upstream-0.0.12,{}
9964,semeion,openml_task,amlb,multiclass,nofe,3,1200,1274,319,256,256,0,0.21690629112540064,categorical_crossentropy,False,0.21690629112540064,-0.0,0.006208658218383789,0.00012683868408203125,7.876601696014404,359.47265625,307,ok,,1.0.0,{}
9960,wall-robot-navigation,openml_task,amlb,multiclass,featuretools,2,1200,4364,1092,24,2849,2825,0.011885673399241495,categorical_crossentropy,False,0.013514141832867204,0.1205010613152791,7.214177370071411,8.726632833480835,543.4713671207428,825.65625,996,ok,,upstream-1.x,{}
9960,wall-robot-navigation,openml_task,amlb,multiclass,openfe,1,1200,4364,1092,24,1816,1792,0.0007058989403458826,categorical_crossentropy,False,0.005252777116575355,0.8656141456833587,267.8721969127655,15.186827898025513,642.9884977340698,740.34375,1998,ok,,upstream-0.0.12,{}
9960,wall-robot-navigation,openml_task,amlb,multiclass,featuretools,3,1200,4364,1092,24,2850,2826,0.007757695409392722,categorical_crossentropy,False,0.0033071442072125784,-1.3457384750486234,5.9184653759002686,8.086193084716797,540.5246636867523,825.765625,728,ok,,upstream-1.x,{}
9960,wall-robot-navigation,openml_task,amlb,multiclass,openfe,4,1200,4364,1092,24,1816,1792,0.010240805296661042,categorical_crossentropy,False,0.010262408473752843,0.0021050786613156032,237.68457198143005,16.463274002075195,553.4515519142151,672.515625,724,ok,,upstream-0.0.12,{}
9964,semeion,openml_task,amlb,multiclass,nofe,4,1200,1274,319,256,256,0,0.16530081424566545,categorical_crossentropy,False,0.16530081424566545,-0.0,0.007135152816772461,0.00014209747314453125,9.2688570022583,374.55859375,514,ok,,1.0.0,{}
9960,wall-robot-navigation,openml_task,amlb,multiclass,tabularaml,0,1200,4364,1092,24,28,4,0.008965855547353135,categorical_crossentropy,False,0.0080164063420975,-0.11843825833399695,742.9858248233795,0.014582633972167969,749.451308965683,367.9296875,310,ok,,0.2.0,"{""mode"": ""medium"", ""elapsed_time"": 734.0863749980927, ""n_init_feats"": 24, ""n_added_feats"": 4, ""initial_metric"": null, ""final_metric"": 0.019713851296547825, ""pct_gain"": 0.3673051574324744}"
9960,wall-robot-navigation,openml_task,amlb,multiclass,featuretools,4,1200,4364,1092,24,2846,2822,0.006928216052392433,categorical_crossentropy,False,0.010262408473752843,0.32489375470562754,7.925613880157471,9.210184097290039,581.2917141914368,825.96484375,909,ok,,upstream-1.x,{}
9960,wall-robot-navigation,openml_task,amlb,multiclass,featuretools,1,1200,4364,1092,24,2849,2825,0.004832121047725078,categorical_crossentropy,False,0.005252777116575355,0.08008260383309994,6.263181209564209,6.226635932922363,751.1260800361633,827.55078125,1521,ok,,upstream-1.x,{}
23,cmc,openml_task,amlb,multiclass,tabularaml,4,1200,1178,295,9,14,5,0.9466855034737264,categorical_crossentropy,False,0.95379306797759,0.00745189364705115,903.7158229351044,0.02948164939880371,908.9321358203888,361.0546875,40,ok,,0.2.0,"{""mode"": ""medium"", ""elapsed_time"": 902.3623399734497, ""n_init_feats"": 9, ""n_added_feats"": 5, ""initial_metric"": null, ""final_metric"": 1.0158522370137582, ""pct_gain"": 0.017561874230120376}"
9971,ilpd,openml_task,amlb,classification,nofe,0,1200,466,117,10,10,0,0.7117292700212614,binary_roc_auc,True,0.7117292700212614,0.0,0.006345987319946289,0.00014328956604003906,3.109553098678589,327.8828125,3,ok,,1.0.0,{}
9910,Bioresponse,openml_task,amlb,classification,tabularaml,1,1200,3000,751,1776,1776,0,0.8738929204045482,binary_roc_auc,True,0.8738929204045482,0.0,903.938538312912,0.36921095848083496,923.2901589870453,790.640625,115,ok,,0.2.0,"{""mode"": ""medium"", ""elapsed_time"": 892.1283657550812, ""n_init_feats"": 1776, ""n_added_feats"": 0, ""initial_metric"": null, ""final_metric"": 0.8582488106487146, ""pct_gain"": 0.0007974503538812407}"
7592,adult,openml_task,amlb,classification,tabularaml,0,1200,39073,9769,14,22,8,0.9280439351989833,binary_roc_auc,True,0.9275308889689332,0.0005531311529909502,931.1254308223724,0.09067988395690918,945.7941205501556,463.109375,343,ok,,0.2.0,"{""mode"": ""medium"", ""elapsed_time"": 919.220948934555, ""n_init_feats"": 14, ""n_added_feats"": 8, ""initial_metric"": null, ""final_metric"": 0.9295901326033114, ""pct_gain"": 0.0006579419724312262}"
9971,ilpd,openml_task,amlb,classification,openfe,0,1200,466,117,10,458,448,0.8068745570517364,binary_roc_auc,True,0.7117292700212614,0.1336818521284543,20.453121423721313,4.918910264968872,31.308642387390137,355.31640625,20,ok,,upstream-0.0.12,{}
9971,ilpd,openml_task,amlb,classification,featuretools,0,1200,466,117,10,333,323,0.77462792345854,binary_roc_auc,True,0.7117292700212614,0.08837440876275844,1.2161335945129395,1.0419671535491943,7.230469226837158,361.0703125,7,ok,,upstream-1.x,{}
9910,Bioresponse,openml_task,amlb,classification,tabularaml,3,1200,3000,751,1776,1776,0,0.8763284955145422,binary_roc_auc,True,0.8763284955145422,0.0,937.8738996982574,0.3716857433319092,958.8366689682007,790.10546875,87,ok,,0.2.0,"{""mode"": ""medium"", ""elapsed_time"": 922.7971272468567, ""n_init_feats"": 1776, ""n_added_feats"": 0, ""initial_metric"": null, ""final_metric"": 0.8618765207231471, ""pct_gain"": 0.0}"
9971,ilpd,openml_task,amlb,classification,nofe,1,1200,466,117,10,10,0,0.7119064493267186,binary_roc_auc,True,0.7119064493267186,0.0,0.0075075626373291016,0.00020694732666015625,2.103944778442383,330.36328125,69,ok,,1.0.0,{}
9910,Bioresponse,openml_task,amlb,classification,tabularaml,2,1200,3000,751,1776,1776,0,0.8845780241129078,binary_roc_auc,True,0.8845780241129078,0.0,949.0212607383728,0.4672515392303467,965.659460067749,738.51171875,116,ok,,0.2.0,"{""mode"": ""medium"", ""elapsed_time"": 937.225823879242, ""n_init_feats"": 1776, ""n_added_feats"": 0, ""initial_metric"": null, ""final_metric"": 0.8610916348323675, ""pct_gain"": 0.0}"
9910,Bioresponse,openml_task,amlb,classification,tabularaml,0,1200,3000,751,1776,1776,0,0.8878349808582366,binary_roc_auc,True,0.8878349808582366,0.0,953.6111917495728,0.35167717933654785,975.5773966312408,789.53515625,181,ok,,0.2.0,"{""mode"": ""medium"", ""elapsed_time"": 942.2050266265869, ""n_init_feats"": 1776, ""n_added_feats"": 0, ""initial_metric"": null, ""final_metric"": 0.8567729123700631, ""pct_gain"": 0.0}"
9971,ilpd,openml_task,amlb,classification,featuretools,1,1200,466,117,10,332,322,0.738483345145287,binary_roc_auc,True,0.7119064493267186,0.037332005973120926,1.0728802680969238,1.010683536529541,10.120927333831787,360.93359375,46,ok,,upstream-1.x,{}
9971,ilpd,openml_task,amlb,classification,nofe,2,1200,466,117,10,10,0,0.6853295535081503,binary_roc_auc,True,0.6853295535081503,0.0,0.0036211013793945312,0.0023238658905029297,2.554948568344116,329.03515625,32,ok,,1.0.0,{}
9971,ilpd,openml_task,amlb,classification,openfe,1,1200,466,117,10,464,454,0.7363571934798017,binary_roc_auc,True,0.7119064493267186,0.03434544549527141,20.828327655792236,4.85547947883606,32.390034198760986,358.80078125,62,ok,,upstream-0.0.12,{}
9910,Bioresponse,openml_task,amlb,classification,tabularaml,4,1200,3000,751,1776,1776,0,0.8800282840980517,binary_roc_auc,True,0.8800282840980517,0.0,968.1474912166595,0.748183012008667,996.301938533783,821.3203125,130,ok,,0.2.0,"{""mode"": ""medium"", ""elapsed_time"": 951.5852205753326, ""n_init_feats"": 1776, ""n_added_feats"": 0, ""initial_metric"": null, ""final_metric"": 0.8636917922342757, ""pct_gain"": 0.0}"
9971,ilpd,openml_task,amlb,classification,featuretools,2,1200,466,117,10,334,324,0.7579730687455706,binary_roc_auc,True,0.6853295535081503,0.10599793174767325,1.1145119667053223,1.0450515747070312,9.562374353408813,359.1640625,29,ok,,upstream-1.x,{}
9971,ilpd,openml_task,amlb,classification,openfe,2,1200,466,117,10,426,416,0.7285613040396881,binary_roc_auc,True,0.6853295535081503,0.06308169596690782,22.831494569778442,4.947344064712524,34.965181827545166,355.1484375,42,ok,,upstream-0.0.12,{}
9971,ilpd,openml_task,amlb,classification,nofe,3,1200,466,117,10,10,0,0.7236002834868887,binary_roc_auc,True,0.7236002834868887,0.0,0.00871729850769043,0.0001552104949951172,2.7296485900878906,330.6640625,76,ok,,1.0.0,{}
9971,ilpd,openml_task,amlb,classification,openfe,3,1200,466,117,10,470,460,0.7345854004252304,binary_roc_auc,True,0.7236002834868887,0.015181194906954102,21.488831758499146,5.560553550720215,32.88912487030029,362.96484375,13,ok,,upstream-0.0.12,{}
9971,ilpd,openml_task,amlb,classification,tabularaml,1,1200,466,117,10,21,11,0.6764705882352942,binary_roc_auc,True,0.7119064493267186,-0.049776007964161234,87.34623861312866,0.025463104248046875,90.37545537948608,346.82421875,113,ok,,0.2.0,"{""mode"": ""medium"", ""elapsed_time"": 72.47523856163025, ""n_init_feats"": 10, ""n_added_feats"": 11, ""initial_metric"": null, ""final_metric"": 0.7548210922787194, ""pct_gain"": 0.055686883139332774}"
9971,ilpd,openml_task,amlb,classification,featuretools,3,1200,466,117,10,333,323,0.7214741318214033,binary_roc_auc,True,0.7236002834868887,-0.0029382957884425413,1.1039223670959473,1.021049976348877,9.738539218902588,360.4609375,39,ok,,upstream-1.x,{}
9971,ilpd,openml_task,amlb,classification,tabularaml,0,1200,466,117,10,20,10,0.7902197023387668,binary_roc_auc,True,0.7117292700212614,0.1102813044560619,129.3236665725708,0.0382230281829834,132.46635055541992,349.0,4,ok,,0.2.0,"{""mode"": ""medium"", ""elapsed_time"": 119.92086625099182, ""n_init_feats"": 10, ""n_added_feats"": 10, ""initial_metric"": null, ""final_metric"": 0.7492278719397362, ""pct_gain"": 0.07700793419241066}"
9971,ilpd,openml_task,amlb,classification,nofe,4,1200,466,117,10,10,0,0.7041105598866052,binary_roc_auc,True,0.7041105598866052,0.0,0.0075495243072509766,0.00017786026000976562,2.7555389404296875,330.73828125,30,ok,,1.0.0,{}
9971,ilpd,openml_task,amlb,classification,tabularaml,2,1200,466,117,10,22,12,0.6392629340892984,binary_roc_auc,True,0.6853295535081503,-0.06721820062047577,78.0033700466156,0.025218725204467773,80.97335529327393,347.53515625,55,ok,,0.2.0,"{""mode"": ""medium"", ""elapsed_time"": 67.41266918182373, ""n_init_feats"": 10, ""n_added_feats"": 12, ""initial_metric"": null, ""final_metric"": 0.8021257062146894, ""pct_gain"": 0.11936650436071151}"
3918,pc1,openml_task,amlb,classification,autofeat,3,1200,887,222,21,23,2,0.8285024154589372,binary_roc_auc,True,0.8826086956521739,-0.06130268199233716,1092.9052777290344,0.02548360824584961,1099.2496988773346,554.0,2000,ok,,upstream-2.1.x,{}
9971,ilpd,openml_task,amlb,classification,featuretools,4,1200,466,117,10,326,316,0.7122608079376329,binary_roc_auc,True,0.7041105598866052,0.011575239053850123,1.06101655960083,0.8120880126953125,6.666986703872681,362.58203125,58,ok,,upstream-1.x,{}
9971,ilpd,openml_task,amlb,classification,autofeat,0,1200,466,117,10,16,6,0.7416725726435153,binary_roc_auc,True,0.7117292700212614,0.042071197411003444,207.21208453178406,0.02137446403503418,209.91184067726135,528.31640625,14,ok,,upstream-2.1.x,{}
9971,ilpd,openml_task,amlb,classification,openfe,4,1200,466,117,10,489,479,0.6917080085046067,binary_roc_auc,True,0.7041105598866052,-0.017614494212380396,25.321277856826782,7.030046463012695,37.81537461280823,354.2578125,27,ok,,upstream-0.0.12,{}
9976,madelon,openml_task,amlb,classification,nofe,0,1200,2080,520,500,500,0,0.8942455621301775,binary_roc_auc,True,0.8942455621301775,0.0,0.018217086791992188,0.0030362606048583984,12.431650161743164,434.08203125,87,ok,,1.0.0,{}
9960,wall-robot-navigation,openml_task,amlb,multiclass,tabularaml,2,1200,4364,1092,24,30,6,0.014547577098964072,categorical_crossentropy,False,0.013514141832867204,-0.07647065413976128,925.9521610736847,0.016700029373168945,936.9572582244873,403.47265625,1795,ok,,0.2.0,"{""mode"": ""medium"", ""elapsed_time"": 918.2255580425262, ""n_init_feats"": 24, ""n_added_feats"": 6, ""initial_metric"": null, ""final_metric"": 0.014408642501797967, ""pct_gain"": 0.08855307527347034}"
9960,wall-robot-navigation,openml_task,amlb,multiclass,tabularaml,3,1200,4364,1092,24,24,0,0.0033071442072125784,categorical_crossentropy,False,0.0033071442072125784,-0.0,941.546751499176,0.0035305023193359375,947.3257374763489,367.31640625,594,ok,,0.2.0,"{""mode"": ""medium"", ""elapsed_time"": 936.5282084941864, ""n_init_feats"": 24, ""n_added_feats"": 0, ""initial_metric"": null, ""final_metric"": 0.020690745314661047, ""pct_gain"": 0.11313949504704116}"
9971,ilpd,openml_task,amlb,classification,tabularaml,3,1200,466,117,10,22,12,0.710843373493976,binary_roc_auc,True,0.7236002834868887,-0.017629774730656016,115.64002776145935,0.02810192108154297,118.38368964195251,351.01953125,65,ok,,0.2.0,"{""mode"": ""medium"", ""elapsed_time"": 107.71420121192932, ""n_init_feats"": 10, ""n_added_feats"": 12, ""initial_metric"": null, ""final_metric"": 0.8043385122410547, ""pct_gain"": 0.09091750699627558}"
9960,wall-robot-navigation,openml_task,amlb,multiclass,tabularaml,4,1200,4364,1092,24,30,6,0.010847249052555638,categorical_crossentropy,False,0.010262408473752843,-0.0569886279910398,919.4478576183319,0.013110160827636719,928.7370290756226,398.9375,1698,ok,,0.2.0,"{""mode"": ""medium"", ""elapsed_time"": 912.3479597568512, ""n_init_feats"": 24, ""n_added_feats"": 6, ""initial_metric"": null, ""final_metric"": 0.014329487743519479, ""pct_gain"": 0.331161127518715}"
9976,madelon,openml_task,amlb,classification,nofe,1,1200,2080,520,500,500,0,0.8904289940828403,binary_roc_auc,True,0.8904289940828403,0.0,0.03195834159851074,0.0050966739654541016,26.851526498794556,310.16796875,153,ok,,1.0.0,{}
9971,ilpd,openml_task,amlb,classification,autofeat,2,1200,466,117,10,17,7,0.6778880226789511,binary_roc_auc,True,0.6853295535081503,-0.010858324715615354,240.22126388549805,0.029448747634887695,249.17036962509155,406.72265625,58,ok,,upstream-2.1.x,{}
9971,ilpd,openml_task,amlb,classification,tabularaml,4,1200,466,117,10,20,10,0.689227498228207,binary_roc_auc,True,0.7041105598866052,-0.021137393054856506,147.91316151618958,0.028104305267333984,150.86978149414062,250.16796875,29,ok,,0.2.0,"{""mode"": ""medium"", ""elapsed_time"": 137.52360558509827, ""n_init_feats"": 10, ""n_added_feats"": 10, ""initial_metric"": null, ""final_metric"": 0.8076953860640301, ""pct_gain"": 0.09494252451408353}"
9960,wall-robot-navigation,openml_task,amlb,multiclass,tabularaml,1,1200,4364,1092,24,37,13,0.006548541430944809,categorical_crossentropy,False,0.005252777116575355,-0.24668176197322667,1115.5857360363007,0.017815113067626953,1122.3189668655396,267.43359375,649,ok,,0.2.0,"{""mode"": ""medium"", ""elapsed_time"": 922.7850649356842, ""n_init_feats"": 24, ""n_added_feats"": 13, ""initial_metric"": null, ""final_metric"": 0.017700140610584513, ""pct_gain"": 0.1480222542286361}"
9971,ilpd,openml_task,amlb,classification,autofeat,1,1200,466,117,10,17,7,0.6924167257264352,binary_roc_auc,True,0.7119064493267186,-0.027376804380288645,298.8545331954956,0.030511856079101562,301.05682349205017,410.8046875,73,ok,,upstream-2.1.x,{}
9971,ilpd,openml_task,amlb,classification,autofeat,4,1200,466,117,10,21,11,0.6956059532246633,binary_roc_auc,True,0.7041105598866052,-0.01207851031706086,188.86040115356445,0.029390811920166016,191.81191062927246,421.06640625,65,ok,,upstream-2.1.x,{}
9964,semeion,openml_task,amlb,multiclass,tabularaml,0,1200,1274,319,256,257,1,0.1715229462008273,categorical_crossentropy,False,0.1639779015345412,-0.046012569960207604,944.8168053627014,0.01943349838256836,952.4575703144073,289.7578125,531,ok,,0.2.0,"{""mode"": ""medium"", ""elapsed_time"": 939.618173122406, ""n_init_feats"": 256, ""n_added_feats"": 1, ""initial_metric"": null, ""final_metric"": 0.2872497193993756, ""pct_gain"": 0.06431040545674103}"
9976,madelon,openml_task,amlb,classification,nofe,2,1200,2080,520,500,500,0,0.8960355029585798,binary_roc_auc,True,0.8960355029585798,0.0,0.024972200393676758,0.0041234493255615234,31.11155343055725,433.6328125,179,ok,,1.0.0,{}
9971,ilpd,openml_task,amlb,classification,autofeat,3,1200,466,117,10,28,18,0.6899362154500355,binary_roc_auc,True,0.7236002834868887,-0.04652301665034265,248.7065498828888,0.041620492935180664,251.50469088554382,431.60546875,65,ok,,upstream-2.1.x,{}
9910,Bioresponse,openml_task,amlb,classification,openfe,4,1200,,,,,,,,,,,,,1348.3746411800385,,,crash,"om /home/ionutionut045/.netrc.
wandb: Currently logged in as: ionutb to https://api.wandb.ai. Use `wandb login --relogin` to force relogin
wandb: Using an existing wandb-core service via WANDB_SERVICE.
wandb: WARNING Using a boolean value for 'reinit' is deprecated. Use 'return_previous' or 'finish_previous' instead.
wandb: Tracking run with wandb version 0.26.0
wandb: Run data is saved locally in /home/ionutionut045/tabularaml-refactored/wandb/run-20260421_101751-jx9nlx9z
wandb: Run `wandb offline` to turn off syncing.
wandb: Syncing run openfe_classification_Bioresponse_seed4
wandb: ⭐️ View project at https://wandb.ai/ionutb/tabularaml-targeted-benchmark-all
wandb: 🚀 View run at https://wandb.ai/ionutb/tabularaml-targeted-benchmark-all/runs/jx9nlx9z

  0%|          | 0/4 [00:00<?, ?it/s]",,
9976,madelon,openml_task,amlb,classification,nofe,3,1200,2080,520,500,500,0,0.9059171597633137,binary_roc_auc,True,0.9059171597633137,0.0,0.02017951011657715,0.0037076473236083984,15.96488904953003,316.03125,47,ok,,1.0.0,{}
9910,Bioresponse,openml_task,amlb,classification,autofeat,2,1200,,,,,,,,,,,,,1366.8766076564789,,,crash,"ai from /home/ionutionut045/.netrc.
wandb: Currently logged in as: ionutb to https://api.wandb.ai. Use `wandb login --relogin` to force relogin
wandb: Using an existing wandb-core service via WANDB_SERVICE.
wandb: WARNING Using a boolean value for 'reinit' is deprecated. Use 'return_previous' or 'finish_previous' instead.
wandb: setting up run 4s288gnk
wandb: Tracking run with wandb version 0.26.0
wandb: Run data is saved locally in /home/ionutionut045/tabularaml-refactored/wandb/run-20260421_101748-4s288gnk
wandb: Run `wandb offline` to turn off syncing.
wandb: Syncing run autofeat_classification_Bioresponse_seed2
wandb: ⭐️ View project at https://wandb.ai/ionutb/tabularaml-targeted-benchmark-all
wandb: 🚀 View run at https://wandb.ai/ionutb/tabularaml-targeted-benchmark-all/runs/4s288gnk
",,
9952,phoneme,openml_task,amlb,classification,autofeat,0,1200,,,,,,,,,,,,,1380,,,timeout,wall-clock exceeded 1380s,,
7592,adult,openml_task,amlb,classification,autofeat,0,1200,,,,,,,,,,,,,1380,,,timeout,wall-clock exceeded 1380s,,
9957,qsar-biodeg,openml_task,amlb,classification,autofeat,0,1200,,,,,,,,,,,,,1380,,,timeout,wall-clock exceeded 1380s,,
9952,phoneme,openml_task,amlb,classification,autofeat,1,1200,,,,,,,,,,,,,1380,,,timeout,wall-clock exceeded 1380s,,
9952,phoneme,openml_task,amlb,classification,autofeat,2,1200,,,,,,,,,,,,,1380,,,timeout,wall-clock exceeded 1380s,,
9946,wdbc,openml_task,amlb,classification,autofeat,2,1200,,,,,,,,,,,,,1380,,,timeout,wall-clock exceeded 1380s,,
9946,wdbc,openml_task,amlb,classification,autofeat,3,1200,,,,,,,,,,,,,1380,,,timeout,wall-clock exceeded 1380s,,
9957,qsar-biodeg,openml_task,amlb,classification,autofeat,1,1200,,,,,,,,,,,,,1380,,,timeout,wall-clock exceeded 1380s,,
9946,wdbc,openml_task,amlb,classification,autofeat,1,1200,,,,,,,,,,,,,1380,,,timeout,wall-clock exceeded 1380s,,
9946,wdbc,openml_task,amlb,classification,autofeat,0,1200,,,,,,,,,,,,,1380,,,timeout,wall-clock exceeded 1380s,,
9957,qsar-biodeg,openml_task,amlb,classification,autofeat,4,1200,,,,,,,,,,,,,1380,,,timeout,wall-clock exceeded 1380s,,
9910,Bioresponse,openml_task,amlb,classification,featuretools,2,1200,,,,,,,,,,,,,1380,,,timeout,wall-clock exceeded 1380s,,
9957,qsar-biodeg,openml_task,amlb,classification,autofeat,3,1200,,,,,,,,,,,,,1380,,,timeout,wall-clock exceeded 1380s,,
9957,qsar-biodeg,openml_task,amlb,classification,autofeat,2,1200,,,,,,,,,,,,,1380,,,timeout,wall-clock exceeded 1380s,,
7592,adult,openml_task,amlb,classification,autofeat,2,1200,,,,,,,,,,,,,1380,,,timeout,wall-clock exceeded 1380s,,
7592,adult,openml_task,amlb,classification,autofeat,3,1200,,,,,,,,,,,,,1380,,,timeout,wall-clock exceeded 1380s,,
7592,adult,openml_task,amlb,classification,autofeat,1,1200,,,,,,,,,,,,,1380,,,timeout,wall-clock exceeded 1380s,,
7592,adult,openml_task,amlb,classification,autofeat,4,1200,,,,,,,,,,,,,1380,,,timeout,wall-clock exceeded 1380s,,
9946,wdbc,openml_task,amlb,classification,autofeat,4,1200,,,,,,,,,,,,,1380,,,timeout,wall-clock exceeded 1380s,,
9910,Bioresponse,openml_task,amlb,classification,featuretools,0,1200,,,,,,,,,,,,,1380,,,timeout,wall-clock exceeded 1380s,,
9952,phoneme,openml_task,amlb,classification,autofeat,3,1200,,,,,,,,,,,,,1380,,,timeout,wall-clock exceeded 1380s,,
9952,phoneme,openml_task,amlb,classification,autofeat,4,1200,,,,,,,,,,,,,1380,,,timeout,wall-clock exceeded 1380s,,
9910,Bioresponse,openml_task,amlb,classification,featuretools,3,1200,,,,,,,,,,,,,1380,,,timeout,wall-clock exceeded 1380s,,
9910,Bioresponse,openml_task,amlb,classification,featuretools,1,1200,,,,,,,,,,,,,1380,,,timeout,wall-clock exceeded 1380s,,
9910,Bioresponse,openml_task,amlb,classification,featuretools,4,1200,,,,,,,,,,,,,1380,,,timeout,wall-clock exceeded 1380s,,
9910,Bioresponse,openml_task,amlb,classification,autofeat,4,1200,,,,,,,,,,,,,1380,,,timeout,wall-clock exceeded 1380s,,
9910,Bioresponse,openml_task,amlb,classification,autofeat,3,1200,,,,,,,,,,,,,1380,,,timeout,wall-clock exceeded 1380s,,
9910,Bioresponse,openml_task,amlb,classification,autofeat,0,1200,,,,,,,,,,,,,1380,,,timeout,wall-clock exceeded 1380s,,
9910,Bioresponse,openml_task,amlb,classification,autofeat,1,1200,,,,,,,,,,,,,1380,,,timeout,wall-clock exceeded 1380s,,
9910,Bioresponse,openml_task,amlb,classification,openfe,3,1200,,,,,,,,,,,,,1380,,,timeout,wall-clock exceeded 1380s,,
9910,Bioresponse,openml_task,amlb,classification,openfe,1,1200,,,,,,,,,,,,,1380,,,timeout,wall-clock exceeded 1380s,,
9910,Bioresponse,openml_task,amlb,classification,openfe,0,1200,,,,,,,,,,,,,1380,,,timeout,wall-clock exceeded 1380s,,
9910,Bioresponse,openml_task,amlb,classification,openfe,2,1200,,,,,,,,,,,,,1380,,,timeout,wall-clock exceeded 1380s,,
9960,wall-robot-navigation,openml_task,amlb,multiclass,autofeat,0,1200,,,,,,,,,,,,,1380,,,timeout,wall-clock exceeded 1380s,,
9978,ozone-level-8hr,openml_task,amlb,classification,nofe,0,1200,2027,507,72,72,0,0.9125657894736843,binary_roc_auc,True,0.9125657894736843,0.0,0.0070459842681884766,0.00029540061950683594,8.227841138839722,344.88671875,72,ok,,1.0.0,{}
9964,semeion,openml_task,amlb,multiclass,tabularaml,1,1200,1274,319,256,261,5,0.19989211874416238,categorical_crossentropy,False,0.1955388151231473,-0.02226311752105807,929.0593972206116,0.03934669494628906,940.287716627121,278.11328125,725,ok,,0.2.0,"{""mode"": ""medium"", ""elapsed_time"": 923.471834897995, ""n_init_feats"": 256, ""n_added_feats"": 5, ""initial_metric"": null, ""final_metric"": 0.30388159232060985, ""pct_gain"": 0.04988115521168213}"
9977,nomao,openml_task,amlb,classification,nofe,3,1200,27572,6893,118,118,0,0.9949315940538954,binary_roc_auc,True,0.9949315940538954,0.0,0.05287742614746094,0.006626605987548828,15.284852266311646,559.73828125,655,ok,,1.0.0,{}
9977,nomao,openml_task,amlb,classification,nofe,2,1200,27572,6893,118,118,0,0.9947168004970628,binary_roc_auc,True,0.9947168004970628,0.0,0.04786062240600586,0.0063207149505615234,17.07451295852661,559.33203125,486,ok,,1.0.0,{}
9977,nomao,openml_task,amlb,classification,nofe,1,1200,27572,6893,118,118,0,0.9961038563204899,binary_roc_auc,True,0.9961038563204899,0.0,0.035956621170043945,0.004679441452026367,17.732155561447144,563.05078125,693,ok,,1.0.0,{}
9976,madelon,openml_task,amlb,classification,nofe,4,1200,2080,520,500,500,0,0.8800739644970414,binary_roc_auc,True,0.8800739644970414,0.0,0.01639413833618164,0.00310516357421875,19.058244228363037,431.5234375,291,ok,,1.0.0,{}
9977,nomao,openml_task,amlb,classification,nofe,4,1200,27572,6893,118,118,0,0.9957554420900068,binary_roc_auc,True,0.9957554420900068,0.0,0.04773831367492676,0.007529020309448242,19.17691206932068,559.44140625,582,ok,,1.0.0,{}
9977,nomao,openml_task,amlb,classification,nofe,0,1200,27572,6893,118,118,0,0.9958402765200163,binary_roc_auc,True,0.9958402765200163,0.0,0.03631949424743652,0.004726409912109375,20.042150259017944,560.6953125,601,ok,,1.0.0,{}
9978,ozone-level-8hr,openml_task,amlb,classification,nofe,1,1200,2027,507,72,72,0,0.9156578947368421,binary_roc_auc,True,0.9156578947368421,0.0,0.00879669189453125,0.0010457038879394531,5.360959053039551,348.51171875,45,ok,,1.0.0,{}
9978,ozone-level-8hr,openml_task,amlb,classification,nofe,2,1200,2027,507,72,72,0,0.9219078947368421,binary_roc_auc,True,0.9219078947368421,0.0,0.009015798568725586,0.0007355213165283203,3.160703420639038,342.96875,85,ok,,1.0.0,{}
9960,wall-robot-navigation,openml_task,amlb,multiclass,autofeat,1,1200,,,,,,,,,,,,,1380,,,timeout,wall-clock exceeded 1380s,,
9960,wall-robot-navigation,openml_task,amlb,multiclass,autofeat,2,1200,,,,,,,,,,,,,1380,,,timeout,wall-clock exceeded 1380s,,
9960,wall-robot-navigation,openml_task,amlb,multiclass,autofeat,3,1200,,,,,,,,,,,,,1380,,,timeout,wall-clock exceeded 1380s,,
9960,wall-robot-navigation,openml_task,amlb,multiclass,autofeat,4,1200,,,,,,,,,,,,,1380,,,timeout,wall-clock exceeded 1380s,,
9964,semeion,openml_task,amlb,multiclass,autofeat,0,1200,,,,,,,,,,,,,1380,,,timeout,wall-clock exceeded 1380s,,
9964,semeion,openml_task,amlb,multiclass,openfe,0,1200,,,,,,,,,,,,,1380,,,timeout,wall-clock exceeded 1380s,,
9977,nomao,openml_task,amlb,classification,featuretools,1,1200,,,,,,,,,,,,,327.4148290157318,,,crash,":33: UserWarning: Could not infer format, so each element will be parsed individually, falling back to `dateutil`. To ensure parsing is consistent and as-expected, please specify a format.
  pd.to_datetime(
/home/ionutionut045/venv/lib/python3.11/site-packages/featuretools/synthesis/dfs.py:321: UnusedPrimitiveWarning: Some specified primitives were not used during DFS:
  groupby_trans_primitives: ['cum_count', 'cum_max', 'cum_mean', 'cum_min', 'cum_sum']
This may be caused by a using a value of max_depth that is too small, not setting interesting values, or it may indicate no compatible columns for the primitive were found in the data. If the DFS call contained multiple instances of a primitive in the list above, none of them were used.
  warnings.warn(warning_msg, UnusedPrimitiveWarning)
",,
9964,semeion,openml_task,amlb,multiclass,featuretools,0,1200,,,,,,,,,,,,,1380,,,timeout,wall-clock exceeded 1380s,,
9978,ozone-level-8hr,openml_task,amlb,classification,nofe,3,1200,2027,507,72,72,0,0.8767105263157895,binary_roc_auc,True,0.8767105263157895,0.0,0.012479543685913086,0.005247831344604492,17.309313535690308,230.0859375,54,ok,,1.0.0,{}
9977,nomao,openml_task,amlb,classification,featuretools,3,1200,,,,,,,,,,,,,347.9732415676117,,,crash,":33: UserWarning: Could not infer format, so each element will be parsed individually, falling back to `dateutil`. To ensure parsing is consistent and as-expected, please specify a format.
  pd.to_datetime(
/home/ionutionut045/venv/lib/python3.11/site-packages/featuretools/synthesis/dfs.py:321: UnusedPrimitiveWarning: Some specified primitives were not used during DFS:
  groupby_trans_primitives: ['cum_count', 'cum_max', 'cum_mean', 'cum_min', 'cum_sum']
This may be caused by a using a value of max_depth that is too small, not setting interesting values, or it may indicate no compatible columns for the primitive were found in the data. If the DFS call contained multiple instances of a primitive in the list above, none of them were used.
  warnings.warn(warning_msg, UnusedPrimitiveWarning)
",,
9964,semeion,openml_task,amlb,multiclass,tabularaml,3,1200,1274,319,256,257,1,0.21737751294840507,categorical_crossentropy,False,0.21690629112540064,-0.002172467292486263,954.2287938594818,0.017818450927734375,962.3044829368591,271.015625,359,ok,,0.2.0,"{""mode"": ""medium"", ""elapsed_time"": 948.4015762805939, ""n_init_feats"": 256, ""n_added_feats"": 1, ""initial_metric"": null, ""final_metric"": 0.2857949566384063, ""pct_gain"": 0.11163264007424298}"
9977,nomao,openml_task,amlb,classification,featuretools,4,1200,,,,,,,,,,,,,370.08106303215027,,,crash,":33: UserWarning: Could not infer format, so each element will be parsed individually, falling back to `dateutil`. To ensure parsing is consistent and as-expected, please specify a format.
  pd.to_datetime(
/home/ionutionut045/venv/lib/python3.11/site-packages/featuretools/synthesis/dfs.py:321: UnusedPrimitiveWarning: Some specified primitives were not used during DFS:
  groupby_trans_primitives: ['cum_count', 'cum_max', 'cum_mean', 'cum_min', 'cum_sum']
This may be caused by a using a value of max_depth that is too small, not setting interesting values, or it may indicate no compatible columns for the primitive were found in the data. If the DFS call contained multiple instances of a primitive in the list above, none of them were used.
  warnings.warn(warning_msg, UnusedPrimitiveWarning)
",,
9964,semeion,openml_task,amlb,multiclass,openfe,1,1200,,,,,,,,,,,,,1380,,,timeout,wall-clock exceeded 1380s,,
9981,cnae-9,openml_task,amlb,multiclass,nofe,0,1200,864,216,856,856,0,0.26658618230053605,categorical_crossentropy,False,0.26658618230053605,-0.0,0.008028268814086914,0.0007753372192382812,11.030195236206055,360.83203125,195,ok,,1.0.0,{}
9964,semeion,openml_task,amlb,multiclass,autofeat,1,1200,,,,,,,,,,,,,1380,,,timeout,wall-clock exceeded 1380s,,
9964,semeion,openml_task,amlb,multiclass,featuretools,1,1200,,,,,,,,,,,,,1380,,,timeout,wall-clock exceeded 1380s,,
9964,semeion,openml_task,amlb,multiclass,tabularaml,4,1200,1274,319,256,258,2,0.1622964293346056,categorical_crossentropy,False,0.16530081424566545,0.018175257785450497,918.1033046245575,0.03954744338989258,948.5468389987946,299.44921875,1006,ok,,0.2.0,"{""mode"": ""medium"", ""elapsed_time"": 907.5354096889496, ""n_init_feats"": 256, ""n_added_feats"": 2, ""initial_metric"": null, ""final_metric"": 0.3169420632040502, ""pct_gain"": -0.04446498467026147}"
9977,nomao,openml_task,amlb,classification,featuretools,0,1200,,,,,,,,,,,,,503.8099670410156,,,crash,":33: UserWarning: Could not infer format, so each element will be parsed individually, falling back to `dateutil`. To ensure parsing is consistent and as-expected, please specify a format.
  pd.to_datetime(
/home/ionutionut045/venv/lib/python3.11/site-packages/featuretools/synthesis/dfs.py:321: UnusedPrimitiveWarning: Some specified primitives were not used during DFS:
  groupby_trans_primitives: ['cum_count', 'cum_max', 'cum_mean', 'cum_min', 'cum_sum']
This may be caused by a using a value of max_depth that is too small, not setting interesting values, or it may indicate no compatible columns for the primitive were found in the data. If the DFS call contained multiple instances of a primitive in the list above, none of them were used.
  warnings.warn(warning_msg, UnusedPrimitiveWarning)
",,
9964,semeion,openml_task,amlb,multiclass,openfe,2,1200,,,,,,,,,,,,,1380,,,timeout,wall-clock exceeded 1380s,,
9964,semeion,openml_task,amlb,multiclass,autofeat,2,1200,,,,,,,,,,,,,1380,,,timeout,wall-clock exceeded 1380s,,
9977,nomao,openml_task,amlb,classification,autofeat,1,1200,,,,,,,,,,,,,528.4319305419922,,,crash,"ed credentials for https://api.wandb.ai from /home/ionutionut045/.netrc.
wandb: Currently logged in as: ionutb to https://api.wandb.ai. Use `wandb login --relogin` to force relogin
wandb: Using an existing wandb-core service via WANDB_SERVICE.
wandb: WARNING Using a boolean value for 'reinit' is deprecated. Use 'return_previous' or 'finish_previous' instead.
wandb: Tracking run with wandb version 0.26.0
wandb: Run data is saved locally in /home/ionutionut045/tabularaml-refactored/wandb/run-20260421_104055-md1fwbr4
wandb: Run `wandb offline` to turn off syncing.
wandb: Syncing run autofeat_classification_nomao_seed1
wandb: ⭐️ View project at https://wandb.ai/ionutb/tabularaml-targeted-benchmark-all
wandb: 🚀 View run at https://wandb.ai/ionutb/tabularaml-targeted-benchmark-all/runs/md1fwbr4
",,
9981,cnae-9,openml_task,amlb,multiclass,nofe,1,1200,864,216,856,856,0,0.21234759585058782,categorical_crossentropy,False,0.21234759585058782,-0.0,0.0051212310791015625,0.0002162456512451172,17.89830994606018,378.7734375,254,ok,,1.0.0,{}
9977,nomao,openml_task,amlb,classification,autofeat,0,1200,,,,,,,,,,,,,561.6822791099548,,,crash,"ed credentials for https://api.wandb.ai from /home/ionutionut045/.netrc.
wandb: Currently logged in as: ionutb to https://api.wandb.ai. Use `wandb login --relogin` to force relogin
wandb: Using an existing wandb-core service via WANDB_SERVICE.
wandb: WARNING Using a boolean value for 'reinit' is deprecated. Use 'return_previous' or 'finish_previous' instead.
wandb: Tracking run with wandb version 0.26.0
wandb: Run data is saved locally in /home/ionutionut045/tabularaml-refactored/wandb/run-20260421_104053-s0jhhr5z
wandb: Run `wandb offline` to turn off syncing.
wandb: Syncing run autofeat_classification_nomao_seed0
wandb: ⭐️ View project at https://wandb.ai/ionutb/tabularaml-targeted-benchmark-all
wandb: 🚀 View run at https://wandb.ai/ionutb/tabularaml-targeted-benchmark-all/runs/s0jhhr5z
",,
9964,semeion,openml_task,amlb,multiclass,tabularaml,2,1200,1274,319,256,258,2,0.21465053132678263,categorical_crossentropy,False,0.21357855074667645,-0.005019139685883775,1004.9444615840912,0.02433943748474121,1240.7510685920715,290.6328125,598,ok,,0.2.0,"{""mode"": ""medium"", ""elapsed_time"": 994.9733214378357, ""n_init_feats"": 256, ""n_added_feats"": 2, ""initial_metric"": null, ""final_metric"": 0.28125236479116633, ""pct_gain"": 0.0278368789388172}"
9977,nomao,openml_task,amlb,classification,autofeat,4,1200,,,,,,,,,,,,,592.3173809051514,,,crash,"ed credentials for https://api.wandb.ai from /home/ionutionut045/.netrc.
wandb: Currently logged in as: ionutb to https://api.wandb.ai. Use `wandb login --relogin` to force relogin
wandb: Using an existing wandb-core service via WANDB_SERVICE.
wandb: WARNING Using a boolean value for 'reinit' is deprecated. Use 'return_previous' or 'finish_previous' instead.
wandb: Tracking run with wandb version 0.26.0
wandb: Run data is saved locally in /home/ionutionut045/tabularaml-refactored/wandb/run-20260421_104057-m2odfrnf
wandb: Run `wandb offline` to turn off syncing.
wandb: Syncing run autofeat_classification_nomao_seed4
wandb: ⭐️ View project at https://wandb.ai/ionutb/tabularaml-targeted-benchmark-all
wandb: 🚀 View run at https://wandb.ai/ionutb/tabularaml-targeted-benchmark-all/runs/m2odfrnf
",,
9964,semeion,openml_task,amlb,multiclass,featuretools,2,1200,,,,,,,,,,,,,1380,,,timeout,wall-clock exceeded 1380s,,
9981,cnae-9,openml_task,amlb,multiclass,nofe,2,1200,864,216,856,856,0,0.27949178055321144,categorical_crossentropy,False,0.27949178055321144,-0.0,0.004716396331787109,0.00039076805114746094,84.21050524711609,375.03125,230,ok,,1.0.0,{}
9981,cnae-9,openml_task,amlb,multiclass,autofeat,0,1200,864,216,856,,,,,,,,,,263.36083245277405,,,autofeat_internal_nan,"_AutofeatInternalNaNError: Input X contains NaN.
LogisticRegressionCV does not accept missing values encoded as NaN natively. For supervised learning, you might want to consider sklearn.ensemble.HistGradientBoostingClassifier and Regressor which accept missing values encoded as NaNs natively. Alternatively, it is possible to preprocess the data, for instance by using an imputer transformer in a pipeline or drop samples with",upstream-2.1.x,
9981,cnae-9,openml_task,amlb,multiclass,nofe,3,1200,864,216,856,856,0,0.18510874835623395,categorical_crossentropy,False,0.18510874835623395,-0.0,0.007381916046142578,0.0005011558532714844,18.036771297454834,337.51953125,161,ok,,1.0.0,{}
9964,semeion,openml_task,amlb,multiclass,openfe,3,1200,,,,,,,,,,,,,1380,,,timeout,wall-clock exceeded 1380s,,
9964,semeion,openml_task,amlb,multiclass,autofeat,3,1200,,,,,,,,,,,,,1380,,,timeout,wall-clock exceeded 1380s,,
9981,cnae-9,openml_task,amlb,multiclass,autofeat,1,1200,864,216,856,,,,,,,,,,231.56350684165955,,,autofeat_internal_nan,"_AutofeatInternalNaNError: Input X contains NaN.
LogisticRegressionCV does not accept missing values encoded as NaN natively. For supervised learning, you might want to consider sklearn.ensemble.HistGradientBoostingClassifier and Regressor which accept missing values encoded as NaNs natively. Alternatively, it is possible to preprocess the data, for instance by using an imputer transformer in a pipeline or drop samples with",upstream-2.1.x,
9964,semeion,openml_task,amlb,multiclass,featuretools,3,1200,,,,,,,,,,,,,1380,,,timeout,wall-clock exceeded 1380s,,
9976,madelon,openml_task,amlb,classification,tabularaml,0,1200,2080,520,500,502,2,0.8946301775147929,binary_roc_auc,True,0.8942455621301775,0.00043010041190390415,945.1360402107239,0.10570359230041504,956.8906590938568,378.109375,67,ok,,0.2.0,"{""mode"": ""medium"", ""elapsed_time"": 928.1554689407349, ""n_init_feats"": 500, ""n_added_feats"": 2, ""initial_metric"": null, ""final_metric"": 0.8640641285320798, ""pct_gain"": 0.01339655064119058}"
9981,cnae-9,openml_task,amlb,multiclass,nofe,4,1200,864,216,856,856,0,0.24228028915887181,categorical_crossentropy,False,0.24228028915887181,-0.0,0.006594657897949219,0.0005309581756591797,11.599848985671997,374.3515625,197,ok,,1.0.0,{}
9981,cnae-9,openml_task,amlb,multiclass,autofeat,2,1200,864,216,856,,,,,,,,,,181.46690797805786,,,autofeat_internal_nan,"_AutofeatInternalNaNError: Input X contains NaN.
LogisticRegressionCV does not accept missing values encoded as NaN natively. For supervised learning, you might want to consider sklearn.ensemble.HistGradientBoostingClassifier and Regressor which accept missing values encoded as NaNs natively. Alternatively, it is possible to preprocess the data, for instance by using an imputer transformer in a pipeline or drop samples with",upstream-2.1.x,
9964,semeion,openml_task,amlb,multiclass,openfe,4,1200,,,,,,,,,,,,,1380,,,timeout,wall-clock exceeded 1380s,,
9964,semeion,openml_task,amlb,multiclass,autofeat,4,1200,,,,,,,,,,,,,1380,,,timeout,wall-clock exceeded 1380s,,
9964,semeion,openml_task,amlb,multiclass,featuretools,4,1200,,,,,,,,,,,,,1380,,,timeout,wall-clock exceeded 1380s,,
9985,first-order-theorem-proving,openml_task,amlb,multiclass,nofe,0,1200,4894,1224,51,51,0,1.0788932828775917,categorical_crossentropy,False,1.0788932828775917,-0.0,0.009761333465576172,0.0012333393096923828,29.190988302230835,368.39453125,174,ok,,1.0.0,{}
9977,nomao,openml_task,amlb,classification,autofeat,3,1200,,,,,,,,,,,,,960.6585626602173,,,crash,"ed credentials for https://api.wandb.ai from /home/ionutionut045/.netrc.
wandb: Currently logged in as: ionutb to https://api.wandb.ai. Use `wandb login --relogin` to force relogin
wandb: Using an existing wandb-core service via WANDB_SERVICE.
wandb: WARNING Using a boolean value for 'reinit' is deprecated. Use 'return_previous' or 'finish_previous' instead.
wandb: Tracking run with wandb version 0.26.0
wandb: Run data is saved locally in /home/ionutionut045/tabularaml-refactored/wandb/run-20260421_104054-c6oqsqmk
wandb: Run `wandb offline` to turn off syncing.
wandb: Syncing run autofeat_classification_nomao_seed3
wandb: ⭐️ View project at https://wandb.ai/ionutb/tabularaml-targeted-benchmark-all
wandb: 🚀 View run at https://wandb.ai/ionutb/tabularaml-targeted-benchmark-all/runs/c6oqsqmk
",,
9978,ozone-level-8hr,openml_task,amlb,classification,nofe,4,1200,2027,507,72,72,0,0.9140131578947368,binary_roc_auc,True,0.9140131578947368,0.0,0.006586551666259766,0.00031876564025878906,642.5169200897217,339.9765625,117,ok,,1.0.0,{}
9977,nomao,openml_task,amlb,classification,tabularaml,0,1200,27572,6893,118,119,1,0.9958007730711487,binary_roc_auc,True,0.9958402765200163,-3.966845868661954e-05,978.5291934013367,0.1886310577392578,999.2525272369385,600.5859375,513,ok,,0.2.0,"{""mode"": ""medium"", ""elapsed_time"": 960.3657414913177, ""n_init_feats"": 118, ""n_added_feats"": 1, ""initial_metric"": null, ""final_metric"": 0.9953177904770227, ""pct_gain"": 0.0005561080994065936}"
9977,nomao,openml_task,amlb,classification,tabularaml,3,1200,27572,6893,118,118,0,0.9949315940538954,binary_roc_auc,True,0.9949315940538954,0.0,988.1311075687408,0.08457469940185547,1008.807710647583,587.390625,655,ok,,0.2.0,"{""mode"": ""medium"", ""elapsed_time"": 970.4171566963196, ""n_init_feats"": 118, ""n_added_feats"": 0, ""initial_metric"": null, ""final_metric"": 0.9950634442167704, ""pct_gain"": 0.0}"
9977,nomao,openml_task,amlb,classification,tabularaml,2,1200,27572,6893,118,118,0,0.9947168004970628,binary_roc_auc,True,0.9947168004970628,0.0,993.2791845798492,0.08214402198791504,1009.9935579299927,576.640625,486,ok,,0.2.0,"{""mode"": ""medium"", ""elapsed_time"": 973.2077434062958, ""n_init_feats"": 118, ""n_added_feats"": 0, ""initial_metric"": null, ""final_metric"": 0.9950847425995507, ""pct_gain"": 0.0}"
9978,ozone-level-8hr,openml_task,amlb,classification,featuretools,0,1200,2027,507,72,23923,23851,0.9488157894736842,binary_roc_auc,True,0.9125657894736843,0.03972316343450352,313.8052558898926,76.20897459983826,998.8045036792755,1364.10546875,64,ok,,upstream-1.x,{}
9978,ozone-level-8hr,openml_task,amlb,classification,featuretools,3,1200,2027,507,72,23877,23805,0.8870394736842104,binary_roc_auc,True,0.8767105263157895,0.011781479813897513,74.72851204872131,82.24354648590088,722.1505711078644,1360.0625,55,ok,,upstream-1.x,{}
9981,cnae-9,openml_task,amlb,multiclass,autofeat,3,1200,864,216,856,,,,,,,,,,321.6616654396057,,,autofeat_internal_nan,"_AutofeatInternalNaNError: Input X contains NaN.
LogisticRegressionCV does not accept missing values encoded as NaN natively. For supervised learning, you might want to consider sklearn.ensemble.HistGradientBoostingClassifier and Regressor which accept missing values encoded as NaNs natively. Alternatively, it is possible to preprocess the data, for instance by using an imputer transformer in a pipeline or drop samples with",upstream-2.1.x,
9985,first-order-theorem-proving,openml_task,amlb,multiclass,nofe,1,1200,4894,1224,51,51,0,1.1202751351010627,categorical_crossentropy,False,1.1202751351010627,-0.0,0.011153936386108398,0.0012221336364746094,30.617401361465454,381.07421875,248,ok,,1.0.0,{}
9976,madelon,openml_task,amlb,classification,tabularaml,3,1200,2080,520,500,500,0,0.9059171597633137,binary_roc_auc,True,0.9059171597633137,0.0,1020.3427183628082,0.38926053047180176,1043.3587100505829,398.625,47,ok,,0.2.0,"{""mode"": ""medium"", ""elapsed_time"": 1000.4737112522125, ""n_init_feats"": 500, ""n_added_feats"": 0, ""initial_metric"": null, ""final_metric"": 0.8685764838522629, ""pct_gain"": 0.0}"
9985,first-order-theorem-proving,openml_task,amlb,multiclass,nofe,2,1200,4894,1224,51,51,0,1.0989896513436452,categorical_crossentropy,False,1.0989896513436452,-0.0,0.00969696044921875,0.0011126995086669922,25.102990865707397,372.50390625,266,ok,,1.0.0,{}
9976,madelon,openml_task,amlb,classification,tabularaml,4,1200,2080,520,500,501,1,0.877455621301775,binary_roc_auc,True,0.8800739644970414,-0.0029751399324292127,1045.845594406128,0.04681253433227539,1073.5842764377594,394.6171875,149,ok,,0.2.0,"{""mode"": ""medium"", ""elapsed_time"": 1023.7870125770569, ""n_init_feats"": 500, ""n_added_feats"": 1, ""initial_metric"": null, ""final_metric"": 0.8518152856359705, ""pct_gain"": 0.0046796708722975575}"
9977,nomao,openml_task,amlb,classification,autofeat,2,1200,,,,,,,,,,,,,1158.0242216587067,,,crash,"ed credentials for https://api.wandb.ai from /home/ionutionut045/.netrc.
wandb: Currently logged in as: ionutb to https://api.wandb.ai. Use `wandb login --relogin` to force relogin
wandb: Using an existing wandb-core service via WANDB_SERVICE.
wandb: WARNING Using a boolean value for 'reinit' is deprecated. Use 'return_previous' or 'finish_previous' instead.
wandb: Tracking run with wandb version 0.26.0
wandb: Run data is saved locally in /home/ionutionut045/tabularaml-refactored/wandb/run-20260421_104054-tjj20oag
wandb: Run `wandb offline` to turn off syncing.
wandb: Syncing run autofeat_classification_nomao_seed2
wandb: ⭐️ View project at https://wandb.ai/ionutb/tabularaml-targeted-benchmark-all
wandb: 🚀 View run at https://wandb.ai/ionutb/tabularaml-targeted-benchmark-all/runs/tjj20oag
",,
9976,madelon,openml_task,amlb,classification,openfe,0,1200,,,,,,,,,,,,,1380,,,timeout,wall-clock exceeded 1380s,,
9976,madelon,openml_task,amlb,classification,featuretools,0,1200,,,,,,,,,,,,,1380,,,timeout,wall-clock exceeded 1380s,,
9976,madelon,openml_task,amlb,classification,autofeat,0,1200,,,,,,,,,,,,,1380,,,timeout,wall-clock exceeded 1380s,,
9978,ozone-level-8hr,openml_task,amlb,classification,tabularaml,1,1200,2027,507,72,77,5,0.9201973684210526,binary_roc_auc,True,0.9156578947368421,0.004957608851846481,933.8658306598663,0.019557714462280273,1143.5089190006256,267.515625,45,ok,,0.2.0,"{""mode"": ""medium"", ""elapsed_time"": 931.2661402225494, ""n_init_feats"": 72, ""n_added_feats"": 5, ""initial_metric"": null, ""final_metric"": 0.9134908545110065, ""pct_gain"": 0.007687877418454534}"
9985,first-order-theorem-proving,openml_task,amlb,multiclass,nofe,3,1200,4894,1224,51,51,0,1.0840020134445474,categorical_crossentropy,False,1.0840020134445474,-0.0,0.011207342147827148,0.0011720657348632812,21.81699824333191,372.90625,218,ok,,1.0.0,{}
9976,madelon,openml_task,amlb,classification,openfe,1,1200,,,,,,,,,,,,,1380,,,timeout,wall-clock exceeded 1380s,,
9985,first-order-theorem-proving,openml_task,amlb,multiclass,nofe,4,1200,4894,1224,51,51,0,1.1046307951096275,categorical_crossentropy,False,1.1046307951096275,-0.0,0.009755849838256836,0.0009458065032958984,20.621778964996338,377.31640625,228,ok,,1.0.0,{}
9981,cnae-9,openml_task,amlb,multiclass,autofeat,4,1200,864,216,856,,,,,,,,,,432.44162821769714,,,autofeat_internal_nan,"_AutofeatInternalNaNError: Input X contains NaN.
LogisticRegressionCV does not accept missing values encoded as NaN natively. For supervised learning, you might want to consider sklearn.ensemble.HistGradientBoostingClassifier and Regressor which accept missing values encoded as NaNs natively. Alternatively, it is possible to preprocess the data, for instance by using an imputer transformer in a pipeline or drop samples with",upstream-2.1.x,
9976,madelon,openml_task,amlb,classification,tabularaml,1,1200,2080,520,500,500,0,0.8904289940828403,binary_roc_auc,True,0.8904289940828403,0.0,935.4055297374725,0.3049924373626709,1345.2617316246033,396.72265625,153,ok,,0.2.0,"{""mode"": ""medium"", ""elapsed_time"": 918.5694448947906, ""n_init_feats"": 500, ""n_added_feats"": 0, ""initial_metric"": null, ""final_metric"": 0.8608580669930752, ""pct_gain"": 0.0}"
9978,ozone-level-8hr,openml_task,amlb,classification,featuretools,2,1200,2027,507,72,23897,23825,0.9286184210526316,binary_roc_auc,True,0.9219078947368421,0.007278955255833898,88.8799979686737,111.96060371398926,919.7893896102905,1359.61328125,72,ok,,upstream-1.x,{}
9978,ozone-level-8hr,openml_task,amlb,classification,featuretools,1,1200,2027,507,72,23922,23850,0.9224342105263158,binary_roc_auc,True,0.9156578947368421,0.0074004885759448216,312.88865876197815,88.23706340789795,1206.8909261226654,1332.484375,52,ok,,upstream-1.x,{}
9976,madelon,openml_task,amlb,classification,autofeat,1,1200,,,,,,,,,,,,,1380,,,timeout,wall-clock exceeded 1380s,,
9978,ozone-level-8hr,openml_task,amlb,classification,tabularaml,2,1200,2027,507,72,79,7,0.913092105263158,binary_roc_auc,True,0.9219078947368421,-0.009562549061585561,924.3280789852142,0.02350616455078125,932.0754189491272,275.46484375,67,ok,,0.2.0,"{""mode"": ""medium"", ""elapsed_time"": 921.6416375637054, ""n_init_feats"": 72, ""n_added_feats"": 7, ""initial_metric"": null, ""final_metric"": 0.9201685415459682, ""pct_gain"": 0.008051428156488545}"
9976,madelon,openml_task,amlb,classification,featuretools,1,1200,,,,,,,,,,,,,1380,,,timeout,wall-clock exceeded 1380s,,
10093,banknote-authentication,openml_task,amlb,classification,nofe,0,1200,1097,275,4,4,0,1.0,binary_roc_auc,True,1.0,0.0,0.006549835205078125,9.584426879882812e-05,8.176462650299072,329.7265625,394,ok,,1.0.0,{}
10093,banknote-authentication,openml_task,amlb,classification,nofe,1,1200,1097,275,4,4,0,1.0,binary_roc_auc,True,1.0,0.0,0.005341291427612305,9.894371032714844e-05,9.95545744895935,331.765625,639,ok,,1.0.0,{}
10093,banknote-authentication,openml_task,amlb,classification,openfe,0,1200,1097,275,4,56,52,1.0,binary_roc_auc,True,1.0,0.0,7.593227863311768,0.5466523170471191,19.49191927909851,345.0078125,464,ok,,upstream-0.0.12,{}
9976,madelon,openml_task,amlb,classification,openfe,2,1200,,,,,,,,,,,,,1380,,,timeout,wall-clock exceeded 1380s,,
10093,banknote-authentication,openml_task,amlb,classification,featuretools,0,1200,1097,275,4,70,66,1.0,binary_roc_auc,True,1.0,0.0,0.6019461154937744,0.21326851844787598,18.69043803215027,354.1640625,646,ok,,upstream-1.x,{}
9978,ozone-level-8hr,openml_task,amlb,classification,openfe,3,1200,2027,507,72,3423,3351,0.8770394736842105,binary_roc_auc,True,0.8767105263157895,0.0003752063634999103,878.3992929458618,38.94902276992798,956.6257038116455,520.64453125,59,ok,,upstream-0.0.12,{}
10093,banknote-authentication,openml_task,amlb,classification,openfe,1,1200,1097,275,4,57,53,1.0,binary_roc_auc,True,1.0,0.0,4.940531253814697,0.553534984588623,11.518128395080566,341.33203125,458,ok,,upstream-0.0.12,{}
10093,banknote-authentication,openml_task,amlb,classification,nofe,2,1200,1097,275,4,4,0,0.9999464266580949,binary_roc_auc,True,0.9999464266580949,0.0,0.004350185394287109,5.626678466796875e-05,2.8366293907165527,331.99609375,485,ok,,1.0.0,{}
10093,banknote-authentication,openml_task,amlb,classification,featuretools,1,1200,1097,275,4,70,66,1.0,binary_roc_auc,True,1.0,0.0,0.6057724952697754,0.19072508811950684,5.9016194343566895,355.68359375,552,ok,,upstream-1.x,{}
9976,madelon,openml_task,amlb,classification,autofeat,2,1200,,,,,,,,,,,,,1380,,,timeout,wall-clock exceeded 1380s,,
10093,banknote-authentication,openml_task,amlb,classification,featuretools,2,1200,1097,275,4,70,66,1.0,binary_roc_auc,True,0.9999464266580949,5.357621216187642e-05,0.5642971992492676,0.19894862174987793,9.830294370651245,351.15234375,353,ok,,upstream-1.x,{}
9976,madelon,openml_task,amlb,classification,featuretools,2,1200,,,,,,,,,,,,,1380,,,timeout,wall-clock exceeded 1380s,,
9978,ozone-level-8hr,openml_task,amlb,classification,tabularaml,4,1200,2027,507,72,79,7,0.9032236842105265,binary_roc_auc,True,0.9140131578947368,-0.011804505866263392,908.8604712486267,0.022669315338134766,912.3114211559296,261.9140625,65,ok,,0.2.0,"{""mode"": ""medium"", ""elapsed_time"": 905.6107382774353, ""n_init_feats"": 72, ""n_added_feats"": 7, ""initial_metric"": null, ""final_metric"": 0.925258117455652, ""pct_gain"": 0.00650216937386622}"
10093,banknote-authentication,openml_task,amlb,classification,nofe,3,1200,1097,275,4,4,0,1.0,binary_roc_auc,True,1.0,0.0,0.006308555603027344,8.416175842285156e-05,2.750192165374756,332.08203125,390,ok,,1.0.0,{}
10093,banknote-authentication,openml_task,amlb,classification,openfe,2,1200,1097,275,4,54,50,1.0,binary_roc_auc,True,0.9999464266580949,5.357621216187642e-05,4.713623762130737,0.5242018699645996,17.9959614276886,339.91015625,167,ok,,upstream-0.0.12,{}
9976,madelon,openml_task,amlb,classification,tabularaml,2,1200,,,,,,,,,,,,,1380,,,timeout,wall-clock exceeded 1380s,,
10093,banknote-authentication,openml_task,amlb,classification,featuretools,3,1200,1097,275,4,70,66,1.0,binary_roc_auc,True,1.0,0.0,0.5103540420532227,0.15549421310424805,5.176786422729492,353.04296875,545,ok,,upstream-1.x,{}
10093,banknote-authentication,openml_task,amlb,classification,openfe,3,1200,1097,275,4,56,52,1.0,binary_roc_auc,True,1.0,0.0,5.6671223640441895,0.5337674617767334,10.0223867893219,343.19921875,352,ok,,upstream-0.0.12,{}
9978,ozone-level-8hr,openml_task,amlb,classification,openfe,4,1200,2027,507,72,3292,3220,0.92125,binary_roc_auc,True,0.9140131578947368,0.007917656373713436,868.415426492691,78.34630084037781,984.300764799118,666.625,87,ok,,upstream-0.0.12,{}
9978,ozone-level-8hr,openml_task,amlb,classification,openfe,0,1200,2027,507,72,3474,3402,0.9454605263157895,binary_roc_auc,True,0.9125657894736843,0.03604642779900505,1192.9934449195862,73.0905544757843,1312.8425624370575,700.0390625,43,ok,,upstream-0.0.12,{}
10093,banknote-authentication,openml_task,amlb,classification,nofe,4,1200,1097,275,4,4,0,0.9998392799742849,binary_roc_auc,True,0.9998392799742849,0.0,0.005570411682128906,9.131431579589844e-05,20.245927810668945,337.4921875,1393,ok,,1.0.0,{}
10093,banknote-authentication,openml_task,amlb,classification,featuretools,4,1200,1097,275,4,70,66,1.0,binary_roc_auc,True,0.9998392799742849,0.0001607458607939802,0.5424120426177979,0.20127487182617188,4.576488018035889,350.98828125,527,ok,,upstream-1.x,{}
10093,banknote-authentication,openml_task,amlb,classification,openfe,4,1200,1097,275,4,56,52,1.0,binary_roc_auc,True,0.9998392799742849,0.0001607458607939802,7.164100170135498,0.5048463344573975,18.15528178215027,340.87109375,495,ok,,upstream-0.0.12,{}
10101,blood-transfusion,openml_task,amlb,classification,nofe,0,1200,598,150,4,4,0,0.6437621832358674,binary_roc_auc,True,0.6437621832358674,0.0,0.00701904296875,8.177757263183594e-05,6.558727502822876,333.10546875,12,ok,,1.0.0,{}
9976,madelon,openml_task,amlb,classification,openfe,3,1200,,,,,,,,,,,,,1380,,,timeout,wall-clock exceeded 1380s,,
9976,madelon,openml_task,amlb,classification,autofeat,3,1200,,,,,,,,,,,,,1380,,,timeout,wall-clock exceeded 1380s,,
10101,blood-transfusion,openml_task,amlb,classification,featuretools,0,1200,598,150,4,62,58,0.6700779727095516,binary_roc_auc,True,0.6437621832358674,0.04087812263436786,0.532459020614624,0.18963313102722168,10.29663610458374,349.12890625,7,ok,,upstream-1.x,{}
10101,blood-transfusion,openml_task,amlb,classification,openfe,0,1200,598,150,4,74,70,0.6301169590643274,binary_roc_auc,True,0.6437621832358674,-0.02119606358819085,7.153382062911987,1.1879127025604248,18.855745792388916,339.09765625,12,ok,,upstream-0.0.12,{}
10101,blood-transfusion,openml_task,amlb,classification,nofe,1,1200,598,150,4,4,0,0.7269736842105263,binary_roc_auc,True,0.7269736842105263,0.0,0.005351543426513672,0.00010776519775390625,2.703143835067749,331.0,39,ok,,1.0.0,{}
9978,ozone-level-8hr,openml_task,amlb,classification,openfe,1,1200,2027,507,72,3460,3388,0.9042763157894737,binary_roc_auc,True,0.9156578947368421,-0.012429946831441347,1168.9398200511932,84.07942032814026,1326.2097735404968,699.00390625,36,ok,,upstream-0.0.12,{}
9976,madelon,openml_task,amlb,classification,featuretools,3,1200,,,,,,,,,,,,,1380,,,timeout,wall-clock exceeded 1380s,,
10101,blood-transfusion,openml_task,amlb,classification,featuretools,1,1200,598,150,4,62,58,0.7344054580896686,binary_roc_auc,True,0.7269736842105263,0.010222892575833737,0.5878324508666992,0.21509671211242676,3.874617338180542,347.9609375,27,ok,,upstream-1.x,{}
10101,blood-transfusion,openml_task,amlb,classification,openfe,1,1200,598,150,4,59,55,0.726608187134503,binary_roc_auc,True,0.7269736842105263,-0.0005027652086474232,6.608899831771851,1.0203239917755127,10.738872289657593,335.9765625,40,ok,,upstream-0.0.12,{}
10101,blood-transfusion,openml_task,amlb,classification,nofe,2,1200,598,150,4,4,0,0.7634015594541911,binary_roc_auc,True,0.7634015594541911,0.0,0.007450580596923828,0.00010371208190917969,3.000314474105835,328.85546875,40,ok,,1.0.0,{}
9977,nomao,openml_task,amlb,classification,openfe,1,1200,,,,,,,,,,,,,1380,,,timeout,wall-clock exceeded 1380s,,
9977,nomao,openml_task,amlb,classification,tabularaml,1,1200,,,,,,,,,,,,,1380,,,timeout,wall-clock exceeded 1380s,,
9977,nomao,openml_task,amlb,classification,openfe,0,1200,,,,,,,,,,,,,1380,,,timeout,wall-clock exceeded 1380s,,
9977,nomao,openml_task,amlb,classification,openfe,2,1200,,,,,,,,,,,,,1380,,,timeout,wall-clock exceeded 1380s,,
9977,nomao,openml_task,amlb,classification,openfe,3,1200,,,,,,,,,,,,,1380,,,timeout,wall-clock exceeded 1380s,,
9976,madelon,openml_task,amlb,classification,openfe,4,1200,,,,,,,,,,,,,1380,,,timeout,wall-clock exceeded 1380s,,
9976,madelon,openml_task,amlb,classification,featuretools,4,1200,,,,,,,,,,,,,1380,,,timeout,wall-clock exceeded 1380s,,
9976,madelon,openml_task,amlb,classification,autofeat,4,1200,,,,,,,,,,,,,1380,,,timeout,wall-clock exceeded 1380s,,
9977,nomao,openml_task,amlb,classification,openfe,4,1200,,,,,,,,,,,,,1380,,,timeout,wall-clock exceeded 1380s,,
9977,nomao,openml_task,amlb,classification,featuretools,2,1200,,,,,,,,,,,,,1380,,,timeout,wall-clock exceeded 1380s,,
10101,blood-transfusion,openml_task,amlb,classification,featuretools,2,1200,598,150,4,62,58,0.7169834307992202,binary_roc_auc,True,0.7634015594541911,-0.06080434088732856,0.6272616386413574,0.2125537395477295,9.333817481994629,352.484375,40,ok,,upstream-1.x,{}
10101,blood-transfusion,openml_task,amlb,classification,openfe,2,1200,598,150,4,51,47,0.7194200779727095,binary_roc_auc,True,0.7634015594541911,-0.05761251196935862,7.658546686172485,0.8538992404937744,18.698063611984253,335.36328125,30,ok,,upstream-0.0.12,{}
10101,blood-transfusion,openml_task,amlb,classification,nofe,3,1200,598,150,4,4,0,0.6319444444444445,binary_roc_auc,True,0.6319444444444445,0.0,0.005476713180541992,7.748603820800781e-05,2.5716569423675537,329.27734375,9,ok,,1.0.0,{}
10101,blood-transfusion,openml_task,amlb,classification,nofe,4,1200,598,150,4,4,0,0.7099171539961014,binary_roc_auc,True,0.7099171539961014,0.0,0.010090827941894531,0.0001900196075439453,2.574115514755249,329.73046875,75,ok,,1.0.0,{}
10101,blood-transfusion,openml_task,amlb,classification,featuretools,3,1200,598,150,4,62,58,0.6427875243664717,binary_roc_auc,True,0.6319444444444445,0.017158280316174834,0.5204076766967773,0.1917564868927002,3.5868754386901855,350.1953125,11,ok,,upstream-1.x,{}
9977,nomao,openml_task,amlb,classification,tabularaml,4,1200,,,,,,,,,,,,,1380,,,timeout,wall-clock exceeded 1380s,,
10101,blood-transfusion,openml_task,amlb,classification,tabularaml,0,1200,598,150,4,8,4,0.6303606237816765,binary_roc_auc,True,0.6437621832358674,-0.02081756245268726,25.164639711380005,0.013905525207519531,42.780895948410034,340.3515625,11,ok,,0.2.0,"{""mode"": ""medium"", ""elapsed_time"": 24.902952194213867, ""n_init_feats"": 4, ""n_added_feats"": 4, ""initial_metric"": null, ""final_metric"": 0.7545347091932457, ""pct_gain"": 0.028825859995441634}"
9978,ozone-level-8hr,openml_task,amlb,classification,autofeat,0,1200,,,,,,,,,,,,,1380,,,timeout,wall-clock exceeded 1380s,,
10101,blood-transfusion,openml_task,amlb,classification,openfe,4,1200,598,150,4,71,67,0.6856725146198831,binary_roc_auc,True,0.7099171539961014,-0.034151364338424604,6.455843925476074,1.146568775177002,13.179389715194702,337.55078125,38,ok,,upstream-0.0.12,{}
10101,blood-transfusion,openml_task,amlb,classification,featuretools,4,1200,598,150,4,62,58,0.6920077972709552,binary_roc_auc,True,0.7099171539961014,-0.025227389737429298,0.47223591804504395,0.1891615390777588,10.478330135345459,350.0703125,35,ok,,upstream-1.x,{}
10101,blood-transfusion,openml_task,amlb,classification,openfe,3,1200,598,150,4,67,63,0.6452241715399609,binary_roc_auc,True,0.6319444444444445,0.02101407364565231,8.09113597869873,1.0775251388549805,14.638532638549805,338.57421875,14,ok,,upstream-0.0.12,{}
9978,ozone-level-8hr,openml_task,amlb,classification,tabularaml,0,1200,,,,,,,,,,,,,1380,,,timeout,wall-clock exceeded 1380s,,
9978,ozone-level-8hr,openml_task,amlb,classification,autofeat,1,1200,,,,,,,,,,,,,1380,,,timeout,wall-clock exceeded 1380s,,
9978,ozone-level-8hr,openml_task,amlb,classification,openfe,2,1200,,,,,,,,,,,,,1380,,,timeout,wall-clock exceeded 1380s,,
14952,PhishingWebsites,openml_task,amlb,classification,nofe,2,1200,8844,2211,30,30,0,0.9961226976574545,binary_roc_auc,True,0.9961226976574545,0.0,0.012966632843017578,0.0006306171417236328,5.8676111698150635,343.546875,765,ok,,1.0.0,{}
9978,ozone-level-8hr,openml_task,amlb,classification,autofeat,2,1200,,,,,,,,,,,,,1380,,,timeout,wall-clock exceeded 1380s,,
14952,PhishingWebsites,openml_task,amlb,classification,nofe,0,1200,8844,2211,30,30,0,0.9961645584310084,binary_roc_auc,True,0.9961645584310084,0.0,0.00903177261352539,0.0004031658172607422,24.249382257461548,345.8203125,776,ok,,1.0.0,{}
14952,PhishingWebsites,openml_task,amlb,classification,nofe,1,1200,8844,2211,30,30,0,0.9965831661665477,binary_roc_auc,True,0.9965831661665477,0.0,0.011835813522338867,0.00046062469482421875,20.75719141960144,347.33203125,777,ok,,1.0.0,{}
10093,banknote-authentication,openml_task,amlb,classification,tabularaml,1,1200,1097,275,4,4,0,1.0,binary_roc_auc,True,1.0,0.0,150.87814044952393,0.0017597675323486328,153.7811462879181,344.87109375,639,ok,,0.2.0,"{""mode"": ""medium"", ""elapsed_time"": 150.38391065597534, ""n_init_feats"": 4, ""n_added_feats"": 0, ""initial_metric"": null, ""final_metric"": 0.9997914907320016, ""pct_gain"": 0.00012438744772644384}"
9981,cnae-9,openml_task,amlb,multiclass,tabularaml,0,1200,864,216,856,859,3,0.2692134614669528,categorical_crossentropy,False,0.26658618230053605,-0.009855271356318413,966.204968214035,0.26213812828063965,983.1502151489258,290.30859375,183,ok,,0.2.0,"{""mode"": ""medium"", ""elapsed_time"": 964.8059113025665, ""n_init_feats"": 856, ""n_added_feats"": 3, ""initial_metric"": null, ""final_metric"": 0.6498407564441552, ""pct_gain"": 0.018550303232409728}"
10101,blood-transfusion,openml_task,amlb,classification,tabularaml,3,1200,598,150,4,8,4,0.5908869395711501,binary_roc_auc,True,0.6319444444444445,-0.06497011760169663,46.77858114242554,0.008931398391723633,63.59295296669006,341.890625,11,ok,,0.2.0,"{""mode"": ""medium"", ""elapsed_time"": 46.52039647102356, ""n_init_feats"": 4, ""n_added_feats"": 4, ""initial_metric"": null, ""final_metric"": 0.7659343339587241, ""pct_gain"": 0.05164685627475502}"
10101,blood-transfusion,openml_task,amlb,classification,tabularaml,2,1200,598,150,4,8,4,0.7242933723196882,binary_roc_auc,True,0.7634015594541911,-0.05122885413341845,58.123666524887085,0.00946187973022461,63.74346590042114,340.83984375,47,ok,,0.2.0,"{""mode"": ""medium"", ""elapsed_time"": 57.87718415260315, ""n_init_feats"": 4, ""n_added_feats"": 4, ""initial_metric"": null, ""final_metric"": 0.7050675422138837, ""pct_gain"": 0.02841122067699879}"
10101,blood-transfusion,openml_task,amlb,classification,autofeat,1,1200,598,150,4,4,0,0.7269736842105263,binary_roc_auc,True,0.7269736842105263,0.0,74.56662940979004,0.006508827209472656,91.73330926895142,513.9453125,39,ok,,upstream-2.1.x,{}
14952,PhishingWebsites,openml_task,amlb,classification,nofe,3,1200,8844,2211,30,30,0,0.9954230839370679,binary_roc_auc,True,0.9954230839370679,0.0,0.008520841598510742,0.00037670135498046875,39.28746438026428,339.9921875,676,ok,,1.0.0,{}
14952,PhishingWebsites,openml_task,amlb,classification,nofe,4,1200,8844,2211,30,30,0,0.997211906696066,binary_roc_auc,True,0.997211906696066,0.0,0.00901937484741211,0.0004088878631591797,20.598868370056152,345.53125,452,ok,,1.0.0,{}
10101,blood-transfusion,openml_task,amlb,classification,autofeat,0,1200,598,150,4,12,8,0.6604532163742689,binary_roc_auc,True,0.6437621832358674,0.02592732778198322,67.90622019767761,0.021666765213012695,138.2966821193695,529.171875,9,ok,,upstream-2.1.x,{}
10093,banknote-authentication,openml_task,amlb,classification,tabularaml,4,1200,1097,275,4,4,0,0.9998392799742849,binary_roc_auc,True,0.9998392799742849,0.0,119.445720911026,0.0017480850219726562,146.07758831977844,347.18359375,1393,ok,,0.2.0,"{""mode"": ""medium"", ""elapsed_time"": 118.92909908294678, ""n_init_feats"": 4, ""n_added_feats"": 0, ""initial_metric"": null, ""final_metric"": 0.9997706422018349, ""pct_gain"": 5.991573057923704e-05}"
10101,blood-transfusion,openml_task,amlb,classification,autofeat,2,1200,598,150,4,4,0,0.7634015594541911,binary_roc_auc,True,0.7634015594541911,0.0,83.77997136116028,0.00958561897277832,101.9297730922699,514.31640625,40,ok,,upstream-2.1.x,{}
10101,blood-transfusion,openml_task,amlb,classification,tabularaml,4,1200,598,150,4,8,4,0.7174707602339181,binary_roc_auc,True,0.7099171539961014,0.010640123562725076,26.475724697113037,0.01123189926147461,100.14073491096497,340.84765625,36,ok,,0.2.0,"{""mode"": ""medium"", ""elapsed_time"": 26.192922115325928, ""n_init_feats"": 4, ""n_added_feats"": 4, ""initial_metric"": null, ""final_metric"": 0.7125759849906192, ""pct_gain"": 0.059596976022129815}"
14954,cylinder-bands,openml_task,amlb,classification,nofe,0,1200,432,108,35,35,0,0.9319775596072932,binary_roc_auc,True,0.9319775596072932,0.0,0.017458200454711914,0.0006923675537109375,39.469685554504395,337.3359375,285,ok,,1.0.0,{}
10101,blood-transfusion,openml_task,amlb,classification,autofeat,3,1200,598,150,4,8,4,0.6290204678362573,binary_roc_auc,True,0.6319444444444445,-0.004626951995373179,76.26619696617126,0.014243364334106445,148.44438004493713,520.69921875,15,ok,,upstream-2.1.x,{}
14952,PhishingWebsites,openml_task,amlb,classification,featuretools,2,1200,8844,2211,30,3528,3498,0.9961442497388883,binary_roc_auc,True,0.9961226976574545,2.1635970633348814e-05,12.366204500198364,17.193239212036133,115.24564385414124,901.16796875,489,ok,,upstream-1.x,{}
14952,PhishingWebsites,openml_task,amlb,classification,featuretools,1,1200,8844,2211,30,3528,3498,0.9968036605381388,binary_roc_auc,True,0.9965831661665477,0.00022125034726329905,14.188061237335205,17.480863332748413,136.83999848365784,901.17578125,352,ok,,upstream-1.x,{}
14954,cylinder-bands,openml_task,amlb,classification,nofe,1,1200,432,108,35,35,0,0.8509817671809257,binary_roc_auc,True,0.8509817671809257,0.0,0.004683732986450195,0.00028395652770996094,10.170498371124268,332.53125,115,ok,,1.0.0,{}
10093,banknote-authentication,openml_task,amlb,classification,autofeat,0,1200,1097,275,4,22,18,0.9997321332904746,binary_roc_auc,True,1.0,-0.0002678667095253884,292.67577028274536,0.04633736610412598,303.61836647987366,540.5078125,833,ok,,upstream-2.1.x,{}
10093,banknote-authentication,openml_task,amlb,classification,autofeat,3,1200,1097,275,4,19,15,1.0,binary_roc_auc,True,1.0,0.0,237.8051152229309,0.04507279396057129,248.1732680797577,536.76171875,321,ok,,upstream-2.1.x,{}
14952,PhishingWebsites,openml_task,amlb,classification,featuretools,0,1200,8844,2211,30,3528,3498,0.9965342595202175,binary_roc_auc,True,0.9961645584310084,0.0003711245156035022,14.663738489151001,15.688381910324097,157.38214755058289,905.41796875,387,ok,,upstream-1.x,{}
14954,cylinder-bands,openml_task,amlb,classification,nofe,2,1200,432,108,35,35,0,0.9119915848527349,binary_roc_auc,True,0.9119915848527349,0.0,0.005728721618652344,0.0003256797790527344,9.676318645477295,335.83984375,244,ok,,1.0.0,{}
10093,banknote-authentication,openml_task,amlb,classification,autofeat,2,1200,1097,275,4,15,11,0.9998392799742848,binary_roc_auc,True,0.9999464266580949,-0.00010715242432353079,273.8645782470703,0.03696441650390625,279.2967972755432,529.15625,334,ok,,upstream-2.1.x,{}
10093,banknote-authentication,openml_task,amlb,classification,autofeat,4,1200,1097,275,4,22,18,1.0,binary_roc_auc,True,0.9998392799742849,0.0001607458607939802,250.24894452095032,0.04954028129577637,254.19125938415527,548.37890625,938,ok,,upstream-2.1.x,{}
14954,cylinder-bands,openml_task,amlb,classification,featuretools,1,1200,432,108,35,,,,,,,,,,17.624842405319214,,,crash,TypeError: boolean value of NA is ambiguous,upstream-1.x,
10093,banknote-authentication,openml_task,amlb,classification,autofeat,1,1200,1097,275,4,21,17,0.9996249866066645,binary_roc_auc,True,1.0,-0.0003750133933354549,313.659606218338,0.04638051986694336,324.26799058914185,538.53515625,289,ok,,upstream-2.1.x,{}
14954,cylinder-bands,openml_task,amlb,classification,featuretools,0,1200,432,108,35,,,,,,,,,,76.351553440094,,,crash,TypeError: boolean value of NA is ambiguous,upstream-1.x,
14954,cylinder-bands,openml_task,amlb,classification,featuretools,2,1200,432,108,35,,,,,,,,,,35.94397330284119,,,crash,TypeError: boolean value of NA is ambiguous,upstream-1.x,
14954,cylinder-bands,openml_task,amlb,classification,nofe,3,1200,432,108,35,35,0,0.8271388499298739,binary_roc_auc,True,0.8271388499298739,0.0,0.0049381256103515625,0.00035643577575683594,27.53134298324585,332.26171875,39,ok,,1.0.0,{}
14954,cylinder-bands,openml_task,amlb,classification,autofeat,3,1200,432,108,35,,,,,,,,,,13.357117414474487,,,autofeat_internal_nan,"_AutofeatInternalNaNError: Input X contains NaN.
LogisticRegressionCV does not accept missing values encoded as NaN natively. For supervised learning, you might want to consider sklearn.ensemble.HistGradientBoostingClassifier and Regressor which accept missing values encoded as NaNs natively. Alternatively, it is possible to preprocess the data, for instance by using an imputer transformer in a pipeline or drop samples with",upstream-2.1.x,
14954,cylinder-bands,openml_task,amlb,classification,featuretools,3,1200,432,108,35,,,,,,,,,,11.084859848022461,,,crash,TypeError: boolean value of NA is ambiguous,upstream-1.x,
14954,cylinder-bands,openml_task,amlb,classification,nofe,4,1200,432,108,35,35,0,0.8818373071528752,binary_roc_auc,True,0.8818373071528752,0.0,0.017646312713623047,0.00032711029052734375,12.186392068862915,337.1015625,538,ok,,1.0.0,{}
10093,banknote-authentication,openml_task,amlb,classification,tabularaml,3,1200,1097,275,4,6,2,1.0,binary_roc_auc,True,1.0,0.0,379.93164587020874,0.007791757583618164,382.7104501724243,345.88671875,731,ok,,0.2.0,"{""mode"": ""medium"", ""elapsed_time"": 379.405713558197, ""n_init_feats"": 4, ""n_added_feats"": 2, ""initial_metric"": null, ""final_metric"": 1.0, ""pct_gain"": 0.00016550619421038532}"
9978,ozone-level-8hr,openml_task,amlb,classification,autofeat,3,1200,,,,,,,,,,,,,1380,,,timeout,wall-clock exceeded 1380s,,
14954,cylinder-bands,openml_task,amlb,classification,featuretools,4,1200,432,108,35,,,,,,,,,,3.5311529636383057,,,crash,TypeError: boolean value of NA is ambiguous,upstream-1.x,
9978,ozone-level-8hr,openml_task,amlb,classification,tabularaml,3,1200,,,,,,,,,,,,,1380,,,timeout,wall-clock exceeded 1380s,,
10093,banknote-authentication,openml_task,amlb,classification,tabularaml,0,1200,1097,275,4,5,1,1.0,binary_roc_auc,True,1.0,0.0,448.91647839546204,0.005886554718017578,458.8555691242218,344.39453125,347,ok,,0.2.0,"{""mode"": ""medium"", ""elapsed_time"": 448.44162678718567, ""n_init_feats"": 4, ""n_added_feats"": 1, ""initial_metric"": null, ""final_metric"": 0.9999793388429751, ""pct_gain"": 0.00014541045035290894}"
14952,PhishingWebsites,openml_task,amlb,classification,openfe,2,1200,8844,2211,30,896,866,0.9919656327193754,binary_roc_auc,True,0.9961226976574545,-0.004173245874082702,195.13593912124634,81.68549752235413,305.0006227493286,590.38671875,345,ok,,upstream-0.0.12,{}
14954,cylinder-bands,openml_task,amlb,classification,openfe,1,1200,432,108,35,1950,1915,0.8092566619915849,binary_roc_auc,True,0.8509817671809257,-0.04903172641120724,111.92166519165039,28.245647430419922,173.9928617477417,417.5390625,180,ok,,upstream-0.0.12,{}
14952,PhishingWebsites,openml_task,amlb,classification,openfe,0,1200,8844,2211,30,888,858,0.993744093900761,binary_roc_auc,True,0.9961645584310084,-0.002429783824130089,215.33051300048828,86.5695264339447,328.0440056324005,586.95703125,323,ok,,upstream-0.0.12,{}
14952,PhishingWebsites,openml_task,amlb,classification,openfe,1,1200,8844,2211,30,900,870,0.9933810242212238,binary_roc_auc,True,0.9965831661665477,-0.003213120644653594,194.4776873588562,85.16036558151245,324.65499806404114,588.7265625,525,ok,,upstream-0.0.12,{}
14965,bank-marketing,openml_task,amlb,classification,nofe,0,1200,36168,9043,16,16,0,0.9374071540092305,binary_roc_auc,True,0.9374071540092305,0.0,0.026731491088867188,0.0010111331939697266,10.238065958023071,367.40625,418,ok,,1.0.0,{}
14954,cylinder-bands,openml_task,amlb,classification,autofeat,4,1200,432,108,35,,,,,,,,,,30.854914903640747,,,autofeat_internal_nan,"_AutofeatInternalNaNError: Input X contains NaN.
LogisticRegressionCV does not accept missing values encoded as NaN natively. For supervised learning, you might want to consider sklearn.ensemble.HistGradientBoostingClassifier and Regressor which accept missing values encoded as NaNs natively. Alternatively, it is possible to preprocess the data, for instance by using an imputer transformer in a pipeline or drop samples with",upstream-2.1.x,
14954,cylinder-bands,openml_task,amlb,classification,openfe,2,1200,432,108,35,1877,1842,0.8555399719495091,binary_roc_auc,True,0.9119915848527349,-0.0618992695117262,110.44015049934387,29.509654760360718,156.14449429512024,420.10546875,130,ok,,upstream-0.0.12,{}
9978,ozone-level-8hr,openml_task,amlb,classification,autofeat,4,1200,,,,,,,,,,,,,1380,,,timeout,wall-clock exceeded 1380s,,
14952,PhishingWebsites,openml_task,amlb,classification,openfe,3,1200,8844,2211,30,882,852,0.9925732356305642,binary_roc_auc,True,0.9954230839370679,-0.0028629517965688155,202.5517017841339,81.83671927452087,308.7651710510254,587.14453125,435,ok,,upstream-0.0.12,{}
14965,bank-marketing,openml_task,amlb,classification,nofe,1,1200,36168,9043,16,16,0,0.9355591710828313,binary_roc_auc,True,0.9355591710828313,0.0,0.026890039443969727,0.0008409023284912109,19.72191023826599,364.51171875,271,ok,,1.0.0,{}
14965,bank-marketing,openml_task,amlb,classification,nofe,2,1200,36168,9043,16,16,0,0.9339189856216701,binary_roc_auc,True,0.9339189856216701,0.0,0.023317337036132812,0.0007905960083007812,12.65053939819336,362.359375,226,ok,,1.0.0,{}
9978,ozone-level-8hr,openml_task,amlb,classification,featuretools,4,1200,,,,,,,,,,,,,1380,,,timeout,wall-clock exceeded 1380s,,
14965,bank-marketing,openml_task,amlb,classification,featuretools,1,1200,36168,9043,16,271,255,0.9353311324517969,binary_roc_auc,True,0.9355591710828313,-0.000243745813287728,4.254090309143066,1.9577841758728027,32.04016137123108,517.546875,207,ok,,upstream-1.x,{}
9981,cnae-9,openml_task,amlb,multiclass,tabularaml,4,1200,864,216,856,860,4,0.24069151892359109,categorical_crossentropy,False,0.24228028915887181,0.006557571153627423,929.9515898227692,0.06519126892089844,948.16534948349,282.53515625,246,ok,,0.2.0,"{""mode"": ""medium"", ""elapsed_time"": 927.6290080547333, ""n_init_feats"": 856, ""n_added_feats"": 4, ""initial_metric"": null, ""final_metric"": 0.6015507462267082, ""pct_gain"": 0.015660677383046516}"
14965,bank-marketing,openml_task,amlb,classification,featuretools,0,1200,36168,9043,16,272,256,0.9351491986984102,binary_roc_auc,True,0.9374071540092305,-0.002408724214620255,4.171428442001343,2.1001780033111572,53.70331358909607,519.39453125,258,ok,,upstream-1.x,{}
14954,cylinder-bands,openml_task,amlb,classification,openfe,3,1200,432,108,35,1983,1948,0.7584151472650772,binary_roc_auc,True,0.8271388499298739,-0.08308605341246293,127.16480255126953,31.86843180656433,172.75272297859192,423.890625,55,ok,,upstream-0.0.12,{}
9981,cnae-9,openml_task,amlb,multiclass,openfe,0,1200,,,,,,,,,,,,,1380,,,timeout,wall-clock exceeded 1380s,,
14965,bank-marketing,openml_task,amlb,classification,featuretools,2,1200,36168,9043,16,272,256,0.9326300613271812,binary_roc_auc,True,0.9339189856216701,-0.0013801243087813665,4.304553270339966,2.071465492248535,37.369300365448,516.91796875,213,ok,,upstream-1.x,{}
9981,cnae-9,openml_task,amlb,multiclass,featuretools,0,1200,,,,,,,,,,,,,1380,,,timeout,wall-clock exceeded 1380s,,
14965,bank-marketing,openml_task,amlb,classification,nofe,4,1200,36168,9043,16,16,0,0.9372663536190847,binary_roc_auc,True,0.9372663536190847,0.0,0.027935266494750977,0.0009434223175048828,5.365504503250122,362.66015625,241,ok,,1.0.0,{}
14954,cylinder-bands,openml_task,amlb,classification,openfe,4,1200,432,108,35,1963,1928,0.8380084151472651,binary_roc_auc,True,0.8818373071528752,-0.04970178926441356,123.08608937263489,31.40824317932129,174.25949096679688,424.41015625,53,ok,,upstream-0.0.12,{}
14965,bank-marketing,openml_task,amlb,classification,featuretools,3,1200,36168,9043,16,272,256,0.9336188008470512,binary_roc_auc,True,,,4.1700074672698975,2.1478958129882812,49.52651762962341,519.94921875,138,ok,,upstream-1.x,{}
14952,PhishingWebsites,openml_task,amlb,classification,openfe,4,1200,8844,2211,30,897,867,0.9959726620136276,binary_roc_auc,True,0.997211906696066,-0.0012427094723971377,205.58709955215454,86.93829035758972,394.5218725204468,587.96875,587,ok,,upstream-0.0.12,{}
14954,cylinder-bands,openml_task,amlb,classification,tabularaml,1,1200,432,108,35,44,9,0.8309957924263675,binary_roc_auc,True,0.8509817671809257,-0.0234857849196539,289.25200271606445,0.03334999084472656,295.8990547657013,350.5,65,ok,,0.2.0,"{""mode"": ""medium"", ""elapsed_time"": 288.8721203804016, ""n_init_feats"": 35, ""n_added_feats"": 9, ""initial_metric"": null, ""final_metric"": 0.9041287878787878, ""pct_gain"": 0.03596591443287841}"
14965,bank-marketing,openml_task,amlb,classification,featuretools,4,1200,36168,9043,16,272,256,0.935151447716832,binary_roc_auc,True,0.9372663536190847,-0.002256461990859258,4.018307685852051,1.8367493152618408,32.74949502944946,515.25390625,147,ok,,upstream-1.x,{}
14954,cylinder-bands,openml_task,amlb,classification,tabularaml,2,1200,432,108,35,40,5,0.8948106591865358,binary_roc_auc,True,0.9119915848527349,-0.01883890811226446,299.21709728240967,0.056559085845947266,304.7602741718292,343.2734375,135,ok,,0.2.0,"{""mode"": ""medium"", ""elapsed_time"": 298.47616267204285, ""n_init_feats"": 35, ""n_added_feats"": 5, ""initial_metric"": null, ""final_metric"": 0.8872769360269361, ""pct_gain"": 0.035335081258625806}"
9981,cnae-9,openml_task,amlb,multiclass,openfe,1,1200,,,,,,,,,,,,,1380,,,timeout,wall-clock exceeded 1380s,,
14969,GesturePhaseSegmentation,openml_task,amlb,multiclass,nofe,0,1200,7898,1975,32,32,0,0.8673281025144131,categorical_crossentropy,False,0.8673281025144131,-0.0,0.010675668716430664,0.0008676052093505859,43.194437742233276,404.09765625,630,ok,,1.0.0,{}
9981,cnae-9,openml_task,amlb,multiclass,featuretools,1,1200,,,,,,,,,,,,,1380,,,timeout,wall-clock exceeded 1380s,,
9981,cnae-9,openml_task,amlb,multiclass,tabularaml,1,1200,,,,,,,,,,,,,1380,,,timeout,wall-clock exceeded 1380s,,
9981,cnae-9,openml_task,amlb,multiclass,openfe,2,1200,,,,,,,,,,,,,1380,,,timeout,wall-clock exceeded 1380s,,
14969,GesturePhaseSegmentation,openml_task,amlb,multiclass,nofe,1,1200,7898,1975,32,32,0,0.8239146764845222,categorical_crossentropy,False,0.8239146764845222,-0.0,0.011257171630859375,0.0010266304016113281,85.24533462524414,414.24609375,795,ok,,1.0.0,{}
9985,first-order-theorem-proving,openml_task,amlb,multiclass,tabularaml,0,1200,4894,1224,51,55,4,1.0797946856758904,categorical_crossentropy,False,1.0788932828775917,-0.0008354883773996272,1003.7800009250641,0.013875961303710938,1032.262416601181,301.8203125,169,ok,,0.2.0,"{""mode"": ""medium"", ""elapsed_time"": 981.531881570816, ""n_init_feats"": 51, ""n_added_feats"": 4, ""initial_metric"": null, ""final_metric"": 1.2706243364116216, ""pct_gain"": 0.012775296839091217}"
9985,first-order-theorem-proving,openml_task,amlb,multiclass,tabularaml,1,1200,4894,1224,51,54,3,1.125848209725851,categorical_crossentropy,False,1.1202751351010627,-0.004974737410632289,957.1957857608795,0.018352270126342773,972.2524163722992,310.16796875,244,ok,,0.2.0,"{""mode"": ""medium"", ""elapsed_time"": 932.3659007549286, ""n_init_feats"": 51, ""n_added_feats"": 3, ""initial_metric"": null, ""final_metric"": 1.2675158774403223, ""pct_gain"": 0.005321773268518226}"
9981,cnae-9,openml_task,amlb,multiclass,featuretools,2,1200,,,,,,,,,,,,,1380,,,timeout,wall-clock exceeded 1380s,,
14954,cylinder-bands,openml_task,amlb,classification,tabularaml,0,1200,432,108,35,45,10,0.9319775596072931,binary_roc_auc,True,0.9319775596072932,-1.1912551039243589e-16,462.8286859989166,0.0446171760559082,482.27623295783997,353.7109375,288,ok,,0.2.0,"{""mode"": ""medium"", ""elapsed_time"": 462.240914106369, ""n_init_feats"": 35, ""n_added_feats"": 10, ""initial_metric"": null, ""final_metric"": 0.8975378787878789, ""pct_gain"": 0.04775076589175485}"
9981,cnae-9,openml_task,amlb,multiclass,tabularaml,2,1200,,,,,,,,,,,,,1380,,,timeout,wall-clock exceeded 1380s,,
10093,banknote-authentication,openml_task,amlb,classification,tabularaml,2,1200,1097,275,4,5,1,0.9998392799742849,binary_roc_auc,True,0.9999464266580949,-0.00010715242432341975,736.0677108764648,0.009394645690917969,748.2549939155579,346.04296875,219,ok,,0.2.0,"{""mode"": ""medium"", ""elapsed_time"": 735.6717941761017, ""n_init_feats"": 4, ""n_added_feats"": 1, ""initial_metric"": null, ""final_metric"": 0.9999165492316393, ""pct_gain"": 0.0001880451297264665}"
14954,cylinder-bands,openml_task,amlb,classification,tabularaml,4,1200,432,108,35,44,9,0.8821879382889201,binary_roc_auc,True,0.8818373071528752,0.00039761431411525303,339.4936945438385,0.04035663604736328,347.7044847011566,351.265625,156,ok,,0.2.0,"{""mode"": ""medium"", ""elapsed_time"": 338.8242869377136, ""n_init_feats"": 35, ""n_added_feats"": 9, ""initial_metric"": null, ""final_metric"": 0.8682407407407406, ""pct_gain"": 0.04651894183088311}"
14969,GesturePhaseSegmentation,openml_task,amlb,multiclass,nofe,2,1200,7898,1975,32,32,0,0.837373473830079,categorical_crossentropy,False,0.837373473830079,-0.0,0.009165763854980469,0.0007281303405761719,53.39265513420105,414.1796875,795,ok,,1.0.0,{}
9981,cnae-9,openml_task,amlb,multiclass,openfe,3,1200,,,,,,,,,,,,,1380,,,timeout,wall-clock exceeded 1380s,,
14965,bank-marketing,openml_task,amlb,classification,tabularaml,1,1200,36168,9043,16,17,1,0.9350255026852096,binary_roc_auc,True,0.9355591710828313,-0.0005704271991733287,334.0043866634369,0.05463266372680664,347.471004486084,404.3984375,306,ok,,0.2.0,"{""mode"": ""medium"", ""elapsed_time"": 325.4125831127167, ""n_init_feats"": 16, ""n_added_feats"": 1, ""initial_metric"": null, ""final_metric"": 0.9340338982220245, ""pct_gain"": 0.0}"
14969,GesturePhaseSegmentation,openml_task,amlb,multiclass,nofe,3,1200,7898,1975,32,32,0,0.8842936600477116,categorical_crossentropy,False,0.8842936600477116,-0.0,0.009808540344238281,0.0016696453094482422,35.98394536972046,396.1640625,529,ok,,1.0.0,{}
9985,first-order-theorem-proving,openml_task,amlb,multiclass,tabularaml,2,1200,4894,1224,51,52,1,1.1000886131991066,categorical_crossentropy,False,1.0989896513436452,-0.0009999747077852016,984.0257267951965,0.008755207061767578,1002.28062748909,306.88671875,266,ok,,0.2.0,"{""mode"": ""medium"", ""elapsed_time"": 963.0288937091827, ""n_init_feats"": 51, ""n_added_feats"": 1, ""initial_metric"": null, ""final_metric"": 1.2897535677798075, ""pct_gain"": 0.0009321016161480862}"
9981,cnae-9,openml_task,amlb,multiclass,featuretools,3,1200,,,,,,,,,,,,,1380,,,timeout,wall-clock exceeded 1380s,,
14969,GesturePhaseSegmentation,openml_task,amlb,multiclass,nofe,4,1200,7898,1975,32,32,0,0.8296306259481862,categorical_crossentropy,False,0.8296306259481862,-0.0,0.014232873916625977,0.0013885498046875,40.37895178794861,413.109375,729,ok,,1.0.0,{}
9985,first-order-theorem-proving,openml_task,amlb,multiclass,tabularaml,3,1200,4894,1224,51,56,5,1.086656083766024,categorical_crossentropy,False,1.0840020134445474,-0.0024483998078960634,940.1055042743683,0.017375946044921875,955.1998929977417,404.2265625,227,ok,,0.2.0,"{""mode"": ""medium"", ""elapsed_time"": 917.6236028671265, ""n_init_feats"": 51, ""n_added_feats"": 5, ""initial_metric"": null, ""final_metric"": 1.2747295251922248, ""pct_gain"": 0.008348705485648538}"
14954,cylinder-bands,openml_task,amlb,classification,tabularaml,3,1200,432,108,35,46,11,0.8776297335203366,binary_roc_auc,True,0.8271388499298739,0.061042814752013425,489.58538603782654,0.05355072021484375,507.46693229675293,344.43359375,56,ok,,0.2.0,"{""mode"": ""medium"", ""elapsed_time"": 488.8472821712494, ""n_init_feats"": 35, ""n_added_feats"": 11, ""initial_metric"": null, ""final_metric"": 0.9127861952861952, ""pct_gain"": 0.0474162073183573}"
9981,cnae-9,openml_task,amlb,multiclass,tabularaml,3,1200,,,,,,,,,,,,,1380,,,timeout,wall-clock exceeded 1380s,,
9981,cnae-9,openml_task,amlb,multiclass,openfe,4,1200,,,,,,,,,,,,,1380,,,timeout,wall-clock exceeded 1380s,,
9981,cnae-9,openml_task,amlb,multiclass,featuretools,4,1200,,,,,,,,,,,,,1380,,,timeout,wall-clock exceeded 1380s,,
9985,first-order-theorem-proving,openml_task,amlb,multiclass,openfe,0,1200,,,,,,,,,,,,,1380,,,timeout,wall-clock exceeded 1380s,,
9985,first-order-theorem-proving,openml_task,amlb,multiclass,tabularaml,4,1200,4894,1224,51,53,2,1.100871137264976,categorical_crossentropy,False,1.1046307951096275,0.00340354248794808,953.2352831363678,0.23324966430664062,987.7517688274384,405.890625,232,ok,,0.2.0,"{""mode"": ""medium"", ""elapsed_time"": 931.6420433521271, ""n_init_feats"": 51, ""n_added_feats"": 2, ""initial_metric"": null, ""final_metric"": 1.291659351534319, ""pct_gain"": 0.011050113750710725}"
9985,first-order-theorem-proving,openml_task,amlb,multiclass,autofeat,0,1200,,,,,,,,,,,,,1380,,,timeout,wall-clock exceeded 1380s,,
14965,bank-marketing,openml_task,amlb,classification,openfe,3,1200,36168,9043,16,598,582,0.9333646025806895,binary_roc_auc,True,,,327.9292302131653,145.27896690368652,519.4433581829071,1078.38671875,70,ok,,upstream-0.0.12,{}
14952,PhishingWebsites,openml_task,amlb,classification,tabularaml,1,1200,8844,2211,30,31,1,0.9963825660239725,binary_roc_auc,True,0.9965831661665477,-0.00020128790991614653,909.4416568279266,0.08045458793640137,915.1123242378235,482.7890625,805,ok,,0.2.0,"{""mode"": ""medium"", ""elapsed_time"": 906.8229894638062, ""n_init_feats"": 30, ""n_added_feats"": 1, ""initial_metric"": null, ""final_metric"": 0.9953303395835931, ""pct_gain"": 0.0006225427278796212}"
14952,PhishingWebsites,openml_task,amlb,classification,tabularaml,0,1200,8844,2211,30,31,1,0.9960062335250918,binary_roc_auc,True,0.9961645584310084,-0.0001589344898657847,903.6777548789978,0.0537416934967041,927.2135355472565,476.30078125,805,ok,,0.2.0,"{""mode"": ""medium"", ""elapsed_time"": 901.7350330352783, ""n_init_feats"": 30, ""n_added_feats"": 1, ""initial_metric"": null, ""final_metric"": 0.9950877985190472, ""pct_gain"": 0.00031108138347234703}"
14965,bank-marketing,openml_task,amlb,classification,openfe,2,1200,36168,9043,16,615,599,0.927589419196911,binary_roc_auc,True,0.9339189856216701,-0.00677742558209779,365.36279702186584,152.31170010566711,579.2188317775726,1160.5390625,104,ok,,upstream-0.0.12,{}
14965,bank-marketing,openml_task,amlb,classification,openfe,4,1200,36168,9043,16,618,602,0.9297047985767264,binary_roc_auc,True,0.9372663536190847,-0.008067669359046932,315.7163622379303,139.09306526184082,523.333135843277,1162.08984375,68,ok,,upstream-0.0.12,{}
9985,first-order-theorem-proving,openml_task,amlb,multiclass,featuretools,0,1200,,,,,,,,,,,,,1380,,,timeout,wall-clock exceeded 1380s,,
14952,PhishingWebsites,openml_task,amlb,classification,tabularaml,2,1200,8844,2211,30,32,2,0.9959942140950612,binary_roc_auc,True,0.9961226976574545,-0.00012898367108340848,947.51633477211,0.0890045166015625,958.7173335552216,484.94140625,872,ok,,0.2.0,"{""mode"": ""medium"", ""elapsed_time"": 944.7158291339874, ""n_init_feats"": 30, ""n_added_feats"": 2, ""initial_metric"": null, ""final_metric"": 0.9953812099333705, ""pct_gain"": 0.00023378551339101741}"
9985,first-order-theorem-proving,openml_task,amlb,multiclass,openfe,1,1200,,,,,,,,,,,,,1380,,,timeout,wall-clock exceeded 1380s,,
9985,first-order-theorem-proving,openml_task,amlb,multiclass,autofeat,1,1200,,,,,,,,,,,,,1380,,,timeout,wall-clock exceeded 1380s,,
14970,har,openml_task,amlb,multiclass,nofe,0,1200,8239,2060,561,561,0,0.02713479678423436,categorical_crossentropy,False,0.02713479678423436,-0.0,0.043673038482666016,0.009430170059204102,262.4988625049591,789.77734375,1476,ok,,1.0.0,{}
9985,first-order-theorem-proving,openml_task,amlb,multiclass,featuretools,1,1200,,,,,,,,,,,,,1380,,,timeout,wall-clock exceeded 1380s,,
9985,first-order-theorem-proving,openml_task,amlb,multiclass,openfe,2,1200,,,,,,,,,,,,,1380,,,timeout,wall-clock exceeded 1380s,,
9985,first-order-theorem-proving,openml_task,amlb,multiclass,autofeat,2,1200,,,,,,,,,,,,,1380,,,timeout,wall-clock exceeded 1380s,,
14952,PhishingWebsites,openml_task,amlb,classification,tabularaml,4,1200,8844,2211,30,31,1,0.997288996833502,binary_roc_auc,True,0.997211906696066,7.730567286493526e-05,945.0716743469238,0.07988953590393066,959.5459122657776,486.32421875,459,ok,,0.2.0,"{""mode"": ""medium"", ""elapsed_time"": 942.3582587242126, ""n_init_feats"": 30, ""n_added_feats"": 1, ""initial_metric"": null, ""final_metric"": 0.9952710258293879, ""pct_gain"": 0.0004072392533642741}"
9985,first-order-theorem-proving,openml_task,amlb,multiclass,openfe,3,1200,4894,1224,51,2051,2000,1.1450141954579651,categorical_crossentropy,False,1.0840020134445474,-0.056284196206927845,745.4895975589752,17.221420526504517,1273.5456697940826,737.26171875,109,ok,,upstream-0.0.12,{}
9985,first-order-theorem-proving,openml_task,amlb,multiclass,featuretools,2,1200,,,,,,,,,,,,,1380,,,timeout,wall-clock exceeded 1380s,,
14970,har,openml_task,amlb,multiclass,nofe,1,1200,8239,2060,561,561,0,0.02071714665300204,categorical_crossentropy,False,0.02071714665300204,-0.0,0.039633989334106445,0.006011486053466797,263.0909061431885,791.3125,1260,ok,,1.0.0,{}
9985,first-order-theorem-proving,openml_task,amlb,multiclass,autofeat,3,1200,,,,,,,,,,,,,1380,,,timeout,wall-clock exceeded 1380s,,
9985,first-order-theorem-proving,openml_task,amlb,multiclass,featuretools,3,1200,,,,,,,,,,,,,1380,,,timeout,wall-clock exceeded 1380s,,
9985,first-order-theorem-proving,openml_task,amlb,multiclass,openfe,4,1200,4894,1224,51,2051,2000,1.1415052395648768,categorical_crossentropy,False,1.1046307951096275,-0.03338169152851636,881.8655691146851,25.119848489761353,1374.7900521755219,856.265625,104,ok,,upstream-0.0.12,{}
14970,har,openml_task,amlb,multiclass,nofe,2,1200,8239,2060,561,561,0,0.023938772921501678,categorical_crossentropy,False,0.023938772921501678,-0.0,0.049492835998535156,0.00774073600769043,257.7077884674072,804.81640625,1972,ok,,1.0.0,{}
9985,first-order-theorem-proving,openml_task,amlb,multiclass,autofeat,4,1200,,,,,,,,,,,,,1380,,,timeout,wall-clock exceeded 1380s,,
9985,first-order-theorem-proving,openml_task,amlb,multiclass,featuretools,4,1200,,,,,,,,,,,,,1380,,,timeout,wall-clock exceeded 1380s,,
125920,dresses-sales,openml_task,amlb,classification,nofe,0,1200,400,100,12,12,0,0.6642036124794746,binary_roc_auc,True,0.6642036124794746,0.0,0.005194425582885742,0.0001704692840576172,5.131304025650024,322.69921875,32,ok,,1.0.0,{}
125920,dresses-sales,openml_task,amlb,classification,featuretools,0,1200,400,100,12,17,5,0.7013546798029557,binary_roc_auc,True,0.6642036124794746,0.055933250927070535,0.8016724586486816,0.3947179317474365,14.751516342163086,350.91796875,2000,ok,,upstream-1.x,{}
125920,dresses-sales,openml_task,amlb,classification,openfe,0,1200,400,100,12,127,115,0.6110426929392446,binary_roc_auc,True,0.6642036124794746,-0.08003708281829428,13.423437118530273,2.171116828918457,18.805450439453125,338.91796875,1,ok,,upstream-0.0.12,{}
125920,dresses-sales,openml_task,amlb,classification,nofe,1,1200,400,100,12,12,0,0.5619868637110017,binary_roc_auc,True,0.5619868637110017,0.0,0.007801055908203125,0.00024390220642089844,8.620913982391357,328.54296875,19,ok,,1.0.0,{}
14954,cylinder-bands,openml_task,amlb,classification,autofeat,0,1200,432,108,35,45,10,0.9151472650771388,binary_roc_auc,True,0.9319775596072932,-0.01805869074492111,1141.7774310112,0.051442623138427734,1151.8041017055511,545.39453125,349,ok,,upstream-2.1.x,{}
14970,har,openml_task,amlb,multiclass,nofe,4,1200,8239,2060,561,561,0,0.023619512586307873,categorical_crossentropy,False,0.023619512586307873,-0.0,0.04989767074584961,0.010275840759277344,202.7388253211975,789.71484375,803,ok,,1.0.0,{}
125920,dresses-sales,openml_task,amlb,classification,openfe,1,1200,400,100,12,121,109,0.5270935960591133,binary_roc_auc,True,0.5619868637110017,-0.06208911614317026,13.12208366394043,2.4609949588775635,38.85717463493347,340.62109375,4,ok,,upstream-0.0.12,{}
125920,dresses-sales,openml_task,amlb,classification,nofe,2,1200,400,100,12,12,0,0.578407224958949,binary_roc_auc,True,0.578407224958949,0.0,0.01065373420715332,0.0002086162567138672,10.421571493148804,318.59375,20,ok,,1.0.0,{}
14970,har,openml_task,amlb,multiclass,nofe,3,1200,8239,2060,561,561,0,0.036297432944591985,categorical_crossentropy,False,0.036297432944591985,-0.0,0.039513587951660156,0.004805803298950195,268.86195039749146,789.60546875,861,ok,,1.0.0,{}
14965,bank-marketing,openml_task,amlb,classification,tabularaml,0,1200,36168,9043,16,24,8,0.9371965156786176,binary_roc_auc,True,0.9374071540092305,-0.0002247031396250487,929.6458230018616,0.13089680671691895,955.4338037967682,470.16796875,304,ok,,0.2.0,"{""mode"": ""medium"", ""elapsed_time"": 915.5611908435822, ""n_init_feats"": 16, ""n_added_feats"": 8, ""initial_metric"": null, ""final_metric"": 0.93289388118587, ""pct_gain"": -0.000639803428841794}"
125920,dresses-sales,openml_task,amlb,classification,featuretools,1,1200,400,100,12,,,,,,,,0.6639132499694824,,37.14804410934448,,,crash,TypeError: boolean value of NA is ambiguous,upstream-1.x,
125920,dresses-sales,openml_task,amlb,classification,featuretools,2,1200,400,100,12,,,,,,,,0.6758530139923096,,5.794562578201294,,,crash,TypeError: boolean value of NA is ambiguous,upstream-1.x,
125920,dresses-sales,openml_task,amlb,classification,nofe,3,1200,400,100,12,12,0,0.5410509031198687,binary_roc_auc,True,0.5410509031198687,0.0,0.005292177200317383,0.00019216537475585938,9.425480604171753,325.90625,17,ok,,1.0.0,{}
125920,dresses-sales,openml_task,amlb,classification,openfe,2,1200,400,100,12,150,138,0.57183908045977,binary_roc_auc,True,0.578407224958949,-0.011355571327182387,11.82856559753418,2.5233664512634277,27.79157257080078,338.046875,14,ok,,upstream-0.0.12,{}
10101,blood-transfusion,openml_task,amlb,classification,tabularaml,1,1200,,,,,,,,,,,,,1380,,,timeout,wall-clock exceeded 1380s,,
125920,dresses-sales,openml_task,amlb,classification,openfe,3,1200,400,100,12,170,158,0.5841543513957307,binary_roc_auc,True,0.5410509031198687,0.07966616084977222,11.687650680541992,3.375330686569214,32.878966093063354,332.80859375,16,ok,,upstream-0.0.12,{}
125920,dresses-sales,openml_task,amlb,classification,featuretools,3,1200,400,100,12,,,,,,,,0.7340226173400879,,6.237028360366821,,,crash,TypeError: boolean value of NA is ambiguous,upstream-1.x,
10101,blood-transfusion,openml_task,amlb,classification,autofeat,4,1200,,,,,,,,,,,,,1380,,,timeout,wall-clock exceeded 1380s,,
14952,PhishingWebsites,openml_task,amlb,classification,autofeat,0,1200,,,,,,,,,,,,,1380,,,timeout,wall-clock exceeded 1380s,,
125920,dresses-sales,openml_task,amlb,classification,nofe,4,1200,400,100,12,12,0,0.7159277504105089,binary_roc_auc,True,0.7159277504105089,0.0,0.010327339172363281,0.00016021728515625,10.01329255104065,205.2421875,45,ok,,1.0.0,{}
14952,PhishingWebsites,openml_task,amlb,classification,autofeat,1,1200,,,,,,,,,,,,,1380,,,timeout,wall-clock exceeded 1380s,,
14970,har,openml_task,amlb,multiclass,autofeat,0,1200,,,,,,,,,,,,,616.6315989494324,,,crash,"] Loaded credentials for https://api.wandb.ai from /home/ionutionut045/.netrc.
wandb: Currently logged in as: ionutb to https://api.wandb.ai. Use `wandb login --relogin` to force relogin
wandb: Using an existing wandb-core service via WANDB_SERVICE.
wandb: WARNING Using a boolean value for 'reinit' is deprecated. Use 'return_previous' or 'finish_previous' instead.
wandb: Tracking run with wandb version 0.26.0
wandb: Run data is saved locally in /home/ionutionut045/tabularaml-refactored/wandb/run-20260421_111655-co3n0o1w
wandb: Run `wandb offline` to turn off syncing.
wandb: Syncing run autofeat_multiclass_har_seed0
wandb: ⭐️ View project at https://wandb.ai/ionutb/tabularaml-targeted-benchmark-all
wandb: 🚀 View run at https://wandb.ai/ionutb/tabularaml-targeted-benchmark-all/runs/co3n0o1w
",,
14952,PhishingWebsites,openml_task,amlb,classification,autofeat,2,1200,,,,,,,,,,,,,1380,,,timeout,wall-clock exceeded 1380s,,
125920,dresses-sales,openml_task,amlb,classification,featuretools,4,1200,400,100,12,,,,,,,,1.2559056282043457,,19.411702156066895,,,crash,TypeError: boolean value of NA is ambiguous,upstream-1.x,
14965,bank-marketing,openml_task,amlb,classification,openfe,0,1200,36168,9043,16,620,604,0.9304596401807264,binary_roc_auc,True,0.9374071540092305,-0.007411415411958446,330.29255270957947,152.7833890914917,1082.0686149597168,1103.4375,102,ok,,upstream-0.0.12,{}
14965,bank-marketing,openml_task,amlb,classification,openfe,1,1200,36168,9043,16,613,597,0.9333585065570724,binary_roc_auc,True,0.9355591710828313,-0.0023522451532507127,344.67177867889404,153.62192225456238,1073.5507447719574,1090.3125,72,ok,,upstream-0.0.12,{}
14965,bank-marketing,openml_task,amlb,classification,tabularaml,4,1200,36168,9043,16,21,5,0.937631049711593,binary_roc_auc,True,0.9372663536190847,0.00038910613946613245,632.5255613327026,0.07852935791015625,946.5245409011841,432.6640625,272,ok,,0.2.0,"{""mode"": ""medium"", ""elapsed_time"": 623.8801517486572, ""n_init_feats"": 16, ""n_added_feats"": 5, ""initial_metric"": null, ""final_metric"": 0.9349634288291243, ""pct_gain"": -0.0008295893588151466}"
14952,PhishingWebsites,openml_task,amlb,classification,autofeat,3,1200,,,,,,,,,,,,,1380,,,timeout,wall-clock exceeded 1380s,,
14965,bank-marketing,openml_task,amlb,classification,nofe,3,1200,36168,9043,16,16,0,0.9357109798263048,binary_roc_auc,True,0.9357109798263048,0.0,0.023029804229736328,0.0006773471832275391,1034.1618919372559,359.58984375,181,ok,,1.0.0,{}
14952,PhishingWebsites,openml_task,amlb,classification,featuretools,4,1200,8844,2211,30,3528,3498,0.9978725608846299,binary_roc_auc,True,0.997211906696066,0.0006625013040135483,14.589962005615234,17.892529010772705,1335.8609020709991,899.44140625,254,ok,,upstream-1.x,{}
125922,texture,openml_task,amlb,multiclass,nofe,0,1200,4400,1100,40,40,0,0.0495017578233257,categorical_crossentropy,False,0.0495017578233257,-0.0,0.014209747314453125,0.0008616447448730469,33.22831606864929,416.23046875,1137,ok,,1.0.0,{}
14952,PhishingWebsites,openml_task,amlb,classification,featuretools,3,1200,,,,,,,,,,,,,1380,,,timeout,wall-clock exceeded 1380s,,
14952,PhishingWebsites,openml_task,amlb,classification,tabularaml,3,1200,,,,,,,,,,,,,1380,,,timeout,wall-clock exceeded 1380s,,
125922,texture,openml_task,amlb,multiclass,nofe,1,1200,4400,1100,40,40,0,0.04855175884704543,categorical_crossentropy,False,0.04855175884704543,-0.0,0.01846027374267578,0.0018134117126464844,33.57292914390564,438.63671875,1586,ok,,1.0.0,{}
14952,PhishingWebsites,openml_task,amlb,classification,autofeat,4,1200,,,,,,,,,,,,,1380,,,timeout,wall-clock exceeded 1380s,,
14954,cylinder-bands,openml_task,amlb,classification,autofeat,2,1200,432,108,35,36,1,0.9109396914446003,binary_roc_auc,True,0.9119915848527349,-0.0011534025374855443,1271.0654413700104,0.03535199165344238,1287.5993621349335,407.2421875,216,ok,,upstream-2.1.x,{}
14954,cylinder-bands,openml_task,amlb,classification,openfe,0,1200,,,,,,,,,,,,,1380,,,timeout,wall-clock exceeded 1380s,,
125920,dresses-sales,openml_task,amlb,classification,autofeat,1,1200,400,100,12,21,9,0.5324302134646962,binary_roc_auc,True,0.5619868637110017,-0.052593133674214886,223.27573919296265,0.04251241683959961,239.28984761238098,405.078125,17,ok,,upstream-2.1.x,{}
125920,dresses-sales,openml_task,amlb,classification,autofeat,0,1200,400,100,12,21,9,0.5919540229885059,binary_roc_auc,True,0.6642036124794746,-0.10877626699629159,275.0793888568878,0.03211379051208496,284.95589566230774,410.15625,200,ok,,upstream-2.1.x,{}
125922,texture,openml_task,amlb,multiclass,nofe,3,1200,4400,1100,40,40,0,0.03956807415669655,categorical_crossentropy,False,0.03956807415669655,-0.0,0.010176420211791992,0.0007150173187255859,42.757460832595825,445.60546875,1850,ok,,1.0.0,{}
14969,GesturePhaseSegmentation,openml_task,amlb,multiclass,tabularaml,0,1200,7898,1975,32,35,3,0.8592119048722973,categorical_crossentropy,False,0.8673281025144131,0.009357701680121594,948.4121747016907,0.015561342239379883,1002.6893177032471,322.87109375,659,ok,,0.2.0,"{""mode"": ""medium"", ""elapsed_time"": 922.0761590003967, ""n_init_feats"": 32, ""n_added_feats"": 3, ""initial_metric"": null, ""final_metric"": 0.9339721967227769, ""pct_gain"": 0.015428215879868408}"
14970,har,openml_task,amlb,multiclass,autofeat,2,1200,,,,,,,,,,,,,561.8647789955139,,,crash,"Loaded credentials for https://api.wandb.ai from /home/ionutionut045/.netrc.
wandb: W&B API key is configured. Use `wandb login --relogin` to force relogin
wandb: Using an existing wandb-core service via WANDB_SERVICE.
wandb: WARNING Using a boolean value for 'reinit' is deprecated. Use 'return_previous' or 'finish_previous' instead.
wandb: setting up run e10xpwnl
wandb: Tracking run with wandb version 0.26.0
wandb: Run data is saved locally in /home/ionutionut045/tabularaml-refactored/wandb/run-20260421_112032-e10xpwnl
wandb: Run `wandb offline` to turn off syncing.
wandb: Syncing run autofeat_multiclass_har_seed2
wandb: ⭐️ View project at https://wandb.ai/ionutb/tabularaml-targeted-benchmark-all
wandb: 🚀 View run at https://wandb.ai/ionutb/tabularaml-targeted-benchmark-all/runs/e10xpwnl
",,
14954,cylinder-bands,openml_task,amlb,classification,autofeat,1,1200,,,,,,,,,,,,,1380,,,timeout,wall-clock exceeded 1380s,,
125920,dresses-sales,openml_task,amlb,classification,openfe,4,1200,400,100,12,127,115,0.6912972085385879,binary_roc_auc,True,0.7159277504105089,-0.03440366972477045,12.177603721618652,2.594878911972046,170.23528861999512,242.41015625,32,ok,,upstream-0.0.12,{}
125922,texture,openml_task,amlb,multiclass,nofe,2,1200,4400,1100,40,40,0,0.04698068161675275,categorical_crossentropy,False,0.04698068161675275,-0.0,0.016054153442382812,0.0007643699645996094,109.37860226631165,458.2109375,1999,ok,,1.0.0,{}
125920,dresses-sales,openml_task,amlb,classification,autofeat,3,1200,400,100,12,13,1,0.5324302134646962,binary_roc_auc,True,0.5410509031198687,-0.015933232169954608,207.26785397529602,0.026221752166748047,232.1671016216278,386.19921875,66,ok,,upstream-2.1.x,{}
125920,dresses-sales,openml_task,amlb,classification,tabularaml,0,1200,400,100,12,15,3,0.6108374384236454,binary_roc_auc,True,0.6642036124794746,-0.0803461063040791,208.41056728363037,0.03178000450134277,355.8196578025818,246.2734375,48,ok,,0.2.0,"{""mode"": ""medium"", ""elapsed_time"": 207.91089391708374, ""n_init_feats"": 12, ""n_added_feats"": 3, ""initial_metric"": null, ""final_metric"": 0.624492275798334, ""pct_gain"": 0.12551788145229736}"
125920,dresses-sales,openml_task,amlb,classification,tabularaml,3,1200,400,100,12,23,11,0.5862068965517242,binary_roc_auc,True,0.5410509031198687,0.08345978755690439,246.99205708503723,0.0415043830871582,250.76342296600342,251.26171875,23,ok,,0.2.0,"{""mode"": ""medium"", ""elapsed_time"": 246.42633628845215, ""n_init_feats"": 12, ""n_added_feats"": 11, ""initial_metric"": null, ""final_metric"": 0.5868135326514556, ""pct_gain"": 0.014504559446321518}"
125922,texture,openml_task,amlb,multiclass,nofe,4,1200,4400,1100,40,40,0,0.06659682395744147,categorical_crossentropy,False,0.06659682395744147,-0.0,0.008545160293579102,0.0007641315460205078,48.57060480117798,454.90234375,1993,ok,,1.0.0,{}
125920,dresses-sales,openml_task,amlb,classification,autofeat,4,1200,400,100,12,15,3,0.7003284072249589,binary_roc_auc,True,0.7159277504105089,-0.02178899082568797,228.4273717403412,0.03049945831298828,241.41711330413818,402.4765625,8,ok,,upstream-2.1.x,{}
14969,GesturePhaseSegmentation,openml_task,amlb,multiclass,tabularaml,1,1200,7898,1975,32,35,3,0.8265069249382277,categorical_crossentropy,False,0.8239146764845222,-0.003146258378071548,964.5481069087982,0.01165914535522461,1002.351003408432,336.796875,819,ok,,0.2.0,"{""mode"": ""medium"", ""elapsed_time"": 945.6924998760223, ""n_init_feats"": 32, ""n_added_feats"": 3, ""initial_metric"": null, ""final_metric"": 0.9452119894928426, ""pct_gain"": 0.005515315604470626}"
125920,dresses-sales,openml_task,amlb,classification,autofeat,2,1200,400,100,12,14,2,0.41071428571428575,binary_roc_auc,True,0.578407224958949,-0.28992193044712544,336.75768780708313,0.026829004287719727,351.1712923049927,396.125,1,ok,,upstream-2.1.x,{}
14969,GesturePhaseSegmentation,openml_task,amlb,multiclass,tabularaml,2,1200,7898,1975,32,34,2,0.8340386621685274,categorical_crossentropy,False,0.837373473830079,0.003982466325686702,943.1506237983704,0.012464046478271484,984.5450940132141,327.08203125,668,ok,,0.2.0,"{""mode"": ""medium"", ""elapsed_time"": 921.6347906589508, ""n_init_feats"": 32, ""n_added_feats"": 2, ""initial_metric"": null, ""final_metric"": 0.9718511864096122, ""pct_gain"": 0.0037992189261931105}"
14970,har,openml_task,amlb,multiclass,autofeat,3,1200,,,,,,,,,,,,,639.8342909812927,,,crash,"gnored.
wandb: [wandb.login()] Loaded credentials for https://api.wandb.ai from /home/ionutionut045/.netrc.
wandb: W&B API key is configured. Use `wandb login --relogin` to force relogin
wandb: Using an existing wandb-core service via WANDB_SERVICE.
wandb: WARNING Using a boolean value for 'reinit' is deprecated. Use 'return_previous' or 'finish_previous' instead.
wandb: Tracking run with wandb version 0.26.0
wandb: Run data is saved locally in /home/ionutionut045/tabularaml-refactored/wandb/run-20260421_112119-bn54o9sy
wandb: Run `wandb offline` to turn off syncing.
wandb: Syncing run autofeat_multiclass_har_seed3
wandb: ⭐️ View project at https://wandb.ai/ionutb/tabularaml-targeted-benchmark-all
wandb: 🚀 View run at https://wandb.ai/ionutb/tabularaml-targeted-benchmark-all/runs/bn54o9sy
",,
14965,bank-marketing,openml_task,amlb,classification,tabularaml,2,1200,36168,9043,16,19,3,0.9336856795527531,binary_roc_auc,True,0.9339189856216701,-0.00024981403366773354,925.8370416164398,0.07158780097961426,1317.2656848430634,493.9921875,212,ok,,0.2.0,"{""mode"": ""medium"", ""elapsed_time"": 916.9900984764099, ""n_init_feats"": 16, ""n_added_feats"": 3, ""initial_metric"": null, ""final_metric"": 0.9339262219112598, ""pct_gain"": -0.0012048617593400546}"
14965,bank-marketing,openml_task,amlb,classification,autofeat,0,1200,,,,,,,,,,,,,1380,,,timeout,wall-clock exceeded 1380s,,
14965,bank-marketing,openml_task,amlb,classification,autofeat,1,1200,,,,,,,,,,,,,1380,,,timeout,wall-clock exceeded 1380s,,
14965,bank-marketing,openml_task,amlb,classification,autofeat,2,1200,,,,,,,,,,,,,1380,,,timeout,wall-clock exceeded 1380s,,
146195,connect-4,openml_task,amlb,multiclass,nofe,0,1200,54045,13512,42,42,0,0.35376996801707983,categorical_crossentropy,False,0.35376996801707983,-0.0,0.02397632598876953,0.0015616416931152344,174.61801552772522,360.171875,1994,ok,,1.0.0,{}
14965,bank-marketing,openml_task,amlb,classification,autofeat,3,1200,,,,,,,,,,,,,1380,,,timeout,wall-clock exceeded 1380s,,
14965,bank-marketing,openml_task,amlb,classification,tabularaml,3,1200,,,,,,,,,,,,,1380,,,timeout,wall-clock exceeded 1380s,,
14970,har,openml_task,amlb,multiclass,autofeat,1,1200,,,,,,,,,,,,,858.7332758903503,,,crash,"] Loaded credentials for https://api.wandb.ai from /home/ionutionut045/.netrc.
wandb: Currently logged in as: ionutb to https://api.wandb.ai. Use `wandb login --relogin` to force relogin
wandb: Using an existing wandb-core service via WANDB_SERVICE.
wandb: WARNING Using a boolean value for 'reinit' is deprecated. Use 'return_previous' or 'finish_previous' instead.
wandb: Tracking run with wandb version 0.26.0
wandb: Run data is saved locally in /home/ionutionut045/tabularaml-refactored/wandb/run-20260421_111928-qd627mxj
wandb: Run `wandb offline` to turn off syncing.
wandb: Syncing run autofeat_multiclass_har_seed1
wandb: ⭐️ View project at https://wandb.ai/ionutb/tabularaml-targeted-benchmark-all
wandb: 🚀 View run at https://wandb.ai/ionutb/tabularaml-targeted-benchmark-all/runs/qd627mxj
",,
14965,bank-marketing,openml_task,amlb,classification,autofeat,4,1200,,,,,,,,,,,,,1380,,,timeout,wall-clock exceeded 1380s,,
125920,dresses-sales,openml_task,amlb,classification,tabularaml,1,1200,400,100,12,24,12,0.5726600985221675,binary_roc_auc,True,0.5619868637110017,0.01899196493791076,581.065664768219,0.05507206916809082,584.161144733429,252.4296875,21,ok,,0.2.0,"{""mode"": ""medium"", ""elapsed_time"": 580.0401113033295, ""n_init_feats"": 12, ""n_added_feats"": 12, ""initial_metric"": null, ""final_metric"": 0.6126668789729373, ""pct_gain"": 0.08537461012345109}"
14969,GesturePhaseSegmentation,openml_task,amlb,multiclass,openfe,0,1200,,,,,,,,,,,,,1380,,,timeout,wall-clock exceeded 1380s,,
14969,GesturePhaseSegmentation,openml_task,amlb,multiclass,autofeat,0,1200,,,,,,,,,,,,,1380,,,timeout,wall-clock exceeded 1380s,,
146195,connect-4,openml_task,amlb,multiclass,nofe,2,1200,54045,13512,42,42,0,0.34852855618872336,categorical_crossentropy,False,0.34852855618872336,-0.0,0.023328542709350586,0.0016918182373046875,155.03329229354858,364.30078125,1999,ok,,1.0.0,{}
14969,GesturePhaseSegmentation,openml_task,amlb,multiclass,featuretools,0,1200,,,,,,,,,,,,,1380,,,timeout,wall-clock exceeded 1380s,,
14969,GesturePhaseSegmentation,openml_task,amlb,multiclass,openfe,1,1200,,,,,,,,,,,,,1380,,,timeout,wall-clock exceeded 1380s,,
14969,GesturePhaseSegmentation,openml_task,amlb,multiclass,autofeat,1,1200,,,,,,,,,,,,,1380,,,timeout,wall-clock exceeded 1380s,,
14969,GesturePhaseSegmentation,openml_task,amlb,multiclass,tabularaml,4,1200,7898,1975,32,33,1,0.8398722914941137,categorical_crossentropy,False,0.8296306259481862,-0.012344849895364362,957.58056807518,0.017424583435058594,1210.4592566490173,314.20703125,570,ok,,0.2.0,"{""mode"": ""medium"", ""elapsed_time"": 934.0764529705048, ""n_init_feats"": 32, ""n_added_feats"": 1, ""initial_metric"": null, ""final_metric"": 0.9588445265805664, ""pct_gain"": 0.005235398881934013}"
14969,GesturePhaseSegmentation,openml_task,amlb,multiclass,featuretools,1,1200,,,,,,,,,,,,,1380,,,timeout,wall-clock exceeded 1380s,,
146195,connect-4,openml_task,amlb,multiclass,nofe,3,1200,54045,13512,42,42,0,0.34880960897482094,categorical_crossentropy,False,0.34880960897482094,-0.0,0.026309728622436523,0.0016262531280517578,211.1718397140503,359.6875,1998,ok,,1.0.0,{}
14969,GesturePhaseSegmentation,openml_task,amlb,multiclass,openfe,2,1200,,,,,,,,,,,,,1380,,,timeout,wall-clock exceeded 1380s,,
14969,GesturePhaseSegmentation,openml_task,amlb,multiclass,autofeat,2,1200,,,,,,,,,,,,,1380,,,timeout,wall-clock exceeded 1380s,,
14969,GesturePhaseSegmentation,openml_task,amlb,multiclass,featuretools,2,1200,,,,,,,,,,,,,1380,,,timeout,wall-clock exceeded 1380s,,
146800,MiceProtein,openml_task,amlb,multiclass,nofe,0,1200,864,216,77,77,0,0.08208544009270284,categorical_crossentropy,False,0.08208544009270284,-0.0,0.004609346389770508,0.0001628398895263672,40.09898853302002,369.33203125,759,ok,,1.0.0,{}
14969,GesturePhaseSegmentation,openml_task,amlb,multiclass,openfe,3,1200,,,,,,,,,,,,,1380,,,timeout,wall-clock exceeded 1380s,,
14969,GesturePhaseSegmentation,openml_task,amlb,multiclass,autofeat,3,1200,,,,,,,,,,,,,1380,,,timeout,wall-clock exceeded 1380s,,
14970,har,openml_task,amlb,multiclass,autofeat,4,1200,,,,,,,,,,,,,934.3456008434296,,,crash,"//api.wandb.ai from /home/ionutionut045/.netrc.
wandb: Currently logged in as: ionutb to https://api.wandb.ai. Use `wandb login --relogin` to force relogin
wandb: Using an existing wandb-core service via WANDB_SERVICE.
wandb: WARNING Using a boolean value for 'reinit' is deprecated. Use 'return_previous' or 'finish_previous' instead.
wandb: setting up run 5ham29xm
wandb: Tracking run with wandb version 0.26.0
wandb: Run data is saved locally in /home/ionutionut045/tabularaml-refactored/wandb/run-20260421_112255-5ham29xm
wandb: Run `wandb offline` to turn off syncing.
wandb: Syncing run autofeat_multiclass_har_seed4
wandb: ⭐️ View project at https://wandb.ai/ionutb/tabularaml-targeted-benchmark-all
wandb: 🚀 View run at https://wandb.ai/ionutb/tabularaml-targeted-benchmark-all/runs/5ham29xm
",,
14969,GesturePhaseSegmentation,openml_task,amlb,multiclass,featuretools,3,1200,,,,,,,,,,,,,1380,,,timeout,wall-clock exceeded 1380s,,
14969,GesturePhaseSegmentation,openml_task,amlb,multiclass,tabularaml,3,1200,,,,,,,,,,,,,1380,,,timeout,wall-clock exceeded 1380s,,
146800,MiceProtein,openml_task,amlb,multiclass,nofe,1,1200,864,216,77,77,0,0.07851413956544732,categorical_crossentropy,False,0.07851413956544732,-0.0,0.003976106643676758,0.0001933574676513672,38.99244141578674,264.90234375,1272,ok,,1.0.0,{}
14969,GesturePhaseSegmentation,openml_task,amlb,multiclass,openfe,4,1200,,,,,,,,,,,,,1380,,,timeout,wall-clock exceeded 1380s,,
14969,GesturePhaseSegmentation,openml_task,amlb,multiclass,autofeat,4,1200,,,,,,,,,,,,,1380,,,timeout,wall-clock exceeded 1380s,,
14969,GesturePhaseSegmentation,openml_task,amlb,multiclass,featuretools,4,1200,,,,,,,,,,,,,1380,,,timeout,wall-clock exceeded 1380s,,
146800,MiceProtein,openml_task,amlb,multiclass,nofe,2,1200,864,216,77,77,0,0.09058145394077723,categorical_crossentropy,False,0.09058145394077723,-0.0,0.0048656463623046875,0.0002110004425048828,57.50080871582031,372.69140625,917,ok,,1.0.0,{}
14970,har,openml_task,amlb,multiclass,openfe,0,1200,,,,,,,,,,,,,1380,,,timeout,wall-clock exceeded 1380s,,
146800,MiceProtein,openml_task,amlb,multiclass,nofe,3,1200,864,216,77,77,0,0.06680352766879541,categorical_crossentropy,False,0.06680352766879541,-0.0,0.004734516143798828,0.0002894401550292969,26.603538751602173,349.1484375,1302,ok,,1.0.0,{}
14970,har,openml_task,amlb,multiclass,featuretools,0,1200,,,,,,,,,,,,,1380,,,timeout,wall-clock exceeded 1380s,,
14970,har,openml_task,amlb,multiclass,tabularaml,0,1200,,,,,,,,,,,,,1380,,,timeout,wall-clock exceeded 1380s,,
14970,har,openml_task,amlb,multiclass,openfe,1,1200,,,,,,,,,,,,,1380,,,timeout,wall-clock exceeded 1380s,,
14970,har,openml_task,amlb,multiclass,featuretools,1,1200,,,,,,,,,,,,,1380,,,timeout,wall-clock exceeded 1380s,,
14970,har,openml_task,amlb,multiclass,tabularaml,1,1200,,,,,,,,,,,,,1380,,,timeout,wall-clock exceeded 1380s,,
146800,MiceProtein,openml_task,amlb,multiclass,nofe,4,1200,864,216,77,77,0,0.10462009502333347,categorical_crossentropy,False,0.10462009502333347,-0.0,0.004378557205200195,0.00031280517578125,25.945536851882935,386.71875,1402,ok,,1.0.0,{}
14970,har,openml_task,amlb,multiclass,openfe,2,1200,,,,,,,,,,,,,1380,,,timeout,wall-clock exceeded 1380s,,
14970,har,openml_task,amlb,multiclass,featuretools,2,1200,,,,,,,,,,,,,1380,,,timeout,wall-clock exceeded 1380s,,
14970,har,openml_task,amlb,multiclass,tabularaml,2,1200,,,,,,,,,,,,,1380,,,timeout,wall-clock exceeded 1380s,,
125922,texture,openml_task,amlb,multiclass,tabularaml,0,1200,4400,1100,40,42,2,0.04808767001663496,categorical_crossentropy,False,0.0495017578233257,0.028566415999562843,957.1572716236115,0.009412050247192383,979.2260882854462,336.359375,1285,ok,,0.2.0,"{""mode"": ""medium"", ""elapsed_time"": 933.3193302154541, ""n_init_feats"": 40, ""n_added_feats"": 2, ""initial_metric"": null, ""final_metric"": 0.08194304737066967, ""pct_gain"": 0.022880550589828023}"
14970,har,openml_task,amlb,multiclass,openfe,3,1200,,,,,,,,,,,,,1380,,,timeout,wall-clock exceeded 1380s,,
146817,steel-plates-fault,openml_task,amlb,multiclass,nofe,0,1200,1552,389,27,27,0,0.5198084563573531,categorical_crossentropy,False,0.5198084563573531,-0.0,0.013883590698242188,0.0003006458282470703,16.978639364242554,343.5703125,160,ok,,1.0.0,{}
14970,har,openml_task,amlb,multiclass,featuretools,3,1200,,,,,,,,,,,,,1380,,,timeout,wall-clock exceeded 1380s,,
14970,har,openml_task,amlb,multiclass,tabularaml,3,1200,,,,,,,,,,,,,1380,,,timeout,wall-clock exceeded 1380s,,
146817,steel-plates-fault,openml_task,amlb,multiclass,nofe,1,1200,1552,389,27,27,0,0.6260414657166232,categorical_crossentropy,False,0.6260414657166232,-0.0,0.006475210189819336,0.0001850128173828125,13.580076456069946,341.4609375,163,ok,,1.0.0,{}
14970,har,openml_task,amlb,multiclass,openfe,4,1200,,,,,,,,,,,,,1380,,,timeout,wall-clock exceeded 1380s,,
125922,texture,openml_task,amlb,multiclass,tabularaml,1,1200,4400,1100,40,43,3,0.0485765358749706,categorical_crossentropy,False,0.04855175884704543,-0.0005103219432941409,1020.1382961273193,0.012839078903198242,1059.9275131225586,336.75,1405,ok,,0.2.0,"{""mode"": ""medium"", ""elapsed_time"": 989.8672578334808, ""n_init_feats"": 40, ""n_added_feats"": 3, ""initial_metric"": null, ""final_metric"": 0.07914441187345492, ""pct_gain"": 0.03527462895417689}"
14970,har,openml_task,amlb,multiclass,featuretools,4,1200,,,,,,,,,,,,,1380,,,timeout,wall-clock exceeded 1380s,,
14970,har,openml_task,amlb,multiclass,tabularaml,4,1200,,,,,,,,,,,,,1380,,,timeout,wall-clock exceeded 1380s,,
146817,steel-plates-fault,openml_task,amlb,multiclass,nofe,2,1200,1552,389,27,27,0,0.6170433827383793,categorical_crossentropy,False,0.6170433827383793,-0.0,0.005084037780761719,0.00014209747314453125,10.02517580986023,344.34375,131,ok,,1.0.0,{}
125920,dresses-sales,openml_task,amlb,classification,tabularaml,2,1200,,,,,,,,,,,,,1380,,,timeout,wall-clock exceeded 1380s,,
146195,connect-4,openml_task,amlb,multiclass,nofe,1,1200,54045,13512,42,42,0,0.3454479343823498,categorical_crossentropy,False,0.3454479343823498,-0.0,0.027346372604370117,0.0019152164459228516,1064.527834892273,346.75,1997,ok,,1.0.0,{}
125922,texture,openml_task,amlb,multiclass,tabularaml,3,1200,4400,1100,40,42,2,0.038941302947899784,categorical_crossentropy,False,0.03956807415669655,0.01584032637814631,970.7427303791046,0.013046979904174805,1195.7181644439697,359.55859375,1999,ok,,0.2.0,"{""mode"": ""medium"", ""elapsed_time"": 938.633199930191, ""n_init_feats"": 40, ""n_added_feats"": 2, ""initial_metric"": null, ""final_metric"": 0.08648016693724728, ""pct_gain"": 0.011370710909306051}"
125922,texture,openml_task,amlb,multiclass,autofeat,1,1200,,,,,,,,,,,,,1380,,,timeout,wall-clock exceeded 1380s,,
125920,dresses-sales,openml_task,amlb,classification,tabularaml,4,1200,,,,,,,,,,,,,1380,,,timeout,wall-clock exceeded 1380s,,
125922,texture,openml_task,amlb,multiclass,autofeat,0,1200,,,,,,,,,,,,,1380,,,timeout,wall-clock exceeded 1380s,,
125922,texture,openml_task,amlb,multiclass,openfe,1,1200,,,,,,,,,,,,,1380,,,timeout,wall-clock exceeded 1380s,,
125922,texture,openml_task,amlb,multiclass,openfe,0,1200,,,,,,,,,,,,,1380,,,timeout,wall-clock exceeded 1380s,,
125922,texture,openml_task,amlb,multiclass,featuretools,0,1200,,,,,,,,,,,,,1380,,,timeout,wall-clock exceeded 1380s,,
125922,texture,openml_task,amlb,multiclass,featuretools,1,1200,,,,,,,,,,,,,1380,,,timeout,wall-clock exceeded 1380s,,
146817,steel-plates-fault,openml_task,amlb,multiclass,nofe,4,1200,1552,389,27,27,0,0.5864190776050713,categorical_crossentropy,False,0.5864190776050713,-0.0,0.007661581039428711,0.00015783309936523438,5.530309200286865,343.46875,164,ok,,1.0.0,{}
125922,texture,openml_task,amlb,multiclass,openfe,2,1200,,,,,,,,,,,,,1380,,,timeout,wall-clock exceeded 1380s,,
125922,texture,openml_task,amlb,multiclass,autofeat,2,1200,,,,,,,,,,,,,1380,,,timeout,wall-clock exceeded 1380s,,
125922,texture,openml_task,amlb,multiclass,featuretools,2,1200,,,,,,,,,,,,,1380,,,timeout,wall-clock exceeded 1380s,,
146819,climate-model-crashes,openml_task,amlb,classification,nofe,0,1200,432,108,18,18,0,0.9797979797979798,binary_roc_auc,True,0.9797979797979798,0.0,0.005528688430786133,0.00010347366333007812,13.321825742721558,328.6875,65,ok,,1.0.0,{}
125922,texture,openml_task,amlb,multiclass,tabularaml,2,1200,,,,,,,,,,,,,1380,,,timeout,wall-clock exceeded 1380s,,
125922,texture,openml_task,amlb,multiclass,openfe,3,1200,,,,,,,,,,,,,1380,,,timeout,wall-clock exceeded 1380s,,
146195,connect-4,openml_task,amlb,multiclass,tabularaml,0,1200,54045,13512,42,45,3,0.3526224563269273,categorical_crossentropy,False,0.35376996801707983,0.003243666206559215,943.3724443912506,0.3349339962005615,1235.8157360553741,467.44140625,1998,ok,,0.2.0,"{""mode"": ""medium"", ""elapsed_time"": 906.4937694072723, ""n_init_feats"": 42, ""n_added_feats"": 3, ""initial_metric"": null, ""final_metric"": 0.4574213970266639, ""pct_gain"": 0.0015670734611858692}"
146819,climate-model-crashes,openml_task,amlb,classification,openfe,0,1200,432,108,18,523,505,0.9854096520763187,binary_roc_auc,True,0.9797979797979798,0.005727376861397454,20.56232261657715,3.747084617614746,39.16207551956177,355.828125,114,ok,,upstream-0.0.12,{}
125922,texture,openml_task,amlb,multiclass,autofeat,3,1200,,,,,,,,,,,,,1380,,,timeout,wall-clock exceeded 1380s,,
146819,climate-model-crashes,openml_task,amlb,classification,nofe,1,1200,432,108,18,18,0,0.9775533108866443,binary_roc_auc,True,0.9775533108866443,0.0,0.011741161346435547,0.00016236305236816406,10.614885807037354,333.6640625,30,ok,,1.0.0,{}
146819,climate-model-crashes,openml_task,amlb,classification,featuretools,0,1200,432,108,18,1449,1431,0.9831649831649831,binary_roc_auc,True,0.9797979797979798,0.0034364261168384723,3.7427618503570557,4.272218942642212,41.60321664810181,406.4609375,117,ok,,upstream-1.x,{}
125922,texture,openml_task,amlb,multiclass,featuretools,3,1200,,,,,,,,,,,,,1380,,,timeout,wall-clock exceeded 1380s,,
146819,climate-model-crashes,openml_task,amlb,classification,nofe,2,1200,432,108,18,18,0,0.9719416386083053,binary_roc_auc,True,0.9719416386083053,0.0,0.005722522735595703,8.893013000488281e-05,7.531154155731201,331.41796875,185,ok,,1.0.0,{}
146819,climate-model-crashes,openml_task,amlb,classification,featuretools,1,1200,432,108,18,1449,1431,0.9753086419753086,binary_roc_auc,True,0.9775533108866443,-0.002296211251435235,3.5829834938049316,3.724907636642456,19.334537744522095,399.51953125,13,ok,,upstream-1.x,{}
146819,climate-model-crashes,openml_task,amlb,classification,openfe,1,1200,432,108,18,574,556,0.9719416386083052,binary_roc_auc,True,0.9775533108866443,-0.005740528128588031,24.762954235076904,5.043639421463013,41.70532488822937,364.66015625,15,ok,,upstream-0.0.12,{}
125922,texture,openml_task,amlb,multiclass,openfe,4,1200,,,,,,,,,,,,,1380,,,timeout,wall-clock exceeded 1380s,,
125922,texture,openml_task,amlb,multiclass,autofeat,4,1200,,,,,,,,,,,,,1380,,,timeout,wall-clock exceeded 1380s,,
125922,texture,openml_task,amlb,multiclass,featuretools,4,1200,,,,,,,,,,,,,1380,,,timeout,wall-clock exceeded 1380s,,
125922,texture,openml_task,amlb,multiclass,tabularaml,4,1200,,,,,,,,,,,,,1380,,,timeout,wall-clock exceeded 1380s,,
146819,climate-model-crashes,openml_task,amlb,classification,openfe,2,1200,432,108,18,569,551,0.9854096520763187,binary_roc_auc,True,0.9719416386083053,0.01385681293302534,23.97014594078064,4.033195972442627,39.57659077644348,357.05078125,58,ok,,upstream-0.0.12,{}
146819,climate-model-crashes,openml_task,amlb,classification,featuretools,3,1200,432,108,18,1449,1431,0.9719416386083053,binary_roc_auc,True,,,3.588616132736206,2.8046605587005615,25.345831871032715,402.81640625,42,ok,,upstream-1.x,{}
146800,MiceProtein,openml_task,amlb,multiclass,tabularaml,0,1200,864,216,77,79,2,0.08745955280486399,categorical_crossentropy,False,0.08208544009270284,-0.06546974355125487,931.4804804325104,0.014863967895507812,949.250895023346,277.97265625,764,ok,,0.2.0,"{""mode"": ""medium"", ""elapsed_time"": 913.7642569541931, ""n_init_feats"": 77, ""n_added_feats"": 2, ""initial_metric"": null, ""final_metric"": 0.06844019893639704, ""pct_gain"": 0.06175375672027522}"
146195,connect-4,openml_task,amlb,multiclass,openfe,0,1200,,,,,,,,,,,,,1380,,,timeout,wall-clock exceeded 1380s,,
146195,connect-4,openml_task,amlb,multiclass,autofeat,0,1200,,,,,,,,,,,,,1380,,,timeout,wall-clock exceeded 1380s,,
146195,connect-4,openml_task,amlb,multiclass,tabularaml,1,1200,54045,13512,42,47,5,0.34475263863589706,categorical_crossentropy,False,0.3454479343823498,0.002012736731791102,1086.2972884178162,0.24068760871887207,1283.519606590271,493.81640625,1998,ok,,0.2.0,"{""mode"": ""medium"", ""elapsed_time"": 986.9331531524658, ""n_init_feats"": 42, ""n_added_feats"": 5, ""initial_metric"": null, ""final_metric"": 0.45519839512063065, ""pct_gain"": 0.007470147709814263}"
146195,connect-4,openml_task,amlb,multiclass,tabularaml,3,1200,54045,13512,42,43,1,0.34789318658451407,categorical_crossentropy,False,0.34880960897482094,0.002627285392166541,969.3602695465088,0.2519681453704834,1120.5520479679108,491.76953125,1998,ok,,0.2.0,"{""mode"": ""medium"", ""elapsed_time"": 928.825204372406, ""n_init_feats"": 42, ""n_added_feats"": 1, ""initial_metric"": null, ""final_metric"": 0.4546989778409231, ""pct_gain"": 0.003163068789813784}"
146819,climate-model-crashes,openml_task,amlb,classification,featuretools,2,1200,432,108,18,1449,1431,0.9820426487093155,binary_roc_auc,True,0.9719416386083053,0.01039260969976912,3.3661370277404785,3.6618659496307373,86.11761140823364,399.41015625,49,ok,,upstream-1.x,{}
146195,connect-4,openml_task,amlb,multiclass,featuretools,0,1200,,,,,,,,,,,,,1380,,,timeout,wall-clock exceeded 1380s,,
146819,climate-model-crashes,openml_task,amlb,classification,nofe,3,1200,432,108,18,18,0,0.9315375982042648,binary_roc_auc,True,0.9315375982042648,0.0,0.0032384395599365234,6.651878356933594e-05,76.91354417800903,329.6796875,164,ok,,1.0.0,{}
146820,wilt,openml_task,amlb,classification,nofe,0,1200,3871,968,5,5,0,0.9884111521666106,binary_roc_auc,True,0.9884111521666106,0.0,0.010696649551391602,0.00017523765563964844,9.188556671142578,336.91015625,420,ok,,1.0.0,{}
146195,connect-4,openml_task,amlb,multiclass,openfe,1,1200,,,,,,,,,,,,,1380,,,timeout,wall-clock exceeded 1380s,,
146819,climate-model-crashes,openml_task,amlb,classification,featuretools,4,1200,432,108,18,1449,1431,0.9349046015712683,binary_roc_auc,True,,,3.57887864112854,2.8896985054016113,26.195067405700684,403.65625,8,ok,,upstream-1.x,{}
146819,climate-model-crashes,openml_task,amlb,classification,openfe,4,1200,432,108,18,539,521,0.9573512906846241,binary_roc_auc,True,,,24.41552996635437,4.031952857971191,33.98808693885803,357.62890625,32,ok,,upstream-0.0.12,{}
146820,wilt,openml_task,amlb,classification,nofe,1,1200,3871,968,5,5,0,0.9931138730265369,binary_roc_auc,True,0.9931138730265369,0.0,0.005961418151855469,0.00019788742065429688,10.332915306091309,336.1328125,208,ok,,1.0.0,{}
146820,wilt,openml_task,amlb,classification,featuretools,0,1200,3871,968,5,103,98,0.9930928787369835,binary_roc_auc,True,0.9884111521666106,0.004736618521665306,0.6969864368438721,0.30608320236206055,12.236742496490479,363.82421875,185,ok,,upstream-1.x,{}
146820,wilt,openml_task,amlb,classification,openfe,1,1200,3871,968,5,68,63,0.9946044675848169,binary_roc_auc,True,0.9931138730265369,0.001500930153898087,7.1719584465026855,0.9647793769836426,13.08714246749878,353.26171875,271,ok,,upstream-0.0.12,{}
146820,wilt,openml_task,amlb,classification,openfe,0,1200,3871,968,5,63,58,0.992190124286194,binary_roc_auc,True,0.9884111521666106,0.0038232795242140764,6.234689950942993,0.7139308452606201,38.603538036346436,349.8046875,126,ok,,upstream-0.0.12,{}
146819,climate-model-crashes,openml_task,amlb,classification,nofe,4,1200,432,108,18,18,0,0.9461279461279462,binary_roc_auc,True,0.9461279461279462,0.0,0.005612850189208984,7.748603820800781e-05,70.97636556625366,330.359375,19,ok,,1.0.0,{}
146195,connect-4,openml_task,amlb,multiclass,autofeat,1,1200,,,,,,,,,,,,,1380,,,timeout,wall-clock exceeded 1380s,,
146800,MiceProtein,openml_task,amlb,multiclass,tabularaml,1,1200,864,216,77,79,2,0.07735326120490316,categorical_crossentropy,False,0.07851413956544732,0.014785596161013652,981.3458762168884,0.009392976760864258,994.7558169364929,303.98046875,1158,ok,,0.2.0,"{""mode"": ""medium"", ""elapsed_time"": 968.5558009147644, ""n_init_feats"": 77, ""n_added_feats"": 2, ""initial_metric"": null, ""final_metric"": 0.06446770896956364, ""pct_gain"": 0.01823073628195872}"
146817,steel-plates-fault,openml_task,amlb,multiclass,featuretools,0,1200,1552,389,27,2911,2884,0.5287891686846117,categorical_crossentropy,False,0.5198084563573531,-0.017276964653850563,8.66774296760559,11.634127616882324,670.953727722168,495.79296875,133,ok,,upstream-1.x,{}
146195,connect-4,openml_task,amlb,multiclass,featuretools,1,1200,,,,,,,,,,,,,1380,,,timeout,wall-clock exceeded 1380s,,
146820,wilt,openml_task,amlb,classification,openfe,2,1200,3871,968,5,64,59,0.9933658045011756,binary_roc_auc,True,,,6.065779685974121,0.6955888271331787,17.333253622055054,352.35546875,211,ok,,upstream-0.0.12,{}
146820,wilt,openml_task,amlb,classification,featuretools,2,1200,3871,968,5,105,100,0.9925260329190461,binary_roc_auc,True,,,0.606299638748169,0.24466776847839355,9.782402515411377,371.43359375,100,ok,,upstream-1.x,{}
146817,steel-plates-fault,openml_task,amlb,multiclass,featuretools,4,1200,1552,389,27,2907,2880,0.5780635139004717,categorical_crossentropy,False,0.5864190776050713,0.014248451361309016,6.565448999404907,8.777541399002075,264.94529581069946,610.015625,132,ok,,upstream-1.x,{}
146820,wilt,openml_task,amlb,classification,featuretools,1,1200,3871,968,5,103,98,0.994184581793752,binary_roc_auc,True,0.9931138730265369,0.0010781329274478335,0.8103516101837158,0.3397839069366455,39.375335931777954,366.4375,151,ok,,upstream-1.x,{}
146820,wilt,openml_task,amlb,classification,openfe,3,1200,3871,968,5,64,59,0.989040980853208,binary_roc_auc,True,,,5.980918645858765,0.7329175472259521,20.1430561542511,359.9765625,124,ok,,upstream-0.0.12,{}
146817,steel-plates-fault,openml_task,amlb,multiclass,featuretools,2,1200,1552,389,27,2910,2883,0.5927463821757939,categorical_crossentropy,False,0.6170433827383793,0.039376486714366304,9.292336463928223,9.401756286621094,395.2592394351959,502.80859375,149,ok,,upstream-1.x,{}
146820,wilt,openml_task,amlb,classification,nofe,4,1200,3871,968,5,5,0,0.9875923748740342,binary_roc_auc,True,0.9875923748740342,0.0,0.0064771175384521484,0.00011563301086425781,10.427776336669922,329.7265625,178,ok,,1.0.0,{}
146195,connect-4,openml_task,amlb,multiclass,openfe,2,1200,,,,,,,,,,,,,1380,,,timeout,wall-clock exceeded 1380s,,
146195,connect-4,openml_task,amlb,multiclass,autofeat,2,1200,,,,,,,,,,,,,1380,,,timeout,wall-clock exceeded 1380s,,
146820,wilt,openml_task,amlb,classification,featuretools,4,1200,3871,968,5,105,100,0.9905105811219348,binary_roc_auc,True,0.9875923748740342,0.002954869156693151,0.6597232818603516,0.2989671230316162,9.470937967300415,370.56640625,93,ok,,upstream-1.x,{}
146820,wilt,openml_task,amlb,classification,nofe,2,1200,3871,968,5,5,0,0.9934287873698353,binary_roc_auc,True,0.9934287873698353,0.0,0.006487131118774414,9.560585021972656e-05,73.80806589126587,337.64453125,361,ok,,1.0.0,{}
146820,wilt,openml_task,amlb,classification,openfe,4,1200,3871,968,5,64,59,0.9898387638562312,binary_roc_auc,True,0.9875923748740342,0.002274611509109213,7.1123011112213135,0.6039257049560547,36.87718844413757,356.2734375,95,ok,,upstream-0.0.12,{}
146195,connect-4,openml_task,amlb,multiclass,featuretools,2,1200,,,,,,,,,,,,,1380,,,timeout,wall-clock exceeded 1380s,,
146821,car,openml_task,amlb,multiclass,featuretools,0,1200,1382,346,6,13,7,0.031188816806223152,categorical_crossentropy,False,,,0.5454592704772949,0.18024492263793945,6.233644247055054,378.53515625,1163,ok,,upstream-1.x,{}
146195,connect-4,openml_task,amlb,multiclass,tabularaml,2,1200,,,,,,,,,,,,,1380,,,timeout,wall-clock exceeded 1380s,,
146820,wilt,openml_task,amlb,classification,featuretools,3,1200,3871,968,5,105,100,0.990951461202553,binary_roc_auc,True,,,0.4395720958709717,0.37306737899780273,72.87045884132385,367.62109375,103,ok,,upstream-1.x,{}
146821,car,openml_task,amlb,multiclass,nofe,0,1200,1382,346,6,6,0,0.03458609847739989,categorical_crossentropy,False,0.03458609847739989,-0.0,0.005463600158691406,0.00012564659118652344,28.416844367980957,363.8984375,1163,ok,,1.0.0,{}
146820,wilt,openml_task,amlb,classification,tabularaml,1,1200,3871,968,5,11,6,0.9914763184413838,binary_roc_auc,True,0.9931138730265369,-0.0016489091831559438,136.68291640281677,0.012044668197631836,142.57622814178467,354.296875,128,ok,,0.2.0,"{""mode"": ""medium"", ""elapsed_time"": 135.69954586029053, ""n_init_feats"": 5, ""n_added_feats"": 6, ""initial_metric"": null, ""final_metric"": 0.9926227678571429, ""pct_gain"": 0.011567070694887552}"
146821,car,openml_task,amlb,multiclass,openfe,1,1200,1382,346,6,28,22,0.3981613902741171,categorical_crossentropy,False,,,7.368666410446167,0.9787511825561523,26.375616312026978,345.140625,128,ok,,upstream-0.0.12,{}
146195,connect-4,openml_task,amlb,multiclass,openfe,3,1200,,,,,,,,,,,,,1380,,,timeout,wall-clock exceeded 1380s,,
125920,dresses-sales,openml_task,amlb,classification,featuretools,2,1200,400,100,12,,,,,,,,0.4399738311767578,,2.8129310607910156,,,crash,TypeError: boolean value of NA is ambiguous,upstream-1.x,
14954,cylinder-bands,openml_task,amlb,classification,featuretools,2,1200,432,108,35,,,,,,,,,,2.935896873474121,,,crash,TypeError: boolean value of NA is ambiguous,upstream-1.x,
29,credit-approval,openml_task,amlb,classification,featuretools,4,1200,552,138,15,,,,,,,,1.3618271350860596,,3.2846128940582275,,,crash,TypeError: boolean value of NA is ambiguous,upstream-1.x,
125920,dresses-sales,openml_task,amlb,classification,featuretools,3,1200,400,100,12,,,,,,,,0.5751326084136963,,2.8477981090545654,,,crash,TypeError: boolean value of NA is ambiguous,upstream-1.x,
14954,cylinder-bands,openml_task,amlb,classification,featuretools,4,1200,432,108,35,,,,,,,,,,2.907871961593628,,,crash,TypeError: boolean value of NA is ambiguous,upstream-1.x,
14954,cylinder-bands,openml_task,amlb,classification,featuretools,0,1200,432,108,35,,,,,,,,,,3.2183845043182373,,,crash,TypeError: boolean value of NA is ambiguous,upstream-1.x,
125920,dresses-sales,openml_task,amlb,classification,featuretools,1,1200,400,100,12,,,,,,,,0.5003359317779541,,3.4173765182495117,,,crash,TypeError: boolean value of NA is ambiguous,upstream-1.x,
14954,cylinder-bands,openml_task,amlb,classification,featuretools,3,1200,432,108,35,,,,,,,,,,3.716718912124634,,,crash,TypeError: boolean value of NA is ambiguous,upstream-1.x,
125920,dresses-sales,openml_task,amlb,classification,featuretools,4,1200,400,100,12,,,,,,,,0.5265369415283203,,3.8097307682037354,,,crash,TypeError: boolean value of NA is ambiguous,upstream-1.x,
146817,steel-plates-fault,openml_task,amlb,multiclass,nofe,3,1200,1552,389,27,27,0,0.5890017494740046,categorical_crossentropy,False,0.5890017494740046,-0.0,0.004255771636962891,9.083747863769531e-05,5.6348161697387695,344.38671875,145,ok,,1.0.0,{}
14954,cylinder-bands,openml_task,amlb,classification,featuretools,1,1200,432,108,35,,,,,,,,,,8.168663740158081,,,crash,TypeError: boolean value of NA is ambiguous,upstream-1.x,
29,credit-approval,openml_task,amlb,classification,featuretools,1,1200,552,138,15,,,,,,,,0.8733866214752197,,8.348434925079346,,,crash,TypeError: boolean value of NA is ambiguous,upstream-1.x,
29,credit-approval,openml_task,amlb,classification,featuretools,2,1200,552,138,15,,,,,,,,1.5498058795928955,,8.829694032669067,,,crash,TypeError: boolean value of NA is ambiguous,upstream-1.x,
3904,jm1,openml_task,amlb,classification,featuretools,2,1200,8708,2177,21,,,,,,,,7.686843156814575,,18.642674446105957,,,crash,TypeConversionError: Error converting datatype for uniq_Op from type float64 to type Int64. Please confirm the underlying data is consistent with logical type IntegerNullable.,upstream-1.x,
3904,jm1,openml_task,amlb,classification,featuretools,1,1200,8708,2177,21,,,,,,,,8.789575099945068,,22.469703912734985,,,crash,TypeConversionError: Error converting datatype for uniq_Op from type float64 to type Int64. Please confirm the underlying data is consistent with logical type IntegerNullable.,upstream-1.x,
146819,climate-model-crashes,openml_task,amlb,classification,openfe,3,1200,432,108,18,540,522,0.9809203142536476,binary_roc_auc,True,0.9315375982042648,0.05301204819277108,20.7067973613739,3.399925708770752,30.803369283676147,363.69140625,186,ok,,upstream-0.0.12,{}
9977,nomao,openml_task,amlb,classification,featuretools,4,1200,,,,,,,,,,,,,70.58712601661682,,,crash,":33: UserWarning: Could not infer format, so each element will be parsed individually, falling back to `dateutil`. To ensure parsing is consistent and as-expected, please specify a format.
  pd.to_datetime(
/home/ionutionut045/venv/lib/python3.11/site-packages/featuretools/synthesis/dfs.py:321: UnusedPrimitiveWarning: Some specified primitives were not used during DFS:
  groupby_trans_primitives: ['cum_count', 'cum_max', 'cum_mean', 'cum_min', 'cum_sum']
This may be caused by a using a value of max_depth that is too small, not setting interesting values, or it may indicate no compatible columns for the primitive were found in the data. If the DFS call contained multiple instances of a primitive in the list above, none of them were used.
  warnings.warn(warning_msg, UnusedPrimitiveWarning)
",,
146195,connect-4,openml_task,amlb,multiclass,nofe,4,1200,54045,13512,42,42,0,0.3540504133254973,categorical_crossentropy,False,0.3540504133254973,-0.0,0.01598501205444336,0.001531839370727539,78.7331907749176,361.97265625,1999,ok,,1.0.0,{}
146820,wilt,openml_task,amlb,classification,nofe,3,1200,3871,968,5,5,0,0.9874034262680551,binary_roc_auc,True,0.9874034262680551,0.0,0.006818294525146484,0.00010013580322265625,23.459434270858765,322.2265625,269,ok,,1.0.0,{}
9977,nomao,openml_task,amlb,classification,featuretools,0,1200,,,,,,,,,,,,,110.27228140830994,,,crash,":33: UserWarning: Could not infer format, so each element will be parsed individually, falling back to `dateutil`. To ensure parsing is consistent and as-expected, please specify a format.
  pd.to_datetime(
/home/ionutionut045/venv/lib/python3.11/site-packages/featuretools/synthesis/dfs.py:321: UnusedPrimitiveWarning: Some specified primitives were not used during DFS:
  groupby_trans_primitives: ['cum_count', 'cum_max', 'cum_mean', 'cum_min', 'cum_sum']
This may be caused by a using a value of max_depth that is too small, not setting interesting values, or it may indicate no compatible columns for the primitive were found in the data. If the DFS call contained multiple instances of a primitive in the list above, none of them were used.
  warnings.warn(warning_msg, UnusedPrimitiveWarning)
",,
146819,climate-model-crashes,openml_task,amlb,classification,tabularaml,4,1200,432,108,18,21,3,0.9472502805836139,binary_roc_auc,True,0.9461279461279462,0.0011862396204033161,176.8024582862854,0.012251615524291992,179.28673005104065,246.55859375,17,ok,,0.2.0,"{""mode"": ""medium"", ""elapsed_time"": 176.37124967575073, ""n_init_feats"": 18, ""n_added_feats"": 3, ""initial_metric"": null, ""final_metric"": 0.9887994634473507, ""pct_gain"": 0.01879621292222276}"
9977,nomao,openml_task,amlb,classification,featuretools,3,1200,,,,,,,,,,,,,214.7531294822693,,,crash,":33: UserWarning: Could not infer format, so each element will be parsed individually, falling back to `dateutil`. To ensure parsing is consistent and as-expected, please specify a format.
  pd.to_datetime(
/home/ionutionut045/venv/lib/python3.11/site-packages/featuretools/synthesis/dfs.py:321: UnusedPrimitiveWarning: Some specified primitives were not used during DFS:
  groupby_trans_primitives: ['cum_count', 'cum_max', 'cum_mean', 'cum_min', 'cum_sum']
This may be caused by a using a value of max_depth that is too small, not setting interesting values, or it may indicate no compatible columns for the primitive were found in the data. If the DFS call contained multiple instances of a primitive in the list above, none of them were used.
  warnings.warn(warning_msg, UnusedPrimitiveWarning)
",,
146819,climate-model-crashes,openml_task,amlb,classification,tabularaml,3,1200,432,108,18,26,8,0.9562289562289563,binary_roc_auc,True,0.9315375982042648,0.02650602409638566,208.46704053878784,0.012826681137084961,211.60463953018188,248.4296875,186,ok,,0.2.0,"{""mode"": ""medium"", ""elapsed_time"": 208.21082067489624, ""n_init_feats"": 18, ""n_added_feats"": 8, ""initial_metric"": null, ""final_metric"": 0.9700871898054997, ""pct_gain"": 0.06392055832802097}"
146821,car,openml_task,amlb,multiclass,openfe,0,1200,1382,346,6,28,22,0.6051558318596355,categorical_crossentropy,False,0.0345860984773998,-16.49708288881075,7.052320718765259,0.8182568550109863,11.237001180648804,264.82421875,32,ok,,upstream-0.0.12,{}
9977,nomao,openml_task,amlb,classification,featuretools,1,1200,,,,,,,,,,,,,269.2166030406952,,,crash,":33: UserWarning: Could not infer format, so each element will be parsed individually, falling back to `dateutil`. To ensure parsing is consistent and as-expected, please specify a format.
  pd.to_datetime(
/home/ionutionut045/venv/lib/python3.11/site-packages/featuretools/synthesis/dfs.py:321: UnusedPrimitiveWarning: Some specified primitives were not used during DFS:
  groupby_trans_primitives: ['cum_count', 'cum_max', 'cum_mean', 'cum_min', 'cum_sum']
This may be caused by a using a value of max_depth that is too small, not setting interesting values, or it may indicate no compatible columns for the primitive were found in the data. If the DFS call contained multiple instances of a primitive in the list above, none of them were used.
  warnings.warn(warning_msg, UnusedPrimitiveWarning)
",,
9977,nomao,openml_task,amlb,classification,autofeat,0,1200,,,,,,,,,,,,,291.0788543224335,,,crash,"ed credentials for https://api.wandb.ai from /home/ionutionut045/.netrc.
wandb: Currently logged in as: ionutb to https://api.wandb.ai. Use `wandb login --relogin` to force relogin
wandb: Using an existing wandb-core service via WANDB_SERVICE.
wandb: WARNING Using a boolean value for 'reinit' is deprecated. Use 'return_previous' or 'finish_previous' instead.
wandb: Tracking run with wandb version 0.26.0
wandb: Run data is saved locally in /home/ionutionut045/tabularaml-refactored/wandb/run-20260421_121054-6m58c515
wandb: Run `wandb offline` to turn off syncing.
wandb: Syncing run autofeat_classification_nomao_seed0
wandb: ⭐️ View project at https://wandb.ai/ionutb/tabularaml-targeted-benchmark-all
wandb: 🚀 View run at https://wandb.ai/ionutb/tabularaml-targeted-benchmark-all/runs/6m58c515
",,
9977,nomao,openml_task,amlb,classification,autofeat,1,1200,,,,,,,,,,,,,310.8110203742981,,,crash,"wandb.ai from /home/ionutionut045/.netrc.
wandb: Currently logged in as: ionutb to https://api.wandb.ai. Use `wandb login --relogin` to force relogin
wandb: Using an existing wandb-core service via WANDB_SERVICE.
wandb: WARNING Using a boolean value for 'reinit' is deprecated. Use 'return_previous' or 'finish_previous' instead.
wandb: setting up run lghd416c
wandb: Tracking run with wandb version 0.26.0
wandb: Run data is saved locally in /home/ionutionut045/tabularaml-refactored/wandb/run-20260421_121053-lghd416c
wandb: Run `wandb offline` to turn off syncing.
wandb: Syncing run autofeat_classification_nomao_seed1
wandb: ⭐️ View project at https://wandb.ai/ionutb/tabularaml-targeted-benchmark-all
wandb: 🚀 View run at https://wandb.ai/ionutb/tabularaml-targeted-benchmark-all/runs/lghd416c
",,
9977,nomao,openml_task,amlb,classification,autofeat,4,1200,,,,,,,,,,,,,586.6780457496643,,,crash,"ed credentials for https://api.wandb.ai from /home/ionutionut045/.netrc.
wandb: Currently logged in as: ionutb to https://api.wandb.ai. Use `wandb login --relogin` to force relogin
wandb: Using an existing wandb-core service via WANDB_SERVICE.
wandb: WARNING Using a boolean value for 'reinit' is deprecated. Use 'return_previous' or 'finish_previous' instead.
wandb: Tracking run with wandb version 0.26.0
wandb: Run data is saved locally in /home/ionutionut045/tabularaml-refactored/wandb/run-20260421_121052-mjsfz54t
wandb: Run `wandb offline` to turn off syncing.
wandb: Syncing run autofeat_classification_nomao_seed4
wandb: ⭐️ View project at https://wandb.ai/ionutb/tabularaml-targeted-benchmark-all
wandb: 🚀 View run at https://wandb.ai/ionutb/tabularaml-targeted-benchmark-all/runs/mjsfz54t
",,
146821,car,openml_task,amlb,multiclass,featuretools,1,1200,1382,346,6,13,7,0.022147097880176936,categorical_crossentropy,False,,,0.7208414077758789,0.17202401161193848,7.453089714050293,397.1015625,1996,ok,,upstream-1.x,{}
146817,steel-plates-fault,openml_task,amlb,multiclass,featuretools,3,1200,1552,389,27,2906,2879,0.5625542255691887,categorical_crossentropy,False,0.5890017494740046,0.044902284124681065,4.835975170135498,7.71446967124939,600.2071657180786,501.13671875,146,ok,,upstream-1.x,{}
146819,climate-model-crashes,openml_task,amlb,classification,tabularaml,0,1200,432,108,18,27,9,0.9887766554433222,binary_roc_auc,True,0.9797979797979798,0.00916380297823604,585.3463146686554,0.01892256736755371,594.164920091629,241.3984375,39,ok,,0.2.0,"{""mode"": ""medium"", ""elapsed_time"": 305.53428506851196, ""n_init_feats"": 18, ""n_added_feats"": 9, ""initial_metric"": null, ""final_metric"": 0.9572769953051644, ""pct_gain"": 0.018554199474314685}"
146817,steel-plates-fault,openml_task,amlb,multiclass,featuretools,1,1200,1552,389,27,2899,2872,0.5863509661467761,categorical_crossentropy,False,0.6260414657166232,0.06339915443845856,7.859111070632935,9.21455192565918,600.6246545314789,496.4296875,121,ok,,upstream-1.x,{}
146821,car,openml_task,amlb,multiclass,nofe,2,1200,1382,346,6,6,0,0.030218835775773372,categorical_crossentropy,False,0.030218835775773372,-0.0,0.0030684471130371094,7.653236389160156e-05,4.658525466918945,368.01953125,1446,ok,,1.0.0,{}
146821,car,openml_task,amlb,multiclass,openfe,2,1200,1382,346,6,28,22,0.5342020812105237,categorical_crossentropy,False,0.030218835775773372,-16.677784980677412,6.351243257522583,0.7296013832092285,10.100937604904175,340.60546875,61,ok,,upstream-0.0.12,{}
146820,wilt,openml_task,amlb,classification,tabularaml,0,1200,3871,968,5,11,6,0.9935757473967082,binary_roc_auc,True,0.9884111521666106,0.005225148683092799,288.8151180744171,0.009672880172729492,595.5870077610016,258.53125,105,ok,,0.2.0,"{""mode"": ""medium"", ""elapsed_time"": 288.0027344226837, ""n_init_feats"": 5, ""n_added_feats"": 6, ""initial_metric"": null, ""final_metric"": 0.9967410714285713, ""pct_gain"": 0.002210725926307345}"
146819,climate-model-crashes,openml_task,amlb,classification,tabularaml,1,1200,432,108,18,29,11,0.9702581369248036,binary_roc_auc,True,0.9775533108866444,-0.007462686567164427,614.3019185066223,0.030737638473510742,617.6036155223846,250.5703125,3,ok,,0.2.0,"{""mode"": ""medium"", ""elapsed_time"": 600.2436301708221, ""n_init_feats"": 18, ""n_added_feats"": 11, ""initial_metric"": null, ""final_metric"": 0.9600268276324616, ""pct_gain"": 0.008099161827763957}"
146821,car,openml_task,amlb,multiclass,nofe,3,1200,1382,346,6,6,0,0.0530183626580865,categorical_crossentropy,False,0.0530183626580865,-0.0,0.006017208099365234,0.00017333030700683594,3.8295342922210693,338.6171875,380,ok,,1.0.0,{}
146821,car,openml_task,amlb,multiclass,featuretools,2,1200,1382,346,6,13,7,0.03461134042482941,categorical_crossentropy,False,0.030218835775773372,-0.14535651477935288,0.503493070602417,0.18877267837524414,12.693157434463501,380.79296875,1367,ok,,upstream-1.x,{}
146821,car,openml_task,amlb,multiclass,featuretools,3,1200,1382,346,6,13,7,0.050683558217588666,categorical_crossentropy,False,0.0530183626580865,0.044037656454140324,0.44472551345825195,0.14263319969177246,4.190625190734863,365.08984375,535,ok,,upstream-1.x,{}
146821,car,openml_task,amlb,multiclass,openfe,3,1200,1382,346,6,28,22,0.31361098223227224,categorical_crossentropy,False,0.0530183626580865,-4.915138953926927,6.689391851425171,0.927182674407959,10.980299234390259,344.93359375,269,ok,,upstream-0.0.12,{}
146821,car,openml_task,amlb,multiclass,nofe,4,1200,1382,346,6,6,0,0.021790149154887695,categorical_crossentropy,False,0.021790149154887695,-0.0,0.005218029022216797,0.00012421607971191406,4.268208026885986,364.84375,1364,ok,,1.0.0,{}
146820,wilt,openml_task,amlb,classification,tabularaml,2,1200,3871,968,5,11,6,0.9924630500503863,binary_roc_auc,True,0.9934287873698352,-0.0009721253619051888,533.5405080318451,0.021955251693725586,581.3415899276733,256.37109375,167,ok,,0.2.0,"{""mode"": ""medium"", ""elapsed_time"": 532.5620701313019, ""n_init_feats"": 5, ""n_added_feats"": 6, ""initial_metric"": null, ""final_metric"": 0.9937723214285714, ""pct_gain"": 0.011852407293040256}"
146820,wilt,openml_task,amlb,classification,tabularaml,3,1200,3871,968,5,7,2,0.9916442727578099,binary_roc_auc,True,0.9874034262680551,0.004294948120428614,493.4168884754181,0.005267620086669922,546.8301074504852,244.92578125,111,ok,,0.2.0,"{""mode"": ""medium"", ""elapsed_time"": 492.71376156806946, ""n_init_feats"": 5, ""n_added_feats"": 2, ""initial_metric"": null, ""final_metric"": 0.9975669642857143, ""pct_gain"": 0.0031987608688723644}"
146821,car,openml_task,amlb,multiclass,nofe,1,1200,1382,346,6,6,0,0.023340753675119466,categorical_crossentropy,False,0.023340753675119466,-0.0,0.013966798782348633,0.0002751350402832031,365.7840476036072,272.2578125,1999,ok,,1.0.0,{}
146821,car,openml_task,amlb,multiclass,featuretools,4,1200,1382,346,6,13,7,0.02694587411891128,categorical_crossentropy,False,0.021790149154887695,-0.23660806208236163,0.5182209014892578,0.1609172821044922,9.181966066360474,387.9296875,1677,ok,,upstream-1.x,{}
146821,car,openml_task,amlb,multiclass,openfe,4,1200,1382,346,6,28,22,0.3389299313613144,categorical_crossentropy,False,0.021790149154887695,-14.554273123701398,6.735309600830078,0.7444753646850586,25.936407566070557,340.2734375,71,ok,,upstream-0.0.12,{}
146822,segment,openml_task,amlb,multiclass,nofe,0,1200,1848,462,16,16,0,0.17644363348457953,categorical_crossentropy,False,0.17644363348457953,-0.0,0.009188175201416016,0.00012373924255371094,10.019977569580078,343.375,180,ok,,1.0.0,{}
146819,climate-model-crashes,openml_task,amlb,classification,tabularaml,2,1200,432,108,18,32,14,0.9618406285072951,binary_roc_auc,True,0.9719416386083052,-0.010392609699769007,689.5053064823151,0.042139291763305664,692.3242506980896,250.60546875,86,ok,,0.2.0,"{""mode"": ""medium"", ""elapsed_time"": 673.4489867687225, ""n_init_feats"": 18, ""n_added_feats"": 14, ""initial_metric"": null, ""final_metric"": 0.9411133467471495, ""pct_gain"": 0.04218657113116324}"
146817,steel-plates-fault,openml_task,amlb,multiclass,openfe,2,1200,1552,389,27,1974,1947,0.5455260705609822,categorical_crossentropy,False,0.6170433827383793,0.1159032155243447,265.5569341182709,31.03293514251709,720.4303305149078,445.046875,128,ok,,upstream-0.0.12,{}
146821,car,openml_task,amlb,multiclass,tabularaml,2,1200,1382,346,6,,,,,,,,,,112.4904854297638,,,crash,ValueError: X does not contain the columns listed in cols,0.2.0,
146817,steel-plates-fault,openml_task,amlb,multiclass,openfe,0,1200,1552,389,27,1949,1922,0.48592889011127677,categorical_crossentropy,False,0.5198084563573531,0.06517702017295596,279.99686074256897,305.6383764743805,731.3247029781342,450.79296875,152,ok,,upstream-0.0.12,{}
146817,steel-plates-fault,openml_task,amlb,multiclass,openfe,4,1200,1552,389,27,1964,1937,0.5601743269049752,categorical_crossentropy,False,0.5864190776050713,0.04475425800824794,267.75976514816284,29.457708597183228,733.8361444473267,442.234375,128,ok,,upstream-0.0.12,{}
146822,segment,openml_task,amlb,multiclass,nofe,1,1200,1848,462,16,16,0,0.20341709341014255,categorical_crossentropy,False,0.20341709341014255,-0.0,0.00471043586730957,0.0001392364501953125,11.059881687164307,342.53515625,159,ok,,1.0.0,{}
146817,steel-plates-fault,openml_task,amlb,multiclass,openfe,3,1200,1552,389,27,1964,1937,0.5341424599270741,categorical_crossentropy,False,0.5890017494740046,0.0931394339591036,292.2252311706543,301.3375129699707,745.9067010879517,455.82421875,128,ok,,upstream-0.0.12,{}
146817,steel-plates-fault,openml_task,amlb,multiclass,openfe,1,1200,1552,389,27,1955,1928,0.5618610413802505,categorical_crossentropy,False,0.6260414657166232,0.10251784881837826,279.19696712493896,306.57115387916565,746.7092788219452,451.8984375,136,ok,,upstream-0.0.12,{}
146822,segment,openml_task,amlb,multiclass,nofe,2,1200,1848,462,16,16,0,0.12936143240439343,categorical_crossentropy,False,0.12936143240439343,-0.0,0.004086971282958984,0.0003376007080078125,11.306581258773804,335.88671875,218,ok,,1.0.0,{}
146821,car,openml_task,amlb,multiclass,tabularaml,0,1200,1382,346,6,,,,,,,,,,501.87903881073,,,crash,ValueError: X does not contain the columns listed in cols,0.2.0,
146822,segment,openml_task,amlb,multiclass,featuretools,0,1200,1848,462,16,1235,1219,0.16983760108473786,categorical_crossentropy,False,0.17644363348457953,0.037439902304091985,2.832850694656372,3.0114119052886963,74.40111064910889,454.77734375,132,ok,,upstream-1.x,{}
146821,car,openml_task,amlb,multiclass,tabularaml,4,1200,1382,346,6,,,,,,,,,,129.32097506523132,,,crash,ValueError: X does not contain the columns listed in cols,0.2.0,
146821,car,openml_task,amlb,multiclass,tabularaml,1,1200,1382,346,6,,,,,,,,,,204.95923852920532,,,crash,ValueError: X does not contain the columns listed in cols,0.2.0,
146820,wilt,openml_task,amlb,classification,tabularaml,4,1200,3871,968,5,10,5,0.9831415854887471,binary_roc_auc,True,0.9875923748740342,-0.004506706915244036,592.8143870830536,0.011957406997680664,602.2766461372375,263.6328125,195,ok,,0.2.0,"{""mode"": ""medium"", ""elapsed_time"": 591.7965462207794, ""n_init_feats"": 5, ""n_added_feats"": 5, ""initial_metric"": null, ""final_metric"": 0.997622767857143, ""pct_gain"": 0.007597533542915043}"
146822,segment,openml_task,amlb,multiclass,nofe,3,1200,1848,462,16,16,0,0.17506559567578395,categorical_crossentropy,False,0.17506559567578395,-0.0,0.008811473846435547,0.00012111663818359375,11.073182106018066,331.4296875,156,ok,,1.0.0,{}
146822,segment,openml_task,amlb,multiclass,featuretools,1,1200,1848,462,16,1235,1219,0.18350228097580082,categorical_crossentropy,False,0.20341709341014255,0.09790137151447846,2.474684476852417,3.0616226196289062,84.95741605758667,462.52734375,130,ok,,upstream-1.x,{}
146822,segment,openml_task,amlb,multiclass,openfe,0,1200,1848,462,16,686,670,0.14939911367933092,categorical_crossentropy,False,0.17644363348457953,0.15327569077527634,98.32802820205688,4.711515188217163,170.03150963783264,425.18359375,181,ok,,upstream-0.0.12,{}
146822,segment,openml_task,amlb,multiclass,featuretools,2,1200,1848,462,16,1235,1219,0.13410572168413243,categorical_crossentropy,False,0.12936143240439343,-0.03667468109743864,2.8096961975097656,2.556542158126831,83.45377898216248,456.56640625,140,ok,,upstream-1.x,{}
146822,segment,openml_task,amlb,multiclass,nofe,4,1200,1848,462,16,16,0,0.23944721513859185,categorical_crossentropy,False,0.23944721513859185,-0.0,0.004285573959350586,0.00011134147644042969,11.23226284980774,327.36328125,103,ok,,1.0.0,{}
9977,nomao,openml_task,amlb,classification,autofeat,3,1200,,,,,,,,,,,,,1380,,,timeout,wall-clock exceeded 1380s,,
146817,steel-plates-fault,openml_task,amlb,multiclass,tabularaml,4,1200,,,,,,,,,,,,,1380,,,timeout,wall-clock exceeded 1380s,,
146817,steel-plates-fault,openml_task,amlb,multiclass,autofeat,2,1200,,,,,,,,,,,,,1380,,,timeout,wall-clock exceeded 1380s,,
146817,steel-plates-fault,openml_task,amlb,multiclass,autofeat,4,1200,,,,,,,,,,,,,1380,,,timeout,wall-clock exceeded 1380s,,
146195,connect-4,openml_task,amlb,multiclass,tabularaml,4,1200,,,,,,,,,,,,,1380,,,timeout,wall-clock exceeded 1380s,,
146817,steel-plates-fault,openml_task,amlb,multiclass,tabularaml,1,1200,,,,,,,,,,,,,1380,,,timeout,wall-clock exceeded 1380s,,
146195,connect-4,openml_task,amlb,multiclass,openfe,4,1200,,,,,,,,,,,,,1380,,,timeout,wall-clock exceeded 1380s,,
146800,MiceProtein,openml_task,amlb,multiclass,tabularaml,4,1200,,,,,,,,,,,,,1380,,,timeout,wall-clock exceeded 1380s,,
146817,steel-plates-fault,openml_task,amlb,multiclass,autofeat,3,1200,,,,,,,,,,,,,1380,,,timeout,wall-clock exceeded 1380s,,
146817,steel-plates-fault,openml_task,amlb,multiclass,autofeat,0,1200,,,,,,,,,,,,,1380,,,timeout,wall-clock exceeded 1380s,,
146817,steel-plates-fault,openml_task,amlb,multiclass,tabularaml,0,1200,,,,,,,,,,,,,1380,,,timeout,wall-clock exceeded 1380s,,
146800,MiceProtein,openml_task,amlb,multiclass,openfe,0,1200,,,,,,,,,,,,,1380,,,timeout,wall-clock exceeded 1380s,,
146800,MiceProtein,openml_task,amlb,multiclass,autofeat,1,1200,,,,,,,,,,,,,1380,,,timeout,wall-clock exceeded 1380s,,
146800,MiceProtein,openml_task,amlb,multiclass,tabularaml,2,1200,,,,,,,,,,,,,1380,,,timeout,wall-clock exceeded 1380s,,
146817,steel-plates-fault,openml_task,amlb,multiclass,autofeat,1,1200,,,,,,,,,,,,,1380,,,timeout,wall-clock exceeded 1380s,,
146800,MiceProtein,openml_task,amlb,multiclass,autofeat,4,1200,,,,,,,,,,,,,1380,,,timeout,wall-clock exceeded 1380s,,
146817,steel-plates-fault,openml_task,amlb,multiclass,tabularaml,2,1200,,,,,,,,,,,,,1380,,,timeout,wall-clock exceeded 1380s,,
146800,MiceProtein,openml_task,amlb,multiclass,autofeat,3,1200,,,,,,,,,,,,,1380,,,timeout,wall-clock exceeded 1380s,,
146800,MiceProtein,openml_task,amlb,multiclass,autofeat,0,1200,,,,,,,,,,,,,1380,,,timeout,wall-clock exceeded 1380s,,
146817,steel-plates-fault,openml_task,amlb,multiclass,tabularaml,3,1200,,,,,,,,,,,,,1380,,,timeout,wall-clock exceeded 1380s,,
146800,MiceProtein,openml_task,amlb,multiclass,tabularaml,3,1200,,,,,,,,,,,,,1380,,,timeout,wall-clock exceeded 1380s,,
146800,MiceProtein,openml_task,amlb,multiclass,openfe,4,1200,,,,,,,,,,,,,1380,,,timeout,wall-clock exceeded 1380s,,
146819,climate-model-crashes,openml_task,amlb,classification,autofeat,1,1200,,,,,,,,,,,,,1380,,,timeout,wall-clock exceeded 1380s,,
146800,MiceProtein,openml_task,amlb,multiclass,autofeat,2,1200,,,,,,,,,,,,,1380,,,timeout,wall-clock exceeded 1380s,,
146800,MiceProtein,openml_task,amlb,multiclass,openfe,2,1200,,,,,,,,,,,,,1380,,,timeout,wall-clock exceeded 1380s,,
146800,MiceProtein,openml_task,amlb,multiclass,openfe,1,1200,,,,,,,,,,,,,1380,,,timeout,wall-clock exceeded 1380s,,
146819,climate-model-crashes,openml_task,amlb,classification,autofeat,0,1200,,,,,,,,,,,,,1380,,,timeout,wall-clock exceeded 1380s,,
146195,connect-4,openml_task,amlb,multiclass,autofeat,3,1200,,,,,,,,,,,,,1380,,,timeout,wall-clock exceeded 1380s,,
146800,MiceProtein,openml_task,amlb,multiclass,openfe,3,1200,,,,,,,,,,,,,1380,,,timeout,wall-clock exceeded 1380s,,
146819,climate-model-crashes,openml_task,amlb,classification,autofeat,2,1200,,,,,,,,,,,,,1380,,,timeout,wall-clock exceeded 1380s,,
146195,connect-4,openml_task,amlb,multiclass,autofeat,4,1200,,,,,,,,,,,,,1380,,,timeout,wall-clock exceeded 1380s,,
146800,MiceProtein,openml_task,amlb,multiclass,featuretools,1,1200,,,,,,,,,,,,,1380,,,timeout,wall-clock exceeded 1380s,,
146800,MiceProtein,openml_task,amlb,multiclass,featuretools,3,1200,,,,,,,,,,,,,1380,,,timeout,wall-clock exceeded 1380s,,
146800,MiceProtein,openml_task,amlb,multiclass,featuretools,4,1200,,,,,,,,,,,,,1380,,,timeout,wall-clock exceeded 1380s,,
9977,nomao,openml_task,amlb,classification,autofeat,2,1200,,,,,,,,,,,,,1380,,,timeout,wall-clock exceeded 1380s,,
146800,MiceProtein,openml_task,amlb,multiclass,featuretools,2,1200,,,,,,,,,,,,,1380,,,timeout,wall-clock exceeded 1380s,,
146800,MiceProtein,openml_task,amlb,multiclass,featuretools,0,1200,,,,,,,,,,,,,1380,,,timeout,wall-clock exceeded 1380s,,
146819,climate-model-crashes,openml_task,amlb,classification,autofeat,3,1200,,,,,,,,,,,,,1380,,,timeout,wall-clock exceeded 1380s,,
14970,har,openml_task,amlb,multiclass,autofeat,4,1200,,,,,,,,,,,,,1380,,,timeout,wall-clock exceeded 1380s,,
146195,connect-4,openml_task,amlb,multiclass,featuretools,4,1200,,,,,,,,,,,,,1380,,,timeout,wall-clock exceeded 1380s,,
146195,connect-4,openml_task,amlb,multiclass,featuretools,3,1200,,,,,,,,,,,,,1380,,,timeout,wall-clock exceeded 1380s,,
9910,Bioresponse,openml_task,amlb,classification,autofeat,2,1200,,,,,,,,,,,,,1380,,,timeout,wall-clock exceeded 1380s,,
14970,har,openml_task,amlb,multiclass,autofeat,1,1200,,,,,,,,,,,,,1380,,,timeout,wall-clock exceeded 1380s,,
14970,har,openml_task,amlb,multiclass,autofeat,3,1200,,,,,,,,,,,,,1380,,,timeout,wall-clock exceeded 1380s,,
14970,har,openml_task,amlb,multiclass,autofeat,2,1200,,,,,,,,,,,,,1380,,,timeout,wall-clock exceeded 1380s,,
14970,har,openml_task,amlb,multiclass,autofeat,0,1200,,,,,,,,,,,,,1380,,,timeout,wall-clock exceeded 1380s,,
146819,climate-model-crashes,openml_task,amlb,classification,autofeat,4,1200,,,,,,,,,,,,,1380,,,timeout,wall-clock exceeded 1380s,,
9910,Bioresponse,openml_task,amlb,classification,openfe,4,1200,,,,,,,,,,,,,1380,,,timeout,wall-clock exceeded 1380s,,
146820,wilt,openml_task,amlb,classification,autofeat,0,1200,,,,,,,,,,,,,1380,,,timeout,wall-clock exceeded 1380s,,
146822,segment,openml_task,amlb,multiclass,openfe,1,1200,1848,462,16,694,678,0.19410010976908382,categorical_crossentropy,False,0.20341709341014255,0.045802363433997344,93.52458548545837,4.910965442657471,656.3402986526489,310.71484375,130,ok,,upstream-0.0.12,{}
146820,wilt,openml_task,amlb,classification,autofeat,1,1200,,,,,,,,,,,,,1380,,,timeout,wall-clock exceeded 1380s,,
146824,mfeat-pixel,openml_task,amlb,multiclass,nofe,1,1200,1600,400,240,240,0,0.17761127406120067,categorical_crossentropy,False,0.17761127406120067,-0.0,0.007977962493896484,0.0001697540283203125,14.271826982498169,368.8125,549,ok,,1.0.0,{}
146824,mfeat-pixel,openml_task,amlb,multiclass,nofe,2,1200,1600,400,240,240,0,0.1920751651143655,categorical_crossentropy,False,0.1920751651143655,-0.0,0.004923582077026367,0.000141143798828125,16.2693612575531,360.3203125,297,ok,,1.0.0,{}
146824,mfeat-pixel,openml_task,amlb,multiclass,nofe,0,1200,1600,400,240,240,0,0.1224357313526707,categorical_crossentropy,False,0.1224357313526707,-0.0,0.006880044937133789,0.00017833709716796875,16.742337226867676,365.9609375,476,ok,,1.0.0,{}
146824,mfeat-pixel,openml_task,amlb,multiclass,nofe,4,1200,1600,400,240,240,0,0.173811441102298,categorical_crossentropy,False,0.173811441102298,-0.0,0.004544258117675781,0.00014543533325195312,17.057960271835327,362.953125,436,ok,,1.0.0,{}
146822,segment,openml_task,amlb,multiclass,openfe,2,1200,1848,462,16,710,694,0.12916872720763256,categorical_crossentropy,False,0.12936143240439343,0.001489664988854345,88.98959851264954,5.602001190185547,640.3719787597656,302.04296875,181,ok,,upstream-0.0.12,{}
146824,mfeat-pixel,openml_task,amlb,multiclass,nofe,3,1200,1600,400,240,240,0,0.10973674027820379,categorical_crossentropy,False,0.10973674027820379,-0.0,0.003253936767578125,5.626678466796875e-05,17.828840732574463,409.015625,1388,ok,,1.0.0,{}
146820,wilt,openml_task,amlb,classification,autofeat,2,1200,,,,,,,,,,,,,1380,,,timeout,wall-clock exceeded 1380s,,
146822,segment,openml_task,amlb,multiclass,featuretools,3,1200,1848,462,16,1235,1219,0.18728586324582328,categorical_crossentropy,False,0.17506559567578395,-0.0698039356211993,2.69154691696167,3.4593346118927,582.3208291530609,351.6328125,208,ok,,upstream-1.x,{}
167119,jungle_chess,openml_task,amlb,multiclass,nofe,0,1200,35855,8964,6,6,0,0.2508740078037275,categorical_crossentropy,False,0.2508740078037275,-0.0,0.011359930038452148,0.00023865699768066406,27.24074149131775,407.4296875,1221,ok,,1.0.0,{}
146825,Fashion-MNIST,openml_task,amlb,multiclass,autofeat,4,1200,56000,14000,784,,,,,,,,,,33.43197178840637,,,oom,"MemoryError: Unable to allocate 923. GiB for an array with shape (50400, 4915680) and data type float32",upstream-2.1.x,
167119,jungle_chess,openml_task,amlb,multiclass,nofe,1,1200,35855,8964,6,6,0,0.23837780085981344,categorical_crossentropy,False,0.23837780085981344,-0.0,0.008470535278320312,9.822845458984375e-05,14.978888750076294,393.11328125,980,ok,,1.0.0,{}
146825,Fashion-MNIST,openml_task,amlb,multiclass,autofeat,1,1200,56000,14000,784,,,,,,,,,,50.69541788101196,,,oom,"MemoryError: Unable to allocate 923. GiB for an array with shape (50400, 4915680) and data type float32",upstream-2.1.x,
146825,Fashion-MNIST,openml_task,amlb,multiclass,autofeat,2,1200,56000,14000,784,,,,,,,,,,51.80393981933594,,,oom,"MemoryError: Unable to allocate 923. GiB for an array with shape (50400, 4915680) and data type float32",upstream-2.1.x,
146822,segment,openml_task,amlb,multiclass,featuretools,4,1200,1848,462,16,1237,1221,0.22802126479185955,categorical_crossentropy,False,0.23944721513859185,0.04771803397303648,2.261524200439453,2.5675933361053467,60.32816529273987,461.56640625,104,ok,,upstream-1.x,{}
146825,Fashion-MNIST,openml_task,amlb,multiclass,autofeat,3,1200,56000,14000,784,,,,,,,,,,58.757057428359985,,,oom,"MemoryError: Unable to allocate 923. GiB for an array with shape (50400, 4915680) and data type float32",upstream-2.1.x,
167119,jungle_chess,openml_task,amlb,multiclass,nofe,2,1200,35855,8964,6,6,0,0.236009589064831,categorical_crossentropy,False,0.236009589064831,-0.0,0.007320880889892578,0.00011324882507324219,23.715896368026733,395.27734375,1042,ok,,1.0.0,{}
146820,wilt,openml_task,amlb,classification,autofeat,3,1200,,,,,,,,,,,,,1380,,,timeout,wall-clock exceeded 1380s,,
167119,jungle_chess,openml_task,amlb,multiclass,featuretools,1,1200,35855,8964,6,174,168,0.16665572862422404,categorical_crossentropy,False,0.23837780085981344,0.30087563513419663,1.3121974468231201,0.8279626369476318,83.72919631004333,592.72265625,1486,ok,,upstream-1.x,{}
167119,jungle_chess,openml_task,amlb,multiclass,nofe,3,1200,35855,8964,6,6,0,0.24818438173304905,categorical_crossentropy,False,0.24818438173304905,-0.0,0.011290550231933594,0.00018548965454101562,23.156322956085205,399.4765625,1069,ok,,1.0.0,{}
167119,jungle_chess,openml_task,amlb,multiclass,featuretools,2,1200,35855,8964,6,174,168,0.16520915437960804,categorical_crossentropy,False,0.236009589064831,0.2999896528177689,1.376526117324829,0.8492348194122314,84.64715266227722,578.33203125,1268,ok,,upstream-1.x,{}
146821,car,openml_task,amlb,multiclass,tabularaml,3,1200,1382,346,6,,,,,,,,,,922.5991287231445,,,crash,ValueError: X does not contain the columns listed in cols,0.2.0,
146820,wilt,openml_task,amlb,classification,autofeat,4,1200,,,,,,,,,,,,,1380,,,timeout,wall-clock exceeded 1380s,,
146821,car,openml_task,amlb,multiclass,autofeat,0,1200,,,,,,,,,,,,,1380,,,timeout,wall-clock exceeded 1380s,,
167119,jungle_chess,openml_task,amlb,multiclass,nofe,4,1200,35855,8964,6,6,0,0.25012263104145394,categorical_crossentropy,False,0.25012263104145394,-0.0,0.01035165786743164,0.00015497207641601562,23.77272653579712,401.73046875,1150,ok,,1.0.0,{}
167119,jungle_chess,openml_task,amlb,multiclass,featuretools,3,1200,35855,8964,6,174,168,0.16858015923550562,categorical_crossentropy,False,0.24818438173304905,0.32074630136543786,1.3629891872406006,0.8695197105407715,98.27096724510193,589.8984375,1478,ok,,upstream-1.x,{}
146822,segment,openml_task,amlb,multiclass,tabularaml,1,1200,1848,462,16,22,6,0.20531866927852943,categorical_crossentropy,False,0.20341709341014255,-0.009348161634346038,913.0483968257904,0.010548830032348633,924.2489626407623,250.33203125,168,ok,,0.2.0,"{""mode"": ""medium"", ""elapsed_time"": 909.4753601551056, ""n_init_feats"": 16, ""n_added_feats"": 6, ""initial_metric"": null, ""final_metric"": 0.29332557288316413, ""pct_gain"": 0.05322696478136946}"
146821,car,openml_task,amlb,multiclass,autofeat,1,1200,,,,,,,,,,,,,1380,,,timeout,wall-clock exceeded 1380s,,
167119,jungle_chess,openml_task,amlb,multiclass,tabularaml,0,1200,35855,8964,6,13,7,0.20023497662177298,categorical_crossentropy,False,0.2508740078037275,0.2018504492564738,207.18809294700623,0.010229110717773438,268.70643305778503,445.51171875,1393,ok,,0.2.0,"{""mode"": ""medium"", ""elapsed_time"": 191.73131942749023, ""n_init_feats"": 6, ""n_added_feats"": 7, ""initial_metric"": null, ""final_metric"": 0.25988452965442405, ""pct_gain"": 0.09587483728668536}"
167120,numerai28.6,openml_task,amlb,classification,nofe,0,1200,77056,19264,21,21,0,0.5202134202502001,binary_roc_auc,True,0.5202134202502001,0.0,0.06053924560546875,0.0046520233154296875,11.517225980758667,482.7109375,11,ok,,1.0.0,{}
146822,segment,openml_task,amlb,multiclass,openfe,4,1200,1848,462,16,693,677,0.2287982659085827,categorical_crossentropy,False,0.23944721513859185,0.0444730552570659,88.26661252975464,5.316066026687622,337.2292540073395,349.69921875,121,ok,,upstream-0.0.12,{}
146822,segment,openml_task,amlb,multiclass,tabularaml,2,1200,1848,462,16,23,7,0.12493824198536144,categorical_crossentropy,False,0.12936143240439343,0.034192497229041,917.2236292362213,0.011569738388061523,942.5225231647491,247.61328125,201,ok,,0.2.0,"{""mode"": ""medium"", ""elapsed_time"": 913.7001864910126, ""n_init_feats"": 16, ""n_added_feats"": 7, ""initial_metric"": null, ""final_metric"": 0.31812919227979564, ""pct_gain"": 0.061559189343611015}"
146822,segment,openml_task,amlb,multiclass,tabularaml,3,1200,1848,462,16,25,9,0.1790518899394292,categorical_crossentropy,False,0.17506559567578395,-0.02277028932073975,921.2493550777435,0.015902042388916016,926.278557062149,253.51953125,172,ok,,0.2.0,"{""mode"": ""medium"", ""elapsed_time"": 916.3431611061096, ""n_init_feats"": 16, ""n_added_feats"": 9, ""initial_metric"": null, ""final_metric"": 0.2971753936899206, ""pct_gain"": 0.05693454340594409}"
167119,jungle_chess,openml_task,amlb,multiclass,openfe,1,1200,35855,8964,6,196,190,0.05405337508583681,categorical_crossentropy,False,0.23837780085981344,0.7732449293060437,155.24930047988892,28.01363205909729,341.15607500076294,663.4453125,776,ok,,upstream-0.0.12,{}
167119,jungle_chess,openml_task,amlb,multiclass,featuretools,4,1200,35855,8964,6,174,168,0.17337930052040312,categorical_crossentropy,False,0.25012263104145394,0.30682281807731265,1.2624001502990723,0.662625789642334,117.66350507736206,575.71484375,1150,ok,,upstream-1.x,{}
167119,jungle_chess,openml_task,amlb,multiclass,openfe,0,1200,35855,8964,6,193,187,0.05779750160665899,categorical_crossentropy,False,0.2508740078037275,0.7696154252381652,204.79642009735107,27.709008932113647,386.5285279750824,671.3125,946,ok,,upstream-0.0.12,{}
167120,numerai28.6,openml_task,amlb,classification,nofe,1,1200,77056,19264,21,21,0,0.5233681516941053,binary_roc_auc,True,0.5233681516941053,0.0,0.05890202522277832,0.004663944244384766,11.169563293457031,480.828125,55,ok,,1.0.0,{}
167119,jungle_chess,openml_task,amlb,multiclass,tabularaml,2,1200,35855,8964,6,13,7,0.2155354225714069,categorical_crossentropy,False,0.236009589064831,0.08675141791717587,307.6028468608856,0.012267112731933594,338.25199031829834,423.0546875,965,ok,,0.2.0,"{""mode"": ""medium"", ""elapsed_time"": 293.4633114337921, ""n_init_feats"": 6, ""n_added_feats"": 7, ""initial_metric"": null, ""final_metric"": 0.27288363794449966, ""pct_gain"": 0.06664780780756689}"
146821,car,openml_task,amlb,multiclass,autofeat,4,1200,1382,346,6,18,12,0.006047762791263858,categorical_crossentropy,False,0.021790149154887695,0.722454272879206,1162.1517915725708,0.029138803482055664,1171.9429094791412,454.96484375,1991,ok,,upstream-2.1.x,{}
167120,numerai28.6,openml_task,amlb,classification,nofe,2,1200,77056,19264,21,21,0,0.5265157899779556,binary_roc_auc,True,0.5265157899779556,0.0,0.05037546157836914,0.0026404857635498047,4.953128814697266,480.35546875,35,ok,,1.0.0,{}
146821,car,openml_task,amlb,multiclass,autofeat,2,1200,1382,346,6,28,22,0.01449774984678986,categorical_crossentropy,False,0.030218835775773372,0.5202412841326999,1302.3128581047058,0.04047822952270508,1309.635630607605,474.6015625,1881,ok,,upstream-2.1.x,{}
167119,jungle_chess,openml_task,amlb,multiclass,tabularaml,4,1200,35855,8964,6,,,,,,,,,,257.43457651138306,,,crash,ValueError: Input X contains infinity or a value too large for dtype('float16').,0.2.0,
167120,numerai28.6,openml_task,amlb,classification,featuretools,1,1200,77056,19264,21,2014,1993,0.5237616711588576,binary_roc_auc,True,0.5233681516941053,0.0007518979966176899,16.301422357559204,6.836148738861084,175.6816120147705,3209.96875,35,ok,,upstream-1.x,{}
167119,jungle_chess,openml_task,amlb,multiclass,openfe,4,1200,35855,8964,6,198,192,0.06294473550038929,categorical_crossentropy,False,0.25012263104145394,0.7483445011021127,168.65042638778687,26.683071613311768,340.80755496025085,659.94140625,737,ok,,upstream-0.0.12,{}
167120,numerai28.6,openml_task,amlb,classification,featuretools,0,1200,77056,19264,21,2014,1993,0.5259145422544503,binary_roc_auc,True,0.5202134202502001,0.010959198248880664,16.058886528015137,6.659400701522827,250.76322388648987,3184.484375,63,ok,,upstream-1.x,{}
146821,car,openml_task,amlb,multiclass,autofeat,3,1200,,,,,,,,,,,,,1380,,,timeout,wall-clock exceeded 1380s,,
167120,numerai28.6,openml_task,amlb,classification,nofe,3,1200,77056,19264,21,21,0,0.5263031676543621,binary_roc_auc,True,0.5263031676543621,0.0,0.05656170845031738,0.004293918609619141,12.34672236442566,481.4921875,58,ok,,1.0.0,{}
167119,jungle_chess,openml_task,amlb,multiclass,openfe,3,1200,35855,8964,6,197,191,0.05446200721308072,categorical_crossentropy,False,0.24818438173304905,0.7805582815776825,206.28268599510193,33.11907505989075,451.8951025009155,666.921875,782,ok,,upstream-0.0.12,{}
167120,numerai28.6,openml_task,amlb,classification,openfe,0,1200,77056,19264,21,1095,1074,0.5216521513446648,binary_roc_auc,True,0.5202134202502001,0.0027656554761173163,189.52815914154053,38.093754053115845,325.2831199169159,3609.921875,20,ok,,upstream-0.0.12,{}
167120,numerai28.6,openml_task,amlb,classification,nofe,4,1200,77056,19264,21,21,0,0.5224742302692433,binary_roc_auc,True,0.5224742302692433,0.0,0.0654911994934082,0.006013393402099609,13.310811519622803,484.609375,69,ok,,1.0.0,{}
146822,segment,openml_task,amlb,multiclass,autofeat,0,1200,,,,,,,,,,,,,1380,,,timeout,wall-clock exceeded 1380s,,
146822,segment,openml_task,amlb,multiclass,tabularaml,0,1200,,,,,,,,,,,,,1380,,,timeout,wall-clock exceeded 1380s,,
146822,segment,openml_task,amlb,multiclass,autofeat,1,1200,,,,,,,,,,,,,1380,,,timeout,wall-clock exceeded 1380s,,
167120,numerai28.6,openml_task,amlb,classification,openfe,1,1200,77056,19264,21,1107,1086,0.528774460191116,binary_roc_auc,True,0.5233681516941053,0.01032983852668679,201.4240849018097,38.5421667098999,342.4069354534149,2921.8828125,38,ok,,upstream-0.0.12,{}
146822,segment,openml_task,amlb,multiclass,autofeat,2,1200,,,,,,,,,,,,,1380,,,timeout,wall-clock exceeded 1380s,,
167119,jungle_chess,openml_task,amlb,multiclass,tabularaml,1,1200,35855,8964,6,13,7,0.23210165881413672,categorical_crossentropy,False,0.23837780085981344,0.026328550825786137,702.3088262081146,0.01231074333190918,717.9433014392853,453.95703125,953,ok,,0.2.0,"{""mode"": ""medium"", ""elapsed_time"": 688.3478348255157, ""n_init_feats"": 6, ""n_added_feats"": 7, ""initial_metric"": null, ""final_metric"": 0.28371656065868933, ""pct_gain"": 0.03676688429062737}"
167120,numerai28.6,openml_task,amlb,classification,featuretools,2,1200,77056,19264,21,2010,1989,0.5297765738665734,binary_roc_auc,True,0.5265157899779556,0.006193135990763657,17.42666268348694,5.719056606292725,218.137601852417,3072.109375,32,ok,,upstream-1.x,{}
167121,Devnagari-Script,openml_task,amlb,multiclass,autofeat,0,1200,73600,18400,784,,,,,,,,,,20.391056060791016,,,oom,"MemoryError: Unable to allocate 1.18 TiB for an array with shape (66240, 4915680) and data type float32",upstream-2.1.x,
167120,numerai28.6,openml_task,amlb,classification,openfe,2,1200,77056,19264,21,1089,1068,0.5253064385282171,binary_roc_auc,True,0.5265157899779556,-0.0022968949322280953,193.40304374694824,41.685791015625,345.6495473384857,2891.015625,40,ok,,upstream-0.0.12,{}
146822,segment,openml_task,amlb,multiclass,openfe,3,1200,,,,,,,,,,,,,1380,,,timeout,wall-clock exceeded 1380s,,
146822,segment,openml_task,amlb,multiclass,autofeat,3,1200,,,,,,,,,,,,,1380,,,timeout,wall-clock exceeded 1380s,,
167121,Devnagari-Script,openml_task,amlb,multiclass,autofeat,1,1200,73600,18400,784,,,,,,,,,,23.817269325256348,,,oom,"MemoryError: Unable to allocate 1.18 TiB for an array with shape (66240, 4915680) and data type float32",upstream-2.1.x,
167120,numerai28.6,openml_task,amlb,classification,featuretools,3,1200,77056,19264,21,2007,1986,0.527057441143157,binary_roc_auc,True,0.5263031676543621,0.001433153997830805,13.602198123931885,5.127518177032471,280.773544549942,3208.62109375,32,ok,,upstream-1.x,{}
146824,mfeat-pixel,openml_task,amlb,multiclass,autofeat,3,1200,,,,,,,,,,,,,940.3832492828369,,,crash," credentials for https://api.wandb.ai from /home/ionutionut045/.netrc.
wandb: Currently logged in as: ionutb to https://api.wandb.ai. Use `wandb login --relogin` to force relogin
wandb: Using an existing wandb-core service via WANDB_SERVICE.
wandb: WARNING Using a boolean value for 'reinit' is deprecated. Use 'return_previous' or 'finish_previous' instead.
wandb: Tracking run with wandb version 0.26.0
wandb: Run data is saved locally in /home/ionutionut045/tabularaml-refactored/wandb/run-20260421_123406-ojgpjvmk
wandb: Run `wandb offline` to turn off syncing.
wandb: Syncing run autofeat_multiclass_mfeat-pixel_seed3
wandb: ⭐️ View project at https://wandb.ai/ionutb/tabularaml-targeted-benchmark-all
wandb: 🚀 View run at https://wandb.ai/ionutb/tabularaml-targeted-benchmark-all/runs/ojgpjvmk
",,
167120,numerai28.6,openml_task,amlb,classification,featuretools,4,1200,77056,19264,21,2007,1986,0.5232524081386185,binary_roc_auc,True,0.5224742302692433,0.0014894090929119326,18.278316974639893,7.266723394393921,231.4233148097992,3090.73828125,35,ok,,upstream-1.x,{}
146824,mfeat-pixel,openml_task,amlb,multiclass,tabularaml,0,1200,1600,400,240,247,7,0.12673712567695475,categorical_crossentropy,False,0.1224357313526707,-0.03513185470256283,947.0029919147491,0.037146568298339844,959.7663691043854,284.3828125,471,ok,,0.2.0,"{""mode"": ""medium"", ""elapsed_time"": 932.997593164444, ""n_init_feats"": 240, ""n_added_feats"": 7, ""initial_metric"": null, ""final_metric"": 0.11652906132876206, ""pct_gain"": 0.06871565743554099}"
146824,mfeat-pixel,openml_task,amlb,multiclass,autofeat,2,1200,,,,,,,,,,,,,979.9796090126038,,,crash,"ndb.ai from /home/ionutionut045/.netrc.
wandb: Currently logged in as: ionutb to https://api.wandb.ai. Use `wandb login --relogin` to force relogin
wandb: Using an existing wandb-core service via WANDB_SERVICE.
wandb: WARNING Using a boolean value for 'reinit' is deprecated. Use 'return_previous' or 'finish_previous' instead.
wandb: setting up run 85smzpel
wandb: Tracking run with wandb version 0.26.0
wandb: Run data is saved locally in /home/ionutionut045/tabularaml-refactored/wandb/run-20260421_123405-85smzpel
wandb: Run `wandb offline` to turn off syncing.
wandb: Syncing run autofeat_multiclass_mfeat-pixel_seed2
wandb: ⭐️ View project at https://wandb.ai/ionutb/tabularaml-targeted-benchmark-all
wandb: 🚀 View run at https://wandb.ai/ionutb/tabularaml-targeted-benchmark-all/runs/85smzpel
",,
146824,mfeat-pixel,openml_task,amlb,multiclass,tabularaml,3,1200,1600,400,240,248,8,0.10850819528888678,categorical_crossentropy,False,0.10973674027820379,0.011195384391794553,947.434243440628,0.04364967346191406,974.9038860797882,314.984375,1390,ok,,0.2.0,"{""mode"": ""medium"", ""elapsed_time"": 934.3407728672028, ""n_init_feats"": 240, ""n_added_feats"": 8, ""initial_metric"": null, ""final_metric"": 0.16377003260747838, ""pct_gain"": 0.07441654147723466}"
167120,numerai28.6,openml_task,amlb,classification,openfe,3,1200,77056,19264,21,1067,1046,0.524050372474986,binary_roc_auc,True,0.5263031676543621,-0.004280413491365547,213.78093361854553,41.378079414367676,383.14523339271545,3100.75,25,ok,,upstream-0.0.12,{}
167121,Devnagari-Script,openml_task,amlb,multiclass,autofeat,2,1200,73600,18400,784,,,,,,,,,,40.67787742614746,,,oom,"MemoryError: Unable to allocate 1.18 TiB for an array with shape (66240, 4915680) and data type float32",upstream-2.1.x,
167120,numerai28.6,openml_task,amlb,classification,openfe,4,1200,77056,19264,21,1092,1071,0.52294685787239,binary_roc_auc,True,0.5224742302692433,0.0009045950513255866,230.59870982170105,45.275187969207764,414.86324405670166,2783.76171875,11,ok,,upstream-0.0.12,{}
146822,segment,openml_task,amlb,multiclass,tabularaml,4,1200,1848,462,16,28,12,0.22383565181519563,categorical_crossentropy,False,0.23944721513859185,0.06519834993428619,1093.7882640361786,0.01900196075439453,1097.146775484085,264.5234375,114,ok,,0.2.0,"{""mode"": ""medium"", ""elapsed_time"": 921.8182487487793, ""n_init_feats"": 16, ""n_added_feats"": 12, ""initial_metric"": null, ""final_metric"": 0.28212798198332145, ""pct_gain"": 0.14780421859909335}"
167121,Devnagari-Script,openml_task,amlb,multiclass,autofeat,3,1200,73600,18400,784,,,,,,,,,,42.28135657310486,,,oom,"MemoryError: Unable to allocate 1.18 TiB for an array with shape (66240, 4915680) and data type float32",upstream-2.1.x,
146824,mfeat-pixel,openml_task,amlb,multiclass,tabularaml,2,1200,,,,,,,,,,,,,1380,,,timeout,wall-clock exceeded 1380s,,
146822,segment,openml_task,amlb,multiclass,autofeat,4,1200,,,,,,,,,,,,,1380,,,timeout,wall-clock exceeded 1380s,,
146824,mfeat-pixel,openml_task,amlb,multiclass,tabularaml,4,1200,,,,,,,,,,,,,1380,,,timeout,wall-clock exceeded 1380s,,
146824,mfeat-pixel,openml_task,amlb,multiclass,tabularaml,1,1200,,,,,,,,,,,,,1380,,,timeout,wall-clock exceeded 1380s,,
146825,Fashion-MNIST,openml_task,amlb,multiclass,autofeat,0,1200,,,,,,,,,,,,,1380,,,timeout,wall-clock exceeded 1380s,,
146825,Fashion-MNIST,openml_task,amlb,multiclass,nofe,1,1200,,,,,,,,,,,,,1380,,,timeout,wall-clock exceeded 1380s,,
146825,Fashion-MNIST,openml_task,amlb,multiclass,tabularaml,0,1200,,,,,,,,,,,,,1380,,,timeout,wall-clock exceeded 1380s,,
146825,Fashion-MNIST,openml_task,amlb,multiclass,nofe,0,1200,,,,,,,,,,,,,1380,,,timeout,wall-clock exceeded 1380s,,
146825,Fashion-MNIST,openml_task,amlb,multiclass,openfe,0,1200,,,,,,,,,,,,,1380,,,timeout,wall-clock exceeded 1380s,,
146825,Fashion-MNIST,openml_task,amlb,multiclass,openfe,1,1200,,,,,,,,,,,,,1380,,,timeout,wall-clock exceeded 1380s,,
146824,mfeat-pixel,openml_task,amlb,multiclass,autofeat,4,1200,,,,,,,,,,,,,1380,,,timeout,wall-clock exceeded 1380s,,
146824,mfeat-pixel,openml_task,amlb,multiclass,openfe,1,1200,,,,,,,,,,,,,1380,,,timeout,wall-clock exceeded 1380s,,
146824,mfeat-pixel,openml_task,amlb,multiclass,openfe,2,1200,,,,,,,,,,,,,1380,,,timeout,wall-clock exceeded 1380s,,
146824,mfeat-pixel,openml_task,amlb,multiclass,openfe,3,1200,,,,,,,,,,,,,1380,,,timeout,wall-clock exceeded 1380s,,
146824,mfeat-pixel,openml_task,amlb,multiclass,featuretools,0,1200,,,,,,,,,,,,,1380,,,timeout,wall-clock exceeded 1380s,,
146824,mfeat-pixel,openml_task,amlb,multiclass,autofeat,1,1200,,,,,,,,,,,,,1380,,,timeout,wall-clock exceeded 1380s,,
146824,mfeat-pixel,openml_task,amlb,multiclass,openfe,0,1200,,,,,,,,,,,,,1380,,,timeout,wall-clock exceeded 1380s,,
146825,Fashion-MNIST,openml_task,amlb,multiclass,tabularaml,1,1200,,,,,,,,,,,,,1380,,,timeout,wall-clock exceeded 1380s,,
146825,Fashion-MNIST,openml_task,amlb,multiclass,featuretools,1,1200,,,,,,,,,,,,,1380,,,timeout,wall-clock exceeded 1380s,,
146825,Fashion-MNIST,openml_task,amlb,multiclass,featuretools,0,1200,,,,,,,,,,,,,1380,,,timeout,wall-clock exceeded 1380s,,
146824,mfeat-pixel,openml_task,amlb,multiclass,featuretools,1,1200,,,,,,,,,,,,,1380,,,timeout,wall-clock exceeded 1380s,,
146824,mfeat-pixel,openml_task,amlb,multiclass,autofeat,0,1200,,,,,,,,,,,,,1380,,,timeout,wall-clock exceeded 1380s,,
146824,mfeat-pixel,openml_task,amlb,multiclass,openfe,4,1200,,,,,,,,,,,,,1380,,,timeout,wall-clock exceeded 1380s,,
146825,Fashion-MNIST,openml_task,amlb,multiclass,nofe,2,1200,,,,,,,,,,,,,1380,,,timeout,wall-clock exceeded 1380s,,
146824,mfeat-pixel,openml_task,amlb,multiclass,featuretools,2,1200,,,,,,,,,,,,,1380,,,timeout,wall-clock exceeded 1380s,,
146824,mfeat-pixel,openml_task,amlb,multiclass,featuretools,4,1200,,,,,,,,,,,,,1380,,,timeout,wall-clock exceeded 1380s,,
146824,mfeat-pixel,openml_task,amlb,multiclass,featuretools,3,1200,,,,,,,,,,,,,1380,,,timeout,wall-clock exceeded 1380s,,
146825,Fashion-MNIST,openml_task,amlb,multiclass,openfe,2,1200,,,,,,,,,,,,,1380,,,timeout,wall-clock exceeded 1380s,,
146825,Fashion-MNIST,openml_task,amlb,multiclass,featuretools,2,1200,,,,,,,,,,,,,1380,,,timeout,wall-clock exceeded 1380s,,
146825,Fashion-MNIST,openml_task,amlb,multiclass,tabularaml,2,1200,,,,,,,,,,,,,1380,,,timeout,wall-clock exceeded 1380s,,
146825,Fashion-MNIST,openml_task,amlb,multiclass,nofe,3,1200,,,,,,,,,,,,,1380,,,timeout,wall-clock exceeded 1380s,,
146825,Fashion-MNIST,openml_task,amlb,multiclass,openfe,3,1200,,,,,,,,,,,,,1380,,,timeout,wall-clock exceeded 1380s,,
146825,Fashion-MNIST,openml_task,amlb,multiclass,tabularaml,3,1200,,,,,,,,,,,,,1380,,,timeout,wall-clock exceeded 1380s,,
146825,Fashion-MNIST,openml_task,amlb,multiclass,featuretools,3,1200,,,,,,,,,,,,,1380,,,timeout,wall-clock exceeded 1380s,,
146825,Fashion-MNIST,openml_task,amlb,multiclass,nofe,4,1200,,,,,,,,,,,,,1380,,,timeout,wall-clock exceeded 1380s,,
146825,Fashion-MNIST,openml_task,amlb,multiclass,openfe,4,1200,,,,,,,,,,,,,1380,,,timeout,wall-clock exceeded 1380s,,
146825,Fashion-MNIST,openml_task,amlb,multiclass,featuretools,4,1200,,,,,,,,,,,,,1380,,,timeout,wall-clock exceeded 1380s,,
146825,Fashion-MNIST,openml_task,amlb,multiclass,tabularaml,4,1200,,,,,,,,,,,,,1380,,,timeout,wall-clock exceeded 1380s,,
167119,jungle_chess,openml_task,amlb,multiclass,autofeat,0,1200,,,,,,,,,,,,,1380,,,timeout,wall-clock exceeded 1380s,,
167125,Internet-Advertisements,openml_task,amlb,classification,nofe,0,1200,2623,656,1558,1558,0,0.9701954209065681,binary_roc_auc,True,0.9701954209065681,0.0,0.09578371047973633,0.18780088424682617,15.85001015663147,429.03125,164,ok,,1.0.0,{}
167120,numerai28.6,openml_task,amlb,classification,tabularaml,3,1200,77056,19264,21,25,4,0.5239314596352193,binary_roc_auc,True,0.5263031676543621,-0.004506353305288195,768.2261664867401,0.015340566635131836,772.7794678211212,518.4296875,44,ok,,0.2.0,"{""mode"": ""medium"", ""elapsed_time"": 757.1777901649475, ""n_init_feats"": 21, ""n_added_feats"": 4, ""initial_metric"": null, ""final_metric"": 0.5250450163025848, ""pct_gain"": 0.005473604028759548}"
167119,jungle_chess,openml_task,amlb,multiclass,featuretools,0,1200,,,,,,,,,,,,,1380,,,timeout,wall-clock exceeded 1380s,,
167121,Devnagari-Script,openml_task,amlb,multiclass,autofeat,4,1200,73600,18400,784,,,,,,,,,,19.771849632263184,,,oom,"MemoryError: Unable to allocate 1.18 TiB for an array with shape (66240, 4915680) and data type float32",upstream-2.1.x,
167125,Internet-Advertisements,openml_task,amlb,classification,nofe,1,1200,2623,656,1558,1558,0,0.9607038236201048,binary_roc_auc,True,0.9607038236201048,0.0,0.06997561454772949,0.13360095024108887,15.546335220336914,425.734375,204,ok,,1.0.0,{}
167125,Internet-Advertisements,openml_task,amlb,classification,nofe,2,1200,2623,656,1558,1558,0,0.9751483965464076,binary_roc_auc,True,0.9751483965464076,0.0,0.1153419017791748,0.3045189380645752,27.44899034500122,423.11328125,318,ok,,1.0.0,{}
167119,jungle_chess,openml_task,amlb,multiclass,autofeat,1,1200,,,,,,,,,,,,,1380,,,timeout,wall-clock exceeded 1380s,,
167119,jungle_chess,openml_task,amlb,multiclass,openfe,2,1200,,,,,,,,,,,,,1380,,,timeout,wall-clock exceeded 1380s,,
167119,jungle_chess,openml_task,amlb,multiclass,autofeat,2,1200,,,,,,,,,,,,,1380,,,timeout,wall-clock exceeded 1380s,,
167119,jungle_chess,openml_task,amlb,multiclass,tabularaml,3,1200,35855,8964,6,13,7,0.24015846956852535,categorical_crossentropy,False,0.24818438173304905,0.03233850618834062,169.0634891986847,0.023528337478637695,1285.71328997612,414.40625,864,ok,,0.2.0,"{""mode"": ""medium"", ""elapsed_time"": 149.44756317138672, ""n_init_feats"": 6, ""n_added_feats"": 7, ""initial_metric"": null, ""final_metric"": 0.2725614868111411, ""pct_gain"": 0.057636659509244584}"
167124,CIFAR_10,openml_task,amlb,multiclass,autofeat,2,1200,48000,12000,3072,,,,,,,,,,110.22901654243469,,,oom,"MemoryError: Unable to allocate 11.9 TiB for an array with shape (43200, 75491328) and data type float32",upstream-2.1.x,
167124,CIFAR_10,openml_task,amlb,multiclass,autofeat,0,1200,48000,12000,3072,,,,,,,,,,140.54388999938965,,,oom,"MemoryError: Unable to allocate 11.9 TiB for an array with shape (43200, 75491328) and data type float32",upstream-2.1.x,
167125,Internet-Advertisements,openml_task,amlb,classification,nofe,4,1200,2623,656,1558,1558,0,0.9799279216774592,binary_roc_auc,True,0.9799279216774592,0.0,0.10803842544555664,0.24465227127075195,24.587679386138916,428.76171875,323,ok,,1.0.0,{}
167119,jungle_chess,openml_task,amlb,multiclass,autofeat,3,1200,,,,,,,,,,,,,1380,,,timeout,wall-clock exceeded 1380s,,
167119,jungle_chess,openml_task,amlb,multiclass,autofeat,4,1200,,,,,,,,,,,,,1380,,,timeout,wall-clock exceeded 1380s,,
167124,CIFAR_10,openml_task,amlb,multiclass,autofeat,3,1200,48000,12000,3072,,,,,,,,,,311.2908787727356,,,oom,"MemoryError: Unable to allocate 11.9 TiB for an array with shape (43200, 75491328) and data type float32",upstream-2.1.x,
167120,numerai28.6,openml_task,amlb,classification,autofeat,0,1200,,,,,,,,,,,,,1380,,,timeout,wall-clock exceeded 1380s,,
167140,dna,openml_task,amlb,multiclass,nofe,0,1200,2548,638,180,180,0,0.14857012446283596,categorical_crossentropy,False,0.14857012446283596,-0.0,0.014718294143676758,0.0020194053649902344,10.814038276672363,351.67578125,380,ok,,1.0.0,{}
167120,numerai28.6,openml_task,amlb,classification,tabularaml,2,1200,77056,19264,21,27,6,0.5238187236658348,binary_roc_auc,True,0.5265157899779556,-0.005122479445932032,1118.7977073192596,0.0682520866394043,1141.1427409648895,590.75390625,15,ok,,0.2.0,"{""mode"": ""medium"", ""elapsed_time"": 919.3746223449707, ""n_init_feats"": 21, ""n_added_feats"": 6, ""initial_metric"": null, ""final_metric"": 0.5213167755426383, ""pct_gain"": 0.0034910951289226447}"
167120,numerai28.6,openml_task,amlb,classification,tabularaml,0,1200,,,,,,,,,,,,,1380,,,timeout,wall-clock exceeded 1380s,,
167120,numerai28.6,openml_task,amlb,classification,autofeat,1,1200,,,,,,,,,,,,,1380,,,timeout,wall-clock exceeded 1380s,,
167120,numerai28.6,openml_task,amlb,classification,tabularaml,1,1200,,,,,,,,,,,,,1380,,,timeout,wall-clock exceeded 1380s,,
167140,dna,openml_task,amlb,multiclass,nofe,1,1200,2548,638,180,180,0,0.1325294330904213,categorical_crossentropy,False,0.1325294330904213,-0.0,0.017224550247192383,0.0021092891693115234,6.244919776916504,351.26953125,267,ok,,1.0.0,{}
167120,numerai28.6,openml_task,amlb,classification,autofeat,2,1200,,,,,,,,,,,,,1380,,,timeout,wall-clock exceeded 1380s,,
167125,Internet-Advertisements,openml_task,amlb,classification,nofe,3,1200,2623,656,1558,1558,0,0.9847845359235277,binary_roc_auc,True,0.9847845359235277,0.0,0.13936948776245117,0.20063447952270508,534.0219194889069,426.8125,173,ok,,1.0.0,{}
167120,numerai28.6,openml_task,amlb,classification,autofeat,3,1200,,,,,,,,,,,,,1380,,,timeout,wall-clock exceeded 1380s,,
167120,numerai28.6,openml_task,amlb,classification,autofeat,4,1200,,,,,,,,,,,,,1380,,,timeout,wall-clock exceeded 1380s,,
167140,dna,openml_task,amlb,multiclass,nofe,2,1200,2548,638,180,180,0,0.13049027789954343,categorical_crossentropy,False,0.13049027789954343,-0.0,0.015334367752075195,0.0019211769104003906,12.839970111846924,344.50390625,166,ok,,1.0.0,{}
167120,numerai28.6,openml_task,amlb,classification,tabularaml,4,1200,,,,,,,,,,,,,1380,,,timeout,wall-clock exceeded 1380s,,
167121,Devnagari-Script,openml_task,amlb,multiclass,nofe,0,1200,,,,,,,,,,,,,1380,,,timeout,wall-clock exceeded 1380s,,
167121,Devnagari-Script,openml_task,amlb,multiclass,openfe,0,1200,,,,,,,,,,,,,1380,,,timeout,wall-clock exceeded 1380s,,
167124,CIFAR_10,openml_task,amlb,multiclass,autofeat,4,1200,48000,12000,3072,,,,,,,,,,772.298068523407,,,oom,"MemoryError: Unable to allocate 11.9 TiB for an array with shape (43200, 75491328) and data type float32",upstream-2.1.x,
167121,Devnagari-Script,openml_task,amlb,multiclass,featuretools,0,1200,,,,,,,,,,,,,1380,,,timeout,wall-clock exceeded 1380s,,
167121,Devnagari-Script,openml_task,amlb,multiclass,tabularaml,0,1200,,,,,,,,,,,,,1380,,,timeout,wall-clock exceeded 1380s,,
167121,Devnagari-Script,openml_task,amlb,multiclass,nofe,1,1200,,,,,,,,,,,,,1380,,,timeout,wall-clock exceeded 1380s,,
167121,Devnagari-Script,openml_task,amlb,multiclass,openfe,1,1200,,,,,,,,,,,,,1380,,,timeout,wall-clock exceeded 1380s,,
167140,dna,openml_task,amlb,multiclass,nofe,3,1200,2548,638,180,180,0,0.12632607149048486,categorical_crossentropy,False,0.12632607149048486,-0.0,0.020166635513305664,0.0020818710327148438,41.2020218372345,362.88671875,1121,ok,,1.0.0,{}
167140,dna,openml_task,amlb,multiclass,nofe,4,1200,2548,638,180,180,0,0.11750561666324937,categorical_crossentropy,False,0.11750561666324937,-0.0,0.01697850227355957,0.002126932144165039,4.886529922485352,347.2109375,149,ok,,1.0.0,{}
167124,CIFAR_10,openml_task,amlb,multiclass,autofeat,1,1200,48000,12000,3072,,,,,,,,,,834.5308065414429,,,oom,"MemoryError: Unable to allocate 11.9 TiB for an array with shape (43200, 75491328) and data type float32",upstream-2.1.x,
167121,Devnagari-Script,openml_task,amlb,multiclass,featuretools,1,1200,,,,,,,,,,,,,1380,,,timeout,wall-clock exceeded 1380s,,
167121,Devnagari-Script,openml_task,amlb,multiclass,tabularaml,1,1200,,,,,,,,,,,,,1380,,,timeout,wall-clock exceeded 1380s,,
167124,CIFAR_10,openml_task,amlb,multiclass,openfe,3,1200,,,,,,,,,,,,,917.314436674118,,,crash,"oaded credentials for https://api.wandb.ai from /home/ionutionut045/.netrc.
wandb: Currently logged in as: ionutb to https://api.wandb.ai. Use `wandb login --relogin` to force relogin
wandb: Using an existing wandb-core service via WANDB_SERVICE.
wandb: WARNING Using a boolean value for 'reinit' is deprecated. Use 'return_previous' or 'finish_previous' instead.
wandb: Tracking run with wandb version 0.26.0
wandb: Run data is saved locally in /home/ionutionut045/tabularaml-refactored/wandb/run-20260421_125821-utg23k9k
wandb: Run `wandb offline` to turn off syncing.
wandb: Syncing run openfe_multiclass_CIFAR_10_seed3
wandb: ⭐️ View project at https://wandb.ai/ionutb/tabularaml-targeted-benchmark-all
wandb: 🚀 View run at https://wandb.ai/ionutb/tabularaml-targeted-benchmark-all/runs/utg23k9k
",,
167141,churn,openml_task,amlb,classification,nofe,0,1200,4000,1000,20,20,0,0.9309274350019402,binary_roc_auc,True,0.9309274350019402,0.0,0.006962776184082031,0.00017452239990234375,11.814466953277588,336.8203125,69,ok,,1.0.0,{}
167121,Devnagari-Script,openml_task,amlb,multiclass,nofe,2,1200,,,,,,,,,,,,,1380,,,timeout,wall-clock exceeded 1380s,,
167121,Devnagari-Script,openml_task,amlb,multiclass,openfe,2,1200,,,,,,,,,,,,,1380,,,timeout,wall-clock exceeded 1380s,,
167121,Devnagari-Script,openml_task,amlb,multiclass,featuretools,2,1200,,,,,,,,,,,,,1380,,,timeout,wall-clock exceeded 1380s,,
167121,Devnagari-Script,openml_task,amlb,multiclass,tabularaml,2,1200,,,,,,,,,,,,,1380,,,timeout,wall-clock exceeded 1380s,,
167141,churn,openml_task,amlb,classification,nofe,1,1200,4000,1000,20,20,0,0.9284505321213021,binary_roc_auc,True,0.9284505321213021,0.0,0.008769989013671875,0.0002357959747314453,10.386297464370728,337.8984375,98,ok,,1.0.0,{}
167121,Devnagari-Script,openml_task,amlb,multiclass,nofe,3,1200,,,,,,,,,,,,,1380,,,timeout,wall-clock exceeded 1380s,,
167121,Devnagari-Script,openml_task,amlb,multiclass,openfe,3,1200,,,,,,,,,,,,,1380,,,timeout,wall-clock exceeded 1380s,,
167141,churn,openml_task,amlb,classification,featuretools,0,1200,4000,1000,20,1788,1768,0.9278643317728845,binary_roc_auc,True,0.9309274350019402,-0.003290378083066475,5.832784414291382,5.472019910812378,55.180522203445435,632.234375,94,ok,,upstream-1.x,{}
167141,churn,openml_task,amlb,classification,featuretools,1,1200,4000,1000,20,1751,1731,0.9303164656247161,binary_roc_auc,True,0.9284505321213021,0.0020097285087992546,4.5345680713653564,3.8289852142333984,55.10333752632141,519.21484375,87,ok,,upstream-1.x,{}
167141,churn,openml_task,amlb,classification,openfe,0,1200,4000,1000,20,796,776,0.9216803309142249,binary_roc_auc,True,0.9309274350019402,-0.009933216854540407,70.66325211524963,28.113149404525757,146.25746846199036,397.80078125,349,ok,,upstream-0.0.12,{}
167141,churn,openml_task,amlb,classification,nofe,2,1200,4000,1000,20,20,0,0.9240416449937664,binary_roc_auc,True,0.9240416449937664,0.0,0.0051822662353515625,0.0002334117889404297,4.914844274520874,298.3203125,258,ok,,1.0.0,{}
167121,Devnagari-Script,openml_task,amlb,multiclass,featuretools,3,1200,,,,,,,,,,,,,1380,,,timeout,wall-clock exceeded 1380s,,
167141,churn,openml_task,amlb,classification,openfe,1,1200,4000,1000,20,768,748,0.9093123291969055,binary_roc_auc,True,0.9284505321213021,-0.020613056121223914,70.29157662391663,24.367788076400757,117.66582655906677,408.3515625,188,ok,,upstream-0.0.12,{}
167121,Devnagari-Script,openml_task,amlb,multiclass,tabularaml,3,1200,,,,,,,,,,,,,1380,,,timeout,wall-clock exceeded 1380s,,
167141,churn,openml_task,amlb,classification,nofe,3,1200,4000,1000,20,20,0,0.9331071095369017,binary_roc_auc,True,0.9331071095369017,0.0,0.009351730346679688,0.00020885467529296875,5.7230212688446045,338.71484375,81,ok,,1.0.0,{}
167141,churn,openml_task,amlb,classification,featuretools,2,1200,4000,1000,20,1707,1687,0.9267084437619202,binary_roc_auc,True,0.9240416449937664,0.002886015779269103,4.961723566055298,4.936363935470581,89.68477511405945,620.1875,238,ok,,upstream-1.x,{}
167141,churn,openml_task,amlb,classification,openfe,2,1200,4000,1000,20,749,729,0.9211354122804845,binary_roc_auc,True,0.9240416449937664,-0.0031451317470670356,59.957308769226074,19.027061462402344,114.50641512870789,384.6796875,178,ok,,upstream-0.0.12,{}
167141,churn,openml_task,amlb,classification,featuretools,3,1200,4000,1000,20,1757,1737,0.9378875320965332,binary_roc_auc,True,0.9331071095369017,0.0051231230699807055,5.155601263046265,5.760226011276245,57.81710910797119,509.3828125,78,ok,,upstream-1.x,{}
167121,Devnagari-Script,openml_task,amlb,multiclass,nofe,4,1200,,,,,,,,,,,,,1380,,,timeout,wall-clock exceeded 1380s,,
167121,Devnagari-Script,openml_task,amlb,multiclass,openfe,4,1200,,,,,,,,,,,,,1380,,,timeout,wall-clock exceeded 1380s,,
167121,Devnagari-Script,openml_task,amlb,multiclass,tabularaml,4,1200,,,,,,,,,,,,,1380,,,timeout,wall-clock exceeded 1380s,,
167124,CIFAR_10,openml_task,amlb,multiclass,openfe,0,1200,,,,,,,,,,,,,1380,,,timeout,wall-clock exceeded 1380s,,
167124,CIFAR_10,openml_task,amlb,multiclass,tabularaml,0,1200,,,,,,,,,,,,,1380,,,timeout,wall-clock exceeded 1380s,,
167124,CIFAR_10,openml_task,amlb,multiclass,openfe,1,1200,,,,,,,,,,,,,1380,,,timeout,wall-clock exceeded 1380s,,
167124,CIFAR_10,openml_task,amlb,multiclass,nofe,0,1200,,,,,,,,,,,,,1380,,,timeout,wall-clock exceeded 1380s,,
167121,Devnagari-Script,openml_task,amlb,multiclass,featuretools,4,1200,,,,,,,,,,,,,1380,,,timeout,wall-clock exceeded 1380s,,
167124,CIFAR_10,openml_task,amlb,multiclass,featuretools,0,1200,,,,,,,,,,,,,1380,,,timeout,wall-clock exceeded 1380s,,
167124,CIFAR_10,openml_task,amlb,multiclass,openfe,2,1200,,,,,,,,,,,,,1380,,,timeout,wall-clock exceeded 1380s,,
167124,CIFAR_10,openml_task,amlb,multiclass,tabularaml,1,1200,,,,,,,,,,,,,1380,,,timeout,wall-clock exceeded 1380s,,
167124,CIFAR_10,openml_task,amlb,multiclass,nofe,1,1200,,,,,,,,,,,,,1380,,,timeout,wall-clock exceeded 1380s,,
167124,CIFAR_10,openml_task,amlb,multiclass,featuretools,1,1200,,,,,,,,,,,,,1380,,,timeout,wall-clock exceeded 1380s,,
167124,CIFAR_10,openml_task,amlb,multiclass,tabularaml,2,1200,,,,,,,,,,,,,1380,,,timeout,wall-clock exceeded 1380s,,
167124,CIFAR_10,openml_task,amlb,multiclass,featuretools,2,1200,,,,,,,,,,,,,1380,,,timeout,wall-clock exceeded 1380s,,
167124,CIFAR_10,openml_task,amlb,multiclass,nofe,2,1200,,,,,,,,,,,,,1380,,,timeout,wall-clock exceeded 1380s,,
167124,CIFAR_10,openml_task,amlb,multiclass,openfe,4,1200,,,,,,,,,,,,,1380,,,timeout,wall-clock exceeded 1380s,,
167124,CIFAR_10,openml_task,amlb,multiclass,nofe,3,1200,,,,,,,,,,,,,1380,,,timeout,wall-clock exceeded 1380s,,
167124,CIFAR_10,openml_task,amlb,multiclass,tabularaml,3,1200,,,,,,,,,,,,,1380,,,timeout,wall-clock exceeded 1380s,,
167124,CIFAR_10,openml_task,amlb,multiclass,featuretools,3,1200,,,,,,,,,,,,,1380,,,timeout,wall-clock exceeded 1380s,,
167124,CIFAR_10,openml_task,amlb,multiclass,nofe,4,1200,,,,,,,,,,,,,1380,,,timeout,wall-clock exceeded 1380s,,
167124,CIFAR_10,openml_task,amlb,multiclass,featuretools,4,1200,,,,,,,,,,,,,1380,,,timeout,wall-clock exceeded 1380s,,
167124,CIFAR_10,openml_task,amlb,multiclass,tabularaml,4,1200,,,,,,,,,,,,,1380,,,timeout,wall-clock exceeded 1380s,,
167125,Internet-Advertisements,openml_task,amlb,classification,autofeat,0,1200,,,,,,,,,,,,,1380,,,timeout,wall-clock exceeded 1380s,,
167125,Internet-Advertisements,openml_task,amlb,classification,featuretools,0,1200,,,,,,,,,,,,,1380,,,timeout,wall-clock exceeded 1380s,,
167125,Internet-Advertisements,openml_task,amlb,classification,openfe,0,1200,,,,,,,,,,,,,1380,,,timeout,wall-clock exceeded 1380s,,
167125,Internet-Advertisements,openml_task,amlb,classification,tabularaml,0,1200,,,,,,,,,,,,,1380,,,timeout,wall-clock exceeded 1380s,,
167141,churn,openml_task,amlb,classification,nofe,4,1200,4000,1000,20,20,0,0.9229848330980276,binary_roc_auc,True,0.9229848330980276,0.0,0.006849527359008789,0.00021076202392578125,3.5889406204223633,333.86328125,91,ok,,1.0.0,{}
adult,adult,pmlb,pmlb,classification,nofe,1,1200,39073,9769,14,14,0,0.9290474072329418,binary_roc_auc,True,0.9290474072329418,0.0,0.030347585678100586,0.0007410049438476562,15.702958106994629,358.54296875,280,ok,,1.0.0,{}
adult,adult,pmlb,pmlb,classification,nofe,4,1200,39073,9769,14,14,0,0.9254273907919787,binary_roc_auc,True,0.9254273907919787,0.0,0.034384727478027344,0.0012998580932617188,11.391438245773315,359.66015625,331,ok,,1.0.0,{}
167125,Internet-Advertisements,openml_task,amlb,classification,openfe,1,1200,,,,,,,,,,,,,1380,,,timeout,wall-clock exceeded 1380s,,
167125,Internet-Advertisements,openml_task,amlb,classification,autofeat,1,1200,,,,,,,,,,,,,1380,,,timeout,wall-clock exceeded 1380s,,
167125,Internet-Advertisements,openml_task,amlb,classification,tabularaml,1,1200,,,,,,,,,,,,,1380,,,timeout,wall-clock exceeded 1380s,,
167125,Internet-Advertisements,openml_task,amlb,classification,featuretools,1,1200,,,,,,,,,,,,,1380,,,timeout,wall-clock exceeded 1380s,,
167125,Internet-Advertisements,openml_task,amlb,classification,autofeat,2,1200,,,,,,,,,,,,,1380,,,timeout,wall-clock exceeded 1380s,,
167125,Internet-Advertisements,openml_task,amlb,classification,openfe,2,1200,,,,,,,,,,,,,1380,,,timeout,wall-clock exceeded 1380s,,
167125,Internet-Advertisements,openml_task,amlb,classification,featuretools,2,1200,,,,,,,,,,,,,1380,,,timeout,wall-clock exceeded 1380s,,
adult,adult,pmlb,pmlb,classification,nofe,3,1200,39073,9769,14,14,0,0.9333098610438157,binary_roc_auc,True,0.9333098610438157,0.0,0.02987074851989746,0.0013017654418945312,21.33419132232666,359.5078125,345,ok,,1.0.0,{}
mushroom,mushroom,pmlb,pmlb,classification,nofe,1,1200,6499,1625,21,21,0,1.0,binary_roc_auc,True,1.0,0.0,0.007967233657836914,0.0005154609680175781,6.706173896789551,336.19921875,1999,ok,,1.0.0,{}
mushroom,mushroom,pmlb,pmlb,classification,nofe,0,1200,6499,1625,21,21,0,1.0,binary_roc_auc,True,1.0,0.0,0.011295318603515625,0.0002865791320800781,12.296801805496216,336.8515625,1979,ok,,1.0.0,{}
167141,churn,openml_task,amlb,classification,featuretools,4,1200,4000,1000,20,1674,1654,0.9224481708072225,binary_roc_auc,True,0.9229848330980276,-0.0005814421554509666,4.643456697463989,5.643724679946899,46.36660122871399,642.55078125,88,ok,,upstream-1.x,{}
167125,Internet-Advertisements,openml_task,amlb,classification,tabularaml,2,1200,,,,,,,,,,,,,1380,,,timeout,wall-clock exceeded 1380s,,
mushroom,mushroom,pmlb,pmlb,classification,nofe,2,1200,6499,1625,21,21,0,1.0,binary_roc_auc,True,1.0,0.0,0.010390996932983398,0.0002856254577636719,11.955565690994263,334.9453125,1985,ok,,1.0.0,{}
167125,Internet-Advertisements,openml_task,amlb,classification,autofeat,3,1200,,,,,,,,,,,,,1380,,,timeout,wall-clock exceeded 1380s,,
167125,Internet-Advertisements,openml_task,amlb,classification,openfe,3,1200,,,,,,,,,,,,,1380,,,timeout,wall-clock exceeded 1380s,,
mushroom,mushroom,pmlb,pmlb,classification,featuretools,0,1200,6499,1625,21,2050,2029,1.0,binary_roc_auc,True,1.0,0.0,4.918423175811768,5.816949367523193,55.65473461151123,586.8515625,625,ok,,upstream-1.x,{}
adult,adult,pmlb,pmlb,classification,nofe,2,1200,39073,9769,14,14,0,0.9251391386441028,binary_roc_auc,True,0.9251391386441028,0.0,0.02803945541381836,0.0015194416046142578,78.24852418899536,357.0625,277,ok,,1.0.0,{}
167125,Internet-Advertisements,openml_task,amlb,classification,featuretools,3,1200,,,,,,,,,,,,,1380,,,timeout,wall-clock exceeded 1380s,,
167140,dna,openml_task,amlb,multiclass,tabularaml,0,1200,2548,638,180,181,1,0.13834867056775862,categorical_crossentropy,False,0.14857012446283596,0.06879885126322406,1069.8985683918,0.3215174674987793,1076.4008152484894,283.703125,230,ok,,0.2.0,"{""mode"": ""medium"", ""elapsed_time"": 1063.397600889206, ""n_init_feats"": 180, ""n_added_feats"": 1, ""initial_metric"": null, ""final_metric"": 0.1503277041204008, ""pct_gain"": 0.04437690993818454}"
mushroom,mushroom,pmlb,pmlb,classification,featuretools,1,1200,6499,1625,21,2050,2029,1.0,binary_roc_auc,True,1.0,0.0,5.58214259147644,6.473423004150391,75.48872470855713,617.0703125,685,ok,,upstream-1.x,{}
167125,Internet-Advertisements,openml_task,amlb,classification,tabularaml,3,1200,,,,,,,,,,,,,1380,,,timeout,wall-clock exceeded 1380s,,
mushroom,mushroom,pmlb,pmlb,classification,featuretools,2,1200,6499,1625,21,2050,2029,1.0,binary_roc_auc,True,1.0,0.0,5.292117118835449,5.736928939819336,55.225183963775635,587.734375,682,ok,,upstream-1.x,{}
mushroom,mushroom,pmlb,pmlb,classification,nofe,4,1200,6499,1625,21,21,0,1.0,binary_roc_auc,True,1.0,0.0,0.0076694488525390625,0.0004680156707763672,6.1882336139678955,334.1484375,1445,ok,,1.0.0,{}
mushroom,mushroom,pmlb,pmlb,classification,featuretools,3,1200,6499,1625,21,2049,2028,1.0,binary_roc_auc,True,,,5.8792243003845215,7.294170618057251,55.854832887649536,586.69140625,604,ok,,upstream-1.x,{}
167125,Internet-Advertisements,openml_task,amlb,classification,autofeat,4,1200,,,,,,,,,,,,,1380,,,timeout,wall-clock exceeded 1380s,,
167125,Internet-Advertisements,openml_task,amlb,classification,openfe,4,1200,,,,,,,,,,,,,1380,,,timeout,wall-clock exceeded 1380s,,
mushroom,mushroom,pmlb,pmlb,classification,tabularaml,1,1200,6499,1625,21,21,0,1.0,binary_roc_auc,True,1.0,0.0,135.6502709388733,0.0036475658416748047,143.7894103527069,367.109375,1999,ok,,0.2.0,"{""mode"": ""medium"", ""elapsed_time"": 134.621431350708, ""n_init_feats"": 21, ""n_added_feats"": 0, ""initial_metric"": null, ""final_metric"": 1.0, ""pct_gain"": 0.0}"
spambase,spambase,pmlb,pmlb,classification,nofe,0,1200,3680,921,57,57,0,0.9896965747405629,binary_roc_auc,True,0.9896965747405629,0.0,0.011433839797973633,0.0009071826934814453,6.682755470275879,337.6796875,282,ok,,1.0.0,{}
mushroom,mushroom,pmlb,pmlb,classification,tabularaml,0,1200,6499,1625,21,21,0,1.0,binary_roc_auc,True,1.0,0.0,182.09428215026855,0.00276947021484375,189.0830945968628,367.84375,1979,ok,,0.2.0,"{""mode"": ""medium"", ""elapsed_time"": 181.35341882705688, ""n_init_feats"": 21, ""n_added_feats"": 0, ""initial_metric"": null, ""final_metric"": 1.0, ""pct_gain"": 0.0}"
mushroom,mushroom,pmlb,pmlb,classification,tabularaml,2,1200,6499,1625,21,21,0,1.0,binary_roc_auc,True,1.0,0.0,185.61991834640503,0.0030651092529296875,198.4729061126709,371.98046875,1985,ok,,0.2.0,"{""mode"": ""medium"", ""elapsed_time"": 184.5770184993744, ""n_init_feats"": 21, ""n_added_feats"": 0, ""initial_metric"": null, ""final_metric"": 1.0, ""pct_gain"": 0.0}"
mushroom,mushroom,pmlb,pmlb,classification,tabularaml,3,1200,6499,1625,21,21,0,1.0,binary_roc_auc,True,,,153.06501388549805,0.0038666725158691406,157.82408690452576,364.41796875,1999,ok,,0.2.0,"{""mode"": ""medium"", ""elapsed_time"": 152.03098821640015, ""n_init_feats"": 21, ""n_added_feats"": 0, ""initial_metric"": null, ""final_metric"": 1.0, ""pct_gain"": 0.0}"
167125,Internet-Advertisements,openml_task,amlb,classification,featuretools,4,1200,,,,,,,,,,,,,1380,,,timeout,wall-clock exceeded 1380s,,
spambase,spambase,pmlb,pmlb,classification,nofe,1,1200,3680,921,57,57,0,0.9873663319411119,binary_roc_auc,True,0.9873663319411119,0.0,0.007359981536865234,0.0007505416870117188,10.630272150039673,329.41796875,280,ok,,1.0.0,{}
167125,Internet-Advertisements,openml_task,amlb,classification,tabularaml,4,1200,,,,,,,,,,,,,1380,,,timeout,wall-clock exceeded 1380s,,
167140,dna,openml_task,amlb,multiclass,tabularaml,2,1200,2548,638,180,181,1,0.13371823188591694,categorical_crossentropy,False,0.13049027789954343,-0.02473712247634665,913.3010275363922,0.3062417507171631,922.4119198322296,283.34375,164,ok,,0.2.0,"{""mode"": ""medium"", ""elapsed_time"": 905.2927436828613, ""n_init_feats"": 180, ""n_added_feats"": 1, ""initial_metric"": null, ""final_metric"": 0.15804254040858404, ""pct_gain"": 0.00304900303653419}"
mushroom,mushroom,pmlb,pmlb,classification,tabularaml,4,1200,6499,1625,21,21,0,1.0,binary_roc_auc,True,1.0,0.0,138.44350028038025,0.0046176910400390625,142.7553722858429,362.171875,1445,ok,,0.2.0,"{""mode"": ""medium"", ""elapsed_time"": 137.06273984909058, ""n_init_feats"": 21, ""n_added_feats"": 0, ""initial_metric"": null, ""final_metric"": 1.0, ""pct_gain"": 0.0}"
167141,churn,openml_task,amlb,classification,tabularaml,4,1200,4000,1000,20,23,3,0.9175191340747529,binary_roc_auc,True,0.9229848330980276,-0.0059217647216681345,328.3061649799347,0.014956235885620117,331.72837114334106,363.84765625,113,ok,,0.2.0,"{""mode"": ""medium"", ""elapsed_time"": 327.07508397102356, ""n_init_feats"": 20, ""n_added_feats"": 3, ""initial_metric"": null, ""final_metric"": 0.9374323151954334, ""pct_gain"": 0.019035358891945565}"
spambase,spambase,pmlb,pmlb,classification,nofe,2,1200,3680,921,57,57,0,0.989247311827957,binary_roc_auc,True,0.989247311827957,0.0,0.008514642715454102,0.0008032321929931641,11.24535608291626,336.4140625,384,ok,,1.0.0,{}
167140,dna,openml_task,amlb,multiclass,openfe,0,1200,,,,,,,,,,,,,1380,,,timeout,wall-clock exceeded 1380s,,
167140,dna,openml_task,amlb,multiclass,autofeat,0,1200,,,,,,,,,,,,,1380,,,timeout,wall-clock exceeded 1380s,,
167141,churn,openml_task,amlb,classification,tabularaml,0,1200,4000,1000,20,25,5,0.9242975916247658,binary_roc_auc,True,0.9309274350019402,-0.007121761726960608,776.0842506885529,0.021798372268676758,778.7115890979767,275.98828125,71,ok,,0.2.0,"{""mode"": ""medium"", ""elapsed_time"": 774.7114338874817, ""n_init_feats"": 20, ""n_added_feats"": 5, ""initial_metric"": null, ""final_metric"": 0.9157582251238449, ""pct_gain"": 0.00871248180899576}"
167140,dna,openml_task,amlb,multiclass,featuretools,0,1200,,,,,,,,,,,,,1380,,,timeout,wall-clock exceeded 1380s,,
spambase,spambase,pmlb,pmlb,classification,nofe,3,1200,3680,921,57,57,0,0.9884327142391659,binary_roc_auc,True,0.9884327142391659,0.0,0.011842727661132812,0.0007078647613525391,39.405200719833374,331.6328125,294,ok,,1.0.0,{}
167140,dna,openml_task,amlb,multiclass,openfe,1,1200,,,,,,,,,,,,,1380,,,timeout,wall-clock exceeded 1380s,,
mushroom,mushroom,pmlb,pmlb,classification,openfe,0,1200,6499,1625,21,2021,2000,1.0,binary_roc_auc,True,1.0,0.0,300.6730909347534,87.13638067245483,429.2052881717682,823.56640625,314,ok,,upstream-0.0.12,{}
mushroom,mushroom,pmlb,pmlb,classification,openfe,3,1200,6499,1625,21,2021,2000,1.0,binary_roc_auc,True,,,274.0480833053589,84.38061881065369,384.1830508708954,823.29296875,100,ok,,upstream-0.0.12,{}
spambase,spambase,pmlb,pmlb,classification,nofe,4,1200,3680,921,57,57,0,0.984739871836646,binary_roc_auc,True,0.984739871836646,0.0,0.01185750961303711,0.0008802413940429688,11.498321533203125,333.73046875,265,ok,,1.0.0,{}
spambase,spambase,pmlb,pmlb,classification,openfe,0,1200,3680,921,57,2057,2000,0.9886795619933451,binary_roc_auc,True,0.9896965747405629,-0.0010276005527092788,232.46203470230103,19.685569047927856,318.44454765319824,665.953125,202,ok,,upstream-0.0.12,{}
adult,adult,pmlb,pmlb,classification,tabularaml,3,1200,39073,9769,14,17,3,0.9336982646967442,binary_roc_auc,True,0.9333098610438157,0.0004161572368838782,496.4214868545532,0.013669967651367188,508.20971870422363,449.58984375,340,ok,,0.2.0,"{""mode"": ""medium"", ""elapsed_time"": 488.16055369377136, ""n_init_feats"": 14, ""n_added_feats"": 3, ""initial_metric"": null, ""final_metric"": 0.9269918712358818, ""pct_gain"": 0.0007566236206752541}"
mushroom,mushroom,pmlb,pmlb,classification,openfe,1,1200,6499,1625,21,2021,2000,1.0,binary_roc_auc,True,1.0,0.0,353.8917407989502,90.52483367919922,500.4766616821289,877.55859375,517,ok,,upstream-0.0.12,{}
spambase,spambase,pmlb,pmlb,classification,tabularaml,0,1200,3680,921,57,58,1,0.9894052943906316,binary_roc_auc,True,0.9896965747405629,-0.0002943127796594291,262.9208188056946,0.0134735107421875,274.3744797706604,357.32421875,390,ok,,0.2.0,"{""mode"": ""medium"", ""elapsed_time"": 261.11603260040283, ""n_init_feats"": 57, ""n_added_feats"": 1, ""initial_metric"": null, ""final_metric"": 0.9888212832085796, ""pct_gain"": 0.0014298540170683293}"
kr_vs_kp,kr-vs-kp,pmlb,pmlb,classification,nofe,0,1200,2556,640,36,36,0,0.9999804312942743,binary_roc_auc,True,0.9999804312942743,0.0,0.005609035491943359,0.0003380775451660156,11.44584035873413,326.96484375,643,ok,,1.0.0,{}
167140,dna,openml_task,amlb,multiclass,autofeat,1,1200,,,,,,,,,,,,,1380,,,timeout,wall-clock exceeded 1380s,,
167140,dna,openml_task,amlb,multiclass,featuretools,1,1200,,,,,,,,,,,,,1380,,,timeout,wall-clock exceeded 1380s,,
spambase,spambase,pmlb,pmlb,classification,featuretools,1,1200,3680,921,57,15849,15792,0.9873120254351926,binary_roc_auc,True,0.9873663319411119,-5.500137503427587e-05,31.11982750892639,39.363309383392334,276.5955810546875,1863.4921875,126,ok,,upstream-1.x,{}
167140,dna,openml_task,amlb,multiclass,tabularaml,1,1200,,,,,,,,,,,,,1380,,,timeout,wall-clock exceeded 1380s,,
kr_vs_kp,kr-vs-kp,pmlb,pmlb,classification,nofe,1,1200,2556,640,36,36,0,0.9990509177722985,binary_roc_auc,True,0.9990509177722985,0.0,0.017663240432739258,0.0002956390380859375,2.6441593170166016,322.83984375,444,ok,,1.0.0,{}
spambase,spambase,pmlb,pmlb,classification,openfe,2,1200,3680,921,57,2057,2000,0.9891140140407002,binary_roc_auc,True,0.989247311827957,-0.00013474667624871362,229.53447484970093,16.120174646377563,325.50160789489746,546.5390625,200,ok,,upstream-0.0.12,{}
spambase,spambase,pmlb,pmlb,classification,tabularaml,1,1200,3680,921,57,58,1,0.9876477383808762,binary_roc_auc,True,0.9873663319411119,0.0002850071251781837,348.8605215549469,0.013353347778320312,355.7886974811554,355.7578125,262,ok,,0.2.0,"{""mode"": ""medium"", ""elapsed_time"": 346.91974210739136, ""n_init_feats"": 57, ""n_added_feats"": 1, ""initial_metric"": null, ""final_metric"": 0.9870613839254606, ""pct_gain"": 0.0003955456050341382}"
kr_vs_kp,kr-vs-kp,pmlb,pmlb,classification,autofeat,1,1200,2556,640,36,,,,,,,,,,13.687507390975952,,,autofeat_internal_nan,"_AutofeatInternalNaNError: Input X contains NaN.
LogisticRegressionCV does not accept missing values encoded as NaN natively. For supervised learning, you might want to consider sklearn.ensemble.HistGradientBoostingClassifier and Regressor which accept missing values encoded as NaNs natively. Alternatively, it is possible to preprocess the data, for instance by using an imputer transformer in a pipeline or drop samples with",upstream-2.1.x,
spambase,spambase,pmlb,pmlb,classification,featuretools,2,1200,3680,921,57,15854,15797,0.9901359637430018,binary_roc_auc,True,0.989247311827957,0.0008983111749909753,33.38668704032898,39.54025864601135,336.36766505241394,2067.9765625,176,ok,,upstream-1.x,{}
167140,dna,openml_task,amlb,multiclass,openfe,2,1200,,,,,,,,,,,,,1380,,,timeout,wall-clock exceeded 1380s,,
167141,churn,openml_task,amlb,classification,tabularaml,1,1200,4000,1000,20,35,15,0.9182044105383962,binary_roc_auc,True,0.9284505321213021,-0.01103572159035317,1064.6231105327606,0.041773319244384766,1074.4804422855377,283.16015625,89,ok,,0.2.0,"{""mode"": ""medium"", ""elapsed_time"": 914.9934775829315, ""n_init_feats"": 20, ""n_added_feats"": 15, ""initial_metric"": null, ""final_metric"": 0.9396117493257885, ""pct_gain"": 0.01760176167539898}"
kr_vs_kp,kr-vs-kp,pmlb,pmlb,classification,tabularaml,0,1200,2556,640,36,36,0,0.9999804312942743,binary_roc_auc,True,0.9999804312942743,0.0,99.26078677177429,0.0038263797760009766,117.46474123001099,343.5703125,643,ok,,0.2.0,"{""mode"": ""medium"", ""elapsed_time"": 98.7538640499115, ""n_init_feats"": 36, ""n_added_feats"": 0, ""initial_metric"": null, ""final_metric"": 0.9997666659489355, ""pct_gain"": 0.000306893182610141}"
167140,dna,openml_task,amlb,multiclass,tabularaml,4,1200,2548,638,180,181,1,0.11777433485924384,categorical_crossentropy,False,0.11750561666324937,-0.0022868540553646157,1178.935542345047,0.20578885078430176,1186.9984338283539,274.52734375,186,ok,,0.2.0,"{""mode"": ""medium"", ""elapsed_time"": 1173.6483781337738, ""n_init_feats"": 180, ""n_added_feats"": 1, ""initial_metric"": null, ""final_metric"": 0.14921150871944888, ""pct_gain"": 0.0031747109494034585}"
kr_vs_kp,kr-vs-kp,pmlb,pmlb,classification,featuretools,0,1200,2556,640,36,4767,4731,1.0,binary_roc_auc,True,0.9999804312942743,1.9569088667462897e-05,12.564097881317139,13.177174091339111,128.2538456916809,855.19921875,604,ok,,upstream-1.x,{}
kr_vs_kp,kr-vs-kp,pmlb,pmlb,classification,nofe,3,1200,2556,640,36,36,0,0.9994178310046573,binary_roc_auc,True,0.9994178310046573,0.0,0.007315397262573242,0.0002446174621582031,10.542359113693237,329.00390625,1213,ok,,1.0.0,{}
167141,churn,openml_task,amlb,classification,tabularaml,3,1200,4000,1000,20,25,5,0.9203675723874866,binary_roc_auc,True,0.9331071095369017,-0.013652813293575386,848.4811828136444,0.02695322036743164,859.9672067165375,371.89453125,101,ok,,0.2.0,"{""mode"": ""medium"", ""elapsed_time"": 846.5975871086121, ""n_init_feats"": 20, ""n_added_feats"": 5, ""initial_metric"": null, ""final_metric"": 0.9360439016582645, ""pct_gain"": 0.011511468121021147}"
14954,cylinder-bands,openml_task,amlb,classification,featuretools,1,1200,432,108,35,,,,,,,,,,3.0139994621276855,,,crash,TypeError: boolean value of NA is ambiguous,upstream-1.x,
125920,dresses-sales,openml_task,amlb,classification,featuretools,1,1200,400,100,12,,,,,,,,0.5757503509521484,,2.904330253601074,,,crash,TypeError: boolean value of NA is ambiguous,upstream-1.x,
29,credit-approval,openml_task,amlb,classification,featuretools,4,1200,552,138,15,,,,,,,,0.9263434410095215,,3.258801221847534,,,crash,TypeError: boolean value of NA is ambiguous,upstream-1.x,
125920,dresses-sales,openml_task,amlb,classification,featuretools,3,1200,400,100,12,,,,,,,,0.469482421875,,3.0391626358032227,,,crash,TypeError: boolean value of NA is ambiguous,upstream-1.x,
125920,dresses-sales,openml_task,amlb,classification,featuretools,4,1200,400,100,12,,,,,,,,0.4959132671356201,,3.331678628921509,,,crash,TypeError: boolean value of NA is ambiguous,upstream-1.x,
29,credit-approval,openml_task,amlb,classification,featuretools,1,1200,552,138,15,,,,,,,,1.1128273010253906,,3.5751986503601074,,,crash,TypeError: boolean value of NA is ambiguous,upstream-1.x,
14954,cylinder-bands,openml_task,amlb,classification,featuretools,4,1200,432,108,35,,,,,,,,,,3.781942367553711,,,crash,TypeError: boolean value of NA is ambiguous,upstream-1.x,
14954,cylinder-bands,openml_task,amlb,classification,featuretools,2,1200,432,108,35,,,,,,,,,,3.671715497970581,,,crash,TypeError: boolean value of NA is ambiguous,upstream-1.x,
125920,dresses-sales,openml_task,amlb,classification,featuretools,2,1200,400,100,12,,,,,,,,0.526165246963501,,3.778494119644165,,,crash,TypeError: boolean value of NA is ambiguous,upstream-1.x,
29,credit-approval,openml_task,amlb,classification,featuretools,2,1200,552,138,15,,,,,,,,0.9654147624969482,,4.017632007598877,,,crash,TypeError: boolean value of NA is ambiguous,upstream-1.x,
14954,cylinder-bands,openml_task,amlb,classification,featuretools,3,1200,432,108,35,,,,,,,,,,3.992558240890503,,,crash,TypeError: boolean value of NA is ambiguous,upstream-1.x,
mushroom,mushroom,pmlb,pmlb,classification,nofe,3,1200,6499,1625,21,21,0,1.0,binary_roc_auc,True,1.0,0.0,0.005404949188232422,0.0003724098205566406,4.224282741546631,329.91015625,1999,ok,,1.0.0,{}
14954,cylinder-bands,openml_task,amlb,classification,featuretools,0,1200,432,108,35,,,,,,,,,,4.4418699741363525,,,crash,TypeError: boolean value of NA is ambiguous,upstream-1.x,
adult,adult,pmlb,pmlb,classification,nofe,0,1200,39073,9769,14,14,0,0.9250719968448822,binary_roc_auc,True,0.9250719968448822,0.0,0.024345874786376953,0.0008425712585449219,5.297395706176758,356.4921875,266,ok,,1.0.0,{}
3904,jm1,openml_task,amlb,classification,featuretools,1,1200,8708,2177,21,,,,,,,,7.237074851989746,,12.055696964263916,,,crash,TypeConversionError: Error converting datatype for uniq_Op from type float64 to type Int64. Please confirm the underlying data is consistent with logical type IntegerNullable.,upstream-1.x,
3904,jm1,openml_task,amlb,classification,featuretools,2,1200,8708,2177,21,,,,,,,,7.968170642852783,,14.148784875869751,,,crash,TypeConversionError: Error converting datatype for uniq_Op from type float64 to type Int64. Please confirm the underlying data is consistent with logical type IntegerNullable.,upstream-1.x,
mushroom,mushroom,pmlb,pmlb,classification,featuretools,4,1200,6499,1625,21,2050,2029,1.0,binary_roc_auc,True,1.0,0.0,5.30220627784729,5.775481462478638,60.75299835205078,772.890625,771,ok,,upstream-1.x,{}
adult,adult,pmlb,pmlb,classification,featuretools,4,1200,39073,9769,14,877,863,0.9248634054343587,binary_roc_auc,True,0.9254273907919788,-0.0006094323155243723,5.384022951126099,3.039236307144165,75.04142355918884,1253.07421875,198,ok,,upstream-1.x,{}
adult,adult,pmlb,pmlb,classification,featuretools,0,1200,39073,9769,14,877,863,0.9242495457783897,binary_roc_auc,True,0.9250719968448822,-0.0008890670880727029,4.2657318115234375,2.197094678878784,75.81776714324951,1250.4765625,228,ok,,upstream-1.x,{}
adult,adult,pmlb,pmlb,classification,featuretools,2,1200,39073,9769,14,877,863,0.9249570240682484,binary_roc_auc,True,0.9251391386441028,-0.00019685101218535077,5.1058220863342285,3.4062013626098633,77.61392664909363,938.25,216,ok,,upstream-1.x,{}
adult,adult,pmlb,pmlb,classification,featuretools,1,1200,39073,9769,14,877,863,0.9279755271163652,binary_roc_auc,True,0.9290474072329418,-0.0011537410343450823,3.817200183868408,3.360016345977783,86.86421179771423,1250.515625,284,ok,,upstream-1.x,{}
adult,adult,pmlb,pmlb,classification,featuretools,3,1200,39073,9769,14,877,863,0.9311894982743435,binary_roc_auc,True,0.9333098610438156,-0.0022718743881059195,4.548557996749878,3.198519706726074,95.0609061717987,1253.58984375,321,ok,,upstream-1.x,{}
167141,churn,openml_task,amlb,classification,openfe,4,1200,4000,1000,20,736,716,0.915438535655017,binary_roc_auc,True,0.9229848330980276,-0.008175971232031218,62.2919716835022,16.654160022735596,101.3653872013092,495.88671875,182,ok,,upstream-0.0.12,{}
167141,churn,openml_task,amlb,classification,openfe,3,1200,4000,1000,20,807,787,0.9214408969690965,binary_roc_auc,True,0.9331071095369016,-0.012502543865082111,63.53677678108215,20.91306185722351,117.22535181045532,511.671875,211,ok,,upstream-0.0.12,{}
kr_vs_kp,kr-vs-kp,pmlb,pmlb,classification,nofe,2,1200,2556,640,36,36,0,0.9998728034127823,binary_roc_auc,True,0.9998728034127823,0.0,0.005623579025268555,0.000194549560546875,3.107856035232544,329.78125,869,ok,,1.0.0,{}
kr_vs_kp,kr-vs-kp,pmlb,pmlb,classification,featuretools,1,1200,2556,640,36,4714,4678,0.9988258776564518,binary_roc_auc,True,0.9990509177722984,-0.00022525390032007852,14.940268278121948,16.898090362548828,55.4519681930542,733.76953125,188,ok,,upstream-1.x,{}
146821,car,openml_task,amlb,multiclass,tabularaml,2,1200,1382,346,6,,,,,,,,,,204.7943639755249,,,crash,ValueError: X does not contain the columns listed in cols,0.2.0,
kr_vs_kp,kr-vs-kp,pmlb,pmlb,classification,tabularaml,1,1200,2556,640,36,36,0,0.9990509177722985,binary_roc_auc,True,0.9990509177722984,1.1112777185578806e-16,108.91741514205933,0.003476858139038086,111.82638216018677,339.5703125,444,ok,,0.2.0,"{""mode"": ""medium"", ""elapsed_time"": 108.41066884994507, ""n_init_feats"": 36, ""n_added_feats"": 0, ""initial_metric"": null, ""final_metric"": 0.999758829065018, ""pct_gain"": 2.655428470754313e-06}"
kr_vs_kp,kr-vs-kp,pmlb,pmlb,classification,featuretools,2,1200,2556,640,36,4768,4732,0.9999412938828226,binary_roc_auc,True,0.9998728034127823,6.849918290260903e-05,11.542234420776367,16.63491916656494,60.96246671676636,740.33984375,331,ok,,upstream-1.x,{}
167119,jungle_chess,openml_task,amlb,multiclass,tabularaml,4,1200,35855,8964,6,13,7,0.24571959076815728,categorical_crossentropy,False,0.2501226310414539,0.01760352613821206,258.48165559768677,0.01555776596069336,272.9590320587158,405.55859375,887,ok,,0.2.0,"{""mode"": ""medium"", ""elapsed_time"": 243.3496971130371, ""n_init_feats"": 6, ""n_added_feats"": 7, ""initial_metric"": null, ""final_metric"": 0.2794637031285559, ""pct_gain"": 0.03412578041362567}"
spambase,spambase,pmlb,pmlb,classification,openfe,3,1200,3680,921,57,2057,2000,0.9877366035723807,binary_roc_auc,True,0.988432714239166,-0.0007042570088558267,196.27200436592102,18.568976163864136,265.9985144138336,576.5546875,147,ok,,upstream-0.0.12,{}
146821,car,openml_task,amlb,multiclass,tabularaml,0,1200,1382,346,6,,,,,,,,,,276.3715023994446,,,crash,ValueError: X does not contain the columns listed in cols,0.2.0,
kr_vs_kp,kr-vs-kp,pmlb,pmlb,classification,autofeat,3,1200,2556,640,36,,,,,,,,,,8.775266170501709,,,autofeat_internal_nan,"_AutofeatInternalNaNError: Input X contains NaN.
LogisticRegressionCV does not accept missing values encoded as NaN natively. For supervised learning, you might want to consider sklearn.ensemble.HistGradientBoostingClassifier and Regressor which accept missing values encoded as NaNs natively. Alternatively, it is possible to preprocess the data, for instance by using an imputer transformer in a pipeline or drop samples with",upstream-2.1.x,
kr_vs_kp,kr-vs-kp,pmlb,pmlb,classification,nofe,4,1200,2556,640,36,36,0,0.9999804312942743,binary_roc_auc,True,0.9999804312942743,0.0,0.004618167877197266,9.632110595703125e-05,5.8243467807769775,323.11328125,598,ok,,1.0.0,{}
spambase,spambase,pmlb,pmlb,classification,openfe,4,1200,3680,921,57,2057,2000,0.9863789409243954,binary_roc_auc,True,0.984739871836646,0.0016644690995321594,214.55060601234436,16.22457456588745,287.8931474685669,497.484375,194,ok,,upstream-0.0.12,{}
kr_vs_kp,kr-vs-kp,pmlb,pmlb,classification,openfe,1,1200,2556,640,36,1821,1785,0.998209463426089,binary_roc_auc,True,0.9990509177722984,-0.0008422537142408154,174.508606672287,25.580373525619507,215.68596005439758,536.23046875,354,ok,,upstream-0.0.12,{}
kr_vs_kp,kr-vs-kp,pmlb,pmlb,classification,openfe,0,1200,2556,640,36,1878,1842,0.9981703260146374,binary_roc_auc,True,0.9999804312942744,-0.001810140701747701,194.89631509780884,26.90712022781372,232.0639808177948,541.3671875,90,ok,,upstream-0.0.12,{}
spambase,spambase,pmlb,pmlb,classification,featuretools,0,1200,3680,921,57,15855,15798,0.989188068366954,binary_roc_auc,True,0.9896965747405628,-0.0005138002763544711,26.553430795669556,45.21257543563843,327.3792805671692,1990.34375,173,ok,,upstream-1.x,{}
chess,chess,pmlb,pmlb,classification,nofe,0,1200,2556,640,36,36,0,0.9996869007083872,binary_roc_auc,True,0.9996869007083872,0.0,0.008888006210327148,0.0003452301025390625,5.7771289348602295,325.5703125,473,ok,,1.0.0,{}
spambase,spambase,pmlb,pmlb,classification,openfe,1,1200,3680,921,57,2057,2000,0.9876279905605418,binary_roc_auc,True,0.987366331941112,0.00026500662516558686,247.4514377117157,18.9683039188385,340.61629366874695,644.27734375,200,ok,,upstream-0.0.12,{}
spambase,spambase,pmlb,pmlb,classification,featuretools,3,1200,3680,921,57,15870,15813,0.988195740395154,binary_roc_auc,True,0.988432714239166,-0.00023974706684451287,32.99422550201416,47.27130484580994,386.70459032058716,2044.3984375,190,ok,,upstream-1.x,{}
kr_vs_kp,kr-vs-kp,pmlb,pmlb,classification,openfe,2,1200,2556,640,36,1863,1827,0.7241595240890768,binary_roc_auc,True,0.9998728034127823,-0.2757483535732109,229.73540234565735,28.84786319732666,269.2962028980255,541.82421875,49,ok,,upstream-0.0.12,{}
spambase,spambase,pmlb,pmlb,classification,featuretools,4,1200,3680,921,57,15823,15766,0.9864628691608164,binary_roc_auc,True,0.984739871836646,0.0017496979389661407,32.86193561553955,43.557509660720825,327.07675671577454,1984.49609375,169,ok,,upstream-1.x,{}
kr_vs_kp,kr-vs-kp,pmlb,pmlb,classification,featuretools,4,1200,2556,640,36,4775,4739,1.0,binary_roc_auc,True,0.9999804312942743,1.9569088667462897e-05,14.684260368347168,17.962026834487915,91.8042733669281,739.08984375,757,ok,,upstream-1.x,{}
chess,chess,pmlb,pmlb,classification,nofe,1,1200,2556,640,36,36,0,0.9995890571797581,binary_roc_auc,True,0.9995890571797581,0.0,0.005778312683105469,0.00018072128295898438,3.216125726699829,327.38671875,532,ok,,1.0.0,{}
mushroom,mushroom,pmlb,pmlb,classification,openfe,2,1200,6499,1625,21,2021,2000,1.0,binary_roc_auc,True,1.0,0.0,289.28060007095337,83.67397880554199,416.81700134277344,715.4765625,369,ok,,upstream-0.0.12,{}
mushroom,mushroom,pmlb,pmlb,classification,openfe,4,1200,6499,1625,21,2021,2000,1.0,binary_roc_auc,True,1.0,0.0,278.9617409706116,88.55044198036194,410.0349841117859,746.92578125,369,ok,,upstream-0.0.12,{}
chess,chess,pmlb,pmlb,classification,autofeat,1,1200,2556,640,36,,,,,,,,,,6.854084014892578,,,autofeat_internal_nan,"_AutofeatInternalNaNError: Input X contains NaN.
LogisticRegressionCV does not accept missing values encoded as NaN natively. For supervised learning, you might want to consider sklearn.ensemble.HistGradientBoostingClassifier and Regressor which accept missing values encoded as NaNs natively. Alternatively, it is possible to preprocess the data, for instance by using an imputer transformer in a pipeline or drop samples with",upstream-2.1.x,
spambase,spambase,pmlb,pmlb,classification,tabularaml,2,1200,3680,921,57,58,1,0.9887536163195987,binary_roc_auc,True,0.989247311827957,-0.00049906176388395,408.8766655921936,0.012101411819458008,413.58445954322815,292.46875,360,ok,,0.2.0,"{""mode"": ""medium"", ""elapsed_time"": 407.0682702064514, ""n_init_feats"": 57, ""n_added_feats"": 1, ""initial_metric"": null, ""final_metric"": 0.9860932226606849, ""pct_gain"": 0.0003231135133031321}"
chess,chess,pmlb,pmlb,classification,nofe,2,1200,2556,640,36,36,0,0.999804312942742,binary_roc_auc,True,0.999804312942742,0.0,0.006289005279541016,0.00017142295837402344,3.8942298889160156,327.92578125,1174,ok,,1.0.0,{}
kr_vs_kp,kr-vs-kp,pmlb,pmlb,classification,featuretools,3,1200,2556,640,36,4738,4702,0.9996184102383467,binary_roc_auc,True,0.9994178310046572,0.0002006960727205712,16.908690214157104,18.562609434127808,166.4125895500183,787.14453125,1994,ok,,upstream-1.x,{}
146821,car,openml_task,amlb,multiclass,tabularaml,3,1200,1382,346,6,,,,,,,,,,479.9476716518402,,,crash,ValueError: X does not contain the columns listed in cols,0.2.0,
chess,chess,pmlb,pmlb,classification,featuretools,0,1200,2556,640,36,4781,4745,0.9998923721185081,binary_roc_auc,True,0.9996869007083872,0.000205535763222816,10.865289688110352,16.52318787574768,86.25093388557434,768.5,755,ok,,upstream-1.x,{}
chess,chess,pmlb,pmlb,classification,featuretools,1,1200,2556,640,36,4727,4691,0.9997162537669759,binary_roc_auc,True,0.9995890571797581,0.00012724887923112988,16.14676570892334,15.181766271591187,67.66401362419128,770.53125,467,ok,,upstream-1.x,{}
chess,chess,pmlb,pmlb,classification,nofe,3,1200,2556,640,36,36,0,0.999740714649133,binary_roc_auc,True,0.999740714649133,0.0,0.005128622055053711,0.0003218650817871094,3.1436030864715576,315.34765625,599,ok,,1.0.0,{}
chess,chess,pmlb,pmlb,classification,autofeat,3,1200,2556,640,36,,,,,,,,,,7.513653039932251,,,autofeat_internal_nan,"_AutofeatInternalNaNError: Input X contains NaN.
LogisticRegressionCV does not accept missing values encoded as NaN natively. For supervised learning, you might want to consider sklearn.ensemble.HistGradientBoostingClassifier and Regressor which accept missing values encoded as NaNs natively. Alternatively, it is possible to preprocess the data, for instance by using an imputer transformer in a pipeline or drop samples with",upstream-2.1.x,
146821,car,openml_task,amlb,multiclass,tabularaml,4,1200,1382,346,6,,,,,,,,,,509.84161734580994,,,crash,ValueError: X does not contain the columns listed in cols,0.2.0,
kr_vs_kp,kr-vs-kp,pmlb,pmlb,classification,openfe,3,1200,2556,640,36,1906,1870,0.9142695002152558,binary_roc_auc,True,0.9994178310046572,-0.08519793038293774,217.28622317314148,25.74065113067627,252.18489384651184,554.73828125,15,ok,,upstream-0.0.12,{}
adult,adult,pmlb,pmlb,classification,tabularaml,4,1200,39073,9769,14,17,3,0.9265236756431194,binary_roc_auc,True,0.9254273907919788,0.0011846254628388108,525.7237634658813,0.013748645782470703,532.3979246616364,389.97265625,336,ok,,0.2.0,"{""mode"": ""medium"", ""elapsed_time"": 517.5535209178925, ""n_init_feats"": 14, ""n_added_feats"": 3, ""initial_metric"": null, ""final_metric"": 0.930246839039236, ""pct_gain"": 0.0011308511856776941}"
chess,chess,pmlb,pmlb,classification,nofe,4,1200,2556,640,36,36,0,0.999902156471371,binary_roc_auc,True,0.999902156471371,0.0,0.005331993103027344,0.0001761913299560547,5.25346565246582,324.5625,419,ok,,1.0.0,{}
kr_vs_kp,kr-vs-kp,pmlb,pmlb,classification,tabularaml,2,1200,2556,640,36,38,2,0.9998336660013306,binary_roc_auc,True,0.9998728034127823,-3.9142390230125746e-05,316.239620923996,0.013384580612182617,320.210684299469,287.03515625,980,ok,,0.2.0,"{""mode"": ""medium"", ""elapsed_time"": 315.4405779838562, ""n_init_feats"": 36, ""n_added_feats"": 2, ""initial_metric"": null, ""final_metric"": 0.9994861794227742, ""pct_gain"": 0.0001626869160483635}"
kr_vs_kp,kr-vs-kp,pmlb,pmlb,classification,openfe,4,1200,2556,640,36,1952,1916,0.9962232397949199,binary_roc_auc,True,0.9999804312942743,-0.003757265024167976,208.11640095710754,23.950730562210083,241.43755650520325,618.62890625,16,ok,,upstream-0.0.12,{}
kr_vs_kp,kr-vs-kp,pmlb,pmlb,classification,tabularaml,3,1200,2556,640,36,36,0,0.9994178310046573,binary_roc_auc,True,0.9994178310046572,1.110869738544802e-16,269.1787624359131,0.005220651626586914,272.87306785583496,296.578125,1213,ok,,0.2.0,"{""mode"": ""medium"", ""elapsed_time"": 268.4966742992401, ""n_init_feats"": 36, ""n_added_feats"": 0, ""initial_metric"": null, ""final_metric"": 0.9995281238081638, ""pct_gain"": 0.00037799383447568275}"
ionosphere,ionosphere,pmlb,pmlb,classification,nofe,0,1200,280,71,33,33,0,0.9608695652173912,binary_roc_auc,True,0.9608695652173912,0.0,0.0032444000244140625,8.559226989746094e-05,3.866854190826416,317.51171875,67,ok,,1.0.0,{}
chess,chess,pmlb,pmlb,classification,featuretools,2,1200,2556,640,36,4778,4742,0.9999608625885484,binary_roc_auc,True,0.999804312942742,0.0001565802865419677,10.997585773468018,16.00227189064026,113.12365341186523,768.03515625,1341,ok,,upstream-1.x,{}
chess,chess,pmlb,pmlb,classification,featuretools,3,1200,2556,640,36,4741,4705,0.9996917928848186,binary_roc_auc,True,0.999740714649133,-4.893445230111452e-05,14.579910516738892,20.186985969543457,66.92903685569763,778.09375,290,ok,,upstream-1.x,{}
146821,car,openml_task,amlb,multiclass,tabularaml,1,1200,1382,346,6,,,,,,,,,,580.0300297737122,,,crash,ValueError: X does not contain the columns listed in cols,0.2.0,
chess,chess,pmlb,pmlb,classification,openfe,0,1200,2556,640,36,1944,1908,0.9995401354154437,binary_roc_auc,True,0.9996869007083872,-0.00014681125944477336,216.42941117286682,29.667036771774292,259.3946204185486,617.2265625,74,ok,,upstream-0.0.12,{}
ionosphere,ionosphere,pmlb,pmlb,classification,nofe,1,1200,280,71,33,33,0,0.9704347826086956,binary_roc_auc,True,0.9704347826086956,0.0,0.0026481151580810547,7.486343383789062e-05,2.768188714981079,319.109375,519,ok,,1.0.0,{}
ionosphere,ionosphere,pmlb,pmlb,classification,featuretools,0,1200,280,71,33,5411,5378,0.9460869565217391,binary_roc_auc,True,0.9608695652173912,-0.015384615384615274,9.388875246047974,10.14016580581665,39.197171688079834,489.04296875,73,ok,,upstream-1.x,{}
chess,chess,pmlb,pmlb,classification,openfe,1,1200,2556,640,36,1764,1728,0.999510782356855,binary_roc_auc,True,0.9995890571797581,-7.830700260361845e-05,182.91587567329407,23.0723876953125,219.91459774971008,592.5234375,193,ok,,upstream-0.0.12,{}
adult,adult,pmlb,pmlb,classification,tabularaml,2,1200,39073,9769,14,19,5,0.9259049523077381,binary_roc_auc,True,0.9251391386441028,0.0008277821482697721,623.1952033042908,0.010320901870727539,629.0613787174225,403.9296875,422,ok,,0.2.0,"{""mode"": ""medium"", ""elapsed_time"": 616.2007067203522, ""n_init_feats"": 14, ""n_added_feats"": 5, ""initial_metric"": null, ""final_metric"": 0.9295325700289487, ""pct_gain"": 0.0003497826910301894}"
9977,nomao,openml_task,amlb,classification,autofeat,1,1200,,,,,,,,,,,,,958.2098572254181,,,crash,"ed credentials for https://api.wandb.ai from /home/ionutionut045/.netrc.
wandb: Currently logged in as: ionutb to https://api.wandb.ai. Use `wandb login --relogin` to force relogin
wandb: Using an existing wandb-core service via WANDB_SERVICE.
wandb: WARNING Using a boolean value for 'reinit' is deprecated. Use 'return_previous' or 'finish_previous' instead.
wandb: Tracking run with wandb version 0.26.0
wandb: Run data is saved locally in /home/ionutionut045/TabularAML-refactored/wandb/run-20260421_133906-r7z8iu70
wandb: Run `wandb offline` to turn off syncing.
wandb: Syncing run autofeat_classification_nomao_seed1
wandb: ⭐️ View project at https://wandb.ai/ionutb/tabularaml-targeted-benchmark-all
wandb: 🚀 View run at https://wandb.ai/ionutb/tabularaml-targeted-benchmark-all/runs/r7z8iu70
",,
chess,chess,pmlb,pmlb,classification,tabularaml,4,1200,2556,640,36,36,0,0.999902156471371,binary_roc_auc,True,0.999902156471371,0.0,84.18248248100281,0.003570079803466797,87.80616307258606,242.4296875,419,ok,,0.2.0,"{""mode"": ""medium"", ""elapsed_time"": 83.64914536476135, ""n_init_feats"": 36, ""n_added_feats"": 0, ""initial_metric"": null, ""final_metric"": 0.9996171785947432, ""pct_gain"": 0.0007084556832030732}"
ionosphere,ionosphere,pmlb,pmlb,classification,nofe,2,1200,280,71,33,33,0,0.98,binary_roc_auc,True,0.98,0.0,0.0034308433532714844,8.177757263183594e-05,9.457520008087158,314.91796875,77,ok,,1.0.0,{}
167141,churn,openml_task,amlb,classification,tabularaml,2,1200,4000,1000,20,28,8,0.9278065373723363,binary_roc_auc,True,0.9240416449937664,0.004074375217791526,961.3432486057281,0.0577085018157959,971.3809823989868,260.2578125,214,ok,,0.2.0,"{""mode"": ""medium"", ""elapsed_time"": 958.7329657077789, ""n_init_feats"": 20, ""n_added_feats"": 5, ""initial_metric"": null, ""final_metric"": 0.9171155680870495, ""pct_gain"": 0.01084091938659955}"
ionosphere,ionosphere,pmlb,pmlb,classification,openfe,0,1200,280,71,33,2033,2000,0.9652173913043478,binary_roc_auc,True,0.9608695652173912,0.004524886877828144,67.76385951042175,338.34783148765564,420.81662607192993,299.9765625,52,ok,,upstream-0.0.12,{}
chess,chess,pmlb,pmlb,classification,featuretools,4,1200,2556,640,36,4775,4739,0.9999902156471371,binary_roc_auc,True,0.999902156471371,8.80677926296315e-05,15.381510019302368,22.917266607284546,443.5398895740509,750.6640625,983,ok,,upstream-1.x,{}
spambase,spambase,pmlb,pmlb,classification,tabularaml,3,1200,3680,921,57,60,3,0.9884425881493331,binary_roc_auc,True,0.988432714239166,9.989461118399688e-06,957.7566523551941,0.010222673416137695,981.1736176013947,279.75390625,303,ok,,0.2.0,"{""mode"": ""medium"", ""elapsed_time"": 956.4470827579498, ""n_init_feats"": 57, ""n_added_feats"": 3, ""initial_metric"": null, ""final_metric"": 0.9870399038380663, ""pct_gain"": 0.003186201260661846}"
spambase,spambase,pmlb,pmlb,classification,tabularaml,4,1200,3680,921,57,60,3,0.984858358758652,binary_roc_auc,True,0.984739871836646,0.00012032306743608281,916.0898549556732,0.014896392822265625,922.4446725845337,272.53515625,254,ok,,0.2.0,"{""mode"": ""medium"", ""elapsed_time"": 914.2244725227356, ""n_init_feats"": 57, ""n_added_feats"": 3, ""initial_metric"": null, ""final_metric"": 0.9889382002435033, ""pct_gain"": 0.0002489006824471098}"
ionosphere,ionosphere,pmlb,pmlb,classification,nofe,3,1200,280,71,33,33,0,0.9443478260869566,binary_roc_auc,True,0.9443478260869566,0.0,0.003884553909301758,7.152557373046875e-05,9.458449125289917,318.20703125,72,ok,,1.0.0,{}
adult,adult,pmlb,pmlb,classification,tabularaml,1,1200,39073,9769,14,22,8,0.9292013470032081,binary_roc_auc,True,0.9290474072329418,0.00016569635636230233,973.9689252376556,0.022591114044189453,1005.1748933792114,390.3828125,304,ok,,0.2.0,"{""mode"": ""medium"", ""elapsed_time"": 966.0043933391571, ""n_init_feats"": 14, ""n_added_feats"": 8, ""initial_metric"": null, ""final_metric"": 0.9271267078366282, ""pct_gain"": 0.0009980899214743202}"
ionosphere,ionosphere,pmlb,pmlb,classification,featuretools,1,1200,280,71,33,5411,5378,0.9669565217391304,binary_roc_auc,True,0.9704347826086956,-0.0035842293906810517,333.20517468452454,13.892632722854614,377.79505801200867,389.08203125,92,ok,,upstream-1.x,{}
chess,chess,pmlb,pmlb,classification,openfe,2,1200,2556,640,36,1964,1928,0.9991878987123791,binary_roc_auc,True,0.999804312942742,-0.0006165348782588729,543.2640852928162,28.91585373878479,583.4419991970062,524.97265625,109,ok,,upstream-0.0.12,{}
ionosphere,ionosphere,pmlb,pmlb,classification,nofe,4,1200,280,71,33,33,0,0.948695652173913,binary_roc_auc,True,0.948695652173913,0.0,0.005475521087646484,0.00010347366333007812,3.093467950820923,319.77734375,236,ok,,1.0.0,{}
ionosphere,ionosphere,pmlb,pmlb,classification,featuretools,2,1200,280,71,33,5411,5378,0.9878260869565217,binary_roc_auc,True,0.98,0.00798580301685894,10.243016004562378,10.99569320678711,40.53599262237549,486.15234375,59,ok,,upstream-1.x,{}
kr_vs_kp,kr-vs-kp,pmlb,pmlb,classification,tabularaml,4,1200,2556,640,36,36,0,0.9999804312942743,binary_roc_auc,True,0.9999804312942743,0.0,673.4524300098419,0.0034189224243164062,709.1882576942444,266.125,598,ok,,0.2.0,"{""mode"": ""medium"", ""elapsed_time"": 672.9218106269836, ""n_init_feats"": 36, ""n_added_feats"": 0, ""initial_metric"": null, ""final_metric"": 0.9997850452339876, ""pct_gain"": 7.872607322597374e-05}"
ionosphere,ionosphere,pmlb,pmlb,classification,openfe,1,1200,280,71,33,2033,2000,0.9747826086956521,binary_roc_auc,True,0.9704347826086956,0.004480286738351228,386.26295280456543,12.192618370056152,411.4864501953125,308.11328125,75,ok,,upstream-0.0.12,{}
chess,chess,pmlb,pmlb,classification,tabularaml,2,1200,2556,640,36,37,1,0.9996673320026613,binary_roc_auc,True,0.999804312942742,-0.000137007750724194,548.8787791728973,0.007393836975097656,553.0574109554291,266.58203125,1121,ok,,0.2.0,"{""mode"": ""medium"", ""elapsed_time"": 548.3567223548889, ""n_init_feats"": 36, ""n_added_feats"": 1, ""initial_metric"": null, ""final_metric"": 0.9996356197531879, ""pct_gain"": 9.194084996953188e-05}"
sonar,sonar,pmlb,pmlb,classification,nofe,0,1200,166,42,60,60,0,0.95,binary_roc_auc,True,0.95,0.0,0.0036602020263671875,7.414817810058594e-05,4.465842247009277,314.640625,127,ok,,1.0.0,{}
ionosphere,ionosphere,pmlb,pmlb,classification,featuretools,3,1200,280,71,33,5411,5378,0.9556521739130435,binary_roc_auc,True,0.9443478260869566,0.011970534069981538,9.206838369369507,10.843526840209961,40.55939245223999,487.1015625,89,ok,,upstream-1.x,{}
ionosphere,ionosphere,pmlb,pmlb,classification,openfe,2,1200,280,71,33,2033,2000,0.9956521739130434,binary_roc_auc,True,0.98,0.015971606033717764,69.78587126731873,13.861462116241455,95.89703893661499,382.6171875,58,ok,,upstream-0.0.12,{}
9977,nomao,openml_task,amlb,classification,featuretools,1,1200,,,,,,,,,,,,,1089.9067125320435,,,crash,"k/type_sys/utils.py:33: UserWarning: Could not infer format, so each element will be parsed individually, falling back to `dateutil`. To ensure parsing is consistent and as-expected, please specify a format.
  pd.to_datetime(
/home/ionutionut045/venv/lib/python3.11/site-packages/woodwork/type_sys/utils.py:33: UserWarning: Could not infer format, so each element will be parsed individually, falling back to `dateutil`. To ensure parsing is consistent and as-expected, please specify a format.
  pd.to_datetime(
/home/ionutionut045/venv/lib/python3.11/site-packages/woodwork/type_sys/utils.py:33: UserWarning: Could not infer format, so each element will be parsed individually, falling back to `dateutil`. To ensure parsing is consistent and as-expected, please specify a format.
  pd.to_datetime(
",,
ionosphere,ionosphere,pmlb,pmlb,classification,featuretools,4,1200,280,71,33,5411,5378,0.957391304347826,binary_roc_auc,True,0.948695652173913,0.009165902841429829,9.019611120223999,9.824644088745117,73.98321080207825,387.828125,415,ok,,upstream-1.x,{}
ionosphere,ionosphere,pmlb,pmlb,classification,openfe,3,1200,280,71,33,2033,2000,0.957391304347826,binary_roc_auc,True,0.9443478260869566,0.013812154696132516,62.304200410842896,14.006111145019531,103.05333304405212,289.90234375,98,ok,,upstream-0.0.12,{}
sonar,sonar,pmlb,pmlb,classification,nofe,1,1200,166,42,60,60,0,0.9840909090909091,binary_roc_auc,True,0.9840909090909091,0.0,0.0028765201568603516,6.866455078125e-05,3.8148951530456543,312.96484375,147,ok,,1.0.0,{}
chess,chess,pmlb,pmlb,classification,openfe,3,1200,2556,640,36,1979,1943,0.989114907440022,binary_roc_auc,True,0.999740714649133,-0.010628563039808093,561.3746335506439,39.05354332923889,611.1146061420441,419.390625,11,ok,,upstream-0.0.12,{}
chess,chess,pmlb,pmlb,classification,tabularaml,0,1200,2556,640,36,37,1,0.9996771163555243,binary_roc_auc,True,0.9996869007083872,-9.787417296340437e-06,705.8337287902832,0.006293535232543945,709.4231188297272,260.328125,1053,ok,,0.2.0,"{""mode"": ""medium"", ""elapsed_time"": 705.2920124530792, ""n_init_feats"": 36, ""n_added_feats"": 1, ""initial_metric"": null, ""final_metric"": 0.9997850477089232, ""pct_gain"": 0.00013636405787461066}"
sonar,sonar,pmlb,pmlb,classification,nofe,2,1200,166,42,60,60,0,0.9068181818181817,binary_roc_auc,True,0.9068181818181817,0.0,0.0026323795318603516,7.367134094238281e-05,3.4477086067199707,321.34375,883,ok,,1.0.0,{}
ionosphere,ionosphere,pmlb,pmlb,classification,tabularaml,0,1200,280,71,33,40,7,0.9669565217391304,binary_roc_auc,True,0.9608695652173912,0.0063348416289593324,534.1034698486328,0.025049686431884766,537.3074660301208,243.06640625,91,ok,,0.2.0,"{""mode"": ""medium"", ""elapsed_time"": 533.7239754199982, ""n_init_feats"": 33, ""n_added_feats"": 7, ""initial_metric"": null, ""final_metric"": 0.9807216905901116, ""pct_gain"": 0.021862498394581705}"
ionosphere,ionosphere,pmlb,pmlb,classification,openfe,4,1200,280,71,33,2032,1999,0.9556521739130435,binary_roc_auc,True,0.948695652173913,0.007332722273143886,72.00764536857605,14.908213138580322,111.22953510284424,302.62890625,460,ok,,upstream-0.0.12,{}
chess,chess,pmlb,pmlb,classification,tabularaml,1,1200,2556,640,36,36,0,0.9995890571797581,binary_roc_auc,True,0.9995890571797581,0.0,707.4153220653534,0.0036809444427490234,710.209787607193,262.1171875,532,ok,,0.2.0,"{""mode"": ""medium"", ""elapsed_time"": 706.9089963436127, ""n_init_feats"": 36, ""n_added_feats"": 0, ""initial_metric"": null, ""final_metric"": 0.9995071825521652, ""pct_gain"": 0.00029387398918490635}"
chess,chess,pmlb,pmlb,classification,openfe,4,1200,2556,640,36,1925,1889,0.9960471214433877,binary_roc_auc,True,0.999902156471371,-0.003855412255122705,530.4018878936768,36.573975801467896,602.624329328537,455.98828125,827,ok,,upstream-0.0.12,{}
sonar,sonar,pmlb,pmlb,classification,nofe,3,1200,166,42,60,60,0,0.9022727272727273,binary_roc_auc,True,0.9022727272727273,0.0,0.002925872802734375,8.58306884765625e-05,2.904951810836792,322.0234375,610,ok,,1.0.0,{}
ionosphere,ionosphere,pmlb,pmlb,classification,tabularaml,3,1200,280,71,33,42,9,0.928695652173913,binary_roc_auc,True,0.9443478260869566,-0.01657458563535916,178.78832602500916,0.033249855041503906,181.95021796226501,226.3046875,136,ok,,0.2.0,"{""mode"": ""medium"", ""elapsed_time"": 168.89859104156494, ""n_init_feats"": 33, ""n_added_feats"": 9, ""initial_metric"": null, ""final_metric"": 0.9758854997341839, ""pct_gain"": 0.004214679647241711}"
sonar,sonar,pmlb,pmlb,classification,featuretools,0,1200,166,42,60,15397,15337,0.8931818181818182,binary_roc_auc,True,0.95,-0.05980861244019134,40.465728521347046,43.18799424171448,152.07007503509521,573.0078125,107,ok,,upstream-1.x,{}
9977,nomao,openml_task,amlb,classification,featuretools,4,1200,,,,,,,,,,,,,1254.015022277832,,,crash,"k/type_sys/utils.py:33: UserWarning: Could not infer format, so each element will be parsed individually, falling back to `dateutil`. To ensure parsing is consistent and as-expected, please specify a format.
  pd.to_datetime(
/home/ionutionut045/venv/lib/python3.11/site-packages/woodwork/type_sys/utils.py:33: UserWarning: Could not infer format, so each element will be parsed individually, falling back to `dateutil`. To ensure parsing is consistent and as-expected, please specify a format.
  pd.to_datetime(
/home/ionutionut045/venv/lib/python3.11/site-packages/woodwork/type_sys/utils.py:33: UserWarning: Could not infer format, so each element will be parsed individually, falling back to `dateutil`. To ensure parsing is consistent and as-expected, please specify a format.
  pd.to_datetime(
",,
sonar,sonar,pmlb,pmlb,classification,featuretools,1,1200,166,42,60,15455,15395,0.959090909090909,binary_roc_auc,True,0.9840909090909091,-0.025404157043880042,23.37514042854309,42.11410737037659,170.66924834251404,537.73046875,152,ok,,upstream-1.x,{}
sonar,sonar,pmlb,pmlb,classification,openfe,0,1200,166,42,60,3359,3299,0.9181818181818182,binary_roc_auc,True,0.95,-0.0334928229665071,142.8066394329071,21.848819732666016,232.05151653289795,310.89453125,183,ok,,upstream-0.0.12,{}
chess,chess,pmlb,pmlb,classification,tabularaml,3,1200,2556,640,36,39,3,0.9997504990019961,binary_roc_auc,True,0.999740714649133,9.786890460356165e-06,757.9265842437744,0.011488676071166992,761.7901146411896,261.125,613,ok,,0.2.0,"{""mode"": ""medium"", ""elapsed_time"": 757.2184047698975, ""n_init_feats"": 36, ""n_added_feats"": 3, ""initial_metric"": null, ""final_metric"": 0.9996171835446145, ""pct_gain"": 0.00027535071344286457}"
sonar,sonar,pmlb,pmlb,classification,nofe,4,1200,166,42,60,60,0,0.9659090909090909,binary_roc_auc,True,0.9659090909090909,0.0,0.002831697463989258,7.43865966796875e-05,2.67939829826355,316.5859375,84,ok,,1.0.0,{}
sonar,sonar,pmlb,pmlb,classification,openfe,1,1200,166,42,60,3275,3215,0.9136363636363636,binary_roc_auc,True,0.9840909090909091,-0.07159353348729801,118.25182795524597,53.52381753921509,189.60293674468994,331.76171875,151,ok,,upstream-0.0.12,{}
167140,dna,openml_task,amlb,multiclass,tabularaml,3,1200,2548,638,180,181,1,0.12441252434677563,categorical_crossentropy,False,0.1263260714904848,0.015147681877001173,1297.566651582718,0.20165562629699707,1306.5964205265045,284.91796875,1127,ok,,0.2.0,"{""mode"": ""medium"", ""elapsed_time"": 1292.2445962429047, ""n_init_feats"": 180, ""n_added_feats"": 1, ""initial_metric"": null, ""final_metric"": 0.12973473806439945, ""pct_gain"": 0.02111518035928114}"
sonar,sonar,pmlb,pmlb,classification,featuretools,2,1200,166,42,60,15479,15419,0.9136363636363637,binary_roc_auc,True,0.9068181818181817,0.007518796992481344,22.48735737800598,33.77781653404236,188.95509433746338,503.3515625,408,ok,,upstream-1.x,{}
breast_cancer,breast-cancer,pmlb,pmlb,classification,nofe,0,1200,228,58,9,9,0,0.659971305595409,binary_roc_auc,True,0.659971305595409,0.0,0.0027043819427490234,6.437301635742188e-05,8.008347034454346,317.2109375,11,ok,,1.0.0,{}
sonar,sonar,pmlb,pmlb,classification,openfe,3,1200,166,42,60,2762,2702,0.875,binary_roc_auc,True,0.9022727272727273,-0.030226700251889237,128.14805483818054,17.322158098220825,170.0617880821228,314.546875,43,ok,,upstream-0.0.12,{}
ionosphere,ionosphere,pmlb,pmlb,classification,tabularaml,4,1200,280,71,33,39,6,0.9660869565217391,binary_roc_auc,True,0.948695652173913,0.018331805682859772,220.08779907226562,0.013241052627563477,291.60311675071716,238.46875,519,ok,,0.2.0,"{""mode"": ""medium"", ""elapsed_time"": 219.80021262168884, ""n_init_feats"": 33, ""n_added_feats"": 6, ""initial_metric"": null, ""final_metric"": 0.9886175349991138, ""pct_gain"": 0.01810129176906402}"
ionosphere,ionosphere,pmlb,pmlb,classification,tabularaml,2,1200,280,71,33,49,16,0.9834782608695652,binary_roc_auc,True,0.98,0.0035492457852706774,333.053245306015,0.042668819427490234,341.8603184223175,231.6953125,44,ok,,0.2.0,"{""mode"": ""medium"", ""elapsed_time"": 322.38460302352905, ""n_init_feats"": 33, ""n_added_feats"": 16, ""initial_metric"": null, ""final_metric"": 0.9831721823498139, ""pct_gain"": 0.009919018565457618}"
breast_cancer,breast-cancer,pmlb,pmlb,classification,featuretools,0,1200,228,58,9,370,361,0.7144906743185079,binary_roc_auc,True,0.659971305595409,0.0826086956521738,0.862147331237793,0.5890481472015381,8.851615905761719,343.46875,6,ok,,upstream-1.x,{}
sonar,sonar,pmlb,pmlb,classification,openfe,2,1200,166,42,60,3352,3292,0.9113636363636364,binary_roc_auc,True,0.9068181818181817,0.005012531328320896,164.73037672042847,22.372691869735718,214.27055025100708,336.33984375,463,ok,,upstream-0.0.12,{}
breast_cancer,breast-cancer,pmlb,pmlb,classification,nofe,1,1200,228,58,9,9,0,0.7101865136298422,binary_roc_auc,True,0.7101865136298422,0.0,0.004556894302368164,7.772445678710938e-05,2.5379419326782227,315.92578125,64,ok,,1.0.0,{}
breast_cancer,breast-cancer,pmlb,pmlb,classification,openfe,0,1200,228,58,9,194,185,0.5832137733142038,binary_roc_auc,True,0.659971305595409,-0.11630434782608698,13.230607748031616,1.7195920944213867,17.62694239616394,327.2578125,2000,ok,,upstream-0.0.12,{}
breast_cancer,breast-cancer,pmlb,pmlb,classification,featuretools,1,1200,228,58,9,370,361,0.7690100430416069,binary_roc_auc,True,0.7101865136298422,0.08282828282828285,1.0704150199890137,0.8040134906768799,5.093578815460205,340.4296875,28,ok,,upstream-1.x,{}
breast_cancer,breast-cancer,pmlb,pmlb,classification,openfe,1,1200,228,58,9,158,149,0.8292682926829269,binary_roc_auc,True,0.7101865136298422,0.16767676767676776,10.160022735595703,1.2165589332580566,14.465304613113403,326.9140625,101,ok,,upstream-0.0.12,{}
breast_cancer,breast-cancer,pmlb,pmlb,classification,nofe,2,1200,228,58,9,9,0,0.7101865136298422,binary_roc_auc,True,0.7101865136298422,0.0,0.006152629852294922,0.000141143798828125,2.4792797565460205,315.73828125,48,ok,,1.0.0,{}
breast_cancer,breast-cancer,pmlb,pmlb,classification,tabularaml,1,1200,228,58,9,15,6,0.7704447632711621,binary_roc_auc,True,0.7101865136298422,0.08484848484848474,25.633774280548096,0.01893925666809082,34.951136350631714,329.28125,62,ok,,0.2.0,"{""mode"": ""medium"", ""elapsed_time"": 24.77028465270996, ""n_init_feats"": 9, ""n_added_feats"": 6, ""initial_metric"": null, ""final_metric"": 0.6136573196918025, ""pct_gain"": 0.17384869678080578}"
mushroom,mushroom,pmlb,pmlb,classification,autofeat,1,1200,,,,,,,,,,,,,1380,,,timeout,wall-clock exceeded 1380s,,
adult,adult,pmlb,pmlb,classification,tabularaml,0,1200,,,,,,,,,,,,,1380,,,timeout,wall-clock exceeded 1380s,,
167141,churn,openml_task,amlb,classification,autofeat,2,1200,,,,,,,,,,,,,1380,,,timeout,wall-clock exceeded 1380s,,
167140,dna,openml_task,amlb,multiclass,autofeat,3,1200,,,,,,,,,,,,,1380,,,timeout,wall-clock exceeded 1380s,,
adult,adult,pmlb,pmlb,classification,autofeat,0,1200,,,,,,,,,,,,,1380,,,timeout,wall-clock exceeded 1380s,,
167140,dna,openml_task,amlb,multiclass,autofeat,4,1200,,,,,,,,,,,,,1380,,,timeout,wall-clock exceeded 1380s,,
167140,dna,openml_task,amlb,multiclass,autofeat,2,1200,,,,,,,,,,,,,1380,,,timeout,wall-clock exceeded 1380s,,
167141,churn,openml_task,amlb,classification,autofeat,0,1200,,,,,,,,,,,,,1380,,,timeout,wall-clock exceeded 1380s,,
adult,adult,pmlb,pmlb,classification,autofeat,2,1200,,,,,,,,,,,,,1380,,,timeout,wall-clock exceeded 1380s,,
mushroom,mushroom,pmlb,pmlb,classification,autofeat,0,1200,,,,,,,,,,,,,1380,,,timeout,wall-clock exceeded 1380s,,
adult,adult,pmlb,pmlb,classification,autofeat,3,1200,,,,,,,,,,,,,1380,,,timeout,wall-clock exceeded 1380s,,
adult,adult,pmlb,pmlb,classification,autofeat,1,1200,,,,,,,,,,,,,1380,,,timeout,wall-clock exceeded 1380s,,
adult,adult,pmlb,pmlb,classification,autofeat,4,1200,,,,,,,,,,,,,1380,,,timeout,wall-clock exceeded 1380s,,
167140,dna,openml_task,amlb,multiclass,openfe,3,1200,,,,,,,,,,,,,1380,,,timeout,wall-clock exceeded 1380s,,
mushroom,mushroom,pmlb,pmlb,classification,autofeat,2,1200,,,,,,,,,,,,,1380,,,timeout,wall-clock exceeded 1380s,,
167141,churn,openml_task,amlb,classification,autofeat,3,1200,,,,,,,,,,,,,1380,,,timeout,wall-clock exceeded 1380s,,
adult,adult,pmlb,pmlb,classification,openfe,0,1200,,,,,,,,,,,,,1380,,,timeout,wall-clock exceeded 1380s,,
adult,adult,pmlb,pmlb,classification,openfe,1,1200,,,,,,,,,,,,,1380,,,timeout,wall-clock exceeded 1380s,,
adult,adult,pmlb,pmlb,classification,openfe,2,1200,,,,,,,,,,,,,1380,,,timeout,wall-clock exceeded 1380s,,
adult,adult,pmlb,pmlb,classification,openfe,3,1200,,,,,,,,,,,,,1380,,,timeout,wall-clock exceeded 1380s,,
167141,churn,openml_task,amlb,classification,autofeat,1,1200,,,,,,,,,,,,,1380,,,timeout,wall-clock exceeded 1380s,,
167141,churn,openml_task,amlb,classification,autofeat,4,1200,,,,,,,,,,,,,1380,,,timeout,wall-clock exceeded 1380s,,
breast_cancer,breast-cancer,pmlb,pmlb,classification,openfe,2,1200,228,58,9,207,198,0.7144906743185079,binary_roc_auc,True,0.7101865136298422,0.00606060606060602,17.35502815246582,1.8450071811676025,24.18851375579834,326.234375,26,ok,,upstream-0.0.12,{}
adult,adult,pmlb,pmlb,classification,openfe,4,1200,,,,,,,,,,,,,1380,,,timeout,wall-clock exceeded 1380s,,
breast_cancer,breast-cancer,pmlb,pmlb,classification,tabularaml,0,1200,228,58,9,16,7,0.6305595408895265,binary_roc_auc,True,0.659971305595409,-0.04456521739130452,43.440035581588745,0.021231412887573242,52.946245193481445,328.1328125,4,ok,,0.2.0,"{""mode"": ""medium"", ""elapsed_time"": 37.83730125427246, ""n_init_feats"": 9, ""n_added_feats"": 7, ""initial_metric"": null, ""final_metric"": 0.7172950612605785, ""pct_gain"": 0.16238952960431083}"
9977,nomao,openml_task,amlb,classification,autofeat,0,1200,,,,,,,,,,,,,1380,,,timeout,wall-clock exceeded 1380s,,
9977,nomao,openml_task,amlb,classification,autofeat,4,1200,,,,,,,,,,,,,1380,,,timeout,wall-clock exceeded 1380s,,
146824,mfeat-pixel,openml_task,amlb,multiclass,autofeat,3,1200,,,,,,,,,,,,,1380,,,timeout,wall-clock exceeded 1380s,,
146824,mfeat-pixel,openml_task,amlb,multiclass,autofeat,2,1200,,,,,,,,,,,,,1380,,,timeout,wall-clock exceeded 1380s,,
167140,dna,openml_task,amlb,multiclass,openfe,4,1200,,,,,,,,,,,,,1380,,,timeout,wall-clock exceeded 1380s,,
167140,dna,openml_task,amlb,multiclass,featuretools,4,1200,,,,,,,,,,,,,1380,,,timeout,wall-clock exceeded 1380s,,
167140,dna,openml_task,amlb,multiclass,featuretools,2,1200,,,,,,,,,,,,,1380,,,timeout,wall-clock exceeded 1380s,,
167140,dna,openml_task,amlb,multiclass,featuretools,3,1200,,,,,,,,,,,,,1380,,,timeout,wall-clock exceeded 1380s,,
9977,nomao,openml_task,amlb,classification,featuretools,3,1200,,,,,,,,,,,,,1380,,,timeout,wall-clock exceeded 1380s,,
167124,CIFAR_10,openml_task,amlb,multiclass,openfe,3,1200,,,,,,,,,,,,,1380,,,timeout,wall-clock exceeded 1380s,,
9977,nomao,openml_task,amlb,classification,featuretools,0,1200,,,,,,,,,,,,,1380,,,timeout,wall-clock exceeded 1380s,,
mushroom,mushroom,pmlb,pmlb,classification,autofeat,3,1200,,,,,,,,,,,,,1380,,,timeout,wall-clock exceeded 1380s,,
mushroom,mushroom,pmlb,pmlb,classification,autofeat,4,1200,,,,,,,,,,,,,1380,,,timeout,wall-clock exceeded 1380s,,
breast_cancer,breast-cancer,pmlb,pmlb,classification,nofe,4,1200,228,58,9,9,0,0.7166427546628407,binary_roc_auc,True,0.7166427546628407,0.0,0.0029418468475341797,5.793571472167969e-05,3.021653413772583,315.75,10,ok,,1.0.0,{}
breast_cancer,breast-cancer,pmlb,pmlb,classification,nofe,3,1200,228,58,9,9,0,0.7094691535150646,binary_roc_auc,True,0.7094691535150646,0.0,0.0027108192443847656,5.173683166503906e-05,2.6771600246429443,315.4140625,15,ok,,1.0.0,{}
spambase,spambase,pmlb,pmlb,classification,autofeat,0,1200,,,,,,,,,,,,,1380,,,timeout,wall-clock exceeded 1380s,,
spambase,spambase,pmlb,pmlb,classification,autofeat,1,1200,,,,,,,,,,,,,1380,,,timeout,wall-clock exceeded 1380s,,
spambase,spambase,pmlb,pmlb,classification,autofeat,2,1200,,,,,,,,,,,,,1380,,,timeout,wall-clock exceeded 1380s,,
spambase,spambase,pmlb,pmlb,classification,autofeat,3,1200,,,,,,,,,,,,,1380,,,timeout,wall-clock exceeded 1380s,,
titanic,titanic,pmlb,pmlb,classification,nofe,3,1200,1679,420,8,8,0,0.8310118061309031,binary_roc_auc,True,0.8310118061309031,0.0,0.004205226898193359,7.891654968261719e-05,9.369764804840088,319.96875,73,ok,,1.0.0,{}
titanic,titanic,pmlb,pmlb,classification,nofe,2,1200,1679,420,8,8,0,0.7797224523612263,binary_roc_auc,True,0.7797224523612263,0.0,0.010553836822509766,0.0001735687255859375,10.360761404037476,320.16796875,86,ok,,1.0.0,{}
titanic,titanic,pmlb,pmlb,classification,nofe,0,1200,1679,420,8,8,0,0.8354132145816073,binary_roc_auc,True,0.8354132145816073,0.0,0.00599217414855957,0.00013875961303710938,11.177186727523804,319.9609375,125,ok,,1.0.0,{}
titanic,titanic,pmlb,pmlb,classification,featuretools,0,1200,1679,420,8,303,295,0.8025062137531069,binary_roc_auc,True,0.8354132145816073,-0.03939008894536211,0.8769078254699707,0.43398189544677734,10.56709909439087,354.1796875,112,ok,,upstream-1.x,{}
titanic,titanic,pmlb,pmlb,classification,featuretools,3,1200,1679,420,8,303,295,0.8280343827671914,binary_roc_auc,True,0.8310118061309031,-0.0035828893666074338,0.9763960838317871,0.5330555438995361,10.952722311019897,353.83984375,50,ok,,upstream-1.x,{}
titanic,titanic,pmlb,pmlb,classification,featuretools,1,1200,1679,420,8,303,295,0.7983378210439106,binary_roc_auc,True,,,1.152496337890625,0.7609317302703857,11.217478036880493,360.6484375,52,ok,,upstream-1.x,{}
breast_cancer,breast-cancer,pmlb,pmlb,classification,featuretools,2,1200,228,58,9,370,361,0.7173601147776184,binary_roc_auc,True,0.7101865136298422,0.010101010101010137,1.003800868988037,0.5761063098907471,11.834621667861938,342.37890625,49,ok,,upstream-1.x,{}
breast_cancer,breast-cancer,pmlb,pmlb,classification,featuretools,4,1200,228,58,9,369,360,0.7152080344332854,binary_roc_auc,True,0.7166427546628407,-0.0020020020020020406,1.051208257675171,0.5846807956695557,11.584266662597656,343.06640625,57,ok,,upstream-1.x,{}
titanic,titanic,pmlb,pmlb,classification,nofe,1,1200,1679,420,8,8,0,0.8149078293289147,binary_roc_auc,True,0.8149078293289147,0.0,0.005839347839355469,0.00014281272888183594,11.613345861434937,317.76171875,61,ok,,1.0.0,{}
titanic,titanic,pmlb,pmlb,classification,featuretools,2,1200,1679,420,8,303,295,0.7634501864125932,binary_roc_auc,True,0.7797224523612263,-0.02086930535263659,0.8261916637420654,0.4145052433013916,10.869853019714355,360.63671875,69,ok,,upstream-1.x,{}
titanic,titanic,pmlb,pmlb,classification,nofe,4,1200,1679,420,8,8,0,0.8393356462303232,binary_roc_auc,True,0.8393356462303232,0.0,0.0032253265380859375,8.702278137207031e-05,10.303316116333008,315.2890625,53,ok,,1.0.0,{}
breast_cancer,breast-cancer,pmlb,pmlb,classification,autofeat,0,1200,228,58,9,12,3,0.7073170731707317,binary_roc_auc,True,0.659971305595409,0.07173913043478246,60.361703395843506,0.016985177993774414,70.40054440498352,505.53125,22,ok,,upstream-2.1.x,{}
breast_cancer,breast-cancer,pmlb,pmlb,classification,featuretools,3,1200,228,58,9,369,360,0.6700143472022955,binary_roc_auc,True,0.7094691535150646,-0.05561172901921145,0.8590173721313477,0.5814101696014404,11.505028486251831,339.8046875,19,ok,,upstream-1.x,{}
titanic,titanic,pmlb,pmlb,classification,featuretools,4,1200,1679,420,8,303,295,0.8229080364540182,binary_roc_auc,True,0.8393356462303232,-0.019572157872819632,1.0560815334320068,0.4320199489593506,9.904002904891968,358.3515625,50,ok,,upstream-1.x,{}
spambase,spambase,pmlb,pmlb,classification,autofeat,4,1200,,,,,,,,,,,,,1380,,,timeout,wall-clock exceeded 1380s,,
nursery,nursery,pmlb,pmlb,multiclass,nofe,0,1200,10366,2592,8,8,0,0.00201630688812033,categorical_crossentropy,False,0.00201630688812033,-0.0,0.004007577896118164,0.0001366138458251953,18.810497045516968,382.43359375,1998,ok,,1.0.0,{}
breast_cancer,breast-cancer,pmlb,pmlb,classification,autofeat,1,1200,228,58,9,10,1,0.7288378766140603,binary_roc_auc,True,0.7101865136298422,0.026262626262626293,62.875855684280396,0.016559839248657227,65.33198618888855,502.78515625,91,ok,,upstream-2.1.x,{}
nursery,nursery,pmlb,pmlb,multiclass,nofe,3,1200,10366,2592,8,8,0,0.0016397963281700398,categorical_crossentropy,False,0.0016397963281700398,-0.0,0.005009174346923828,0.00016117095947265625,9.53093147277832,380.80078125,1998,ok,,1.0.0,{}
titanic,titanic,pmlb,pmlb,classification,openfe,0,1200,1679,420,8,267,259,0.8183512841756421,binary_roc_auc,True,0.8354132145816073,-0.020423342734062738,15.303744792938232,5.009835243225098,26.170446634292603,358.12109375,70,ok,,upstream-0.0.12,{}
titanic,titanic,pmlb,pmlb,classification,openfe,3,1200,1679,420,8,297,289,0.8325781897265949,binary_roc_auc,True,0.8310118061309031,0.0018849113624326691,21.337024688720703,5.48236870765686,39.51818060874939,363.07421875,75,ok,,upstream-0.0.12,{}
waveform_21,waveform-21,pmlb,pmlb,multiclass,nofe,0,1200,4000,1000,21,21,0,0.3348621394513175,categorical_crossentropy,False,0.3348621394513175,-0.0,0.004064083099365234,0.0001621246337890625,12.327446699142456,336.20703125,170,ok,,1.0.0,{}
sonar,sonar,pmlb,pmlb,classification,tabularaml,2,1200,166,42,60,74,14,0.9386363636363636,binary_roc_auc,True,0.9068181818181817,0.03508771929824566,279.91222858428955,0.03818655014038086,287.25212478637695,232.50390625,226,ok,,0.2.0,"{""mode"": ""medium"", ""elapsed_time"": 273.0949902534485, ""n_init_feats"": 60, ""n_added_feats"": 14, ""initial_metric"": null, ""final_metric"": 0.9160714285714286, ""pct_gain"": 0.04146170016109767}"
nursery,nursery,pmlb,pmlb,multiclass,nofe,4,1200,10366,2592,8,8,0,0.0018223118932558077,categorical_crossentropy,False,0.0018223118932558077,-0.0,0.003014802932739258,7.390975952148438e-05,25.977076530456543,382.4921875,1999,ok,,1.0.0,{}
breast_cancer,breast-cancer,pmlb,pmlb,classification,autofeat,2,1200,228,58,9,12,3,0.7209469153515066,binary_roc_auc,True,0.7101865136298422,0.015151515151515284,55.57011294364929,0.017429590225219727,67.63720440864563,505.875,27,ok,,upstream-2.1.x,{}
sonar,sonar,pmlb,pmlb,classification,tabularaml,3,1200,166,42,60,65,5,0.8818181818181818,binary_roc_auc,True,0.9022727272727273,-0.022670025188916927,151.89170241355896,0.01530146598815918,168.27332305908203,325.53515625,301,ok,,0.2.0,"{""mode"": ""medium"", ""elapsed_time"": 151.66873264312744, ""n_init_feats"": 60, ""n_added_feats"": 5, ""initial_metric"": null, ""final_metric"": 0.9432005494505494, ""pct_gain"": 0.030232557809312686}"
sonar,sonar,pmlb,pmlb,classification,featuretools,4,1200,166,42,60,15397,15337,0.9363636363636363,binary_roc_auc,True,0.9659090909090909,-0.030588235294117756,31.3355770111084,49.32453179359436,142.45458245277405,585.86328125,99,ok,,upstream-1.x,{}
nursery,nursery,pmlb,pmlb,multiclass,nofe,1,1200,10366,2592,8,8,0,0.0019006984625540237,categorical_crossentropy,False,0.0019006984625540237,-0.0,0.004114866256713867,0.00019550323486328125,38.95026445388794,380.90625,1998,ok,,1.0.0,{}
nursery,nursery,pmlb,pmlb,multiclass,featuretools,0,1200,10366,2592,8,304,296,0.0006610285542330748,categorical_crossentropy,False,0.00201630688812033,0.6721587581098291,1.3034274578094482,0.5106356143951416,39.88151144981384,465.34375,1998,ok,,upstream-1.x,{}
sonar,sonar,pmlb,pmlb,classification,tabularaml,1,1200,166,42,60,77,17,1.0,binary_roc_auc,True,0.9840909090909091,0.016166281755196268,318.8477292060852,0.043831825256347656,328.2161650657654,245.828125,428,ok,,0.2.0,"{""mode"": ""medium"", ""elapsed_time"": 308.6237003803253, ""n_init_feats"": 60, ""n_added_feats"": 17, ""initial_metric"": null, ""final_metric"": 0.9421703296703295, ""pct_gain"": 0.04557926778686406}"
waveform_21,waveform-21,pmlb,pmlb,multiclass,nofe,2,1200,4000,1000,21,21,0,0.30287216912338044,categorical_crossentropy,False,0.30287216912338044,-0.0,0.005626201629638672,0.00020122528076171875,5.60499382019043,328.984375,170,ok,,1.0.0,{}
titanic,titanic,pmlb,pmlb,classification,openfe,1,1200,1679,420,8,281,273,0.7871142294946147,binary_roc_auc,True,0.8149078293289147,-0.0341064336775219,17.977646589279175,5.437535524368286,55.840187311172485,360.69140625,80,ok,,upstream-0.0.12,{}
breast_cancer,breast-cancer,pmlb,pmlb,classification,autofeat,4,1200,228,58,9,9,0,0.7166427546628407,binary_roc_auc,True,0.7166427546628407,0.0,66.95364880561829,0.008716344833374023,69.7948567867279,501.57421875,10,ok,,upstream-2.1.x,{}
waveform_21,waveform-21,pmlb,pmlb,multiclass,nofe,1,1200,4000,1000,21,21,0,0.3135777548374608,categorical_crossentropy,False,0.3135777548374608,-0.0,0.003496885299682617,8.559226989746094e-05,26.73125696182251,330.828125,164,ok,,1.0.0,{}
titanic,titanic,pmlb,pmlb,classification,tabularaml,1,1200,1679,420,8,17,9,0.8101698425849213,binary_roc_auc,True,0.8149078293289147,-0.00581413820492457,67.85847544670105,0.0115814208984375,72.15417289733887,332.1875,93,ok,,0.2.0,"{""mode"": ""medium"", ""elapsed_time"": 67.52746343612671, ""n_init_feats"": 8, ""n_added_feats"": 9, ""initial_metric"": null, ""final_metric"": 0.8099118671858989, ""pct_gain"": 0.018672087384240442}"
breast_cancer,breast-cancer,pmlb,pmlb,classification,autofeat,3,1200,228,58,9,12,3,0.7051649928263987,binary_roc_auc,True,0.7094691535150646,-0.006066734074823326,62.53063082695007,0.02275371551513672,71.72742819786072,506.50390625,7,ok,,upstream-2.1.x,{}
nursery,nursery,pmlb,pmlb,multiclass,featuretools,3,1200,10366,2592,8,304,296,0.0005807450197827993,categorical_crossentropy,False,0.0016397963281700398,0.6458432002766512,1.1911518573760986,0.6927595138549805,58.20754933357239,463.73046875,1998,ok,,upstream-1.x,{}
kr_vs_kp,kr-vs-kp,pmlb,pmlb,classification,autofeat,0,1200,,,,,,,,,,,,,1380,,,timeout,wall-clock exceeded 1380s,,
125920,dresses-sales,openml_task,amlb,classification,featuretools,4,1200,400,100,12,,,,,,,,0.4732849597930908,,2.8827199935913086,,,crash,TypeError: boolean value of NA is ambiguous,upstream-1.x,
14954,cylinder-bands,openml_task,amlb,classification,featuretools,4,1200,432,108,35,,,,,,,,,,3.0240421295166016,,,crash,TypeError: boolean value of NA is ambiguous,upstream-1.x,
14954,cylinder-bands,openml_task,amlb,classification,featuretools,2,1200,432,108,35,,,,,,,,,,2.9439949989318848,,,crash,TypeError: boolean value of NA is ambiguous,upstream-1.x,
29,credit-approval,openml_task,amlb,classification,featuretools,2,1200,552,138,15,,,,,,,,0.9235219955444336,,3.0950980186462402,,,crash,TypeError: boolean value of NA is ambiguous,upstream-1.x,
125920,dresses-sales,openml_task,amlb,classification,featuretools,3,1200,400,100,12,,,,,,,,0.5379717350006104,,3.974639892578125,,,crash,TypeError: boolean value of NA is ambiguous,upstream-1.x,
29,credit-approval,openml_task,amlb,classification,featuretools,1,1200,552,138,15,,,,,,,,1.1361942291259766,,4.63034987449646,,,crash,TypeError: boolean value of NA is ambiguous,upstream-1.x,
14954,cylinder-bands,openml_task,amlb,classification,featuretools,1,1200,432,108,35,,,,,,,,,,4.699679374694824,,,crash,TypeError: boolean value of NA is ambiguous,upstream-1.x,
125920,dresses-sales,openml_task,amlb,classification,featuretools,2,1200,400,100,12,,,,,,,,0.5228416919708252,,5.26622748374939,,,crash,TypeError: boolean value of NA is ambiguous,upstream-1.x,
125920,dresses-sales,openml_task,amlb,classification,featuretools,1,1200,400,100,12,,,,,,,,0.7167751789093018,,5.446963548660278,,,crash,TypeError: boolean value of NA is ambiguous,upstream-1.x,
29,credit-approval,openml_task,amlb,classification,featuretools,4,1200,552,138,15,,,,,,,,1.2912023067474365,,5.632599353790283,,,crash,TypeError: boolean value of NA is ambiguous,upstream-1.x,
14954,cylinder-bands,openml_task,amlb,classification,featuretools,0,1200,432,108,35,,,,,,,,,,5.9661760330200195,,,crash,TypeError: boolean value of NA is ambiguous,upstream-1.x,
14954,cylinder-bands,openml_task,amlb,classification,featuretools,3,1200,432,108,35,,,,,,,,,,6.07155179977417,,,crash,TypeError: boolean value of NA is ambiguous,upstream-1.x,
nursery,nursery,pmlb,pmlb,multiclass,nofe,2,1200,10366,2592,8,8,0,0.0015975698045982121,categorical_crossentropy,False,0.0015975698045982121,-0.0,0.004467964172363281,0.0002739429473876953,7.762536525726318,379.1015625,1999,ok,,1.0.0,{}
3904,jm1,openml_task,amlb,classification,featuretools,1,1200,8708,2177,21,,,,,,,,6.308867454528809,,13.087390661239624,,,crash,TypeConversionError: Error converting datatype for uniq_Op from type float64 to type Int64. Please confirm the underlying data is consistent with logical type IntegerNullable.,upstream-1.x,
3904,jm1,openml_task,amlb,classification,featuretools,2,1200,8708,2177,21,,,,,,,,7.072412967681885,,13.656139135360718,,,crash,TypeConversionError: Error converting datatype for uniq_Op from type float64 to type Int64. Please confirm the underlying data is consistent with logical type IntegerNullable.,upstream-1.x,
breast_cancer,breast-cancer,pmlb,pmlb,classification,openfe,3,1200,228,58,9,231,222,0.7109038737446198,binary_roc_auc,True,0.7094691535150646,0.002022244691607723,14.670656442642212,1.852710485458374,19.404359102249146,328.3828125,6,ok,,upstream-0.0.12,{}
breast_cancer,breast-cancer,pmlb,pmlb,classification,openfe,4,1200,228,58,9,213,204,0.6757532281205164,binary_roc_auc,True,0.7166427546628407,-0.05705705705705707,13.610478401184082,1.7720959186553955,19.060476064682007,326.578125,20,ok,,upstream-0.0.12,{}
titanic,titanic,pmlb,pmlb,classification,openfe,4,1200,1679,420,8,302,294,0.8079691383595691,binary_roc_auc,True,0.8393356462303232,-0.03737063713620332,17.641200304031372,5.729182720184326,27.628641605377197,358.19921875,68,ok,,upstream-0.0.12,{}
titanic,titanic,pmlb,pmlb,classification,openfe,2,1200,1679,420,8,312,304,0.7738970588235293,binary_roc_auc,True,0.7797224523612263,-0.007471111701421409,24.176920890808105,6.0322723388671875,35.50026297569275,358.44921875,60,ok,,upstream-0.0.12,{}
waveform_21,waveform-21,pmlb,pmlb,multiclass,nofe,3,1200,4000,1000,21,21,0,0.31825675371600665,categorical_crossentropy,False,0.31825675371600665,-0.0,0.0035905838012695312,0.00032711029052734375,6.404985666275024,331.484375,234,ok,,1.0.0,{}
breast_cancer,breast-cancer,pmlb,pmlb,classification,tabularaml,4,1200,228,58,9,19,10,0.7625538020086083,binary_roc_auc,True,0.7166427546628407,0.06406406406406422,35.836326122283936,0.0232696533203125,40.80313801765442,324.578125,50,ok,,0.2.0,"{""mode"": ""medium"", ""elapsed_time"": 34.7707896232605, ""n_init_feats"": 9, ""n_added_feats"": 10, ""initial_metric"": null, ""final_metric"": 0.7414045724390552, ""pct_gain"": 0.09469502559758941}"
nursery,nursery,pmlb,pmlb,multiclass,featuretools,1,1200,10366,2592,8,304,296,0.0006038770790685304,categorical_crossentropy,False,0.001900698462554,0.682286753545804,1.003105640411377,0.48014307022094727,47.657999992370605,463.76171875,1999,ok,,upstream-1.x,{}
breast_cancer,breast-cancer,pmlb,pmlb,classification,tabularaml,3,1200,228,58,9,16,7,0.6477761836441893,binary_roc_auc,True,0.7094691535150646,-0.08695652173913053,45.78582763671875,0.02518463134765625,49.43243980407715,326.16796875,11,ok,,0.2.0,"{""mode"": ""medium"", ""elapsed_time"": 44.609036922454834, ""n_init_feats"": 9, ""n_added_feats"": 7, ""initial_metric"": null, ""final_metric"": 0.7010041682455477, ""pct_gain"": 0.12075162875665776}"
nursery,nursery,pmlb,pmlb,multiclass,featuretools,2,1200,10366,2592,8,304,296,0.0005153836251603675,categorical_crossentropy,False,0.0015975698045982121,0.6773952388953757,1.5644969940185547,0.8232429027557373,55.45645546913147,462.3984375,1998,ok,,upstream-1.x,{}
breast_cancer,breast-cancer,pmlb,pmlb,classification,tabularaml,2,1200,228,58,9,14,5,0.7374461979913915,binary_roc_auc,True,0.7101865136298422,0.03838383838383818,51.773086071014404,0.027559280395507812,56.62217855453491,322.796875,27,ok,,0.2.0,"{""mode"": ""medium"", ""elapsed_time"": 44.20767521858215, ""n_init_feats"": 9, ""n_added_feats"": 5, ""initial_metric"": null, ""final_metric"": 0.6542377163066819, ""pct_gain"": 0.11208085562262762}"
nursery,nursery,pmlb,pmlb,multiclass,featuretools,4,1200,10366,2592,8,304,296,0.0006378496730847974,categorical_crossentropy,False,0.0018223118932558,0.649977769752029,1.0266740322113037,0.48456788063049316,51.94261574745178,464.62890625,1998,ok,,upstream-1.x,{}
waveform_21,waveform-21,pmlb,pmlb,multiclass,nofe,4,1200,4000,1000,21,21,0,0.32064387792348864,categorical_crossentropy,False,0.32064387792348864,-0.0,0.004575490951538086,0.00034356117248535156,5.544483423233032,328.43359375,151,ok,,1.0.0,{}
titanic,titanic,pmlb,pmlb,classification,tabularaml,0,1200,1679,420,8,11,3,0.8317496893123446,binary_roc_auc,True,0.8354132145816073,-0.004385285275978661,89.95199966430664,0.006269693374633789,94.24311637878418,329.7734375,62,ok,,0.2.0,"{""mode"": ""medium"", ""elapsed_time"": 89.6192262172699, ""n_init_feats"": 8, ""n_added_feats"": 3, ""initial_metric"": null, ""final_metric"": 0.7938693038190886, ""pct_gain"": 0.006045309099151326}"
car_evaluation,car-evaluation,pmlb,pmlb,multiclass,nofe,0,1200,1382,346,6,6,0,0.025830334467827405,categorical_crossentropy,False,0.025830334467827405,-0.0,0.0020656585693359375,5.9604644775390625e-05,7.185816764831543,352.078125,1314,ok,,1.0.0,{}
ionosphere,ionosphere,pmlb,pmlb,classification,tabularaml,1,1200,280,71,33,37,4,0.9669565217391305,binary_roc_auc,True,0.9704347826086956,-0.0035842293906809372,114.80033159255981,0.014005422592163086,117.66960406303406,326.11328125,104,ok,,0.2.0,"{""mode"": ""medium"", ""elapsed_time"": 114.4694516658783, ""n_init_feats"": 33, ""n_added_feats"": 4, ""initial_metric"": null, ""final_metric"": 0.9781360756689704, ""pct_gain"": 0.027448194777333887}"
14954,cylinder-bands,openml_task,amlb,classification,featuretools,0,1200,432,108,35,,,,,,,,,,3.401620388031006,,,crash,TypeError: boolean value of NA is ambiguous,upstream-1.x,
125920,dresses-sales,openml_task,amlb,classification,featuretools,1,1200,400,100,12,,,,,,,,0.4242591857910156,,2.9830052852630615,,,crash,TypeError: boolean value of NA is ambiguous,upstream-1.x,
14954,cylinder-bands,openml_task,amlb,classification,featuretools,4,1200,432,108,35,,,,,,,,,,3.221879720687866,,,crash,TypeError: boolean value of NA is ambiguous,upstream-1.x,
29,credit-approval,openml_task,amlb,classification,featuretools,1,1200,552,138,15,,,,,,,,0.8287994861602783,,3.405303955078125,,,crash,TypeError: boolean value of NA is ambiguous,upstream-1.x,
14954,cylinder-bands,openml_task,amlb,classification,featuretools,3,1200,432,108,35,,,,,,,,,,3.307328939437866,,,crash,TypeError: boolean value of NA is ambiguous,upstream-1.x,
14954,cylinder-bands,openml_task,amlb,classification,featuretools,1,1200,432,108,35,,,,,,,,,,3.558847665786743,,,crash,TypeError: boolean value of NA is ambiguous,upstream-1.x,
29,credit-approval,openml_task,amlb,classification,featuretools,2,1200,552,138,15,,,,,,,,0.8026232719421387,,3.349966287612915,,,crash,TypeError: boolean value of NA is ambiguous,upstream-1.x,
125920,dresses-sales,openml_task,amlb,classification,featuretools,2,1200,400,100,12,,,,,,,,0.6831357479095459,,3.7654428482055664,,,crash,TypeError: boolean value of NA is ambiguous,upstream-1.x,
14954,cylinder-bands,openml_task,amlb,classification,featuretools,2,1200,432,108,35,,,,,,,,,,4.069497346878052,,,crash,TypeError: boolean value of NA is ambiguous,upstream-1.x,
125920,dresses-sales,openml_task,amlb,classification,featuretools,3,1200,400,100,12,,,,,,,,0.7171978950500488,,4.79106068611145,,,crash,TypeError: boolean value of NA is ambiguous,upstream-1.x,
125920,dresses-sales,openml_task,amlb,classification,featuretools,4,1200,400,100,12,,,,,,,,0.6911435127258301,,4.9894914627075195,,,crash,TypeError: boolean value of NA is ambiguous,upstream-1.x,
29,credit-approval,openml_task,amlb,classification,featuretools,4,1200,552,138,15,,,,,,,,1.3581445217132568,,5.116833925247192,,,crash,TypeError: boolean value of NA is ambiguous,upstream-1.x,
3904,jm1,openml_task,amlb,classification,featuretools,2,1200,8708,2177,21,,,,,,,,6.598376035690308,,12.166391372680664,,,crash,TypeConversionError: Error converting datatype for uniq_Op from type float64 to type Int64. Please confirm the underlying data is consistent with logical type IntegerNullable.,upstream-1.x,
3904,jm1,openml_task,amlb,classification,featuretools,1,1200,8708,2177,21,,,,,,,,6.555917978286743,,12.597419738769531,,,crash,TypeConversionError: Error converting datatype for uniq_Op from type float64 to type Int64. Please confirm the underlying data is consistent with logical type IntegerNullable.,upstream-1.x,
car_evaluation,car-evaluation,pmlb,pmlb,multiclass,openfe,0,1200,1382,346,6,174,168,0.11279247663914527,categorical_crossentropy,False,0.0258303344678274,-3.3666672911120186,19.163562297821045,2.3805418014526367,26.6971595287323,346.3984375,378,ok,,upstream-0.0.12,{}
car_evaluation,car-evaluation,pmlb,pmlb,multiclass,featuretools,0,1200,1382,346,6,174,168,0.013252851680075332,categorical_crossentropy,False,0.0258303344678274,0.4869268264186733,0.4733140468597412,0.42690563201904297,5.114330291748047,351.34375,611,ok,,upstream-1.x,{}
sonar,sonar,pmlb,pmlb,classification,featuretools,3,1200,166,42,60,15420,15360,0.8977272727272727,binary_roc_auc,True,0.9022727272727272,-0.005037783375314833,26.830604314804077,36.04346990585327,140.55962896347046,666.54296875,274,ok,,upstream-1.x,{}
waveform_21,waveform-21,pmlb,pmlb,multiclass,featuretools,4,1200,4000,1000,21,2179,2158,0.3165959594692104,categorical_crossentropy,False,0.3206438779234886,0.012624343494386368,4.182649850845337,4.754122495651245,137.94349002838135,671.796875,105,ok,,upstream-1.x,{}
car_evaluation,car-evaluation,pmlb,pmlb,multiclass,nofe,1,1200,1382,346,6,6,0,0.02345122158893638,categorical_crossentropy,False,0.02345122158893638,-0.0,0.0019576549530029297,5.173683166503906e-05,4.171349048614502,353.0859375,1463,ok,,1.0.0,{}
waveform_21,waveform-21,pmlb,pmlb,multiclass,featuretools,0,1200,4000,1000,21,2177,2156,0.3290700696837157,categorical_crossentropy,False,0.3348621394513175,0.01729687858141343,3.2575933933258057,3.6376795768737793,150.67334842681885,668.640625,124,ok,,upstream-1.x,{}
titanic,titanic,pmlb,pmlb,classification,tabularaml,2,1200,1679,420,8,17,9,0.7718516984258492,binary_roc_auc,True,0.7797224523612263,-0.010094302032142502,147.24001049995422,0.022599458694458008,150.91719579696655,336.8125,107,ok,,0.2.0,"{""mode"": ""medium"", ""elapsed_time"": 146.74504971504211, ""n_init_feats"": 8, ""n_added_feats"": 9, ""initial_metric"": null, ""final_metric"": 0.8118842171014746, ""pct_gain"": 0.004021100787201914}"
car_evaluation,car-evaluation,pmlb,pmlb,multiclass,featuretools,1,1200,1382,346,6,174,168,0.012327762614355862,categorical_crossentropy,False,0.02345122158893638,0.4743232216025902,0.7144150733947754,0.639824390411377,7.517169952392578,356.3828125,668,ok,,upstream-1.x,{}
sonar,sonar,pmlb,pmlb,classification,openfe,4,1200,166,42,60,3090,3030,0.9272727272727272,binary_roc_auc,True,0.9659090909090908,-0.039999999999999945,123.90474939346313,21.761775016784668,164.09595489501953,418.3203125,130,ok,,upstream-0.0.12,{}
titanic,titanic,pmlb,pmlb,classification,tabularaml,3,1200,1679,420,8,14,6,0.8264550538525268,binary_roc_auc,True,0.8310118061309031,-0.005483378508895062,167.71307849884033,0.018163204193115234,170.53460240364075,333.84375,102,ok,,0.2.0,"{""mode"": ""medium"", ""elapsed_time"": 167.2195327281952, ""n_init_feats"": 8, ""n_added_feats"": 6, ""initial_metric"": null, ""final_metric"": 0.8057611581217852, ""pct_gain"": 0.0192071340294923}"
car_evaluation,car-evaluation,pmlb,pmlb,multiclass,nofe,2,1200,1382,346,6,6,0,0.029940057632499857,categorical_crossentropy,False,0.029940057632499857,-0.0,0.007586002349853516,0.00012540817260742188,7.386059522628784,352.765625,1449,ok,,1.0.0,{}
nursery,nursery,pmlb,pmlb,multiclass,openfe,4,1200,10366,2592,8,316,308,0.028699622342978712,categorical_crossentropy,False,0.0018223118932558,-14.749017744543753,126.68583989143372,15.178356647491455,176.43874645233154,479.07421875,637,ok,,upstream-0.0.12,{}
car_evaluation,car-evaluation,pmlb,pmlb,multiclass,openfe,1,1200,1382,346,6,173,167,0.12497870105159242,categorical_crossentropy,False,0.02345122158893638,-4.329304513098534,21.01122498512268,2.8238680362701416,28.235921621322632,344.16015625,164,ok,,upstream-0.0.12,{}
nursery,nursery,pmlb,pmlb,multiclass,openfe,0,1200,10366,2592,8,300,292,0.004411365691443273,categorical_crossentropy,False,0.0020163068881203,-1.1878443789654285,102.23945665359497,12.707736730575562,181.20783114433289,517.68359375,1997,ok,,upstream-0.0.12,{}
nursery,nursery,pmlb,pmlb,multiclass,openfe,1,1200,10366,2592,8,308,300,0.001947788998325311,categorical_crossentropy,False,0.001900698462554,-0.024775384785672278,126.3491542339325,13.194519758224487,181.7255368232727,519.484375,809,ok,,upstream-0.0.12,{}
car_evaluation,car-evaluation,pmlb,pmlb,multiclass,featuretools,2,1200,1382,346,6,174,168,0.015454680978685199,categorical_crossentropy,False,0.029940057632499857,0.48381258418456813,0.6497154235839844,0.5511300563812256,9.033227443695068,357.43359375,600,ok,,upstream-1.x,{}
car_evaluation,car-evaluation,pmlb,pmlb,multiclass,nofe,3,1200,1382,346,6,6,0,0.030110992895409618,categorical_crossentropy,False,0.030110992895409618,-0.0,0.0039865970611572266,7.843971252441406e-05,3.9756457805633545,345.87890625,1061,ok,,1.0.0,{}
titanic,titanic,pmlb,pmlb,classification,tabularaml,4,1200,1679,420,8,16,8,0.8387789975144988,binary_roc_auc,True,0.8393356462303232,-0.0006632015670065346,181.5118350982666,0.01163625717163086,190.62085556983948,338.37890625,72,ok,,0.2.0,"{""mode"": ""medium"", ""elapsed_time"": 181.14114785194397, ""n_init_feats"": 8, ""n_added_feats"": 8, ""initial_metric"": null, ""final_metric"": 0.8133600269376042, ""pct_gain"": 0.010942508794165284}"
waveform_21,waveform-21,pmlb,pmlb,multiclass,featuretools,1,1200,4000,1000,21,2177,2156,0.3169500729923602,categorical_crossentropy,False,0.3135777548374608,-0.010754328401411675,4.472898960113525,6.115957021713257,192.20158052444458,668.9296875,150,ok,,upstream-1.x,{}
nursery,nursery,pmlb,pmlb,multiclass,openfe,2,1200,10366,2592,8,315,307,0.001815827313112652,categorical_crossentropy,False,0.0015975698045982,-0.13661844877529175,128.8701024055481,13.639942407608032,192.2867136001587,527.671875,1054,ok,,upstream-0.0.12,{}
car_evaluation,car-evaluation,pmlb,pmlb,multiclass,featuretools,3,1200,1382,346,6,174,168,0.01927289223741391,categorical_crossentropy,False,0.030110992895409618,0.3599383353329395,0.6700410842895508,0.8052635192871094,7.61783504486084,355.23046875,714,ok,,upstream-1.x,{}
car_evaluation,car-evaluation,pmlb,pmlb,multiclass,openfe,2,1200,1382,346,6,181,175,0.0814798340780132,categorical_crossentropy,False,0.029940057632499857,-1.721432105380019,23.687692880630493,2.633816957473755,32.987021684646606,349.08984375,306,ok,,upstream-0.0.12,{}
car_evaluation,car-evaluation,pmlb,pmlb,multiclass,tabularaml,0,1200,1382,346,6,13,7,0.011106616915338105,categorical_crossentropy,False,0.0258303344678274,0.5700165273054519,141.85348773002625,0.012646913528442383,147.33299279212952,379.1640625,1999,ok,,0.2.0,"{""mode"": ""medium"", ""elapsed_time"": 140.53924250602722, ""n_init_feats"": 6, ""n_added_feats"": 7, ""initial_metric"": null, ""final_metric"": 0.011597480430679485, ""pct_gain"": 0.6839018064438415}"
car_evaluation,car-evaluation,pmlb,pmlb,multiclass,nofe,4,1200,1382,346,6,6,0,0.01864907821928497,categorical_crossentropy,False,0.01864907821928497,-0.0,0.002492666244506836,6.318092346191406e-05,11.95320177078247,367.58203125,1999,ok,,1.0.0,{}
car_evaluation,car-evaluation,pmlb,pmlb,multiclass,featuretools,4,1200,1382,346,6,174,168,0.0075233945507072065,categorical_crossentropy,False,0.01864907821928497,0.5965808892941807,0.6471869945526123,0.5957529544830322,9.52096939086914,369.41796875,1529,ok,,upstream-1.x,{}
car_evaluation,car-evaluation,pmlb,pmlb,multiclass,openfe,3,1200,1382,346,6,175,169,0.11813974152839805,categorical_crossentropy,False,0.030110992895409618,-2.923475454255389,21.47795557975769,2.4890406131744385,31.0537748336792,346.48046875,311,ok,,upstream-0.0.12,{}
sonar,sonar,pmlb,pmlb,classification,tabularaml,4,1200,166,42,60,67,7,0.9409090909090909,binary_roc_auc,True,0.9659090909090908,-0.02588235294117638,214.79531264305115,0.02002429962158203,218.48046255111694,329.61328125,115,ok,,0.2.0,"{""mode"": ""medium"", ""elapsed_time"": 214.59047174453735, ""n_init_feats"": 60, ""n_added_feats"": 7, ""initial_metric"": null, ""final_metric"": 0.9401785714285715, ""pct_gain"": 0.06421519013062818}"
waveform_21,waveform-21,pmlb,pmlb,multiclass,featuretools,2,1200,4000,1000,21,2178,2157,0.29687122045154685,categorical_crossentropy,False,0.3028721691233804,0.01981347011579973,5.293941259384155,5.676633358001709,214.25051021575928,670.72265625,135,ok,,upstream-1.x,{}
car_evaluation,car-evaluation,pmlb,pmlb,multiclass,openfe,4,1200,1382,346,6,173,167,0.06949017159916687,categorical_crossentropy,False,0.01864907821928497,-2.7261987312223956,22.990044593811035,2.234987735748291,29.588425159454346,342.875,224,ok,,upstream-0.0.12,{}
nursery,nursery,pmlb,pmlb,multiclass,openfe,3,1200,10366,2592,8,323,315,0.026501079317168618,categorical_crossentropy,False,0.00163979632817,-15.161201767504636,134.26850295066833,13.656050682067871,251.35594391822815,531.6953125,1455,ok,,upstream-0.0.12,{}
car_evaluation,car-evaluation,pmlb,pmlb,multiclass,tabularaml,3,1200,1382,346,6,13,7,0.01548911997237894,categorical_crossentropy,False,0.030110992895409618,0.4855991622003193,79.49070715904236,0.01629352569580078,85.43709588050842,345.87109375,603,ok,,0.2.0,"{""mode"": ""medium"", ""elapsed_time"": 78.10662388801575, ""n_init_feats"": 6, ""n_added_feats"": 7, ""initial_metric"": null, ""final_metric"": 0.01684430271966897, ""pct_gain"": 0.599048641957763}"
waveform_21,waveform-21,pmlb,pmlb,multiclass,featuretools,3,1200,4000,1000,21,2179,2158,0.31916521161119454,categorical_crossentropy,False,0.3182567537160066,-0.002854481121235236,5.2089409828186035,4.727301597595215,272.28087162971497,668.03125,174,ok,,upstream-1.x,{}
letter,letter,pmlb,pmlb,multiclass,nofe,0,1200,16000,4000,16,16,0,0.1144544498559661,categorical_crossentropy,False,0.1144544498559661,-0.0,0.0081787109375,0.0009837150573730469,76.04116654396057,646.48828125,1627,ok,,1.0.0,{}
letter,letter,pmlb,pmlb,multiclass,nofe,1,1200,16000,4000,16,16,0,0.121318590357945,categorical_crossentropy,False,0.121318590357945,-0.0,0.009521722793579102,0.0009961128234863281,61.80416417121887,555.05859375,1035,ok,,1.0.0,{}
waveform_21,waveform-21,pmlb,pmlb,multiclass,openfe,1,1200,4000,1000,21,1404,1383,0.31899285163753666,categorical_crossentropy,False,0.3135777548374608,-0.017268753017517763,126.26938915252686,11.506446838378906,295.0610513687134,549.15234375,126,ok,,upstream-0.0.12,{}
146821,car,openml_task,amlb,multiclass,tabularaml,2,1200,1382,346,6,,,,,,,,,,300.1203889846802,,,crash,ValueError: X does not contain the columns listed in cols,0.2.0,
car_evaluation,car-evaluation,pmlb,pmlb,multiclass,tabularaml,2,1200,1382,346,6,13,7,0.01801054681096398,categorical_crossentropy,False,0.029940057632499857,0.3984464882454476,119.98023819923401,0.015679359436035156,127.54135942459106,380.3515625,1983,ok,,0.2.0,"{""mode"": ""medium"", ""elapsed_time"": 118.56861209869385, ""n_init_feats"": 6, ""n_added_feats"": 7, ""initial_metric"": null, ""final_metric"": 0.0102998888542268, ""pct_gain"": 0.6938500592153428}"
waveform_21,waveform-21,pmlb,pmlb,multiclass,openfe,0,1200,4000,1000,21,1412,1391,0.3287942468649708,categorical_crossentropy,False,0.3348621394513175,0.01812056924765861,127.0534417629242,11.268568992614746,310.22980523109436,615.484375,125,ok,,upstream-0.0.12,{}
146821,car,openml_task,amlb,multiclass,tabularaml,0,1200,1382,346,6,,,,,,,,,,323.1565454006195,,,crash,ValueError: X does not contain the columns listed in cols,0.2.0,
car_evaluation,car-evaluation,pmlb,pmlb,multiclass,tabularaml,4,1200,1382,346,6,13,7,0.010478537729558764,categorical_crossentropy,False,0.01864907821928497,0.43812033997889877,121.47154974937439,0.013012170791625977,126.55501461029053,378.16796875,1865,ok,,0.2.0,"{""mode"": ""medium"", ""elapsed_time"": 120.07463812828064, ""n_init_feats"": 6, ""n_added_feats"": 7, ""initial_metric"": null, ""final_metric"": 0.010649632170073932, ""pct_gain"": 0.6594745612096522}"
waveform_21,waveform-21,pmlb,pmlb,multiclass,openfe,3,1200,4000,1000,21,1391,1370,0.315134363433579,categorical_crossentropy,False,0.3182567537160066,0.009810916016612948,123.02817344665527,10.820296049118042,329.62656903266907,610.65625,158,ok,,upstream-0.0.12,{}
waveform_21,waveform-21,pmlb,pmlb,multiclass,openfe,4,1200,4000,1000,21,1383,1362,0.3167552280216478,categorical_crossentropy,False,0.3206438779234886,0.012127628717017615,123.37012815475464,10.623735189437866,329.43226313591003,610.8671875,108,ok,,upstream-0.0.12,{}
sonar,sonar,pmlb,pmlb,classification,tabularaml,0,1200,166,42,60,76,16,0.9454545454545454,binary_roc_auc,True,0.95,-0.004784688995215284,342.6423795223236,0.03980398178100586,346.42554235458374,330.640625,63,ok,,0.2.0,"{""mode"": ""medium"", ""elapsed_time"": 332.1698236465454, ""n_init_feats"": 60, ""n_added_feats"": 16, ""initial_metric"": null, ""final_metric"": 0.9493131868131869, ""pct_gain"": 0.010971328145302495}"
waveform_21,waveform-21,pmlb,pmlb,multiclass,openfe,2,1200,4000,1000,21,1396,1375,0.29849218392721377,categorical_crossentropy,False,0.3028721691233804,0.014461497762715691,128.72053956985474,12.342029809951782,349.75230598449707,529.1484375,128,ok,,upstream-0.0.12,{}
letter,letter,pmlb,pmlb,multiclass,nofe,3,1200,16000,4000,16,16,0,0.11147865348353861,categorical_crossentropy,False,0.11147865348353861,-0.0,0.008197784423828125,0.000835418701171875,53.05540609359741,542.90625,946,ok,,1.0.0,{}
letter,letter,pmlb,pmlb,multiclass,nofe,2,1200,16000,4000,16,16,0,0.11872570477697286,categorical_crossentropy,False,0.11872570477697286,-0.0,0.010280132293701172,0.001422882080078125,83.25141406059265,647.53125,1660,ok,,1.0.0,{}
letter,letter,pmlb,pmlb,multiclass,nofe,4,1200,16000,4000,16,16,0,0.11902175575975389,categorical_crossentropy,False,0.11902175575975389,-0.0,0.006752729415893555,0.0007486343383789062,47.18903994560242,535.03515625,890,ok,,1.0.0,{}
titanic,titanic,pmlb,pmlb,classification,autofeat,3,1200,1679,420,8,17,9,0.8330960024855013,binary_roc_auc,True,0.8310118061309031,0.002508022556625284,479.85887908935547,0.022964000701904297,483.37704944610596,519.12109375,93,ok,,upstream-2.1.x,{}
satimage,satimage,pmlb,pmlb,multiclass,nofe,0,1200,5148,1287,36,36,0,0.24482146764521834,categorical_crossentropy,False,0.24482146764521834,-0.0,0.005493879318237305,0.0006515979766845703,9.887628555297852,355.6484375,295,ok,,1.0.0,{}
car_evaluation,car-evaluation,pmlb,pmlb,multiclass,tabularaml,1,1200,1382,346,6,10,4,0.017046401113325078,categorical_crossentropy,False,0.02345122158893638,0.2731124453931609,349.91553807258606,0.010587930679321289,354.6489055156708,381.58984375,1687,ok,,0.2.0,"{""mode"": ""medium"", ""elapsed_time"": 348.5198655128479, ""n_init_feats"": 6, ""n_added_feats"": 4, ""initial_metric"": null, ""final_metric"": 0.014781095779603293, ""pct_gain"": 0.3233695828056477}"
nursery,nursery,pmlb,pmlb,multiclass,tabularaml,1,1200,10366,2592,8,17,9,0.0014233484187246605,categorical_crossentropy,False,0.001900698462554,0.2511445414586785,501.1162214279175,0.02186751365661621,517.2782144546509,400.90234375,1999,ok,,0.2.0,"{""mode"": ""medium"", ""elapsed_time"": 495.73816871643066, ""n_init_feats"": 8, ""n_added_feats"": 9, ""initial_metric"": null, ""final_metric"": 0.006315103478113232, ""pct_gain"": 0.24919429031592136}"
titanic,titanic,pmlb,pmlb,classification,autofeat,1,1200,1679,420,8,15,7,0.8168107912178958,binary_roc_auc,True,0.8149078293289147,0.0023351866560764314,566.2171127796173,0.020830869674682617,569.6990349292755,519.54296875,75,ok,,upstream-2.1.x,{}
146821,car,openml_task,amlb,multiclass,tabularaml,4,1200,1382,346,6,,,,,,,,,,582.4703712463379,,,crash,ValueError: X does not contain the columns listed in cols,0.2.0,
satimage,satimage,pmlb,pmlb,multiclass,nofe,1,1200,5148,1287,36,36,0,0.2186751308897845,categorical_crossentropy,False,0.2186751308897845,-0.0,0.005618095397949219,0.000370025634765625,6.014356374740601,346.52734375,238,ok,,1.0.0,{}
titanic,titanic,pmlb,pmlb,classification,autofeat,2,1200,1679,420,8,14,6,0.7840979701739851,binary_roc_auc,True,0.7797224523612263,0.005611635011289543,596.325677394867,0.01828455924987793,600.1399350166321,519.98046875,75,ok,,upstream-2.1.x,{}
titanic,titanic,pmlb,pmlb,classification,autofeat,0,1200,1679,420,8,17,9,0.8088753106876554,binary_roc_auc,True,0.8354132145816073,-0.03176620076238881,635.7495164871216,0.03125286102294922,638.2081508636475,519.890625,81,ok,,upstream-2.1.x,{}
titanic,titanic,pmlb,pmlb,classification,autofeat,4,1200,1679,420,8,18,10,0.8309859154929577,binary_roc_auc,True,0.8393356462303232,-0.00994802350509749,709.3963527679443,0.03723788261413574,712.6930994987488,522.0390625,109,ok,,upstream-2.1.x,{}
nursery,nursery,pmlb,pmlb,multiclass,tabularaml,2,1200,10366,2592,8,16,8,0.0011032409358048374,categorical_crossentropy,False,0.0015975698045982,0.3094255207944981,713.4364728927612,0.01850724220275879,727.6989076137543,419.078125,1996,ok,,0.2.0,"{""mode"": ""medium"", ""elapsed_time"": 708.1980743408203, ""n_init_feats"": 8, ""n_added_feats"": 8, ""initial_metric"": null, ""final_metric"": 0.0029888415325445847, ""pct_gain"": 0.6720506447957711}"
satimage,satimage,pmlb,pmlb,multiclass,nofe,2,1200,5148,1287,36,36,0,0.21480080033690702,categorical_crossentropy,False,0.21480080033690702,-0.0,0.007461071014404297,0.0006847381591796875,6.582637071609497,345.23828125,248,ok,,1.0.0,{}
146821,car,openml_task,amlb,multiclass,tabularaml,3,1200,1382,346,6,,,,,,,,,,802.1981246471405,,,crash,ValueError: X does not contain the columns listed in cols,0.2.0,
nursery,nursery,pmlb,pmlb,multiclass,tabularaml,4,1200,10366,2592,8,16,8,0.0012750761263472562,categorical_crossentropy,False,0.0018223118932558,0.30029753355274164,872.3186936378479,0.015119791030883789,885.4473307132721,428.0703125,1999,ok,,0.2.0,"{""mode"": ""medium"", ""elapsed_time"": 867.2187144756317, ""n_init_feats"": 8, ""n_added_feats"": 8, ""initial_metric"": null, ""final_metric"": 0.003796200241245369, ""pct_gain"": 0.5710039561538124}"
146821,car,openml_task,amlb,multiclass,tabularaml,1,1200,1382,346,6,,,,,,,,,,908.7471897602081,,,crash,ValueError: X does not contain the columns listed in cols,0.2.0,
nursery,nursery,pmlb,pmlb,multiclass,tabularaml,3,1200,10366,2592,8,13,5,0.0015616068896871114,categorical_crossentropy,False,0.00163979632817,0.04768240856481699,909.852924823761,0.016875743865966797,924.6049165725708,414.89453125,1998,ok,,0.2.0,"{""mode"": ""medium"", ""elapsed_time"": 904.4861149787903, ""n_init_feats"": 8, ""n_added_feats"": 5, ""initial_metric"": null, ""final_metric"": 0.006414305352993132, ""pct_gain"": 0.24109106231760022}"
nursery,nursery,pmlb,pmlb,multiclass,tabularaml,0,1200,10366,2592,8,14,6,0.0012827165394987117,categorical_crossentropy,False,0.0020163068881203,0.36382871721748516,914.721296787262,0.015924692153930664,926.5150756835938,402.28515625,1998,ok,,0.2.0,"{""mode"": ""medium"", ""elapsed_time"": 910.8383440971375, ""n_init_feats"": 8, ""n_added_feats"": 6, ""initial_metric"": null, ""final_metric"": 0.004275147369900122, ""pct_gain"": 0.5607044900113495}"
waveform_21,waveform-21,pmlb,pmlb,multiclass,tabularaml,3,1200,4000,1000,21,30,9,0.3176161648486741,categorical_crossentropy,False,0.3182567537160066,0.0020128052581850457,914.5154774188995,0.016749858856201172,921.3249490261078,361.93359375,180,ok,,0.2.0,"{""mode"": ""medium"", ""elapsed_time"": 907.7764723300934, ""n_init_feats"": 21, ""n_added_feats"": 9, ""initial_metric"": null, ""final_metric"": 0.38622283312816724, ""pct_gain"": 0.04084319574486006}"
car_evaluation,car-evaluation,pmlb,pmlb,multiclass,autofeat,0,1200,1382,346,6,16,10,0.013431780896151217,categorical_crossentropy,False,0.0258303344678274,0.4799997300506899,908.6899743080139,0.0299074649810791,912.8231420516968,551.96875,1206,ok,,upstream-2.1.x,{}
satimage,satimage,pmlb,pmlb,multiclass,nofe,3,1200,5148,1287,36,36,0,0.25625222741413906,categorical_crossentropy,False,0.25625222741413906,-0.0,0.008819818496704102,0.0006544589996337891,6.077756643295288,343.33984375,220,ok,,1.0.0,{}
waveform_21,waveform-21,pmlb,pmlb,multiclass,tabularaml,0,1200,4000,1000,21,26,5,0.3367020181475673,categorical_crossentropy,False,0.3348621394513175,-0.005494436305234441,928.4639472961426,0.014889240264892578,937.4291145801544,356.7578125,153,ok,,0.2.0,"{""mode"": ""medium"", ""elapsed_time"": 921.2391347885132, ""n_init_feats"": 21, ""n_added_feats"": 5, ""initial_metric"": null, ""final_metric"": 0.3920565879028368, ""pct_gain"": 0.008224131305251674}"
waveform_21,waveform-21,pmlb,pmlb,multiclass,tabularaml,4,1200,4000,1000,21,27,6,0.3261023445725441,categorical_crossentropy,False,0.3206438779234886,-0.01702345506923421,928.1703777313232,0.01585221290588379,934.6171917915344,359.34765625,135,ok,,0.2.0,"{""mode"": ""medium"", ""elapsed_time"": 920.9208514690399, ""n_init_feats"": 21, ""n_added_feats"": 6, ""initial_metric"": null, ""final_metric"": 0.376177399603437, ""pct_gain"": 0.0699187740876271}"
satimage,satimage,pmlb,pmlb,multiclass,nofe,4,1200,5148,1287,36,36,0,0.2347972357686946,categorical_crossentropy,False,0.2347972357686946,-0.0,0.0046291351318359375,0.0003991127014160156,6.0589563846588135,341.76953125,232,ok,,1.0.0,{}
car_evaluation,car-evaluation,pmlb,pmlb,multiclass,autofeat,1,1200,1382,346,6,17,11,0.013787542149437896,categorical_crossentropy,False,0.02345122158893638,0.4120757378394963,822.8444664478302,0.02778458595275879,826.518815279007,540.65234375,679,ok,,upstream-2.1.x,{}
waveform_21,waveform-21,pmlb,pmlb,multiclass,tabularaml,2,1200,4000,1000,21,28,7,0.3023220181472134,categorical_crossentropy,False,0.3028721691233804,0.0018164461190321311,996.503289937973,0.025435447692871094,1004.0168404579163,358.0,177,ok,,0.2.0,"{""mode"": ""medium"", ""elapsed_time"": 919.1616611480713, ""n_init_feats"": 21, ""n_added_feats"": 7, ""initial_metric"": null, ""final_metric"": 0.39651798448355513, ""pct_gain"": 0.008985786327758922}"
car_evaluation,car-evaluation,pmlb,pmlb,multiclass,autofeat,2,1200,1382,346,6,17,11,0.015804835967865385,categorical_crossentropy,False,0.029940057632499857,0.47211738327753666,854.5512509346008,0.026215553283691406,858.8447437286377,553.4765625,1203,ok,,upstream-2.1.x,{}
waveform_21,waveform-21,pmlb,pmlb,multiclass,tabularaml,1,1200,4000,1000,21,32,11,0.3200968072914984,categorical_crossentropy,False,0.3135777548374608,-0.020789269498458784,1043.157098531723,0.023914337158203125,1050.6578605175018,354.94921875,165,ok,,0.2.0,"{""mode"": ""medium"", ""elapsed_time"": 919.8656249046326, ""n_init_feats"": 21, ""n_added_feats"": 11, ""initial_metric"": null, ""final_metric"": 0.4014427880175348, ""pct_gain"": 0.014970814481108631}"
shuttle,shuttle,pmlb,pmlb,multiclass,openfe,0,1200,46400,11600,9,,,,,,,,,,3.8882579803466797,,,crash,RuntimeError: OpenFE called exit() internally (multiclass LightGBM error): None,upstream-0.0.12,
shuttle,shuttle,pmlb,pmlb,multiclass,nofe,0,1200,46400,11600,9,9,0,0.0006209408156106941,categorical_crossentropy,False,0.0006209408156106941,-0.0,0.012171745300292969,0.0012249946594238281,31.26037049293518,395.89453125,1158,ok,,1.0.0,{}
satimage,satimage,pmlb,pmlb,multiclass,featuretools,0,1200,5148,1287,36,6444,6408,0.2618336349436901,categorical_crossentropy,False,0.24482146764521834,-0.06948805373197442,14.170199632644653,14.715508937835693,557.8845293521881,951.68359375,156,ok,,upstream-1.x,{}
shuttle,shuttle,pmlb,pmlb,multiclass,tabularaml,0,1200,46400,11600,9,,,,,,,,,,5.687065601348877,,,crash,ValueError: y contains previously unseen labels: [5],0.2.0,
shuttle,shuttle,pmlb,pmlb,multiclass,nofe,1,1200,46400,11600,9,9,0,8.89228086881805e-05,categorical_crossentropy,False,8.89228086881805e-05,-0.0,0.013759136199951172,0.0011184215545654297,20.135322093963623,378.60546875,813,ok,,1.0.0,{}
shuttle,shuttle,pmlb,pmlb,multiclass,openfe,1,1200,46400,11600,9,,,,,,,,,,4.08678412437439,,,crash,RuntimeError: OpenFE called exit() internally (multiclass LightGBM error): None,upstream-0.0.12,
car_evaluation,car-evaluation,pmlb,pmlb,multiclass,autofeat,3,1200,1382,346,6,17,11,0.02707224550908773,categorical_crossentropy,False,0.030110992895409618,0.10091820608098055,985.2736611366272,0.037911176681518555,988.7470989227295,535.63671875,403,ok,,upstream-2.1.x,{}
shuttle,shuttle,pmlb,pmlb,multiclass,featuretools,0,1200,46400,11600,9,385,376,0.00019201246479787155,categorical_crossentropy,False,0.0006209408156106941,0.6907717129062813,2.8721888065338135,1.2012710571289062,107.91392302513123,805.9140625,517,ok,,upstream-1.x,{}
shuttle,shuttle,pmlb,pmlb,multiclass,tabularaml,1,1200,46400,11600,9,,,,,,,,,,2.9442920684814453,,,crash,ValueError: y contains previously unseen labels: [6],0.2.0,
shuttle,shuttle,pmlb,pmlb,multiclass,nofe,2,1200,46400,11600,9,9,0,0.00033660802574395386,categorical_crossentropy,False,0.00033660802574395386,-0.0,0.013368606567382812,0.0011107921600341797,20.879454851150513,385.14453125,928,ok,,1.0.0,{}
shuttle,shuttle,pmlb,pmlb,multiclass,openfe,2,1200,46400,11600,9,,,,,,,,,,3.7311277389526367,,,crash,RuntimeError: OpenFE called exit() internally (multiclass LightGBM error): None,upstream-0.0.12,
chess,chess,pmlb,pmlb,classification,autofeat,2,1200,2556,640,36,69,33,0.9998728034127823,binary_roc_auc,True,0.999804312942742,6.8503875362097e-05,1218.3563778400421,0.06749391555786133,1222.2072274684906,565.10546875,788,ok,,upstream-2.1.x,{}
car_evaluation,car-evaluation,pmlb,pmlb,multiclass,autofeat,4,1200,1382,346,6,21,15,0.005347345393913972,categorical_crossentropy,False,0.01864907821928497,0.7132648953992647,1049.2481935024261,0.03518319129943848,1052.9560647010803,562.87109375,1363,ok,,upstream-2.1.x,{}
shuttle,shuttle,pmlb,pmlb,multiclass,featuretools,1,1200,46400,11600,9,386,377,0.00014645002727116537,categorical_crossentropy,False,8.89228086881805e-05,-0.6469343403750507,2.5552244186401367,1.2015438079833984,73.56487655639648,659.19921875,237,ok,,upstream-1.x,{}
shuttle,shuttle,pmlb,pmlb,multiclass,nofe,3,1200,46400,11600,9,9,0,0.0004302326337221984,categorical_crossentropy,False,0.0004302326337221984,-0.0,0.01085042953491211,0.001146078109741211,16.23600196838379,369.3046875,544,ok,,1.0.0,{}
shuttle,shuttle,pmlb,pmlb,multiclass,openfe,3,1200,46400,11600,9,,,,,,,,,,4.200702667236328,,,crash,RuntimeError: OpenFE called exit() internally (multiclass LightGBM error): None,upstream-0.0.12,
satimage,satimage,pmlb,pmlb,multiclass,featuretools,1,1200,5148,1287,36,6444,6408,0.21927932485700266,categorical_crossentropy,False,0.2186751308897845,-0.002762975216979256,12.764096736907959,14.843939542770386,643.2217857837677,1578.734375,213,ok,,upstream-1.x,{}
letter,letter,pmlb,pmlb,multiclass,tabularaml,0,1200,16000,4000,16,18,2,0.11333101050018715,categorical_crossentropy,False,0.1144544498559661,0.009815602252186187,1031.8893716335297,0.010274410247802734,1111.1016023159027,648.484375,1433,ok,,0.2.0,"{""mode"": ""medium"", ""elapsed_time"": 934.7296137809753, ""n_init_feats"": 16, ""n_added_feats"": 2, ""initial_metric"": null, ""final_metric"": 0.15348451966668758, ""pct_gain"": -0.010401451435643666}"
letter,letter,pmlb,pmlb,multiclass,tabularaml,1,1200,16000,4000,16,20,4,0.12510160662387793,categorical_crossentropy,False,0.121318590357945,-0.031182494412202704,1008.0589179992676,0.010297298431396484,1052.1543114185333,602.5625,1111,ok,,0.2.0,"{""mode"": ""medium"", ""elapsed_time"": 935.957667350769, ""n_init_feats"": 16, ""n_added_feats"": 4, ""initial_metric"": null, ""final_metric"": 0.1536680132846627, ""pct_gain"": -0.016951201128098163}"
shuttle,shuttle,pmlb,pmlb,multiclass,tabularaml,3,1200,46400,11600,9,,,,,,,,,,2.9779510498046875,,,crash,ValueError: y contains previously unseen labels: [5],0.2.0,
shuttle,shuttle,pmlb,pmlb,multiclass,openfe,4,1200,46400,11600,9,,,,,,,,,,4.461725950241089,,,crash,RuntimeError: OpenFE called exit() internally (multiclass LightGBM error): None,upstream-0.0.12,
shuttle,shuttle,pmlb,pmlb,multiclass,nofe,4,1200,46400,11600,9,9,0,0.0009775792204586142,categorical_crossentropy,False,0.0009775792204586142,-0.0,0.013381719589233398,0.0011377334594726562,21.259766578674316,381.4765625,882,ok,,1.0.0,{}
shuttle,shuttle,pmlb,pmlb,multiclass,featuretools,2,1200,46400,11600,9,385,376,0.0004971974919470571,categorical_crossentropy,False,0.00033660802574395386,-0.4770815129799018,2.4429473876953125,1.0150954723358154,134.40130352973938,809.94140625,494,ok,,upstream-1.x,{}
shuttle,shuttle,pmlb,pmlb,multiclass,tabularaml,4,1200,46400,11600,9,,,,,,,,,,2.8866727352142334,,,crash,ValueError: y contains previously unseen labels: [5],0.2.0,
kr_vs_kp,kr-vs-kp,pmlb,pmlb,classification,autofeat,4,1200,,,,,,,,,,,,,1380,,,timeout,wall-clock exceeded 1380s,,
chess,chess,pmlb,pmlb,classification,autofeat,4,1200,,,,,,,,,,,,,1380,,,timeout,wall-clock exceeded 1380s,,
nursery,nursery,pmlb,pmlb,multiclass,autofeat,3,1200,,,,,,,,,,,,,1380,,,timeout,wall-clock exceeded 1380s,,
nursery,nursery,pmlb,pmlb,multiclass,autofeat,4,1200,,,,,,,,,,,,,1380,,,timeout,wall-clock exceeded 1380s,,
chess,chess,pmlb,pmlb,classification,autofeat,0,1200,,,,,,,,,,,,,1380,,,timeout,wall-clock exceeded 1380s,,
ionosphere,ionosphere,pmlb,pmlb,classification,autofeat,3,1200,,,,,,,,,,,,,1380,,,timeout,wall-clock exceeded 1380s,,
sonar,sonar,pmlb,pmlb,classification,autofeat,4,1200,,,,,,,,,,,,,1380,,,timeout,wall-clock exceeded 1380s,,
sonar,sonar,pmlb,pmlb,classification,autofeat,2,1200,,,,,,,,,,,,,1380,,,timeout,wall-clock exceeded 1380s,,
sonar,sonar,pmlb,pmlb,classification,autofeat,3,1200,,,,,,,,,,,,,1380,,,timeout,wall-clock exceeded 1380s,,
nursery,nursery,pmlb,pmlb,multiclass,autofeat,0,1200,,,,,,,,,,,,,1380,,,timeout,wall-clock exceeded 1380s,,
ionosphere,ionosphere,pmlb,pmlb,classification,autofeat,0,1200,,,,,,,,,,,,,1380,,,timeout,wall-clock exceeded 1380s,,
kr_vs_kp,kr-vs-kp,pmlb,pmlb,classification,autofeat,2,1200,,,,,,,,,,,,,1380,,,timeout,wall-clock exceeded 1380s,,
ionosphere,ionosphere,pmlb,pmlb,classification,autofeat,1,1200,,,,,,,,,,,,,1380,,,timeout,wall-clock exceeded 1380s,,
sonar,sonar,pmlb,pmlb,classification,autofeat,0,1200,,,,,,,,,,,,,1380,,,timeout,wall-clock exceeded 1380s,,
nursery,nursery,pmlb,pmlb,multiclass,autofeat,2,1200,,,,,,,,,,,,,1380,,,timeout,wall-clock exceeded 1380s,,
ionosphere,ionosphere,pmlb,pmlb,classification,autofeat,2,1200,,,,,,,,,,,,,1380,,,timeout,wall-clock exceeded 1380s,,
nursery,nursery,pmlb,pmlb,multiclass,autofeat,1,1200,,,,,,,,,,,,,1380,,,timeout,wall-clock exceeded 1380s,,
sonar,sonar,pmlb,pmlb,classification,autofeat,1,1200,,,,,,,,,,,,,1380,,,timeout,wall-clock exceeded 1380s,,
waveform_21,waveform-21,pmlb,pmlb,multiclass,autofeat,0,1200,,,,,,,,,,,,,1380,,,timeout,wall-clock exceeded 1380s,,
waveform_21,waveform-21,pmlb,pmlb,multiclass,autofeat,1,1200,,,,,,,,,,,,,1380,,,timeout,wall-clock exceeded 1380s,,
ionosphere,ionosphere,pmlb,pmlb,classification,autofeat,4,1200,,,,,,,,,,,,,1380,,,timeout,wall-clock exceeded 1380s,,
9977,nomao,openml_task,amlb,classification,autofeat,1,1200,,,,,,,,,,,,,1380,,,timeout,wall-clock exceeded 1380s,,
9977,nomao,openml_task,amlb,classification,featuretools,1,1200,,,,,,,,,,,,,1380,,,timeout,wall-clock exceeded 1380s,,
waveform_21,waveform-21,pmlb,pmlb,multiclass,autofeat,2,1200,,,,,,,,,,,,,1380,,,timeout,wall-clock exceeded 1380s,,
pendigits,pendigits,pmlb,pmlb,multiclass,nofe,0,1200,8793,2199,16,16,0,0.034724765404783184,categorical_crossentropy,False,0.034724765404783184,-0.0,0.0071256160736083984,0.0005593299865722656,12.592628717422485,370.4609375,539,ok,,1.0.0,{}
9977,nomao,openml_task,amlb,classification,featuretools,4,1200,,,,,,,,,,,,,1380,,,timeout,wall-clock exceeded 1380s,,
waveform_21,waveform-21,pmlb,pmlb,multiclass,autofeat,3,1200,,,,,,,,,,,,,1380,,,timeout,wall-clock exceeded 1380s,,
waveform_21,waveform-21,pmlb,pmlb,multiclass,autofeat,4,1200,,,,,,,,,,,,,1380,,,timeout,wall-clock exceeded 1380s,,
pendigits,pendigits,pmlb,pmlb,multiclass,nofe,1,1200,8793,2199,16,16,0,0.031006957161735987,categorical_crossentropy,False,0.031006957161735987,-0.0,0.004944324493408203,0.0003540515899658203,9.86150574684143,381.35546875,868,ok,,1.0.0,{}
pendigits,pendigits,pmlb,pmlb,multiclass,nofe,3,1200,8793,2199,16,16,0,0.024240221755025115,categorical_crossentropy,False,0.024240221755025115,-0.0,0.006665229797363281,0.0004818439483642578,10.624014377593994,363.38671875,546,ok,,1.0.0,{}
pendigits,pendigits,pmlb,pmlb,multiclass,nofe,2,1200,8793,2199,16,16,0,0.04034747411545071,categorical_crossentropy,False,0.04034747411545071,-0.0,0.011371612548828125,0.0007078647613525391,11.469063758850098,368.84765625,649,ok,,1.0.0,{}
pendigits,pendigits,pmlb,pmlb,multiclass,nofe,4,1200,8793,2199,16,16,0,0.03714806497014522,categorical_crossentropy,False,0.03714806497014522,-0.0,0.006871938705444336,0.00048661231994628906,15.3325035572052,393.77734375,1137,ok,,1.0.0,{}
optdigits,optdigits,pmlb,pmlb,multiclass,nofe,0,1200,4496,1124,62,62,0,0.08089492620322523,categorical_crossentropy,False,0.08089492620322523,-0.0,0.012150764465332031,0.0011360645294189453,14.691294431686401,395.625,881,ok,,1.0.0,{}
optdigits,optdigits,pmlb,pmlb,multiclass,nofe,1,1200,4496,1124,62,62,0,0.05484273176866364,categorical_crossentropy,False,0.05484273176866364,-0.0,0.007745265960693359,0.0009865760803222656,10.335333108901978,373.5,607,ok,,1.0.0,{}
shuttle,shuttle,pmlb,pmlb,multiclass,featuretools,3,1200,46400,11600,9,386,377,0.0002150052997957189,categorical_crossentropy,False,0.0004302326337221984,0.5002580396201465,2.6244640350341797,1.1257014274597168,129.77254605293274,808.79296875,444,ok,,upstream-1.x,{}
optdigits,optdigits,pmlb,pmlb,multiclass,autofeat,0,1200,4496,1124,62,,,,,,,,,,30.965298891067505,,,autofeat_internal_nan,"_AutofeatInternalNaNError: Input X contains NaN.
LogisticRegressionCV does not accept missing values encoded as NaN natively. For supervised learning, you might want to consider sklearn.ensemble.HistGradientBoostingClassifier and Regressor which accept missing values encoded as NaNs natively. Alternatively, it is possible to preprocess the data, for instance by using an imputer transformer in a pipeline or drop samples with",upstream-2.1.x,
optdigits,optdigits,pmlb,pmlb,multiclass,nofe,2,1200,4496,1124,62,62,0,0.07013318941573672,categorical_crossentropy,False,0.07013318941573672,-0.0,0.007945775985717773,0.000926971435546875,11.095958232879639,378.109375,710,ok,,1.0.0,{}
letter,letter,pmlb,pmlb,multiclass,tabularaml,3,1200,16000,4000,16,19,3,0.1095006545860757,categorical_crossentropy,False,0.11147865348353861,0.017743297354726156,1074.129894733429,0.009310722351074219,1120.6112637519836,614.2578125,1204,ok,,0.2.0,"{""mode"": ""medium"", ""elapsed_time"": 987.1615862846375, ""n_init_feats"": 16, ""n_added_feats"": 3, ""initial_metric"": null, ""final_metric"": 0.14222428644698554, ""pct_gain"": 0.05021417428316887}"
letter,letter,pmlb,pmlb,multiclass,featuretools,4,1200,16000,4000,16,1264,1248,0.11181474695351562,categorical_crossentropy,False,0.11902175575975389,0.0605520289986787,3.389045238494873,2.988887310028076,1105.1483685970306,1034.90234375,730,ok,,upstream-1.x,{}
letter,letter,pmlb,pmlb,multiclass,tabularaml,4,1200,16000,4000,16,17,1,0.11804762257239486,categorical_crossentropy,False,0.11902175575975389,0.008184496869003736,1006.7634291648865,0.00714111328125,1106.640783071518,603.14453125,1116,ok,,0.2.0,"{""mode"": ""medium"", ""elapsed_time"": 931.8886392116547, ""n_init_feats"": 16, ""n_added_feats"": 1, ""initial_metric"": null, ""final_metric"": 0.14726851082353182, ""pct_gain"": 0.0}"
satimage,satimage,pmlb,pmlb,multiclass,tabularaml,0,1200,5148,1287,36,38,2,0.2482994904604165,categorical_crossentropy,False,0.24482146764521834,-0.014206363717410245,916.7208268642426,0.009601116180419922,938.2119307518005,378.26953125,283,ok,,0.2.0,"{""mode"": ""medium"", ""elapsed_time"": 910.1538803577423, ""n_init_feats"": 36, ""n_added_feats"": 2, ""initial_metric"": null, ""final_metric"": 0.3471850409873216, ""pct_gain"": 0.00033160765933773435}"
satimage,satimage,pmlb,pmlb,multiclass,featuretools,4,1200,5148,1287,36,6444,6408,0.25886973801690205,categorical_crossentropy,False,0.2347972357686946,-0.10252464075821555,13.877437591552734,17.412492513656616,540.3582382202148,1583.41796875,148,ok,,upstream-1.x,{}
shuttle,shuttle,pmlb,pmlb,multiclass,featuretools,4,1200,46400,11600,9,386,377,0.000676179653785978,categorical_crossentropy,False,0.0009775792204586142,0.3083121657713222,2.4556233882904053,1.074866533279419,189.266122341156,808.90234375,503,ok,,upstream-1.x,{}
letter,letter,pmlb,pmlb,multiclass,tabularaml,2,1200,16000,4000,16,16,0,0.11872570477697286,categorical_crossentropy,False,0.11872570477697286,-0.0,1031.4575321674347,0.002404451370239258,1241.2557747364044,680.09765625,1660,ok,,0.2.0,"{""mode"": ""medium"", ""elapsed_time"": 961.043979883194, ""n_init_feats"": 16, ""n_added_feats"": 0, ""initial_metric"": null, ""final_metric"": 0.15124431487685605, ""pct_gain"": 0.0}"
satimage,satimage,pmlb,pmlb,multiclass,featuretools,3,1200,5148,1287,36,6444,6408,0.27065167872644214,categorical_crossentropy,False,0.25625222741413906,-0.05619249228624879,9.609573125839233,11.59680700302124,633.8384883403778,949.37109375,178,ok,,upstream-1.x,{}
pendigits,pendigits,pmlb,pmlb,multiclass,featuretools,0,1200,8793,2199,16,1264,1248,0.03664014552986683,categorical_crossentropy,False,0.034724765404783184,-0.05515890756226134,3.115983724594116,2.7056055068969727,187.80466961860657,656.46484375,224,ok,,upstream-1.x,{}
satimage,satimage,pmlb,pmlb,multiclass,featuretools,2,1200,5148,1287,36,6444,6408,0.23059477614104623,categorical_crossentropy,False,0.21480080033690702,-0.073528477451513,16.05596113204956,20.02623462677002,679.3668413162231,1578.60546875,167,ok,,upstream-1.x,{}
optdigits,optdigits,pmlb,pmlb,multiclass,nofe,3,1200,4496,1124,62,62,0,0.05590634749810176,categorical_crossentropy,False,0.05590634749810176,-0.0,0.00854802131652832,0.0007462501525878906,59.17415118217468,399.8671875,1205,ok,,1.0.0,{}
letter,letter,pmlb,pmlb,multiclass,openfe,0,1200,,,,,,,,,,,,,1380,,,timeout,wall-clock exceeded 1380s,,
letter,letter,pmlb,pmlb,multiclass,autofeat,0,1200,,,,,,,,,,,,,1380,,,timeout,wall-clock exceeded 1380s,,
letter,letter,pmlb,pmlb,multiclass,featuretools,0,1200,,,,,,,,,,,,,1380,,,timeout,wall-clock exceeded 1380s,,
vehicle,vehicle,pmlb,pmlb,multiclass,nofe,0,1200,676,170,18,18,0,0.5403102242661749,categorical_crossentropy,False,0.5403102242661749,-0.0,0.006384611129760742,0.0001423358917236328,5.050760507583618,322.87109375,89,ok,,1.0.0,{}
letter,letter,pmlb,pmlb,multiclass,openfe,1,1200,,,,,,,,,,,,,1380,,,timeout,wall-clock exceeded 1380s,,
letter,letter,pmlb,pmlb,multiclass,autofeat,1,1200,,,,,,,,,,,,,1380,,,timeout,wall-clock exceeded 1380s,,
letter,letter,pmlb,pmlb,multiclass,featuretools,1,1200,,,,,,,,,,,,,1380,,,timeout,wall-clock exceeded 1380s,,
optdigits,optdigits,pmlb,pmlb,multiclass,nofe,4,1200,4496,1124,62,62,0,0.06703849414178167,categorical_crossentropy,False,0.06703849414178167,-0.0,0.009586334228515625,0.0010170936584472656,89.4727611541748,374.5859375,627,ok,,1.0.0,{}
vehicle,vehicle,pmlb,pmlb,multiclass,featuretools,0,1200,676,170,18,1260,1242,0.4799748268416699,categorical_crossentropy,False,0.5403102242661749,0.11166806533496534,3.2983908653259277,3.9416680335998535,53.64404654502869,395.3828125,75,ok,,upstream-1.x,{}
vehicle,vehicle,pmlb,pmlb,multiclass,nofe,1,1200,676,170,18,18,0,0.5733310526271131,categorical_crossentropy,False,0.5733310526271131,-0.0,0.012471199035644531,0.0001857280731201172,4.16006875038147,327.171875,229,ok,,1.0.0,{}
letter,letter,pmlb,pmlb,multiclass,openfe,2,1200,,,,,,,,,,,,,1380,,,timeout,wall-clock exceeded 1380s,,
pendigits,pendigits,pmlb,pmlb,multiclass,featuretools,2,1200,8793,2199,16,1264,1248,0.03794718456954283,categorical_crossentropy,False,0.04034747411545071,0.059490453827163156,3.554596424102783,3.5821151733398438,290.91612243652344,608.546875,526,ok,,upstream-1.x,{}
pendigits,pendigits,pmlb,pmlb,multiclass,featuretools,4,1200,8793,2199,16,1264,1248,0.035976447924304364,categorical_crossentropy,False,0.03714806497014522,0.03153911372725476,2.3754630088806152,2.5956506729125977,288.2253112792969,658.3359375,633,ok,,upstream-1.x,{}
letter,letter,pmlb,pmlb,multiclass,autofeat,2,1200,,,,,,,,,,,,,1380,,,timeout,wall-clock exceeded 1380s,,
letter,letter,pmlb,pmlb,multiclass,featuretools,2,1200,,,,,,,,,,,,,1380,,,timeout,wall-clock exceeded 1380s,,
letter,letter,pmlb,pmlb,multiclass,openfe,3,1200,,,,,,,,,,,,,1380,,,timeout,wall-clock exceeded 1380s,,
letter,letter,pmlb,pmlb,multiclass,autofeat,3,1200,,,,,,,,,,,,,1380,,,timeout,wall-clock exceeded 1380s,,
letter,letter,pmlb,pmlb,multiclass,featuretools,3,1200,,,,,,,,,,,,,1380,,,timeout,wall-clock exceeded 1380s,,
vehicle,vehicle,pmlb,pmlb,multiclass,nofe,3,1200,676,170,18,18,0,0.4904234250788303,categorical_crossentropy,False,0.4904234250788303,-0.0,0.0023949146270751953,7.653236389160156e-05,3.3663785457611084,323.125,164,ok,,1.0.0,{}
vehicle,vehicle,pmlb,pmlb,multiclass,featuretools,2,1200,676,170,18,1260,1242,0.45128968600046765,categorical_crossentropy,False,,,3.0908539295196533,3.242777109146118,37.019774198532104,395.1640625,163,ok,,upstream-1.x,{}
letter,letter,pmlb,pmlb,multiclass,openfe,4,1200,,,,,,,,,,,,,1380,,,timeout,wall-clock exceeded 1380s,,
letter,letter,pmlb,pmlb,multiclass,autofeat,4,1200,,,,,,,,,,,,,1380,,,timeout,wall-clock exceeded 1380s,,
vehicle,vehicle,pmlb,pmlb,multiclass,nofe,4,1200,676,170,18,18,0,0.5000177269363228,categorical_crossentropy,False,0.5000177269363228,-0.0,0.002500295639038086,7.343292236328125e-05,3.351055145263672,327.31640625,238,ok,,1.0.0,{}
vehicle,vehicle,pmlb,pmlb,multiclass,featuretools,1,1200,676,170,18,1264,1246,0.514384725451579,categorical_crossentropy,False,0.5733310526271131,0.10281377034338321,2.806736707687378,3.5536375045776367,87.16195249557495,395.625,205,ok,,upstream-1.x,{}
vehicle,vehicle,pmlb,pmlb,multiclass,featuretools,3,1200,676,170,18,1265,1247,0.4637072990949759,categorical_crossentropy,False,0.4904234250788303,0.05447563190840668,2.8898041248321533,3.0733349323272705,60.13607120513916,395.61328125,355,ok,,upstream-1.x,{}
vehicle,vehicle,pmlb,pmlb,multiclass,openfe,0,1200,676,170,18,2010,1992,0.446530015711837,categorical_crossentropy,False,0.5403102242661749,0.173567340284382,116.4988145828247,29.38025736808777,192.20858502388,434.74609375,94,ok,,upstream-0.0.12,{}
vehicle,vehicle,pmlb,pmlb,multiclass,featuretools,4,1200,676,170,18,1265,1247,0.4825237111969139,categorical_crossentropy,False,0.5000177269363228,0.034986791061583325,3.3957314491271973,3.2148494720458984,54.89761400222778,395.37890625,213,ok,,upstream-1.x,{}
vehicle,vehicle,pmlb,pmlb,multiclass,openfe,1,1200,676,170,18,1999,1981,0.46874192399726083,categorical_crossentropy,False,0.5733310526271131,0.18242362444979182,115.05393028259277,29.08633017539978,204.04177498817444,435.75,211,ok,,upstream-0.0.12,{}
satimage,satimage,pmlb,pmlb,multiclass,tabularaml,3,1200,5148,1287,36,38,2,0.25242307549642146,categorical_crossentropy,False,0.25625222741413906,0.014942901985117812,919.5159585475922,0.010779619216918945,934.0072367191315,369.07421875,239,ok,,0.2.0,"{""mode"": ""medium"", ""elapsed_time"": 910.0816178321838, ""n_init_feats"": 36, ""n_added_feats"": 2, ""initial_metric"": null, ""final_metric"": 0.3307014074777183, ""pct_gain"": 0.03136652507507564}"
satimage,satimage,pmlb,pmlb,multiclass,openfe,0,1200,,,,,,,,,,,,,1380,,,timeout,wall-clock exceeded 1380s,,
satimage,satimage,pmlb,pmlb,multiclass,autofeat,0,1200,,,,,,,,,,,,,1380,,,timeout,wall-clock exceeded 1380s,,
satimage,satimage,pmlb,pmlb,multiclass,tabularaml,2,1200,5148,1287,36,36,0,0.21480080033690702,categorical_crossentropy,False,0.21480080033690702,-0.0,974.2816534042358,0.005389213562011719,984.7979092597961,379.421875,248,ok,,0.2.0,"{""mode"": ""medium"", ""elapsed_time"": 965.6042866706848, ""n_init_feats"": 36, ""n_added_feats"": 0, ""initial_metric"": null, ""final_metric"": 0.33937554527423897, ""pct_gain"": 0.04965788714458239}"
pendigits,pendigits,pmlb,pmlb,multiclass,openfe,0,1200,8793,2199,16,990,974,0.0360772305304347,categorical_crossentropy,False,0.034724765404783184,-0.03894814291431377,355.8493595123291,30.05846905708313,548.6851575374603,693.39453125,213,ok,,upstream-0.0.12,{}
mfeat_factors,mfeat-factors,pmlb,pmlb,multiclass,nofe,0,1200,1600,400,216,216,0,0.1043045536131649,categorical_crossentropy,False,0.1043045536131649,-0.0,0.0122528076171875,0.0008387565612792969,87.23873567581177,405.41015625,907,ok,,1.0.0,{}
mfeat_factors,mfeat-factors,pmlb,pmlb,multiclass,nofe,1,1200,1600,400,216,216,0,0.13339161737516406,categorical_crossentropy,False,0.13339161737516406,-0.0,0.0069272518157958984,0.0008718967437744141,35.01564645767212,361.9609375,394,ok,,1.0.0,{}
pendigits,pendigits,pmlb,pmlb,multiclass,openfe,3,1200,8793,2199,16,990,974,0.017910176270020783,categorical_crossentropy,False,0.024240221755025115,0.26113810133325543,293.1642746925354,31.461533784866333,576.8448557853699,739.140625,509,ok,,upstream-0.0.12,{}
satimage,satimage,pmlb,pmlb,multiclass,openfe,1,1200,,,,,,,,,,,,,1380,,,timeout,wall-clock exceeded 1380s,,
pendigits,pendigits,pmlb,pmlb,multiclass,openfe,2,1200,8793,2199,16,986,970,0.03878009546701347,categorical_crossentropy,False,0.04034747411545071,0.03884700796764447,329.8724491596222,31.525644779205322,591.2916288375854,695.7265625,592,ok,,upstream-0.0.12,{}
satimage,satimage,pmlb,pmlb,multiclass,autofeat,1,1200,,,,,,,,,,,,,1380,,,timeout,wall-clock exceeded 1380s,,
mfeat_factors,mfeat-factors,pmlb,pmlb,multiclass,nofe,2,1200,1600,400,216,216,0,0.1873058910931286,categorical_crossentropy,False,0.1873058910931286,-0.0,0.007126331329345703,0.0011289119720458984,15.320432186126709,355.16796875,233,ok,,1.0.0,{}
pendigits,pendigits,pmlb,pmlb,multiclass,openfe,1,1200,8793,2199,16,986,970,0.028490489994512907,categorical_crossentropy,False,0.031006957161735987,0.08115814635073308,343.5623207092285,32.12251138687134,613.22904920578,684.93359375,608,ok,,upstream-0.0.12,{}
vehicle,vehicle,pmlb,pmlb,multiclass,openfe,4,1200,676,170,18,2010,1992,0.5144014891786569,categorical_crossentropy,False,0.5000177269363228,-0.028766504600677555,147.0571117401123,30.939894914627075,266.49528217315674,434.9375,473,ok,,upstream-0.0.12,{}
vehicle,vehicle,pmlb,pmlb,multiclass,openfe,3,1200,676,170,18,2003,1985,0.3778269569779856,categorical_crossentropy,False,0.4904234250788303,0.22959031388589576,161.58761882781982,32.535893201828,314.1065721511841,438.75,213,ok,,upstream-0.0.12,{}
mfeat_factors,mfeat-factors,pmlb,pmlb,multiclass,nofe,3,1200,1600,400,216,216,0,0.13735728453029877,categorical_crossentropy,False,0.13735728453029877,-0.0,0.004708528518676758,0.0009152889251708984,23.751994371414185,374.15234375,665,ok,,1.0.0,{}
satimage,satimage,pmlb,pmlb,multiclass,tabularaml,1,1200,,,,,,,,,,,,,1380,,,timeout,wall-clock exceeded 1380s,,
satimage,satimage,pmlb,pmlb,multiclass,openfe,2,1200,,,,,,,,,,,,,1380,,,timeout,wall-clock exceeded 1380s,,
vehicle,vehicle,pmlb,pmlb,multiclass,tabularaml,0,1200,676,170,18,25,7,0.5658749699702158,categorical_crossentropy,False,0.5403102242661749,-0.04731493974366628,477.99290800094604,0.012752294540405273,487.61222648620605,333.1796875,90,ok,,0.2.0,"{""mode"": ""medium"", ""elapsed_time"": 477.1213028430939, ""n_init_feats"": 18, ""n_added_feats"": 7, ""initial_metric"": null, ""final_metric"": 0.5708148100895201, ""pct_gain"": 0.18994250330806728}"
vehicle,vehicle,pmlb,pmlb,multiclass,tabularaml,1,1200,676,170,18,29,11,0.564065481329282,categorical_crossentropy,False,0.5733310526271131,0.01616094445848431,452.79200983047485,0.02157425880432129,471.9003348350525,333.984375,152,ok,,0.2.0,"{""mode"": ""medium"", ""elapsed_time"": 412.8780539035797, ""n_init_feats"": 18, ""n_added_feats"": 11, ""initial_metric"": null, ""final_metric"": 0.5170463228106452, ""pct_gain"": 0.23170010356679446}"
satimage,satimage,pmlb,pmlb,multiclass,autofeat,2,1200,,,,,,,,,,,,,1380,,,timeout,wall-clock exceeded 1380s,,
mfeat_factors,mfeat-factors,pmlb,pmlb,multiclass,nofe,4,1200,1600,400,216,216,0,0.10464548402269429,categorical_crossentropy,False,0.10464548402269429,-0.0,0.006880760192871094,0.0008931159973144531,57.046412229537964,371.8671875,653,ok,,1.0.0,{}
vehicle,vehicle,pmlb,pmlb,multiclass,tabularaml,4,1200,676,170,18,33,15,0.5051181890618275,categorical_crossentropy,False,0.5000177269363228,-0.010200562601561878,442.0903685092926,0.0330967903137207,446.44139766693115,333.5625,145,ok,,0.2.0,"{""mode"": ""medium"", ""elapsed_time"": 410.2880747318268, ""n_init_feats"": 18, ""n_added_feats"": 15, ""initial_metric"": null, ""final_metric"": 0.5763516837603726, ""pct_gain"": 0.15352360260032713}"
vehicle,vehicle,pmlb,pmlb,multiclass,tabularaml,3,1200,676,170,18,30,12,0.5444301307252746,categorical_crossentropy,False,0.4904234250788303,-0.11012260606793665,505.37475991249084,0.019968509674072266,524.8353271484375,345.5078125,317,ok,,0.2.0,"{""mode"": ""medium"", ""elapsed_time"": 480.10496711730957, ""n_init_feats"": 18, ""n_added_feats"": 12, ""initial_metric"": null, ""final_metric"": 0.6057444257430175, ""pct_gain"": 0.13915706481762882}"
monk1,monk1,pmlb,pmlb,classification,nofe,0,1200,444,112,6,6,0,1.0,binary_roc_auc,True,1.0,0.0,0.005816936492919922,7.176399230957031e-05,4.8443381786346436,321.25,866,ok,,1.0.0,{}
monk1,monk1,pmlb,pmlb,classification,openfe,0,1200,444,112,6,95,89,0.8148915816326531,binary_roc_auc,True,1.0,-0.18510841836734693,11.586430788040161,1.1340305805206299,16.05224633216858,327.484375,35,ok,,upstream-0.0.12,{}
satimage,satimage,pmlb,pmlb,multiclass,openfe,3,1200,,,,,,,,,,,,,1380,,,timeout,wall-clock exceeded 1380s,,
satimage,satimage,pmlb,pmlb,multiclass,autofeat,3,1200,,,,,,,,,,,,,1380,,,timeout,wall-clock exceeded 1380s,,
monk1,monk1,pmlb,pmlb,classification,featuretools,0,1200,444,112,6,162,156,1.0,binary_roc_auc,True,1.0,0.0,0.7197527885437012,0.6209485530853271,5.709681510925293,339.04296875,599,ok,,upstream-1.x,{}
pendigits,pendigits,pmlb,pmlb,multiclass,tabularaml,2,1200,8793,2199,16,21,5,0.04071149269383071,categorical_crossentropy,False,0.04034747411545071,-0.009022090883270426,929.5686671733856,0.009086132049560547,943.2159984111786,424.41015625,1038,ok,,0.2.0,"{""mode"": ""medium"", ""elapsed_time"": 919.873941898346, ""n_init_feats"": 16, ""n_added_feats"": 5, ""initial_metric"": null, ""final_metric"": 0.04385457449920379, ""pct_gain"": 0.09288280800266015}"
monk1,monk1,pmlb,pmlb,classification,nofe,1,1200,444,112,6,6,0,1.0,binary_roc_auc,True,1.0,0.0,0.0030698776245117188,5.2928924560546875e-05,3.120415687561035,324.23046875,1105,ok,,1.0.0,{}
satimage,satimage,pmlb,pmlb,multiclass,openfe,4,1200,,,,,,,,,,,,,1380,,,timeout,wall-clock exceeded 1380s,,
satimage,satimage,pmlb,pmlb,multiclass,autofeat,4,1200,,,,,,,,,,,,,1380,,,timeout,wall-clock exceeded 1380s,,
pendigits,pendigits,pmlb,pmlb,multiclass,tabularaml,4,1200,8793,2199,16,18,2,0.03910614137165239,categorical_crossentropy,False,0.03714806497014522,-0.052710051064054554,927.6299936771393,0.010834693908691406,946.1187415122986,421.41015625,981,ok,,0.2.0,"{""mode"": ""medium"", ""elapsed_time"": 913.146656036377, ""n_init_feats"": 16, ""n_added_feats"": 2, ""initial_metric"": null, ""final_metric"": 0.04822230363444657, ""pct_gain"": 0.02331257717534768}"
monk1,monk1,pmlb,pmlb,classification,featuretools,1,1200,444,112,6,162,156,1.0,binary_roc_auc,True,1.0,0.0,0.6512389183044434,0.582392692565918,5.520862579345703,339.53515625,1429,ok,,upstream-1.x,{}
monk1,monk1,pmlb,pmlb,classification,nofe,2,1200,444,112,6,6,0,1.0,binary_roc_auc,True,1.0,0.0,0.004879951477050781,6.389617919921875e-05,9.770541667938232,322.73046875,1111,ok,,1.0.0,{}
monk1,monk1,pmlb,pmlb,classification,openfe,1,1200,444,112,6,102,96,0.7378826530612246,binary_roc_auc,True,1.0,-0.2621173469387754,9.417217016220093,1.1431713104248047,20.69253158569336,326.421875,33,ok,,upstream-0.0.12,{}
monk1,monk1,pmlb,pmlb,classification,openfe,2,1200,444,112,6,93,87,0.5,binary_roc_auc,True,1.0,-0.5,8.787058353424072,1.1644203662872314,13.354973554611206,325.55859375,3,ok,,upstream-0.0.12,{}
optdigits,optdigits,pmlb,pmlb,multiclass,tabularaml,0,1200,4496,1124,62,66,4,0.0810545059991072,categorical_crossentropy,False,0.08089492620322523,-0.0019726799117297683,945.9285080432892,0.01383519172668457,958.6738588809967,423.58984375,1160,ok,,0.2.0,"{""mode"": ""medium"", ""elapsed_time"": 937.5515761375427, ""n_init_feats"": 62, ""n_added_feats"": 4, ""initial_metric"": null, ""final_metric"": 0.07939878027094079, ""pct_gain"": 0.061030923572853495}"
monk1,monk1,pmlb,pmlb,classification,nofe,3,1200,444,112,6,6,0,1.0,binary_roc_auc,True,1.0,0.0,0.0030488967895507812,6.4849853515625e-05,4.757723569869995,323.74609375,1318,ok,,1.0.0,{}
monk1,monk1,pmlb,pmlb,classification,featuretools,2,1200,444,112,6,162,156,1.0,binary_roc_auc,True,1.0,0.0,0.6689813137054443,0.6807751655578613,10.706364631652832,339.37109375,704,ok,,upstream-1.x,{}
monk1,monk1,pmlb,pmlb,classification,openfe,3,1200,444,112,6,83,77,0.8539540816326531,binary_roc_auc,True,1.0,-0.14604591836734693,9.567283391952515,1.0293810367584229,18.922149896621704,325.35546875,8,ok,,upstream-0.0.12,{}
satimage,satimage,pmlb,pmlb,multiclass,tabularaml,4,1200,,,,,,,,,,,,,1380,,,timeout,wall-clock exceeded 1380s,,
monk1,monk1,pmlb,pmlb,classification,autofeat,1,1200,444,112,6,9,3,1.0,binary_roc_auc,True,1.0,0.0,59.79586124420166,0.016002893447875977,65.27444696426392,515.09765625,1988,ok,,upstream-2.1.x,{}
monk1,monk1,pmlb,pmlb,classification,featuretools,3,1200,444,112,6,162,156,1.0,binary_roc_auc,True,1.0,0.0,0.6020679473876953,0.5328373908996582,5.3927271366119385,337.8828125,1106,ok,,upstream-1.x,{}
monk1,monk1,pmlb,pmlb,classification,nofe,4,1200,444,112,6,6,0,1.0,binary_roc_auc,True,1.0,0.0,0.0038650035858154297,5.9604644775390625e-05,9.567053318023682,320.83984375,827,ok,,1.0.0,{}
monk1,monk1,pmlb,pmlb,classification,tabularaml,0,1200,444,112,6,7,1,1.0,binary_roc_auc,True,1.0,0.0,85.53261518478394,0.006136894226074219,96.51973938941956,334.44921875,1170,ok,,0.2.0,"{""mode"": ""medium"", ""elapsed_time"": 85.31127047538757, ""n_init_feats"": 6, ""n_added_feats"": 1, ""initial_metric"": null, ""final_metric"": 1.0, ""pct_gain"": 0.0}"
optdigits,optdigits,pmlb,pmlb,multiclass,tabularaml,1,1200,4496,1124,62,65,3,0.053706871878392744,categorical_crossentropy,False,0.05484273176866364,0.020711220131450655,973.2922284603119,0.011941194534301758,999.771436214447,402.2109375,568,ok,,0.2.0,"{""mode"": ""medium"", ""elapsed_time"": 962.9291100502014, ""n_init_feats"": 62, ""n_added_feats"": 3, ""initial_metric"": null, ""final_metric"": 0.08081732105188863, ""pct_gain"": -0.0014076256758770772}"
monk1,monk1,pmlb,pmlb,classification,autofeat,0,1200,444,112,6,8,2,1.0,binary_roc_auc,True,1.0,0.0,98.65911030769348,0.01540517807006836,113.29983234405518,514.8984375,1999,ok,,upstream-2.1.x,{}
529_pollen,pollen,pmlb,pmlb,regression,nofe,0,1200,3078,770,4,4,0,1.5986108050893144,rmse,False,1.5986108050893144,-0.0,0.005854606628417969,0.00010418891906738281,6.594926357269287,323.31640625,203,ok,,1.0.0,{}
monk1,monk1,pmlb,pmlb,classification,featuretools,4,1200,444,112,6,162,156,1.0,binary_roc_auc,True,1.0,0.0,0.7166187763214111,0.6274154186248779,10.48171854019165,343.515625,682,ok,,upstream-1.x,{}
vehicle,vehicle,pmlb,pmlb,multiclass,autofeat,0,1200,676,170,18,39,21,0.46858178439604886,categorical_crossentropy,False,0.5403102242661749,0.1327541783380916,807.4651002883911,0.0610661506652832,818.361355304718,542.48828125,73,ok,,upstream-2.1.x,{}
529_pollen,pollen,pmlb,pmlb,regression,featuretools,0,1200,3078,770,4,71,67,1.5608101255162576,rmse,False,1.5986108050893144,0.0236459552586002,0.57584547996521,0.19758915901184082,10.442671537399292,344.5859375,118,ok,,upstream-1.x,{}
shuttle,shuttle,pmlb,pmlb,multiclass,autofeat,0,1200,,,,,,,,,,,,,1380,,,timeout,wall-clock exceeded 1380s,,
529_pollen,pollen,pmlb,pmlb,regression,openfe,0,1200,3078,770,4,53,49,1.5428349118431697,rmse,False,1.5986108050893144,0.0348902266071125,5.425400257110596,0.5376477241516113,11.720291137695312,337.4140625,102,ok,,upstream-0.0.12,{}
529_pollen,pollen,pmlb,pmlb,regression,autofeat,0,1200,3078,770,4,16,12,1.579475657852499,rmse,False,1.5986108050893144,0.011969859815720579,10.438647270202637,0.025940895080566406,13.905629634857178,525.37890625,207,ok,,upstream-2.1.x,{}
529_pollen,pollen,pmlb,pmlb,regression,nofe,1,1200,3078,770,4,4,0,1.585127263915552,rmse,False,1.585127263915552,-0.0,0.002408742904663086,6.961822509765625e-05,2.9171299934387207,320.8125,137,ok,,1.0.0,{}
529_pollen,pollen,pmlb,pmlb,regression,openfe,1,1200,3078,770,4,49,45,1.492279402085459,rmse,False,1.585127263915552,0.05857438954191091,4.053377151489258,0.4304981231689453,9.115203619003296,334.1875,88,ok,,upstream-0.0.12,{}
monk1,monk1,pmlb,pmlb,classification,tabularaml,2,1200,444,112,6,7,1,1.0,binary_roc_auc,True,1.0,0.0,109.04434394836426,0.008519411087036133,112.67457818984985,339.6015625,1640,ok,,0.2.0,"{""mode"": ""medium"", ""elapsed_time"": 108.82258415222168, ""n_init_feats"": 6, ""n_added_feats"": 1, ""initial_metric"": null, ""final_metric"": 1.0, ""pct_gain"": 0.0}"
optdigits,optdigits,pmlb,pmlb,multiclass,tabularaml,2,1200,4496,1124,62,69,7,0.07166579753981922,categorical_crossentropy,False,0.07013318941573672,-0.02185282227787301,943.3393290042877,0.016374588012695312,989.1945741176605,403.8515625,710,ok,,0.2.0,"{""mode"": ""medium"", ""elapsed_time"": 935.7699184417725, ""n_init_feats"": 62, ""n_added_feats"": 7, ""initial_metric"": null, ""final_metric"": 0.0914497262764696, ""pct_gain"": 0.0020957163382652835}"
529_pollen,pollen,pmlb,pmlb,regression,featuretools,1,1200,3078,770,4,71,67,1.5168942196304156,rmse,False,1.585127263915552,0.04304578303485137,0.5741474628448486,0.17021679878234863,23.451273918151855,344.19921875,85,ok,,upstream-1.x,{}
529_pollen,pollen,pmlb,pmlb,regression,tabularaml,0,1200,3078,770,4,8,4,1.5709846146938526,rmse,False,1.5986108050893144,0.017281373494731442,20.872614860534668,0.00682830810546875,32.183796405792236,330.53515625,154,ok,,0.2.0,"{""mode"": ""medium"", ""elapsed_time"": 20.244924783706665, ""n_init_feats"": 4, ""n_added_feats"": 4, ""initial_metric"": null, ""final_metric"": 1.5411915083131986, ""pct_gain"": 0.024176348747846608}"
529_pollen,pollen,pmlb,pmlb,regression,autofeat,1,1200,3078,770,4,11,7,1.5481922276547861,rmse,False,1.585127263915552,0.023300991094891425,10.890182495117188,0.016714811325073242,28.349649667739868,519.30859375,115,ok,,upstream-2.1.x,{}
529_pollen,pollen,pmlb,pmlb,regression,nofe,2,1200,3078,770,4,4,0,1.5843982974151207,rmse,False,1.5843982974151207,-0.0,0.006028175354003906,0.0001239776611328125,3.39245867729187,320.58984375,237,ok,,1.0.0,{}
529_pollen,pollen,pmlb,pmlb,regression,nofe,3,1200,3078,770,4,4,0,1.5770896880824792,rmse,False,1.5770896880824792,-0.0,0.002377748489379883,7.104873657226562e-05,3.304874897003174,320.9453125,155,ok,,1.0.0,{}
monk1,monk1,pmlb,pmlb,classification,autofeat,3,1200,444,112,6,9,3,1.0,binary_roc_auc,True,1.0,0.0,83.25327134132385,0.012734413146972656,115.96132707595825,518.8515625,1999,ok,,upstream-2.1.x,{}
monk1,monk1,pmlb,pmlb,classification,openfe,4,1200,444,112,6,81,75,0.6556122448979592,binary_roc_auc,True,1.0,-0.3443877551020408,10.402209758758545,0.9250731468200684,84.64427876472473,327.89453125,275,ok,,upstream-0.0.12,{}
monk1,monk1,pmlb,pmlb,classification,tabularaml,4,1200,444,112,6,6,0,1.0,binary_roc_auc,True,1.0,0.0,65.15801954269409,0.0016560554504394531,69.49822330474854,331.7109375,827,ok,,0.2.0,"{""mode"": ""medium"", ""elapsed_time"": 64.94936013221741, ""n_init_feats"": 6, ""n_added_feats"": 0, ""initial_metric"": null, ""final_metric"": 1.0, ""pct_gain"": 0.0}"
529_pollen,pollen,pmlb,pmlb,regression,featuretools,3,1200,3078,770,4,71,67,1.5233267113273856,rmse,False,1.5770896880824792,0.03408999320797147,0.547332763671875,0.1695694923400879,10.238868236541748,342.29296875,98,ok,,upstream-1.x,{}
529_pollen,pollen,pmlb,pmlb,regression,tabularaml,2,1200,3078,770,4,8,4,1.5177719798645113,rmse,False,1.5843982974151207,0.042051495295916105,15.703076124191284,0.0073986053466796875,19.47543501853943,330.8046875,110,ok,,0.2.0,"{""mode"": ""medium"", ""elapsed_time"": 15.086944818496704, ""n_init_feats"": 4, ""n_added_feats"": 4, ""initial_metric"": null, ""final_metric"": 1.5596135710388488, ""pct_gain"": 0.03184737476073159}"
monk1,monk1,pmlb,pmlb,classification,autofeat,4,1200,444,112,6,12,6,1.0,binary_roc_auc,True,1.0,0.0,80.58165216445923,0.024594783782958984,85.52346277236938,522.4140625,1993,ok,,upstream-2.1.x,{}
529_pollen,pollen,pmlb,pmlb,regression,autofeat,3,1200,3078,770,4,7,3,1.565091364859936,rmse,False,1.5770896880824792,0.0076078889572421295,9.576756238937378,0.012053728103637695,12.588870286941528,523.9140625,165,ok,,upstream-2.1.x,{}
529_pollen,pollen,pmlb,pmlb,regression,featuretools,2,1200,3078,770,4,71,67,1.5242142304283754,rmse,False,1.5843982974151207,0.03798544033083919,0.5801219940185547,0.23201560974121094,22.108051538467407,344.31640625,97,ok,,upstream-1.x,{}
shuttle,shuttle,pmlb,pmlb,multiclass,autofeat,1,1200,,,,,,,,,,,,,1380,,,timeout,wall-clock exceeded 1380s,,
vehicle,vehicle,pmlb,pmlb,multiclass,autofeat,4,1200,676,170,18,37,19,0.43063079230144946,categorical_crossentropy,False,0.5000177269363228,0.13876894937308853,737.9835302829742,0.039457082748413086,741.9819304943085,544.66796875,185,ok,,upstream-2.1.x,{}
529_pollen,pollen,pmlb,pmlb,regression,nofe,4,1200,3078,770,4,4,0,1.5625623757186557,rmse,False,1.5625623757186557,-0.0,0.0031380653381347656,9.775161743164062e-05,9.863794088363647,320.625,136,ok,,1.0.0,{}
529_pollen,pollen,pmlb,pmlb,regression,tabularaml,3,1200,3078,770,4,8,4,1.5090223934738545,rmse,False,1.5770896880824792,0.043160065735630436,17.655689001083374,0.009075164794921875,24.431634426116943,333.01953125,160,ok,,0.2.0,"{""mode"": ""medium"", ""elapsed_time"": 16.97568392753601, ""n_init_feats"": 4, ""n_added_feats"": 4, ""initial_metric"": null, ""final_metric"": 1.5148245561832197, ""pct_gain"": 0.053097825886590774}"
503_wind,wind,pmlb,pmlb,regression,nofe,0,1200,5259,1315,14,14,0,3.160870419196631,rmse,False,3.160870419196631,-0.0,0.009272336959838867,0.000492095947265625,8.32882571220398,329.37109375,249,ok,,1.0.0,{}
529_pollen,pollen,pmlb,pmlb,regression,featuretools,4,1200,3078,770,4,70,66,1.5216616440203343,rmse,False,1.5625623757186557,0.026175423351986384,0.5245635509490967,0.19225049018859863,10.08617115020752,344.32421875,94,ok,,upstream-1.x,{}
503_wind,wind,pmlb,pmlb,regression,nofe,1,1200,5259,1315,14,14,0,2.9842687326630206,rmse,False,2.9842687326630206,-0.0,0.0050351619720458984,0.00012111663818359375,10.017545461654663,325.78125,182,ok,,1.0.0,{}
529_pollen,pollen,pmlb,pmlb,regression,tabularaml,4,1200,3078,770,4,8,4,1.5303976718510466,rmse,False,1.5625623757186557,0.020584588729020137,18.830919981002808,0.008745670318603516,23.527495622634888,332.58203125,151,ok,,0.2.0,"{""mode"": ""medium"", ""elapsed_time"": 18.217116117477417, ""n_init_feats"": 4, ""n_added_feats"": 4, ""initial_metric"": null, ""final_metric"": 1.502773915626442, ""pct_gain"": 0.04407931269765225}"
vehicle,vehicle,pmlb,pmlb,multiclass,autofeat,1,1200,676,170,18,36,18,0.4872366533970789,categorical_crossentropy,False,0.5733310526271131,0.1501652471735713,854.0419027805328,0.055236101150512695,860.3551599979401,540.62890625,135,ok,,upstream-2.1.x,{}
529_pollen,pollen,pmlb,pmlb,regression,autofeat,4,1200,3078,770,4,9,5,1.5387296707276712,rmse,False,1.5625623757186557,0.015252322314508172,14.62259578704834,0.030234336853027344,25.126539707183838,514.28125,120,ok,,upstream-2.1.x,{}
optdigits,optdigits,pmlb,pmlb,multiclass,tabularaml,4,1200,4496,1124,62,69,7,0.0657488591767565,categorical_crossentropy,False,0.06703849414178167,0.01923723051263177,929.8501279354095,0.01955413818359375,938.6600003242493,399.94140625,685,ok,,0.2.0,"{""mode"": ""medium"", ""elapsed_time"": 920.8496601581573, ""n_init_feats"": 62, ""n_added_feats"": 7, ""initial_metric"": null, ""final_metric"": 0.08447624213676422, ""pct_gain"": 0.009772884037526203}"
vehicle,vehicle,pmlb,pmlb,multiclass,autofeat,2,1200,676,170,18,35,17,0.3543722187004545,categorical_crossentropy,False,,,831.5684843063354,0.03959321975708008,852.5965692996979,543.15234375,299,ok,,upstream-2.1.x,{}
503_wind,wind,pmlb,pmlb,regression,nofe,2,1200,5259,1315,14,14,0,2.985540099602209,rmse,False,2.985540099602209,-0.0,0.005083799362182617,0.0003132820129394531,12.566283464431763,328.76171875,457,ok,,1.0.0,{}
529_pollen,pollen,pmlb,pmlb,regression,openfe,2,1200,3078,770,4,50,46,1.5290418327795359,rmse,False,1.5843982974151207,0.03493847773372176,5.965228796005249,0.6532466411590576,81.64849829673767,337.1328125,85,ok,,upstream-0.0.12,{}
529_pollen,pollen,pmlb,pmlb,regression,openfe,3,1200,3078,770,4,46,42,1.5220763883431903,rmse,False,1.5770896880824792,0.034882797189662314,4.379795551300049,0.5017614364624023,72.40562963485718,338.375,108,ok,,upstream-0.0.12,{}
529_pollen,pollen,pmlb,pmlb,regression,autofeat,2,1200,3078,770,4,9,5,1.5319062629317044,rmse,False,1.5843982974151207,0.03313057996152538,9.476365327835083,0.015429019927978516,84.3163549900055,516.515625,128,ok,,upstream-2.1.x,{}
503_wind,wind,pmlb,pmlb,regression,nofe,3,1200,5259,1315,14,14,0,2.966718495874886,rmse,False,2.966718495874886,-0.0,0.007866144180297852,0.0004341602325439453,6.764583349227905,324.56640625,248,ok,,1.0.0,{}
503_wind,wind,pmlb,pmlb,regression,featuretools,0,1200,5259,1315,14,927,913,3.1614802091889618,rmse,False,3.160870419196631,-0.00019291837736453351,2.5948402881622314,1.7457249164581299,58.56299901008606,528.0625,212,ok,,upstream-1.x,{}
vehicle,vehicle,pmlb,pmlb,multiclass,autofeat,3,1200,676,170,18,33,15,0.44200168659598976,categorical_crossentropy,False,0.4904234250788303,0.09873455468620257,862.3635334968567,0.03462791442871094,866.1829447746277,544.76953125,371,ok,,upstream-2.1.x,{}
503_wind,wind,pmlb,pmlb,regression,featuretools,2,1200,5259,1315,14,927,913,2.9520610840974744,rmse,False,2.985540099602209,0.011213721600723219,1.839050531387329,1.5330009460449219,32.728347063064575,454.15625,99,ok,,upstream-1.x,{}
503_wind,wind,pmlb,pmlb,regression,featuretools,1,1200,5259,1315,14,927,913,2.94601751811931,rmse,False,2.9842687326630206,0.01281761730270753,1.6292757987976074,1.6439886093139648,62.87005043029785,456.8203125,206,ok,,upstream-1.x,{}
shuttle,shuttle,pmlb,pmlb,multiclass,autofeat,2,1200,,,,,,,,,,,,,1380,,,timeout,wall-clock exceeded 1380s,,
503_wind,wind,pmlb,pmlb,regression,nofe,4,1200,5259,1315,14,14,0,3.045161175952676,rmse,False,3.045161175952676,-0.0,0.013305425643920898,0.00040340423583984375,4.444921016693115,326.41015625,254,ok,,1.0.0,{}
503_wind,wind,pmlb,pmlb,regression,autofeat,1,1200,5259,1315,14,104,90,2.9512778202767693,rmse,False,2.9842687326630206,0.011054940201987693,84.73072719573975,0.17269515991210938,93.39496374130249,736.91015625,187,ok,,upstream-2.1.x,{}
503_wind,wind,pmlb,pmlb,regression,autofeat,0,1200,5259,1315,14,103,89,3.115064666017729,rmse,False,3.160870419196631,0.014491499841535431,85.96194338798523,0.17865824699401855,110.48342776298523,737.28125,219,ok,,upstream-2.1.x,{}
shuttle,shuttle,pmlb,pmlb,multiclass,tabularaml,2,1200,,,,,,,,,,,,,1380,,,timeout,wall-clock exceeded 1380s,,
503_wind,wind,pmlb,pmlb,regression,autofeat,2,1200,5259,1315,14,90,76,2.9555617736084976,rmse,False,2.985540099602209,0.010041173453910637,67.92718720436096,0.1744678020477295,83.79265141487122,755.921875,137,ok,,upstream-2.1.x,{}
1193_BNG_lowbwt,BNG-lowbwt,pmlb,pmlb,regression,nofe,0,1200,24883,6221,9,9,0,445.0044680697531,rmse,False,445.0044680697531,-0.0,0.012120723724365234,0.0006170272827148438,13.05727243423462,335.39453125,129,ok,,1.0.0,{}
503_wind,wind,pmlb,pmlb,regression,featuretools,3,1200,5259,1315,14,927,913,2.974339210712061,rmse,False,2.966718495874886,-0.0025687354050516554,2.5868871212005615,2.0199224948883057,53.461469411849976,532.875,132,ok,,upstream-1.x,{}
503_wind,wind,pmlb,pmlb,regression,openfe,2,1200,5259,1315,14,722,708,2.9544366283005297,rmse,False,2.985540099602209,0.0104180383662653,56.93007683753967,13.864337682723999,112.9814178943634,556.3125,152,ok,,upstream-0.0.12,{}
503_wind,wind,pmlb,pmlb,regression,openfe,1,1200,5259,1315,14,722,708,3.5150629666636197,rmse,False,2.9842687326630206,-0.1778640871684982,57.158002614974976,15.296322107315063,121.93139696121216,558.8359375,121,ok,,upstream-0.0.12,{}
shuttle,shuttle,pmlb,pmlb,multiclass,autofeat,3,1200,,,,,,,,,,,,,1380,,,timeout,wall-clock exceeded 1380s,,
1193_BNG_lowbwt,BNG-lowbwt,pmlb,pmlb,regression,nofe,1,1200,24883,6221,9,9,0,451.3087170110411,rmse,False,451.3087170110411,-0.0,0.009130716323852539,0.0007984638214111328,5.703962802886963,334.2265625,105,ok,,1.0.0,{}
1193_BNG_lowbwt,BNG-lowbwt,pmlb,pmlb,regression,featuretools,0,1200,24883,6221,9,323,314,445.4590926358076,rmse,False,445.0044680697531,-0.0010216179806609462,2.3981077671051025,1.2283117771148682,25.02980089187622,490.13671875,82,ok,,upstream-1.x,{}
503_wind,wind,pmlb,pmlb,regression,autofeat,3,1200,5259,1315,14,105,91,2.970473199945706,rmse,False,2.966718495874886,-0.0012656084748320087,86.967937707901,0.14669489860534668,99.29181051254272,752.12890625,177,ok,,upstream-2.1.x,{}
503_wind,wind,pmlb,pmlb,regression,openfe,0,1200,5259,1315,14,772,758,3.113358937344092,rmse,False,3.160870419196631,0.015031138753424253,62.36186647415161,19.392876148223877,173.39667201042175,544.84375,213,ok,,upstream-0.0.12,{}
1193_BNG_lowbwt,BNG-lowbwt,pmlb,pmlb,regression,nofe,2,1200,24883,6221,9,9,0,449.2403380489895,rmse,False,449.2403380489895,-0.0,0.012327909469604492,0.0013217926025390625,6.796815395355225,332.42578125,107,ok,,1.0.0,{}
1193_BNG_lowbwt,BNG-lowbwt,pmlb,pmlb,regression,featuretools,1,1200,24883,6221,9,323,314,452.2032909648121,rmse,False,451.3087170110411,-0.0019821774321037576,1.945415735244751,1.5215957164764404,25.37699294090271,490.41015625,90,ok,,upstream-1.x,{}
503_wind,wind,pmlb,pmlb,regression,autofeat,4,1200,5259,1315,14,97,83,3.062189625966531,rmse,False,3.045161175952676,-0.005591970023894565,80.37571287155151,0.13088655471801758,106.20299243927002,721.64453125,228,ok,,upstream-2.1.x,{}
1193_BNG_lowbwt,BNG-lowbwt,pmlb,pmlb,regression,autofeat,0,1200,24883,6221,9,36,27,445.3896309439424,rmse,False,445.0044680697531,-0.0008655258583356917,62.26526999473572,0.05804896354675293,72.3023157119751,603.35546875,124,ok,,upstream-2.1.x,{}
shuttle,shuttle,pmlb,pmlb,multiclass,autofeat,4,1200,,,,,,,,,,,,,1380,,,timeout,wall-clock exceeded 1380s,,
1193_BNG_lowbwt,BNG-lowbwt,pmlb,pmlb,regression,featuretools,2,1200,24883,6221,9,323,314,449.9365615593123,rmse,False,449.2403380489895,-0.001549779597590082,1.8215315341949463,1.2202765941619873,17.696000814437866,490.0,84,ok,,upstream-1.x,{}
1193_BNG_lowbwt,BNG-lowbwt,pmlb,pmlb,regression,nofe,3,1200,24883,6221,9,9,0,450.1407188400256,rmse,False,450.1407188400256,-0.0,0.009530782699584961,0.0007457733154296875,5.424187660217285,333.73046875,84,ok,,1.0.0,{}
1193_BNG_lowbwt,BNG-lowbwt,pmlb,pmlb,regression,openfe,0,1200,24883,6221,9,287,278,447.79999793734737,rmse,False,445.0044680697531,-0.0062820265147451905,61.7655246257782,16.590258359909058,99.6447172164917,653.23046875,84,ok,,upstream-0.0.12,{}
503_wind,wind,pmlb,pmlb,regression,openfe,4,1200,5259,1315,14,727,713,3.0349088520346323,rmse,False,3.045161175952676,0.0033667590402128517,57.5065643787384,14.546760082244873,138.35271048545837,530.30859375,205,ok,,upstream-0.0.12,{}
503_wind,wind,pmlb,pmlb,regression,featuretools,4,1200,5259,1315,14,927,913,3.039820429170638,rmse,False,3.045161175952676,0.0017538469964130821,1.8345177173614502,1.832148790359497,110.68759441375732,456.15625,197,ok,,upstream-1.x,{}
1193_BNG_lowbwt,BNG-lowbwt,pmlb,pmlb,regression,autofeat,1,1200,24883,6221,9,32,23,451.3932460981952,rmse,False,451.3087170110411,-0.00018729770546855137,56.65437078475952,0.07464027404785156,76.67682909965515,684.61328125,86,ok,,upstream-2.1.x,{}
1193_BNG_lowbwt,BNG-lowbwt,pmlb,pmlb,regression,nofe,4,1200,24883,6221,9,9,0,456.1784179679472,rmse,False,456.1784179679472,-0.0,0.008520126342773438,0.0007190704345703125,6.702341079711914,334.64453125,117,ok,,1.0.0,{}
503_wind,wind,pmlb,pmlb,regression,tabularaml,2,1200,5259,1315,14,17,3,2.963028941516385,rmse,False,2.985540099602209,0.00754006221146503,185.17323994636536,0.014487743377685547,190.66191220283508,344.5234375,281,ok,,0.2.0,"{""mode"": ""medium"", ""elapsed_time"": 183.50223970413208, ""n_init_feats"": 14, ""n_added_feats"": 3, ""initial_metric"": null, ""final_metric"": 3.119177177820394, ""pct_gain"": 0.00867178619221044}"
pendigits,pendigits,pmlb,pmlb,multiclass,featuretools,1,1200,,,,,,,,,,,,,1380,,,timeout,wall-clock exceeded 1380s,,
pendigits,pendigits,pmlb,pmlb,multiclass,tabularaml,0,1200,,,,,,,,,,,,,1380,,,timeout,wall-clock exceeded 1380s,,
pendigits,pendigits,pmlb,pmlb,multiclass,tabularaml,1,1200,,,,,,,,,,,,,1380,,,timeout,wall-clock exceeded 1380s,,
pendigits,pendigits,pmlb,pmlb,multiclass,autofeat,0,1200,,,,,,,,,,,,,1380,,,timeout,wall-clock exceeded 1380s,,
pendigits,pendigits,pmlb,pmlb,multiclass,autofeat,2,1200,,,,,,,,,,,,,1380,,,timeout,wall-clock exceeded 1380s,,
pendigits,pendigits,pmlb,pmlb,multiclass,autofeat,1,1200,,,,,,,,,,,,,1380,,,timeout,wall-clock exceeded 1380s,,
pendigits,pendigits,pmlb,pmlb,multiclass,autofeat,3,1200,,,,,,,,,,,,,1380,,,timeout,wall-clock exceeded 1380s,,
pendigits,pendigits,pmlb,pmlb,multiclass,featuretools,3,1200,,,,,,,,,,,,,1380,,,timeout,wall-clock exceeded 1380s,,
pendigits,pendigits,pmlb,pmlb,multiclass,tabularaml,3,1200,,,,,,,,,,,,,1380,,,timeout,wall-clock exceeded 1380s,,
pendigits,pendigits,pmlb,pmlb,multiclass,openfe,4,1200,,,,,,,,,,,,,1380,,,timeout,wall-clock exceeded 1380s,,
pendigits,pendigits,pmlb,pmlb,multiclass,autofeat,4,1200,,,,,,,,,,,,,1380,,,timeout,wall-clock exceeded 1380s,,
optdigits,optdigits,pmlb,pmlb,multiclass,openfe,0,1200,,,,,,,,,,,,,1380,,,timeout,wall-clock exceeded 1380s,,
optdigits,optdigits,pmlb,pmlb,multiclass,featuretools,0,1200,,,,,,,,,,,,,1380,,,timeout,wall-clock exceeded 1380s,,
581_fri_c3_500_25,Friedman-c3,pmlb,pmlb,regression,nofe,0,1200,400,100,25,25,0,0.32666539334206623,rmse,False,0.32666539334206623,-0.0,0.006337404251098633,0.000179290771484375,7.007291316986084,320.578125,294,ok,,1.0.0,{}
581_fri_c3_500_25,Friedman-c3,pmlb,pmlb,regression,nofe,1,1200,400,100,25,25,0,0.3267980578050114,rmse,False,0.3267980578050114,-0.0,0.00403904914855957,0.0001704692840576172,5.457318067550659,317.390625,138,ok,,1.0.0,{}
503_wind,wind,pmlb,pmlb,regression,tabularaml,0,1200,5259,1315,14,16,2,3.1761826396842534,rmse,False,3.160870419196631,-0.004844305035292893,182.6364390850067,0.010495901107788086,250.96633887290955,341.453125,251,ok,,0.2.0,"{""mode"": ""medium"", ""elapsed_time"": 181.12714743614197, ""n_init_feats"": 14, ""n_added_feats"": 2, ""initial_metric"": null, ""final_metric"": 3.0469986752472447, ""pct_gain"": 0.013935942736975751}"
optdigits,optdigits,pmlb,pmlb,multiclass,openfe,1,1200,,,,,,,,,,,,,1380,,,timeout,wall-clock exceeded 1380s,,
optdigits,optdigits,pmlb,pmlb,multiclass,autofeat,1,1200,,,,,,,,,,,,,1380,,,timeout,wall-clock exceeded 1380s,,
1193_BNG_lowbwt,BNG-lowbwt,pmlb,pmlb,regression,featuretools,4,1200,24883,6221,9,323,314,456.98059575780127,rmse,False,456.1784179679472,-0.0017584737862597006,1.9583122730255127,0.9006023406982422,24.717286348342896,490.109375,77,ok,,upstream-1.x,{}
optdigits,optdigits,pmlb,pmlb,multiclass,featuretools,1,1200,,,,,,,,,,,,,1380,,,timeout,wall-clock exceeded 1380s,,
1193_BNG_lowbwt,BNG-lowbwt,pmlb,pmlb,regression,autofeat,2,1200,24883,6221,9,35,26,449.0826196167746,rmse,False,449.2403380489895,0.00035107807304181403,56.81024646759033,0.09436988830566406,69.36647534370422,681.53125,81,ok,,upstream-2.1.x,{}
581_fri_c3_500_25,Friedman-c3,pmlb,pmlb,regression,nofe,3,1200,400,100,25,25,0,0.3854716450762703,rmse,False,0.3854716450762703,-0.0,0.0030372142791748047,8.654594421386719e-05,6.016819000244141,321.41015625,312,ok,,1.0.0,{}
1193_BNG_lowbwt,BNG-lowbwt,pmlb,pmlb,regression,openfe,2,1200,24883,6221,9,284,275,448.90818659239403,rmse,False,449.2403380489895,0.0007393624936664379,58.49406957626343,18.173067808151245,101.06333613395691,652.33984375,84,ok,,upstream-0.0.12,{}
581_fri_c3_500_25,Friedman-c3,pmlb,pmlb,regression,nofe,4,1200,400,100,25,25,0,0.32775306122988507,rmse,False,0.32775306122988507,-0.0,0.00249481201171875,8.678436279296875e-05,11.474971532821655,320.63671875,405,ok,,1.0.0,{}
optdigits,optdigits,pmlb,pmlb,multiclass,openfe,2,1200,,,,,,,,,,,,,1380,,,timeout,wall-clock exceeded 1380s,,
1193_BNG_lowbwt,BNG-lowbwt,pmlb,pmlb,regression,featuretools,3,1200,24883,6221,9,323,314,450.15626491493003,rmse,False,450.1407188400256,-3.453603340857913e-05,2.302293062210083,1.2416558265686035,54.66663455963135,490.02734375,78,ok,,upstream-1.x,{}
optdigits,optdigits,pmlb,pmlb,multiclass,autofeat,2,1200,,,,,,,,,,,,,1380,,,timeout,wall-clock exceeded 1380s,,
1193_BNG_lowbwt,BNG-lowbwt,pmlb,pmlb,regression,tabularaml,0,1200,24883,6221,9,11,2,445.05831024802916,rmse,False,445.0044680697531,-0.00012099244420983415,165.9087312221527,0.00847172737121582,172.07948899269104,369.15234375,112,ok,,0.2.0,"{""mode"": ""medium"", ""elapsed_time"": 162.6606650352478, ""n_init_feats"": 9, ""n_added_feats"": 2, ""initial_metric"": null, ""final_metric"": 455.07750081962814, ""pct_gain"": 0.0002830613325898445}"
1028_SWD,SWD,pmlb,pmlb,regression,nofe,0,1200,800,200,10,10,0,0.5992811670507572,rmse,False,0.5992811670507572,-0.0,0.0024633407592773438,8.082389831542969e-05,10.870325088500977,316.98046875,44,ok,,1.0.0,{}
503_wind,wind,pmlb,pmlb,regression,tabularaml,1,1200,5259,1315,14,21,7,2.9952027819270444,rmse,False,2.9842687326630206,-0.0036638956620594684,278.3266851902008,0.0198209285736084,298.4307770729065,339.9375,195,ok,,0.2.0,"{""mode"": ""medium"", ""elapsed_time"": 276.5288200378418, ""n_init_feats"": 14, ""n_added_feats"": 7, ""initial_metric"": null, ""final_metric"": 3.0650473550803734, ""pct_gain"": 0.019922736450990634}"
1193_BNG_lowbwt,BNG-lowbwt,pmlb,pmlb,regression,autofeat,4,1200,24883,6221,9,32,23,456.95798665747975,rmse,False,456.1784179679472,-0.001708911817891644,69.40748286247253,0.04919862747192383,74.49804306030273,667.12109375,118,ok,,upstream-2.1.x,{}
optdigits,optdigits,pmlb,pmlb,multiclass,featuretools,2,1200,,,,,,,,,,,,,1380,,,timeout,wall-clock exceeded 1380s,,
1193_BNG_lowbwt,BNG-lowbwt,pmlb,pmlb,regression,openfe,3,1200,24883,6221,9,285,276,449.2665441501417,rmse,False,450.1407188400256,0.0019420031410101286,64.42328691482544,18.09566307067871,101.33191967010498,654.7109375,71,ok,,upstream-0.0.12,{}
1193_BNG_lowbwt,BNG-lowbwt,pmlb,pmlb,regression,openfe,4,1200,24883,6221,9,281,272,457.6769451365051,rmse,False,456.1784179679472,-0.00328495849328664,54.286473751068115,17.22919726371765,115.080561876297,654.15625,110,ok,,upstream-0.0.12,{}
581_fri_c3_500_25,Friedman-c3,pmlb,pmlb,regression,tabularaml,4,1200,400,100,25,26,1,0.29497039853125895,rmse,False,0.32775306122988507,0.10002244548261428,55.122477531433105,0.008805036544799805,66.8914008140564,329.4296875,263,ok,,0.2.0,"{""mode"": ""medium"", ""elapsed_time"": 54.836790323257446, ""n_init_feats"": 25, ""n_added_feats"": 1, ""initial_metric"": null, ""final_metric"": 0.35885391049630055, ""pct_gain"": 0.06861386466279992}"
1193_BNG_lowbwt,BNG-lowbwt,pmlb,pmlb,regression,autofeat,3,1200,24883,6221,9,33,24,451.06393818584314,rmse,False,450.1407188400256,-0.0020509571944448543,57.978108644485474,0.05093955993652344,130.3181254863739,763.6171875,83,ok,,upstream-2.1.x,{}
581_fri_c3_500_25,Friedman-c3,pmlb,pmlb,regression,openfe,0,1200,400,100,25,1037,1012,0.2711527013265359,rmse,False,0.32666539334206623,0.16993747469723694,40.386435747146606,6.877534627914429,127.08939385414124,373.1171875,271,ok,,upstream-0.0.12,{}
581_fri_c3_500_25,Friedman-c3,pmlb,pmlb,regression,tabularaml,0,1200,400,100,25,30,5,0.3098116365914675,rmse,False,0.32666539334206623,0.051593334017327054,120.38208293914795,0.011199712753295898,126.58043551445007,330.80078125,163,ok,,0.2.0,"{""mode"": ""medium"", ""elapsed_time"": 120.1044557094574, ""n_init_feats"": 25, ""n_added_feats"": 5, ""initial_metric"": null, ""final_metric"": 0.32463847491968545, ""pct_gain"": 0.04340230739466941}"
mfeat_factors,mfeat-factors,pmlb,pmlb,multiclass,tabularaml,0,1200,1600,400,216,217,1,0.1071101895407628,categorical_crossentropy,False,0.1043045536131649,-0.026898498966815825,967.5937149524689,0.016549348831176758,994.6671266555786,397.30859375,758,ok,,0.2.0,"{""mode"": ""medium"", ""elapsed_time"": 931.8193218708038, ""n_init_feats"": 216, ""n_added_feats"": 1, ""initial_metric"": null, ""final_metric"": 0.14530327656676237, ""pct_gain"": 0.01858239639175206}"
1028_SWD,SWD,pmlb,pmlb,regression,openfe,0,1200,800,200,10,377,367,0.5986594763991147,rmse,False,0.5992811670507572,0.0010373939409810797,26.39202356338501,4.980357646942139,58.00911235809326,343.296875,44,ok,,upstream-0.0.12,{}
1028_SWD,SWD,pmlb,pmlb,regression,autofeat,0,1200,800,200,10,27,17,0.6054091395937536,rmse,False,0.5992811670507572,-0.010225538328117432,40.741048097610474,0.03517341613769531,59.29286479949951,546.8828125,44,ok,,upstream-2.1.x,{}
optdigits,optdigits,pmlb,pmlb,multiclass,openfe,3,1200,,,,,,,,,,,,,1380,,,timeout,wall-clock exceeded 1380s,,
581_fri_c3_500_25,Friedman-c3,pmlb,pmlb,regression,openfe,3,1200,400,100,25,1122,1097,0.31929866347957603,rmse,False,0.3854716450762703,0.17166757254895137,34.9700493812561,7.702408790588379,112.220698595047,377.92578125,318,ok,,upstream-0.0.12,{}
1028_SWD,SWD,pmlb,pmlb,regression,nofe,2,1200,800,200,10,10,0,0.6211146858325913,rmse,False,0.6211146858325913,-0.0,0.004095554351806641,7.915496826171875e-05,10.390291213989258,314.84375,47,ok,,1.0.0,{}
optdigits,optdigits,pmlb,pmlb,multiclass,autofeat,3,1200,,,,,,,,,,,,,1380,,,timeout,wall-clock exceeded 1380s,,
1028_SWD,SWD,pmlb,pmlb,regression,featuretools,2,1200,800,200,10,490,480,0.6272462057235365,rmse,False,0.6211146858325913,-0.009871799895901682,1.3784971237182617,1.2567367553710938,9.875266075134277,348.4140625,53,ok,,upstream-1.x,{}
581_fri_c3_500_25,Friedman-c3,pmlb,pmlb,regression,featuretools,0,1200,400,100,25,2800,2775,0.49121025116412115,rmse,False,0.32666539334206623,-0.5037107118651913,4.18123197555542,5.995246648788452,156.9521677494049,433.23828125,294,ok,,upstream-1.x,{}
1028_SWD,SWD,pmlb,pmlb,regression,featuretools,3,1200,800,200,10,490,480,0.6631445946665419,rmse,False,,,1.704512119293213,0.8893849849700928,10.012913465499878,348.53125,32,ok,,upstream-1.x,{}
1028_SWD,SWD,pmlb,pmlb,regression,featuretools,0,1200,800,200,10,490,480,0.6073926077919122,rmse,False,0.5992811670507572,-0.013535283915351177,1.0335896015167236,0.8500328063964844,83.7489562034607,350.1640625,29,ok,,upstream-1.x,{}
1028_SWD,SWD,pmlb,pmlb,regression,nofe,1,1200,800,200,10,10,0,0.6862052687228947,rmse,False,0.6862052687228947,-0.0,0.00304412841796875,9.036064147949219e-05,74.0306224822998,316.68359375,61,ok,,1.0.0,{}
581_fri_c3_500_25,Friedman-c3,pmlb,pmlb,regression,featuretools,1,1200,400,100,25,2800,2775,0.3155004052528537,rmse,False,0.3267980578050114,0.03457074570161185,4.08345365524292,5.829942941665649,159.46495580673218,434.5859375,320,ok,,upstream-1.x,{}
581_fri_c3_500_25,Friedman-c3,pmlb,pmlb,regression,openfe,1,1200,400,100,25,1173,1148,0.2820858945004673,rmse,False,0.3267980578050114,0.13681893829131098,52.78011703491211,9.958690404891968,160.8642075061798,383.9375,249,ok,,upstream-0.0.12,{}
503_wind,wind,pmlb,pmlb,regression,tabularaml,4,1200,5259,1315,14,20,6,3.023307142288354,rmse,False,3.045161175952676,0.00717664268049301,286.4961447715759,0.010974884033203125,290.6616413593292,348.75,214,ok,,0.2.0,"{""mode"": ""medium"", ""elapsed_time"": 285.1352028846741, ""n_init_feats"": 14, ""n_added_feats"": 6, ""initial_metric"": null, ""final_metric"": 3.108342933046662, ""pct_gain"": 0.015562939334948749}"
1169,Airlines,openml_task,stress_test,classification,nofe,0,1200,,,,,,,,,,,,,0.7892050743103027,,,crash,OpenMLServerException: https://www.openml.org/api/v1/xml/task/1169 returned code 151: Unknown task - None,,
1169,Airlines,openml_task,stress_test,classification,openfe,0,1200,,,,,,,,,,,,,1.2513749599456787,,,crash,OpenMLServerException: https://www.openml.org/api/v1/xml/task/1169 returned code 151: Unknown task - None,,
1169,Airlines,openml_task,stress_test,classification,autofeat,0,1200,,,,,,,,,,,,,0.6456727981567383,,,crash,OpenMLServerException: https://www.openml.org/api/v1/xml/task/1169 returned code 151: Unknown task - None,,
1169,Airlines,openml_task,stress_test,classification,featuretools,0,1200,,,,,,,,,,,,,0.6935303211212158,,,crash,OpenMLServerException: https://www.openml.org/api/v1/xml/task/1169 returned code 151: Unknown task - None,,
1028_SWD,SWD,pmlb,pmlb,regression,featuretools,4,1200,800,200,10,490,480,0.6255358397651215,rmse,False,,,0.9594564437866211,0.7931578159332275,8.640676021575928,350.94140625,94,ok,,upstream-1.x,{}
optdigits,optdigits,pmlb,pmlb,multiclass,tabularaml,3,1200,,,,,,,,,,,,,1380,,,timeout,wall-clock exceeded 1380s,,
1169,Airlines,openml_task,stress_test,classification,tabularaml,0,1200,,,,,,,,,,,,,0.6606366634368896,,,crash,OpenMLServerException: https://www.openml.org/api/v1/xml/task/1169 returned code 151: Unknown task - None,,
optdigits,optdigits,pmlb,pmlb,multiclass,featuretools,3,1200,,,,,,,,,,,,,1380,,,timeout,wall-clock exceeded 1380s,,
1169,Airlines,openml_task,stress_test,classification,nofe,1,1200,,,,,,,,,,,,,0.7753973007202148,,,crash,OpenMLServerException: https://www.openml.org/api/v1/xml/task/1169 returned code 151: Unknown task - None,,
1169,Airlines,openml_task,stress_test,classification,autofeat,1,1200,,,,,,,,,,,,,0.7005877494812012,,,crash,OpenMLServerException: https://www.openml.org/api/v1/xml/task/1169 returned code 151: Unknown task - None,,
1169,Airlines,openml_task,stress_test,classification,featuretools,1,1200,,,,,,,,,,,,,1.0239911079406738,,,crash,OpenMLServerException: https://www.openml.org/api/v1/xml/task/1169 returned code 151: Unknown task - None,,
1169,Airlines,openml_task,stress_test,classification,openfe,1,1200,,,,,,,,,,,,,1.8564050197601318,,,crash,OpenMLServerException: https://www.openml.org/api/v1/xml/task/1169 returned code 151: Unknown task - None,,
1169,Airlines,openml_task,stress_test,classification,tabularaml,1,1200,,,,,,,,,,,,,1.723191499710083,,,crash,OpenMLServerException: https://www.openml.org/api/v1/xml/task/1169 returned code 151: Unknown task - None,,
1169,Airlines,openml_task,stress_test,classification,nofe,2,1200,,,,,,,,,,,,,2.188295602798462,,,crash,OpenMLServerException: https://www.openml.org/api/v1/xml/task/1169 returned code 151: Unknown task - None,,
1169,Airlines,openml_task,stress_test,classification,autofeat,2,1200,,,,,,,,,,,,,0.6495113372802734,,,crash,OpenMLServerException: https://www.openml.org/api/v1/xml/task/1169 returned code 151: Unknown task - None,,
1169,Airlines,openml_task,stress_test,classification,openfe,2,1200,,,,,,,,,,,,,1.2745389938354492,,,crash,OpenMLServerException: https://www.openml.org/api/v1/xml/task/1169 returned code 151: Unknown task - None,,
1169,Airlines,openml_task,stress_test,classification,featuretools,2,1200,,,,,,,,,,,,,1.285083532333374,,,crash,OpenMLServerException: https://www.openml.org/api/v1/xml/task/1169 returned code 151: Unknown task - None,,
1169,Airlines,openml_task,stress_test,classification,tabularaml,2,1200,,,,,,,,,,,,,1.761760950088501,,,crash,OpenMLServerException: https://www.openml.org/api/v1/xml/task/1169 returned code 151: Unknown task - None,,
1169,Airlines,openml_task,stress_test,classification,nofe,3,1200,,,,,,,,,,,,,1.0151727199554443,,,crash,OpenMLServerException: https://www.openml.org/api/v1/xml/task/1169 returned code 151: Unknown task - None,,
1169,Airlines,openml_task,stress_test,classification,openfe,3,1200,,,,,,,,,,,,,0.6417267322540283,,,crash,OpenMLServerException: https://www.openml.org/api/v1/xml/task/1169 returned code 151: Unknown task - None,,
1169,Airlines,openml_task,stress_test,classification,autofeat,3,1200,,,,,,,,,,,,,0.8491792678833008,,,crash,OpenMLServerException: https://www.openml.org/api/v1/xml/task/1169 returned code 151: Unknown task - None,,
1169,Airlines,openml_task,stress_test,classification,featuretools,3,1200,,,,,,,,,,,,,0.6407592296600342,,,crash,OpenMLServerException: https://www.openml.org/api/v1/xml/task/1169 returned code 151: Unknown task - None,,
1169,Airlines,openml_task,stress_test,classification,tabularaml,3,1200,,,,,,,,,,,,,0.6443543434143066,,,crash,OpenMLServerException: https://www.openml.org/api/v1/xml/task/1169 returned code 151: Unknown task - None,,
1169,Airlines,openml_task,stress_test,classification,nofe,4,1200,,,,,,,,,,,,,0.70235276222229,,,crash,OpenMLServerException: https://www.openml.org/api/v1/xml/task/1169 returned code 151: Unknown task - None,,
1028_SWD,SWD,pmlb,pmlb,regression,autofeat,3,1200,800,200,10,25,15,0.6607355391081853,rmse,False,,,35.76913595199585,0.032521724700927734,40.40960741043091,545.01171875,32,ok,,upstream-2.1.x,{}
581_fri_c3_500_25,Friedman-c3,pmlb,pmlb,regression,featuretools,3,1200,400,100,25,2800,2775,0.4013489431400609,rmse,False,0.3854716450762703,-0.04118927621939379,7.033900737762451,7.855294942855835,161.48969078063965,434.5234375,289,ok,,upstream-1.x,{}
optdigits,optdigits,pmlb,pmlb,multiclass,autofeat,4,1200,,,,,,,,,,,,,1380,,,timeout,wall-clock exceeded 1380s,,
mfeat_factors,mfeat-factors,pmlb,pmlb,multiclass,tabularaml,1,1200,1600,400,216,216,0,0.13339161737516406,categorical_crossentropy,False,0.13339161737516406,-0.0,971.2001187801361,0.030767202377319336,986.6998941898346,383.5546875,394,ok,,0.2.0,"{""mode"": ""medium"", ""elapsed_time"": 941.5808284282684, ""n_init_feats"": 216, ""n_added_feats"": 0, ""initial_metric"": null, ""final_metric"": 0.14961917061852723, ""pct_gain"": 0.0}"
optdigits,optdigits,pmlb,pmlb,multiclass,openfe,4,1200,,,,,,,,,,,,,1380,,,timeout,wall-clock exceeded 1380s,,
1169,Airlines,openml_task,stress_test,classification,openfe,4,1200,,,,,,,,,,,,,0.6417033672332764,,,crash,OpenMLServerException: https://www.openml.org/api/v1/xml/task/1169 returned code 151: Unknown task - None,,
1028_SWD,SWD,pmlb,pmlb,regression,nofe,3,1200,800,200,10,10,0,0.6518046238344921,rmse,False,0.6518046238344921,-0.0,0.005533933639526367,0.00018715858459472656,53.00905227661133,317.08984375,41,ok,,1.0.0,{}
1028_SWD,SWD,pmlb,pmlb,regression,featuretools,1,1200,800,200,10,490,480,0.688848097524892,rmse,False,0.6862052687228947,-0.003851367691938434,1.213165521621704,1.137563943862915,73.62464642524719,346.16796875,52,ok,,upstream-1.x,{}
1169,Airlines,openml_task,stress_test,classification,autofeat,4,1200,,,,,,,,,,,,,0.6565947532653809,,,crash,OpenMLServerException: https://www.openml.org/api/v1/xml/task/1169 returned code 151: Unknown task - None,,
1169,Airlines,openml_task,stress_test,classification,featuretools,4,1200,,,,,,,,,,,,,0.8559303283691406,,,crash,OpenMLServerException: https://www.openml.org/api/v1/xml/task/1169 returned code 151: Unknown task - None,,
1169,Airlines,openml_task,stress_test,classification,tabularaml,4,1200,,,,,,,,,,,,,0.6766760349273682,,,crash,OpenMLServerException: https://www.openml.org/api/v1/xml/task/1169 returned code 151: Unknown task - None,,
optdigits,optdigits,pmlb,pmlb,multiclass,featuretools,4,1200,,,,,,,,,,,,,1380,,,timeout,wall-clock exceeded 1380s,,
42712,Bike-Sharing,openml_task,stress_test,regression,openfe,0,1200,,,,,,,,,,,,,0.6495649814605713,,,crash,OpenMLServerException: https://www.openml.org/api/v1/xml/task/42712 returned code 151: Unknown task - None,,
1028_SWD,SWD,pmlb,pmlb,regression,autofeat,2,1200,800,200,10,17,7,0.62282702622603,rmse,False,0.6211146858325913,-0.002756882798775476,40.054693937301636,0.02421116828918457,58.78318166732788,540.1796875,42,ok,,upstream-2.1.x,{}
581_fri_c3_500_25,Friedman-c3,pmlb,pmlb,regression,featuretools,2,1200,400,100,25,2800,2775,0.45414407409234714,rmse,False,,,6.995177507400513,8.248957395553589,180.48404335975647,434.49609375,163,ok,,upstream-1.x,{}
42712,Bike-Sharing,openml_task,stress_test,regression,nofe,0,1200,,,,,,,,,,,,,1.3069276809692383,,,crash,OpenMLServerException: https://www.openml.org/api/v1/xml/task/42712 returned code 151: Unknown task - None,,
1028_SWD,SWD,pmlb,pmlb,regression,openfe,1,1200,800,200,10,368,358,0.6787452673096964,rmse,False,0.6862052687228947,0.010871384632592738,22.89165210723877,4.587416410446167,104.72382473945618,344.24609375,62,ok,,upstream-0.0.12,{}
42712,Bike-Sharing,openml_task,stress_test,regression,openfe,1,1200,,,,,,,,,,,,,0.7039549350738525,,,crash,OpenMLServerException: https://www.openml.org/api/v1/xml/task/42712 returned code 151: Unknown task - None,,
42712,Bike-Sharing,openml_task,stress_test,regression,nofe,1,1200,,,,,,,,,,,,,1.616955041885376,,,crash,OpenMLServerException: https://www.openml.org/api/v1/xml/task/42712 returned code 151: Unknown task - None,,
42712,Bike-Sharing,openml_task,stress_test,regression,autofeat,0,1200,,,,,,,,,,,,,2.7048587799072266,,,crash,OpenMLServerException: https://www.openml.org/api/v1/xml/task/42712 returned code 151: Unknown task - None,,
42712,Bike-Sharing,openml_task,stress_test,regression,openfe,2,1200,,,,,,,,,,,,,0.995093584060669,,,crash,OpenMLServerException: https://www.openml.org/api/v1/xml/task/42712 returned code 151: Unknown task - None,,
1028_SWD,SWD,pmlb,pmlb,regression,autofeat,1,1200,800,200,10,28,18,0.6726266945594253,rmse,False,0.6862052687228947,0.019787918837668898,45.02585029602051,0.03634524345397949,86.54720163345337,546.4453125,39,ok,,upstream-2.1.x,{}
42712,Bike-Sharing,openml_task,stress_test,regression,autofeat,1,1200,,,,,,,,,,,,,2.9075260162353516,,,crash,OpenMLServerException: https://www.openml.org/api/v1/xml/task/42712 returned code 151: Unknown task - None,,
42712,Bike-Sharing,openml_task,stress_test,regression,autofeat,2,1200,,,,,,,,,,,,,2.421617269515991,,,crash,OpenMLServerException: https://www.openml.org/api/v1/xml/task/42712 returned code 151: Unknown task - None,,
42712,Bike-Sharing,openml_task,stress_test,regression,tabularaml,3,1200,,,,,,,,,,,,,0.8742966651916504,,,crash,OpenMLServerException: https://www.openml.org/api/v1/xml/task/42712 returned code 151: Unknown task - None,,
42712,Bike-Sharing,openml_task,stress_test,regression,autofeat,3,1200,,,,,,,,,,,,,1.7662625312805176,,,crash,OpenMLServerException: https://www.openml.org/api/v1/xml/task/42712 returned code 151: Unknown task - None,,
42712,Bike-Sharing,openml_task,stress_test,regression,nofe,3,1200,,,,,,,,,,,,,3.20385479927063,,,crash,OpenMLServerException: https://www.openml.org/api/v1/xml/task/42712 returned code 151: Unknown task - None,,
42712,Bike-Sharing,openml_task,stress_test,regression,nofe,2,1200,,,,,,,,,,,,,5.214907884597778,,,crash,OpenMLServerException: https://www.openml.org/api/v1/xml/task/42712 returned code 151: Unknown task - None,,
42712,Bike-Sharing,openml_task,stress_test,regression,tabularaml,1,1200,,,,,,,,,,,,,6.120179891586304,,,crash,OpenMLServerException: https://www.openml.org/api/v1/xml/task/42712 returned code 151: Unknown task - None,,
1113,KDD-Cup-98,openml_task,stress_test,regression,nofe,0,1200,,,,,,,,,,,,,0.6868436336517334,,,crash,OpenMLServerException: https://www.openml.org/api/v1/xml/task/1113 returned code 151: Unknown task - None,,
42712,Bike-Sharing,openml_task,stress_test,regression,nofe,4,1200,,,,,,,,,,,,,3.021542549133301,,,crash,OpenMLServerException: https://www.openml.org/api/v1/xml/task/42712 returned code 151: Unknown task - None,,
42712,Bike-Sharing,openml_task,stress_test,regression,tabularaml,2,1200,,,,,,,,,,,,,4.916722536087036,,,crash,OpenMLServerException: https://www.openml.org/api/v1/xml/task/42712 returned code 151: Unknown task - None,,
1113,KDD-Cup-98,openml_task,stress_test,regression,openfe,0,1200,,,,,,,,,,,,,0.627030611038208,,,crash,OpenMLServerException: https://www.openml.org/api/v1/xml/task/1113 returned code 151: Unknown task - None,,
42712,Bike-Sharing,openml_task,stress_test,regression,featuretools,2,1200,,,,,,,,,,,,,6.4440529346466064,,,crash,OpenMLServerException: https://www.openml.org/api/v1/xml/task/42712 returned code 151: Unknown task - None,,
1113,KDD-Cup-98,openml_task,stress_test,regression,autofeat,0,1200,,,,,,,,,,,,,0.650113582611084,,,crash,OpenMLServerException: https://www.openml.org/api/v1/xml/task/1113 returned code 151: Unknown task - None,,
42712,Bike-Sharing,openml_task,stress_test,regression,featuretools,4,1200,,,,,,,,,,,,,3.115856170654297,,,crash,OpenMLServerException: https://www.openml.org/api/v1/xml/task/42712 returned code 151: Unknown task - None,,
581_fri_c3_500_25,Friedman-c3,pmlb,pmlb,regression,featuretools,4,1200,400,100,25,2800,2775,0.26723683885789384,rmse,False,0.32775306122988507,0.18463968618601342,6.346571922302246,7.62574315071106,158.12274479866028,434.16015625,317,ok,,upstream-1.x,{}
1113,KDD-Cup-98,openml_task,stress_test,regression,featuretools,0,1200,,,,,,,,,,,,,1.1098835468292236,,,crash,OpenMLServerException: https://www.openml.org/api/v1/xml/task/1113 returned code 151: Unknown task - None,,
42712,Bike-Sharing,openml_task,stress_test,regression,openfe,4,1200,,,,,,,,,,,,,4.577172040939331,,,crash,OpenMLServerException: https://www.openml.org/api/v1/xml/task/42712 returned code 151: Unknown task - None,,
42712,Bike-Sharing,openml_task,stress_test,regression,featuretools,0,1200,,,,,,,,,,,,,11.18887710571289,,,crash,OpenMLServerException: https://www.openml.org/api/v1/xml/task/42712 returned code 151: Unknown task - None,,
1113,KDD-Cup-98,openml_task,stress_test,regression,tabularaml,0,1200,,,,,,,,,,,,,0.9458174705505371,,,crash,OpenMLServerException: https://www.openml.org/api/v1/xml/task/1113 returned code 151: Unknown task - None,,
1113,KDD-Cup-98,openml_task,stress_test,regression,openfe,1,1200,,,,,,,,,,,,,0.745811939239502,,,crash,OpenMLServerException: https://www.openml.org/api/v1/xml/task/1113 returned code 151: Unknown task - None,,
1028_SWD,SWD,pmlb,pmlb,regression,autofeat,4,1200,800,200,10,20,10,0.6255174939032088,rmse,False,,,36.605382680892944,0.026312589645385742,39.98473381996155,543.04296875,94,ok,,upstream-2.1.x,{}
42712,Bike-Sharing,openml_task,stress_test,regression,autofeat,4,1200,,,,,,,,,,,,,5.923043727874756,,,crash,OpenMLServerException: https://www.openml.org/api/v1/xml/task/42712 returned code 151: Unknown task - None,,
1113,KDD-Cup-98,openml_task,stress_test,regression,nofe,1,1200,,,,,,,,,,,,,1.441265344619751,,,crash,OpenMLServerException: https://www.openml.org/api/v1/xml/task/1113 returned code 151: Unknown task - None,,
42712,Bike-Sharing,openml_task,stress_test,regression,openfe,3,1200,,,,,,,,,,,,,9.490337371826172,,,crash,OpenMLServerException: https://www.openml.org/api/v1/xml/task/42712 returned code 151: Unknown task - None,,
581_fri_c3_500_25,Friedman-c3,pmlb,pmlb,regression,openfe,2,1200,400,100,25,1088,1063,0.3020891135405774,rmse,False,,,40.1559579372406,8.566216468811035,194.59091925621033,373.41796875,274,ok,,upstream-0.0.12,{}
1113,KDD-Cup-98,openml_task,stress_test,regression,featuretools,1,1200,,,,,,,,,,,,,0.8201558589935303,,,crash,OpenMLServerException: https://www.openml.org/api/v1/xml/task/1113 returned code 151: Unknown task - None,,
42712,Bike-Sharing,openml_task,stress_test,regression,featuretools,1,1200,,,,,,,,,,,,,12.444950103759766,,,crash,OpenMLServerException: https://www.openml.org/api/v1/xml/task/42712 returned code 151: Unknown task - None,,
1113,KDD-Cup-98,openml_task,stress_test,regression,openfe,2,1200,,,,,,,,,,,,,0.6846458911895752,,,crash,OpenMLServerException: https://www.openml.org/api/v1/xml/task/1113 returned code 151: Unknown task - None,,
42712,Bike-Sharing,openml_task,stress_test,regression,featuretools,3,1200,,,,,,,,,,,,,10.018328428268433,,,crash,OpenMLServerException: https://www.openml.org/api/v1/xml/task/42712 returned code 151: Unknown task - None,,
42712,Bike-Sharing,openml_task,stress_test,regression,tabularaml,4,1200,,,,,,,,,,,,,7.384954929351807,,,crash,OpenMLServerException: https://www.openml.org/api/v1/xml/task/42712 returned code 151: Unknown task - None,,
1113,KDD-Cup-98,openml_task,stress_test,regression,nofe,2,1200,,,,,,,,,,,,,1.6826376914978027,,,crash,OpenMLServerException: https://www.openml.org/api/v1/xml/task/1113 returned code 151: Unknown task - None,,
42712,Bike-Sharing,openml_task,stress_test,regression,tabularaml,0,1200,,,,,,,,,,,,,15.303053379058838,,,crash,OpenMLServerException: https://www.openml.org/api/v1/xml/task/42712 returned code 151: Unknown task - None,,
1113,KDD-Cup-98,openml_task,stress_test,regression,autofeat,1,1200,,,,,,,,,,,,,3.611469268798828,,,crash,OpenMLServerException: https://www.openml.org/api/v1/xml/task/1113 returned code 151: Unknown task - None,,
1113,KDD-Cup-98,openml_task,stress_test,regression,nofe,3,1200,,,,,,,,,,,,,1.459179401397705,,,crash,OpenMLServerException: https://www.openml.org/api/v1/xml/task/1113 returned code 151: Unknown task - None,,
1113,KDD-Cup-98,openml_task,stress_test,regression,tabularaml,1,1200,,,,,,,,,,,,,4.108200788497925,,,crash,OpenMLServerException: https://www.openml.org/api/v1/xml/task/1113 returned code 151: Unknown task - None,,
1113,KDD-Cup-98,openml_task,stress_test,regression,openfe,4,1200,,,,,,,,,,,,,1.2779812812805176,,,crash,OpenMLServerException: https://www.openml.org/api/v1/xml/task/1113 returned code 151: Unknown task - None,,
23380,Mercedes-Greener,openml_task,stress_test,regression,nofe,0,1200,,,,,,,,,,,,,0.6246495246887207,,,crash,OpenMLServerException: https://www.openml.org/api/v1/xml/task/23380 returned code 151: Unknown task - None,,
1113,KDD-Cup-98,openml_task,stress_test,regression,tabularaml,3,1200,,,,,,,,,,,,,2.9197165966033936,,,crash,OpenMLServerException: https://www.openml.org/api/v1/xml/task/1113 returned code 151: Unknown task - None,,
1113,KDD-Cup-98,openml_task,stress_test,regression,tabularaml,4,1200,,,,,,,,,,,,,1.7540650367736816,,,crash,OpenMLServerException: https://www.openml.org/api/v1/xml/task/1113 returned code 151: Unknown task - None,,
23380,Mercedes-Greener,openml_task,stress_test,regression,openfe,0,1200,,,,,,,,,,,,,0.9873898029327393,,,crash,OpenMLServerException: https://www.openml.org/api/v1/xml/task/23380 returned code 151: Unknown task - None,,
23380,Mercedes-Greener,openml_task,stress_test,regression,autofeat,0,1200,,,,,,,,,,,,,1.0180234909057617,,,crash,OpenMLServerException: https://www.openml.org/api/v1/xml/task/23380 returned code 151: Unknown task - None,,
1113,KDD-Cup-98,openml_task,stress_test,regression,autofeat,4,1200,,,,,,,,,,,,,2.691016912460327,,,crash,OpenMLServerException: https://www.openml.org/api/v1/xml/task/1113 returned code 151: Unknown task - None,,
23380,Mercedes-Greener,openml_task,stress_test,regression,tabularaml,0,1200,,,,,,,,,,,,,0.885549783706665,,,crash,OpenMLServerException: https://www.openml.org/api/v1/xml/task/23380 returned code 151: Unknown task - None,,
1113,KDD-Cup-98,openml_task,stress_test,regression,featuretools,4,1200,,,,,,,,,,,,,3.0549497604370117,,,crash,OpenMLServerException: https://www.openml.org/api/v1/xml/task/1113 returned code 151: Unknown task - None,,
1113,KDD-Cup-98,openml_task,stress_test,regression,autofeat,2,1200,,,,,,,,,,,,,6.7872772216796875,,,crash,OpenMLServerException: https://www.openml.org/api/v1/xml/task/1113 returned code 151: Unknown task - None,,
23380,Mercedes-Greener,openml_task,stress_test,regression,openfe,1,1200,,,,,,,,,,,,,0.9972741603851318,,,crash,OpenMLServerException: https://www.openml.org/api/v1/xml/task/23380 returned code 151: Unknown task - None,,
23380,Mercedes-Greener,openml_task,stress_test,regression,featuretools,1,1200,,,,,,,,,,,,,0.993361234664917,,,crash,OpenMLServerException: https://www.openml.org/api/v1/xml/task/23380 returned code 151: Unknown task - None,,
1113,KDD-Cup-98,openml_task,stress_test,regression,featuretools,3,1200,,,,,,,,,,,,,5.708627462387085,,,crash,OpenMLServerException: https://www.openml.org/api/v1/xml/task/1113 returned code 151: Unknown task - None,,
23380,Mercedes-Greener,openml_task,stress_test,regression,featuretools,0,1200,,,,,,,,,,,,,3.833057165145874,,,crash,OpenMLServerException: https://www.openml.org/api/v1/xml/task/23380 returned code 151: Unknown task - None,,
1113,KDD-Cup-98,openml_task,stress_test,regression,autofeat,3,1200,,,,,,,,,,,,,6.745642185211182,,,crash,OpenMLServerException: https://www.openml.org/api/v1/xml/task/1113 returned code 151: Unknown task - None,,
23380,Mercedes-Greener,openml_task,stress_test,regression,nofe,2,1200,,,,,,,,,,,,,1.3479762077331543,,,crash,OpenMLServerException: https://www.openml.org/api/v1/xml/task/23380 returned code 151: Unknown task - None,,
1113,KDD-Cup-98,openml_task,stress_test,regression,featuretools,2,1200,,,,,,,,,,,,,8.810026407241821,,,crash,OpenMLServerException: https://www.openml.org/api/v1/xml/task/1113 returned code 151: Unknown task - None,,
23380,Mercedes-Greener,openml_task,stress_test,regression,tabularaml,2,1200,,,,,,,,,,,,,0.6616783142089844,,,crash,OpenMLServerException: https://www.openml.org/api/v1/xml/task/23380 returned code 151: Unknown task - None,,
1113,KDD-Cup-98,openml_task,stress_test,regression,tabularaml,2,1200,,,,,,,,,,,,,8.693711757659912,,,crash,OpenMLServerException: https://www.openml.org/api/v1/xml/task/1113 returned code 151: Unknown task - None,,
23380,Mercedes-Greener,openml_task,stress_test,regression,autofeat,1,1200,,,,,,,,,,,,,3.7523300647735596,,,crash,OpenMLServerException: https://www.openml.org/api/v1/xml/task/23380 returned code 151: Unknown task - None,,
23380,Mercedes-Greener,openml_task,stress_test,regression,openfe,3,1200,,,,,,,,,,,,,1.2791790962219238,,,crash,OpenMLServerException: https://www.openml.org/api/v1/xml/task/23380 returned code 151: Unknown task - None,,
1113,KDD-Cup-98,openml_task,stress_test,regression,openfe,3,1200,,,,,,,,,,,,,9.009554147720337,,,crash,OpenMLServerException: https://www.openml.org/api/v1/xml/task/1113 returned code 151: Unknown task - None,,
1113,KDD-Cup-98,openml_task,stress_test,regression,nofe,4,1200,,,,,,,,,,,,,8.775274991989136,,,crash,OpenMLServerException: https://www.openml.org/api/v1/xml/task/1113 returned code 151: Unknown task - None,,
23380,Mercedes-Greener,openml_task,stress_test,regression,featuretools,3,1200,,,,,,,,,,,,,1.3282485008239746,,,crash,OpenMLServerException: https://www.openml.org/api/v1/xml/task/23380 returned code 151: Unknown task - None,,
23380,Mercedes-Greener,openml_task,stress_test,regression,tabularaml,3,1200,,,,,,,,,,,,,1.4870703220367432,,,crash,OpenMLServerException: https://www.openml.org/api/v1/xml/task/23380 returned code 151: Unknown task - None,,
41207,Allstate-Claims,openml_task,stress_test,regression,nofe,0,1200,,,,,,,,,,,,,0.620734453201294,,,crash,OpenMLServerException: https://www.openml.org/api/v1/xml/task/41207 returned code 151: Unknown task - None,,
23380,Mercedes-Greener,openml_task,stress_test,regression,openfe,4,1200,,,,,,,,,,,,,1.582270622253418,,,crash,OpenMLServerException: https://www.openml.org/api/v1/xml/task/23380 returned code 151: Unknown task - None,,
1028_SWD,SWD,pmlb,pmlb,regression,tabularaml,2,1200,800,200,10,11,1,0.6205817452828288,rmse,False,0.6211146858325913,0.0008580388806104292,71.94495892524719,0.005833625793457031,81.3849880695343,327.1015625,47,ok,,0.2.0,"{""mode"": ""medium"", ""elapsed_time"": 71.74728560447693, ""n_init_feats"": 10, ""n_added_feats"": 1, ""initial_metric"": null, ""final_metric"": 0.6592579960052636, ""pct_gain"": 0.007469518550320022}"
23380,Mercedes-Greener,openml_task,stress_test,regression,featuretools,2,1200,,,,,,,,,,,,,4.875411748886108,,,crash,OpenMLServerException: https://www.openml.org/api/v1/xml/task/23380 returned code 151: Unknown task - None,,
1028_SWD,SWD,pmlb,pmlb,regression,tabularaml,1,1200,800,200,10,12,2,0.6854464695274292,rmse,False,0.6862052687228947,0.001105790395456625,83.68644261360168,0.007209300994873047,101.71909475326538,332.41796875,60,ok,,0.2.0,"{""mode"": ""medium"", ""elapsed_time"": 83.47948956489563, ""n_init_feats"": 10, ""n_added_feats"": 2, ""initial_metric"": null, ""final_metric"": 0.6158991699687635, ""pct_gain"": 0.01405939310769118}"
23380,Mercedes-Greener,openml_task,stress_test,regression,autofeat,4,1200,,,,,,,,,,,,,2.9699976444244385,,,crash,OpenMLServerException: https://www.openml.org/api/v1/xml/task/23380 returned code 151: Unknown task - None,,
41207,Allstate-Claims,openml_task,stress_test,regression,openfe,0,1200,,,,,,,,,,,,,0.6625270843505859,,,crash,OpenMLServerException: https://www.openml.org/api/v1/xml/task/41207 returned code 151: Unknown task - None,,
41207,Allstate-Claims,openml_task,stress_test,regression,tabularaml,0,1200,,,,,,,,,,,,,0.6651151180267334,,,crash,OpenMLServerException: https://www.openml.org/api/v1/xml/task/41207 returned code 151: Unknown task - None,,
23380,Mercedes-Greener,openml_task,stress_test,regression,nofe,1,1200,,,,,,,,,,,,,9.409952402114868,,,crash,OpenMLServerException: https://www.openml.org/api/v1/xml/task/23380 returned code 151: Unknown task - None,,
23380,Mercedes-Greener,openml_task,stress_test,regression,nofe,4,1200,,,,,,,,,,,,,4.691792964935303,,,crash,OpenMLServerException: https://www.openml.org/api/v1/xml/task/23380 returned code 151: Unknown task - None,,
41207,Allstate-Claims,openml_task,stress_test,regression,nofe,1,1200,,,,,,,,,,,,,1.3877060413360596,,,crash,OpenMLServerException: https://www.openml.org/api/v1/xml/task/41207 returned code 151: Unknown task - None,,
41207,Allstate-Claims,openml_task,stress_test,regression,featuretools,0,1200,,,,,,,,,,,,,1.996626377105713,,,crash,OpenMLServerException: https://www.openml.org/api/v1/xml/task/41207 returned code 151: Unknown task - None,,
23380,Mercedes-Greener,openml_task,stress_test,regression,autofeat,2,1200,,,,,,,,,,,,,7.757015943527222,,,crash,OpenMLServerException: https://www.openml.org/api/v1/xml/task/23380 returned code 151: Unknown task - None,,
41207,Allstate-Claims,openml_task,stress_test,regression,autofeat,1,1200,,,,,,,,,,,,,1.6014511585235596,,,crash,OpenMLServerException: https://www.openml.org/api/v1/xml/task/41207 returned code 151: Unknown task - None,,
23380,Mercedes-Greener,openml_task,stress_test,regression,openfe,2,1200,,,,,,,,,,,,,8.298042058944702,,,crash,OpenMLServerException: https://www.openml.org/api/v1/xml/task/23380 returned code 151: Unknown task - None,,
581_fri_c3_500_25,Friedman-c3,pmlb,pmlb,regression,tabularaml,3,1200,400,100,25,37,12,0.38665910218113014,rmse,False,0.3854716450762703,-0.0030805303581405916,171.9510362148285,0.032320499420166016,195.88366055488586,335.6171875,315,ok,,0.2.0,"{""mode"": ""medium"", ""elapsed_time"": 171.1430721282959, ""n_init_feats"": 25, ""n_added_feats"": 12, ""initial_metric"": null, ""final_metric"": 0.34510537537201025, ""pct_gain"": 0.016426785740566177}"
1028_SWD,SWD,pmlb,pmlb,regression,openfe,2,1200,800,200,10,414,404,0.6137215918312333,rmse,False,0.6211146858325913,0.011902945092093137,28.172199726104736,5.415108919143677,90.23763370513916,349.24609375,41,ok,,upstream-0.0.12,{}
41207,Allstate-Claims,openml_task,stress_test,regression,featuretools,1,1200,,,,,,,,,,,,,1.2829515933990479,,,crash,OpenMLServerException: https://www.openml.org/api/v1/xml/task/41207 returned code 151: Unknown task - None,,
23380,Mercedes-Greener,openml_task,stress_test,regression,tabularaml,4,1200,,,,,,,,,,,,,5.27787184715271,,,crash,OpenMLServerException: https://www.openml.org/api/v1/xml/task/23380 returned code 151: Unknown task - None,,
41207,Allstate-Claims,openml_task,stress_test,regression,autofeat,2,1200,,,,,,,,,,,,,0.7035119533538818,,,crash,OpenMLServerException: https://www.openml.org/api/v1/xml/task/41207 returned code 151: Unknown task - None,,
23380,Mercedes-Greener,openml_task,stress_test,regression,tabularaml,1,1200,,,,,,,,,,,,,10.614139318466187,,,crash,OpenMLServerException: https://www.openml.org/api/v1/xml/task/23380 returned code 151: Unknown task - None,,
41207,Allstate-Claims,openml_task,stress_test,regression,openfe,3,1200,,,,,,,,,,,,,0.6736793518066406,,,crash,OpenMLServerException: https://www.openml.org/api/v1/xml/task/41207 returned code 151: Unknown task - None,,
23380,Mercedes-Greener,openml_task,stress_test,regression,featuretools,4,1200,,,,,,,,,,,,,6.901489019393921,,,crash,OpenMLServerException: https://www.openml.org/api/v1/xml/task/23380 returned code 151: Unknown task - None,,
41207,Allstate-Claims,openml_task,stress_test,regression,featuretools,3,1200,,,,,,,,,,,,,0.911907434463501,,,crash,OpenMLServerException: https://www.openml.org/api/v1/xml/task/41207 returned code 151: Unknown task - None,,
23380,Mercedes-Greener,openml_task,stress_test,regression,autofeat,3,1200,,,,,,,,,,,,,8.748863458633423,,,crash,OpenMLServerException: https://www.openml.org/api/v1/xml/task/23380 returned code 151: Unknown task - None,,
41207,Allstate-Claims,openml_task,stress_test,regression,autofeat,3,1200,,,,,,,,,,,,,1.7517735958099365,,,crash,OpenMLServerException: https://www.openml.org/api/v1/xml/task/41207 returned code 151: Unknown task - None,,
23380,Mercedes-Greener,openml_task,stress_test,regression,nofe,3,1200,,,,,,,,,,,,,10.649983644485474,,,crash,OpenMLServerException: https://www.openml.org/api/v1/xml/task/23380 returned code 151: Unknown task - None,,
1028_SWD,SWD,pmlb,pmlb,regression,tabularaml,0,1200,800,200,10,11,1,0.5988328638258502,rmse,False,0.5992811670507572,0.0007480682683775967,129.41551303863525,0.004383087158203125,148.54104924201965,334.35546875,40,ok,,0.2.0,"{""mode"": ""medium"", ""elapsed_time"": 129.16896891593933, ""n_init_feats"": 10, ""n_added_feats"": 1, ""initial_metric"": null, ""final_metric"": 0.6473021526734599, ""pct_gain"": 0.014551635444120152}"
41207,Allstate-Claims,openml_task,stress_test,regression,featuretools,2,1200,,,,,,,,,,,,,3.5400431156158447,,,crash,OpenMLServerException: https://www.openml.org/api/v1/xml/task/41207 returned code 151: Unknown task - None,,
41207,Allstate-Claims,openml_task,stress_test,regression,autofeat,0,1200,,,,,,,,,,,,,7.799318552017212,,,crash,OpenMLServerException: https://www.openml.org/api/v1/xml/task/41207 returned code 151: Unknown task - None,,
40927,Sleep,openml_task,stress_test,classification,openfe,0,1200,,,,,,,,,,,,,0.7937054634094238,,,crash,OpenMLServerException: https://www.openml.org/api/v1/xml/task/40927 returned code 151: Unknown task - None,,
40927,Sleep,openml_task,stress_test,classification,autofeat,0,1200,,,,,,,,,,,,,1.126262903213501,,,crash,OpenMLServerException: https://www.openml.org/api/v1/xml/task/40927 returned code 151: Unknown task - None,,
41207,Allstate-Claims,openml_task,stress_test,regression,openfe,2,1200,,,,,,,,,,,,,5.296602010726929,,,crash,OpenMLServerException: https://www.openml.org/api/v1/xml/task/41207 returned code 151: Unknown task - None,,
40927,Sleep,openml_task,stress_test,classification,nofe,1,1200,,,,,,,,,,,,,0.887610673904419,,,crash,OpenMLServerException: https://www.openml.org/api/v1/xml/task/40927 returned code 151: Unknown task - None,,
41207,Allstate-Claims,openml_task,stress_test,regression,nofe,3,1200,,,,,,,,,,,,,5.0062830448150635,,,crash,OpenMLServerException: https://www.openml.org/api/v1/xml/task/41207 returned code 151: Unknown task - None,,
41207,Allstate-Claims,openml_task,stress_test,regression,tabularaml,3,1200,,,,,,,,,,,,,3.4728219509124756,,,crash,OpenMLServerException: https://www.openml.org/api/v1/xml/task/41207 returned code 151: Unknown task - None,,
40927,Sleep,openml_task,stress_test,classification,nofe,0,1200,,,,,,,,,,,,,2.5609042644500732,,,crash,OpenMLServerException: https://www.openml.org/api/v1/xml/task/40927 returned code 151: Unknown task - None,,
41207,Allstate-Claims,openml_task,stress_test,regression,tabularaml,1,1200,,,,,,,,,,,,,7.457247972488403,,,crash,OpenMLServerException: https://www.openml.org/api/v1/xml/task/41207 returned code 151: Unknown task - None,,
40927,Sleep,openml_task,stress_test,classification,autofeat,1,1200,,,,,,,,,,,,,1.275629997253418,,,crash,OpenMLServerException: https://www.openml.org/api/v1/xml/task/40927 returned code 151: Unknown task - None,,
581_fri_c3_500_25,Friedman-c3,pmlb,pmlb,regression,openfe,4,1200,400,100,25,1168,1143,0.2802060276564046,rmse,False,0.32775306122988507,0.14506968568062006,47.510183811187744,10.148008108139038,187.27522039413452,384.92578125,220,ok,,upstream-0.0.12,{}
40927,Sleep,openml_task,stress_test,classification,featuretools,0,1200,,,,,,,,,,,,,3.5869455337524414,,,crash,OpenMLServerException: https://www.openml.org/api/v1/xml/task/40927 returned code 151: Unknown task - None,,
41207,Allstate-Claims,openml_task,stress_test,regression,openfe,4,1200,,,,,,,,,,,,,4.881220817565918,,,crash,OpenMLServerException: https://www.openml.org/api/v1/xml/task/41207 returned code 151: Unknown task - None,,
40927,Sleep,openml_task,stress_test,classification,tabularaml,0,1200,,,,,,,,,,,,,3.4541025161743164,,,crash,OpenMLServerException: https://www.openml.org/api/v1/xml/task/40927 returned code 151: Unknown task - None,,
41207,Allstate-Claims,openml_task,stress_test,regression,nofe,2,1200,,,,,,,,,,,,,8.155208826065063,,,crash,OpenMLServerException: https://www.openml.org/api/v1/xml/task/41207 returned code 151: Unknown task - None,,
40927,Sleep,openml_task,stress_test,classification,openfe,1,1200,,,,,,,,,,,,,3.7832109928131104,,,crash,OpenMLServerException: https://www.openml.org/api/v1/xml/task/40927 returned code 151: Unknown task - None,,
41207,Allstate-Claims,openml_task,stress_test,regression,autofeat,4,1200,,,,,,,,,,,,,6.032531261444092,,,crash,OpenMLServerException: https://www.openml.org/api/v1/xml/task/41207 returned code 151: Unknown task - None,,
41207,Allstate-Claims,openml_task,stress_test,regression,featuretools,4,1200,,,,,,,,,,,,,6.326600074768066,,,crash,OpenMLServerException: https://www.openml.org/api/v1/xml/task/41207 returned code 151: Unknown task - None,,
40927,Sleep,openml_task,stress_test,classification,tabularaml,1,1200,,,,,,,,,,,,,3.3808298110961914,,,crash,OpenMLServerException: https://www.openml.org/api/v1/xml/task/40927 returned code 151: Unknown task - None,,
41207,Allstate-Claims,openml_task,stress_test,regression,nofe,4,1200,,,,,,,,,,,,,8.123348474502563,,,crash,OpenMLServerException: https://www.openml.org/api/v1/xml/task/41207 returned code 151: Unknown task - None,,
40927,Sleep,openml_task,stress_test,classification,openfe,3,1200,,,,,,,,,,,,,1.582735300064087,,,crash,OpenMLServerException: https://www.openml.org/api/v1/xml/task/40927 returned code 151: Unknown task - None,,
40927,Sleep,openml_task,stress_test,classification,autofeat,3,1200,,,,,,,,,,,,,2.189936876296997,,,crash,OpenMLServerException: https://www.openml.org/api/v1/xml/task/40927 returned code 151: Unknown task - None,,
41207,Allstate-Claims,openml_task,stress_test,regression,openfe,1,1200,,,,,,,,,,,,,12.64284610748291,,,crash,OpenMLServerException: https://www.openml.org/api/v1/xml/task/41207 returned code 151: Unknown task - None,,
40927,Sleep,openml_task,stress_test,classification,featuretools,3,1200,,,,,,,,,,,,,1.9962244033813477,,,crash,OpenMLServerException: https://www.openml.org/api/v1/xml/task/40927 returned code 151: Unknown task - None,,
41207,Allstate-Claims,openml_task,stress_test,regression,tabularaml,2,1200,,,,,,,,,,,,,10.512797594070435,,,crash,OpenMLServerException: https://www.openml.org/api/v1/xml/task/41207 returned code 151: Unknown task - None,,
40927,Sleep,openml_task,stress_test,classification,autofeat,4,1200,,,,,,,,,,,,,1.5065665245056152,,,crash,OpenMLServerException: https://www.openml.org/api/v1/xml/task/40927 returned code 151: Unknown task - None,,
41207,Allstate-Claims,openml_task,stress_test,regression,tabularaml,4,1200,,,,,,,,,,,,,8.615286350250244,,,crash,OpenMLServerException: https://www.openml.org/api/v1/xml/task/41207 returned code 151: Unknown task - None,,
40927,Sleep,openml_task,stress_test,classification,tabularaml,3,1200,,,,,,,,,,,,,3.077453851699829,,,crash,OpenMLServerException: https://www.openml.org/api/v1/xml/task/40927 returned code 151: Unknown task - None,,
1028_SWD,SWD,pmlb,pmlb,regression,openfe,4,1200,800,200,10,388,378,0.6207703319172221,rmse,False,,,19.21717405319214,3.774674892425537,72.28519678115845,351.0703125,99,ok,,upstream-0.0.12,{}
40927,Sleep,openml_task,stress_test,classification,tabularaml,2,1200,,,,,,,,,,,,,5.5077714920043945,,,crash,OpenMLServerException: https://www.openml.org/api/v1/xml/task/40927 returned code 151: Unknown task - None,,
40927,Sleep,openml_task,stress_test,classification,tabularaml,4,1200,,,,,,,,,,,,,3.5409960746765137,,,crash,OpenMLServerException: https://www.openml.org/api/v1/xml/task/40927 returned code 151: Unknown task - None,,
503_wind,wind,pmlb,pmlb,regression,openfe,3,1200,5259,1315,14,723,709,2.9847036295228837,rmse,False,2.966718495874886,-0.0060622986889405225,63.106730937957764,15.699537992477417,419.13837456703186,545.71484375,234,ok,,upstream-0.0.12,{}
40927,Sleep,openml_task,stress_test,classification,openfe,2,1200,,,,,,,,,,,,,8.015166997909546,,,crash,OpenMLServerException: https://www.openml.org/api/v1/xml/task/40927 returned code 151: Unknown task - None,,
40927,Sleep,openml_task,stress_test,classification,nofe,4,1200,,,,,,,,,,,,,5.1756696701049805,,,crash,OpenMLServerException: https://www.openml.org/api/v1/xml/task/40927 returned code 151: Unknown task - None,,
1028_SWD,SWD,pmlb,pmlb,regression,nofe,4,1200,800,200,10,10,0,0.6234681010291124,rmse,False,0.6234681010291124,-0.0,0.004350900650024414,0.00010085105895996094,75.72223591804504,316.5859375,101,ok,,1.0.0,{}
yeast,yeast,pmlb,stress_test,multiclass,nofe,1,1200,1183,296,8,8,0,1.0149134381145641,categorical_crossentropy,False,1.0149134381145641,-0.0,0.002626657485961914,6.794929504394531e-05,2.641956090927124,326.546875,88,ok,,1.0.0,{}
40927,Sleep,openml_task,stress_test,classification,featuretools,2,1200,,,,,,,,,,,,,8.209187507629395,,,crash,OpenMLServerException: https://www.openml.org/api/v1/xml/task/40927 returned code 151: Unknown task - None,,
40927,Sleep,openml_task,stress_test,classification,nofe,3,1200,,,,,,,,,,,,,8.66757845878601,,,crash,OpenMLServerException: https://www.openml.org/api/v1/xml/task/40927 returned code 151: Unknown task - None,,
40927,Sleep,openml_task,stress_test,classification,featuretools,1,1200,,,,,,,,,,,,,11.424483299255371,,,crash,OpenMLServerException: https://www.openml.org/api/v1/xml/task/40927 returned code 151: Unknown task - None,,
40927,Sleep,openml_task,stress_test,classification,featuretools,4,1200,,,,,,,,,,,,,7.717510938644409,,,crash,OpenMLServerException: https://www.openml.org/api/v1/xml/task/40927 returned code 151: Unknown task - None,,
40927,Sleep,openml_task,stress_test,classification,autofeat,2,1200,,,,,,,,,,,,,11.18486475944519,,,crash,OpenMLServerException: https://www.openml.org/api/v1/xml/task/40927 returned code 151: Unknown task - None,,
40927,Sleep,openml_task,stress_test,classification,nofe,2,1200,,,,,,,,,,,,,12.388260126113892,,,crash,OpenMLServerException: https://www.openml.org/api/v1/xml/task/40927 returned code 151: Unknown task - None,,
40927,Sleep,openml_task,stress_test,classification,openfe,4,1200,,,,,,,,,,,,,9.475954294204712,,,crash,OpenMLServerException: https://www.openml.org/api/v1/xml/task/40927 returned code 151: Unknown task - None,,
yeast,yeast,pmlb,stress_test,multiclass,featuretools,2,1200,1183,296,8,308,300,1.1403298853216945,categorical_crossentropy,False,,,0.9669640064239502,0.4158780574798584,9.890784978866577,358.83203125,54,ok,,upstream-1.x,{}
yeast,yeast,pmlb,stress_test,multiclass,nofe,3,1200,1183,296,8,8,0,1.061062062511573,categorical_crossentropy,False,1.061062062511573,-0.0,0.004560232162475586,0.00010132789611816406,9.140798568725586,328.63671875,64,ok,,1.0.0,{}
yeast,yeast,pmlb,stress_test,multiclass,openfe,3,1200,1183,296,8,,,,,,,,,,9.464989185333252,,,crash,RuntimeError: OpenFE called exit() internally (multiclass LightGBM error): None,upstream-0.0.12,
monk2,monk2,pmlb,stress_test,classification,nofe,0,1200,480,121,6,6,0,0.9539634146341462,binary_roc_auc,True,0.9539634146341462,0.0,0.006308078765869141,6.318092346191406e-05,6.605713367462158,330.2109375,1985,ok,,1.0.0,{}
yeast,yeast,pmlb,stress_test,multiclass,nofe,4,1200,1183,296,8,8,0,1.035170285559788,categorical_crossentropy,False,1.035170285559788,-0.0,0.002106904983520508,6.222724914550781e-05,9.303716897964478,325.83984375,79,ok,,1.0.0,{}
yeast,yeast,pmlb,stress_test,multiclass,openfe,4,1200,1183,296,8,,,,,,,,,,9.421212434768677,,,crash,RuntimeError: OpenFE called exit() internally (multiclass LightGBM error): None,upstream-0.0.12,
yeast,yeast,pmlb,stress_test,multiclass,featuretools,3,1200,1183,296,8,310,302,1.0919548193294857,categorical_crossentropy,False,1.061062062511573,-0.029114938616114885,1.0349338054656982,0.47559332847595215,10.193302631378174,360.875,55,ok,,upstream-1.x,{}
yeast,yeast,pmlb,stress_test,multiclass,featuretools,4,1200,1183,296,8,309,301,1.0130402628533743,categorical_crossentropy,False,1.035170285559788,0.021378147165851454,1.0536205768585205,0.4094369411468506,9.48539662361145,355.5546875,65,ok,,upstream-1.x,{}
581_fri_c3_500_25,Friedman-c3,pmlb,pmlb,regression,autofeat,1,1200,400,100,25,40,15,0.34574721478511405,rmse,False,0.3267980578050114,-0.05798430109217145,243.08975315093994,0.04307079315185547,249.19319915771484,603.95703125,123,ok,,upstream-2.1.x,{}
monk2,monk2,pmlb,stress_test,classification,featuretools,0,1200,480,121,6,174,168,0.9951219512195122,binary_roc_auc,True,0.9539634146341462,0.04314477468839895,0.7213313579559326,0.6696584224700928,6.487780809402466,345.69921875,1070,ok,,upstream-1.x,{}
yeast,yeast,pmlb,stress_test,multiclass,openfe,0,1200,1183,296,8,,,,,,,,,,19.850903272628784,,,crash,RuntimeError: OpenFE called exit() internally (multiclass LightGBM error): None,upstream-0.0.12,
581_fri_c3_500_25,Friedman-c3,pmlb,pmlb,regression,tabularaml,1,1200,400,100,25,41,16,0.3057526522876442,rmse,False,0.3267980578050114,0.06439880842230786,253.9956510066986,0.033538818359375,260.12371492385864,333.12890625,211,ok,,0.2.0,"{""mode"": ""medium"", ""elapsed_time"": 252.99043893814087, ""n_init_feats"": 25, ""n_added_feats"": 16, ""initial_metric"": null, ""final_metric"": 0.3511989271995116, ""pct_gain"": 0.08286214389535317}"
monk2,monk2,pmlb,stress_test,classification,nofe,3,1200,480,121,6,6,0,0.9759146341463414,binary_roc_auc,True,0.9759146341463414,0.0,0.0028219223022460938,6.127357482910156e-05,5.581519365310669,327.80078125,1600,ok,,1.0.0,{}
monk2,monk2,pmlb,stress_test,classification,openfe,0,1200,480,121,6,123,117,0.9640243902439024,binary_roc_auc,True,0.9539634146341462,0.010546500479386454,11.812748193740845,1.6230347156524658,19.793373584747314,338.171875,1154,ok,,upstream-0.0.12,{}
monk2,monk2,pmlb,stress_test,classification,nofe,2,1200,480,121,6,6,0,0.9359756097560975,binary_roc_auc,True,0.9359756097560975,0.0,0.003341197967529297,6.222724914550781e-05,10.248680114746094,321.578125,492,ok,,1.0.0,{}
1028_SWD,SWD,pmlb,pmlb,regression,tabularaml,4,1200,800,200,10,14,4,0.6237411080830616,rmse,False,0.6234681010291124,-0.0004378845581651055,103.21492028236389,0.008350610733032227,112.3961410522461,333.28515625,101,ok,,0.2.0,"{""mode"": ""medium"", ""elapsed_time"": 103.00953435897827, ""n_init_feats"": 10, ""n_added_feats"": 4, ""initial_metric"": null, ""final_metric"": 0.6634279341478238, ""pct_gain"": 0.004157766184975742}"
monk2,monk2,pmlb,stress_test,classification,featuretools,3,1200,480,121,6,174,168,0.9978658536585365,binary_roc_auc,True,0.9759146341463414,0.022492970946579215,0.4642212390899658,0.4679985046386719,9.23305869102478,339.82421875,444,ok,,upstream-1.x,{}
monk2,monk2,pmlb,stress_test,classification,nofe,4,1200,480,121,6,6,0,0.998780487804878,binary_roc_auc,True,0.998780487804878,0.0,0.006924629211425781,0.0001125335693359375,2.6208386421203613,328.2421875,1611,ok,,1.0.0,{}
581_fri_c3_500_25,Friedman-c3,pmlb,pmlb,regression,autofeat,0,1200,400,100,25,46,21,0.31159300262823986,rmse,False,0.32666539334206623,0.04614015142413139,276.98547172546387,0.04560494422912598,282.7978117465973,586.34765625,162,ok,,upstream-2.1.x,{}
monk2,monk2,pmlb,stress_test,classification,openfe,3,1200,480,121,6,101,95,0.8405487804878048,binary_roc_auc,True,0.9759146341463414,-0.1387066541705717,7.2583112716674805,0.9910664558410645,17.560984134674072,326.79296875,108,ok,,upstream-0.0.12,{}
monk2,monk2,pmlb,stress_test,classification,openfe,2,1200,480,121,6,105,99,0.8969512195121951,binary_roc_auc,True,0.9359756097560975,-0.041693811074918485,10.769866466522217,1.1012425422668457,29.970788955688477,329.71484375,260,ok,,upstream-0.0.12,{}
monk2,monk2,pmlb,stress_test,classification,nofe,1,1200,480,121,6,6,0,0.9902439024390244,binary_roc_auc,True,0.9902439024390244,0.0,0.003233194351196289,6.508827209472656e-05,34.047046422958374,325.73828125,1018,ok,,1.0.0,{}
vehicle,vehicle,pmlb,pmlb,multiclass,nofe,2,1200,,,,,,,,,,,,,1380,,,timeout,wall-clock exceeded 1380s,,
monk2,monk2,pmlb,stress_test,classification,openfe,4,1200,480,121,6,93,87,0.9960365853658535,binary_roc_auc,True,0.998780487804878,-0.0027472527472529166,6.178058624267578,1.1037538051605225,12.113945722579956,326.94921875,285,ok,,upstream-0.0.12,{}
monk2,monk2,pmlb,stress_test,classification,tabularaml,2,1200,480,121,6,13,7,0.9972560975609756,binary_roc_auc,True,0.9359756097560975,0.06547231270358307,27.331230878829956,0.012140512466430664,36.89383363723755,327.44140625,443,ok,,0.2.0,"{""mode"": ""medium"", ""elapsed_time"": 27.166642427444458, ""n_init_feats"": 6, ""n_added_feats"": 7, ""initial_metric"": null, ""final_metric"": 0.9977225391063866, ""pct_gain"": 0.10525087466880594}"
vehicle,vehicle,pmlb,pmlb,multiclass,openfe,2,1200,,,,,,,,,,,,,1380,,,timeout,wall-clock exceeded 1380s,,
503_wind,wind,pmlb,pmlb,regression,tabularaml,3,1200,5259,1315,14,26,12,2.992550011897959,rmse,False,2.966718495874886,-0.008707100474477475,463.1018054485321,0.020382165908813477,469.5651550292969,359.23828125,219,ok,,0.2.0,"{""mode"": ""medium"", ""elapsed_time"": 459.99176120758057, ""n_init_feats"": 14, ""n_added_feats"": 12, ""initial_metric"": null, ""final_metric"": 3.056404800842637, ""pct_gain"": 0.012344232391975447}"
yeast,yeast,pmlb,stress_test,multiclass,openfe,2,1200,1183,296,8,392,384,1.112219847600303,categorical_crossentropy,False,,,28.75804615020752,5.703186273574829,71.54567241668701,363.14453125,76,ok,,upstream-0.0.12,{}
yeast,yeast,pmlb,stress_test,multiclass,featuretools,1,1200,1183,296,8,310,302,1.0173377555769842,categorical_crossentropy,False,1.0149134381145641,-0.002388693824888003,1.0046732425689697,0.4413282871246338,73.60199451446533,354.56640625,50,ok,,upstream-1.x,{}
monk2,monk2,pmlb,stress_test,classification,tabularaml,4,1200,480,121,6,13,7,1.0,binary_roc_auc,True,0.998780487804878,0.001221001221001222,19.07882285118103,0.01373147964477539,21.597022771835327,332.7578125,1007,ok,,0.2.0,"{""mode"": ""medium"", ""elapsed_time"": 18.90717339515686, ""n_init_feats"": 6, ""n_added_feats"": 7, ""initial_metric"": null, ""final_metric"": 0.9829741019214703, ""pct_gain"": 0.07294173205353176}"
vehicle,vehicle,pmlb,pmlb,multiclass,tabularaml,2,1200,,,,,,,,,,,,,1380,,,timeout,wall-clock exceeded 1380s,,
monk2,monk2,pmlb,stress_test,classification,featuretools,4,1200,480,121,6,174,168,1.0,binary_roc_auc,True,0.998780487804878,0.001221001221001222,0.4734761714935303,0.47260284423828125,36.406126260757446,347.6796875,1704,ok,,upstream-1.x,{}
yeast,yeast,pmlb,stress_test,multiclass,nofe,0,1200,1183,296,8,8,0,1.0645018329944562,categorical_crossentropy,False,1.0645018329944562,-0.0,0.0030770301818847656,8.702278137207031e-05,89.9432761669159,325.0703125,85,ok,,1.0.0,{}
monk2,monk2,pmlb,stress_test,classification,autofeat,1,1200,480,121,6,37,31,0.999390243902439,binary_roc_auc,True,0.9902439024390244,0.009236453201970451,81.5100884437561,0.051003217697143555,84.76805400848389,551.69921875,248,ok,,upstream-2.1.x,{}
mfeat_factors,mfeat-factors,pmlb,pmlb,multiclass,tabularaml,3,1200,1600,400,216,216,0,0.13735728453029877,categorical_crossentropy,False,0.13735728453029877,-0.0,960.6209206581116,0.017236709594726562,975.9622981548309,387.69140625,665,ok,,0.2.0,"{""mode"": ""medium"", ""elapsed_time"": 933.8441896438599, ""n_init_feats"": 216, ""n_added_feats"": 0, ""initial_metric"": null, ""final_metric"": 0.15606726636723497, ""pct_gain"": 0.0}"
581_fri_c3_500_25,Friedman-c3,pmlb,pmlb,regression,autofeat,4,1200,400,100,25,49,24,0.27004640334789864,rmse,False,0.32775306122988507,0.17606748710582185,285.4141569137573,0.055785179138183594,293.52550888061523,562.32421875,339,ok,,upstream-2.1.x,{}
1193_BNG_lowbwt,BNG-lowbwt,pmlb,pmlb,regression,tabularaml,2,1200,24883,6221,9,15,6,448.5819477309791,rmse,False,449.2403380489895,0.0014655636688141595,360.74094915390015,0.013008356094360352,369.5057256221771,399.359375,104,ok,,0.2.0,"{""mode"": ""medium"", ""elapsed_time"": 357.67441391944885, ""n_init_feats"": 9, ""n_added_feats"": 6, ""initial_metric"": null, ""final_metric"": 453.92272984299797, ""pct_gain"": -0.0007309906683375764}"
connect_4,connect-4,pmlb,stress_test,classification,nofe,1,1200,54045,13512,42,42,0,0.36942969500955586,categorical_crossentropy,False,0.36942969500955586,-0.0,0.022289037704467773,0.0010788440704345703,43.7320191860199,573.828125,1999,ok,,1.0.0,{}
monk2,monk2,pmlb,stress_test,classification,tabularaml,0,1200,480,121,6,13,7,0.9856707317073171,binary_roc_auc,True,0.9539634146341462,0.03323745605624815,21.220884084701538,0.014505147933959961,96.99365830421448,338.046875,1799,ok,,0.2.0,"{""mode"": ""medium"", ""elapsed_time"": 21.04812216758728, ""n_init_feats"": 6, ""n_added_feats"": 7, ""initial_metric"": null, ""final_metric"": 0.9966959064327485, ""pct_gain"": 0.08830604946455947}"
monk2,monk2,pmlb,stress_test,classification,autofeat,2,1200,480,121,6,45,39,0.9954268292682927,binary_roc_auc,True,0.9359756097560975,0.06351791530944638,84.70311975479126,0.09134554862976074,88.25116991996765,564.40625,244,ok,,upstream-2.1.x,{}
1028_SWD,SWD,pmlb,pmlb,regression,tabularaml,3,1200,800,200,10,16,6,0.6580809718525262,rmse,False,0.6518046238344921,-0.009629186091241696,215.82340717315674,0.019579648971557617,220.6009120941162,338.72265625,38,ok,,0.2.0,"{""mode"": ""medium"", ""elapsed_time"": 215.55559754371643, ""n_init_feats"": 10, ""n_added_feats"": 6, ""initial_metric"": null, ""final_metric"": 0.6471987351709118, ""pct_gain"": 0.010921135001341549}"
connect_4,connect-4,pmlb,stress_test,classification,nofe,2,1200,54045,13512,42,42,0,0.3749846788061068,categorical_crossentropy,False,0.3749846788061068,-0.0,0.043245792388916016,0.002980470657348633,43.27795696258545,574.13671875,1999,ok,,1.0.0,{}
yeast,yeast,pmlb,stress_test,multiclass,nofe,2,1200,1183,296,8,8,0,1.111750268327022,categorical_crossentropy,False,1.111750268327022,-0.0,0.0021805763244628906,6.866455078125e-05,135.66954731941223,323.65625,77,ok,,1.0.0,{}
581_fri_c3_500_25,Friedman-c3,pmlb,pmlb,regression,autofeat,3,1200,400,100,25,48,23,0.31698696305799295,rmse,False,0.3854716450762703,0.17766464250496766,238.69455790519714,0.0487055778503418,344.9093065261841,614.5078125,410,ok,,upstream-2.1.x,{}
monk2,monk2,pmlb,stress_test,classification,autofeat,3,1200,480,121,6,42,36,0.999390243902439,binary_roc_auc,True,0.9759146341463414,0.024054982817869497,86.34303593635559,0.06662964820861816,105.19931626319885,563.671875,628,ok,,upstream-2.1.x,{}
monk2,monk2,pmlb,stress_test,classification,openfe,1,1200,480,121,6,92,86,0.9679878048780487,binary_roc_auc,True,0.9902439024390244,-0.022475369458128155,8.98534893989563,1.1997041702270508,148.07860326766968,327.5703125,84,ok,,upstream-0.0.12,{}
581_fri_c3_500_25,Friedman-c3,pmlb,pmlb,regression,autofeat,2,1200,400,100,25,66,41,0.33944544258400605,rmse,False,,,383.94891119003296,0.06990194320678711,392.29238271713257,614.984375,187,ok,,upstream-2.1.x,{}
361618,forest_fires,openml_task,ctr23,regression,nofe,0,1200,413,104,12,12,0,110.71788633302435,rmse,False,110.71788633302435,-0.0,0.004662752151489258,0.00024962425231933594,2.574349880218506,327.56640625,2000,ok,,1.0.0,{}
connect_4,connect-4,pmlb,stress_test,classification,nofe,3,1200,54045,13512,42,42,0,0.37116304258779775,categorical_crossentropy,False,0.37116304258779775,-0.0,0.030837059020996094,0.0019338130950927734,70.97199440002441,573.81640625,1999,ok,,1.0.0,{}
connect_4,connect-4,pmlb,stress_test,classification,nofe,4,1200,54045,13512,42,42,0,0.3764897829091438,categorical_crossentropy,False,0.3764897829091438,-0.0,0.02945399284362793,0.002973794937133789,43.94709253311157,576.33203125,1999,ok,,1.0.0,{}
361618,forest_fires,openml_task,ctr23,regression,openfe,0,1200,413,104,12,71,59,110.77148432200192,rmse,False,110.71788633302435,-0.0004840951245795667,11.818785905838013,0.7462887763977051,21.80159282684326,341.75,2000,ok,,upstream-0.0.12,{}
361618,forest_fires,openml_task,ctr23,regression,featuretools,0,1200,413,104,12,414,402,110.39307961617972,rmse,False,110.71788633302435,0.002933642680530042,1.4453890323638916,1.4722421169281006,18.85686469078064,358.44921875,1,ok,,upstream-1.x,{}
361618,forest_fires,openml_task,ctr23,regression,nofe,1,1200,413,104,12,12,0,76.5361279964511,rmse,False,76.5361279964511,-0.0,0.004148006439208984,9.751319885253906e-05,8.467183828353882,332.01171875,2,ok,,1.0.0,{}
361618,forest_fires,openml_task,ctr23,regression,autofeat,0,1200,413,104,12,12,0,110.77431925730166,rmse,False,110.71788633302435,-0.0005097001590832412,29.173287391662598,0.010961532592773438,33.74166011810303,522.3984375,2000,ok,,upstream-2.1.x,{}
361618,forest_fires,openml_task,ctr23,regression,featuretools,1,1200,413,104,12,415,403,77.39471487074366,rmse,False,76.5361279964511,-0.01121805997727462,1.5174400806427002,1.474843978881836,9.871243953704834,360.18359375,37,ok,,upstream-1.x,{}
361618,forest_fires,openml_task,ctr23,regression,openfe,1,1200,413,104,12,248,236,75.7595138649496,rmse,False,76.5361279964511,0.010147026663506078,17.024517059326172,2.905468702316284,24.319703340530396,344.58203125,16,ok,,upstream-0.0.12,{}
361618,forest_fires,openml_task,ctr23,regression,nofe,2,1200,413,104,12,12,0,39.45767966579137,rmse,False,39.45767966579137,-0.0,0.00437474250793457,0.00019168853759765625,4.719520330429077,332.125,13,ok,,1.0.0,{}
mfeat_factors,mfeat-factors,pmlb,pmlb,multiclass,openfe,0,1200,,,,,,,,,,,,,1380,,,timeout,wall-clock exceeded 1380s,,
mfeat_factors,mfeat-factors,pmlb,pmlb,multiclass,autofeat,0,1200,,,,,,,,,,,,,1380,,,timeout,wall-clock exceeded 1380s,,
361618,forest_fires,openml_task,ctr23,regression,autofeat,1,1200,413,104,12,13,1,76.89280284247263,rmse,False,76.5361279964511,-0.004660215448030926,27.506357669830322,0.01575446128845215,46.207085371017456,524.62890625,3,ok,,upstream-2.1.x,{}
361618,forest_fires,openml_task,ctr23,regression,openfe,2,1200,413,104,12,47,35,35.13760658777095,rmse,False,39.45767966579137,0.10948624233892283,13.24000597000122,0.5697650909423828,17.35401725769043,338.61328125,2000,ok,,upstream-0.0.12,{}
mfeat_factors,mfeat-factors,pmlb,pmlb,multiclass,featuretools,0,1200,,,,,,,,,,,,,1380,,,timeout,wall-clock exceeded 1380s,,
361618,forest_fires,openml_task,ctr23,regression,nofe,3,1200,413,104,12,12,0,78.06841423527099,rmse,False,78.06841423527099,-0.0,0.004332304000854492,0.00011110305786132812,5.370420694351196,339.48828125,405,ok,,1.0.0,{}
361618,forest_fires,openml_task,ctr23,regression,openfe,3,1200,413,104,12,223,211,75.95794535978634,rmse,False,78.06841423527099,0.027033581969840435,12.00339651107788,2.462040901184082,17.114919424057007,341.9609375,2000,ok,,upstream-0.0.12,{}
361618,forest_fires,openml_task,ctr23,regression,autofeat,2,1200,413,104,12,14,2,34.980562047585,rmse,False,39.45767966579137,0.11346631773910142,24.132861852645874,0.017317771911621094,26.16281032562256,524.0703125,4,ok,,upstream-2.1.x,{}
361618,forest_fires,openml_task,ctr23,regression,featuretools,2,1200,413,104,12,416,404,34.519687940143484,rmse,False,39.45767966579137,0.12514653085211636,1.0809974670410156,0.872307538986206,26.217323303222656,360.71875,6,ok,,upstream-1.x,{}
361618,forest_fires,openml_task,ctr23,regression,featuretools,3,1200,413,104,12,418,406,78.35132430176765,rmse,False,78.06841423527099,-0.0036238736148022973,1.1015772819519043,0.8748774528503418,11.97416639328003,362.4375,194,ok,,upstream-1.x,{}
mfeat_factors,mfeat-factors,pmlb,pmlb,multiclass,openfe,1,1200,,,,,,,,,,,,,1380,,,timeout,wall-clock exceeded 1380s,,
361618,forest_fires,openml_task,ctr23,regression,autofeat,3,1200,413,104,12,12,0,76.92501631182452,rmse,False,78.06841423527099,0.014646101559084685,33.905216217041016,0.01348423957824707,44.078489780426025,540.0,190,ok,,upstream-2.1.x,{}
mfeat_factors,mfeat-factors,pmlb,pmlb,multiclass,autofeat,1,1200,,,,,,,,,,,,,1380,,,timeout,wall-clock exceeded 1380s,,
mfeat_factors,mfeat-factors,pmlb,pmlb,multiclass,featuretools,1,1200,,,,,,,,,,,,,1380,,,timeout,wall-clock exceeded 1380s,,
361618,forest_fires,openml_task,ctr23,regression,openfe,4,1200,413,104,12,252,240,73.79489239933679,rmse,False,,,16.813023328781128,3.0299072265625,25.48857283592224,348.88671875,2000,ok,,upstream-0.0.12,{}
361619,student_performance,openml_task,ctr23,regression,nofe,0,1200,519,130,30,30,0,2.3934961842249356,rmse,False,2.3934961842249356,-0.0,0.006125450134277344,0.0002853870391845703,5.751492738723755,331.4296875,60,ok,,1.0.0,{}
361618,forest_fires,openml_task,ctr23,regression,nofe,4,1200,413,104,12,12,0,74.99468974133806,rmse,False,74.99468974133806,-0.0,0.005008220672607422,0.0035698413848876953,54.452109575271606,330.95703125,56,ok,,1.0.0,{}
361618,forest_fires,openml_task,ctr23,regression,tabularaml,2,1200,413,104,12,20,8,39.138448902509936,rmse,False,39.45767966579137,0.008090459600902369,92.32916140556335,0.020570993423461914,95.05536007881165,342.80859375,6,ok,,0.2.0,"{""mode"": ""medium"", ""elapsed_time"": 92.04311037063599, ""n_init_feats"": 12, ""n_added_feats"": 8, ""initial_metric"": null, ""final_metric"": 56.03790368713434, ""pct_gain"": 0.1361527091092514}"
mfeat_factors,mfeat-factors,pmlb,pmlb,multiclass,openfe,2,1200,,,,,,,,,,,,,1380,,,timeout,wall-clock exceeded 1380s,,
361619,student_performance,openml_task,ctr23,regression,featuretools,0,1200,519,130,30,943,913,2.4543560672884226,rmse,False,2.3934961842249356,-0.02542719034381695,2.434216260910034,2.8742895126342773,10.008037090301514,385.4375,54,ok,,upstream-1.x,{}
mfeat_factors,mfeat-factors,pmlb,pmlb,multiclass,autofeat,2,1200,,,,,,,,,,,,,1380,,,timeout,wall-clock exceeded 1380s,,
mfeat_factors,mfeat-factors,pmlb,pmlb,multiclass,featuretools,2,1200,,,,,,,,,,,,,1380,,,timeout,wall-clock exceeded 1380s,,
mfeat_factors,mfeat-factors,pmlb,pmlb,multiclass,tabularaml,2,1200,,,,,,,,,,,,,1380,,,timeout,wall-clock exceeded 1380s,,
361619,student_performance,openml_task,ctr23,regression,nofe,1,1200,519,130,30,30,0,3.376023486576167,rmse,False,3.376023486576167,-0.0,0.004572868347167969,0.0002923011779785156,18.23619294166565,332.45703125,22,ok,,1.0.0,{}
361618,forest_fires,openml_task,ctr23,regression,autofeat,4,1200,413,104,12,12,0,74.0670647104015,rmse,False,74.99468974133806,0.012369209528514773,33.02209210395813,0.011849403381347656,68.95101594924927,535.046875,15,ok,,upstream-2.1.x,{}
361619,student_performance,openml_task,ctr23,regression,nofe,2,1200,519,130,30,30,0,3.0720746919135133,rmse,False,3.0720746919135133,-0.0,0.004205942153930664,0.000316619873046875,4.652252912521362,331.0234375,43,ok,,1.0.0,{}
361619,student_performance,openml_task,ctr23,regression,featuretools,1,1200,519,130,30,945,915,3.4476512835253885,rmse,False,3.376023486576167,-0.02121661689678106,2.0469906330108643,2.6397898197174072,9.401741027832031,381.68359375,14,ok,,upstream-1.x,{}
yeast,yeast,pmlb,stress_test,multiclass,tabularaml,2,1200,1183,296,8,17,9,1.107340555184999,categorical_crossentropy,False,1.111750268327022,0.003966460155353662,337.69667172431946,0.01692342758178711,386.6493728160858,354.8515625,70,ok,,0.2.0,"{""mode"": ""medium"", ""elapsed_time"": 335.4133880138397, ""n_init_feats"": 8, ""n_added_feats"": 9, ""initial_metric"": null, ""final_metric"": 1.5656235923744195, ""pct_gain"": 0.023858622572496897}"
361618,forest_fires,openml_task,ctr23,regression,featuretools,4,1200,413,104,12,417,405,73.89271284349579,rmse,False,74.99468974133806,0.014694065695092186,0.94403076171875,0.9866411685943604,85.0253837108612,362.9765625,2000,ok,,upstream-1.x,{}
361618,forest_fires,openml_task,ctr23,regression,tabularaml,0,1200,413,104,12,20,8,111.86840819030174,rmse,False,110.71788633302435,-0.01039147237526527,210.78840136528015,0.024140119552612305,219.89190101623535,343.71875,17,ok,,0.2.0,"{""mode"": ""medium"", ""elapsed_time"": 210.45853185653687, ""n_init_feats"": 12, ""n_added_feats"": 8, ""initial_metric"": null, ""final_metric"": 36.70784862891691, ""pct_gain"": 0.041552934006675916}"
361619,student_performance,openml_task,ctr23,regression,nofe,3,1200,519,130,30,30,0,2.585733727162925,rmse,False,2.585733727162925,-0.0,0.0034508705139160156,0.0002639293670654297,8.794519424438477,331.984375,93,ok,,1.0.0,{}
361618,forest_fires,openml_task,ctr23,regression,tabularaml,1,1200,413,104,12,22,10,76.90188604586669,rmse,False,76.5361279964511,-0.004778894085582031,189.60669684410095,0.02767324447631836,192.48439860343933,345.44921875,12,ok,,0.2.0,"{""mode"": ""medium"", ""elapsed_time"": 189.2589190006256, ""n_init_feats"": 12, ""n_added_feats"": 10, ""initial_metric"": null, ""final_metric"": 50.05543760902903, ""pct_gain"": 0.10282071423229512}"
mfeat_factors,mfeat-factors,pmlb,pmlb,multiclass,openfe,3,1200,,,,,,,,,,,,,1380,,,timeout,wall-clock exceeded 1380s,,
361619,student_performance,openml_task,ctr23,regression,autofeat,0,1200,519,130,30,41,11,2.38453888846319,rmse,False,2.3934961842249356,0.0037423480433272475,92.12366819381714,0.039472103118896484,97.97826814651489,555.875,61,ok,,upstream-2.1.x,{}
361619,student_performance,openml_task,ctr23,regression,featuretools,3,1200,519,130,30,943,913,2.5689025595269137,rmse,False,2.585733727162925,0.006509242409301875,2.298659563064575,2.617197275161743,9.641542911529541,384.03125,47,ok,,upstream-1.x,{}
mfeat_factors,mfeat-factors,pmlb,pmlb,multiclass,autofeat,3,1200,,,,,,,,,,,,,1380,,,timeout,wall-clock exceeded 1380s,,
361619,student_performance,openml_task,ctr23,regression,nofe,4,1200,519,130,30,30,0,2.956811684979109,rmse,False,2.956811684979109,-0.0,0.004250526428222656,0.000232696533203125,2.342092752456665,332.92578125,217,ok,,1.0.0,{}
361619,student_performance,openml_task,ctr23,regression,featuretools,4,1200,519,130,30,944,914,3.0724852174589823,rmse,False,2.956811684979109,-0.039121034683238715,2.027506113052368,2.746941566467285,9.211822748184204,381.36328125,19,ok,,upstream-1.x,{}
monk2,monk2,pmlb,stress_test,classification,autofeat,0,1200,480,121,6,40,34,0.9978658536585365,binary_roc_auc,True,0.9539634146341462,0.046021093000958815,80.34163022041321,0.0554804801940918,441.68157720565796,565.41796875,1780,ok,,upstream-2.1.x,{}
361617,energy_efficiency,openml_task,ctr23,regression,nofe,0,1200,614,154,8,8,0,0.4003563723813697,rmse,False,0.4003563723813697,-0.0,0.007014751434326172,0.00015163421630859375,6.562918424606323,348.10546875,1161,ok,,1.0.0,{}
361618,forest_fires,openml_task,ctr23,regression,tabularaml,4,1200,413,104,12,35,23,74.2748665068048,rmse,False,74.99468974133806,0.00959832272146183,130.54353499412537,0.057744741439819336,139.59697151184082,346.8828125,13,ok,,0.2.0,"{""mode"": ""medium"", ""elapsed_time"": 128.72904133796692, ""n_init_feats"": 12, ""n_added_feats"": 23, ""initial_metric"": null, ""final_metric"": 28.901723602127912, ""pct_gain"": 0.09872355038888518}"
361619,student_performance,openml_task,ctr23,regression,openfe,1,1200,519,130,30,1177,1147,3.612263092865216,rmse,False,3.376023486576167,-0.06997569988135188,54.531336545944214,15.726583480834961,101.39610075950623,396.7578125,24,ok,,upstream-0.0.12,{}
mfeat_factors,mfeat-factors,pmlb,pmlb,multiclass,featuretools,3,1200,,,,,,,,,,,,,1380,,,timeout,wall-clock exceeded 1380s,,
361619,student_performance,openml_task,ctr23,regression,featuretools,2,1200,519,130,30,944,914,2.968922062701969,rmse,False,3.0720746919135133,0.033577513425395694,3.0908751487731934,2.8339195251464844,88.05137419700623,383.61328125,58,ok,,upstream-1.x,{}
361617,energy_efficiency,openml_task,ctr23,regression,nofe,1,1200,614,154,8,8,0,0.3454894676527683,rmse,False,0.3454894676527683,-0.0,0.004443168640136719,9.703636169433594e-05,9.815968036651611,332.95703125,254,ok,,1.0.0,{}
361619,student_performance,openml_task,ctr23,regression,autofeat,2,1200,519,130,30,39,9,3.0322144700722093,rmse,False,3.0720746919135133,0.01297501715899887,92.13721060752869,0.03937029838562012,102.63148307800293,578.109375,70,ok,,upstream-2.1.x,{}
361617,energy_efficiency,openml_task,ctr23,regression,autofeat,0,1200,614,154,8,28,20,0.4531599215271566,rmse,False,0.4003563723813697,-0.1318913667633285,20.51213765144348,0.03564000129699707,28.659777402877808,569.97265625,1199,ok,,upstream-2.1.x,{}
361619,student_performance,openml_task,ctr23,regression,openfe,3,1200,519,130,30,1366,1336,2.9707734664622762,rmse,False,2.585733727162925,-0.14890927679619131,67.24095845222473,15.162446737289429,86.85290312767029,401.1484375,2000,ok,,upstream-0.0.12,{}
361619,student_performance,openml_task,ctr23,regression,autofeat,1,1200,519,130,30,46,16,3.4276177261113308,rmse,False,3.376023486576167,-0.015282547571222242,108.66379976272583,0.04567146301269531,126.65801477432251,565.3046875,10,ok,,upstream-2.1.x,{}
361617,energy_efficiency,openml_task,ctr23,regression,featuretools,1,1200,614,154,8,239,231,0.3384660761314366,rmse,False,0.3454894676527683,0.020328815141741164,0.6602110862731934,0.3819091320037842,9.308737993240356,366.359375,975,ok,,upstream-1.x,{}
361617,energy_efficiency,openml_task,ctr23,regression,nofe,2,1200,614,154,8,8,0,0.39557004995549067,rmse,False,0.39557004995549067,-0.0,0.005093812942504883,0.0021126270294189453,8.567335844039917,333.32421875,419,ok,,1.0.0,{}
361617,energy_efficiency,openml_task,ctr23,regression,tabularaml,1,1200,614,154,8,8,0,0.3454894676527683,rmse,False,0.3454894676527683,-0.0,19.72722554206848,0.0012946128845214844,24.46702742576599,341.10546875,254,ok,,0.2.0,"{""mode"": ""medium"", ""elapsed_time"": 19.58149266242981, ""n_init_feats"": 8, ""n_added_feats"": 0, ""initial_metric"": null, ""final_metric"": 0.5862509223736414, ""pct_gain"": 0.06097701757104364}"
361619,student_performance,openml_task,ctr23,regression,openfe,2,1200,519,130,30,1281,1251,3.3093819904017754,rmse,False,3.0720746919135133,-0.07724659140382087,59.81220293045044,16.8382568359375,133.4650158882141,400.6171875,33,ok,,upstream-0.0.12,{}
361619,student_performance,openml_task,ctr23,regression,openfe,0,1200,519,130,30,1201,1171,2.5448721639290275,rmse,False,2.3934961842249356,-0.06324471319477395,63.18960452079773,15.532678127288818,193.91003727912903,395.30078125,14,ok,,upstream-0.0.12,{}
361617,energy_efficiency,openml_task,ctr23,regression,autofeat,1,1200,614,154,8,43,35,0.3572116762302562,rmse,False,0.3454894676527683,-0.03392927910980263,22.685343980789185,0.05497121810913086,29.015939712524414,581.625,327,ok,,upstream-2.1.x,{}
mfeat_factors,mfeat-factors,pmlb,pmlb,multiclass,openfe,4,1200,,,,,,,,,,,,,1380,,,timeout,wall-clock exceeded 1380s,,
361619,student_performance,openml_task,ctr23,regression,autofeat,3,1200,519,130,30,41,11,2.560928903560434,rmse,False,2.585733727162925,0.00959295357519532,93.73009705543518,0.040522098541259766,107.78505682945251,566.98046875,144,ok,,upstream-2.1.x,{}
361617,energy_efficiency,openml_task,ctr23,regression,nofe,3,1200,614,154,8,8,0,0.3657795732952639,rmse,False,0.3657795732952639,-0.0,0.0032377243041992188,8.0108642578125e-05,9.26642632484436,336.97265625,448,ok,,1.0.0,{}
361619,student_performance,openml_task,ctr23,regression,autofeat,4,1200,519,130,30,37,7,3.04117100618394,rmse,False,2.956811684979109,-0.028530501835265454,90.82175779342651,0.03492879867553711,95.45293354988098,563.5703125,64,ok,,upstream-2.1.x,{}
361617,energy_efficiency,openml_task,ctr23,regression,openfe,0,1200,614,154,8,205,197,0.8863803504585948,rmse,False,0.4003563723813697,-1.2139783742826267,13.88845944404602,1.8213355541229248,72.4725034236908,350.12109375,427,ok,,upstream-0.0.12,{}
361617,energy_efficiency,openml_task,ctr23,regression,featuretools,0,1200,614,154,8,239,231,0.4217493204780037,rmse,False,0.4003563723813697,-0.0534347635567434,0.8932521343231201,0.42121386528015137,71.01135754585266,362.74609375,516,ok,,upstream-1.x,{}
361619,student_performance,openml_task,ctr23,regression,openfe,4,1200,519,130,30,1191,1161,3.125772036076932,rmse,False,2.956811684979109,-0.057142750062899865,54.35525965690613,14.374470472335815,102.45399641990662,397.578125,22,ok,,upstream-0.0.12,{}
361617,energy_efficiency,openml_task,ctr23,regression,openfe,3,1200,614,154,8,223,215,1.341020486127103,rmse,False,0.3657795732952639,-2.666198399342018,13.662753820419312,1.71427583694458,23.895365715026855,349.5078125,501,ok,,upstream-0.0.12,{}
361617,energy_efficiency,openml_task,ctr23,regression,tabularaml,0,1200,614,154,8,17,9,0.42872346501338554,rmse,False,0.4003563723813697,-0.07085460501923539,26.976970195770264,0.013729095458984375,72.16055631637573,346.31640625,572,ok,,0.2.0,"{""mode"": ""medium"", ""elapsed_time"": 26.811617136001587, ""n_init_feats"": 8, ""n_added_feats"": 9, ""initial_metric"": null, ""final_metric"": 0.4269601197167846, ""pct_gain"": 0.24043651466059818}"
361617,energy_efficiency,openml_task,ctr23,regression,featuretools,3,1200,614,154,8,239,231,0.358068110072001,rmse,False,0.3657795732952639,0.021082268629139794,0.6890690326690674,0.4016294479370117,23.04520559310913,367.09375,957,ok,,upstream-1.x,{}
361617,energy_efficiency,openml_task,ctr23,regression,autofeat,3,1200,614,154,8,32,24,0.3832544586183643,rmse,False,0.3657795732952639,-0.04777436084161645,21.936148405075073,0.04332590103149414,24.537920475006104,568.11328125,540,ok,,upstream-2.1.x,{}
361617,energy_efficiency,openml_task,ctr23,regression,openfe,4,1200,614,154,8,203,195,1.2217580274664623,rmse,False,,,12.04007863998413,1.763115406036377,17.190696477890015,346.61328125,252,ok,,upstream-0.0.12,{}
361617,energy_efficiency,openml_task,ctr23,regression,featuretools,2,1200,614,154,8,239,231,0.4301723325003451,rmse,False,0.39557004995549067,-0.08747447525096466,0.753758430480957,0.38498759269714355,40.530904054641724,364.91015625,835,ok,,upstream-1.x,{}
mfeat_factors,mfeat-factors,pmlb,pmlb,multiclass,autofeat,4,1200,,,,,,,,,,,,,1380,,,timeout,wall-clock exceeded 1380s,,
361621,QSAR_fish_toxicity,openml_task,ctr23,regression,nofe,0,1200,726,182,6,6,0,0.9118665391903907,rmse,False,0.9118665391903907,-0.0,0.005096435546875,7.486343383789062e-05,11.323437452316284,329.0546875,51,ok,,1.0.0,{}
361617,energy_efficiency,openml_task,ctr23,regression,autofeat,4,1200,614,154,8,35,27,0.4379713510610862,rmse,False,,,21.63214659690857,0.04539036750793457,28.192354679107666,574.03515625,534,ok,,upstream-2.1.x,{}
mfeat_factors,mfeat-factors,pmlb,pmlb,multiclass,featuretools,4,1200,,,,,,,,,,,,,1380,,,timeout,wall-clock exceeded 1380s,,
361621,QSAR_fish_toxicity,openml_task,ctr23,regression,featuretools,0,1200,726,182,6,167,161,0.9230822762699442,rmse,False,0.9118665391903907,-0.01229975725341504,0.4646279811859131,0.3671259880065918,8.554122924804688,353.95703125,38,ok,,upstream-1.x,{}
361617,energy_efficiency,openml_task,ctr23,regression,openfe,2,1200,614,154,8,208,200,0.8717622681956717,rmse,False,0.39557004995549067,-1.2038126200245998,14.794886112213135,1.7197372913360596,71.75608563423157,351.34375,500,ok,,upstream-0.0.12,{}
361621,QSAR_fish_toxicity,openml_task,ctr23,regression,openfe,0,1200,726,182,6,96,90,0.9013311678133761,rmse,False,0.9118665391903907,0.01155363304192364,4.003539562225342,0.5328021049499512,26.68704843521118,347.3515625,264,ok,,upstream-0.0.12,{}
361617,energy_efficiency,openml_task,ctr23,regression,openfe,1,1200,614,154,8,224,216,1.523032441024949,rmse,False,0.3454894676527683,-3.4083324778967268,14.551756858825684,1.973015308380127,89.27082204818726,345.734375,135,ok,,upstream-0.0.12,{}
361621,QSAR_fish_toxicity,openml_task,ctr23,regression,nofe,2,1200,726,182,6,6,0,0.8017881426704694,rmse,False,0.8017881426704694,-0.0,0.007055759429931641,0.00012111663818359375,2.487360954284668,331.515625,140,ok,,1.0.0,{}
361621,QSAR_fish_toxicity,openml_task,ctr23,regression,nofe,1,1200,726,182,6,6,0,0.9720391876165189,rmse,False,0.9720391876165189,-0.0,0.004784107208251953,9.72747802734375e-05,18.172993659973145,332.69140625,115,ok,,1.0.0,{}
361621,QSAR_fish_toxicity,openml_task,ctr23,regression,autofeat,1,1200,726,182,6,17,11,0.9581692892401932,rmse,False,0.9720391876165189,0.014268867503516254,13.965563297271729,0.022963285446166992,16.465758800506592,542.84375,82,ok,,upstream-2.1.x,{}
361621,QSAR_fish_toxicity,openml_task,ctr23,regression,openfe,2,1200,726,182,6,111,105,0.8100529639463063,rmse,False,0.8017881426704694,-0.01030798640687025,4.706246376037598,0.6454548835754395,9.085170269012451,339.78125,103,ok,,upstream-0.0.12,{}
361621,QSAR_fish_toxicity,openml_task,ctr23,regression,featuretools,2,1200,726,182,6,167,161,0.7839556038021211,rmse,False,0.8017881426704694,0.022240961071031094,0.4469168186187744,0.4349484443664551,8.426661729812622,354.53125,111,ok,,upstream-1.x,{}
361617,energy_efficiency,openml_task,ctr23,regression,autofeat,2,1200,614,154,8,31,23,0.4242985683872908,rmse,False,0.39557004995549067,-0.07262561570329364,20.074344396591187,0.038040876388549805,87.12511086463928,578.58984375,1399,ok,,upstream-2.1.x,{}
361621,QSAR_fish_toxicity,openml_task,ctr23,regression,tabularaml,2,1200,726,182,6,13,7,0.794628145186559,rmse,False,0.8017881426704694,0.008930036630453272,16.76101565361023,0.01503610610961914,23.684404611587524,342.21484375,105,ok,,0.2.0,"{""mode"": ""medium"", ""elapsed_time"": 16.545467138290405, ""n_init_feats"": 6, ""n_added_feats"": 7, ""initial_metric"": null, ""final_metric"": 0.9240900832484726, ""pct_gain"": 0.039025591291679415}"
361617,energy_efficiency,openml_task,ctr23,regression,nofe,4,1200,614,154,8,8,0,0.36549000398506015,rmse,False,0.36549000398506015,-0.0,0.0034215450286865234,5.91278076171875e-05,74.71396398544312,336.30859375,363,ok,,1.0.0,{}
361621,QSAR_fish_toxicity,openml_task,ctr23,regression,tabularaml,1,1200,726,182,6,13,7,0.9335726316433203,rmse,False,0.9720391876165189,0.03957305061694088,26.08064889907837,0.01593637466430664,43.34514570236206,338.41796875,62,ok,,0.2.0,"{""mode"": ""medium"", ""elapsed_time"": 25.852373361587524, ""n_init_feats"": 6, ""n_added_feats"": 7, ""initial_metric"": null, ""final_metric"": 0.8760683904439823, ""pct_gain"": 0.04920572990536411}"
361621,QSAR_fish_toxicity,openml_task,ctr23,regression,openfe,3,1200,726,182,6,95,89,0.9296349305282772,rmse,False,,,4.084504842758179,0.5153815746307373,17.413753747940063,339.8828125,50,ok,,upstream-0.0.12,{}
361621,QSAR_fish_toxicity,openml_task,ctr23,regression,autofeat,3,1200,726,182,6,19,13,0.9170780179818095,rmse,False,,,13.72465443611145,0.025969505310058594,16.20224642753601,544.33984375,60,ok,,upstream-2.1.x,{}
361621,QSAR_fish_toxicity,openml_task,ctr23,regression,featuretools,3,1200,726,182,6,167,161,0.9266964277045019,rmse,False,,,0.4039947986602783,0.3533360958099365,17.72672748565674,351.39453125,45,ok,,upstream-1.x,{}
361621,QSAR_fish_toxicity,openml_task,ctr23,regression,tabularaml,0,1200,726,182,6,13,7,0.924767544334856,rmse,False,0.9118665391903907,-0.01414790935954237,21.896140098571777,0.013109445571899414,57.99211049079895,342.734375,115,ok,,0.2.0,"{""mode"": ""medium"", ""elapsed_time"": 21.677979946136475, ""n_init_feats"": 6, ""n_added_feats"": 7, ""initial_metric"": null, ""final_metric"": 0.9202675655849509, ""pct_gain"": 0.022253738165216887}"
mfeat_factors,mfeat-factors,pmlb,pmlb,multiclass,tabularaml,4,1200,,,,,,,,,,,,,1380,,,timeout,wall-clock exceeded 1380s,,
361621,QSAR_fish_toxicity,openml_task,ctr23,regression,featuretools,4,1200,726,182,6,167,161,0.8653915248074895,rmse,False,,,0.4334883689880371,0.37868618965148926,9.088134527206421,353.23046875,121,ok,,upstream-1.x,{}
361617,energy_efficiency,openml_task,ctr23,regression,tabularaml,3,1200,614,154,8,17,9,0.39611105823358245,rmse,False,0.3657795732952639,-0.08292285068044089,22.329559803009033,0.013867855072021484,89.08615779876709,357.3359375,1072,ok,,0.2.0,"{""mode"": ""medium"", ""elapsed_time"": 22.157233476638794, ""n_init_feats"": 8, ""n_added_feats"": 9, ""initial_metric"": null, ""final_metric"": 0.5680635992666728, ""pct_gain"": 0.35391588823732223}"
361237,concrete_strength,openml_task,ctr23,regression,nofe,0,1200,824,206,8,8,0,4.641812866609321,rmse,False,4.641812866609321,-0.0,0.004174709320068359,0.0001533031463623047,11.868772506713867,338.45703125,328,ok,,1.0.0,{}
361621,QSAR_fish_toxicity,openml_task,ctr23,regression,autofeat,4,1200,726,182,6,21,15,0.9389289506645243,rmse,False,,,13.99230146408081,0.0283048152923584,23.0420081615448,548.015625,91,ok,,upstream-2.1.x,{}
361237,concrete_strength,openml_task,ctr23,regression,featuretools,0,1200,824,206,8,264,256,4.553657879813872,rmse,False,4.641812866609321,0.01899149951295716,0.7696652412414551,0.3790743350982666,11.41306185722351,364.63671875,183,ok,,upstream-1.x,{}
361621,QSAR_fish_toxicity,openml_task,ctr23,regression,openfe,1,1200,726,182,6,98,92,0.9389847088956201,rmse,False,0.9720391876165189,0.03400529437701962,4.854012727737427,0.6212062835693359,74.46837162971497,340.2734375,89,ok,,upstream-0.0.12,{}
361621,QSAR_fish_toxicity,openml_task,ctr23,regression,featuretools,1,1200,726,182,6,166,160,0.9624244207456412,rmse,False,0.9720391876165189,0.009891336680009286,0.41095638275146484,0.37789011001586914,74.83882689476013,353.90234375,91,ok,,upstream-1.x,{}
361237,concrete_strength,openml_task,ctr23,regression,nofe,1,1200,824,206,8,8,0,4.7585983666068365,rmse,False,4.7585983666068365,-0.0,0.003560781478881836,7.557868957519531e-05,2.65694260597229,336.73046875,499,ok,,1.0.0,{}
361621,QSAR_fish_toxicity,openml_task,ctr23,regression,autofeat,0,1200,726,182,6,10,4,0.9165906399076458,rmse,False,0.9118665391903907,-0.005180693132406612,12.164632797241211,0.016438722610473633,88.82101035118103,527.81640625,38,ok,,upstream-2.1.x,{}
361237,concrete_strength,openml_task,ctr23,regression,openfe,0,1200,824,206,8,192,184,4.392436750991666,rmse,False,4.641812866609321,0.05372386237530838,7.074606657028198,1.2874188423156738,25.905176877975464,356.1796875,561,ok,,upstream-0.0.12,{}
361237,concrete_strength,openml_task,ctr23,regression,featuretools,1,1200,824,206,8,264,256,4.780563293097743,rmse,False,4.7585983666068365,-0.004615839539021456,0.7057986259460449,0.3947455883026123,22.259350776672363,361.73828125,447,ok,,upstream-1.x,{}
361621,QSAR_fish_toxicity,openml_task,ctr23,regression,autofeat,2,1200,726,182,6,15,9,0.780891884510294,rmse,False,0.8017881426704694,0.026062069327412868,13.550631523132324,0.02086639404296875,86.62221360206604,541.00390625,78,ok,,upstream-2.1.x,{}
361237,concrete_strength,openml_task,ctr23,regression,autofeat,1,1200,824,206,8,57,49,4.672250514826718,rmse,False,4.7585983666068365,0.0181456481778456,22.26194667816162,0.07950234413146973,26.60355281829834,607.671875,527,ok,,upstream-2.1.x,{}
361237,concrete_strength,openml_task,ctr23,regression,autofeat,0,1200,824,206,8,62,54,4.824155792781597,rmse,False,4.641812866609321,-0.03928269652659888,26.199769496917725,0.07891964912414551,46.554200172424316,605.33203125,180,ok,,upstream-2.1.x,{}
361621,QSAR_fish_toxicity,openml_task,ctr23,regression,tabularaml,3,1200,726,182,6,13,7,0.9218162522841831,rmse,False,,,17.794227361679077,0.010926961898803711,70.02558469772339,341.296875,82,ok,,0.2.0,"{""mode"": ""medium"", ""elapsed_time"": 17.583455562591553, ""n_init_feats"": 6, ""n_added_feats"": 7, ""initial_metric"": null, ""final_metric"": 0.9175412695466523, ""pct_gain"": 0.04230169724950138}"
361237,concrete_strength,openml_task,ctr23,regression,openfe,2,1200,824,206,8,205,197,4.656659110176553,rmse,False,,,8.010766506195068,1.3369641304016113,28.482699871063232,353.4296875,586,ok,,upstream-0.0.12,{}
361237,concrete_strength,openml_task,ctr23,regression,autofeat,2,1200,824,206,8,59,51,5.1466366741297795,rmse,False,,,24.137728214263916,0.07638835906982422,29.228059768676758,605.68359375,348,ok,,upstream-2.1.x,{}
361237,concrete_strength,openml_task,ctr23,regression,nofe,3,1200,824,206,8,8,0,3.8577584660589945,rmse,False,3.8577584660589945,-0.0,0.0045413970947265625,5.698204040527344e-05,24.92923069000244,337.40234375,284,ok,,1.0.0,{}
361237,concrete_strength,openml_task,ctr23,regression,tabularaml,0,1200,824,206,8,17,9,4.6761058266244095,rmse,False,4.641812866609321,-0.007387837683370099,56.84607434272766,0.01258707046508789,62.69829058647156,344.87890625,328,ok,,0.2.0,"{""mode"": ""medium"", ""elapsed_time"": 56.59679079055786, ""n_init_feats"": 8, ""n_added_feats"": 9, ""initial_metric"": null, ""final_metric"": 4.652320051234565, ""pct_gain"": 0.04709850050581316}"
361237,concrete_strength,openml_task,ctr23,regression,openfe,3,1200,824,206,8,203,195,4.068980935886979,rmse,False,3.8577584660589945,-0.054752642418218894,7.514795780181885,1.196004867553711,19.51965045928955,356.13671875,466,ok,,upstream-0.0.12,{}
361237,concrete_strength,openml_task,ctr23,regression,featuretools,2,1200,824,206,8,264,256,5.011608158671952,rmse,False,,,0.6509194374084473,0.3755061626434326,31.714057445526123,363.4296875,508,ok,,upstream-1.x,{}
monk1,monk1,pmlb,pmlb,classification,tabularaml,1,1200,,,,,,,,,,,,,1380,,,timeout,wall-clock exceeded 1380s,,
361619,student_performance,openml_task,ctr23,regression,tabularaml,3,1200,519,130,30,38,8,2.596927775321641,rmse,False,2.585733727162925,-0.00432915734560125,284.10445761680603,0.03878140449523926,293.605765581131,345.6953125,83,ok,,0.2.0,"{""mode"": ""medium"", ""elapsed_time"": 283.70664143562317, ""n_init_feats"": 30, ""n_added_feats"": 8, ""initial_metric"": null, ""final_metric"": 2.700464513575883, ""pct_gain"": 0.07800964083125672}"
361237,concrete_strength,openml_task,ctr23,regression,nofe,2,1200,824,206,8,8,0,4.7601661803729085,rmse,False,4.7601661803729085,-0.0,0.004436969757080078,5.53131103515625e-05,67.52370643615723,341.859375,736,ok,,1.0.0,{}
361237,concrete_strength,openml_task,ctr23,regression,openfe,1,1200,824,206,8,198,190,4.86101462768192,rmse,False,4.7585983666068365,-0.021522358725162186,7.923206329345703,1.3614590167999268,72.51398849487305,351.40625,510,ok,,upstream-0.0.12,{}
361237,concrete_strength,openml_task,ctr23,regression,nofe,4,1200,824,206,8,8,0,3.918437419524931,rmse,False,3.918437419524931,-0.0,0.002789735794067383,5.2928924560546875e-05,9.25711965560913,338.31640625,538,ok,,1.0.0,{}
361237,concrete_strength,openml_task,ctr23,regression,featuretools,4,1200,824,206,8,264,256,4.619508157572659,rmse,False,3.918437419524931,-0.17891589503367003,0.6972730159759521,0.38803744316101074,16.88258647918701,360.47265625,422,ok,,upstream-1.x,{}
monk1,monk1,pmlb,pmlb,classification,autofeat,2,1200,,,,,,,,,,,,,1380,,,timeout,wall-clock exceeded 1380s,,
361616,Moneyball,openml_task,ctr23,regression,nofe,0,1200,985,247,14,14,0,25.46265238302655,rmse,False,25.46265238302655,-0.0,0.009374141693115234,0.0001506805419921875,12.53662395477295,333.65625,166,ok,,1.0.0,{}
361237,concrete_strength,openml_task,ctr23,regression,tabularaml,1,1200,824,206,8,13,5,4.892821494731944,rmse,False,4.7585983666068365,-0.02820644185208185,82.48548340797424,0.008522987365722656,85.33010983467102,353.7421875,472,ok,,0.2.0,"{""mode"": ""medium"", ""elapsed_time"": 82.2495927810669, ""n_init_feats"": 8, ""n_added_feats"": 5, ""initial_metric"": null, ""final_metric"": 4.475271514507128, ""pct_gain"": 0.0913022298142277}"
361237,concrete_strength,openml_task,ctr23,regression,openfe,4,1200,824,206,8,197,189,4.472616358396997,rmse,False,3.918437419524931,-0.14142855417587707,7.26131010055542,1.4084386825561523,36.24704360961914,354.8359375,413,ok,,upstream-0.0.12,{}
361237,concrete_strength,openml_task,ctr23,regression,autofeat,3,1200,824,206,8,70,62,4.205957160313604,rmse,False,3.8577584660589945,-0.09025932994978866,26.505841493606567,0.09021806716918945,56.61809849739075,628.5625,395,ok,,upstream-2.1.x,{}
361616,Moneyball,openml_task,ctr23,regression,autofeat,0,1200,985,247,14,24,10,22.118705076102223,rmse,False,25.46265238302655,0.13132753244329756,15.547412633895874,0.028853178024291992,27.07062602043152,548.0703125,70,ok,,upstream-2.1.x,{}
yeast,yeast,pmlb,stress_test,multiclass,tabularaml,3,1200,1183,296,8,16,8,1.074457444804343,categorical_crossentropy,False,1.061062062511573,-0.01262450403802259,739.2716913223267,0.015301227569580078,743.4230737686157,356.3515625,49,ok,,0.2.0,"{""mode"": ""medium"", ""elapsed_time"": 737.1049582958221, ""n_init_feats"": 8, ""n_added_feats"": 8, ""initial_metric"": null, ""final_metric"": 1.5997015080255563, ""pct_gain"": 0.04401098511484788}"
361237,concrete_strength,openml_task,ctr23,regression,autofeat,4,1200,824,206,8,67,59,4.290178929562522,rmse,False,3.918437419524931,-0.09486983464001848,25.474366664886475,0.41839051246643066,36.912306785583496,620.8125,477,ok,,upstream-2.1.x,{}
361616,Moneyball,openml_task,ctr23,regression,openfe,0,1200,985,247,14,493,479,21.93472003228276,rmse,False,25.46265238302655,0.13855321502545112,23.38374924659729,5.5212242603302,43.42004632949829,373.42578125,208,ok,,upstream-0.0.12,{}
361616,Moneyball,openml_task,ctr23,regression,featuretools,0,1200,985,247,14,540,526,21.366049768174033,rmse,False,25.46265238302655,0.16088671962483062,1.541299819946289,2.031092643737793,34.50288438796997,379.80859375,144,ok,,upstream-1.x,{}
361616,Moneyball,openml_task,ctr23,regression,autofeat,1,1200,985,247,14,22,8,22.155458663874494,rmse,False,,,15.38349962234497,0.02721381187438965,18.202319383621216,542.34375,83,ok,,upstream-2.1.x,{}
monk1,monk1,pmlb,pmlb,classification,tabularaml,3,1200,,,,,,,,,,,,,1380,,,timeout,wall-clock exceeded 1380s,,
361237,concrete_strength,openml_task,ctr23,regression,tabularaml,3,1200,824,206,8,17,9,3.955234934318294,rmse,False,3.8577584660589945,-0.02526764418169487,79.7872986793518,0.012748956680297852,83.73089981079102,347.8046875,272,ok,,0.2.0,"{""mode"": ""medium"", ""elapsed_time"": 79.53443551063538, ""n_init_feats"": 8, ""n_added_feats"": 9, ""initial_metric"": null, ""final_metric"": 4.577313851591592, ""pct_gain"": 0.02302544384443545}"
361237,concrete_strength,openml_task,ctr23,regression,featuretools,3,1200,824,206,8,264,256,3.9968769122967167,rmse,False,3.8577584660589945,-0.036061989743967224,0.6967153549194336,0.38944506645202637,86.49107718467712,364.86328125,449,ok,,upstream-1.x,{}
361616,Moneyball,openml_task,ctr23,regression,featuretools,2,1200,985,247,14,541,527,23.957156287485713,rmse,False,,,1.5815508365631104,2.0458898544311523,22.753527641296387,381.3046875,132,ok,,upstream-1.x,{}
361237,concrete_strength,openml_task,ctr23,regression,tabularaml,2,1200,824,206,8,17,9,5.185728355386823,rmse,False,4.7601661803729085,-0.08940069713712734,45.82612061500549,0.0116729736328125,117.0449161529541,344.56640625,373,ok,,0.2.0,"{""mode"": ""medium"", ""elapsed_time"": 45.58130741119385, ""n_init_feats"": 8, ""n_added_feats"": 9, ""initial_metric"": null, ""final_metric"": 4.663696004964642, ""pct_gain"": 0.0471790662052898}"
361616,Moneyball,openml_task,ctr23,regression,nofe,3,1200,985,247,14,14,0,26.578251121081408,rmse,False,26.578251121081408,-0.0,0.013481378555297852,0.00016236305236816406,17.89608860015869,343.26171875,578,ok,,1.0.0,{}
361616,Moneyball,openml_task,ctr23,regression,autofeat,2,1200,985,247,14,22,8,22.122669435963516,rmse,False,,,18.427093744277954,0.030932188034057617,40.19842171669006,541.3359375,146,ok,,upstream-2.1.x,{}
361616,Moneyball,openml_task,ctr23,regression,nofe,4,1200,985,247,14,14,0,27.94507721482447,rmse,False,27.94507721482447,-0.0,0.015872955322265625,0.0002334117889404297,9.474926233291626,340.296875,198,ok,,1.0.0,{}
361616,Moneyball,openml_task,ctr23,regression,openfe,1,1200,985,247,14,471,457,30.063300145205133,rmse,False,,,22.807848691940308,5.467001438140869,85.58876132965088,374.8671875,183,ok,,upstream-0.0.12,{}
361616,Moneyball,openml_task,ctr23,regression,openfe,2,1200,985,247,14,461,447,29.275478955586067,rmse,False,,,20.69212508201599,5.34015154838562,72.05684566497803,372.34765625,212,ok,,upstream-0.0.12,{}
361616,Moneyball,openml_task,ctr23,regression,nofe,2,1200,985,247,14,14,0,25.264782928577777,rmse,False,25.264782928577777,-0.0,0.010573387145996094,0.0001392364501953125,72.6618263721466,337.87109375,181,ok,,1.0.0,{}
361619,student_performance,openml_task,ctr23,regression,tabularaml,2,1200,519,130,30,50,20,3.075609274723255,rmse,False,3.0720746919135133,-0.0011505523674425725,432.5049648284912,0.05211687088012695,435.1611020565033,350.19921875,56,ok,,0.2.0,"{""mode"": ""medium"", ""elapsed_time"": 431.9083716869354, ""n_init_feats"": 30, ""n_added_feats"": 20, ""initial_metric"": null, ""final_metric"": 2.6279573259798026, ""pct_gain"": 0.050082682750756585}"
361616,Moneyball,openml_task,ctr23,regression,autofeat,4,1200,985,247,14,26,12,22.821456874481914,rmse,False,27.94507721482447,0.18334607920226273,15.950270891189575,0.031566619873046875,25.069356679916382,546.10546875,95,ok,,upstream-2.1.x,{}
529_pollen,pollen,pmlb,pmlb,regression,tabularaml,1,1200,,,,,,,,,,,,,1380,,,timeout,wall-clock exceeded 1380s,,
361616,Moneyball,openml_task,ctr23,regression,featuretools,1,1200,985,247,14,541,527,24.47595144502335,rmse,False,,,1.7779204845428467,1.952601671218872,86.73451113700867,379.83984375,83,ok,,upstream-1.x,{}
361269,health_insurance,openml_task,ctr23,regression,nofe,0,1200,17817,4455,11,11,0,14.527705375012646,rmse,False,14.527705375012646,-0.0,0.003740072250366211,0.00011801719665527344,12.446622133255005,340.39453125,84,ok,,1.0.0,{}
361616,Moneyball,openml_task,ctr23,regression,openfe,3,1200,985,247,14,455,441,25.582016636565868,rmse,False,26.578251121081408,0.03748307140214143,21.71370506286621,5.439110279083252,60.01222014427185,375.64453125,377,ok,,upstream-0.0.12,{}
361616,Moneyball,openml_task,ctr23,regression,featuretools,4,1200,985,247,14,541,527,25.0733309391534,rmse,False,27.94507721482447,0.10276394134089732,1.6288583278656006,1.9639286994934082,31.834957361221313,379.94921875,124,ok,,upstream-1.x,{}
361269,health_insurance,openml_task,ctr23,regression,featuretools,0,1200,17817,4455,11,106,95,14.576015745094915,rmse,False,14.527705375012646,-0.0033253957755339956,0.9762775897979736,0.7384486198425293,19.260693550109863,400.140625,82,ok,,upstream-1.x,{}
yeast,yeast,pmlb,stress_test,multiclass,autofeat,4,1200,1183,296,8,13,5,1.0356795436929207,categorical_crossentropy,False,1.035170285559788,-0.0004919559035230117,872.8878383636475,0.015594244003295898,875.9129953384399,525.04296875,76,ok,,upstream-2.1.x,{}
361616,Moneyball,openml_task,ctr23,regression,autofeat,3,1200,985,247,14,24,10,23.59505363734307,rmse,False,26.578251121081408,0.11224205348003942,15.697522640228271,0.03428483009338379,87.16935849189758,562.93359375,177,ok,,upstream-2.1.x,{}
361269,health_insurance,openml_task,ctr23,regression,autofeat,0,1200,17817,4455,11,49,38,14.548435632550884,rmse,False,14.527705375012646,-0.0014269464449557067,37.42128324508667,0.07734370231628418,43.44682216644287,778.0390625,92,ok,,upstream-2.1.x,{}
529_pollen,pollen,pmlb,pmlb,regression,openfe,4,1200,,,,,,,,,,,,,1380,,,timeout,wall-clock exceeded 1380s,,
yeast,yeast,pmlb,stress_test,multiclass,autofeat,3,1200,1183,296,8,12,4,1.0875873374375138,categorical_crossentropy,False,1.061062062511573,-0.024998796831124572,877.5785644054413,0.014422416687011719,880.8340857028961,524.1796875,64,ok,,upstream-2.1.x,{}
361269,health_insurance,openml_task,ctr23,regression,featuretools,1,1200,17817,4455,11,106,95,14.391754196140546,rmse,False,,,0.940732479095459,0.5960285663604736,24.50725245475769,398.765625,83,ok,,upstream-1.x,{}
361616,Moneyball,openml_task,ctr23,regression,featuretools,3,1200,985,247,14,541,527,25.48360965609056,rmse,False,26.578251121081408,0.04118560924133177,1.5168890953063965,2.0249414443969727,90.27677083015442,385.4453125,413,ok,,upstream-1.x,{}
361269,health_insurance,openml_task,ctr23,regression,nofe,2,1200,17817,4455,11,11,0,14.503672455738148,rmse,False,14.503672455738148,-0.0,0.008004426956176758,0.00022101402282714844,2.5546486377716064,342.3828125,93,ok,,1.0.0,{}
361269,health_insurance,openml_task,ctr23,regression,featuretools,2,1200,17817,4455,11,106,95,14.49234142096838,rmse,False,14.503672455738148,0.0007812528036845433,0.9600603580474854,0.6029858589172363,9.611934900283813,401.1328125,73,ok,,upstream-1.x,{}
361269,health_insurance,openml_task,ctr23,regression,openfe,0,1200,17817,4455,11,230,219,15.222545110681539,rmse,False,14.527705375012646,-0.04782859493172287,42.66316604614258,17.446913719177246,68.67414402961731,514.71484375,40,ok,,upstream-0.0.12,{}
361269,health_insurance,openml_task,ctr23,regression,nofe,3,1200,17817,4455,11,11,0,14.419612899623665,rmse,False,14.419612899623665,-0.0,0.008710622787475586,0.00020575523376464844,9.090537548065186,347.16796875,97,ok,,1.0.0,{}
361269,health_insurance,openml_task,ctr23,regression,nofe,1,1200,17817,4455,11,11,0,14.387111879216642,rmse,False,14.387111879216642,-0.0,0.006895303726196289,0.00022530555725097656,70.03083682060242,341.25,92,ok,,1.0.0,{}
361269,health_insurance,openml_task,ctr23,regression,autofeat,1,1200,17817,4455,11,70,59,14.43554284106961,rmse,False,14.387111879216642,-0.0033662740833294734,41.00594162940979,0.11059427261352539,51.72269821166992,730.1796875,138,ok,,upstream-2.1.x,{}
yeast,yeast,pmlb,stress_test,multiclass,autofeat,0,1200,1183,296,8,15,7,1.0762007812138747,categorical_crossentropy,False,1.0645018329944562,-0.010990068646955023,904.6708106994629,0.019930124282836914,914.9923059940338,529.9296875,74,ok,,upstream-2.1.x,{}
yeast,yeast,pmlb,stress_test,multiclass,tabularaml,1,1200,1183,296,8,16,8,1.0128189384861774,categorical_crossentropy,False,1.0149134381145641,0.0020637224316171435,903.9346034526825,0.013083696365356445,915.5048449039459,355.6796875,96,ok,,0.2.0,"{""mode"": ""medium"", ""elapsed_time"": 901.7540426254272, ""n_init_feats"": 8, ""n_added_feats"": 8, ""initial_metric"": null, ""final_metric"": 1.6474714635364844, ""pct_gain"": 0.08522275461915052}"
361269,health_insurance,openml_task,ctr23,regression,nofe,4,1200,17817,4455,11,11,0,14.493771711388797,rmse,False,14.493771711388797,-0.0,0.006074190139770508,0.00022792816162109375,2.469327449798584,346.07421875,152,ok,,1.0.0,{}
361269,health_insurance,openml_task,ctr23,regression,openfe,1,1200,17817,4455,11,233,222,14.990328269074755,rmse,False,14.387111879216642,-0.04192755258472056,42.763920068740845,17.34922194480896,68.63414120674133,516.37890625,48,ok,,upstream-0.0.12,{}
361269,health_insurance,openml_task,ctr23,regression,featuretools,4,1200,17817,4455,11,106,95,14.528364763772831,rmse,False,14.493771711388797,-0.002386752949672296,0.9995782375335693,0.6550729274749756,8.742879629135132,398.87109375,105,ok,,upstream-1.x,{}
361269,health_insurance,openml_task,ctr23,regression,autofeat,3,1200,17817,4455,11,48,37,14.447534912450946,rmse,False,14.419612899623665,-0.0019363912902273213,37.521175384521484,0.0805659294128418,43.715381145477295,714.390625,79,ok,,upstream-2.1.x,{}
361269,health_insurance,openml_task,ctr23,regression,autofeat,2,1200,17817,4455,11,42,31,14.536167912453747,rmse,False,14.503672455738148,-0.0022404985230305026,40.0356547832489,0.06526947021484375,60.19865393638611,776.56640625,91,ok,,upstream-2.1.x,{}
361235,airfoil_self_noise,openml_task,ctr23,regression,nofe,0,1200,1202,301,5,5,0,1.6802169582491364,rmse,False,1.6802169582491364,-0.0,0.007905006408691406,8.535385131835938e-05,20.265512943267822,336.88671875,579,ok,,1.0.0,{}
361235,airfoil_self_noise,openml_task,ctr23,regression,featuretools,0,1200,1202,301,5,94,89,1.6064771049497912,rmse,False,1.6802169582491364,0.0438871021610123,0.42378950119018555,0.1564469337463379,8.775259256362915,359.796875,487,ok,,upstream-1.x,{}
361235,airfoil_self_noise,openml_task,ctr23,regression,openfe,0,1200,1202,301,5,136,131,1.7008455270283906,rmse,False,1.6802169582491364,-0.012277324471686175,7.41731858253479,1.5367016792297363,27.207024812698364,370.6796875,1645,ok,,upstream-0.0.12,{}
361269,health_insurance,openml_task,ctr23,regression,openfe,3,1200,17817,4455,11,227,216,15.022846750484517,rmse,False,14.419612899623665,-0.041834261090087595,41.530420541763306,17.000458240509033,68.31232929229736,509.96875,57,ok,,upstream-0.0.12,{}
361269,health_insurance,openml_task,ctr23,regression,featuretools,3,1200,17817,4455,11,106,95,14.458990203906737,rmse,False,14.419612899623665,-0.0027308156298772295,0.9901931285858154,0.8179528713226318,70.4382872581482,397.5546875,111,ok,,upstream-1.x,{}
361235,airfoil_self_noise,openml_task,ctr23,regression,tabularaml,0,1200,1202,301,5,11,6,1.5177400572505664,rmse,False,1.6802169582491364,0.09669995306313207,20.208030223846436,0.014925718307495117,24.09053349494934,361.19140625,1390,ok,,0.2.0,"{""mode"": ""medium"", ""elapsed_time"": 19.93850064277649, ""n_init_feats"": 5, ""n_added_feats"": 6, ""initial_metric"": null, ""final_metric"": 1.7084177712137454, ""pct_gain"": 0.16516387667313817}"
yeast,yeast,pmlb,stress_test,multiclass,autofeat,2,1200,1183,296,8,10,2,1.106658029521035,categorical_crossentropy,False,1.111750268327022,0.004580380100694497,970.6370306015015,0.011323690414428711,974.8199315071106,520.3359375,77,ok,,upstream-2.1.x,{}
361269,health_insurance,openml_task,ctr23,regression,openfe,2,1200,17817,4455,11,229,218,15.076098565515439,rmse,False,14.503672455738148,-0.039467666656441906,40.6421480178833,17.12012004852295,101.99699401855469,515.87890625,52,ok,,upstream-0.0.12,{}
361235,airfoil_self_noise,openml_task,ctr23,regression,featuretools,1,1200,1202,301,5,94,89,1.3890699112796405,rmse,False,,,0.39226841926574707,0.17333149909973145,13.683681726455688,359.828125,712,ok,,upstream-1.x,{}
361235,airfoil_self_noise,openml_task,ctr23,regression,nofe,2,1200,1202,301,5,5,0,1.4820427537699872,rmse,False,1.4820427537699872,-0.0,0.006983518600463867,4.935264587402344e-05,9.270592451095581,357.06640625,1746,ok,,1.0.0,{}
361235,airfoil_self_noise,openml_task,ctr23,regression,openfe,2,1200,1202,301,5,132,127,1.8354800730698546,rmse,False,1.4820427537699872,-0.23847984034252825,7.950206995010376,1.5147714614868164,16.49138617515564,359.29296875,990,ok,,upstream-0.0.12,{}
361235,airfoil_self_noise,openml_task,ctr23,regression,featuretools,2,1200,1202,301,5,94,89,1.5897172541393232,rmse,False,1.4820427537699872,-0.07265276261122429,0.3924524784088135,0.1634049415588379,16.860376358032227,357.38671875,553,ok,,upstream-1.x,{}
361269,health_insurance,openml_task,ctr23,regression,openfe,4,1200,17817,4455,11,232,221,15.036654173002898,rmse,False,14.493771711388797,-0.037456258620902565,43.65157389640808,17.192034006118774,102.4289493560791,523.78125,56,ok,,upstream-0.0.12,{}
361235,airfoil_self_noise,openml_task,ctr23,regression,autofeat,1,1200,1202,301,5,62,57,1.2833150220262257,rmse,False,,,24.16552186012268,0.08456301689147949,55.93099761009216,634.64453125,1599,ok,,upstream-2.1.x,{}
361235,airfoil_self_noise,openml_task,ctr23,regression,nofe,3,1200,1202,301,5,5,0,1.708973422780294,rmse,False,1.708973422780294,-0.0,0.0072362422943115234,0.00011539459228515625,9.280310153961182,363.52734375,1998,ok,,1.0.0,{}
361235,airfoil_self_noise,openml_task,ctr23,regression,autofeat,2,1200,1202,301,5,54,49,1.4859480030430885,rmse,False,1.4820427537699872,-0.002635044949389775,23.520777702331543,0.07502508163452148,30.30246067047119,620.17578125,1625,ok,,upstream-2.1.x,{}
361235,airfoil_self_noise,openml_task,ctr23,regression,openfe,1,1200,1202,301,5,126,121,1.68055775154853,rmse,False,,,6.490597248077393,1.4959826469421387,71.60517978668213,366.15625,1357,ok,,upstream-0.0.12,{}
361235,airfoil_self_noise,openml_task,ctr23,regression,featuretools,3,1200,1202,301,5,94,89,1.6657019469090941,rmse,False,1.708973422780294,0.02532015729115457,0.38850951194763184,0.1685657501220703,10.967280149459839,375.14453125,1712,ok,,upstream-1.x,{}
361235,airfoil_self_noise,openml_task,ctr23,regression,nofe,1,1200,1202,301,5,5,0,1.239333997257166,rmse,False,1.239333997257166,-0.0,0.005213022232055664,5.793571472167969e-05,73.84857106208801,342.3984375,922,ok,,1.0.0,{}
361619,student_performance,openml_task,ctr23,regression,tabularaml,0,1200,519,130,30,51,21,2.4501590935707043,rmse,False,2.3934961842249356,-0.023673699469095796,368.20258355140686,0.08101105690002441,676.0135662555695,341.1796875,59,ok,,0.2.0,"{""mode"": ""medium"", ""elapsed_time"": 366.86626625061035, ""n_init_feats"": 30, ""n_added_feats"": 21, ""initial_metric"": null, ""final_metric"": 2.9334507010864757, ""pct_gain"": 0.06112045128083382}"
361235,airfoil_self_noise,openml_task,ctr23,regression,nofe,4,1200,1202,301,5,5,0,1.285363462475516,rmse,False,1.285363462475516,-0.0,0.0067293643951416016,5.507469177246094e-05,3.2933783531188965,358.12890625,1996,ok,,1.0.0,{}
1193_BNG_lowbwt,BNG-lowbwt,pmlb,pmlb,regression,openfe,1,1200,,,,,,,,,,,,,1380,,,timeout,wall-clock exceeded 1380s,,
361235,airfoil_self_noise,openml_task,ctr23,regression,tabularaml,2,1200,1202,301,5,11,6,1.5227860880455668,rmse,False,1.4820427537699872,-0.02749133530185796,35.792168617248535,0.013628244400024414,39.22697973251343,359.37109375,1225,ok,,0.2.0,"{""mode"": ""medium"", ""elapsed_time"": 35.52048969268799, ""n_init_feats"": 5, ""n_added_feats"": 6, ""initial_metric"": null, ""final_metric"": 1.7536722606549477, ""pct_gain"": 0.11629003009300187}"
361616,Moneyball,openml_task,ctr23,regression,tabularaml,2,1200,985,247,14,14,0,25.264782928577777,rmse,False,25.264782928577777,-0.0,268.10227155685425,0.008228302001953125,277.51607728004456,371.76171875,181,ok,,0.2.0,"{""mode"": ""medium"", ""elapsed_time"": 267.7528018951416, ""n_init_feats"": 14, ""n_added_feats"": 0, ""initial_metric"": null, ""final_metric"": 24.45283926080205, ""pct_gain"": 0.02005687473858277}"
361235,airfoil_self_noise,openml_task,ctr23,regression,autofeat,3,1200,1202,301,5,36,31,1.7608425375370036,rmse,False,1.708973422780294,-0.03035103651426295,19.940484046936035,0.05115365982055664,28.4422824382782,601.15234375,1995,ok,,upstream-2.1.x,{}
361235,airfoil_self_noise,openml_task,ctr23,regression,tabularaml,1,1200,1202,301,5,11,6,1.2946614416528108,rmse,False,1.239333997257166,-0.044642884418641685,72.84174823760986,0.010717391967773438,82.89928889274597,372.57421875,1805,ok,,0.2.0,"{""mode"": ""medium"", ""elapsed_time"": 72.57736253738403, ""n_init_feats"": 5, ""n_added_feats"": 6, ""initial_metric"": null, ""final_metric"": 1.7373013229140568, ""pct_gain"": 0.15176937282422073}"
361235,airfoil_self_noise,openml_task,ctr23,regression,tabularaml,3,1200,1202,301,5,11,6,1.6574585045069343,rmse,False,1.708973422780294,0.030143779643776476,27.411454439163208,0.012238502502441406,38.89783573150635,368.74609375,1997,ok,,0.2.0,"{""mode"": ""medium"", ""elapsed_time"": 27.1517276763916, ""n_init_feats"": 5, ""n_added_feats"": 6, ""initial_metric"": null, ""final_metric"": 1.7545854923621729, ""pct_gain"": 0.12597936409144603}"
361235,airfoil_self_noise,openml_task,ctr23,regression,featuretools,4,1200,1202,301,5,94,89,1.5644066396114948,rmse,False,1.285363462475516,-0.21709281871025196,0.38063549995422363,0.16487550735473633,26.22037982940674,374.01953125,1680,ok,,upstream-1.x,{}
1193_BNG_lowbwt,BNG-lowbwt,pmlb,pmlb,regression,tabularaml,1,1200,,,,,,,,,,,,,1380,,,timeout,wall-clock exceeded 1380s,,
361250,red_wine,openml_task,ctr23,regression,nofe,0,1200,1279,320,11,11,0,0.5913294144182394,rmse,False,0.5913294144182394,-0.0,0.00764012336730957,8.082389831542969e-05,19.18038558959961,335.1796875,296,ok,,1.0.0,{}
361250,red_wine,openml_task,ctr23,regression,nofe,1,1200,1279,320,11,11,0,0.5758393441333606,rmse,False,0.5758393441333606,-0.0,0.004913330078125,6.985664367675781e-05,2.5966248512268066,341.58203125,522,ok,,1.0.0,{}
361235,airfoil_self_noise,openml_task,ctr23,regression,openfe,4,1200,1202,301,5,138,133,1.6278794411653992,rmse,False,1.285363462475516,-0.26647402753321037,7.705775260925293,1.7987000942230225,33.25878953933716,367.16796875,1515,ok,,upstream-0.0.12,{}
361250,red_wine,openml_task,ctr23,regression,nofe,2,1200,1279,320,11,11,0,0.6250169240140602,rmse,False,0.6250169240140602,-0.0,0.0028162002563476562,6.341934204101562e-05,4.233976125717163,335.2265625,40,ok,,1.0.0,{}
361250,red_wine,openml_task,ctr23,regression,featuretools,0,1200,1279,320,11,479,468,0.5805138302124443,rmse,False,0.5913294144182394,0.01829028616213124,0.9703340530395508,0.8295247554779053,25.434283018112183,374.71875,195,ok,,upstream-1.x,{}
361235,airfoil_self_noise,openml_task,ctr23,regression,autofeat,4,1200,1202,301,5,55,50,1.3280675641874933,rmse,False,1.285363462475516,-0.03322336674307856,24.153027057647705,0.07585716247558594,42.17454791069031,625.71875,1999,ok,,upstream-2.1.x,{}
361250,red_wine,openml_task,ctr23,regression,autofeat,1,1200,1279,320,11,25,14,0.5820274969794577,rmse,False,0.5758393441333606,-0.010746318238136831,25.299346446990967,0.0304718017578125,28.680047512054443,572.765625,425,ok,,upstream-2.1.x,{}
361250,red_wine,openml_task,ctr23,regression,openfe,1,1200,1279,320,11,655,644,0.6260697393834979,rmse,False,0.5758393441333606,-0.08722987715563989,23.6861891746521,8.687031030654907,39.48444676399231,401.19921875,34,ok,,upstream-0.0.12,{}
361250,red_wine,openml_task,ctr23,regression,autofeat,0,1200,1279,320,11,29,18,0.5737388331713861,rmse,False,0.5913294144182394,0.029747516051030952,24.286921977996826,0.034551382064819336,56.494025230407715,566.27734375,242,ok,,upstream-2.1.x,{}
361250,red_wine,openml_task,ctr23,regression,featuretools,1,1200,1279,320,11,480,469,0.5771810488693422,rmse,False,0.5758393441333606,-0.0023299983748086483,0.9663686752319336,0.8438260555267334,38.774120807647705,384.6875,496,ok,,upstream-1.x,{}
361250,red_wine,openml_task,ctr23,regression,openfe,0,1200,1279,320,11,659,648,0.5794055492953544,rmse,False,0.5913294144182394,0.020164505319959312,24.234980821609497,8.03709602355957,58.19017171859741,398.6875,391,ok,,upstream-0.0.12,{}
361250,red_wine,openml_task,ctr23,regression,autofeat,2,1200,1279,320,11,19,8,0.6371324467652341,rmse,False,0.6250169240140602,-0.019384311505301486,22.967158794403076,0.022109270095825195,29.01577115058899,545.07421875,60,ok,,upstream-2.1.x,{}
1193_BNG_lowbwt,BNG-lowbwt,pmlb,pmlb,regression,tabularaml,3,1200,,,,,,,,,,,,,1380,,,timeout,wall-clock exceeded 1380s,,
361250,red_wine,openml_task,ctr23,regression,openfe,2,1200,1279,320,11,615,604,0.6131223231821581,rmse,False,0.6250169240140602,0.019030846005754724,23.44958472251892,7.396071434020996,48.39853358268738,392.75,68,ok,,upstream-0.0.12,{}
361250,red_wine,openml_task,ctr23,regression,nofe,3,1200,1279,320,11,11,0,0.5434149812603648,rmse,False,0.5434149812603648,-0.0,0.004340410232543945,6.365776062011719e-05,18.960230350494385,334.09375,451,ok,,1.0.0,{}
connect_4,connect-4,pmlb,stress_test,classification,tabularaml,4,1200,54045,13512,42,51,9,0.3658880749191587,categorical_crossentropy,False,0.3764897829091438,0.028159351119877697,946.3304448127747,0.0263059139251709,994.992981672287,694.109375,1998,ok,,0.2.0,"{""mode"": ""medium"", ""elapsed_time"": 923.0783598423004, ""n_init_feats"": 42, ""n_added_feats"": 9, ""initial_metric"": null, ""final_metric"": 0.4721363777375108, ""pct_gain"": 0.029286041253230026}"
361250,red_wine,openml_task,ctr23,regression,nofe,4,1200,1279,320,11,11,0,0.5555582293144462,rmse,False,0.5555582293144462,-0.0,0.004473209381103516,5.936622619628906e-05,9.800797462463379,334.15234375,167,ok,,1.0.0,{}
361250,red_wine,openml_task,ctr23,regression,featuretools,3,1200,1279,320,11,478,467,0.5318477005494429,rmse,False,0.5434149812603648,0.021286274964472773,1.0342135429382324,1.0269780158996582,27.07370686531067,375.2578125,237,ok,,upstream-1.x,{}
1193_BNG_lowbwt,BNG-lowbwt,pmlb,pmlb,regression,tabularaml,4,1200,,,,,,,,,,,,,1380,,,timeout,wall-clock exceeded 1380s,,
581_fri_c3_500_25,Friedman-c3,pmlb,pmlb,regression,nofe,2,1200,,,,,,,,,,,,,1380,,,timeout,wall-clock exceeded 1380s,,
361250,red_wine,openml_task,ctr23,regression,featuretools,2,1200,1279,320,11,481,470,0.5935237281389119,rmse,False,0.6250169240140602,0.050387748979481804,0.9768011569976807,0.8971352577209473,69.95636105537415,372.9609375,186,ok,,upstream-1.x,{}
581_fri_c3_500_25,Friedman-c3,pmlb,pmlb,regression,tabularaml,2,1200,,,,,,,,,,,,,1380,,,timeout,wall-clock exceeded 1380s,,
361622,cars,openml_task,ctr23,regression,nofe,0,1200,643,161,17,17,0,2422.1971062786147,rmse,False,2422.1971062786147,-0.0,0.0037195682525634766,5.841255187988281e-05,12.116762399673462,329.03125,118,ok,,1.0.0,{}
361250,red_wine,openml_task,ctr23,regression,autofeat,4,1200,1279,320,11,16,5,0.5391148928136213,rmse,False,0.5555582293144462,0.029597863253894706,22.79089903831482,0.0183868408203125,25.15902280807495,542.1640625,135,ok,,upstream-2.1.x,{}
monk2,monk2,pmlb,stress_test,classification,autofeat,4,1200,480,121,6,40,34,1.0,binary_roc_auc,True,0.998780487804878,0.001221001221001222,83.55016756057739,0.05512404441833496,1115.3529284000397,564.31640625,1471,ok,,upstream-2.1.x,{}
361250,red_wine,openml_task,ctr23,regression,autofeat,3,1200,1279,320,11,26,15,0.5368892564428243,rmse,False,0.5434149812603648,0.012008731894739381,23.441755056381226,0.03595781326293945,56.01903533935547,556.64453125,395,ok,,upstream-2.1.x,{}
361622,cars,openml_task,ctr23,regression,autofeat,1,1200,643,161,17,31,14,2230.305003984145,rmse,False,,,9.792149782180786,0.03388547897338867,13.319910526275635,544.76953125,129,ok,,upstream-2.1.x,{}
361250,red_wine,openml_task,ctr23,regression,openfe,4,1200,1279,320,11,586,575,0.5602275358004711,rmse,False,0.5555582293144462,-0.008404711224936419,21.95489192008972,7.00919771194458,53.72864389419556,394.0625,250,ok,,upstream-0.0.12,{}
361250,red_wine,openml_task,ctr23,regression,openfe,3,1200,1279,320,11,678,667,0.6890307843958361,rmse,False,0.5434149812603648,-0.26796427805088946,23.804675579071045,9.094817161560059,75.296555519104,410.29296875,417,ok,,upstream-0.0.12,{}
361622,cars,openml_task,ctr23,regression,openfe,0,1200,643,161,17,282,265,9578.47685302394,rmse,False,2422.1971062786147,-2.9544580530607614,21.967729091644287,1.9294300079345703,43.42302680015564,352.42578125,2,ok,,upstream-0.0.12,{}
361622,cars,openml_task,ctr23,regression,openfe,1,1200,643,161,17,290,273,2440.6760438399924,rmse,False,,,24.558927059173584,2.0760281085968018,29.55326008796692,358.5,127,ok,,upstream-0.0.12,{}
361622,cars,openml_task,ctr23,regression,nofe,2,1200,643,161,17,17,0,2258.2078530791955,rmse,False,2258.2078530791955,-0.0,0.005374431610107422,6.175041198730469e-05,2.219989776611328,328.96484375,56,ok,,1.0.0,{}
361250,red_wine,openml_task,ctr23,regression,tabularaml,0,1200,1279,320,11,17,6,0.5657312430370378,rmse,False,0.5913294144182394,0.043289190013294905,95.92373871803284,0.010264158248901367,133.16233205795288,346.1640625,444,ok,,0.2.0,"{""mode"": ""medium"", ""elapsed_time"": 95.57611727714539, ""n_init_feats"": 11, ""n_added_feats"": 6, ""initial_metric"": null, ""final_metric"": 0.5947013583879175, ""pct_gain"": 0.04116007973252347}"
connect_4,connect-4,pmlb,stress_test,classification,tabularaml,3,1200,54045,13512,42,53,11,0.35644292392443927,categorical_crossentropy,False,0.37116304258779775,0.039659440661785374,1035.344354391098,0.030461788177490234,1087.7078697681427,694.37109375,1996,ok,,0.2.0,"{""mode"": ""medium"", ""elapsed_time"": 915.5322670936584, ""n_init_feats"": 42, ""n_added_feats"": 11, ""initial_metric"": null, ""final_metric"": 0.4695337802296221, ""pct_gain"": 0.03306881207486937}"
361250,red_wine,openml_task,ctr23,regression,tabularaml,3,1200,1279,320,11,21,10,0.5473499883392049,rmse,False,0.5434149812603648,-0.007241256156967677,95.3586699962616,0.27422165870666504,100.9542624950409,351.6875,187,ok,,0.2.0,"{""mode"": ""medium"", ""elapsed_time"": 94.10579991340637, ""n_init_feats"": 11, ""n_added_feats"": 10, ""initial_metric"": null, ""final_metric"": 0.6156556762383849, ""pct_gain"": 0.03407179310407061}"
361622,cars,openml_task,ctr23,regression,openfe,2,1200,643,161,17,280,263,9996.131910931803,rmse,False,2258.2078530791955,-3.4265774283361496,20.674041986465454,1.91506028175354,25.160268783569336,356.67578125,2000,ok,,upstream-0.0.12,{}
361622,cars,openml_task,ctr23,regression,featuretools,2,1200,643,161,17,914,897,2438.8618863617985,rmse,False,2258.2078530791955,-0.07999885087471947,1.967742681503296,2.7739601135253906,25.125101566314697,383.78515625,49,ok,,upstream-1.x,{}
361622,cars,openml_task,ctr23,regression,autofeat,2,1200,643,161,17,33,16,2256.4400646406098,rmse,False,2258.2078530791955,0.0007828280448919965,10.301795959472656,0.03941965103149414,27.2218759059906,546.1171875,54,ok,,upstream-2.1.x,{}
361622,cars,openml_task,ctr23,regression,nofe,3,1200,643,161,17,17,0,2469.5495814814703,rmse,False,2469.5495814814703,-0.0,0.005495548248291016,8.726119995117188e-05,19.397127151489258,328.06640625,50,ok,,1.0.0,{}
361622,cars,openml_task,ctr23,regression,nofe,4,1200,643,161,17,17,0,2243.665111864324,rmse,False,2243.665111864324,-0.0,0.003296375274658203,6.628036499023438e-05,5.014650821685791,330.4765625,111,ok,,1.0.0,{}
361622,cars,openml_task,ctr23,regression,featuretools,3,1200,643,161,17,914,897,2192.4403878973653,rmse,False,2469.5495814814703,0.11221041912342113,2.024019956588745,2.6493289470672607,11.686065673828125,387.57421875,65,ok,,upstream-1.x,{}
361250,red_wine,openml_task,ctr23,regression,featuretools,4,1200,1279,320,11,479,468,0.5473080758046144,rmse,False,0.5555582293144462,0.014850204847136258,1.0526232719421387,0.8651416301727295,88.55901503562927,371.0078125,129,ok,,upstream-1.x,{}
361622,cars,openml_task,ctr23,regression,autofeat,4,1200,643,161,17,30,13,2252.827964658971,rmse,False,2243.665111864324,-0.004083877199941462,9.635408163070679,0.0326085090637207,13.5470290184021,543.625,89,ok,,upstream-2.1.x,{}
361250,red_wine,openml_task,ctr23,regression,tabularaml,2,1200,1279,320,11,23,12,0.6191659007864154,rmse,False,0.6250169240140602,0.009361383672729356,128.23831486701965,0.021424531936645508,146.9779372215271,352.47265625,43,ok,,0.2.0,"{""mode"": ""medium"", ""elapsed_time"": 126.98267102241516, ""n_init_feats"": 11, ""n_added_feats"": 12, ""initial_metric"": null, ""final_metric"": 0.5732264863562659, ""pct_gain"": 0.048159988839567784}"
361622,cars,openml_task,ctr23,regression,openfe,3,1200,643,161,17,308,291,9278.238563678067,rmse,False,2469.5495814814703,-2.757057008797571,25.984673976898193,2.273916482925415,45.45522713661194,353.296875,6,ok,,upstream-0.0.12,{}
connect_4,connect-4,pmlb,stress_test,classification,tabularaml,0,1200,54045,13512,42,55,13,0.3598225338878546,categorical_crossentropy,False,,,1124.5876061916351,0.03374004364013672,1188.1860406398773,700.7421875,1999,ok,,0.2.0,"{""mode"": ""medium"", ""elapsed_time"": 923.9415338039398, ""n_init_feats"": 42, ""n_added_feats"": 13, ""initial_metric"": null, ""final_metric"": 0.46890825753769255, ""pct_gain"": 0.03613209360238799}"
361622,cars,openml_task,ctr23,regression,featuretools,1,1200,643,161,17,914,897,2335.7470020765663,rmse,False,,,1.8899831771850586,2.5722973346710205,85.59564423561096,385.66796875,139,ok,,upstream-1.x,{}
361622,cars,openml_task,ctr23,regression,tabularaml,0,1200,643,161,17,31,14,2406.6042208034205,rmse,False,2422.1971062786147,0.00643749653352967,96.35388898849487,0.017453908920288086,100.98485779762268,342.9375,119,ok,,0.2.0,"{""mode"": ""medium"", ""elapsed_time"": 94.59241080284119, ""n_init_feats"": 17, ""n_added_feats"": 14, ""initial_metric"": null, ""final_metric"": 2447.732389004499, ""pct_gain"": 0.07520747990300121}"
361622,cars,openml_task,ctr23,regression,openfe,4,1200,643,161,17,278,261,4164.363030131223,rmse,False,2243.665111864324,-0.8560537435423853,27.047354221343994,1.9631860256195068,34.71324682235718,352.03515625,66,ok,,upstream-0.0.12,{}
361236,auction_verification,openml_task,ctr23,regression,nofe,0,1200,1634,409,7,7,0,414.17281068138334,rmse,False,414.17281068138334,-0.0,0.005551815032958984,0.00011539459228515625,13.00853967666626,368.71875,1996,ok,,1.0.0,{}
361236,auction_verification,openml_task,ctr23,regression,autofeat,0,1200,1634,409,7,31,24,494.5948798806118,rmse,False,414.17281068138334,-0.1941751537647311,18.629263162612915,0.0425114631652832,22.72692584991455,595.11328125,1995,ok,,upstream-2.1.x,{}
1028_SWD,SWD,pmlb,pmlb,regression,openfe,3,1200,,,,,,,,,,,,,1380,,,timeout,wall-clock exceeded 1380s,,
361236,auction_verification,openml_task,ctr23,regression,openfe,1,1200,1634,409,7,122,115,9250.087332243505,rmse,False,,,8.692962646484375,1.60807204246521,18.595212697982788,351.54296875,20,ok,,upstream-0.0.12,{}
361236,auction_verification,openml_task,ctr23,regression,nofe,1,1200,1634,409,7,7,0,357.9549782401087,rmse,False,357.9549782401087,-0.0,0.007673501968383789,8.749961853027344e-05,19.52893090248108,342.43359375,696,ok,,1.0.0,{}
361236,auction_verification,openml_task,ctr23,regression,openfe,0,1200,1634,409,7,137,130,9437.80854351192,rmse,False,414.17281068138334,-21.787127257303904,9.881125450134277,1.954467535018921,30.21539306640625,350.31640625,2000,ok,,upstream-0.0.12,{}
361236,auction_verification,openml_task,ctr23,regression,autofeat,1,1200,1634,409,7,20,13,342.37245591052437,rmse,False,357.9549782401087,0.043532073240595895,16.40385413169861,0.02790045738220215,26.00053119659424,556.56640625,633,ok,,upstream-2.1.x,{}
361622,cars,openml_task,ctr23,regression,tabularaml,2,1200,643,161,17,37,20,2276.419164693126,rmse,False,2258.2078530791955,-0.008064497512528865,89.7373538017273,0.026590585708618164,96.56255102157593,344.26953125,55,ok,,0.2.0,"{""mode"": ""medium"", ""elapsed_time"": 86.75637483596802, ""n_init_feats"": 17, ""n_added_feats"": 20, ""initial_metric"": null, ""final_metric"": 2308.8371957941285, ""pct_gain"": 0.07331173597707588}"
361622,cars,openml_task,ctr23,regression,autofeat,3,1200,643,161,17,36,19,2153.9506576727567,rmse,False,2469.5495814814703,0.12779614800014966,10.058079481124878,0.04036879539489746,72.59346604347229,552.5859375,106,ok,,upstream-2.1.x,{}
361622,cars,openml_task,ctr23,regression,tabularaml,3,1200,643,161,17,27,10,2205.286681838411,rmse,False,2469.5495814814703,0.10700854181049868,73.78125953674316,0.010772705078125,83.44931268692017,345.96484375,62,ok,,0.2.0,"{""mode"": ""medium"", ""elapsed_time"": 72.2900459766388, ""n_init_feats"": 17, ""n_added_feats"": 10, ""initial_metric"": null, ""final_metric"": 2467.0911916171826, ""pct_gain"": 0.0777164749186217}"
361236,auction_verification,openml_task,ctr23,regression,autofeat,2,1200,1634,409,7,28,21,625.686124319304,rmse,False,,,17.89193105697632,0.03514599800109863,21.384092569351196,578.7890625,1259,ok,,upstream-2.1.x,{}
361269,health_insurance,openml_task,ctr23,regression,autofeat,4,1200,17817,4455,11,62,51,14.49688833127602,rmse,False,14.493771711388797,-0.00021503166665539725,39.399664640426636,0.09617924690246582,388.6804144382477,783.71875,91,ok,,upstream-2.1.x,{}
361622,cars,openml_task,ctr23,regression,autofeat,0,1200,643,161,17,34,17,2455.9461751566555,rmse,False,2422.1971062786147,-0.013933246303762536,10.35482931137085,0.03672599792480469,152.90677666664124,548.98046875,108,ok,,upstream-2.1.x,{}
361622,cars,openml_task,ctr23,regression,featuretools,4,1200,643,161,17,914,897,2226.986626041239,rmse,False,2243.665111864324,0.007433589680960125,1.9795982837677002,2.738051414489746,74.11173915863037,390.6015625,131,ok,,upstream-1.x,{}
361236,auction_verification,openml_task,ctr23,regression,nofe,2,1200,1634,409,7,7,0,489.66848348675745,rmse,False,489.66848348675745,-0.0,0.006728649139404297,0.0001270771026611328,36.34452199935913,349.55078125,1171,ok,,1.0.0,{}
361236,auction_verification,openml_task,ctr23,regression,featuretools,3,1200,1634,409,7,209,202,396.09406891289234,rmse,False,,,0.6798529624938965,0.3974037170410156,10.168574810028076,391.71484375,1891,ok,,upstream-1.x,{}
361236,auction_verification,openml_task,ctr23,regression,nofe,4,1200,1634,409,7,7,0,359.3435467125116,rmse,False,359.3435467125116,-0.0,0.00417780876159668,0.00010061264038085938,10.065783500671387,346.6328125,950,ok,,1.0.0,{}
361236,auction_verification,openml_task,ctr23,regression,openfe,3,1200,1634,409,7,138,131,9271.710456308087,rmse,False,,,9.447831392288208,1.7688267230987549,14.399381637573242,351.67578125,187,ok,,upstream-0.0.12,{}
361236,auction_verification,openml_task,ctr23,regression,openfe,4,1200,1634,409,7,128,121,9272.02628670604,rmse,False,359.3435467125116,-24.802679278734928,8.023905992507935,1.44598388671875,17.155205726623535,351.7890625,95,ok,,upstream-0.0.12,{}
361236,auction_verification,openml_task,ctr23,regression,featuretools,4,1200,1634,409,7,209,202,332.4249005202911,rmse,False,359.3435467125116,0.07491061531085869,0.8204319477081299,0.4187488555908203,18.360401153564453,392.16015625,1519,ok,,upstream-1.x,{}
361622,cars,openml_task,ctr23,regression,tabularaml,1,1200,643,161,17,34,17,2156.6158882570203,rmse,False,,,134.59291124343872,0.027025938034057617,153.07922291755676,346.22265625,161,ok,,0.2.0,"{""mode"": ""medium"", ""elapsed_time"": 134.04032135009766, ""n_init_feats"": 17, ""n_added_feats"": 17, ""initial_metric"": null, ""final_metric"": 2450.234845760532, ""pct_gain"": 0.041165044748824216}"
361236,auction_verification,openml_task,ctr23,regression,autofeat,4,1200,1634,409,7,19,12,300.2580407502331,rmse,False,359.3435467125116,0.16442623362191383,16.15984272956848,0.02676248550415039,19.29240369796753,559.2265625,1010,ok,,upstream-2.1.x,{}
361250,red_wine,openml_task,ctr23,regression,tabularaml,4,1200,1279,320,11,20,9,0.5521058654932907,rmse,False,0.5555582293144462,0.006214224970469309,164.44742035865784,0.013965845108032227,206.69119143486023,351.25390625,164,ok,,0.2.0,"{""mode"": ""medium"", ""elapsed_time"": 164.0959930419922, ""n_init_feats"": 11, ""n_added_feats"": 9, ""initial_metric"": null, ""final_metric"": 0.6103163088871, ""pct_gain"": 0.0503564104270111}"
361623,space_ga,openml_task,ctr23,regression,nofe,0,1200,2485,622,6,6,0,0.15951967598884356,rmse,False,0.15951967598884356,-0.0,0.007427692413330078,9.465217590332031e-05,8.356691837310791,334.26171875,256,ok,,1.0.0,{}
361623,space_ga,openml_task,ctr23,regression,featuretools,0,1200,2485,622,6,130,124,0.12273758516850478,rmse,False,0.15951967598884356,0.23058027539443623,0.45142173767089844,0.3658885955810547,5.823992013931274,362.5078125,127,ok,,upstream-1.x,{}
361236,auction_verification,openml_task,ctr23,regression,autofeat,3,1200,1634,409,7,21,14,333.46602657711213,rmse,False,,,16.880306243896484,0.030327796936035156,42.13992190361023,576.00390625,1699,ok,,upstream-2.1.x,{}
361236,auction_verification,openml_task,ctr23,regression,featuretools,2,1200,1634,409,7,209,202,483.48055263770925,rmse,False,489.66848348675745,0.01263698003389174,0.7386772632598877,0.4020218849182129,71.46016669273376,394.3828125,1857,ok,,upstream-1.x,{}
361623,space_ga,openml_task,ctr23,regression,autofeat,1,1200,2485,622,6,12,6,0.1259268081796885,rmse,False,,,5.007394790649414,0.017510652542114258,13.175931692123413,535.4140625,182,ok,,upstream-2.1.x,{}
361622,cars,openml_task,ctr23,regression,tabularaml,4,1200,643,161,17,32,15,2320.444056690132,rmse,False,2243.665111864324,-0.03422032299731682,116.5614082813263,0.024981260299682617,134.67619156837463,342.16796875,97,ok,,0.2.0,"{""mode"": ""medium"", ""elapsed_time"": 114.40993309020996, ""n_init_feats"": 17, ""n_added_feats"": 15, ""initial_metric"": null, ""final_metric"": 2537.5364158083853, ""pct_gain"": 0.05877926869826389}"
361236,auction_verification,openml_task,ctr23,regression,nofe,3,1200,1634,409,7,7,0,382.64486574383926,rmse,False,382.64486574383926,-0.0,0.0029578208923339844,6.246566772460938e-05,75.5920627117157,348.125,963,ok,,1.0.0,{}
361235,airfoil_self_noise,openml_task,ctr23,regression,tabularaml,4,1200,1202,301,5,11,6,1.314592635806079,rmse,False,1.285363462475516,-0.022740006374749395,28.78381609916687,0.013101816177368164,326.449471950531,369.9765625,1997,ok,,0.2.0,"{""mode"": ""medium"", ""elapsed_time"": 28.522109270095825, ""n_init_feats"": 5, ""n_added_feats"": 6, ""initial_metric"": null, ""final_metric"": 1.7527102521459934, ""pct_gain"": 0.1652294895836231}"
361623,space_ga,openml_task,ctr23,regression,openfe,0,1200,2485,622,6,65,59,0.11901776381890004,rmse,False,0.15951967598884356,0.2538991627137967,4.287724256515503,0.37706995010375977,25.421271085739136,348.13671875,283,ok,,upstream-0.0.12,{}
yeast,yeast,pmlb,stress_test,multiclass,featuretools,0,1200,,,,,,,,,,,,,1380,,,timeout,wall-clock exceeded 1380s,,
yeast,yeast,pmlb,stress_test,multiclass,tabularaml,0,1200,,,,,,,,,,,,,1380,,,timeout,wall-clock exceeded 1380s,,
yeast,yeast,pmlb,stress_test,multiclass,openfe,1,1200,,,,,,,,,,,,,1380,,,timeout,wall-clock exceeded 1380s,,
yeast,yeast,pmlb,stress_test,multiclass,autofeat,1,1200,,,,,,,,,,,,,1380,,,timeout,wall-clock exceeded 1380s,,
361623,space_ga,openml_task,ctr23,regression,nofe,2,1200,2485,622,6,6,0,0.14318581752146084,rmse,False,0.14318581752146084,-0.0,0.003620624542236328,6.222724914550781e-05,9.179131269454956,335.62109375,293,ok,,1.0.0,{}
361623,space_ga,openml_task,ctr23,regression,autofeat,2,1200,2485,622,6,14,8,0.13414061555882068,rmse,False,0.14318581752146084,0.06317107461627239,4.809823036193848,0.01951003074645996,7.740828275680542,533.9921875,140,ok,,upstream-2.1.x,{}
361623,space_ga,openml_task,ctr23,regression,openfe,2,1200,2485,622,6,61,55,0.10120443815014042,rmse,False,0.14318581752146084,0.2931950950032339,3.9508779048919678,0.3285644054412842,9.228091955184937,345.1484375,162,ok,,upstream-0.0.12,{}
361623,space_ga,openml_task,ctr23,regression,featuretools,2,1200,2485,622,6,129,123,0.10237642149149041,rmse,False,0.14318581752146084,0.28501004314798056,0.44594407081604004,0.48119473457336426,9.292906761169434,363.97265625,227,ok,,upstream-1.x,{}
yeast,yeast,pmlb,stress_test,multiclass,tabularaml,4,1200,,,,,,,,,,,,,1380,,,timeout,wall-clock exceeded 1380s,,
361623,space_ga,openml_task,ctr23,regression,autofeat,3,1200,2485,622,6,17,11,0.13150014886086608,rmse,False,,,7.872702598571777,0.02562689781188965,13.838168859481812,548.875,143,ok,,upstream-2.1.x,{}
monk2,monk2,pmlb,stress_test,classification,featuretools,1,1200,,,,,,,,,,,,,1380,,,timeout,wall-clock exceeded 1380s,,
monk2,monk2,pmlb,stress_test,classification,tabularaml,1,1200,,,,,,,,,,,,,1380,,,timeout,wall-clock exceeded 1380s,,
monk2,monk2,pmlb,stress_test,classification,featuretools,2,1200,,,,,,,,,,,,,1380,,,timeout,wall-clock exceeded 1380s,,
361623,space_ga,openml_task,ctr23,regression,autofeat,4,1200,2485,622,6,15,9,0.12946493519680538,rmse,False,,,7.538459300994873,0.0250399112701416,10.304956436157227,544.21484375,134,ok,,upstream-2.1.x,{}
361623,space_ga,openml_task,ctr23,regression,featuretools,3,1200,2485,622,6,129,123,0.10689951491031993,rmse,False,,,0.4579813480377197,0.4119846820831299,17.226665496826172,365.9296875,85,ok,,upstream-1.x,{}
361623,space_ga,openml_task,ctr23,regression,openfe,3,1200,2485,622,6,63,57,0.09764977492455162,rmse,False,,,4.482850074768066,0.42426228523254395,17.628557682037354,348.140625,185,ok,,upstream-0.0.12,{}
361623,space_ga,openml_task,ctr23,regression,nofe,4,1200,2485,622,6,6,0,0.1403644904915352,rmse,False,0.1403644904915352,-0.0,0.0026798248291015625,5.817413330078125e-05,17.150731801986694,335.8984375,420,ok,,1.0.0,{}
361623,space_ga,openml_task,ctr23,regression,nofe,3,1200,2485,622,6,6,0,0.1359909050396885,rmse,False,0.1359909050396885,-0.0,0.0033118724822998047,5.173683166503906e-05,19.682628393173218,336.3125,285,ok,,1.0.0,{}
361623,space_ga,openml_task,ctr23,regression,tabularaml,2,1200,2485,622,6,13,7,0.133542046559226,rmse,False,0.14318581752146084,0.06735143975267958,19.32645893096924,0.00969076156616211,28.157246589660645,345.05859375,49,ok,,0.2.0,"{""mode"": ""medium"", ""elapsed_time"": 18.737046241760254, ""n_init_feats"": 6, ""n_added_feats"": 7, ""initial_metric"": null, ""final_metric"": 0.10909340169070196, ""pct_gain"": 0.08187641051587453}"
monk2,monk2,pmlb,stress_test,classification,tabularaml,3,1200,,,,,,,,,,,,,1380,,,timeout,wall-clock exceeded 1380s,,
361234,abalone,openml_task,ctr23,regression,featuretools,0,1200,3341,836,8,215,207,2.131220733198202,rmse,False,,,0.7657833099365234,0.3425261974334717,9.646434545516968,379.7421875,42,ok,,upstream-1.x,{}
361234,abalone,openml_task,ctr23,regression,autofeat,0,1200,3341,836,8,27,19,2.1331254265628754,rmse,False,,,14.951138019561768,0.04146265983581543,21.748717784881592,575.5703125,55,ok,,upstream-2.1.x,{}
361234,abalone,openml_task,ctr23,regression,openfe,0,1200,3341,836,8,177,169,2.1224360109610894,rmse,False,,,10.043335199356079,2.2652013301849365,24.61295223236084,373.65625,53,ok,,upstream-0.0.12,{}
361234,abalone,openml_task,ctr23,regression,openfe,1,1200,3341,836,8,179,171,1.9959744864653786,rmse,False,,,9.88214373588562,2.3647823333740234,23.870946168899536,370.07421875,55,ok,,upstream-0.0.12,{}
361623,space_ga,openml_task,ctr23,regression,tabularaml,3,1200,2485,622,6,13,7,0.11389632111699181,rmse,False,0.1359909050396885,0.16247104110564198,28.374624013900757,0.009570121765136719,45.462501525878906,347.4609375,213,ok,,0.2.0,"{""mode"": ""medium"", ""elapsed_time"": 27.826441049575806, ""n_init_feats"": 6, ""n_added_feats"": 7, ""initial_metric"": null, ""final_metric"": 0.10505828387548517, ""pct_gain"": 0.0775054885300833}"
361234,abalone,openml_task,ctr23,regression,nofe,2,1200,3341,836,8,8,0,2.2851261340002234,rmse,False,2.2851261340002234,-0.0,0.005493879318237305,0.00010776519775390625,2.2640345096588135,338.16796875,67,ok,,1.0.0,{}
361234,abalone,openml_task,ctr23,regression,autofeat,1,1200,3341,836,8,32,24,2.0161263204065363,rmse,False,,,14.952108144760132,0.05176401138305664,17.98797059059143,570.98828125,109,ok,,upstream-2.1.x,{}
361623,space_ga,openml_task,ctr23,regression,autofeat,0,1200,2485,622,6,16,10,0.1540532743467384,rmse,False,0.15951967598884356,0.03426788330793415,7.499464988708496,0.022902488708496094,85.84510326385498,540.328125,85,ok,,upstream-2.1.x,{}
361234,abalone,openml_task,ctr23,regression,featuretools,1,1200,3341,836,8,224,216,2.0486635764779577,rmse,False,,,0.7240760326385498,0.38283514976501465,17.30900263786316,383.88671875,68,ok,,upstream-1.x,{}
connect_4,connect-4,pmlb,stress_test,classification,nofe,0,1200,,,,,,,,,,,,,1380,,,timeout,wall-clock exceeded 1380s,,
connect_4,connect-4,pmlb,stress_test,classification,openfe,0,1200,,,,,,,,,,,,,1380,,,timeout,wall-clock exceeded 1380s,,
connect_4,connect-4,pmlb,stress_test,classification,autofeat,0,1200,,,,,,,,,,,,,1380,,,timeout,wall-clock exceeded 1380s,,
361234,abalone,openml_task,ctr23,regression,nofe,0,1200,3341,836,8,8,0,2.177743203631897,rmse,False,2.177743203631897,-0.0,0.0062258243560791016,0.00010442733764648438,39.36423993110657,336.57421875,70,ok,,1.0.0,{}
361234,abalone,openml_task,ctr23,regression,featuretools,2,1200,3341,836,8,222,214,2.245072737345131,rmse,False,2.2851261340002234,0.017527871244891337,0.6757781505584717,0.35643529891967773,9.071268081665039,385.1484375,50,ok,,upstream-1.x,{}
connect_4,connect-4,pmlb,stress_test,classification,featuretools,0,1200,,,,,,,,,,,,,1380,,,timeout,wall-clock exceeded 1380s,,
361234,abalone,openml_task,ctr23,regression,featuretools,3,1200,3341,836,8,224,216,2.106516731539633,rmse,False,,,0.7107641696929932,0.3349318504333496,6.4847190380096436,380.8515625,55,ok,,upstream-1.x,{}
361234,abalone,openml_task,ctr23,regression,autofeat,3,1200,3341,836,8,41,33,2.0808200751771406,rmse,False,,,17.17795491218567,0.053977251052856445,20.642398357391357,588.84765625,90,ok,,upstream-2.1.x,{}
connect_4,connect-4,pmlb,stress_test,classification,openfe,1,1200,,,,,,,,,,,,,1380,,,timeout,wall-clock exceeded 1380s,,
connect_4,connect-4,pmlb,stress_test,classification,autofeat,1,1200,,,,,,,,,,,,,1380,,,timeout,wall-clock exceeded 1380s,,
connect_4,connect-4,pmlb,stress_test,classification,tabularaml,1,1200,,,,,,,,,,,,,1380,,,timeout,wall-clock exceeded 1380s,,
361234,abalone,openml_task,ctr23,regression,nofe,1,1200,3341,836,8,8,0,2.1547613340357454,rmse,False,2.1547613340357454,-0.0,0.0032858848571777344,0.00010752677917480469,53.74569869041443,336.3203125,143,ok,,1.0.0,{}
361623,space_ga,openml_task,ctr23,regression,tabularaml,1,1200,2485,622,6,13,7,0.11524077384319517,rmse,False,,,68.14294385910034,0.010933160781860352,86.59476470947266,347.796875,133,ok,,0.2.0,"{""mode"": ""medium"", ""elapsed_time"": 67.56209826469421, ""n_init_feats"": 6, ""n_added_feats"": 7, ""initial_metric"": null, ""final_metric"": 0.09621034016473842, ""pct_gain"": 0.09993807000320871}"
361234,abalone,openml_task,ctr23,regression,autofeat,2,1200,3341,836,8,40,32,2.2672512309826343,rmse,False,2.2851261340002234,0.007822282871667226,16.773938179016113,0.06130647659301758,26.485682487487793,587.609375,39,ok,,upstream-2.1.x,{}
connect_4,connect-4,pmlb,stress_test,classification,featuretools,1,1200,,,,,,,,,,,,,1380,,,timeout,wall-clock exceeded 1380s,,
361234,abalone,openml_task,ctr23,regression,nofe,3,1200,3341,836,8,8,0,2.143613290591695,rmse,False,2.143613290591695,-0.0,0.006265878677368164,0.00019979476928710938,25.563321590423584,334.94140625,83,ok,,1.0.0,{}
361234,abalone,openml_task,ctr23,regression,nofe,4,1200,3341,836,8,8,0,2.0945985943041823,rmse,False,2.0945985943041823,-0.0,0.005558967590332031,0.00010919570922851562,17.100993394851685,340.52734375,107,ok,,1.0.0,{}
361623,space_ga,openml_task,ctr23,regression,openfe,4,1200,2485,622,6,65,59,0.09862018899366248,rmse,False,0.1403644904915352,0.2973993020007446,4.314913034439087,0.4452836513519287,75.89745950698853,349.3984375,261,ok,,upstream-0.0.12,{}
361249,white_wine,openml_task,ctr23,regression,nofe,2,1200,3918,980,11,11,0,0.6249850944762445,rmse,False,0.6249850944762445,-0.0,0.005751371383666992,5.984306335449219e-05,6.836689233779907,349.671875,873,ok,,1.0.0,{}
361249,white_wine,openml_task,ctr23,regression,nofe,0,1200,3918,980,11,11,0,0.6836595162800649,rmse,False,0.6836595162800649,-0.0,0.0032281875610351562,0.0001800060272216797,11.761369466781616,344.72265625,578,ok,,1.0.0,{}
361234,abalone,openml_task,ctr23,regression,openfe,3,1200,3341,836,8,185,177,2.0636593005833928,rmse,False,2.143613290591695,0.03729870045087877,10.548772811889648,2.52558970451355,36.64984726905823,377.8203125,53,ok,,upstream-0.0.12,{}
361249,white_wine,openml_task,ctr23,regression,nofe,1,1200,3918,980,11,11,0,0.5994102260640205,rmse,False,0.5994102260640205,-0.0,0.003917217254638672,0.00010085105895996094,11.113787174224854,344.83203125,568,ok,,1.0.0,{}
connect_4,connect-4,pmlb,stress_test,classification,openfe,2,1200,,,,,,,,,,,,,1380,,,timeout,wall-clock exceeded 1380s,,
connect_4,connect-4,pmlb,stress_test,classification,autofeat,2,1200,,,,,,,,,,,,,1380,,,timeout,wall-clock exceeded 1380s,,
361249,white_wine,openml_task,ctr23,regression,nofe,3,1200,3918,980,11,11,0,0.6574130013961788,rmse,False,0.6574130013961788,-0.0,0.005220651626586914,8.487701416015625e-05,10.066606998443604,342.65234375,576,ok,,1.0.0,{}
connect_4,connect-4,pmlb,stress_test,classification,tabularaml,2,1200,,,,,,,,,,,,,1380,,,timeout,wall-clock exceeded 1380s,,
connect_4,connect-4,pmlb,stress_test,classification,openfe,3,1200,,,,,,,,,,,,,1380,,,timeout,wall-clock exceeded 1380s,,
connect_4,connect-4,pmlb,stress_test,classification,featuretools,2,1200,,,,,,,,,,,,,1380,,,timeout,wall-clock exceeded 1380s,,
361623,space_ga,openml_task,ctr23,regression,featuretools,4,1200,2485,622,6,130,124,0.10180411321757513,rmse,False,0.1403644904915352,0.2747160420625436,0.4516594409942627,0.3966250419616699,87.25214433670044,362.8203125,153,ok,,upstream-1.x,{}
connect_4,connect-4,pmlb,stress_test,classification,autofeat,3,1200,,,,,,,,,,,,,1380,,,timeout,wall-clock exceeded 1380s,,
connect_4,connect-4,pmlb,stress_test,classification,featuretools,3,1200,,,,,,,,,,,,,1380,,,timeout,wall-clock exceeded 1380s,,
361249,white_wine,openml_task,ctr23,regression,autofeat,0,1200,3918,980,11,56,45,0.6703767576261475,rmse,False,0.6836595162800649,0.0194289091830269,27.713987827301025,0.0750887393951416,41.848862648010254,629.12109375,403,ok,,upstream-2.1.x,{}
361249,white_wine,openml_task,ctr23,regression,featuretools,0,1200,3918,980,11,476,465,0.6803822768625907,rmse,False,0.6836595162800649,0.004793671907481685,0.9971058368682861,0.8625593185424805,43.31370210647583,426.40234375,399,ok,,upstream-1.x,{}
361249,white_wine,openml_task,ctr23,regression,featuretools,1,1200,3918,980,11,472,461,0.6015085900458375,rmse,False,0.5994102260640205,-0.0035007143531662665,1.0214581489562988,0.8663249015808105,54.04300594329834,423.58203125,467,ok,,upstream-1.x,{}
361249,white_wine,openml_task,ctr23,regression,autofeat,2,1200,3918,980,11,43,32,0.6204158307959406,rmse,False,0.6249850944762445,0.007310996247251358,26.326382875442505,0.0549776554107666,40.90322828292847,639.85546875,685,ok,,upstream-2.1.x,{}
361623,space_ga,openml_task,ctr23,regression,tabularaml,4,1200,2485,622,6,13,7,0.12973294966961427,rmse,False,0.1403644904915352,0.07574238174263943,63.541860580444336,0.010049819946289062,115.44426655769348,351.43359375,125,ok,,0.2.0,"{""mode"": ""medium"", ""elapsed_time"": 62.97031307220459, ""n_init_feats"": 6, ""n_added_feats"": 7, ""initial_metric"": null, ""final_metric"": 0.09454929672802012, ""pct_gain"": 0.09847177309064982}"
361234,abalone,openml_task,ctr23,regression,openfe,2,1200,3341,836,8,182,174,2.220939224945624,rmse,False,2.2851261340002234,0.02808900047116313,9.907157897949219,2.597224235534668,85.63661789894104,374.8515625,55,ok,,upstream-0.0.12,{}
361243,music_origin,openml_task,ctr23,regression,nofe,0,1200,847,212,116,116,0,16.103940163070128,rmse,False,16.103940163070128,-0.0,0.002714395523071289,0.0002942085266113281,9.250258207321167,343.1640625,44,ok,,1.0.0,{}
361234,abalone,openml_task,ctr23,regression,openfe,4,1200,3341,836,8,180,172,2.030017653913449,rmse,False,2.0945985943041823,0.030832132021069502,10.811364889144897,2.4650964736938477,73.51691222190857,376.15625,111,ok,,upstream-0.0.12,{}
361249,white_wine,openml_task,ctr23,regression,autofeat,3,1200,3918,980,11,36,25,0.6432771457405995,rmse,False,0.6574130013961788,0.021502245354987366,24.63670563697815,0.04299211502075195,29.81231951713562,636.6328125,453,ok,,upstream-2.1.x,{}
connect_4,connect-4,pmlb,stress_test,classification,openfe,4,1200,,,,,,,,,,,,,1380,,,timeout,wall-clock exceeded 1380s,,
connect_4,connect-4,pmlb,stress_test,classification,autofeat,4,1200,,,,,,,,,,,,,1380,,,timeout,wall-clock exceeded 1380s,,
connect_4,connect-4,pmlb,stress_test,classification,featuretools,4,1200,,,,,,,,,,,,,1380,,,timeout,wall-clock exceeded 1380s,,
361243,music_origin,openml_task,ctr23,regression,nofe,1,1200,847,212,116,116,0,18.127174920210038,rmse,False,18.127174920210038,-0.0,0.003895282745361328,0.00011420249938964844,11.682518482208252,337.78125,49,ok,,1.0.0,{}
361249,white_wine,openml_task,ctr23,regression,autofeat,4,1200,3918,980,11,29,18,0.6056070472731369,rmse,False,,,24.33878993988037,0.03725743293762207,38.91102194786072,635.5546875,1039,ok,,upstream-2.1.x,{}
361243,music_origin,openml_task,ctr23,regression,nofe,2,1200,847,212,116,116,0,16.66930032011704,rmse,False,16.66930032011704,-0.0,0.00448155403137207,0.0001785755157470703,8.086761713027954,344.1015625,137,ok,,1.0.0,{}
361235,airfoil_self_noise,openml_task,ctr23,regression,autofeat,0,1200,1202,301,5,55,50,1.6356568153333846,rmse,False,1.6802169582491364,0.026520469691119864,23.54017400741577,0.0722818374633789,583.5290954113007,627.2265625,1986,ok,,upstream-2.1.x,{}
361249,white_wine,openml_task,ctr23,regression,openfe,1,1200,3918,980,11,602,591,0.6890941050329361,rmse,False,0.5994102260640205,-0.14962020177369623,41.493736028671265,16.188418865203857,85.45672059059143,496.61328125,171,ok,,upstream-0.0.12,{}
361249,white_wine,openml_task,ctr23,regression,featuretools,2,1200,3918,980,11,474,463,0.6248427709899045,rmse,False,0.6249850944762445,0.00022772300907319197,1.0851013660430908,0.9827451705932617,73.62706875801086,421.18359375,415,ok,,upstream-1.x,{}
361249,white_wine,openml_task,ctr23,regression,featuretools,3,1200,3918,980,11,473,462,0.6423941390193472,rmse,False,0.6574130013961788,0.02284539907932354,1.070497751235962,0.9838817119598389,71.35425353050232,425.35546875,632,ok,,upstream-1.x,{}
361243,music_origin,openml_task,ctr23,regression,nofe,3,1200,847,212,116,116,0,16.940780373483385,rmse,False,16.940780373483385,-0.0,0.0042514801025390625,0.00011563301086425781,13.494154453277588,345.58203125,280,ok,,1.0.0,{}
361236,auction_verification,openml_task,ctr23,regression,tabularaml,1,1200,1634,409,7,2958,2951,397.3171047525423,rmse,False,357.9549782401087,-0.10996390301919574,233.6270399093628,16.58079171180725,292.40710186958313,574.71875,734,ok,,0.2.0,"{""mode"": ""medium"", ""elapsed_time"": 168.46550464630127, ""n_init_feats"": 7, ""n_added_feats"": 17, ""initial_metric"": null, ""final_metric"": 1223.038625959814, ""pct_gain"": 0.11777590074080135}"
361249,white_wine,openml_task,ctr23,regression,featuretools,4,1200,3918,980,11,475,464,0.6084720524129378,rmse,False,,,1.0984764099121094,1.0420737266540527,110.78661513328552,422.55078125,441,ok,,upstream-1.x,{}
361243,music_origin,openml_task,ctr23,regression,nofe,4,1200,847,212,116,116,0,17.683730484357103,rmse,False,17.683730484357103,-0.0,0.003083944320678711,0.00028252601623535156,3.668811082839966,343.4921875,31,ok,,1.0.0,{}
361617,energy_efficiency,openml_task,ctr23,regression,tabularaml,4,1200,614,154,8,17,9,0.3844232452130299,rmse,False,0.36549000398506015,-0.0518023503284201,26.122546911239624,0.012873172760009766,1052.6486847400665,345.3671875,315,ok,,0.2.0,"{""mode"": ""medium"", ""elapsed_time"": 25.962756872177124, ""n_init_feats"": 8, ""n_added_feats"": 9, ""initial_metric"": null, ""final_metric"": 0.5106598365293501, ""pct_gain"": 0.14692596481034703}"
361249,white_wine,openml_task,ctr23,regression,openfe,2,1200,3918,980,11,537,526,0.630122988359484,rmse,False,0.6249850944762445,-0.008220826270337198,36.65124011039734,12.796456336975098,147.36666584014893,459.16796875,792,ok,,upstream-0.0.12,{}
361234,abalone,openml_task,ctr23,regression,tabularaml,2,1200,3341,836,8,18,10,2.240625023895327,rmse,False,2.2851261340002234,0.019474246713460354,186.68114352226257,0.022408246994018555,189.61268424987793,360.890625,62,ok,,0.2.0,"{""mode"": ""medium"", ""elapsed_time"": 185.8204538822174, ""n_init_feats"": 8, ""n_added_feats"": 10, ""initial_metric"": null, ""final_metric"": 2.1665352817114845, ""pct_gain"": 0.027978211597312945}"
361234,abalone,openml_task,ctr23,regression,tabularaml,3,1200,3341,836,8,13,5,2.089482433356746,rmse,False,2.143613290591695,0.025252156008049132,199.63710069656372,0.015528202056884766,202.47728037834167,354.95703125,66,ok,,0.2.0,"{""mode"": ""medium"", ""elapsed_time"": 198.88506817817688, ""n_init_feats"": 8, ""n_added_feats"": 5, ""initial_metric"": null, ""final_metric"": 2.1342053828540535, ""pct_gain"": 0.03560647911057721}"
361249,white_wine,openml_task,ctr23,regression,openfe,0,1200,3918,980,11,602,591,0.6981516779251319,rmse,False,0.6836595162800649,-0.021197922796309256,40.42628312110901,15.783766508102417,190.62999296188354,491.640625,692,ok,,upstream-0.0.12,{}
361258,kin8nm,openml_task,ctr23,regression,nofe,0,1200,6553,1639,8,8,0,0.1160065106702013,rmse,False,0.1160065106702013,-0.0,0.005938053131103516,0.00014066696166992188,9.698758840560913,365.5234375,1816,ok,,1.0.0,{}
361269,health_insurance,openml_task,ctr23,regression,tabularaml,3,1200,17817,4455,11,13,2,14.435228420023185,rmse,False,14.419612899623665,-0.0010829361722967583,751.2289683818817,0.029002666473388672,760.6846513748169,387.6171875,97,ok,,0.2.0,"{""mode"": ""medium"", ""elapsed_time"": 748.2241547107697, ""n_init_feats"": 11, ""n_added_feats"": 2, ""initial_metric"": null, ""final_metric"": 14.60731513238839, ""pct_gain"": 0.0}"
361618,forest_fires,openml_task,ctr23,regression,tabularaml,3,1200,,,,,,,,,,,,,1380,,,timeout,wall-clock exceeded 1380s,,
361249,white_wine,openml_task,ctr23,regression,tabularaml,0,1200,3918,980,11,18,7,0.6958953431809415,rmse,False,0.6836595162800649,-0.01789754491746747,211.293194770813,0.019450902938842773,221.57245421409607,373.3828125,498,ok,,0.2.0,"{""mode"": ""medium"", ""elapsed_time"": 210.56198644638062, ""n_init_feats"": 11, ""n_added_feats"": 7, ""initial_metric"": null, ""final_metric"": 0.6410389024691473, ""pct_gain"": 0.023213274884311956}"
361623,space_ga,openml_task,ctr23,regression,featuretools,1,1200,2485,622,6,130,124,0.09621726349042653,rmse,False,,,0.4647700786590576,0.4012119770050049,316.06485056877136,364.16796875,248,ok,,upstream-1.x,{}
361258,kin8nm,openml_task,ctr23,regression,nofe,1,1200,6553,1639,8,8,0,0.11261788614985815,rmse,False,0.11261788614985815,-0.0,0.004850625991821289,7.557868957519531e-05,11.375145196914673,357.7265625,1270,ok,,1.0.0,{}
361258,kin8nm,openml_task,ctr23,regression,autofeat,0,1200,6553,1639,8,77,69,0.10046058433258084,rmse,False,0.1160065106702013,0.13400908490228175,45.59575152397156,0.10509276390075684,73.83398413658142,711.4765625,1262,ok,,upstream-2.1.x,{}
361249,white_wine,openml_task,ctr23,regression,tabularaml,1,1200,3918,980,11,19,8,0.610116472397342,rmse,False,0.5994102260640205,-0.017861300771632185,257.55226373672485,0.01452326774597168,266.77499175071716,376.35546875,742,ok,,0.2.0,"{""mode"": ""medium"", ""elapsed_time"": 256.81416368484497, ""n_init_feats"": 11, ""n_added_feats"": 8, ""initial_metric"": null, ""final_metric"": 0.651268575641992, ""pct_gain"": 0.03422172089710794}"
361258,kin8nm,openml_task,ctr23,regression,tabularaml,0,1200,6553,1639,8,17,9,0.09789608171002208,rmse,False,0.1160065106702013,0.15611562536921703,58.36537766456604,0.014379024505615234,70.28135132789612,371.5703125,1047,ok,,0.2.0,"{""mode"": ""medium"", ""elapsed_time"": 57.007508754730225, ""n_init_feats"": 8, ""n_added_feats"": 9, ""initial_metric"": null, ""final_metric"": 0.10665607720078654, ""pct_gain"": 0.1927873547046094}"
361258,kin8nm,openml_task,ctr23,regression,openfe,0,1200,6553,1639,8,189,181,0.09476001702926024,rmse,False,0.1160065106702013,0.18314914842446575,14.843065977096558,1.2881791591644287,90.27741932868958,416.76171875,1130,ok,,upstream-0.0.12,{}
361258,kin8nm,openml_task,ctr23,regression,featuretools,0,1200,6553,1639,8,284,276,0.09625354823223967,rmse,False,0.1160065106702013,0.17027460203607003,0.841543436050415,0.4335179328918457,87.16918563842773,396.5859375,559,ok,,upstream-1.x,{}
361258,kin8nm,openml_task,ctr23,regression,nofe,2,1200,6553,1639,8,8,0,0.11477658875567706,rmse,False,0.11477658875567706,-0.0,0.003202676773071289,0.0001392364501953125,12.894177198410034,360.125,1499,ok,,1.0.0,{}
361258,kin8nm,openml_task,ctr23,regression,openfe,1,1200,6553,1639,8,184,176,0.08981942847179651,rmse,False,0.11261788614985815,0.20244082407766237,16.166939973831177,1.254042387008667,69.19847631454468,415.2578125,1028,ok,,upstream-0.0.12,{}
361619,student_performance,openml_task,ctr23,regression,tabularaml,1,1200,,,,,,,,,,,,,1380,,,timeout,wall-clock exceeded 1380s,,
361616,Moneyball,openml_task,ctr23,regression,tabularaml,0,1200,985,247,14,357,343,26.06886514464882,rmse,False,25.46265238302655,-0.02380791884927011,1019.4122908115387,1.562903642654419,1032.394522190094,403.15234375,192,ok,,0.2.0,"{""mode"": ""medium"", ""elapsed_time"": 992.0905086994171, ""n_init_feats"": 14, ""n_added_feats"": 343, ""initial_metric"": null, ""final_metric"": 24.2589145779471, ""pct_gain"": 0.00664112192196977}"
361258,kin8nm,openml_task,ctr23,regression,nofe,3,1200,6553,1639,8,8,0,0.113024037723791,rmse,False,0.113024037723791,-0.0,0.005472898483276367,0.00021600723266601562,6.890669822692871,355.28515625,1129,ok,,1.0.0,{}
361249,white_wine,openml_task,ctr23,regression,tabularaml,2,1200,3918,980,11,21,10,0.6308351917139031,rmse,False,0.6249850944762445,-0.009360378814411827,294.71231412887573,0.022340774536132812,299.747994184494,384.75390625,759,ok,,0.2.0,"{""mode"": ""medium"", ""elapsed_time"": 293.5062508583069, ""n_init_feats"": 11, ""n_added_feats"": 10, ""initial_metric"": null, ""final_metric"": 0.6472316083320789, ""pct_gain"": 0.01452080497978272}"
361258,kin8nm,openml_task,ctr23,regression,featuretools,1,1200,6553,1639,8,284,276,0.09093715925154479,rmse,False,0.11261788614985815,0.1925158395307056,0.8631711006164551,0.4686868190765381,54.52798557281494,426.33203125,802,ok,,upstream-1.x,{}
361621,QSAR_fish_toxicity,openml_task,ctr23,regression,nofe,4,1200,726,182,6,6,0,0.9176117624798071,rmse,False,0.9176117624798071,-0.0,0.001781463623046875,6.365776062011719e-05,1169.1554083824158,329.43359375,104,ok,,1.0.0,{}
361258,kin8nm,openml_task,ctr23,regression,nofe,4,1200,6553,1639,8,8,0,0.11506649972940451,rmse,False,0.11506649972940451,-0.0,0.013297319412231445,0.0002963542938232422,8.40464735031128,360.8828125,1611,ok,,1.0.0,{}
361269,health_insurance,openml_task,ctr23,regression,tabularaml,1,1200,17817,4455,11,15,4,14.41095837841368,rmse,False,14.387111879216642,-0.0016574903564548214,911.5579025745392,0.0531163215637207,914.3228571414948,394.0625,91,ok,,0.2.0,"{""mode"": ""medium"", ""elapsed_time"": 907.7664520740509, ""n_init_feats"": 11, ""n_added_feats"": 4, ""initial_metric"": null, ""final_metric"": 14.551086126043282, ""pct_gain"": -0.001512363791910069}"
361249,white_wine,openml_task,ctr23,regression,nofe,4,1200,3918,980,11,11,0,0.6217770089338759,rmse,False,0.6217770089338759,-0.0,0.0045545101165771484,6.890296936035156e-05,315.37597012519836,349.265625,747,ok,,1.0.0,{}
361269,health_insurance,openml_task,ctr23,regression,tabularaml,2,1200,17817,4455,11,12,1,14.518396559468968,rmse,False,14.503672455738148,-0.0010151983075841733,914.3383226394653,0.047536373138427734,924.5062725543976,387.79296875,87,ok,,0.2.0,"{""mode"": ""medium"", ""elapsed_time"": 910.7142109870911, ""n_init_feats"": 11, ""n_added_feats"": 1, ""initial_metric"": null, ""final_metric"": 14.481389270536866, ""pct_gain"": 0.0}"
361258,kin8nm,openml_task,ctr23,regression,autofeat,1,1200,6553,1639,8,74,66,0.0967140114872057,rmse,False,0.11261788614985815,0.14121979382111222,46.731613636016846,0.09920048713684082,120.60963082313538,699.74609375,1128,ok,,upstream-2.1.x,{}
361258,kin8nm,openml_task,ctr23,regression,tabularaml,1,1200,6553,1639,8,17,9,0.09874828717929066,rmse,False,0.11261788614985815,0.12315627157227518,83.99714255332947,0.015624284744262695,98.94799995422363,389.12890625,1830,ok,,0.2.0,"{""mode"": ""medium"", ""elapsed_time"": 82.5680775642395, ""n_init_feats"": 8, ""n_added_feats"": 9, ""initial_metric"": null, ""final_metric"": 0.11351041418367577, ""pct_gain"": 0.1471320583682743}"
361259,pumadyn32nh,openml_task,ctr23,regression,nofe,0,1200,6553,1639,32,32,0,0.021355269191365,rmse,False,0.021355269191365,-0.0,0.009340286254882812,0.0010645389556884766,7.743072271347046,350.8828125,112,ok,,1.0.0,{}
361269,health_insurance,openml_task,ctr23,regression,tabularaml,4,1200,17817,4455,11,15,4,14.497802765207714,rmse,False,14.493771711388797,-0.0002781231758845274,905.6936411857605,0.05118846893310547,909.4724049568176,401.80078125,123,ok,,0.2.0,"{""mode"": ""medium"", ""elapsed_time"": 901.868730545044, ""n_init_feats"": 11, ""n_added_feats"": 4, ""initial_metric"": null, ""final_metric"": 14.528870656496286, ""pct_gain"": 0.0008032930521220149}"
361619,student_performance,openml_task,ctr23,regression,tabularaml,4,1200,,,,,,,,,,,,,1380,,,timeout,wall-clock exceeded 1380s,,
361258,kin8nm,openml_task,ctr23,regression,featuretools,2,1200,6553,1639,8,284,276,0.09588720482222524,rmse,False,0.11477658875567706,0.16457523383676553,0.8402655124664307,0.47695446014404297,88.10314989089966,428.66015625,958,ok,,upstream-1.x,{}
361258,kin8nm,openml_task,ctr23,regression,featuretools,3,1200,6553,1639,8,284,276,0.09140463231908297,rmse,False,0.113024037723791,0.19128148171048084,0.8698832988739014,0.4460315704345703,73.08683347702026,430.875,1205,ok,,upstream-1.x,{}
361621,QSAR_fish_toxicity,openml_task,ctr23,regression,openfe,4,1200,726,182,6,111,105,0.889622184679953,rmse,False,0.9176117624798071,0.030502636239332265,4.889513254165649,0.7110130786895752,1229.2602519989014,338.56640625,76,ok,,upstream-0.0.12,{}
361258,kin8nm,openml_task,ctr23,regression,openfe,3,1200,6553,1639,8,174,166,0.08857070553944545,rmse,False,0.113024037723791,0.2163551460097788,13.156533241271973,1.1650145053863525,77.95389294624329,403.9140625,785,ok,,upstream-0.0.12,{}
361259,pumadyn32nh,openml_task,ctr23,regression,nofe,1,1200,6553,1639,32,32,0,0.021645121526837775,rmse,False,0.021645121526837775,-0.0,0.007491111755371094,0.0005431175231933594,10.37125825881958,353.4140625,63,ok,,1.0.0,{}
361258,kin8nm,openml_task,ctr23,regression,autofeat,3,1200,6553,1639,8,80,72,0.0937422560953077,rmse,False,0.113024037723791,0.17059894529342737,46.61361885070801,0.10612273216247559,87.15180659294128,717.1484375,1278,ok,,upstream-2.1.x,{}
361259,pumadyn32nh,openml_task,ctr23,regression,nofe,2,1200,6553,1639,32,32,0,0.021419630331408583,rmse,False,0.021419630331408583,-0.0,0.00437617301940918,0.00047659873962402344,10.173153400421143,349.078125,80,ok,,1.0.0,{}
361616,Moneyball,openml_task,ctr23,regression,tabularaml,1,1200,985,247,14,356,342,26.302009667894918,rmse,False,,,1113.7735047340393,1.4687347412109375,1122.3176963329315,403.22265625,142,ok,,0.2.0,"{""mode"": ""medium"", ""elapsed_time"": 1087.6848170757294, ""n_init_feats"": 14, ""n_added_feats"": 342, ""initial_metric"": null, ""final_metric"": 23.355861724617686, ""pct_gain"": 0.026464658311476576}"
361258,kin8nm,openml_task,ctr23,regression,tabularaml,3,1200,6553,1639,8,17,9,0.09675380561412901,rmse,False,0.113024037723791,0.14395373265130823,31.897529125213623,0.016261816024780273,88.12664222717285,373.3671875,1381,ok,,0.2.0,"{""mode"": ""medium"", ""elapsed_time"": 30.47824192047119, ""n_init_feats"": 8, ""n_added_feats"": 9, ""initial_metric"": null, ""final_metric"": 0.11666953810337066, ""pct_gain"": 0.12345082349842273}"
361258,kin8nm,openml_task,ctr23,regression,autofeat,2,1200,6553,1639,8,89,81,0.10118589364285371,rmse,False,0.11477658875567706,0.11840999336331232,49.58093810081482,0.12260103225708008,131.9318127632141,734.71484375,1368,ok,,upstream-2.1.x,{}
361617,energy_efficiency,openml_task,ctr23,regression,tabularaml,2,1200,,,,,,,,,,,,,1380,,,timeout,wall-clock exceeded 1380s,,
361258,kin8nm,openml_task,ctr23,regression,openfe,2,1200,6553,1639,8,178,170,0.09366721985584087,rmse,False,0.11477658875567706,0.18391702636128474,14.21332859992981,1.3202719688415527,164.22593450546265,406.796875,1278,ok,,upstream-0.0.12,{}
361258,kin8nm,openml_task,ctr23,regression,featuretools,4,1200,6553,1639,8,284,276,0.09474741274115378,rmse,False,0.11506649972940451,0.17658560081373811,0.9205620288848877,0.4797065258026123,101.89611506462097,432.33203125,1463,ok,,upstream-1.x,{}
361259,pumadyn32nh,openml_task,ctr23,regression,nofe,3,1200,6553,1639,32,32,0,0.021779039166282193,rmse,False,0.021779039166282193,-0.0,0.007493734359741211,0.0005314350128173828,10.190963983535767,352.90625,114,ok,,1.0.0,{}
361617,energy_efficiency,openml_task,ctr23,regression,featuretools,4,1200,,,,,,,,,,,,,1380,,,timeout,wall-clock exceeded 1380s,,
361269,health_insurance,openml_task,ctr23,regression,tabularaml,0,1200,17817,4455,11,15,4,14.533793598391767,rmse,False,14.527705375012646,-0.0004190767379956049,596.4669232368469,0.029169321060180664,1079.3657264709473,395.59765625,87,ok,,0.2.0,"{""mode"": ""medium"", ""elapsed_time"": 593.3684105873108, ""n_init_feats"": 11, ""n_added_feats"": 4, ""initial_metric"": null, ""final_metric"": 14.533410967237756, ""pct_gain"": -0.001173670556058115}"
361259,pumadyn32nh,openml_task,ctr23,regression,openfe,0,1200,6553,1639,32,959,927,0.021138497459699555,rmse,False,0.021355269191365,0.010150737493540759,44.319900035858154,6.734486103057861,88.24228262901306,695.0703125,58,ok,,upstream-0.0.12,{}
361243,music_origin,openml_task,ctr23,regression,openfe,4,1200,847,212,116,3106,2990,17.80358639434548,rmse,False,17.683730484357103,-0.006777750322218551,257.39822363853455,17.41749930381775,322.31728172302246,565.0859375,25,ok,,upstream-0.0.12,{}
361259,pumadyn32nh,openml_task,ctr23,regression,nofe,4,1200,6553,1639,32,32,0,0.021143928245528645,rmse,False,0.021143928245528645,-0.0,0.01639699935913086,0.0010592937469482422,10.20527172088623,349.609375,73,ok,,1.0.0,{}
361258,kin8nm,openml_task,ctr23,regression,openfe,4,1200,6553,1639,8,191,183,0.0945027082219683,rmse,False,0.11506649972940451,0.17871223645278983,15.258408546447754,1.2714014053344727,145.23191738128662,434.08203125,1688,ok,,upstream-0.0.12,{}
361259,pumadyn32nh,openml_task,ctr23,regression,openfe,1,1200,6553,1639,32,1150,1118,0.02180877215643626,rmse,False,0.021645121526837775,-0.007560624198647969,44.40837121009827,6.08764910697937,98.57625913619995,698.796875,92,ok,,upstream-0.0.12,{}
361243,music_origin,openml_task,ctr23,regression,openfe,1,1200,847,212,116,3334,3218,18.235460846024807,rmse,False,18.127174920210038,-0.005973679091828091,241.06157565116882,21.83155655860901,445.19458746910095,567.6484375,256,ok,,upstream-0.0.12,{}
361256,cpu_activity,openml_task,ctr23,regression,nofe,0,1200,6553,1639,21,21,0,2.698892099867807,rmse,False,2.698892099867807,-0.0,0.006430864334106445,0.0006773471832275391,13.972800016403198,348.6953125,324,ok,,1.0.0,{}
361621,QSAR_fish_toxicity,openml_task,ctr23,regression,nofe,3,1200,,,,,,,,,,,,,1380,,,timeout,wall-clock exceeded 1380s,,
361249,white_wine,openml_task,ctr23,regression,openfe,4,1200,3918,980,11,610,599,0.6205350003459934,rmse,False,0.6217770089338759,0.0019975144948059112,41.2344696521759,15.094211101531982,504.7296178340912,493.6328125,724,ok,,upstream-0.0.12,{}
361621,QSAR_fish_toxicity,openml_task,ctr23,regression,tabularaml,4,1200,,,,,,,,,,,,,1380,,,timeout,wall-clock exceeded 1380s,,
361256,cpu_activity,openml_task,ctr23,regression,nofe,1,1200,6553,1639,21,21,0,2.817176500170878,rmse,False,2.817176500170878,-0.0,0.00744318962097168,0.0003731250762939453,5.846273899078369,349.046875,366,ok,,1.0.0,{}
361259,pumadyn32nh,openml_task,ctr23,regression,openfe,4,1200,6553,1639,32,930,898,0.020967373163498216,rmse,False,0.021143928245528645,0.008350155183096876,42.50292229652405,7.918917179107666,84.7926185131073,561.02734375,48,ok,,upstream-0.0.12,{}
361243,music_origin,openml_task,ctr23,regression,openfe,3,1200,847,212,116,3589,3473,16.88496488290448,rmse,False,16.940780373483385,0.0032947414079147115,302.85931611061096,22.94667387008667,463.5408616065979,598.67578125,156,ok,,upstream-0.0.12,{}
361259,pumadyn32nh,openml_task,ctr23,regression,openfe,2,1200,6553,1639,32,1021,989,0.021369563163659892,rmse,False,0.021419630331408583,0.0023374431292250185,47.83296608924866,6.37434983253479,151.72595357894897,747.2890625,83,ok,,upstream-0.0.12,{}
361259,pumadyn32nh,openml_task,ctr23,regression,openfe,3,1200,6553,1639,32,1071,1039,0.021657950825231146,rmse,False,0.021779039166282193,0.005559856893894248,44.1531925201416,6.751372814178467,119.22977709770203,670.83984375,75,ok,,upstream-0.0.12,{}
361256,cpu_activity,openml_task,ctr23,regression,nofe,2,1200,6553,1639,21,21,0,2.29063999976164,rmse,False,2.29063999976164,-0.0,0.007420539855957031,0.00013566017150878906,6.024223804473877,352.94921875,434,ok,,1.0.0,{}
361259,pumadyn32nh,openml_task,ctr23,regression,featuretools,1,1200,6553,1639,32,4592,4560,0.021765978356591303,rmse,False,0.021645121526837775,-0.005583559769053665,8.454919338226318,8.8749418258667,199.59075236320496,948.09765625,107,ok,,upstream-1.x,{}
361234,abalone,openml_task,ctr23,regression,tabularaml,0,1200,3341,836,8,15,7,2.2055932496605744,rmse,False,2.177743203631897,-0.012788489470306126,207.90327668190002,0.016268253326416016,652.4517004489899,357.34765625,63,ok,,0.2.0,"{""mode"": ""medium"", ""elapsed_time"": 207.2041130065918, ""n_init_feats"": 8, ""n_added_feats"": 7, ""initial_metric"": null, ""final_metric"": 2.2031467295755904, ""pct_gain"": 0.012661571164393868}"
361259,pumadyn32nh,openml_task,ctr23,regression,featuretools,0,1200,6553,1639,32,4592,4560,0.021287760932999354,rmse,False,0.021355269191365,0.003161199128922367,8.900951385498047,9.308094024658203,239.6307442188263,963.32421875,60,ok,,upstream-1.x,{}
361250,red_wine,openml_task,ctr23,regression,tabularaml,1,1200,1279,320,11,20,9,0.5912321213348628,rmse,False,0.5758393441333606,-0.026731027253214853,160.14065027236938,0.02019643783569336,1010.2908709049225,355.03125,438,ok,,0.2.0,"{""mode"": ""medium"", ""elapsed_time"": 159.0896816253662, ""n_init_feats"": 11, ""n_added_feats"": 9, ""initial_metric"": null, ""final_metric"": 0.6246391013689208, ""pct_gain"": 0.009920345034698144}"
361237,concrete_strength,openml_task,ctr23,regression,tabularaml,4,1200,,,,,,,,,,,,,1380,,,timeout,wall-clock exceeded 1380s,,
361256,cpu_activity,openml_task,ctr23,regression,autofeat,0,1200,6553,1639,21,131,110,2.465352824496402,rmse,False,2.698892099867807,0.08653153469264074,117.70462846755981,0.1664724349975586,129.5845398902893,765.12109375,301,ok,,upstream-2.1.x,{}
361616,Moneyball,openml_task,ctr23,regression,nofe,1,1200,,,,,,,,,,,,,1380,,,timeout,wall-clock exceeded 1380s,,
361259,pumadyn32nh,openml_task,ctr23,regression,featuretools,3,1200,6553,1639,32,4592,4560,0.021493652053642936,rmse,False,0.021779039166282193,0.013103751293173982,7.872395753860474,8.747772932052612,194.83959817886353,959.99609375,90,ok,,upstream-1.x,{}
361236,auction_verification,openml_task,ctr23,regression,tabularaml,4,1200,1634,409,7,1484,1477,353.9694474723863,rmse,False,359.3435467125116,0.014955324199615544,159.00256490707397,8.12706208229065,793.8834888935089,469.6015625,532,ok,,0.2.0,"{""mode"": ""medium"", ""elapsed_time"": 127.2799608707428, ""n_init_feats"": 7, ""n_added_feats"": 12, ""initial_metric"": null, ""final_metric"": 1406.4336764308728, ""pct_gain"": 0.19858291815712265}"
361256,cpu_activity,openml_task,ctr23,regression,nofe,4,1200,6553,1639,21,21,0,2.2533502767873115,rmse,False,2.2533502767873115,-0.0,0.006640911102294922,0.0002808570861816406,10.338395595550537,349.9140625,404,ok,,1.0.0,{}
361616,Moneyball,openml_task,ctr23,regression,tabularaml,3,1200,,,,,,,,,,,,,1380,,,timeout,wall-clock exceeded 1380s,,
361616,Moneyball,openml_task,ctr23,regression,openfe,4,1200,,,,,,,,,,,,,1380,,,timeout,wall-clock exceeded 1380s,,
361259,pumadyn32nh,openml_task,ctr23,regression,featuretools,4,1200,6553,1639,32,4592,4560,0.02086341189734241,rmse,False,0.021143928245528645,0.013266993007581562,8.381222486495972,8.974677801132202,266.14303064346313,945.703125,92,ok,,upstream-1.x,{}
361256,cpu_activity,openml_task,ctr23,regression,featuretools,1,1200,6553,1639,21,1956,1935,2.471919355259683,rmse,False,2.817176500170878,0.12255431808772113,3.7501933574676514,3.594938278198242,187.92957091331482,804.59375,335,ok,,upstream-1.x,{}
361616,Moneyball,openml_task,ctr23,regression,tabularaml,4,1200,,,,,,,,,,,,,1380,,,timeout,wall-clock exceeded 1380s,,
361264,socmob,openml_task,ctr23,regression,nofe,0,1200,924,232,5,5,0,30.67049396798381,rmse,False,30.67049396798381,-0.0,0.005022764205932617,9.131431579589844e-05,11.458208560943604,330.8671875,37,ok,,1.0.0,{}
361264,socmob,openml_task,ctr23,regression,openfe,0,1200,924,232,5,35,30,25.810280594604272,rmse,False,30.67049396798381,0.15846544168649507,5.269250869750977,0.5267581939697266,10.116995573043823,353.80078125,505,ok,,upstream-0.0.12,{}
361256,cpu_activity,openml_task,ctr23,regression,autofeat,2,1200,6553,1639,21,118,97,2.1758754501475583,rmse,False,2.29063999976164,0.0501015216821603,125.65700173377991,0.15230989456176758,162.16973900794983,742.41796875,575,ok,,upstream-2.1.x,{}
361264,socmob,openml_task,ctr23,regression,autofeat,0,1200,924,232,5,16,11,22.59303593773781,rmse,False,30.67049396798381,0.263362502041143,8.48994255065918,0.03360486030578613,13.448906183242798,540.28515625,193,ok,,upstream-2.1.x,{}
361256,cpu_activity,openml_task,ctr23,regression,autofeat,3,1200,6553,1639,21,128,107,2.1903176133485185,rmse,False,,,123.89908933639526,0.16435647010803223,133.13651537895203,759.49609375,242,ok,,upstream-2.1.x,{}
361264,socmob,openml_task,ctr23,regression,featuretools,0,1200,924,232,5,9,4,28.02949687488639,rmse,False,30.67049396798381,0.08610872377387503,0.31630539894104004,0.09306597709655762,18.70558786392212,347.8984375,46,ok,,upstream-1.x,{}
361264,socmob,openml_task,ctr23,regression,nofe,1,1200,924,232,5,5,0,16.45763656541037,rmse,False,16.45763656541037,-0.0,0.0039517879486083984,0.00010323524475097656,2.640061140060425,336.74609375,315,ok,,1.0.0,{}
361259,pumadyn32nh,openml_task,ctr23,regression,featuretools,2,1200,6553,1639,32,4592,4560,0.021365730924312945,rmse,False,0.021419630331408583,0.002516355616866221,8.206952095031738,9.673343658447266,369.52380537986755,1605.296875,70,ok,,upstream-1.x,{}
361264,socmob,openml_task,ctr23,regression,featuretools,1,1200,924,232,5,9,4,18.185352025568605,rmse,False,16.45763656541037,-0.10497956090423342,0.3430347442626953,0.12494468688964844,5.049121379852295,363.04296875,820,ok,,upstream-1.x,{}
361264,socmob,openml_task,ctr23,regression,openfe,1,1200,924,232,5,36,31,16.395008978644352,rmse,False,16.45763656541037,0.0038053815635741375,5.126892328262329,0.5608410835266113,9.806754112243652,345.58984375,293,ok,,upstream-0.0.12,{}
361264,socmob,openml_task,ctr23,regression,openfe,2,1200,924,232,5,36,31,14.106975647202557,rmse,False,,,4.733024835586548,0.4556865692138672,9.448923110961914,345.765625,239,ok,,upstream-0.0.12,{}
361264,socmob,openml_task,ctr23,regression,autofeat,1,1200,924,232,5,10,5,16.917281145128246,rmse,False,16.45763656541037,-0.027928954311941142,7.25640606880188,0.01891613006591797,22.592350721359253,530.92578125,469,ok,,upstream-2.1.x,{}
361264,socmob,openml_task,ctr23,regression,featuretools,2,1200,924,232,5,9,4,12.46417128975578,rmse,False,,,0.375960111618042,0.125762939453125,9.336139917373657,358.6484375,258,ok,,upstream-1.x,{}
361256,cpu_activity,openml_task,ctr23,regression,autofeat,4,1200,6553,1639,21,123,102,2.0204916337727847,rmse,False,2.2533502767873115,0.10333885743965306,102.96871399879456,0.16448473930358887,114.19298100471497,753.00390625,245,ok,,upstream-2.1.x,{}
361264,socmob,openml_task,ctr23,regression,autofeat,2,1200,924,232,5,11,6,15.44316984083085,rmse,False,,,7.076673269271851,0.02425861358642578,43.02587151527405,534.6484375,470,ok,,upstream-2.1.x,{}
361259,pumadyn32nh,openml_task,ctr23,regression,tabularaml,1,1200,6553,1639,32,36,4,0.021706882465732526,rmse,False,0.021645121526837775,-0.0028533422100760104,445.6930773258209,0.020981311798095703,448.9436991214752,395.1875,63,ok,,0.2.0,"{""mode"": ""medium"", ""elapsed_time"": 439.85571694374084, ""n_init_feats"": 32, ""n_added_feats"": 4, ""initial_metric"": null, ""final_metric"": 0.021835969760669843, ""pct_gain"": 0.005570497125785054}"
361256,cpu_activity,openml_task,ctr23,regression,featuretools,3,1200,6553,1639,21,1944,1923,2.1900632236740085,rmse,False,,,3.769993543624878,3.749174118041992,194.48417329788208,807.4609375,294,ok,,upstream-1.x,{}
361264,socmob,openml_task,ctr23,regression,openfe,3,1200,924,232,5,32,27,22.51609219386569,rmse,False,,,4.6216511726379395,0.46034765243530273,9.058247327804565,348.77734375,371,ok,,upstream-0.0.12,{}
361264,socmob,openml_task,ctr23,regression,featuretools,3,1200,924,232,5,9,4,22.3370804525777,rmse,False,,,0.4184086322784424,0.13675928115844727,9.857637643814087,357.1796875,434,ok,,upstream-1.x,{}
361264,socmob,openml_task,ctr23,regression,nofe,4,1200,924,232,5,5,0,12.067811008334504,rmse,False,12.067811008334504,-0.0,0.0068340301513671875,0.00010633468627929688,9.103432178497314,330.65625,42,ok,,1.0.0,{}
361264,socmob,openml_task,ctr23,regression,autofeat,3,1200,924,232,5,17,12,23.173876871686545,rmse,False,,,9.0105140209198,0.028980731964111328,27.1546471118927,543.94140625,344,ok,,upstream-2.1.x,{}
361264,socmob,openml_task,ctr23,regression,tabularaml,2,1200,924,232,5,15,10,28.374899009074586,rmse,False,,,56.14368677139282,0.030665159225463867,59.58897280693054,342.15234375,20,ok,,0.2.0,"{""mode"": ""medium"", ""elapsed_time"": 55.676618337631226, ""n_init_feats"": 5, ""n_added_feats"": 10, ""initial_metric"": null, ""final_metric"": 14.772436919473847, ""pct_gain"": 0.10591626663648425}"
361259,pumadyn32nh,openml_task,ctr23,regression,tabularaml,0,1200,6553,1639,32,35,3,0.0213087029360901,rmse,False,0.021355269191365,0.002180551078875131,509.016154050827,0.009380102157592773,519.5453596115112,389.88671875,74,ok,,0.2.0,"{""mode"": ""medium"", ""elapsed_time"": 506.3301465511322, ""n_init_feats"": 32, ""n_added_feats"": 3, ""initial_metric"": null, ""final_metric"": 0.021968734362584168, ""pct_gain"": 0.002359178248627984}"
361264,socmob,openml_task,ctr23,regression,autofeat,4,1200,924,232,5,8,3,18.07976543705364,rmse,False,12.067811008334504,-0.4981810226036061,5.3842246532440186,0.013723134994506836,7.887223243713379,521.1875,17,ok,,upstream-2.1.x,{}
361264,socmob,openml_task,ctr23,regression,openfe,4,1200,924,232,5,32,27,15.252493501154365,rmse,False,12.067811008334504,-0.2638989366522558,5.668031692504883,0.4279904365539551,15.23939299583435,341.5546875,30,ok,,upstream-0.0.12,{}
361264,socmob,openml_task,ctr23,regression,featuretools,4,1200,924,232,5,9,4,12.890658594725767,rmse,False,12.067811008334504,-0.06818532257614683,0.38234472274780273,0.11107611656188965,10.460993528366089,351.60546875,55,ok,,upstream-1.x,{}
361264,socmob,openml_task,ctr23,regression,nofe,3,1200,924,232,5,5,0,20.99947311381067,rmse,False,20.99947311381067,-0.0,0.005124330520629883,0.0001068115234375,71.14735770225525,336.3828125,489,ok,,1.0.0,{}
361267,brazilian_houses,openml_task,ctr23,regression,nofe,0,1200,8553,2139,9,9,0,7230.300387727087,rmse,False,7230.300387727087,-0.0,0.004146575927734375,0.00013518333435058594,13.257452487945557,343.87109375,329,ok,,1.0.0,{}
361256,cpu_activity,openml_task,ctr23,regression,openfe,4,1200,6553,1639,21,1165,1144,2.1202527028733753,rmse,False,2.2533502767873115,0.059066526533858965,65.619793176651,8.998785018920898,236.46839833259583,698.328125,435,ok,,upstream-0.0.12,{}
361267,brazilian_houses,openml_task,ctr23,regression,nofe,1,1200,8553,2139,9,9,0,4128.363508504835,rmse,False,4128.363508504835,-0.0,0.00495600700378418,0.000110626220703125,9.659063577651978,338.953125,16,ok,,1.0.0,{}
361235,airfoil_self_noise,openml_task,ctr23,regression,openfe,3,1200,,,,,,,,,,,,,1380,,,timeout,wall-clock exceeded 1380s,,
361267,brazilian_houses,openml_task,ctr23,regression,autofeat,0,1200,8553,2139,9,57,48,7170.332688576529,rmse,False,7230.300387727087,0.008293942980895844,31.563846588134766,0.08954286575317383,37.94677495956421,666.74609375,237,ok,,upstream-2.1.x,{}
361267,brazilian_houses,openml_task,ctr23,regression,openfe,0,1200,8553,2139,9,231,222,7246.507221177344,rmse,False,7230.300387727087,-0.0022415159234279248,23.00666356086731,8.69340181350708,40.85014033317566,441.4921875,230,ok,,upstream-0.0.12,{}
361234,abalone,openml_task,ctr23,regression,tabularaml,1,1200,3341,836,8,17,9,2.0572150741030395,rmse,False,2.1547613340357454,0.0452700994731548,165.74072408676147,0.02178812026977539,990.8606493473053,354.7734375,90,ok,,0.2.0,"{""mode"": ""medium"", ""elapsed_time"": 164.99472737312317, ""n_init_feats"": 8, ""n_added_feats"": 9, ""initial_metric"": null, ""final_metric"": 2.169282560572455, ""pct_gain"": 0.024285784120173962}"
361267,brazilian_houses,openml_task,ctr23,regression,featuretools,1,1200,8553,2139,9,168,159,2441.851822386542,rmse,False,4128.363508504835,0.40851821372897834,0.7908518314361572,0.6337189674377441,9.674043655395508,400.30078125,243,ok,,upstream-1.x,{}
361243,music_origin,openml_task,ctr23,regression,tabularaml,1,1200,847,212,116,132,16,18.305599467671467,rmse,False,18.127174920210038,-0.009842931854897189,889.3000543117523,0.03161334991455078,895.3622000217438,361.10546875,107,ok,,0.2.0,"{""mode"": ""medium"", ""elapsed_time"": 884.7070693969727, ""n_init_feats"": 116, ""n_added_feats"": 16, ""initial_metric"": null, ""final_metric"": 14.699884936502846, ""pct_gain"": 0.03625330302499871}"
361267,brazilian_houses,openml_task,ctr23,regression,nofe,2,1200,8553,2139,9,9,0,11651.949629003002,rmse,False,11651.949629003002,-0.0,0.004304170608520508,0.00010585784912109375,9.109070301055908,337.3515625,50,ok,,1.0.0,{}
361267,brazilian_houses,openml_task,ctr23,regression,featuretools,2,1200,8553,2139,9,168,159,10300.988536234208,rmse,False,11651.949629003002,0.11594292249651515,0.8283321857452393,0.6719999313354492,9.057313919067383,391.4609375,54,ok,,upstream-1.x,{}
361267,brazilian_houses,openml_task,ctr23,regression,autofeat,1,1200,8553,2139,9,79,70,2483.1090800923794,rmse,False,4128.363508504835,0.3985246030353359,39.892542362213135,0.12104272842407227,44.0145697593689,670.12109375,97,ok,,upstream-2.1.x,{}
361243,music_origin,openml_task,ctr23,regression,tabularaml,2,1200,847,212,116,127,11,16.230287653313695,rmse,False,16.66930032011704,0.026336598319818428,915.1172711849213,0.024112939834594727,924.5058510303497,364.3359375,103,ok,,0.2.0,"{""mode"": ""medium"", ""elapsed_time"": 910.6655216217041, ""n_init_feats"": 116, ""n_added_feats"": 11, ""initial_metric"": null, ""final_metric"": 15.378160891260364, ""pct_gain"": 0.050980326629994216}"
361267,brazilian_houses,openml_task,ctr23,regression,nofe,3,1200,8553,2139,9,9,0,3795.1599700420384,rmse,False,3795.1599700420384,-0.0,0.005223989486694336,0.0001220703125,9.90621018409729,342.98828125,204,ok,,1.0.0,{}
361267,brazilian_houses,openml_task,ctr23,regression,autofeat,2,1200,8553,2139,9,74,65,12644.33195550683,rmse,False,11651.949629003002,-0.08516877931171947,37.91420102119446,0.10588431358337402,41.25372314453125,664.25,39,ok,,upstream-2.1.x,{}
361622,cars,openml_task,ctr23,regression,nofe,1,1200,643,161,17,17,0,2256.011751636951,rmse,False,2256.011751636951,-0.0,0.0033299922943115234,6.341934204101562e-05,1306.9119560718536,332.71484375,97,ok,,1.0.0,{}
361267,brazilian_houses,openml_task,ctr23,regression,featuretools,3,1200,8553,2139,9,168,159,3820.655964085342,rmse,False,3795.1599700420384,-0.006718028816851491,0.8379793167114258,0.7336299419403076,9.016502857208252,393.2734375,106,ok,,upstream-1.x,{}
361267,brazilian_houses,openml_task,ctr23,regression,nofe,4,1200,8553,2139,9,9,0,3594.2956559990093,rmse,False,3594.2956559990093,-0.0,0.0057413578033447266,0.00012874603271484375,2.3646481037139893,336.80859375,18,ok,,1.0.0,{}
361267,brazilian_houses,openml_task,ctr23,regression,openfe,1,1200,8553,2139,9,244,235,2566.1896876311357,rmse,False,4128.363508504835,0.3784002590022579,28.366695642471313,10.099281787872314,105.3795473575592,437.40234375,124,ok,,upstream-0.0.12,{}
361267,brazilian_houses,openml_task,ctr23,regression,openfe,2,1200,8553,2139,9,239,230,8924.440824357425,rmse,False,11651.949629003002,0.23408175382568622,25.26358437538147,8.822534799575806,86.42192244529724,434.09765625,93,ok,,upstream-0.0.12,{}
361267,brazilian_houses,openml_task,ctr23,regression,autofeat,3,1200,8553,2139,9,71,62,3835.596571622306,rmse,False,3795.1599700420384,-0.010654781853588004,40.00902795791626,0.12942290306091309,43.46831202507019,719.296875,141,ok,,upstream-2.1.x,{}
361267,brazilian_houses,openml_task,ctr23,regression,featuretools,0,1200,8553,2139,9,168,159,7184.421701804161,rmse,False,7230.300387727087,0.006345336080476207,0.7440955638885498,0.651416540145874,136.4676866531372,392.546875,237,ok,,upstream-1.x,{}
361247,naval_propulsion,openml_task,ctr23,regression,nofe,0,1200,9547,2387,14,14,0,0.0010528835527647603,rmse,False,0.0010528835527647603,-0.0,0.008653402328491211,0.00039649009704589844,6.906702041625977,353.66796875,1161,ok,,1.0.0,{}
361264,socmob,openml_task,ctr23,regression,tabularaml,3,1200,924,232,5,305,300,21.85590369720671,rmse,False,20.99947311381067,-0.04078343198205263,180.34673476219177,1.259831190109253,194.34785437583923,365.79296875,430,ok,,0.2.0,"{""mode"": ""medium"", ""elapsed_time"": 175.93884110450745, ""n_init_feats"": 5, ""n_added_feats"": 10, ""initial_metric"": null, ""final_metric"": 14.773877662863118, ""pct_gain"": 0.03809679372175083}"
361243,music_origin,openml_task,ctr23,regression,tabularaml,3,1200,847,212,116,136,20,17.541960617203355,rmse,False,16.940780373483385,-0.03548716354654885,932.611741065979,0.033679962158203125,944.868730545044,364.79296875,75,ok,,0.2.0,"{""mode"": ""medium"", ""elapsed_time"": 924.6106235980988, ""n_init_feats"": 116, ""n_added_feats"": 20, ""initial_metric"": null, ""final_metric"": 14.782194532248297, ""pct_gain"": 0.05579038478097459}"
361267,brazilian_houses,openml_task,ctr23,regression,openfe,4,1200,8553,2139,9,225,216,2871.0514696037717,rmse,False,3594.2956559990093,0.20122000403281154,23.470699071884155,9.663833618164062,39.25612831115723,427.78125,28,ok,,upstream-0.0.12,{}
361622,cars,openml_task,ctr23,regression,featuretools,0,1200,,,,,,,,,,,,,1380,,,timeout,wall-clock exceeded 1380s,,
361267,brazilian_houses,openml_task,ctr23,regression,autofeat,4,1200,8553,2139,9,31,22,4080.7190992647465,rmse,False,3594.2956559990093,-0.13533206219523952,30.602128982543945,0.05214333534240723,40.699753284454346,646.81640625,4,ok,,upstream-2.1.x,{}
361247,naval_propulsion,openml_task,ctr23,regression,nofe,1,1200,9547,2387,14,14,0,0.0009852558497326456,rmse,False,0.0009852558497326456,-0.0,0.00610041618347168,0.00032258033752441406,3.6876673698425293,353.3125,1012,ok,,1.0.0,{}
361267,brazilian_houses,openml_task,ctr23,regression,featuretools,4,1200,8553,2139,9,168,159,2752.518833258482,rmse,False,3594.2956559990093,0.2341979912908865,0.9000873565673828,0.8499643802642822,33.78010392189026,395.34765625,52,ok,,upstream-1.x,{}
361247,naval_propulsion,openml_task,ctr23,regression,autofeat,0,1200,9547,2387,14,36,22,0.0010387725894730978,rmse,False,0.0010528835527647603,0.01340220697208974,13.382184982299805,0.05349421501159668,26.20757269859314,608.58203125,1595,ok,,upstream-2.1.x,{}
361249,white_wine,openml_task,ctr23,regression,openfe,3,1200,3918,980,11,613,602,0.6671378205249132,rmse,False,0.6574130013961788,-0.01479255674603546,44.15061855316162,16.59468960762024,1089.6495807170868,481.26953125,325,ok,,upstream-0.0.12,{}
361264,socmob,openml_task,ctr23,regression,tabularaml,0,1200,924,232,5,311,306,25.497453035481836,rmse,False,30.67049396798381,0.16866506740654344,332.9788932800293,1.4574227333068848,341.14404797554016,368.3515625,270,ok,,0.2.0,"{""mode"": ""medium"", ""elapsed_time"": 328.807740688324, ""n_init_feats"": 5, ""n_added_feats"": 8, ""initial_metric"": null, ""final_metric"": 12.30069389036308, ""pct_gain"": 0.030373833630792397}"
361256,cpu_activity,openml_task,ctr23,regression,openfe,1,1200,6553,1639,21,1156,1135,2.4054809505550514,rmse,False,2.817176500170878,0.14613764866732873,64.82166481018066,10.242401599884033,552.2635264396667,699.26171875,300,ok,,upstream-0.0.12,{}
361236,auction_verification,openml_task,ctr23,regression,tabularaml,3,1200,1634,409,7,,,,,,,,,,1255.5823018550873,,,crash,ValueError: X does not contain the columns listed in cols,0.2.0,
361247,naval_propulsion,openml_task,ctr23,regression,autofeat,1,1200,9547,2387,14,37,23,0.0008407397406008347,rmse,False,0.0009852558497326456,0.1466787628523353,12.745647668838501,0.049791574478149414,20.892151355743408,610.32421875,1268,ok,,upstream-2.1.x,{}
361264,socmob,openml_task,ctr23,regression,tabularaml,4,1200,924,232,5,12,7,15.962605245116185,rmse,False,12.067811008334504,-0.3227423957909006,134.76597261428833,0.025538206100463867,208.03915548324585,344.4140625,24,ok,,0.2.0,"{""mode"": ""medium"", ""elapsed_time"": 134.29061031341553, ""n_init_feats"": 5, ""n_added_feats"": 7, ""initial_metric"": null, ""final_metric"": 16.449034820966737, ""pct_gain"": 0.05100308525595942}"
361247,naval_propulsion,openml_task,ctr23,regression,nofe,3,1200,9547,2387,14,14,0,0.0010559527310474678,rmse,False,0.0010559527310474678,-0.0,0.011853218078613281,0.0007393360137939453,10.514697551727295,353.29296875,854,ok,,1.0.0,{}
361247,naval_propulsion,openml_task,ctr23,regression,nofe,2,1200,9547,2387,14,14,0,0.001009224410513103,rmse,False,0.001009224410513103,-0.0,0.01352834701538086,0.0007576942443847656,18.874669313430786,354.5,1133,ok,,1.0.0,{}
361247,naval_propulsion,openml_task,ctr23,regression,autofeat,3,1200,9547,2387,14,41,27,0.0008898054454085756,rmse,False,0.0010559527310474678,0.15734348778479879,13.868095397949219,0.05905461311340332,20.303661584854126,619.9921875,1568,ok,,upstream-2.1.x,{}
361247,naval_propulsion,openml_task,ctr23,regression,featuretools,0,1200,9547,2387,14,725,711,0.0009831435575603405,rmse,False,0.0010528835527647603,0.0662371399204499,2.6053106784820557,2.2055041790008545,84.28301405906677,715.1484375,1097,ok,,upstream-1.x,{}
361256,cpu_activity,openml_task,ctr23,regression,tabularaml,3,1200,6553,1639,21,31,10,2.27482546796616,rmse,False,,,490.8827724456787,0.01532125473022461,501.80452728271484,390.15234375,303,ok,,0.2.0,"{""mode"": ""medium"", ""elapsed_time"": 487.2493441104889, ""n_init_feats"": 21, ""n_added_feats"": 10, ""initial_metric"": null, ""final_metric"": 2.231698590915731, ""pct_gain"": 0.08906435558086401}"
361247,naval_propulsion,openml_task,ctr23,regression,autofeat,2,1200,9547,2387,14,41,27,0.0009361395090961688,rmse,False,0.001009224410513103,0.07241689821967048,14.079063892364502,0.05893707275390625,55.86150407791138,609.81640625,1271,ok,,upstream-2.1.x,{}
361247,naval_propulsion,openml_task,ctr23,regression,openfe,1,1200,9547,2387,14,408,394,0.0006769490782844972,rmse,False,0.0009852558497326456,0.31292051859606723,53.59396195411682,6.561797857284546,87.79191327095032,613.046875,772,ok,,upstream-0.0.12,{}
361236,auction_verification,openml_task,ctr23,regression,featuretools,0,1200,,,,,,,,,,,,,1380,,,timeout,wall-clock exceeded 1380s,,
361236,auction_verification,openml_task,ctr23,regression,tabularaml,0,1200,,,,,,,,,,,,,1380,,,timeout,wall-clock exceeded 1380s,,
361247,naval_propulsion,openml_task,ctr23,regression,featuretools,2,1200,9547,2387,14,727,713,0.0009879027059629187,rmse,False,0.001009224410513103,0.02112682207056819,2.682771921157837,2.055558681488037,85.40996527671814,693.2890625,1141,ok,,upstream-1.x,{}
361236,auction_verification,openml_task,ctr23,regression,featuretools,1,1200,,,,,,,,,,,,,1380,,,timeout,wall-clock exceeded 1380s,,
361247,naval_propulsion,openml_task,ctr23,regression,autofeat,4,1200,9547,2387,14,35,21,0.0009417659665601094,rmse,False,,,12.062446117401123,0.04740428924560547,23.64038634300232,598.39453125,1075,ok,,upstream-2.1.x,{}
361236,auction_verification,openml_task,ctr23,regression,openfe,2,1200,,,,,,,,,,,,,1380,,,timeout,wall-clock exceeded 1380s,,
361247,naval_propulsion,openml_task,ctr23,regression,openfe,2,1200,9547,2387,14,409,395,0.0009130405679040901,rmse,False,0.001009224410513103,0.09530471281418156,62.24514031410217,7.27837061882019,100.61331176757812,615.04296875,253,ok,,upstream-0.0.12,{}
361236,auction_verification,openml_task,ctr23,regression,tabularaml,2,1200,,,,,,,,,,,,,1380,,,timeout,wall-clock exceeded 1380s,,
361260,miami_housing,openml_task,ctr23,regression,nofe,0,1200,11145,2787,15,15,0,81836.91845938421,rmse,False,81836.91845938421,-0.0,0.007988691329956055,0.00039577484130859375,14.106370449066162,353.6484375,464,ok,,1.0.0,{}
361260,miami_housing,openml_task,ctr23,regression,nofe,1,1200,11145,2787,15,15,0,82760.29173232896,rmse,False,82760.29173232896,-0.0,0.010403633117675781,0.0003681182861328125,12.221606254577637,362.2734375,1014,ok,,1.0.0,{}
361247,naval_propulsion,openml_task,ctr23,regression,featuretools,1,1200,9547,2387,14,727,713,0.000962179609248035,rmse,False,0.0009852558497326456,0.02342157165661326,2.204411506652832,1.8235208988189697,142.08432483673096,715.9375,689,ok,,upstream-1.x,{}
361247,naval_propulsion,openml_task,ctr23,regression,featuretools,4,1200,9547,2387,14,725,711,0.0009521464972763652,rmse,False,,,2.7099955081939697,1.967472791671753,80.74720096588135,717.375,826,ok,,upstream-1.x,{}
361247,naval_propulsion,openml_task,ctr23,regression,featuretools,3,1200,9547,2387,14,727,713,0.0009379584743321824,rmse,False,0.0010559527310474678,0.11174198735036107,2.0199317932128906,1.6668155193328857,103.17762184143066,717.49609375,830,ok,,upstream-1.x,{}
361623,space_ga,openml_task,ctr23,regression,tabularaml,0,1200,,,,,,,,,,,,,1380,,,timeout,wall-clock exceeded 1380s,,
361623,space_ga,openml_task,ctr23,regression,nofe,1,1200,,,,,,,,,,,,,1380,,,timeout,wall-clock exceeded 1380s,,
361260,miami_housing,openml_task,ctr23,regression,nofe,2,1200,11145,2787,15,15,0,74326.7670683617,rmse,False,74326.7670683617,-0.0,0.009042739868164062,0.00038623809814453125,10.124794960021973,355.84375,632,ok,,1.0.0,{}
361623,space_ga,openml_task,ctr23,regression,openfe,1,1200,,,,,,,,,,,,,1380,,,timeout,wall-clock exceeded 1380s,,
361247,naval_propulsion,openml_task,ctr23,regression,tabularaml,0,1200,9547,2387,14,26,12,0.0008895732881270728,rmse,False,0.0010528835527647603,0.15510762249904284,227.1852366924286,0.027977466583251953,233.6487169265747,395.51171875,1114,ok,,0.2.0,"{""mode"": ""medium"", ""elapsed_time"": 222.24436950683594, ""n_init_feats"": 14, ""n_added_feats"": 12, ""initial_metric"": null, ""final_metric"": 0.000989959504310574, ""pct_gain"": 0.31379849215151595}"
361260,miami_housing,openml_task,ctr23,regression,nofe,3,1200,11145,2787,15,15,0,81365.59974907698,rmse,False,81365.59974907698,-0.0,0.00657343864440918,0.0003097057342529297,11.320109367370605,356.65234375,770,ok,,1.0.0,{}
361256,cpu_activity,openml_task,ctr23,regression,tabularaml,1,1200,6553,1639,21,27,6,2.903283920984383,rmse,False,2.817176500170878,-0.030565149470855722,661.9924914836884,0.025580167770385742,743.0384414196014,396.5546875,187,ok,,0.2.0,"{""mode"": ""medium"", ""elapsed_time"": 657.7797858715057, ""n_init_feats"": 21, ""n_added_feats"": 6, ""initial_metric"": null, ""final_metric"": 2.3385077238819507, ""pct_gain"": 0.00852480473667235}"
361260,miami_housing,openml_task,ctr23,regression,autofeat,1,1200,11145,2787,15,157,142,85657.49834891685,rmse,False,82760.29173232896,-0.03500720642646245,85.63274359703064,0.2281022071838379,101.36274838447571,845.05859375,535,ok,,upstream-2.1.x,{}
361247,naval_propulsion,openml_task,ctr23,regression,openfe,4,1200,9547,2387,14,406,392,0.0007994854951688335,rmse,False,,,56.14122462272644,7.151342153549194,176.3036904335022,600.21484375,640,ok,,upstream-0.0.12,{}
361234,abalone,openml_task,ctr23,regression,autofeat,4,1200,,,,,,,,,,,,,1380,,,timeout,wall-clock exceeded 1380s,,
361234,abalone,openml_task,ctr23,regression,featuretools,4,1200,,,,,,,,,,,,,1380,,,timeout,wall-clock exceeded 1380s,,
361234,abalone,openml_task,ctr23,regression,tabularaml,4,1200,,,,,,,,,,,,,1380,,,timeout,wall-clock exceeded 1380s,,
361260,miami_housing,openml_task,ctr23,regression,featuretools,0,1200,11145,2787,15,896,881,90777.94967785636,rmse,False,81836.91845938421,-0.10925425085390529,2.4116013050079346,1.9572443962097168,157.44787979125977,798.46875,404,ok,,upstream-1.x,{}
361260,miami_housing,openml_task,ctr23,regression,autofeat,0,1200,11145,2787,15,145,130,90423.06294669851,rmse,False,81836.91845938421,-0.1049177394378018,97.99215149879456,0.21706485748291016,164.45885109901428,818.4765625,919,ok,,upstream-2.1.x,{}
361247,naval_propulsion,openml_task,ctr23,regression,tabularaml,3,1200,9547,2387,14,22,8,0.0007441691392966194,rmse,False,0.0010559527310474678,0.2952628300336607,213.40143013000488,0.030587196350097656,219.93450593948364,389.234375,1156,ok,,0.2.0,"{""mode"": ""medium"", ""elapsed_time"": 208.18308877944946, ""n_init_feats"": 14, ""n_added_feats"": 8, ""initial_metric"": null, ""final_metric"": 0.0009237702010397138, ""pct_gain"": 0.36232329103929606}"
361260,miami_housing,openml_task,ctr23,regression,nofe,4,1200,11145,2787,15,15,0,88190.74822868052,rmse,False,88190.74822868052,-0.0,0.00728917121887207,0.0005915164947509766,12.561755657196045,355.19921875,663,ok,,1.0.0,{}
361249,white_wine,openml_task,ctr23,regression,autofeat,1,1200,,,,,,,,,,,,,1380,,,timeout,wall-clock exceeded 1380s,,
361260,miami_housing,openml_task,ctr23,regression,autofeat,2,1200,11145,2787,15,158,143,80875.26228696469,rmse,False,74326.7670683617,-0.08810413094625838,86.45986294746399,0.2589540481567383,115.48276686668396,847.65234375,600,ok,,upstream-2.1.x,{}
361260,miami_housing,openml_task,ctr23,regression,openfe,1,1200,11145,2787,15,658,643,112949.99888002164,rmse,False,82760.29173232896,-0.3647849290494896,76.15659165382385,17.52713418006897,174.72548723220825,808.65625,398,ok,,upstream-0.0.12,{}
361249,white_wine,openml_task,ctr23,regression,tabularaml,3,1200,,,,,,,,,,,,,1380,,,timeout,wall-clock exceeded 1380s,,
361247,naval_propulsion,openml_task,ctr23,regression,tabularaml,1,1200,9547,2387,14,24,10,0.0008686757385714684,rmse,False,0.0009852558497326456,0.11832470844279872,319.755756855011,0.022954463958740234,323.5076684951782,394.20703125,890,ok,,0.2.0,"{""mode"": ""medium"", ""elapsed_time"": 315.1091914176941, ""n_init_feats"": 14, ""n_added_feats"": 10, ""initial_metric"": null, ""final_metric"": 0.0010031283016266788, ""pct_gain"": 0.30388690703401217}"
361260,miami_housing,openml_task,ctr23,regression,featuretools,3,1200,11145,2787,15,896,881,83177.88576239326,rmse,False,81365.59974907698,-0.02227336883038012,2.1979029178619385,1.9658446311950684,84.33220434188843,800.51953125,394,ok,,upstream-1.x,{}
361259,pumadyn32nh,openml_task,ctr23,regression,tabularaml,4,1200,6553,1639,32,37,5,0.020919326267654907,rmse,False,0.021143928245528645,0.01062252838098972,924.094110250473,0.022894620895385742,927.7132701873779,400.140625,53,ok,,0.2.0,"{""mode"": ""medium"", ""elapsed_time"": 917.7766706943512, ""n_init_feats"": 32, ""n_added_feats"": 5, ""initial_metric"": null, ""final_metric"": 0.02187619906859619, ""pct_gain"": 0.008178721146668469}"
361249,white_wine,openml_task,ctr23,regression,tabularaml,4,1200,,,,,,,,,,,,,1380,,,timeout,wall-clock exceeded 1380s,,
361260,miami_housing,openml_task,ctr23,regression,autofeat,3,1200,11145,2787,15,149,134,83203.25807902546,rmse,False,81365.59974907698,-0.022585199834028433,82.63248133659363,0.2041780948638916,101.0277795791626,822.2734375,379,ok,,upstream-2.1.x,{}
361243,music_origin,openml_task,ctr23,regression,openfe,0,1200,,,,,,,,,,,,,1380,,,timeout,wall-clock exceeded 1380s,,
361243,music_origin,openml_task,ctr23,regression,autofeat,0,1200,,,,,,,,,,,,,1380,,,timeout,wall-clock exceeded 1380s,,
361243,music_origin,openml_task,ctr23,regression,tabularaml,0,1200,,,,,,,,,,,,,1380,,,timeout,wall-clock exceeded 1380s,,
361243,music_origin,openml_task,ctr23,regression,featuretools,0,1200,,,,,,,,,,,,,1380,,,timeout,wall-clock exceeded 1380s,,
361268,fps_benchmark,openml_task,ctr23,regression,nofe,0,1200,19699,4925,39,39,0,0.8154326258579894,rmse,False,0.8154326258579894,-0.0,0.009914875030517578,0.001251220703125,57.66074013710022,512.5625,1999,ok,,1.0.0,{}
361243,music_origin,openml_task,ctr23,regression,autofeat,1,1200,,,,,,,,,,,,,1380,,,timeout,wall-clock exceeded 1380s,,
361243,music_origin,openml_task,ctr23,regression,featuretools,1,1200,,,,,,,,,,,,,1380,,,timeout,wall-clock exceeded 1380s,,
361243,music_origin,openml_task,ctr23,regression,openfe,2,1200,,,,,,,,,,,,,1380,,,timeout,wall-clock exceeded 1380s,,
361243,music_origin,openml_task,ctr23,regression,autofeat,2,1200,,,,,,,,,,,,,1380,,,timeout,wall-clock exceeded 1380s,,
361243,music_origin,openml_task,ctr23,regression,featuretools,2,1200,,,,,,,,,,,,,1380,,,timeout,wall-clock exceeded 1380s,,
361260,miami_housing,openml_task,ctr23,regression,featuretools,4,1200,11145,2787,15,895,880,95667.81843794645,rmse,False,88190.74822868052,-0.08478293199052728,2.6741509437561035,2.249124050140381,89.22532248497009,796.9296875,402,ok,,upstream-1.x,{}
361243,music_origin,openml_task,ctr23,regression,autofeat,3,1200,,,,,,,,,,,,,1380,,,timeout,wall-clock exceeded 1380s,,
361268,fps_benchmark,openml_task,ctr23,regression,nofe,2,1200,19699,4925,39,39,0,0.6993198100256276,rmse,False,0.6993198100256276,-0.0,0.011336326599121094,0.0014777183532714844,54.841094732284546,478.66015625,1997,ok,,1.0.0,{}
361267,brazilian_houses,openml_task,ctr23,regression,tabularaml,4,1200,8553,2139,9,21,12,2972.2138115551347,rmse,False,3594.2956559990093,0.17307475621978885,419.80943393707275,0.03834795951843262,428.8936216831207,379.0703125,41,ok,,0.2.0,"{""mode"": ""medium"", ""elapsed_time"": 417.9889795780182, ""n_init_feats"": 9, ""n_added_feats"": 12, ""initial_metric"": null, ""final_metric"": 12819.361106443579, ""pct_gain"": 0.050760027039855514}"
361268,fps_benchmark,openml_task,ctr23,regression,nofe,3,1200,19699,4925,39,39,0,0.6599676435730275,rmse,False,0.6599676435730275,-0.0,0.01376032829284668,0.0018417835235595703,41.04266285896301,493.82421875,1634,ok,,1.0.0,{}
361260,miami_housing,openml_task,ctr23,regression,autofeat,4,1200,11145,2787,15,139,124,91414.43251750991,rmse,False,88190.74822868052,-0.03655354278739429,82.62243747711182,0.18886971473693848,117.03159165382385,809.16796875,589,ok,,upstream-2.1.x,{}
361243,music_origin,openml_task,ctr23,regression,featuretools,3,1200,,,,,,,,,,,,,1380,,,timeout,wall-clock exceeded 1380s,,
361247,naval_propulsion,openml_task,ctr23,regression,tabularaml,2,1200,9547,2387,14,19,5,0.0007665900636470069,rmse,False,0.001009224410513103,0.24041664503808197,279.19178342819214,0.012675285339355469,374.1752336025238,373.1953125,1011,ok,,0.2.0,"{""mode"": ""medium"", ""elapsed_time"": 277.6286549568176, ""n_init_feats"": 14, ""n_added_feats"": 5, ""initial_metric"": null, ""final_metric"": 0.0009637537324608137, ""pct_gain"": 0.31717141321774417}"
361268,fps_benchmark,openml_task,ctr23,regression,nofe,4,1200,19699,4925,39,39,0,0.7115935071724717,rmse,False,0.7115935071724717,-0.0,0.012405633926391602,0.0016088485717773438,39.713430643081665,512.55859375,1999,ok,,1.0.0,{}
361244,solar_flare,openml_task,ctr23,regression,openfe,0,1200,852,214,9,57,48,0.6477118309548503,rmse,False,,,5.915576934814453,0.9326906204223633,27.804354906082153,336.046875,8,ok,,upstream-0.0.12,{}
361244,solar_flare,openml_task,ctr23,regression,featuretools,0,1200,852,214,9,173,164,0.6341520961926882,rmse,False,,,0.629209041595459,0.6196095943450928,37.78063130378723,350.85546875,7,ok,,upstream-1.x,{}
361244,solar_flare,openml_task,ctr23,regression,nofe,0,1200,852,214,9,9,0,0.6275326416597077,rmse,False,0.6275326416597077,-0.0,0.0055925846099853516,0.00019359588623046875,40.74097967147827,327.72265625,9,ok,,1.0.0,{}
361244,solar_flare,openml_task,ctr23,regression,nofe,1,1200,852,214,9,9,0,0.7501597138644418,rmse,False,0.7501597138644418,-0.0,0.006081342697143555,0.0001976490020751953,8.666804552078247,329.609375,11,ok,,1.0.0,{}
361243,music_origin,openml_task,ctr23,regression,autofeat,4,1200,,,,,,,,,,,,,1380,,,timeout,wall-clock exceeded 1380s,,
361243,music_origin,openml_task,ctr23,regression,featuretools,4,1200,,,,,,,,,,,,,1380,,,timeout,wall-clock exceeded 1380s,,
361243,music_origin,openml_task,ctr23,regression,tabularaml,4,1200,,,,,,,,,,,,,1380,,,timeout,wall-clock exceeded 1380s,,
361244,solar_flare,openml_task,ctr23,regression,autofeat,1,1200,852,214,9,14,5,0.7483141696711448,rmse,False,0.7501597138644418,0.0024602016866377163,6.997482538223267,0.03808259963989258,13.551381826400757,528.96484375,9,ok,,upstream-2.1.x,{}
361256,cpu_activity,openml_task,ctr23,regression,tabularaml,2,1200,6553,1639,21,39,18,2.303352287236381,rmse,False,2.29063999976164,-0.00554966624003083,902.7073571681976,0.032457828521728516,925.3454773426056,404.421875,314,ok,,0.2.0,"{""mode"": ""medium"", ""elapsed_time"": 897.1839208602905, ""n_init_feats"": 21, ""n_added_feats"": 18, ""initial_metric"": null, ""final_metric"": 2.2536539107194584, ""pct_gain"": 0.03484414100930711}"
361244,solar_flare,openml_task,ctr23,regression,featuretools,2,1200,852,214,9,173,164,0.6341031873819443,rmse,False,,,0.5775902271270752,0.5915441513061523,9.30535078048706,352.72265625,20,ok,,upstream-1.x,{}
361244,solar_flare,openml_task,ctr23,regression,openfe,2,1200,852,214,9,58,49,0.6971459042785184,rmse,False,,,7.587787389755249,0.9165189266204834,11.185861825942993,342.18359375,17,ok,,upstream-0.0.12,{}
361244,solar_flare,openml_task,ctr23,regression,nofe,3,1200,852,214,9,9,0,0.765126371248072,rmse,False,0.765126371248072,-0.0,0.015001296997070312,0.0002624988555908203,10.134122610092163,328.953125,35,ok,,1.0.0,{}
361244,solar_flare,openml_task,ctr23,regression,autofeat,0,1200,852,214,9,16,7,0.6314480288720946,rmse,False,0.6275326416597077,-0.006239336334810344,9.6143319606781,0.025841474533081055,85.07057762145996,532.53125,8,ok,,upstream-2.1.x,{}
361260,miami_housing,openml_task,ctr23,regression,openfe,0,1200,11145,2787,15,660,645,116817.79144629448,rmse,False,81836.91845938421,-0.4274461165625552,97.81437373161316,16.94691753387451,386.8313694000244,758.8671875,562,ok,,upstream-0.0.12,{}
361244,solar_flare,openml_task,ctr23,regression,featuretools,3,1200,852,214,9,173,164,0.7627183143496012,rmse,False,0.765126371248072,0.0031472668946735866,0.596890926361084,0.993267297744751,9.074458360671997,354.6015625,23,ok,,upstream-1.x,{}
361244,solar_flare,openml_task,ctr23,regression,featuretools,1,1200,852,214,9,173,164,0.7510716740156753,rmse,False,0.7501597138644418,-0.0012156879853432274,0.5731074810028076,0.7823755741119385,71.62029027938843,356.84765625,12,ok,,upstream-1.x,{}
361244,solar_flare,openml_task,ctr23,regression,openfe,1,1200,852,214,9,60,51,0.7661221585008335,rmse,False,0.7501597138644418,-0.021278728171313453,5.2265684604644775,0.8058078289031982,73.35496711730957,339.76953125,2000,ok,,upstream-0.0.12,{}
361244,solar_flare,openml_task,ctr23,regression,autofeat,3,1200,852,214,9,10,1,0.800658952222927,rmse,False,0.765126371248072,-0.04644014676542172,8.142030477523804,0.015430450439453125,43.39117193222046,520.19140625,55,ok,,upstream-2.1.x,{}
361244,solar_flare,openml_task,ctr23,regression,autofeat,4,1200,852,214,9,18,9,0.7212261340725387,rmse,False,,,8.199479579925537,0.028540849685668945,10.427231073379517,534.99609375,2000,ok,,upstream-2.1.x,{}
361260,miami_housing,openml_task,ctr23,regression,openfe,3,1200,11145,2787,15,639,624,104059.02711355544,rmse,False,81365.59974907698,-0.2789069021117354,104.85997557640076,17.84896755218506,313.99624156951904,754.58203125,398,ok,,upstream-0.0.12,{}
361260,miami_housing,openml_task,ctr23,regression,featuretools,1,1200,11145,2787,15,896,881,87489.6938687775,rmse,False,82760.29173232896,-0.05714578860771553,2.570517063140869,2.4507131576538086,413.51709723472595,794.66015625,644,ok,,upstream-1.x,{}
361244,solar_flare,openml_task,ctr23,regression,featuretools,4,1200,852,214,9,171,162,0.7223131344310868,rmse,False,,,0.5895860195159912,0.732884407043457,8.947505474090576,349.953125,2000,ok,,upstream-1.x,{}
361244,solar_flare,openml_task,ctr23,regression,openfe,3,1200,852,214,9,56,47,0.7537196057003485,rmse,False,0.765126371248072,0.014908341911045217,7.695224285125732,0.9645397663116455,71.75706481933594,338.484375,53,ok,,upstream-0.0.12,{}
361247,naval_propulsion,openml_task,ctr23,regression,nofe,4,1200,9547,2387,14,14,0,0.0009515053976627815,rmse,False,0.0009515053976627815,-0.0,0.00830221176147461,0.0003364086151123047,497.8895926475525,353.76953125,1087,ok,,1.0.0,{}
361244,solar_flare,openml_task,ctr23,regression,nofe,4,1200,852,214,9,9,0,0.702299499006531,rmse,False,0.702299499006531,-0.0,0.01032876968383789,0.000293731689453125,70.05736541748047,327.9765625,4,ok,,1.0.0,{}
361258,kin8nm,openml_task,ctr23,regression,tabularaml,2,1200,,,,,,,,,,,,,1380,,,timeout,wall-clock exceeded 1380s,,
361244,solar_flare,openml_task,ctr23,regression,openfe,4,1200,852,214,9,64,55,0.7114761072866731,rmse,False,0.702299499006531,-0.013066516910695916,7.172927141189575,0.9398059844970703,74.13638043403625,341.6953125,2000,ok,,upstream-0.0.12,{}
361244,solar_flare,openml_task,ctr23,regression,autofeat,2,1200,852,214,9,16,7,0.6163453900454527,rmse,False,,,9.098221063613892,0.023369789123535156,142.8189251422882,531.44140625,28,ok,,upstream-2.1.x,{}
361267,brazilian_houses,openml_task,ctr23,regression,tabularaml,2,1200,8553,2139,9,16,7,12121.918521771946,rmse,False,11651.949629003002,-0.04033392760290853,393.41909313201904,0.05038619041442871,729.9181365966797,364.1875,44,ok,,0.2.0,"{""mode"": ""medium"", ""elapsed_time"": 391.45870089530945, ""n_init_feats"": 9, ""n_added_feats"": 7, ""initial_metric"": null, ""final_metric"": 8685.817195242957, ""pct_gain"": 0.11768465836005172}"
361258,kin8nm,openml_task,ctr23,regression,autofeat,4,1200,,,,,,,,,,,,,1380,,,timeout,wall-clock exceeded 1380s,,
361258,kin8nm,openml_task,ctr23,regression,tabularaml,4,1200,,,,,,,,,,,,,1380,,,timeout,wall-clock exceeded 1380s,,
361244,solar_flare,openml_task,ctr23,regression,tabularaml,0,1200,852,214,9,14,5,0.633121812177423,rmse,False,0.6275326416597077,-0.008906581342020752,241.81772899627686,0.028079986572265625,251.39064574241638,345.296875,6,ok,,0.2.0,"{""mode"": ""medium"", ""elapsed_time"": 241.38446068763733, ""n_init_feats"": 9, ""n_added_feats"": 5, ""initial_metric"": null, ""final_metric"": 0.8435216788870317, ""pct_gain"": 0.010196064706786832}"
361259,pumadyn32nh,openml_task,ctr23,regression,autofeat,0,1200,,,,,,,,,,,,,1380,,,timeout,wall-clock exceeded 1380s,,
361259,pumadyn32nh,openml_task,ctr23,regression,autofeat,1,1200,,,,,,,,,,,,,1380,,,timeout,wall-clock exceeded 1380s,,
361254,sarcos,openml_task,ctr23,regression,nofe,1,1200,39146,9787,21,21,0,2.4185738528188203,rmse,False,2.4185738528188203,-0.0,0.01920318603515625,0.004051685333251953,99.81778955459595,460.1796875,1998,ok,,1.0.0,{}
361244,solar_flare,openml_task,ctr23,regression,tabularaml,2,1200,852,214,9,13,4,0.6273359436378466,rmse,False,,,214.357604265213,0.024631738662719727,223.9146580696106,345.56640625,30,ok,,0.2.0,"{""mode"": ""medium"", ""elapsed_time"": 213.96381282806396, ""n_init_feats"": 9, ""n_added_feats"": 4, ""initial_metric"": null, ""final_metric"": 0.8016617994036578, ""pct_gain"": 0.02988613658577036}"
361259,pumadyn32nh,openml_task,ctr23,regression,autofeat,2,1200,,,,,,,,,,,,,1380,,,timeout,wall-clock exceeded 1380s,,
361260,miami_housing,openml_task,ctr23,regression,tabularaml,2,1200,11145,2787,15,24,9,76490.01100218119,rmse,False,74326.7670683617,-0.02910450728779644,526.0437412261963,0.017444610595703125,535.4926040172577,419.94921875,826,ok,,0.2.0,"{""mode"": ""medium"", ""elapsed_time"": 522.2059881687164, ""n_init_feats"": 15, ""n_added_feats"": 9, ""initial_metric"": null, ""final_metric"": 94142.83965139696, ""pct_gain"": 0.009984960905215653}"
361244,solar_flare,openml_task,ctr23,regression,tabularaml,4,1200,852,214,9,10,1,0.7193397447373738,rmse,False,0.702299499006531,-0.024263502615262972,167.1452775001526,0.01690530776977539,174.34755396842957,343.9765625,2000,ok,,0.2.0,"{""mode"": ""medium"", ""elapsed_time"": 166.85747623443604, ""n_init_feats"": 9, ""n_added_feats"": 1, ""initial_metric"": null, ""final_metric"": 0.8364931887680175, ""pct_gain"": 0.014920933311051977}"
361259,pumadyn32nh,openml_task,ctr23,regression,tabularaml,2,1200,,,,,,,,,,,,,1380,,,timeout,wall-clock exceeded 1380s,,
361254,sarcos,openml_task,ctr23,regression,nofe,3,1200,39146,9787,21,21,0,2.332981726923865,rmse,False,2.332981726923865,-0.0,0.018802642822265625,0.0026209354400634766,25.22679090499878,457.9609375,1998,ok,,1.0.0,{}
361259,pumadyn32nh,openml_task,ctr23,regression,autofeat,3,1200,,,,,,,,,,,,,1380,,,timeout,wall-clock exceeded 1380s,,
361254,sarcos,openml_task,ctr23,regression,nofe,4,1200,39146,9787,21,21,0,2.3845787716343225,rmse,False,2.3845787716343225,-0.0,0.021027565002441406,0.0022192001342773438,23.77215075492859,463.64453125,1999,ok,,1.0.0,{}
361259,pumadyn32nh,openml_task,ctr23,regression,tabularaml,3,1200,,,,,,,,,,,,,1380,,,timeout,wall-clock exceeded 1380s,,
361260,miami_housing,openml_task,ctr23,regression,tabularaml,1,1200,11145,2787,15,32,17,83200.42499390332,rmse,False,82760.29173232896,-0.005318169527457436,555.0835163593292,0.023334503173828125,584.4119279384613,426.52734375,398,ok,,0.2.0,"{""mode"": ""medium"", ""elapsed_time"": 545.1932878494263, ""n_init_feats"": 15, ""n_added_feats"": 17, ""initial_metric"": null, ""final_metric"": 94688.09329076328, ""pct_gain"": -0.0005260705673199291}"
361260,miami_housing,openml_task,ctr23,regression,tabularaml,4,1200,11145,2787,15,25,10,91099.61082463102,rmse,False,88190.74822868052,-0.032983761385125765,471.1529133319855,0.01704716682434082,476.6268343925476,411.40234375,407,ok,,0.2.0,"{""mode"": ""medium"", ""elapsed_time"": 462.40537905693054, ""n_init_feats"": 15, ""n_added_feats"": 10, ""initial_metric"": null, ""final_metric"": 92457.38668335881, ""pct_gain"": 0.029069297617609926}"
361259,pumadyn32nh,openml_task,ctr23,regression,autofeat,4,1200,,,,,,,,,,,,,1380,,,timeout,wall-clock exceeded 1380s,,
361255,california_housing,openml_task,ctr23,regression,nofe,0,1200,16512,4128,8,8,0,44111.22085081778,rmse,False,44111.22085081778,-0.0,0.007596731185913086,0.00026798248291015625,23.532111167907715,359.91796875,930,ok,,1.0.0,{}
361256,cpu_activity,openml_task,ctr23,regression,openfe,0,1200,,,,,,,,,,,,,1380,,,timeout,wall-clock exceeded 1380s,,
361256,cpu_activity,openml_task,ctr23,regression,featuretools,0,1200,,,,,,,,,,,,,1380,,,timeout,wall-clock exceeded 1380s,,
361256,cpu_activity,openml_task,ctr23,regression,tabularaml,0,1200,,,,,,,,,,,,,1380,,,timeout,wall-clock exceeded 1380s,,
361256,cpu_activity,openml_task,ctr23,regression,autofeat,1,1200,,,,,,,,,,,,,1380,,,timeout,wall-clock exceeded 1380s,,
361255,california_housing,openml_task,ctr23,regression,nofe,1,1200,16512,4128,8,8,0,45517.10877486391,rmse,False,45517.10877486391,-0.0,0.01046299934387207,0.0004968643188476562,12.013807535171509,351.3984375,437,ok,,1.0.0,{}
361268,fps_benchmark,openml_task,ctr23,regression,autofeat,3,1200,19699,4925,39,76,37,1.520747270258112,rmse,False,0.6599676435730275,-1.3042754975454134,488.14488410949707,0.10155034065246582,501.3046464920044,712.515625,1999,ok,,upstream-2.1.x,{}
361256,cpu_activity,openml_task,ctr23,regression,openfe,2,1200,,,,,,,,,,,,,1380,,,timeout,wall-clock exceeded 1380s,,
361268,fps_benchmark,openml_task,ctr23,regression,autofeat,0,1200,19699,4925,39,76,37,1.5165889314106642,rmse,False,0.8154326258579894,-0.8598580475179366,496.37460064888,0.10068798065185547,581.2280893325806,712.84375,1999,ok,,upstream-2.1.x,{}
361256,cpu_activity,openml_task,ctr23,regression,featuretools,2,1200,,,,,,,,,,,,,1380,,,timeout,wall-clock exceeded 1380s,,
361255,california_housing,openml_task,ctr23,regression,nofe,2,1200,16512,4128,8,8,0,46003.28373007682,rmse,False,46003.28373007682,-0.0,0.013203620910644531,0.0003635883331298828,10.509912729263306,363.234375,796,ok,,1.0.0,{}
361260,miami_housing,openml_task,ctr23,regression,tabularaml,0,1200,11145,2787,15,24,9,83129.79340358455,rmse,False,81836.91845938421,-0.01579818703513381,745.6284718513489,0.013338088989257812,765.4614086151123,436.1796875,521,ok,,0.2.0,"{""mode"": ""medium"", ""elapsed_time"": 742.1505365371704, ""n_init_feats"": 15, ""n_added_feats"": 9, ""initial_metric"": null, ""final_metric"": 93458.10146228234, ""pct_gain"": 0.01620279300373585}"
361255,california_housing,openml_task,ctr23,regression,autofeat,1,1200,16512,4128,8,47,39,44773.81051336434,rmse,False,45517.10877486391,0.016330085137350493,33.40789079666138,0.06795573234558105,43.79900527000427,638.5234375,624,ok,,upstream-2.1.x,{}
361256,cpu_activity,openml_task,ctr23,regression,nofe,3,1200,,,,,,,,,,,,,1380,,,timeout,wall-clock exceeded 1380s,,
361255,california_housing,openml_task,ctr23,regression,tabularaml,0,1200,16512,4128,8,17,9,41365.74737468432,rmse,False,44111.22085081778,0.0622397980191601,96.57996845245361,0.01592540740966797,111.31121802330017,386.27734375,952,ok,,0.2.0,"{""mode"": ""medium"", ""elapsed_time"": 92.75705742835999, ""n_init_feats"": 8, ""n_added_feats"": 9, ""initial_metric"": null, ""final_metric"": 45630.87890966673, ""pct_gain"": 0.05593335443175425}"
361254,sarcos,openml_task,ctr23,regression,tabularaml,3,1200,39146,9787,21,21,0,2.332981726923865,rmse,False,2.332981726923865,-0.0,153.35814833641052,0.0042722225189208984,191.3026638031006,482.33203125,1998,ok,,0.2.0,"{""mode"": ""medium"", ""elapsed_time"": 142.65012407302856, ""n_init_feats"": 21, ""n_added_feats"": 0, ""initial_metric"": null, ""final_metric"": 3.6340482318760814, ""pct_gain"": 0.0}"
361255,california_housing,openml_task,ctr23,regression,nofe,3,1200,16512,4128,8,8,0,45009.684786055135,rmse,False,45009.684786055135,-0.0,0.013901948928833008,0.0006184577941894531,11.30489730834961,356.0078125,711,ok,,1.0.0,{}
361256,cpu_activity,openml_task,ctr23,regression,openfe,3,1200,,,,,,,,,,,,,1380,,,timeout,wall-clock exceeded 1380s,,
361255,california_housing,openml_task,ctr23,regression,autofeat,2,1200,16512,4128,8,53,45,44884.036340694634,rmse,False,46003.28373007682,0.024329728198303095,35.175458669662476,0.0812222957611084,53.27043008804321,653.51171875,550,ok,,upstream-2.1.x,{}
361255,california_housing,openml_task,ctr23,regression,featuretools,2,1200,16512,4128,8,272,264,45166.1425214095,rmse,False,46003.28373007682,0.018197422896574708,1.0087387561798096,0.468564510345459,58.71703386306763,519.45703125,366,ok,,upstream-1.x,{}
361256,cpu_activity,openml_task,ctr23,regression,tabularaml,4,1200,6553,1639,21,35,14,2.294573183240276,rmse,False,2.2533502767873115,-0.01829405169609833,498.92624592781067,0.02397751808166504,1302.808453321457,388.83984375,212,ok,,0.2.0,"{""mode"": ""medium"", ""elapsed_time"": 494.0654067993164, ""n_init_feats"": 21, ""n_added_feats"": 14, ""initial_metric"": null, ""final_metric"": 2.2988356455361174, ""pct_gain"": 0.028033428358573205}"
361255,california_housing,openml_task,ctr23,regression,openfe,1,1200,16512,4128,8,204,196,45417.29182449784,rmse,False,45517.10877486391,0.0021929545406713232,41.98771619796753,9.156308650970459,117.48300957679749,552.8359375,610,ok,,upstream-0.0.12,{}
361255,california_housing,openml_task,ctr23,regression,autofeat,3,1200,16512,4128,8,60,52,43036.910995445665,rmse,False,45009.684786055135,0.04382998459079796,43.89115285873413,0.09465336799621582,69.90722703933716,677.12109375,805,ok,,upstream-2.1.x,{}
361255,california_housing,openml_task,ctr23,regression,featuretools,3,1200,16512,4128,8,271,263,43916.81506251696,rmse,False,45009.684786055135,0.0242807682109511,1.7229132652282715,0.6947352886199951,71.76151776313782,519.11328125,401,ok,,upstream-1.x,{}
361272,fifa,openml_task,ctr23,regression,nofe,0,1200,15342,3836,28,28,0,9479.019066269491,rmse,False,9479.019066269491,-0.0,0.013047933578491211,0.000331878662109375,10.801559925079346,356.31640625,269,ok,,1.0.0,{}
361256,cpu_activity,openml_task,ctr23,regression,featuretools,4,1200,,,,,,,,,,,,,1380,,,timeout,wall-clock exceeded 1380s,,
361255,california_housing,openml_task,ctr23,regression,openfe,4,1200,16512,4128,8,214,206,44888.12589094934,rmse,False,,,27.44807243347168,8.411482810974121,69.12967681884766,565.70703125,492,ok,,upstream-0.0.12,{}
361255,california_housing,openml_task,ctr23,regression,openfe,2,1200,16512,4128,8,212,204,44985.52002293178,rmse,False,46003.28373007682,0.022123718670100788,40.434720277786255,9.653712511062622,145.16235756874084,563.43359375,903,ok,,upstream-0.0.12,{}
361255,california_housing,openml_task,ctr23,regression,featuretools,4,1200,16512,4128,8,272,264,44311.08440977962,rmse,False,,,1.3293025493621826,0.5443024635314941,71.56455826759338,523.41796875,514,ok,,upstream-1.x,{}
361255,california_housing,openml_task,ctr23,regression,autofeat,4,1200,16512,4128,8,50,42,43047.24762475269,rmse,False,,,45.66862988471985,0.07810163497924805,73.0225670337677,671.421875,948,ok,,upstream-2.1.x,{}
361272,fifa,openml_task,ctr23,regression,nofe,1,1200,15342,3836,28,28,0,9441.799664199494,rmse,False,9441.799664199494,-0.0,0.010828971862792969,0.00013446807861328125,9.695019006729126,348.0859375,62,ok,,1.0.0,{}
361244,solar_flare,openml_task,ctr23,regression,tabularaml,1,1200,852,214,9,17,8,0.7433635605756846,rmse,False,0.7501597138644418,0.009059608458239948,622.4576954841614,0.053041696548461914,625.058735370636,342.72265625,12,ok,,0.2.0,"{""mode"": ""medium"", ""elapsed_time"": 621.7164278030396, ""n_init_feats"": 9, ""n_added_feats"": 8, ""initial_metric"": null, ""final_metric"": 0.8289909027068388, ""pct_gain"": 0.015059131606881203}"
361255,california_housing,openml_task,ctr23,regression,openfe,3,1200,16512,4128,8,216,208,44890.263575802725,rmse,False,45009.684786055135,0.002653233650047904,31.28571581840515,9.871582269668579,152.45218086242676,569.37890625,513,ok,,upstream-0.0.12,{}
361264,socmob,openml_task,ctr23,regression,tabularaml,1,1200,,,,,,,,,,,,,1380,,,timeout,wall-clock exceeded 1380s,,
361264,socmob,openml_task,ctr23,regression,nofe,2,1200,,,,,,,,,,,,,1380,,,timeout,wall-clock exceeded 1380s,,
361272,fifa,openml_task,ctr23,regression,nofe,2,1200,15342,3836,28,28,0,9989.946989366888,rmse,False,9989.946989366888,-0.0,0.009247303009033203,0.00021886825561523438,10.355395078659058,350.25390625,92,ok,,1.0.0,{}
361272,fifa,openml_task,ctr23,regression,featuretools,0,1200,15342,3836,28,3495,3467,9391.194855789745,rmse,False,9479.019066269491,0.009265115922412633,8.053376913070679,8.26007890701294,114.79447340965271,1289.73046875,138,ok,,upstream-1.x,{}
361255,california_housing,openml_task,ctr23,regression,tabularaml,4,1200,16512,4128,8,17,9,42566.94997796753,rmse,False,,,176.14980912208557,0.023459196090698242,182.76476311683655,393.3359375,841,ok,,0.2.0,"{""mode"": ""medium"", ""elapsed_time"": 172.23250555992126, ""n_init_feats"": 8, ""n_added_feats"": 9, ""initial_metric"": null, ""final_metric"": 46372.39564906988, ""pct_gain"": 0.04227622362758344}"
361267,brazilian_houses,openml_task,ctr23,regression,tabularaml,0,1200,,,,,,,,,,,,,1380,,,timeout,wall-clock exceeded 1380s,,
361255,california_housing,openml_task,ctr23,regression,autofeat,0,1200,16512,4128,8,58,50,43146.74817952034,rmse,False,44111.22085081778,0.02186456535762729,33.4617555141449,0.08594608306884766,419.01385974884033,763.9140625,854,ok,,upstream-2.1.x,{}
361272,fifa,openml_task,ctr23,regression,featuretools,1,1200,15342,3836,28,3495,3467,9673.267457619935,rmse,False,9441.799664199494,-0.024515219730630197,10.378239870071411,10.377447366714478,134.13214921951294,1288.9765625,50,ok,,upstream-1.x,{}
361272,fifa,openml_task,ctr23,regression,nofe,3,1200,15342,3836,28,28,0,9894.336302278285,rmse,False,9894.336302278285,-0.0,0.006037473678588867,0.00010895729064941406,10.576836585998535,350.07421875,93,ok,,1.0.0,{}
361267,brazilian_houses,openml_task,ctr23,regression,tabularaml,1,1200,,,,,,,,,,,,,1380,,,timeout,wall-clock exceeded 1380s,,
361268,fps_benchmark,openml_task,ctr23,regression,autofeat,4,1200,19699,4925,39,72,33,1.3920021330646053,rmse,False,0.7115935071724717,-0.9561759895698715,581.4728145599365,0.11355948448181152,866.5390791893005,707.5078125,1999,ok,,upstream-2.1.x,{}
361255,california_housing,openml_task,ctr23,regression,tabularaml,2,1200,16512,4128,8,16,8,44921.14549565928,rmse,False,46003.28373007682,0.023523065022205025,358.51997327804565,0.015463113784790039,369.163943529129,400.96484375,844,ok,,0.2.0,"{""mode"": ""medium"", ""elapsed_time"": 354.97114992141724, ""n_init_feats"": 8, ""n_added_feats"": 8, ""initial_metric"": null, ""final_metric"": 46709.0290313762, ""pct_gain"": 0.026936349827628915}"
361272,fifa,openml_task,ctr23,regression,featuretools,2,1200,15342,3836,28,3494,3466,9186.512447387624,rmse,False,9989.946989366888,0.08042430483709523,8.14035439491272,7.894235849380493,129.89183640480042,2254.734375,134,ok,,upstream-1.x,{}
361272,fifa,openml_task,ctr23,regression,nofe,4,1200,15342,3836,28,28,0,9824.912922483989,rmse,False,9824.912922483989,-0.0,0.005663394927978516,0.00018405914306640625,10.82577896118164,349.85546875,61,ok,,1.0.0,{}
361268,fps_benchmark,openml_task,ctr23,regression,tabularaml,3,1200,19699,4925,39,,,,,,,,,,912.1934480667114,,,crash,ValueError: X does not contain the columns listed in cols,0.2.0,
361267,brazilian_houses,openml_task,ctr23,regression,openfe,3,1200,,,,,,,,,,,,,1380,,,timeout,wall-clock exceeded 1380s,,
361267,brazilian_houses,openml_task,ctr23,regression,tabularaml,3,1200,,,,,,,,,,,,,1380,,,timeout,wall-clock exceeded 1380s,,
361266,kings_county,openml_task,ctr23,regression,nofe,0,1200,17290,4323,21,21,0,112647.39765983023,rmse,False,112647.39765983023,-0.0,0.011319875717163086,0.0011737346649169922,10.259788036346436,372.0078125,386,ok,,1.0.0,{}
361247,naval_propulsion,openml_task,ctr23,regression,openfe,0,1200,,,,,,,,,,,,,1380,,,timeout,wall-clock exceeded 1380s,,
361254,sarcos,openml_task,ctr23,regression,nofe,0,1200,39146,9787,21,21,0,2.382620916511604,rmse,False,2.382620916511604,-0.0,0.015791893005371094,0.0024034976959228516,805.1853320598602,460.1640625,1998,ok,,1.0.0,{}
361272,fifa,openml_task,ctr23,regression,featuretools,3,1200,15342,3836,28,3496,3468,9982.0960095535,rmse,False,9894.336302278285,-0.00886969116412654,12.15454649925232,8.888028621673584,174.82766938209534,2256.46875,163,ok,,upstream-1.x,{}
361266,kings_county,openml_task,ctr23,regression,nofe,1,1200,17290,4323,21,21,0,167896.92699369488,rmse,False,167896.92699369488,-0.0,0.014955997467041016,0.0011556148529052734,10.632983446121216,364.8203125,293,ok,,1.0.0,{}
361247,naval_propulsion,openml_task,ctr23,regression,openfe,3,1200,,,,,,,,,,,,,1380,,,timeout,wall-clock exceeded 1380s,,
361247,naval_propulsion,openml_task,ctr23,regression,tabularaml,4,1200,,,,,,,,,,,,,1380,,,timeout,wall-clock exceeded 1380s,,
361266,kings_county,openml_task,ctr23,regression,autofeat,0,1200,17290,4323,21,111,90,107522.21205048452,rmse,False,112647.39765983023,0.045497594403579644,154.97612476348877,0.16327285766601562,176.82325768470764,775.6640625,742,ok,,upstream-2.1.x,{}
361266,kings_county,openml_task,ctr23,regression,autofeat,1,1200,17290,4323,21,71,50,146898.76934050632,rmse,False,167896.92699369488,0.1250657652237859,112.58478927612305,0.1126859188079834,129.82994174957275,816.9375,688,ok,,upstream-2.1.x,{}
361254,sarcos,openml_task,ctr23,regression,tabularaml,0,1200,39146,9787,21,22,1,2.396307138021172,rmse,False,2.382620916511604,-0.005744187593889625,933.6757485866547,0.013747453689575195,971.3587019443512,522.8515625,1999,ok,,0.2.0,"{""mode"": ""medium"", ""elapsed_time"": 922.3979876041412, ""n_init_feats"": 21, ""n_added_feats"": 1, ""initial_metric"": null, ""final_metric"": 3.6276013062925268, ""pct_gain"": 0.0009908941816488472}"
361260,miami_housing,openml_task,ctr23,regression,openfe,2,1200,,,,,,,,,,,,,1380,,,timeout,wall-clock exceeded 1380s,,
361266,kings_county,openml_task,ctr23,regression,nofe,2,1200,17290,4323,21,21,0,122831.51253594612,rmse,False,122831.51253594612,-0.0,0.021992921829223633,0.00211334228515625,8.771787643432617,371.14453125,346,ok,,1.0.0,{}
361260,miami_housing,openml_task,ctr23,regression,featuretools,2,1200,,,,,,,,,,,,,1380,,,timeout,wall-clock exceeded 1380s,,
361272,fifa,openml_task,ctr23,regression,autofeat,1,1200,15342,3836,28,137,109,9400.034424095864,rmse,False,9441.799664199494,0.004423440613974441,547.2420651912689,0.21577739715576172,554.8632481098175,815.390625,162,ok,,upstream-2.1.x,{}
361254,sarcos,openml_task,ctr23,regression,tabularaml,1,1200,39146,9787,21,33,12,2.435353234331303,rmse,False,2.4185738528188203,-0.0069377172389945485,932.2417702674866,0.04139280319213867,975.3893897533417,550.15625,1999,ok,,0.2.0,"{""mode"": ""medium"", ""elapsed_time"": 908.3443667888641, ""n_init_feats"": 21, ""n_added_feats"": 12, ""initial_metric"": null, ""final_metric"": 3.5549843719746432, ""pct_gain"": 0.021479502812899204}"
361266,kings_county,openml_task,ctr23,regression,nofe,3,1200,17290,4323,21,21,0,127115.3730417128,rmse,False,127115.3730417128,-0.0,0.030278921127319336,0.0010647773742675781,6.145237445831299,368.4609375,454,ok,,1.0.0,{}
361260,miami_housing,openml_task,ctr23,regression,tabularaml,3,1200,,,,,,,,,,,,,1380,,,timeout,wall-clock exceeded 1380s,,
361260,miami_housing,openml_task,ctr23,regression,openfe,4,1200,,,,,,,,,,,,,1380,,,timeout,wall-clock exceeded 1380s,,
361268,fps_benchmark,openml_task,ctr23,regression,openfe,0,1200,,,,,,,,,,,,,1380,,,timeout,wall-clock exceeded 1380s,,
361268,fps_benchmark,openml_task,ctr23,regression,featuretools,0,1200,,,,,,,,,,,,,1380,,,timeout,wall-clock exceeded 1380s,,
361268,fps_benchmark,openml_task,ctr23,regression,tabularaml,0,1200,,,,,,,,,,,,,1380,,,timeout,wall-clock exceeded 1380s,,
361266,kings_county,openml_task,ctr23,regression,nofe,4,1200,17290,4323,21,21,0,124685.02109087317,rmse,False,124685.02109087317,-0.0,0.011891603469848633,0.0009100437164306641,12.162546873092651,366.546875,279,ok,,1.0.0,{}
361268,fps_benchmark,openml_task,ctr23,regression,nofe,1,1200,,,,,,,,,,,,,1380,,,timeout,wall-clock exceeded 1380s,,
361268,fps_benchmark,openml_task,ctr23,regression,autofeat,1,1200,,,,,,,,,,,,,1380,,,timeout,wall-clock exceeded 1380s,,
361268,fps_benchmark,openml_task,ctr23,regression,openfe,1,1200,,,,,,,,,,,,,1380,,,timeout,wall-clock exceeded 1380s,,
361268,fps_benchmark,openml_task,ctr23,regression,featuretools,1,1200,,,,,,,,,,,,,1380,,,timeout,wall-clock exceeded 1380s,,
361268,fps_benchmark,openml_task,ctr23,regression,tabularaml,1,1200,,,,,,,,,,,,,1380,,,timeout,wall-clock exceeded 1380s,,
361268,fps_benchmark,openml_task,ctr23,regression,autofeat,2,1200,,,,,,,,,,,,,1380,,,timeout,wall-clock exceeded 1380s,,
361268,fps_benchmark,openml_task,ctr23,regression,openfe,2,1200,,,,,,,,,,,,,1380,,,timeout,wall-clock exceeded 1380s,,
361268,fps_benchmark,openml_task,ctr23,regression,tabularaml,2,1200,,,,,,,,,,,,,1380,,,timeout,wall-clock exceeded 1380s,,
361268,fps_benchmark,openml_task,ctr23,regression,featuretools,2,1200,,,,,,,,,,,,,1380,,,timeout,wall-clock exceeded 1380s,,
361266,kings_county,openml_task,ctr23,regression,autofeat,2,1200,17290,4323,21,106,85,113682.35982600285,rmse,False,122831.51253594612,0.07448538669802515,135.87489771842957,0.16396021842956543,160.04082226753235,763.421875,477,ok,,upstream-2.1.x,{}
361268,fps_benchmark,openml_task,ctr23,regression,openfe,3,1200,,,,,,,,,,,,,1380,,,timeout,wall-clock exceeded 1380s,,
361268,fps_benchmark,openml_task,ctr23,regression,featuretools,3,1200,,,,,,,,,,,,,1380,,,timeout,wall-clock exceeded 1380s,,
361266,kings_county,openml_task,ctr23,regression,autofeat,3,1200,17290,4323,21,90,69,126191.72952910482,rmse,False,127115.3730417128,0.0072661826064490355,106.27627539634705,0.18442058563232422,113.55807209014893,731.21875,60,ok,,upstream-2.1.x,{}
361268,fps_benchmark,openml_task,ctr23,regression,openfe,4,1200,,,,,,,,,,,,,1380,,,timeout,wall-clock exceeded 1380s,,
361254,sarcos,openml_task,ctr23,regression,tabularaml,4,1200,39146,9787,21,32,11,2.3859699153150227,rmse,False,2.3845787716343225,-0.0005833917911408296,937.8039338588715,0.0301206111907959,999.1132800579071,544.5390625,1998,ok,,0.2.0,"{""mode"": ""medium"", ""elapsed_time"": 919.2003479003906, ""n_init_feats"": 21, ""n_added_feats"": 11, ""initial_metric"": null, ""final_metric"": 3.612121157361405, ""pct_gain"": 0.00845261053038541}"
361268,fps_benchmark,openml_task,ctr23,regression,featuretools,4,1200,,,,,,,,,,,,,1380,,,timeout,wall-clock exceeded 1380s,,
361268,fps_benchmark,openml_task,ctr23,regression,tabularaml,4,1200,,,,,,,,,,,,,1380,,,timeout,wall-clock exceeded 1380s,,
361244,solar_flare,openml_task,ctr23,regression,nofe,2,1200,,,,,,,,,,,,,1380,,,timeout,wall-clock exceeded 1380s,,
361242,superconductivity,openml_task,ctr23,regression,nofe,3,1200,17010,4253,81,81,0,9.144032004297907,rmse,False,9.144032004297907,-0.0,0.022989273071289062,0.0035631656646728516,71.099933385849,493.89453125,1037,ok,,1.0.0,{}
361266,kings_county,openml_task,ctr23,regression,autofeat,4,1200,17290,4323,21,97,76,115912.62443294955,rmse,False,124685.02109087317,0.0703564596707258,156.54988741874695,0.1586313247680664,173.87520599365234,757.1171875,460,ok,,upstream-2.1.x,{}
361254,sarcos,openml_task,ctr23,regression,autofeat,2,1200,39146,9787,21,138,117,2.4297383110726845,rmse,False,,,810.165102481842,0.2792549133300781,1213.5917098522186,1749.2421875,1999,ok,,upstream-2.1.x,{}
361272,fifa,openml_task,ctr23,regression,featuretools,4,1200,15342,3836,28,3493,3465,9665.627439238715,rmse,False,9824.912922483989,0.01621240661387995,13.946869611740112,10.103391647338867,599.200633764267,1288.890625,61,ok,,upstream-1.x,{}
361244,solar_flare,openml_task,ctr23,regression,tabularaml,3,1200,,,,,,,,,,,,,1380,,,timeout,wall-clock exceeded 1380s,,
361266,kings_county,openml_task,ctr23,regression,featuretools,3,1200,17290,4323,21,1620,1599,108540.89065189655,rmse,False,127115.3730417128,0.14612302151464437,5.527215957641602,4.737361907958984,280.6672956943512,886.421875,327,ok,,upstream-1.x,{}
361254,sarcos,openml_task,ctr23,regression,openfe,0,1200,,,,,,,,,,,,,1380,,,timeout,wall-clock exceeded 1380s,,
361254,sarcos,openml_task,ctr23,regression,autofeat,0,1200,,,,,,,,,,,,,1380,,,timeout,wall-clock exceeded 1380s,,
361254,sarcos,openml_task,ctr23,regression,featuretools,0,1200,,,,,,,,,,,,,1380,,,timeout,wall-clock exceeded 1380s,,
361266,kings_county,openml_task,ctr23,regression,featuretools,2,1200,17290,4323,21,1614,1593,114829.70354075961,rmse,False,122831.51253594612,0.06514459384227493,8.365664958953857,6.141348600387573,399.6404242515564,1212.4765625,441,ok,,upstream-1.x,{}
361254,sarcos,openml_task,ctr23,regression,openfe,1,1200,,,,,,,,,,,,,1380,,,timeout,wall-clock exceeded 1380s,,
361254,sarcos,openml_task,ctr23,regression,autofeat,1,1200,,,,,,,,,,,,,1380,,,timeout,wall-clock exceeded 1380s,,
361254,sarcos,openml_task,ctr23,regression,featuretools,1,1200,,,,,,,,,,,,,1380,,,timeout,wall-clock exceeded 1380s,,
361261,cps88wages,openml_task,ctr23,regression,featuretools,0,1200,22524,5631,6,27,21,414.4389624771432,rmse,False,,,0.906895637512207,0.31730151176452637,10.980500221252441,366.96484375,42,ok,,upstream-1.x,{}
361261,cps88wages,openml_task,ctr23,regression,nofe,1,1200,22524,5631,6,6,0,398.3818333491238,rmse,False,398.3818333491238,-0.0,0.012579917907714844,0.00019860267639160156,10.809666633605957,335.28125,58,ok,,1.0.0,{}
361266,kings_county,openml_task,ctr23,regression,featuretools,1,1200,17290,4323,21,1615,1594,153307.07040583642,rmse,False,167896.92699369488,0.08689769877924187,6.768677473068237,5.203932523727417,536.3190610408783,1216.23046875,516,ok,,upstream-1.x,{}
361254,sarcos,openml_task,ctr23,regression,nofe,2,1200,,,,,,,,,,,,,1380,,,timeout,wall-clock exceeded 1380s,,
361261,cps88wages,openml_task,ctr23,regression,nofe,0,1200,22524,5631,6,6,0,409.0199906674077,rmse,False,409.0199906674077,-0.0,0.008795976638793945,0.00027751922607421875,80.27715373039246,336.96484375,60,ok,,1.0.0,{}
361261,cps88wages,openml_task,ctr23,regression,openfe,0,1200,22524,5631,6,87,81,418.6366755125278,rmse,False,409.0199906674077,-0.02351152771146551,29.77652096748352,14.53429627418518,71.5692572593689,443.0078125,36,ok,,upstream-0.0.12,{}
361254,sarcos,openml_task,ctr23,regression,openfe,2,1200,,,,,,,,,,,,,1380,,,timeout,wall-clock exceeded 1380s,,
361254,sarcos,openml_task,ctr23,regression,featuretools,2,1200,,,,,,,,,,,,,1380,,,timeout,wall-clock exceeded 1380s,,
361254,sarcos,openml_task,ctr23,regression,tabularaml,2,1200,,,,,,,,,,,,,1380,,,timeout,wall-clock exceeded 1380s,,
361261,cps88wages,openml_task,ctr23,regression,autofeat,1,1200,22524,5631,6,21,15,399.394321763223,rmse,False,398.3818333491238,-0.002541502471604699,17.165270805358887,0.03558707237243652,54.12539505958557,641.70703125,52,ok,,upstream-2.1.x,{}
361261,cps88wages,openml_task,ctr23,regression,autofeat,0,1200,22524,5631,6,21,15,411.55125480767816,rmse,False,409.0199906674077,-0.006188607398235367,23.868277311325073,0.041574954986572266,97.20057415962219,619.5546875,37,ok,,upstream-2.1.x,{}
361261,cps88wages,openml_task,ctr23,regression,nofe,3,1200,22524,5631,6,6,0,351.8919333259927,rmse,False,351.8919333259927,-0.0,0.009549379348754883,0.00023031234741210938,9.730190992355347,337.99609375,53,ok,,1.0.0,{}
361254,sarcos,openml_task,ctr23,regression,openfe,3,1200,,,,,,,,,,,,,1380,,,timeout,wall-clock exceeded 1380s,,
361254,sarcos,openml_task,ctr23,regression,autofeat,3,1200,,,,,,,,,,,,,1380,,,timeout,wall-clock exceeded 1380s,,
361254,sarcos,openml_task,ctr23,regression,featuretools,3,1200,,,,,,,,,,,,,1380,,,timeout,wall-clock exceeded 1380s,,
361261,cps88wages,openml_task,ctr23,regression,autofeat,3,1200,22524,5631,6,20,14,353.6975756510981,rmse,False,351.8919333259927,-0.0051312410262972655,18.986018419265747,0.04435133934020996,24.353517770767212,641.08984375,38,ok,,upstream-2.1.x,{}
361254,sarcos,openml_task,ctr23,regression,openfe,4,1200,,,,,,,,,,,,,1380,,,timeout,wall-clock exceeded 1380s,,
361272,fifa,openml_task,ctr23,regression,tabularaml,2,1200,15342,3836,28,30,2,9800.669025861118,rmse,False,9989.946989366888,0.018946843632627317,943.918655872345,0.009529590606689453,949.5524713993073,416.671875,103,ok,,0.2.0,"{""mode"": ""medium"", ""elapsed_time"": 940.0092782974243, ""n_init_feats"": 28, ""n_added_feats"": 2, ""initial_metric"": null, ""final_metric"": 9287.824582180325, ""pct_gain"": 0.011041325253615028}"
361254,sarcos,openml_task,ctr23,regression,autofeat,4,1200,,,,,,,,,,,,,1380,,,timeout,wall-clock exceeded 1380s,,
361266,kings_county,openml_task,ctr23,regression,openfe,0,1200,17290,4323,21,1496,1475,192567.70420832635,rmse,False,112647.39765983023,-0.709473172117455,278.8499798774719,110.67766785621643,829.9047071933746,1399.19921875,491,ok,,upstream-0.0.12,{}
361266,kings_county,openml_task,ctr23,regression,featuretools,4,1200,17290,4323,21,1617,1596,116433.25588628299,rmse,False,124685.02109087317,0.06618088630370533,6.1297149658203125,5.201084613800049,444.3878493309021,1291.05078125,638,ok,,upstream-1.x,{}
361254,sarcos,openml_task,ctr23,regression,featuretools,4,1200,,,,,,,,,,,,,1380,,,timeout,wall-clock exceeded 1380s,,
361255,california_housing,openml_task,ctr23,regression,tabularaml,1,1200,16512,4128,8,17,9,44079.47941261498,rmse,False,45517.10877486391,0.03158437345745562,154.18340134620667,0.015943288803100586,1269.277838230133,390.94921875,444,ok,,0.2.0,"{""mode"": ""medium"", ""elapsed_time"": 150.43762588500977, ""n_init_feats"": 8, ""n_added_feats"": 9, ""initial_metric"": null, ""final_metric"": 46290.5695495105, ""pct_gain"": 0.04656297822579993}"
361255,california_housing,openml_task,ctr23,regression,openfe,0,1200,,,,,,,,,,,,,1380,,,timeout,wall-clock exceeded 1380s,,
361272,fifa,openml_task,ctr23,regression,tabularaml,3,1200,15342,3836,28,35,7,14979.277402920066,rmse,False,9894.336302278285,-0.5139244255798052,907.5488092899323,0.02939319610595703,924.0783324241638,570.87890625,285,ok,,0.2.0,"{""mode"": ""medium"", ""elapsed_time"": 902.9055166244507, ""n_init_feats"": 28, ""n_added_feats"": 7, ""initial_metric"": null, ""final_metric"": 8990.712827494277, ""pct_gain"": -0.01401922183327834}"
361261,cps88wages,openml_task,ctr23,regression,openfe,3,1200,22524,5631,6,85,79,370.8609263719865,rmse,False,351.8919333259927,-0.05390573425967388,24.677542209625244,9.043960332870483,72.18576550483704,433.3046875,22,ok,,upstream-0.0.12,{}
361255,california_housing,openml_task,ctr23,regression,featuretools,0,1200,,,,,,,,,,,,,1380,,,timeout,wall-clock exceeded 1380s,,
361241,physiochemical_protein,openml_task,ctr23,regression,nofe,1,1200,36584,9146,9,9,0,3.6444508024217055,rmse,False,3.6444508024217055,-0.0,0.01293802261352539,0.0007832050323486328,10.404575109481812,395.3203125,1702,ok,,1.0.0,{}
361261,cps88wages,openml_task,ctr23,regression,nofe,2,1200,22524,5631,6,6,0,329.20579738792026,rmse,False,329.20579738792026,-0.0,0.007162332534790039,0.00019121170043945312,145.54593682289124,338.80859375,90,ok,,1.0.0,{}
361272,fifa,openml_task,ctr23,regression,openfe,3,1200,15342,3836,28,2028,2000,9693.346342455066,rmse,False,9894.336302278285,0.020313637386363995,733.8605406284332,208.73117446899414,994.7879288196564,1933.2265625,84,ok,,upstream-0.0.12,{}
361261,cps88wages,openml_task,ctr23,regression,autofeat,4,1200,22524,5631,6,21,15,399.401660338366,rmse,False,,,15.437148332595825,0.03953671455383301,75.55380320549011,604.625,49,ok,,upstream-2.1.x,{}
361241,physiochemical_protein,openml_task,ctr23,regression,nofe,2,1200,36584,9146,9,9,0,3.647872979462345,rmse,False,3.647872979462345,-0.0,0.010465860366821289,0.0006802082061767578,20.969976902008057,399.08984375,1997,ok,,1.0.0,{}
361255,california_housing,openml_task,ctr23,regression,featuretools,1,1200,,,,,,,,,,,,,1380,,,timeout,wall-clock exceeded 1380s,,
361266,kings_county,openml_task,ctr23,regression,openfe,3,1200,17290,4323,21,1484,1463,212044.25486949325,rmse,False,127115.3730417128,-0.6681243959368401,288.700896024704,117.75508785247803,638.6197254657745,1475.3515625,282,ok,,upstream-0.0.12,{}
361242,superconductivity,openml_task,ctr23,regression,nofe,4,1200,17010,4253,81,81,0,10.01397844992568,rmse,False,10.01397844992568,-0.0,0.025661706924438477,0.004626274108886719,371.00086188316345,494.64453125,1001,ok,,1.0.0,{}
361255,california_housing,openml_task,ctr23,regression,tabularaml,3,1200,,,,,,,,,,,,,1380,,,timeout,wall-clock exceeded 1380s,,
361255,california_housing,openml_task,ctr23,regression,nofe,4,1200,,,,,,,,,,,,,1380,,,timeout,wall-clock exceeded 1380s,,
361241,physiochemical_protein,openml_task,ctr23,regression,nofe,3,1200,36584,9146,9,9,0,3.6148420855411194,rmse,False,3.6148420855411194,-0.0,0.014794588088989258,0.0007250308990478516,14.038146495819092,399.359375,1999,ok,,1.0.0,{}
361241,physiochemical_protein,openml_task,ctr23,regression,autofeat,1,1200,36584,9146,9,50,41,3.40390676574268,rmse,False,3.6444508024217055,0.06600282174729484,73.18000221252441,0.07709741592407227,150.8968379497528,708.47265625,1841,ok,,upstream-2.1.x,{}
361242,superconductivity,openml_task,ctr23,regression,tabularaml,1,1200,17010,4253,81,81,0,9.554719290682906,rmse,False,,,293.2508487701416,0.008584737777709961,610.9081778526306,540.80078125,1076,ok,,0.2.0,"{""mode"": ""medium"", ""elapsed_time"": 280.2400908470154, ""n_init_feats"": 81, ""n_added_feats"": 0, ""initial_metric"": null, ""final_metric"": 10.619390700086006, ""pct_gain"": 0.0}"
361242,superconductivity,openml_task,ctr23,regression,tabularaml,0,1200,17010,4253,81,82,1,9.563199914484924,rmse,False,,,431.0063977241516,0.01731562614440918,626.8976473808289,539.1953125,1145,ok,,0.2.0,"{""mode"": ""medium"", ""elapsed_time"": 417.6712124347687, ""n_init_feats"": 81, ""n_added_feats"": 1, ""initial_metric"": null, ""final_metric"": 10.494566710160806, ""pct_gain"": -0.0001743575462663616}"
361241,physiochemical_protein,openml_task,ctr23,regression,nofe,4,1200,36584,9146,9,9,0,3.5662009063518867,rmse,False,3.5662009063518867,-0.0,0.013003826141357422,0.0013680458068847656,10.00948691368103,395.9296875,1998,ok,,1.0.0,{}
361266,kings_county,openml_task,ctr23,regression,openfe,2,1200,17290,4323,21,1538,1517,220117.02459345802,rmse,False,122831.51253594612,-0.7920240502537302,410.2679035663605,116.45870757102966,808.0863740444183,1499.15234375,325,ok,,upstream-0.0.12,{}
361241,physiochemical_protein,openml_task,ctr23,regression,openfe,0,1200,36584,9146,9,195,186,3.346647975365086,rmse,False,,,44.421435594558716,6.914881467819214,249.99903774261475,650.65625,1999,ok,,upstream-0.0.12,{}
361272,fifa,openml_task,ctr23,regression,openfe,0,1200,,,,,,,,,,,,,1380,,,timeout,wall-clock exceeded 1380s,,
361272,fifa,openml_task,ctr23,regression,autofeat,0,1200,,,,,,,,,,,,,1380,,,timeout,wall-clock exceeded 1380s,,
361241,physiochemical_protein,openml_task,ctr23,regression,tabularaml,0,1200,36584,9146,9,15,6,3.4843336089355037,rmse,False,,,205.67663836479187,0.027497053146362305,238.55831599235535,463.15625,1993,ok,,0.2.0,"{""mode"": ""medium"", ""elapsed_time"": 193.98006319999695, ""n_init_feats"": 9, ""n_added_feats"": 6, ""initial_metric"": null, ""final_metric"": 4.045703359995324, ""pct_gain"": 0.018676657744349394}"
361241,physiochemical_protein,openml_task,ctr23,regression,featuretools,1,1200,36584,9146,9,317,308,3.563748241225106,rmse,False,3.6444508024217055,0.022143956818671644,1.8550167083740234,0.7462151050567627,209.50652813911438,729.5,1241,ok,,upstream-1.x,{}
361257,diamonds,openml_task,ctr23,regression,nofe,0,1200,43152,10788,9,9,0,528.92499954811,rmse,False,528.92499954811,-0.0,0.01641535758972168,0.0009884834289550781,10.744171857833862,367.7734375,214,ok,,1.0.0,{}
361241,physiochemical_protein,openml_task,ctr23,regression,tabularaml,2,1200,36584,9146,9,14,5,3.6056298277751506,rmse,False,3.647872979462345,0.011580214531872366,118.4368166923523,0.02386164665222168,157.1399757862091,444.52734375,1999,ok,,0.2.0,"{""mode"": ""medium"", ""elapsed_time"": 107.54032635688782, ""n_init_feats"": 9, ""n_added_feats"": 5, ""initial_metric"": null, ""final_metric"": 4.058755015772758, ""pct_gain"": 0.01167398980882937}"
361272,fifa,openml_task,ctr23,regression,tabularaml,0,1200,,,,,,,,,,,,,1380,,,timeout,wall-clock exceeded 1380s,,
361272,fifa,openml_task,ctr23,regression,openfe,1,1200,,,,,,,,,,,,,1380,,,timeout,wall-clock exceeded 1380s,,
361257,diamonds,openml_task,ctr23,regression,nofe,1,1200,43152,10788,9,9,0,521.414903869908,rmse,False,521.414903869908,-0.0,0.011458873748779297,0.0005552768707275391,11.513893842697144,367.7890625,282,ok,,1.0.0,{}
361272,fifa,openml_task,ctr23,regression,tabularaml,1,1200,,,,,,,,,,,,,1380,,,timeout,wall-clock exceeded 1380s,,
361272,fifa,openml_task,ctr23,regression,openfe,2,1200,,,,,,,,,,,,,1380,,,timeout,wall-clock exceeded 1380s,,
361272,fifa,openml_task,ctr23,regression,autofeat,2,1200,,,,,,,,,,,,,1380,,,timeout,wall-clock exceeded 1380s,,
361241,physiochemical_protein,openml_task,ctr23,regression,autofeat,3,1200,36584,9146,9,58,49,3.435542128352231,rmse,False,3.6148420855411194,0.049601048384952724,81.1468231678009,0.1016695499420166,144.4900734424591,730.375,1999,ok,,upstream-2.1.x,{}
361257,diamonds,openml_task,ctr23,regression,autofeat,1,1200,43152,10788,9,15,6,533.1050745309279,rmse,False,521.414903869908,-0.02242009304731457,50.2095832824707,0.03123927116394043,54.79594564437866,598.05078125,298,ok,,upstream-2.1.x,{}
361257,diamonds,openml_task,ctr23,regression,openfe,0,1200,43152,10788,9,154,145,530.7853560750927,rmse,False,528.92499954811,-0.003517240683598142,46.2342631816864,6.611901521682739,83.35330247879028,617.5,164,ok,,upstream-0.0.12,{}
361241,physiochemical_protein,openml_task,ctr23,regression,tabularaml,3,1200,36584,9146,9,19,10,3.4520062784366483,rmse,False,3.6148420855411194,0.04504645106235549,118.58068418502808,0.02593064308166504,144.32994961738586,453.62109375,1999,ok,,0.2.0,"{""mode"": ""medium"", ""elapsed_time"": 110.46041917800903, ""n_init_feats"": 9, ""n_added_feats"": 10, ""initial_metric"": null, ""final_metric"": 3.9571652007798748, ""pct_gain"": 0.03414695414519971}"
361257,diamonds,openml_task,ctr23,regression,autofeat,0,1200,43152,10788,9,23,14,534.444321511574,rmse,False,528.92499954811,-0.010434980324581854,42.23696541786194,0.0471959114074707,84.22155904769897,616.65625,388,ok,,upstream-2.1.x,{}
361257,diamonds,openml_task,ctr23,regression,openfe,1,1200,43152,10788,9,157,148,523.2737194178939,rmse,False,521.414903869908,-0.0035649451793376666,40.03373384475708,7.385344505310059,81.71472072601318,575.7421875,190,ok,,upstream-0.0.12,{}
361257,diamonds,openml_task,ctr23,regression,nofe,3,1200,43152,10788,9,9,0,549.381046536721,rmse,False,549.381046536721,-0.0,0.019412517547607422,0.001527547836303711,9.953725099563599,369.96875,200,ok,,1.0.0,{}
361257,diamonds,openml_task,ctr23,regression,featuretools,1,1200,43152,10788,9,155,146,511.62840112674365,rmse,False,521.414903869908,0.018769127369642806,1.5393543243408203,0.8819096088409424,55.16811752319336,557.984375,213,ok,,upstream-1.x,{}
361257,diamonds,openml_task,ctr23,regression,featuretools,3,1200,43152,10788,9,155,146,536.76582186354,rmse,False,549.381046536721,0.0229626135679541,1.4581880569458008,0.8743851184844971,23.9962637424469,560.50390625,186,ok,,upstream-1.x,{}
361257,diamonds,openml_task,ctr23,regression,autofeat,2,1200,43152,10788,9,16,7,536.9196254609287,rmse,False,,,36.02426314353943,0.03539419174194336,43.550442695617676,609.1796875,431,ok,,upstream-2.1.x,{}
361257,diamonds,openml_task,ctr23,regression,nofe,2,1200,43152,10788,9,9,0,528.9445786773712,rmse,False,528.9445786773712,-0.0,0.010399341583251953,0.0005776882171630859,74.32470679283142,370.70703125,340,ok,,1.0.0,{}
361257,diamonds,openml_task,ctr23,regression,featuretools,0,1200,43152,10788,9,155,146,516.2349456017464,rmse,False,528.92499954811,0.02399216137865562,1.8352489471435547,1.2766709327697754,133.3579170703888,560.08203125,215,ok,,upstream-1.x,{}
361241,physiochemical_protein,openml_task,ctr23,regression,autofeat,4,1200,36584,9146,9,67,58,3.4194832547035974,rmse,False,3.5662009063518867,0.041141162682945126,77.02755856513977,0.12751483917236328,190.89670586585999,757.515625,1704,ok,,upstream-2.1.x,{}
361257,diamonds,openml_task,ctr23,regression,autofeat,3,1200,43152,10788,9,15,6,555.3804350900413,rmse,False,549.381046536721,-0.010920268529721238,41.972997188568115,0.035727739334106445,72.12563705444336,594.70703125,304,ok,,upstream-2.1.x,{}
361272,fifa,openml_task,ctr23,regression,autofeat,3,1200,,,,,,,,,,,,,1380,,,timeout,wall-clock exceeded 1380s,,
361241,physiochemical_protein,openml_task,ctr23,regression,featuretools,2,1200,36584,9146,9,317,308,3.553132896790612,rmse,False,3.647872979462345,0.02597132170037797,2.0455236434936523,0.7224502563476562,339.0302894115448,738.9921875,1999,ok,,upstream-1.x,{}
361241,physiochemical_protein,openml_task,ctr23,regression,featuretools,3,1200,36584,9146,9,317,308,3.5812688378912396,rmse,False,3.6148420855411194,0.009287611147432484,2.0144729614257812,0.8213284015655518,265.43972849845886,732.81640625,1851,ok,,upstream-1.x,{}
361257,diamonds,openml_task,ctr23,regression,openfe,3,1200,43152,10788,9,146,137,536.8315241718768,rmse,False,549.381046536721,0.022843020238786753,37.20555758476257,7.502081871032715,102.2867820262909,615.5234375,145,ok,,upstream-0.0.12,{}
361257,diamonds,openml_task,ctr23,regression,nofe,4,1200,43152,10788,9,9,0,517.3750444993256,rmse,False,517.3750444993256,-0.0,0.008792877197265625,0.0005068778991699219,86.50310158729553,368.10546875,248,ok,,1.0.0,{}
361257,diamonds,openml_task,ctr23,regression,featuretools,4,1200,43152,10788,9,149,140,508.86064310588836,rmse,False,517.3750444993256,0.0164569232396525,1.8469970226287842,1.0327706336975098,58.68166446685791,558.40234375,383,ok,,upstream-1.x,{}
361251,grid_stability,openml_task,ctr23,regression,nofe,1,1200,8000,2000,12,12,0,0.00771352530195451,rmse,False,0.00771352530195451,-0.0,0.008505821228027344,0.0003991127014160156,7.533767461776733,363.8671875,1622,ok,,1.0.0,{}
361272,fifa,openml_task,ctr23,regression,openfe,4,1200,,,,,,,,,,,,,1380,,,timeout,wall-clock exceeded 1380s,,
361272,fifa,openml_task,ctr23,regression,autofeat,4,1200,,,,,,,,,,,,,1380,,,timeout,wall-clock exceeded 1380s,,
361241,physiochemical_protein,openml_task,ctr23,regression,tabularaml,4,1200,36584,9146,9,17,8,3.3793371269073704,rmse,False,3.5662009063518867,0.0523985564334546,227.65099787712097,0.03146648406982422,251.86322450637817,465.43359375,1999,ok,,0.2.0,"{""mode"": ""medium"", ""elapsed_time"": 217.14247345924377, ""n_init_feats"": 9, ""n_added_feats"": 8, ""initial_metric"": null, ""final_metric"": 3.9221672688992024, ""pct_gain"": 0.04597292843651677}"
361272,fifa,openml_task,ctr23,regression,tabularaml,4,1200,,,,,,,,,,,,,1380,,,timeout,wall-clock exceeded 1380s,,
361257,diamonds,openml_task,ctr23,regression,openfe,4,1200,43152,10788,9,150,141,519.7341000499177,rmse,False,517.3750444993256,-0.004559662426074483,42.57259511947632,7.1197829246521,101.8037941455841,615.9609375,239,ok,,upstream-0.0.12,{}
361251,grid_stability,openml_task,ctr23,regression,nofe,2,1200,8000,2000,12,12,0,0.007987283602096058,rmse,False,0.007987283602096058,-0.0,0.005172252655029297,0.00022101402282714844,9.308435440063477,359.29296875,1251,ok,,1.0.0,{}
361251,grid_stability,openml_task,ctr23,regression,nofe,0,1200,8000,2000,12,12,0,0.007837361032445268,rmse,False,0.007837361032445268,-0.0,0.010709524154663086,0.0006020069122314453,79.31227564811707,362.7890625,1403,ok,,1.0.0,{}
361257,diamonds,openml_task,ctr23,regression,autofeat,4,1200,43152,10788,9,50,41,523.7126228384654,rmse,False,517.3750444993256,-0.012249485951284913,81.04257106781006,0.11061477661132812,160.23999786376953,726.19921875,301,ok,,upstream-2.1.x,{}
361266,kings_county,openml_task,ctr23,regression,featuretools,0,1200,,,,,,,,,,,,,1380,,,timeout,wall-clock exceeded 1380s,,
361266,kings_county,openml_task,ctr23,regression,tabularaml,0,1200,,,,,,,,,,,,,1380,,,timeout,wall-clock exceeded 1380s,,
361251,grid_stability,openml_task,ctr23,regression,nofe,3,1200,8000,2000,12,12,0,0.007679895984267411,rmse,False,0.007679895984267411,-0.0,0.004247426986694336,0.0003695487976074219,9.98069953918457,362.14453125,1615,ok,,1.0.0,{}
361251,grid_stability,openml_task,ctr23,regression,autofeat,0,1200,8000,2000,12,83,71,0.006798909295995146,rmse,False,0.007837361032445268,0.13250017858704205,102.00543665885925,0.11507773399353027,160.34222269058228,801.55859375,1095,ok,,upstream-2.1.x,{}
361266,kings_county,openml_task,ctr23,regression,tabularaml,2,1200,17290,4323,21,21,0,122831.51253594612,rmse,False,122831.51253594612,-0.0,1177.0809965133667,0.008640289306640625,1199.3279600143433,904.19921875,346,ok,,0.2.0,"{""mode"": ""medium"", ""elapsed_time"": 1172.0832850933075, ""n_init_feats"": 21, ""n_added_feats"": 0, ""initial_metric"": null, ""final_metric"": 127595.33911940898, ""pct_gain"": 0.0}"
361261,cps88wages,openml_task,ctr23,regression,tabularaml,1,1200,22524,5631,6,10,4,398.06186946606846,rmse,False,398.3818333491238,0.0008031588196817218,682.6115024089813,0.05831575393676758,730.17382645607,373.5078125,40,ok,,0.2.0,"{""mode"": ""medium"", ""elapsed_time"": 678.3284132480621, ""n_init_feats"": 6, ""n_added_feats"": 4, ""initial_metric"": null, ""final_metric"": 379.83953495688945, ""pct_gain"": 0.0}"
361261,cps88wages,openml_task,ctr23,regression,featuretools,1,1200,22524,5631,6,27,21,397.3628582517247,rmse,False,398.3818333491238,0.002557785049666467,1.085028886795044,0.24385499954223633,744.1010019779205,370.80078125,48,ok,,upstream-1.x,{}
361266,kings_county,openml_task,ctr23,regression,openfe,1,1200,,,,,,,,,,,,,1380,,,timeout,wall-clock exceeded 1380s,,
361251,grid_stability,openml_task,ctr23,regression,nofe,4,1200,8000,2000,12,12,0,0.00755340769870817,rmse,False,0.00755340769870817,-0.0,0.010042905807495117,0.00032782554626464844,13.886045694351196,362.7421875,1379,ok,,1.0.0,{}
361266,kings_county,openml_task,ctr23,regression,tabularaml,1,1200,17290,4323,21,22,1,165988.66694832064,rmse,False,167896.92699369488,0.011365663919780443,1310.44300365448,0.024661779403686523,1315.510153055191,905.6640625,313,ok,,0.2.0,"{""mode"": ""medium"", ""elapsed_time"": 1305.261116027832, ""n_init_feats"": 21, ""n_added_feats"": 1, ""initial_metric"": null, ""final_metric"": 118028.88042282322, ""pct_gain"": 0.0}"
361242,superconductivity,openml_task,ctr23,regression,nofe,2,1200,17010,4253,81,81,0,9.199367035220108,rmse,False,9.199367035220108,-0.0,0.04331183433532715,0.00526118278503418,1066.6504263877869,474.42578125,690,ok,,1.0.0,{}
361242,superconductivity,openml_task,ctr23,regression,tabularaml,3,1200,17010,4253,81,87,6,9.147180145098094,rmse,False,9.144032004297907,-0.00034428365940837634,929.9249258041382,0.029469728469848633,951.1995024681091,562.06640625,906,ok,,0.2.0,"{""mode"": ""medium"", ""elapsed_time"": 913.3442809581757, ""n_init_feats"": 81, ""n_added_feats"": 6, ""initial_metric"": null, ""final_metric"": 10.47507714476971, ""pct_gain"": 8.829662797077089e-05}"
361251,grid_stability,openml_task,ctr23,regression,openfe,2,1200,8000,2000,12,348,336,0.0068798819410481726,rmse,False,0.007987283602096058,0.13864559169493826,42.7244975566864,2.2807960510253906,174.36016368865967,498.3359375,949,ok,,upstream-0.0.12,{}
361251,grid_stability,openml_task,ctr23,regression,autofeat,1,1200,8000,2000,12,121,109,0.00678848622064319,rmse,False,0.00771352530195451,0.11992429467715966,148.89540600776672,0.17125248908996582,189.93740463256836,753.59765625,1058,ok,,upstream-2.1.x,{}
361251,grid_stability,openml_task,ctr23,regression,featuretools,1,1200,8000,2000,12,574,562,0.007000774024572536,rmse,False,0.00771352530195451,0.09240279243024864,1.4037120342254639,1.6377761363983154,193.03492546081543,532.7578125,823,ok,,upstream-1.x,{}
361241,physiochemical_protein,openml_task,ctr23,regression,autofeat,0,1200,36584,9146,9,56,47,3.337445585667001,rmse,False,,,76.77367901802063,0.11964011192321777,739.0990464687347,731.234375,1987,ok,,upstream-2.1.x,{}
361251,grid_stability,openml_task,ctr23,regression,featuretools,4,1200,8000,2000,12,574,562,0.007089222185054161,rmse,False,0.00755340769870817,0.06145378776964425,1.8074095249176025,1.695361852645874,128.62866139411926,532.65625,1006,ok,,upstream-1.x,{}
361242,superconductivity,openml_task,ctr23,regression,tabularaml,4,1200,17010,4253,81,93,12,10.032694279492206,rmse,False,10.01397844992568,-0.0018689704257017705,965.6006019115448,0.02767777442932129,986.5426576137543,597.2734375,925,ok,,0.2.0,"{""mode"": ""medium"", ""elapsed_time"": 929.1478691101074, ""n_init_feats"": 81, ""n_added_feats"": 12, ""initial_metric"": null, ""final_metric"": 10.311011100605155, ""pct_gain"": -0.0038786491362052555}"
361257,diamonds,openml_task,ctr23,regression,openfe,2,1200,43152,10788,9,145,136,525.3737789115073,rmse,False,528.9445786773712,0.006750801331195525,33.52508497238159,6.741410970687866,448.8489589691162,606.76953125,126,ok,,upstream-0.0.12,{}
361251,grid_stability,openml_task,ctr23,regression,openfe,1,1200,8000,2000,12,353,341,0.006473132477140839,rmse,False,0.00771352530195451,0.16080751358906809,33.6951322555542,2.528031349182129,283.8184747695923,503.07421875,934,ok,,upstream-0.0.12,{}
361261,cps88wages,openml_task,ctr23,regression,tabularaml,0,1200,22524,5631,6,9,3,408.8297381265898,rmse,False,409.0199906674077,0.0004651424017379706,469.0386562347412,0.02895522117614746,962.0390937328339,401.31640625,50,ok,,0.2.0,"{""mode"": ""medium"", ""elapsed_time"": 466.1387104988098, ""n_init_feats"": 6, ""n_added_feats"": 3, ""initial_metric"": null, ""final_metric"": 380.49886810770886, ""pct_gain"": -0.0007335325832060824}"
361251,grid_stability,openml_task,ctr23,regression,featuretools,0,1200,8000,2000,12,574,562,0.007074164091749287,rmse,False,0.007837361032445268,0.09737932673210825,1.5835330486297607,1.4079546928405762,355.410617351532,532.26171875,981,ok,,upstream-1.x,{}
361251,grid_stability,openml_task,ctr23,regression,tabularaml,3,1200,8000,2000,12,24,12,0.007068144768275651,rmse,False,0.007679895984267411,0.07965618508961031,185.20855355262756,0.02787327766418457,200.22302293777466,394.7734375,1232,ok,,0.2.0,"{""mode"": ""medium"", ""elapsed_time"": 181.02062797546387, ""n_init_feats"": 12, ""n_added_feats"": 12, ""initial_metric"": null, ""final_metric"": 0.008420692454816737, ""pct_gain"": 0.05973386710093919}"
361253,wave_energy,openml_task,ctr23,regression,nofe,1,1200,57600,14400,48,48,0,11909.372490582831,rmse,False,11909.372490582831,-0.0,0.039134979248046875,0.009183168411254883,96.86526584625244,646.6328125,1999,ok,,1.0.0,{}
361251,grid_stability,openml_task,ctr23,regression,featuretools,3,1200,8000,2000,12,574,562,0.007171889980804959,rmse,False,0.007679895984267411,0.0661475109172212,2.0719785690307617,1.7686340808868408,222.27329683303833,474.0703125,1048,ok,,upstream-1.x,{}
361251,grid_stability,openml_task,ctr23,regression,autofeat,4,1200,8000,2000,12,112,100,0.006815829065962747,rmse,False,0.00755340769870817,0.09764846042555973,144.36882901191711,0.1612534523010254,210.255051612854,738.0859375,1109,ok,,upstream-2.1.x,{}
361253,wave_energy,openml_task,ctr23,regression,nofe,2,1200,57600,14400,48,48,0,11950.97362594563,rmse,False,11950.97362594563,-0.0,0.027025938034057617,0.0029506683349609375,50.754517555236816,644.4765625,1999,ok,,1.0.0,{}
361266,kings_county,openml_task,ctr23,regression,tabularaml,3,1200,,,,,,,,,,,,,1380,,,timeout,wall-clock exceeded 1380s,,
361253,wave_energy,openml_task,ctr23,regression,nofe,3,1200,57600,14400,48,48,0,11739.942883019998,rmse,False,11739.942883019998,-0.0,0.02306985855102539,0.003559589385986328,50.64446973800659,644.77734375,1999,ok,,1.0.0,{}
361266,kings_county,openml_task,ctr23,regression,openfe,4,1200,,,,,,,,,,,,,1380,,,timeout,wall-clock exceeded 1380s,,
361266,kings_county,openml_task,ctr23,regression,tabularaml,4,1200,,,,,,,,,,,,,1380,,,timeout,wall-clock exceeded 1380s,,
361242,superconductivity,openml_task,ctr23,regression,nofe,0,1200,,,,,,,,,,,,,1380,,,timeout,wall-clock exceeded 1380s,,
361242,superconductivity,openml_task,ctr23,regression,openfe,0,1200,,,,,,,,,,,,,1380,,,timeout,wall-clock exceeded 1380s,,
361242,superconductivity,openml_task,ctr23,regression,autofeat,0,1200,,,,,,,,,,,,,1380,,,timeout,wall-clock exceeded 1380s,,
361242,superconductivity,openml_task,ctr23,regression,featuretools,0,1200,,,,,,,,,,,,,1380,,,timeout,wall-clock exceeded 1380s,,
361251,grid_stability,openml_task,ctr23,regression,autofeat,3,1200,8000,2000,12,115,103,0.006975966017568678,rmse,False,0.007679895984267411,0.0916587891477648,115.7008945941925,0.1660773754119873,344.80146169662476,745.3515625,1089,ok,,upstream-2.1.x,{}
361242,superconductivity,openml_task,ctr23,regression,nofe,1,1200,,,,,,,,,,,,,1380,,,timeout,wall-clock exceeded 1380s,,
361251,grid_stability,openml_task,ctr23,regression,tabularaml,4,1200,8000,2000,12,26,14,0.0070131015618858485,rmse,False,0.00755340769870817,0.07153144095673905,275.46524477005005,0.02734684944152832,292.12436151504517,404.1953125,1268,ok,,0.2.0,"{""mode"": ""medium"", ""elapsed_time"": 272.7710745334625, ""n_init_feats"": 12, ""n_added_feats"": 14, ""initial_metric"": null, ""final_metric"": 0.008353262195075178, ""pct_gain"": 0.07987009423398742}"
361242,superconductivity,openml_task,ctr23,regression,autofeat,1,1200,,,,,,,,,,,,,1380,,,timeout,wall-clock exceeded 1380s,,
361242,superconductivity,openml_task,ctr23,regression,openfe,1,1200,,,,,,,,,,,,,1380,,,timeout,wall-clock exceeded 1380s,,
361242,superconductivity,openml_task,ctr23,regression,featuretools,1,1200,,,,,,,,,,,,,1380,,,timeout,wall-clock exceeded 1380s,,
361252,video_transcoding,openml_task,ctr23,regression,nofe,1,1200,55027,13757,18,18,0,1.701482189127451,rmse,False,1.701482189127451,-0.0,0.015476465225219727,0.0021889209747314453,9.851030588150024,442.3671875,1099,ok,,1.0.0,{}
361242,superconductivity,openml_task,ctr23,regression,openfe,2,1200,,,,,,,,,,,,,1380,,,timeout,wall-clock exceeded 1380s,,
361242,superconductivity,openml_task,ctr23,regression,autofeat,2,1200,,,,,,,,,,,,,1380,,,timeout,wall-clock exceeded 1380s,,
361242,superconductivity,openml_task,ctr23,regression,featuretools,2,1200,,,,,,,,,,,,,1380,,,timeout,wall-clock exceeded 1380s,,
361242,superconductivity,openml_task,ctr23,regression,tabularaml,2,1200,,,,,,,,,,,,,1380,,,timeout,wall-clock exceeded 1380s,,
361252,video_transcoding,openml_task,ctr23,regression,nofe,2,1200,55027,13757,18,18,0,1.58650617984387,rmse,False,1.58650617984387,-0.0,0.020246505737304688,0.0024454593658447266,27.221028566360474,447.3671875,1270,ok,,1.0.0,{}
361253,wave_energy,openml_task,ctr23,regression,nofe,4,1200,57600,14400,48,48,0,12081.906952604944,rmse,False,12081.906952604944,-0.0,0.05614280700683594,0.007699728012084961,115.22554540634155,645.453125,1999,ok,,1.0.0,{}
361251,grid_stability,openml_task,ctr23,regression,tabularaml,0,1200,8000,2000,12,26,14,0.007424519690038635,rmse,False,0.007837361032445268,0.05267606541252139,550.9594728946686,0.021487712860107422,562.9640395641327,434.92578125,1180,ok,,0.2.0,"{""mode"": ""medium"", ""elapsed_time"": 548.4520149230957, ""n_init_feats"": 12, ""n_added_feats"": 14, ""initial_metric"": null, ""final_metric"": 0.008717426735712604, ""pct_gain"": 0.03861143871172124}"
361251,grid_stability,openml_task,ctr23,regression,openfe,4,1200,8000,2000,12,350,338,0.006561426525532667,rmse,False,0.00755340769870817,0.13132895942385814,32.70201754570007,2.884490489959717,431.2513494491577,500.34765625,897,ok,,upstream-0.0.12,{}
361242,superconductivity,openml_task,ctr23,regression,openfe,3,1200,,,,,,,,,,,,,1380,,,timeout,wall-clock exceeded 1380s,,
361242,superconductivity,openml_task,ctr23,regression,autofeat,3,1200,,,,,,,,,,,,,1380,,,timeout,wall-clock exceeded 1380s,,
361252,video_transcoding,openml_task,ctr23,regression,nofe,3,1200,55027,13757,18,18,0,1.7275837937618723,rmse,False,1.7275837937618723,-0.0,0.020537376403808594,0.002145051956176758,13.826323509216309,444.87890625,1062,ok,,1.0.0,{}
361242,superconductivity,openml_task,ctr23,regression,featuretools,3,1200,,,,,,,,,,,,,1380,,,timeout,wall-clock exceeded 1380s,,
361242,superconductivity,openml_task,ctr23,regression,openfe,4,1200,,,,,,,,,,,,,1380,,,timeout,wall-clock exceeded 1380s,,
361242,superconductivity,openml_task,ctr23,regression,autofeat,4,1200,,,,,,,,,,,,,1380,,,timeout,wall-clock exceeded 1380s,,
361242,superconductivity,openml_task,ctr23,regression,featuretools,4,1200,,,,,,,,,,,,,1380,,,timeout,wall-clock exceeded 1380s,,
361252,video_transcoding,openml_task,ctr23,regression,nofe,4,1200,55027,13757,18,18,0,1.6227642585065682,rmse,False,1.6227642585065682,-0.0,0.017018556594848633,0.001804351806640625,12.486747741699219,440.23046875,1039,ok,,1.0.0,{}
361261,cps88wages,openml_task,ctr23,regression,openfe,1,1200,,,,,,,,,,,,,1380,,,timeout,wall-clock exceeded 1380s,,
361261,cps88wages,openml_task,ctr23,regression,openfe,2,1200,,,,,,,,,,,,,1380,,,timeout,wall-clock exceeded 1380s,,
361261,cps88wages,openml_task,ctr23,regression,autofeat,2,1200,,,,,,,,,,,,,1380,,,timeout,wall-clock exceeded 1380s,,
361261,cps88wages,openml_task,ctr23,regression,featuretools,2,1200,,,,,,,,,,,,,1380,,,timeout,wall-clock exceeded 1380s,,
361261,cps88wages,openml_task,ctr23,regression,tabularaml,2,1200,,,,,,,,,,,,,1380,,,timeout,wall-clock exceeded 1380s,,
361261,cps88wages,openml_task,ctr23,regression,featuretools,3,1200,,,,,,,,,,,,,1380,,,timeout,wall-clock exceeded 1380s,,
361261,cps88wages,openml_task,ctr23,regression,tabularaml,3,1200,,,,,,,,,,,,,1380,,,timeout,wall-clock exceeded 1380s,,
361261,cps88wages,openml_task,ctr23,regression,nofe,4,1200,,,,,,,,,,,,,1380,,,timeout,wall-clock exceeded 1380s,,
361261,cps88wages,openml_task,ctr23,regression,openfe,4,1200,,,,,,,,,,,,,1380,,,timeout,wall-clock exceeded 1380s,,
361261,cps88wages,openml_task,ctr23,regression,featuretools,4,1200,,,,,,,,,,,,,1380,,,timeout,wall-clock exceeded 1380s,,
361261,cps88wages,openml_task,ctr23,regression,tabularaml,4,1200,,,,,,,,,,,,,1380,,,timeout,wall-clock exceeded 1380s,,
361241,physiochemical_protein,openml_task,ctr23,regression,nofe,0,1200,,,,,,,,,,,,,1380,,,timeout,wall-clock exceeded 1380s,,
361241,physiochemical_protein,openml_task,ctr23,regression,featuretools,0,1200,,,,,,,,,,,,,1380,,,timeout,wall-clock exceeded 1380s,,
361241,physiochemical_protein,openml_task,ctr23,regression,openfe,1,1200,,,,,,,,,,,,,1380,,,timeout,wall-clock exceeded 1380s,,
361241,physiochemical_protein,openml_task,ctr23,regression,tabularaml,1,1200,,,,,,,,,,,,,1380,,,timeout,wall-clock exceeded 1380s,,
361241,physiochemical_protein,openml_task,ctr23,regression,openfe,2,1200,,,,,,,,,,,,,1380,,,timeout,wall-clock exceeded 1380s,,
361241,physiochemical_protein,openml_task,ctr23,regression,autofeat,2,1200,,,,,,,,,,,,,1380,,,timeout,wall-clock exceeded 1380s,,
361252,video_transcoding,openml_task,ctr23,regression,autofeat,3,1200,55027,13757,18,114,96,0.814234652874782,rmse,False,1.7275837937618723,0.5286858699329666,336.0592043399811,0.2786083221435547,414.57453513145447,934.58984375,1999,ok,,upstream-2.1.x,{}
361252,video_transcoding,openml_task,ctr23,regression,autofeat,2,1200,55027,13757,18,106,88,0.8284009415536179,rmse,False,1.58650617984387,0.4778457518298846,347.97005891799927,0.2685883045196533,462.5042176246643,911.15234375,1999,ok,,upstream-2.1.x,{}
361252,video_transcoding,openml_task,ctr23,regression,autofeat,1,1200,55027,13757,18,110,92,1.0027816789066872,rmse,False,1.701482189127451,0.4106422710067093,242.6894702911377,0.23626995086669922,537.8399600982666,925.4375,1999,ok,,upstream-2.1.x,{}
361252,video_transcoding,openml_task,ctr23,regression,autofeat,4,1200,55027,13757,18,112,94,0.8882123964377809,rmse,False,1.6227642585065682,0.45265469597216557,245.94625306129456,0.2986717224121094,355.6711664199829,933.609375,1999,ok,,upstream-2.1.x,{}
361241,physiochemical_protein,openml_task,ctr23,regression,openfe,3,1200,,,,,,,,,,,,,1380,,,timeout,wall-clock exceeded 1380s,,
361253,wave_energy,openml_task,ctr23,regression,nofe,0,1200,57600,14400,48,48,0,11939.821098826298,rmse,False,11939.821098826298,-0.0,0.03626227378845215,0.00457000732421875,890.38192486763,650.37109375,1998,ok,,1.0.0,{}
361241,physiochemical_protein,openml_task,ctr23,regression,openfe,4,1200,,,,,,,,,,,,,1380,,,timeout,wall-clock exceeded 1380s,,
361252,video_transcoding,openml_task,ctr23,regression,tabularaml,4,1200,55027,13757,18,20,2,1.6082874801877878,rmse,False,1.6227642585065682,0.008921060617950425,305.1677613258362,0.029288053512573242,325.73227095603943,497.6875,1103,ok,,0.2.0,"{""mode"": ""medium"", ""elapsed_time"": 296.58146047592163, ""n_init_feats"": 18, ""n_added_feats"": 2, ""initial_metric"": null, ""final_metric"": 1.733683934941831, ""pct_gain"": 0.0}"
361241,physiochemical_protein,openml_task,ctr23,regression,featuretools,4,1200,,,,,,,,,,,,,1380,,,timeout,wall-clock exceeded 1380s,,
361252,video_transcoding,openml_task,ctr23,regression,featuretools,1,1200,55027,13757,18,1004,986,1.0865303020339647,rmse,False,1.701482189127451,0.361421289639737,5.691342115402222,2.9042470455169678,650.6029262542725,1944.5703125,1999,ok,,upstream-1.x,{}
361257,diamonds,openml_task,ctr23,regression,tabularaml,0,1200,,,,,,,,,,,,,1380,,,timeout,wall-clock exceeded 1380s,,
361257,diamonds,openml_task,ctr23,regression,tabularaml,1,1200,,,,,,,,,,,,,1380,,,timeout,wall-clock exceeded 1380s,,
361257,diamonds,openml_task,ctr23,regression,featuretools,2,1200,,,,,,,,,,,,,1380,,,timeout,wall-clock exceeded 1380s,,
361257,diamonds,openml_task,ctr23,regression,tabularaml,2,1200,,,,,,,,,,,,,1380,,,timeout,wall-clock exceeded 1380s,,
361253,wave_energy,openml_task,ctr23,regression,tabularaml,0,1200,57600,14400,48,63,15,11539.332748941182,rmse,False,11939.821098826298,0.03354224042138156,960.2992668151855,0.055512428283691406,1049.483302116394,758.609375,1999,ok,,0.2.0,"{""mode"": ""medium"", ""elapsed_time"": 914.483763217926, ""n_init_feats"": 48, ""n_added_feats"": 15, ""initial_metric"": null, ""final_metric"": 24872.873821054458, ""pct_gain"": 0.09613863208804774}"
361257,diamonds,openml_task,ctr23,regression,tabularaml,3,1200,,,,,,,,,,,,,1380,,,timeout,wall-clock exceeded 1380s,,
361253,wave_energy,openml_task,ctr23,regression,tabularaml,1,1200,57600,14400,48,57,9,11442.030457058305,rmse,False,11909.372490582831,0.03924153299378876,940.139155626297,0.03749728202819824,1000.1519157886505,759.05859375,1999,ok,,0.2.0,"{""mode"": ""medium"", ""elapsed_time"": 910.6403067111969, ""n_init_feats"": 48, ""n_added_feats"": 9, ""initial_metric"": null, ""final_metric"": 24663.359336717553, ""pct_gain"": 0.10459730488691935}"
361251,grid_stability,openml_task,ctr23,regression,autofeat,2,1200,8000,2000,12,91,79,0.007249353201963409,rmse,False,0.007987283602096058,0.0923881555850851,99.51958084106445,0.13651251792907715,1275.9136261940002,814.4453125,1447,ok,,upstream-2.1.x,{}
361257,diamonds,openml_task,ctr23,regression,tabularaml,4,1200,,,,,,,,,,,,,1380,,,timeout,wall-clock exceeded 1380s,,
361252,video_transcoding,openml_task,ctr23,regression,autofeat,0,1200,55027,13757,18,93,75,0.8115854514476781,rmse,False,,,335.037668466568,0.21355628967285156,857.4246370792389,874.1484375,1999,ok,,upstream-2.1.x,{}
361251,grid_stability,openml_task,ctr23,regression,openfe,0,1200,,,,,,,,,,,,,1380,,,timeout,wall-clock exceeded 1380s,,
361253,wave_energy,openml_task,ctr23,regression,tabularaml,2,1200,57600,14400,48,62,14,11352.634154405161,rmse,False,11950.97362594563,0.05006616952458753,942.7227530479431,0.04148292541503906,1030.6845076084137,797.64453125,1997,ok,,0.2.0,"{""mode"": ""medium"", ""elapsed_time"": 907.2940046787262, ""n_init_feats"": 48, ""n_added_feats"": 14, ""initial_metric"": null, ""final_metric"": 24850.10655608451, ""pct_gain"": 0.09883310713365591}"
361251,grid_stability,openml_task,ctr23,regression,tabularaml,1,1200,,,,,,,,,,,,,1380,,,timeout,wall-clock exceeded 1380s,,
361252,video_transcoding,openml_task,ctr23,regression,openfe,2,1200,55027,13757,18,670,652,1.56451130853656,rmse,False,1.58650617984387,0.013863716124619488,308.3500952720642,68.81937265396118,857.1584689617157,1513.12890625,1972,ok,,upstream-0.0.12,{}
361251,grid_stability,openml_task,ctr23,regression,featuretools,2,1200,,,,,,,,,,,,,1380,,,timeout,wall-clock exceeded 1380s,,
361252,video_transcoding,openml_task,ctr23,regression,featuretools,4,1200,55027,13757,18,1004,986,0.9310798404586983,rmse,False,1.6227642585065682,0.42623838578033996,5.429511070251465,3.178772449493408,657.406863451004,1944.78515625,1999,ok,,upstream-1.x,{}
361253,wave_energy,openml_task,ctr23,regression,tabularaml,4,1200,57600,14400,48,62,14,11400.015635710637,rmse,False,12081.906952604944,0.05643904721077881,937.5872411727905,0.041088104248046875,999.3027114868164,794.47265625,1999,ok,,0.2.0,"{""mode"": ""medium"", ""elapsed_time"": 905.6125979423523, ""n_init_feats"": 48, ""n_added_feats"": 14, ""initial_metric"": null, ""final_metric"": 24695.131792459375, ""pct_gain"": 0.10266803883661266}"
361251,grid_stability,openml_task,ctr23,regression,tabularaml,2,1200,,,,,,,,,,,,,1380,,,timeout,wall-clock exceeded 1380s,,
361251,grid_stability,openml_task,ctr23,regression,openfe,3,1200,,,,,,,,,,,,,1380,,,timeout,wall-clock exceeded 1380s,,
361252,video_transcoding,openml_task,ctr23,regression,openfe,4,1200,55027,13757,18,668,650,1.8122259984983125,rmse,False,1.6227642585065682,-0.11675247282442987,274.2397620677948,53.9637086391449,805.3745851516724,1392.40625,1999,ok,,upstream-0.0.12,{}
361253,wave_energy,openml_task,ctr23,regression,autofeat,0,1200,,,,,,,,,,,,,1380,,,timeout,wall-clock exceeded 1380s,,
361252,video_transcoding,openml_task,ctr23,regression,featuretools,3,1200,55027,13757,18,1003,985,0.8979147910555436,rmse,False,1.7275837937618723,0.48024819733906876,7.897897005081177,4.065502882003784,970.0352189540863,1941.03515625,1999,ok,,upstream-1.x,{}
361253,wave_energy,openml_task,ctr23,regression,openfe,0,1200,,,,,,,,,,,,,1380,,,timeout,wall-clock exceeded 1380s,,
361253,wave_energy,openml_task,ctr23,regression,featuretools,0,1200,,,,,,,,,,,,,1380,,,timeout,wall-clock exceeded 1380s,,
361253,wave_energy,openml_task,ctr23,regression,openfe,1,1200,,,,,,,,,,,,,1380,,,timeout,wall-clock exceeded 1380s,,
361253,wave_energy,openml_task,ctr23,regression,autofeat,1,1200,,,,,,,,,,,,,1380,,,timeout,wall-clock exceeded 1380s,,
361253,wave_energy,openml_task,ctr23,regression,featuretools,1,1200,,,,,,,,,,,,,1380,,,timeout,wall-clock exceeded 1380s,,
361253,wave_energy,openml_task,ctr23,regression,autofeat,2,1200,,,,,,,,,,,,,1380,,,timeout,wall-clock exceeded 1380s,,
361253,wave_energy,openml_task,ctr23,regression,openfe,2,1200,,,,,,,,,,,,,1380,,,timeout,wall-clock exceeded 1380s,,
361253,wave_energy,openml_task,ctr23,regression,featuretools,2,1200,,,,,,,,,,,,,1380,,,timeout,wall-clock exceeded 1380s,,
361253,wave_energy,openml_task,ctr23,regression,openfe,3,1200,,,,,,,,,,,,,1380,,,timeout,wall-clock exceeded 1380s,,
361253,wave_energy,openml_task,ctr23,regression,autofeat,3,1200,,,,,,,,,,,,,1380,,,timeout,wall-clock exceeded 1380s,,
361253,wave_energy,openml_task,ctr23,regression,tabularaml,3,1200,,,,,,,,,,,,,1380,,,timeout,wall-clock exceeded 1380s,,
361253,wave_energy,openml_task,ctr23,regression,featuretools,3,1200,,,,,,,,,,,,,1380,,,timeout,wall-clock exceeded 1380s,,
361253,wave_energy,openml_task,ctr23,regression,autofeat,4,1200,,,,,,,,,,,,,1380,,,timeout,wall-clock exceeded 1380s,,
361253,wave_energy,openml_task,ctr23,regression,openfe,4,1200,,,,,,,,,,,,,1380,,,timeout,wall-clock exceeded 1380s,,
361253,wave_energy,openml_task,ctr23,regression,featuretools,4,1200,,,,,,,,,,,,,1380,,,timeout,wall-clock exceeded 1380s,,
361252,video_transcoding,openml_task,ctr23,regression,nofe,0,1200,,,,,,,,,,,,,1380,,,timeout,wall-clock exceeded 1380s,,
361252,video_transcoding,openml_task,ctr23,regression,openfe,0,1200,,,,,,,,,,,,,1380,,,timeout,wall-clock exceeded 1380s,,
361252,video_transcoding,openml_task,ctr23,regression,tabularaml,0,1200,,,,,,,,,,,,,1380,,,timeout,wall-clock exceeded 1380s,,
361252,video_transcoding,openml_task,ctr23,regression,featuretools,0,1200,,,,,,,,,,,,,1380,,,timeout,wall-clock exceeded 1380s,,
361252,video_transcoding,openml_task,ctr23,regression,openfe,1,1200,,,,,,,,,,,,,1380,,,timeout,wall-clock exceeded 1380s,,
361252,video_transcoding,openml_task,ctr23,regression,tabularaml,1,1200,,,,,,,,,,,,,1380,,,timeout,wall-clock exceeded 1380s,,
361252,video_transcoding,openml_task,ctr23,regression,featuretools,2,1200,,,,,,,,,,,,,1380,,,timeout,wall-clock exceeded 1380s,,
361252,video_transcoding,openml_task,ctr23,regression,tabularaml,2,1200,,,,,,,,,,,,,1380,,,timeout,wall-clock exceeded 1380s,,
361252,video_transcoding,openml_task,ctr23,regression,openfe,3,1200,,,,,,,,,,,,,1380,,,timeout,wall-clock exceeded 1380s,,
361252,video_transcoding,openml_task,ctr23,regression,tabularaml,3,1200,,,,,,,,,,,,,1380,,,timeout,wall-clock exceeded 1380s,,
