dataset_id,dataset_name,dataset_source,suite,task,framework,seed,time_budget_s,n_train,n_test,n_features_before,n_features_after,n_added,score_holdout,scorer_name,scorer_greater_is_better,score_nofe_same_seed,pct_improvement,all_metrics_json,metric_gains_json,wall_time_fit,wall_time_transform,wall_time_total,peak_rss_mb,n_boost_rounds,status,error_msg,adapter_version,internal_log_json
37,diabetes,openml_task,amlb,classification,nofe,0,4500,614,154,8,8,0,0.850925925925926,binary_roc_auc,True,0.850925925925926,0.0,"{""accuracy"": 0.798701298649435, ""binary_crossentropy"": 0.4571434679356488, ""binary_roc_auc"": 0.850925925925926, ""f1"": 0.6804123660580296, ""precision"": 0.7674418602866414, ""recall"": 0.6111111109979424}","{""accuracy"": 0.0, ""binary_crossentropy"": -0.0, ""binary_roc_auc"": 0.0, ""f1"": 0.0, ""precision"": 0.0, ""recall"": 0.0}",0.0029175281524658203,6.175041198730469e-05,2.1836507320404053,329.484375,48,ok,,1.0.0,{}
15,breast-w,openml_task,amlb,classification,nofe,1,4500,559,140,9,9,0,0.9827898550724637,binary_roc_auc,True,0.9827898550724637,0.0,"{""accuracy"": 0.9428571427897958, ""binary_crossentropy"": 0.16271854208981884, ""binary_roc_auc"": 0.9827898550724637, ""f1"": 0.9183673417534362, ""precision"": 0.89999999982, ""recall"": 0.9374999998046875}","{""accuracy"": 0.0, ""binary_crossentropy"": -0.0, ""binary_roc_auc"": 0.0, ""f1"": 0.0, ""precision"": 0.0, ""recall"": 0.0}",0.0032906532287597656,9.846687316894531e-05,2.3968043327331543,326.546875,139,ok,,1.0.0,{}
31,credit-g,openml_task,amlb,classification,nofe,1,4500,800,200,20,20,0,0.8394047619047619,binary_roc_auc,True,0.8394047619047619,0.0,"{""accuracy"": 0.7999999999599999, ""binary_crossentropy"": 0.45345808025449513, ""binary_roc_auc"": 0.8394047619047619, ""f1"": 0.6078431322914264, ""precision"": 0.7380952379195012, ""recall"": 0.5166666665805556}","{""accuracy"": 0.0, ""binary_crossentropy"": -0.0, ""binary_roc_auc"": 0.0, ""f1"": 0.0, ""precision"": 0.0, ""recall"": 0.0}",0.004983663558959961,0.0001399517059326172,2.70076847076416,330.58984375,52,ok,,1.0.0,{}
31,credit-g,openml_task,amlb,classification,nofe,4,4500,800,200,20,20,0,0.7635714285714286,binary_roc_auc,True,0.7635714285714286,0.0,"{""accuracy"": 0.77499999996125, ""binary_crossentropy"": 0.5135552299395204, ""binary_roc_auc"": 0.7635714285714286, ""f1"": 0.4943820179674285, ""precision"": 0.7586206893935791, ""recall"": 0.3666666666055555}","{""accuracy"": 0.0, ""binary_crossentropy"": -0.0, ""binary_roc_auc"": 0.0, ""f1"": 0.0, ""precision"": 0.0, ""recall"": 0.0}",0.004129886627197266,0.0002396106719970703,2.3903887271881104,329.046875,36,ok,,1.0.0,{}
11,balance-scale,openml_task,amlb,multiclass,nofe,4,4500,500,125,4,4,0,0.39573998950826356,categorical_crossentropy,False,0.39573998950826356,-0.0,"{""accuracy"": 0.9039999999276801, ""categorical_crossentropy"": 0.39573998950826356, ""categorical_roc_auc"": 0.9037295295792794, ""f1"": 0.6044195421633126, ""precision"": 0.5894842353681585, ""recall"": 0.6204880015052748}","{""accuracy"": 0.0, ""categorical_crossentropy"": -0.0, ""categorical_roc_auc"": 0.0, ""f1"": 0.0, ""precision"": 0.0, ""recall"": 0.0}",0.005011081695556641,5.936622619628906e-05,2.2673375606536865,338.91796875,268,ok,,1.0.0,{}
29,credit-approval,openml_task,amlb,classification,nofe,1,4500,552,138,15,15,0,0.9358100915477966,binary_roc_auc,True,0.9358100915477966,0.0,"{""accuracy"": 0.8623188405172232, ""binary_crossentropy"": 0.31390044265899103, ""binary_roc_auc"": 0.9358100915477966, ""f1"": 0.8741721803166529, ""precision"": 0.8918918917713661, ""recall"": 0.8571428570315399}","{""accuracy"": 0.0, ""binary_crossentropy"": -0.0, ""binary_roc_auc"": 0.0, ""f1"": 0.0, ""precision"": 0.0, ""recall"": 0.0}",0.005814313888549805,0.00018715858459472656,2.1782844066619873,329.1484375,56,ok,,1.0.0,{}
3,kr-vs-kp,openml_task,amlb,classification,nofe,2,4500,2556,640,36,36,0,0.9998336660013307,binary_roc_auc,True,0.9998336660013307,0.0,"{""accuracy"": 0.9890624999845459, ""binary_crossentropy"": 0.02870656663063187, ""binary_roc_auc"": 0.9998336660013307, ""f1"": 0.9886914327716025, ""precision"": 0.9776357827163694, ""recall"": 0.9999999999673203}","{""accuracy"": 0.0, ""binary_crossentropy"": -0.0, ""binary_roc_auc"": 0.0, ""f1"": 0.0, ""precision"": 0.0, ""recall"": 0.0}",0.0042765140533447266,0.0002484321594238281,2.7649624347686768,335.02734375,415,ok,,1.0.0,{}
23,cmc,openml_task,amlb,multiclass,nofe,0,4500,1178,295,9,9,0,0.8809794494345532,categorical_crossentropy,False,0.8809794494345532,-0.0,"{""accuracy"": 0.7039548022360241, ""categorical_crossentropy"": 0.8809794494345532, ""categorical_roc_auc"": 0.758097056087833, ""f1"": 0.5132423953806885, ""precision"": 0.5257820291510392, ""recall"": 0.515633782483485}","{""accuracy"": 0.0, ""categorical_crossentropy"": -0.0, ""categorical_roc_auc"": 0.0, ""f1"": 0.0, ""precision"": 0.0, ""recall"": 0.0}",0.004111051559448242,0.00010561943054199219,2.247809648513794,333.5390625,92,ok,,1.0.0,{}
3,kr-vs-kp,openml_task,amlb,classification,nofe,3,4500,2556,640,36,36,0,0.9998140972956049,binary_roc_auc,True,0.9998140972956049,0.0,"{""accuracy"": 0.9968749999844239, ""binary_crossentropy"": 0.03108604906368555, ""binary_roc_auc"": 0.9998140972956049, ""f1"": 0.9967213064427843, ""precision"": 0.9999999999671052, ""recall"": 0.9934640522551156}","{""accuracy"": 0.0, ""binary_crossentropy"": -0.0, ""binary_roc_auc"": 0.0, ""f1"": 0.0, ""precision"": 0.0, ""recall"": 0.0}",0.0066945552825927734,0.0007162094116210938,2.785508394241333,331.109375,258,ok,,1.0.0,{}
18,mfeat-morphological,openml_task,amlb,multiclass,nofe,0,4500,1600,400,6,6,0,0.6976496631768532,categorical_crossentropy,False,0.6976496631768532,-0.0,"{""accuracy"": 0.9379999999765498, ""categorical_crossentropy"": 0.6976496631768532, ""categorical_roc_auc"": 0.9595138888888888, ""f1"": 0.6867819363965555, ""precision"": 0.686118048446247, ""recall"": 0.6899999998275}","{""accuracy"": 0.0, ""categorical_crossentropy"": -0.0, ""categorical_roc_auc"": 0.0, ""f1"": 0.0, ""precision"": 0.0, ""recall"": 0.0}",0.0034246444702148438,5.316734313964844e-05,2.6484599113464355,342.640625,115,ok,,1.0.0,{}
15,breast-w,openml_task,amlb,classification,nofe,4,4500,559,140,9,9,0,0.9875452898550725,binary_roc_auc,True,0.9875452898550725,0.0,"{""accuracy"": 0.9499999999321428, ""binary_crossentropy"": 0.1749248612478758, ""binary_roc_auc"": 0.9875452898550725, ""f1"": 0.9263157842792243, ""precision"": 0.9361702125667722, ""recall"": 0.9166666664756944}","{""accuracy"": 0.0, ""binary_crossentropy"": -0.0, ""binary_roc_auc"": 0.0, ""f1"": 0.0, ""precision"": 0.0, ""recall"": 0.0}",0.004334926605224609,6.723403930664062e-05,2.5542194843292236,329.30859375,583,ok,,1.0.0,{}
18,mfeat-morphological,openml_task,amlb,multiclass,nofe,4,4500,1600,400,6,6,0,0.653525417135097,categorical_crossentropy,False,0.653525417135097,-0.0,"{""accuracy"": 0.9444999999763874, ""categorical_crossentropy"": 0.653525417135097, ""categorical_roc_auc"": 0.9643402777777779, ""f1"": 0.7196984034361047, ""precision"": 0.7211572512288271, ""recall"": 0.722499999819375}","{""accuracy"": 0.0, ""categorical_crossentropy"": -0.0, ""categorical_roc_auc"": 0.0, ""f1"": 0.0, ""precision"": 0.0, ""recall"": 0.0}",0.006427288055419922,9.417533874511719e-05,2.890446186065674,342.328125,97,ok,,1.0.0,{}
23,cmc,openml_task,amlb,multiclass,nofe,1,4500,1178,295,9,9,0,0.9043596759564796,categorical_crossentropy,False,0.9043596759564796,-0.0,"{""accuracy"": 0.7039548022360241, ""categorical_crossentropy"": 0.9043596759564796, ""categorical_roc_auc"": 0.7344485126522632, ""f1"": 0.5218692903374896, ""precision"": 0.5272865534106302, ""recall"": 0.5212174421482053}","{""accuracy"": 0.0, ""categorical_crossentropy"": -0.0, ""categorical_roc_auc"": 0.0, ""f1"": 0.0, ""precision"": 0.0, ""recall"": 0.0}",0.004338502883911133,9.34600830078125e-05,3.1234374046325684,332.671875,101,ok,,1.0.0,{}
29,credit-approval,openml_task,amlb,classification,nofe,4,4500,552,138,15,15,0,0.9293165850542899,binary_roc_auc,True,0.9293165850542899,0.0,"{""accuracy"": 0.8333333332729468, ""binary_crossentropy"": 0.34591680983641604, ""binary_roc_auc"": 0.9293165850542899, ""f1"": 0.8516128981161292, ""precision"": 0.8461538460453649, ""recall"": 0.8571428570315399}","{""accuracy"": 0.0, ""binary_crossentropy"": -0.0, ""binary_roc_auc"": 0.0, ""f1"": 0.0, ""precision"": 0.0, ""recall"": 0.0}",0.00382232666015625,0.00011157989501953125,2.5001156330108643,330.99609375,157,ok,,1.0.0,{}
15,breast-w,openml_task,amlb,classification,nofe,3,4500,559,140,9,9,0,0.9791666666666666,binary_roc_auc,True,0.9791666666666666,0.0,"{""accuracy"": 0.935714285647449, ""binary_crossentropy"": 0.18369291051889636, ""binary_roc_auc"": 0.9791666666666666, ""f1"": 0.9108910839407902, ""precision"": 0.8679245281381275, ""recall"": 0.9583333331336805}","{""accuracy"": 0.0, ""binary_crossentropy"": -0.0, ""binary_roc_auc"": 0.0, ""f1"": 0.0, ""precision"": 0.0, ""recall"": 0.0}",0.005046844482421875,8.535385131835938e-05,2.6896305084228516,327.671875,90,ok,,1.0.0,{}
31,credit-g,openml_task,amlb,classification,nofe,2,4500,800,200,20,20,0,0.7966666666666666,binary_roc_auc,True,0.7966666666666666,0.0,"{""accuracy"": 0.7649999999617499, ""binary_crossentropy"": 0.49857142820954325, ""binary_roc_auc"": 0.7966666666666666, ""f1"": 0.48351647891800514, ""precision"": 0.7096774191259105, ""recall"": 0.3666666666055555}","{""accuracy"": 0.0, ""binary_crossentropy"": -0.0, ""binary_roc_auc"": 0.0, ""f1"": 0.0, ""precision"": 0.0, ""recall"": 0.0}",0.004244565963745117,0.0001499652862548828,2.95554780960083,330.79296875,38,ok,,1.0.0,{}
31,credit-g,openml_task,amlb,classification,nofe,0,4500,800,200,20,20,0,0.780952380952381,binary_roc_auc,True,0.780952380952381,0.0,"{""accuracy"": 0.7649999999617499, ""binary_crossentropy"": 0.5007967171864585, ""binary_roc_auc"": 0.780952380952381, ""f1"": 0.5052631531346261, ""precision"": 0.6857142855183673, ""recall"": 0.39999999993333335}","{""accuracy"": 0.0, ""binary_crossentropy"": -0.0, ""binary_roc_auc"": 0.0, ""f1"": 0.0, ""precision"": 0.0, ""recall"": 0.0}",0.0038192272186279297,0.00012183189392089844,2.854184150695801,330.359375,98,ok,,1.0.0,{}
11,balance-scale,openml_task,amlb,multiclass,nofe,3,4500,500,125,4,4,0,0.4134799052183085,categorical_crossentropy,False,0.4134799052183085,-0.0,"{""accuracy"": 0.8826666665960534, ""categorical_crossentropy"": 0.4134799052183085, ""categorical_roc_auc"": 0.9180552092605794, ""f1"": 0.6512434801118739, ""precision"": 0.6514202170579245, ""recall"": 0.6521677755927426}","{""accuracy"": 0.0, ""categorical_crossentropy"": -0.0, ""categorical_roc_auc"": 0.0, ""f1"": 0.0, ""precision"": 0.0, ""recall"": 0.0}",0.0022611618041992188,5.340576171875e-05,3.647099733352661,361.2578125,1486,ok,,1.0.0,{}
11,balance-scale,openml_task,amlb,multiclass,nofe,0,4500,500,125,4,4,0,0.4678161282035035,categorical_crossentropy,False,0.4678161282035035,-0.0,"{""accuracy"": 0.9039999999276801, ""categorical_crossentropy"": 0.4678161282035035, ""categorical_roc_auc"": 0.877755390514776, ""f1"": 0.6464111048820997, ""precision"": 0.6680372803963381, ""recall"": 0.6476709012512538}","{""accuracy"": 0.0, ""categorical_crossentropy"": -0.0, ""categorical_roc_auc"": 0.0, ""f1"": 0.0, ""precision"": 0.0, ""recall"": 0.0}",0.003206014633178711,4.506111145019531e-05,3.1048624515533447,339.58984375,377,ok,,1.0.0,{}
37,diabetes,openml_task,amlb,classification,nofe,1,4500,614,154,8,8,0,0.8296296296296296,binary_roc_auc,True,0.8296296296296296,0.0,"{""accuracy"": 0.7532467531978411, ""binary_crossentropy"": 0.4864241839205096, ""binary_roc_auc"": 0.8296296296296296, ""f1"": 0.6481481430281207, ""precision"": 0.6481481480281207, ""recall"": 0.6481481480281207}","{""accuracy"": 0.0, ""binary_crossentropy"": -0.0, ""binary_roc_auc"": 0.0, ""f1"": 0.0, ""precision"": 0.0, ""recall"": 0.0}",0.005676984786987305,6.079673767089844e-05,2.9849300384521484,331.796875,75,ok,,1.0.0,{}
15,breast-w,openml_task,amlb,classification,nofe,0,4500,559,140,9,9,0,0.9884510869565217,binary_roc_auc,True,0.9884510869565217,0.0,"{""accuracy"": 0.9571428570744898, ""binary_crossentropy"": 0.1265942708971644, ""binary_roc_auc"": 0.9884510869565217, ""f1"": 0.9387755050145774, ""precision"": 0.919999999816, ""recall"": 0.9583333331336805}","{""accuracy"": 0.0, ""binary_crossentropy"": -0.0, ""binary_roc_auc"": 0.0, ""f1"": 0.0, ""precision"": 0.0, ""recall"": 0.0}",0.004578590393066406,6.747245788574219e-05,2.8422691822052,325.60546875,128,ok,,1.0.0,{}
18,mfeat-morphological,openml_task,amlb,multiclass,nofe,3,4500,1600,400,6,6,0,0.6605907907895744,categorical_crossentropy,False,0.6605907907895744,-0.0,"{""accuracy"": 0.944999999976375, ""categorical_crossentropy"": 0.6605907907895744, ""categorical_roc_auc"": 0.9646736111111112, ""f1"": 0.7194007711838484, ""precision"": 0.7180628302348648, ""recall"": 0.72499999981875}","{""accuracy"": 0.0, ""categorical_crossentropy"": -0.0, ""categorical_roc_auc"": 0.0, ""f1"": 0.0, ""precision"": 0.0, ""recall"": 0.0}",0.006175994873046875,5.984306335449219e-05,3.534010410308838,341.734375,103,ok,,1.0.0,{}
11,balance-scale,openml_task,amlb,multiclass,nofe,1,4500,500,125,4,4,0,0.4437123607089743,categorical_crossentropy,False,0.4437123607089743,-0.0,"{""accuracy"": 0.8933333332618667, ""categorical_crossentropy"": 0.4437123607089743, ""categorical_roc_auc"": 0.8680790969362907, ""f1"": 0.5954279604171435, ""precision"": 0.5834029517265154, ""recall"": 0.6084896147359055}","{""accuracy"": 0.0, ""categorical_crossentropy"": -0.0, ""categorical_roc_auc"": 0.0, ""f1"": 0.0, ""precision"": 0.0, ""recall"": 0.0}",0.007239580154418945,6.723403930664062e-05,3.2139687538146973,335.58203125,147,ok,,1.0.0,{}
31,credit-g,openml_task,amlb,classification,nofe,3,4500,800,200,20,20,0,0.771547619047619,binary_roc_auc,True,0.771547619047619,0.0,"{""accuracy"": 0.75499999996225, ""binary_crossentropy"": 0.5091846006270498, ""binary_roc_auc"": 0.771547619047619, ""f1"": 0.524271839694599, ""precision"": 0.6279069765981612, ""recall"": 0.449999999925}","{""accuracy"": 0.0, ""binary_crossentropy"": -0.0, ""binary_roc_auc"": 0.0, ""f1"": 0.0, ""precision"": 0.0, ""recall"": 0.0}",0.009525299072265625,0.00024271011352539062,3.196078062057495,333.2265625,62,ok,,1.0.0,{}
15,breast-w,openml_task,amlb,classification,nofe,2,4500,559,140,9,9,0,0.996376811594203,binary_roc_auc,True,0.996376811594203,0.0,"{""accuracy"": 0.9714285713591836, ""binary_crossentropy"": 0.09637343035844553, ""binary_roc_auc"": 0.996376811594203, ""f1"": 0.9565217339319472, ""precision"": 0.9999999997727272, ""recall"": 0.9166666664756944}","{""accuracy"": 0.0, ""binary_crossentropy"": -0.0, ""binary_roc_auc"": 0.0, ""f1"": 0.0, ""precision"": 0.0, ""recall"": 0.0}",0.008642435073852539,0.0001430511474609375,2.9896411895751953,328.26171875,120,ok,,1.0.0,{}
23,cmc,openml_task,amlb,multiclass,nofe,2,4500,1178,295,9,9,0,0.9414597614589384,categorical_crossentropy,False,0.9414597614589384,-0.0,"{""accuracy"": 0.67909604517472, ""categorical_crossentropy"": 0.9414597614589384, ""categorical_roc_auc"": 0.7112249541653796, ""f1"": 0.5052543637037231, ""precision"": 0.5214458688825202, ""recall"": 0.5001904575570906}","{""accuracy"": 0.0, ""categorical_crossentropy"": -0.0, ""categorical_roc_auc"": 0.0, ""f1"": 0.0, ""precision"": 0.0, ""recall"": 0.0}",0.00859689712524414,0.0001609325408935547,3.303417682647705,332.81640625,45,ok,,1.0.0,{}
23,cmc,openml_task,amlb,multiclass,nofe,3,4500,1178,295,9,9,0,0.8928795556522022,categorical_crossentropy,False,0.8928795556522022,-0.0,"{""accuracy"": 0.7016949152304509, ""categorical_crossentropy"": 0.8928795556522022, ""categorical_roc_auc"": 0.7509753585217943, ""f1"": 0.5179183085723806, ""precision"": 0.5311829429111968, ""recall"": 0.5157615284399082}","{""accuracy"": 0.0, ""categorical_crossentropy"": -0.0, ""categorical_roc_auc"": 0.0, ""f1"": 0.0, ""precision"": 0.0, ""recall"": 0.0}",0.0053310394287109375,0.0001995563507080078,3.562767505645752,329.01171875,81,ok,,1.0.0,{}
11,balance-scale,openml_task,amlb,multiclass,nofe,2,4500,500,125,4,4,0,0.4333264934743902,categorical_crossentropy,False,0.4333264934743902,-0.0,"{""accuracy"": 0.8879999999289602, ""categorical_crossentropy"": 0.4333264934743902, ""categorical_roc_auc"": 0.8895388162240984, ""f1"": 0.6299756693464217, ""precision"": 0.6302809514484938, ""recall"": 0.6304295219438817}","{""accuracy"": 0.0, ""categorical_crossentropy"": -0.0, ""categorical_roc_auc"": 0.0, ""f1"": 0.0, ""precision"": 0.0, ""recall"": 0.0}",0.003881692886352539,0.0003876686096191406,3.8255422115325928,340.515625,453,ok,,1.0.0,{}
29,credit-approval,openml_task,amlb,classification,nofe,3,4500,552,138,15,15,0,0.9618905684479454,binary_roc_auc,True,0.9618905684479454,0.0,"{""accuracy"": 0.8840579709504305, ""binary_crossentropy"": 0.25762298217286234, ""binary_roc_auc"": 0.9618905684479454, ""f1"": 0.8888888837895449, ""precision"": 0.9552238804544443, ""recall"": 0.8311688310608872}","{""accuracy"": 0.0, ""binary_crossentropy"": -0.0, ""binary_roc_auc"": 0.0, ""f1"": 0.0, ""precision"": 0.0, ""recall"": 0.0}",0.008647680282592773,0.00020074844360351562,3.659677743911743,327.765625,53,ok,,1.0.0,{}
23,cmc,openml_task,amlb,multiclass,nofe,4,4500,1178,295,9,9,0,0.9466350378626484,categorical_crossentropy,False,0.9466350378626484,-0.0,"{""accuracy"": 0.6858757061914392, ""categorical_crossentropy"": 0.9466350378626484, ""categorical_roc_auc"": 0.7047905983037946, ""f1"": 0.5017522064392109, ""precision"": 0.5157898863473266, ""recall"": 0.4988084785646718}","{""accuracy"": 0.0, ""categorical_crossentropy"": -0.0, ""categorical_roc_auc"": 0.0, ""f1"": 0.0, ""precision"": 0.0, ""recall"": 0.0}",0.006699562072753906,0.00021076202392578125,3.446702003479004,331.26171875,36,ok,,1.0.0,{}
3,kr-vs-kp,openml_task,amlb,classification,nofe,0,4500,2556,640,36,36,0,0.9999804312942742,binary_roc_auc,True,0.9999804312942742,0.0,"{""accuracy"": 0.9906249999845215, ""binary_crossentropy"": 0.022595040546588764, ""binary_roc_auc"": 0.9999804312942742, ""f1"": 0.9900990048688038, ""precision"": 0.9999999999666667, ""recall"": 0.9803921568307061}","{""accuracy"": 0.0, ""binary_crossentropy"": -0.0, ""binary_roc_auc"": 0.0, ""f1"": 0.0, ""precision"": 0.0, ""recall"": 0.0}",0.004347085952758789,0.0002758502960205078,3.5330820083618164,336.4921875,577,ok,,1.0.0,{}
18,mfeat-morphological,openml_task,amlb,multiclass,nofe,2,4500,1600,400,6,6,0,0.7227400178508833,categorical_crossentropy,False,0.7227400178508833,-0.0,"{""accuracy"": 0.938999999976525, ""categorical_crossentropy"": 0.7227400178508833, ""categorical_roc_auc"": 0.9587152777777778, ""f1"": 0.6938263877611546, ""precision"": 0.6951318179915111, ""recall"": 0.69499999982625}","{""accuracy"": 0.0, ""categorical_crossentropy"": -0.0, ""categorical_roc_auc"": 0.0, ""f1"": 0.0, ""precision"": 0.0, ""recall"": 0.0}",0.009981870651245117,0.00016546249389648438,3.4122531414031982,341.92578125,98,ok,,1.0.0,{}
3,kr-vs-kp,openml_task,amlb,classification,nofe,1,4500,2556,640,36,36,0,0.9979942076631052,binary_roc_auc,True,0.9979942076631052,0.0,"{""accuracy"": 0.9937499999844727, ""binary_crossentropy"": 0.036474215674602205, ""binary_roc_auc"": 0.9979942076631052, ""f1"": 0.9934426179183016, ""precision"": 0.9967105262830029, ""recall"": 0.9901960783990131}","{""accuracy"": 0.0, ""binary_crossentropy"": -0.0, ""binary_roc_auc"": 0.0, ""f1"": 0.0, ""precision"": 0.0, ""recall"": 0.0}",0.006479740142822266,0.0005297660827636719,3.7086312770843506,337.90625,889,ok,,1.0.0,{}
3,kr-vs-kp,openml_task,amlb,classification,nofe,4,4500,2556,640,36,36,0,0.9999217251770969,binary_roc_auc,True,0.9999217251770969,0.0,"{""accuracy"": 0.9953124999844483, ""binary_crossentropy"": 0.02190262126896414, ""binary_roc_auc"": 0.9999217251770969, ""f1"": 0.9951060308566168, ""precision"": 0.9934853419871829, ""recall"": 0.9967320261112179}","{""accuracy"": 0.0, ""binary_crossentropy"": -0.0, ""binary_roc_auc"": 0.0, ""f1"": 0.0, ""precision"": 0.0, ""recall"": 0.0}",0.0062351226806640625,0.000423431396484375,4.180556774139404,334.34375,374,ok,,1.0.0,{}
29,credit-approval,openml_task,amlb,classification,nofe,2,4500,552,138,15,15,0,0.9331488183947201,binary_roc_auc,True,0.9331488183947201,0.0,"{""accuracy"": 0.8695652173282923, ""binary_crossentropy"": 0.315853757041412, ""binary_roc_auc"": 0.9331488183947201, ""f1"": 0.8860759442581319, ""precision"": 0.8641975307575065, ""recall"": 0.9090909089728454}","{""accuracy"": 0.0, ""binary_crossentropy"": -0.0, ""binary_roc_auc"": 0.0, ""f1"": 0.0, ""precision"": 0.0, ""recall"": 0.0}",0.007627725601196289,0.00022482872009277344,4.8064398765563965,330.5,75,ok,,1.0.0,{}
18,mfeat-morphological,openml_task,amlb,multiclass,nofe,1,4500,1600,400,6,6,0,0.6236925547732972,categorical_crossentropy,False,0.6236925547732972,-0.0,"{""accuracy"": 0.9454999999763626, ""categorical_crossentropy"": 0.6236925547732972, ""categorical_roc_auc"": 0.9674444444444446, ""f1"": 0.7274548313969613, ""precision"": 0.729793707443199, ""recall"": 0.727499999818125}","{""accuracy"": 0.0, ""categorical_crossentropy"": -0.0, ""categorical_roc_auc"": 0.0, ""f1"": 0.0, ""precision"": 0.0, ""recall"": 0.0}",0.006491899490356445,0.00014066696166992188,4.875049114227295,342.03125,111,ok,,1.0.0,{}
29,credit-approval,openml_task,amlb,classification,nofe,0,4500,552,138,15,15,0,0.9763678944006813,binary_roc_auc,True,0.9763678944006813,0.0,"{""accuracy"": 0.9202898550057761, ""binary_crossentropy"": 0.23255187949246686, ""binary_roc_auc"": 0.9763678944006813, ""f1"": 0.9281045700422915, ""precision"": 0.9342105261928672, ""recall"": 0.9220779219581717}","{""accuracy"": 0.0, ""binary_crossentropy"": -0.0, ""binary_roc_auc"": 0.0, ""f1"": 0.0, ""precision"": 0.0, ""recall"": 0.0}",0.009338140487670898,0.00026869773864746094,4.561769962310791,331.75390625,82,ok,,1.0.0,{}
45,splice,openml_task,amlb,multiclass,nofe,2,4500,2552,638,60,60,0,0.09940670710805144,categorical_crossentropy,False,0.09940670710805144,-0.0,"{""accuracy"": 0.974921630078763, ""categorical_crossentropy"": 0.09940670710805144, ""categorical_roc_auc"": 0.9966382304235282, ""f1"": 0.9581766749963802, ""precision"": 0.9561695573733534, ""recall"": 0.9606848994997531}","{""accuracy"": 0.0, ""categorical_crossentropy"": -0.0, ""categorical_roc_auc"": 0.0, ""f1"": 0.0, ""precision"": 0.0, ""recall"": 0.0}",0.004809141159057617,0.00041675567626953125,10.250802278518677,342.59375,203,ok,,1.0.0,{}
45,splice,openml_task,amlb,multiclass,nofe,0,4500,2552,638,60,60,0,0.10816713469855664,categorical_crossentropy,False,0.10816713469855664,-0.0,"{""accuracy"": 0.9801462904757553, ""categorical_crossentropy"": 0.10816713469855664, ""categorical_roc_auc"": 0.9954917303675388, ""f1"": 0.9665405304540123, ""precision"": 0.9629419259716014, ""recall"": 0.9704065457944622}","{""accuracy"": 0.0, ""categorical_crossentropy"": -0.0, ""categorical_roc_auc"": 0.0, ""f1"": 0.0, ""precision"": 0.0, ""recall"": 0.0}",0.007572650909423828,0.0006022453308105469,10.690383434295654,342.44921875,210,ok,,1.0.0,{}
43,spambase,openml_task,amlb,classification,nofe,2,4500,3680,921,57,57,0,0.989247311827957,binary_roc_auc,True,0.989247311827957,0.0,"{""accuracy"": 0.9500542888061884, ""binary_crossentropy"": 0.12703836472897587, ""binary_roc_auc"": 0.989247311827957, ""f1"": 0.935754184918971, ""precision"": 0.9490084985566853, ""recall"": 0.9228650137486814}","{""accuracy"": 0.0, ""binary_crossentropy"": -0.0, ""binary_roc_auc"": 0.0, ""f1"": 0.0, ""precision"": 0.0, ""recall"": 0.0}",0.008648157119750977,0.0007450580596923828,10.849862337112427,362.046875,384,ok,,1.0.0,{}
43,spambase,openml_task,amlb,classification,nofe,3,4500,3680,921,57,57,0,0.9884327142391659,binary_roc_auc,True,0.9884327142391659,0.0,"{""accuracy"": 0.9554831704565094, ""binary_crossentropy"": 0.12634149143334475, ""binary_roc_auc"": 0.9884327142391659, ""f1"": 0.9434482708360524, ""precision"": 0.9447513811893715, ""recall"": 0.942148760304624}","{""accuracy"": 0.0, ""binary_crossentropy"": -0.0, ""binary_roc_auc"": 0.0, ""f1"": 0.0, ""precision"": 0.0, ""recall"": 0.0}",0.006673336029052734,0.0005753040313720703,10.804901123046875,357.84765625,294,ok,,1.0.0,{}
2079,eucalyptus,openml_task,amlb,multiclass,nofe,3,4500,588,148,19,19,0,0.8583534620953975,categorical_crossentropy,False,0.8583534620953975,-0.0,"{""accuracy"": 0.8567567566988679, ""categorical_crossentropy"": 0.8583534620953975, ""categorical_roc_auc"": 0.8939572659736467, ""f1"": 0.6028009539196799, ""precision"": 0.6276973316605938, ""recall"": 0.596839723381009}","{""accuracy"": 0.0, ""categorical_crossentropy"": -0.0, ""categorical_roc_auc"": 0.0, ""f1"": 0.0, ""precision"": 0.0, ""recall"": 0.0}",0.003606081008911133,0.00010132789611816406,8.922616004943848,337.3515625,85,ok,,1.0.0,{}
2079,eucalyptus,openml_task,amlb,multiclass,nofe,2,4500,588,148,19,19,0,0.8227185011964064,categorical_crossentropy,False,0.8227185011964064,-0.0,"{""accuracy"": 0.8756756756165084, ""categorical_crossentropy"": 0.8227185011964064, ""categorical_roc_auc"": 0.9108346920035014, ""f1"": 0.6650876928840217, ""precision"": 0.6847275844508952, ""recall"": 0.6553032236793953}","{""accuracy"": 0.0, ""categorical_crossentropy"": -0.0, ""categorical_roc_auc"": 0.0, ""f1"": 0.0, ""precision"": 0.0, ""recall"": 0.0}",0.003858327865600586,0.00011301040649414062,9.253708124160767,339.76171875,160,ok,,1.0.0,{}
2079,eucalyptus,openml_task,amlb,multiclass,nofe,1,4500,588,148,19,19,0,0.7940227711994855,categorical_crossentropy,False,0.7940227711994855,-0.0,"{""accuracy"": 0.8648648648064281, ""categorical_crossentropy"": 0.7940227711994855, ""categorical_roc_auc"": 0.9155880160822285, ""f1"": 0.6433995719509312, ""precision"": 0.650428215957103, ""recall"": 0.6404165599580396}","{""accuracy"": 0.0, ""categorical_crossentropy"": -0.0, ""categorical_roc_auc"": 0.0, ""f1"": 0.0, ""precision"": 0.0, ""recall"": 0.0}",0.0034325122833251953,9.584426879882812e-05,9.507528066635132,340.953125,140,ok,,1.0.0,{}
2074,satimage,openml_task,amlb,multiclass,nofe,3,4500,5144,1286,36,36,0,0.24077285877294066,categorical_crossentropy,False,0.24077285877294066,-0.0,"{""accuracy"": 0.9743390357622523, ""categorical_crossentropy"": 0.24077285877294066, ""categorical_roc_auc"": 0.9895329641407922, ""f1"": 0.9089954188838839, ""precision"": 0.9161915461460146, ""recall"": 0.9035677720842686}","{""accuracy"": 0.0, ""categorical_crossentropy"": -0.0, ""categorical_roc_auc"": 0.0, ""f1"": 0.0, ""precision"": 0.0, ""recall"": 0.0}",0.014694929122924805,0.0011646747589111328,10.972861766815186,365.4296875,217,ok,,1.0.0,{}
2074,satimage,openml_task,amlb,multiclass,nofe,2,4500,5144,1286,36,36,0,0.21526035040977823,categorical_crossentropy,False,0.21526035040977823,-0.0,"{""accuracy"": 0.9733022291266981, ""categorical_crossentropy"": 0.21526035040977823, ""categorical_roc_auc"": 0.9907614848282343, ""f1"": 0.9032941945768901, ""precision"": 0.9041233016268415, ""recall"": 0.9030065726924374}","{""accuracy"": 0.0, ""categorical_crossentropy"": -0.0, ""categorical_roc_auc"": 0.0, ""f1"": 0.0, ""precision"": 0.0, ""recall"": 0.0}",0.007681608200073242,0.0009217262268066406,11.361122131347656,362.49609375,202,ok,,1.0.0,{}
2074,satimage,openml_task,amlb,multiclass,nofe,4,4500,5144,1286,36,36,0,0.21780114247481794,categorical_crossentropy,False,0.21780114247481794,-0.0,"{""accuracy"": 0.9743390357622524, ""categorical_crossentropy"": 0.21780114247481794, ""categorical_roc_auc"": 0.9908452647728282, ""f1"": 0.9058756161173589, ""precision"": 0.9181564393872336, ""recall"": 0.8982534131169503}","{""accuracy"": 0.0, ""categorical_crossentropy"": -0.0, ""categorical_roc_auc"": 0.0, ""f1"": 0.0, ""precision"": 0.0, ""recall"": 0.0}",0.005188703536987305,0.00066375732421875,11.744526386260986,365.07421875,250,ok,,1.0.0,{}
2079,eucalyptus,openml_task,amlb,multiclass,nofe,4,4500,588,148,19,19,0,0.7734474340151694,categorical_crossentropy,False,0.7734474340151694,-0.0,"{""accuracy"": 0.8675675675089481, ""categorical_crossentropy"": 0.7734474340151694, ""categorical_roc_auc"": 0.9166561474928011, ""f1"": 0.6305694254227158, ""precision"": 0.6491572056217831, ""recall"": 0.6289898729607188}","{""accuracy"": 0.0, ""categorical_crossentropy"": -0.0, ""categorical_roc_auc"": 0.0, ""f1"": 0.0, ""precision"": 0.0, ""recall"": 0.0}",0.003856658935546875,9.417533874511719e-05,2.099860906600952,336.7890625,76,ok,,1.0.0,{}
3021,sick,openml_task,amlb,classification,nofe,0,4500,3017,755,27,27,0,0.9970258171337463,binary_roc_auc,True,0.9970258171337463,0.0,"{""accuracy"": 0.9827814569406254, ""binary_crossentropy"": 0.03666426456038126, ""binary_roc_auc"": 0.9970258171337463, ""f1"": 0.8539325790834491, ""precision"": 0.8837209300270417, ""recall"": 0.826086956342155}","{""accuracy"": 0.0, ""binary_crossentropy"": -0.0, ""binary_roc_auc"": 0.0, ""f1"": 0.0, ""precision"": 0.0, ""recall"": 0.0}",0.004075765609741211,0.00022554397583007812,2.0641164779663086,337.71875,354,ok,,1.0.0,{}
3021,sick,openml_task,amlb,classification,nofe,1,4500,3017,755,27,27,0,0.9905868645367022,binary_roc_auc,True,0.9905868645367022,0.0,"{""accuracy"": 0.9880794701855884, ""binary_crossentropy"": 0.04373494989812275, ""binary_roc_auc"": 0.9905868645367022, ""f1"": 0.8988763992980684, ""precision"": 0.9302325579232017, ""recall"": 0.8695652172022684}","{""accuracy"": 0.0, ""binary_crossentropy"": -0.0, ""binary_roc_auc"": 0.0, ""f1"": 0.0, ""precision"": 0.0, ""recall"": 0.0}",0.00374603271484375,0.0001919269561767578,2.0601208209991455,335.5625,131,ok,,1.0.0,{}
3021,sick,openml_task,amlb,classification,nofe,3,4500,3017,755,27,27,0,0.9941742809836267,binary_roc_auc,True,0.9941742809836267,0.0,"{""accuracy"": 0.9867549668743476, ""binary_crossentropy"": 0.043680976952899506, ""binary_roc_auc"": 0.9941742809836267, ""f1"": 0.8863636311725207, ""precision"": 0.9285714283503401, ""recall"": 0.8478260867722117}","{""accuracy"": 0.0, ""binary_crossentropy"": -0.0, ""binary_roc_auc"": 0.0, ""f1"": 0.0, ""precision"": 0.0, ""recall"": 0.0}",0.004781007766723633,0.00023436546325683594,1.8157639503479004,335.26953125,135,ok,,1.0.0,{}
3021,sick,openml_task,amlb,classification,nofe,2,4500,3017,755,27,27,0,0.9960139817256393,binary_roc_auc,True,0.9960139817256393,0.0,"{""accuracy"": 0.9867549668743476, ""binary_crossentropy"": 0.03194412622771947, ""binary_roc_auc"": 0.9960139817256393, ""f1"": 0.880952375787982, ""precision"": 0.9736842102700831, ""recall"": 0.8043478259120983}","{""accuracy"": 0.0, ""binary_crossentropy"": -0.0, ""binary_roc_auc"": 0.0, ""f1"": 0.0, ""precision"": 0.0, ""recall"": 0.0}",0.00425267219543457,0.00024890899658203125,1.9198179244995117,334.62109375,104,ok,,1.0.0,{}
32,pendigits,openml_task,amlb,multiclass,nofe,1,4500,8793,2199,16,16,0,0.0341939279514678,categorical_crossentropy,False,0.0341939279514678,-0.0,"{""accuracy"": 0.9979990904911414, ""categorical_crossentropy"": 0.0341939279514678, ""categorical_roc_auc"": 0.9998910878540755, ""f1"": 0.9901329643035369, ""precision"": 0.9901579678108506, ""recall"": 0.990167583227316}","{""accuracy"": 0.0, ""categorical_crossentropy"": -0.0, ""categorical_roc_auc"": 0.0, ""f1"": 0.0, ""precision"": 0.0, ""recall"": 0.0}",0.011029720306396484,0.00026226043701171875,21.130620002746582,368.73828125,340,ok,,1.0.0,{}
3021,sick,openml_task,amlb,classification,nofe,4,4500,3017,755,27,27,0,0.9946648678481634,binary_roc_auc,True,0.9946648678481634,0.0,"{""accuracy"": 0.9854304635631068, ""binary_crossentropy"": 0.04528639031641975, ""binary_roc_auc"": 0.9946648678481634, ""f1"": 0.8735632132065002, ""precision"": 0.926829268066627, ""recall"": 0.826086956342155}","{""accuracy"": 0.0, ""binary_crossentropy"": -0.0, ""binary_roc_auc"": 0.0, ""f1"": 0.0, ""precision"": 0.0, ""recall"": 0.0}",0.003562450408935547,0.00017523765563964844,1.7476162910461426,335.05859375,102,ok,,1.0.0,{}
14,mfeat-fourier,openml_task,amlb,multiclass,nofe,3,4500,1600,400,76,76,0,0.4736232697739615,categorical_crossentropy,False,0.4736232697739615,-0.0,"{""accuracy"": 0.9644999999758873, ""categorical_crossentropy"": 0.4736232697739615, ""categorical_roc_auc"": 0.9798819444444445, ""f1"": 0.822614715543826, ""precision"": 0.8254932163988341, ""recall"": 0.8224999997943749}","{""accuracy"": 0.0, ""categorical_crossentropy"": -0.0, ""categorical_roc_auc"": 0.0, ""f1"": 0.0, ""precision"": 0.0, ""recall"": 0.0}",0.010747194290161133,0.0004096031188964844,22.350677013397217,357.984375,211,ok,,1.0.0,{}
16,mfeat-karhunen,openml_task,amlb,multiclass,nofe,1,4500,1600,400,64,64,0,0.21528672963340795,categorical_crossentropy,False,0.21528672963340795,-0.0,"{""accuracy"": 0.9869999999753251, ""categorical_crossentropy"": 0.21528672963340795, ""categorical_roc_auc"": 0.9965833333333334, ""f1"": 0.9347481338471904, ""precision"": 0.9358960049583487, ""recall"": 0.93499999976625}","{""accuracy"": 0.0, ""categorical_crossentropy"": -0.0, ""categorical_roc_auc"": 0.0, ""f1"": 0.0, ""precision"": 0.0, ""recall"": 0.0}",0.005707263946533203,0.0003376007080078125,22.341166496276855,373.609375,554,ok,,1.0.0,{}
28,optdigits,openml_task,amlb,multiclass,nofe,4,4500,4496,1124,62,62,0,0.06767258376572868,categorical_crossentropy,False,0.06767258376572868,-0.0,"{""accuracy"": 0.9957295373576894, ""categorical_crossentropy"": 0.06767258376572868, ""categorical_roc_auc"": 0.9997028560317943, ""f1"": 0.9787206838464491, ""precision"": 0.9789315610928508, ""recall"": 0.9787115592165752}","{""accuracy"": 0.0, ""categorical_crossentropy"": -0.0, ""categorical_roc_auc"": 0.0, ""f1"": 0.0, ""precision"": 0.0, ""recall"": 0.0}",0.006081104278564453,0.0006937980651855469,22.559284210205078,393.9921875,511,ok,,1.0.0,{}
37,diabetes,openml_task,amlb,classification,nofe,3,4500,614,154,8,8,0,0.8099999999999999,binary_roc_auc,True,0.8099999999999999,0.0,"{""accuracy"": 0.7532467531978411, ""binary_crossentropy"": 0.5026635957954378, ""binary_roc_auc"": 0.8099999999999999, ""f1"": 0.6041666616189236, ""precision"": 0.6904761903117914, ""recall"": 0.5370370369375858}","{""accuracy"": 0.0, ""binary_crossentropy"": -0.0, ""binary_roc_auc"": 0.0, ""f1"": 0.0, ""precision"": 0.0, ""recall"": 0.0}",0.006560802459716797,6.389617919921875e-05,17.129452228546143,333.8671875,40,ok,,1.0.0,{}
12,mfeat-factors,openml_task,amlb,multiclass,nofe,2,4500,1600,400,216,216,0,0.20157226774732406,categorical_crossentropy,False,0.20157226774732406,-0.0,"{""accuracy"": 0.9879999999753, ""categorical_crossentropy"": 0.20157226774732406, ""categorical_roc_auc"": 0.9959166666666667, ""f1"": 0.9406208030910935, ""precision"": 0.9432078023364465, ""recall"": 0.9399999997649997}","{""accuracy"": 0.0, ""categorical_crossentropy"": -0.0, ""categorical_roc_auc"": 0.0, ""f1"": 0.0, ""precision"": 0.0, ""recall"": 0.0}",0.006916522979736328,0.0010485649108886719,22.35530948638916,390.5859375,765,ok,,1.0.0,{}
12,mfeat-factors,openml_task,amlb,multiclass,nofe,4,4500,1600,400,216,216,0,0.1072641835018294,categorical_crossentropy,False,0.1072641835018294,-0.0,"{""accuracy"": 0.9949999999751251, ""categorical_crossentropy"": 0.1072641835018294, ""categorical_roc_auc"": 0.9986458333333333, ""f1"": 0.9749291265117966, ""precision"": 0.9753569192590789, ""recall"": 0.9749999997562501}","{""accuracy"": 0.0, ""categorical_crossentropy"": -0.0, ""categorical_roc_auc"": 0.0, ""f1"": 0.0, ""precision"": 0.0, ""recall"": 0.0}",0.004773855209350586,0.0005559921264648438,23.066627979278564,372.609375,460,ok,,1.0.0,{}
28,optdigits,openml_task,amlb,multiclass,nofe,2,4500,4496,1124,62,62,0,0.06739968229105452,categorical_crossentropy,False,0.06739968229105452,-0.0,"{""accuracy"": 0.9962633451868662, ""categorical_crossentropy"": 0.06739968229105452, ""categorical_roc_auc"": 0.9996874435418238, ""f1"": 0.9813918742194389, ""precision"": 0.9816085815223392, ""recall"": 0.9813116674755171}","{""accuracy"": 0.0, ""categorical_crossentropy"": -0.0, ""categorical_roc_auc"": 0.0, ""f1"": 0.0, ""precision"": 0.0, ""recall"": 0.0}",0.006646871566772461,0.0004909038543701172,23.014713287353516,433.14453125,1386,ok,,1.0.0,{}
16,mfeat-karhunen,openml_task,amlb,multiclass,nofe,3,4500,1600,400,64,64,0,0.15422228242616257,categorical_crossentropy,False,0.15422228242616257,-0.0,"{""accuracy"": 0.9924999999751873, ""categorical_crossentropy"": 0.15422228242616257, ""categorical_roc_auc"": 0.9983194444444443, ""f1"": 0.9627007548331725, ""precision"": 0.9636003812261318, ""recall"": 0.9624999997593748}","{""accuracy"": 0.0, ""categorical_crossentropy"": -0.0, ""categorical_roc_auc"": 0.0, ""f1"": 0.0, ""precision"": 0.0, ""recall"": 0.0}",0.004667997360229492,0.0004012584686279297,23.55944275856018,391.3828125,944,ok,,1.0.0,{}
219,electricity,openml_task,amlb,classification,nofe,4,4500,36249,9063,8,8,0,0.9822684344496425,binary_roc_auc,True,0.9822684344496425,0.0,"{""accuracy"": 0.9366655632782338, ""binary_crossentropy"": null, ""binary_roc_auc"": 0.9822684344496425, ""f1"": 0.9450927824479983, ""precision"": 0.9429280397004335, ""recall"": 0.9472674976012516}","{""accuracy"": 0.0, ""binary_crossentropy"": null, ""binary_roc_auc"": 0.0, ""f1"": 0.0, ""precision"": 0.0, ""recall"": 0.0}",0.014961719512939453,0.0003256797790527344,16.01091694831848,390.80859375,1999,ok,,1.0.0,{}
14,mfeat-fourier,openml_task,amlb,multiclass,nofe,0,4500,1600,400,76,76,0,0.4281627926067449,categorical_crossentropy,False,0.4281627926067449,-0.0,"{""accuracy"": 0.9684999999757874, ""categorical_crossentropy"": 0.4281627926067449, ""categorical_roc_auc"": 0.9840972222222222, ""f1"": 0.8438942733174339, ""precision"": 0.8489254419574005, ""recall"": 0.842499999789375}","{""accuracy"": 0.0, ""categorical_crossentropy"": -0.0, ""categorical_roc_auc"": 0.0, ""f1"": 0.0, ""precision"": 0.0, ""recall"": 0.0}",0.004235982894897461,0.0003039836883544922,23.855802059173584,354.74609375,159,ok,,1.0.0,{}
3022,vowel,openml_task,amlb,multiclass,nofe,0,4500,792,198,12,12,0,0.22859763360471758,categorical_crossentropy,False,0.22859763360471758,-0.0,"{""accuracy"": 0.988062442557995, ""categorical_crossentropy"": 0.22859763360471758, ""categorical_roc_auc"": 0.997979797979798, ""f1"": 0.9344799642610347, ""precision"": 0.9370984832067097, ""recall"": 0.9343434338243547}","{""accuracy"": 0.0, ""categorical_crossentropy"": -0.0, ""categorical_roc_auc"": 0.0, ""f1"": 0.0, ""precision"": 0.0, ""recall"": 0.0}",0.0041027069091796875,9.989738464355469e-05,3.6086888313293457,361.51953125,430,ok,,1.0.0,{}
16,mfeat-karhunen,openml_task,amlb,multiclass,nofe,4,4500,1600,400,64,64,0,0.15531619944835257,categorical_crossentropy,False,0.15531619944835257,-0.0,"{""accuracy"": 0.9884999999752875, ""categorical_crossentropy"": 0.15531619944835257, ""categorical_roc_auc"": 0.998513888888889, ""f1"": 0.9422499459401248, ""precision"": 0.943856554749485, ""recall"": 0.9424999997643748}","{""accuracy"": 0.0, ""categorical_crossentropy"": -0.0, ""categorical_roc_auc"": 0.0, ""f1"": 0.0, ""precision"": 0.0, ""recall"": 0.0}",0.003560781478881836,0.00014281272888183594,23.66530680656433,369.48828125,502,ok,,1.0.0,{}
53,vehicle,openml_task,amlb,multiclass,nofe,0,4500,676,170,18,18,0,0.5650824487894116,categorical_crossentropy,False,0.5650824487894116,-0.0,"{""accuracy"": 0.8617647058316609, ""categorical_crossentropy"": 0.5650824487894116, ""categorical_roc_auc"": 0.9175211203726827, ""f1"": 0.7191797591713451, ""precision"": 0.716884223419995, ""recall"": 0.7244588742878871}","{""accuracy"": 0.0, ""categorical_crossentropy"": -0.0, ""categorical_roc_auc"": 0.0, ""f1"": 0.0, ""precision"": 0.0, ""recall"": 0.0}",0.003496885299682617,6.079673767089844e-05,24.110132455825806,339.86328125,152,ok,,1.0.0,{}
12,mfeat-factors,openml_task,amlb,multiclass,nofe,0,4500,1600,400,216,216,0,0.11116926931259513,categorical_crossentropy,False,0.11116926931259513,-0.0,"{""accuracy"": 0.9934999999751625, ""categorical_crossentropy"": 0.11116926931259513, ""categorical_roc_auc"": 0.998451388888889, ""f1"": 0.96713125949995, ""precision"": 0.967589660555225, ""recall"": 0.967499999758125}","{""accuracy"": 0.0, ""categorical_crossentropy"": -0.0, ""categorical_roc_auc"": 0.0, ""f1"": 0.0, ""precision"": 0.0, ""recall"": 0.0}",0.007727622985839844,0.00096893310546875,30.392620086669922,367.44921875,343,ok,,1.0.0,{}
32,pendigits,openml_task,amlb,multiclass,nofe,4,4500,8793,2199,16,16,0,0.037699627961963585,categorical_crossentropy,False,0.037699627961963585,-0.0,"{""accuracy"": 0.9984538426512122, ""categorical_crossentropy"": 0.037699627961963585, ""categorical_roc_auc"": 0.9995069756690895, ""f1"": 0.9923283991399895, ""precision"": 0.9923295577924455, ""recall"": 0.9923490740722374}","{""accuracy"": 0.0, ""categorical_crossentropy"": -0.0, ""categorical_roc_auc"": 0.0, ""f1"": 0.0, ""precision"": 0.0, ""recall"": 0.0}",0.007752656936645508,0.0007443428039550781,31.319650411605835,388.91015625,640,ok,,1.0.0,{}
45,splice,openml_task,amlb,multiclass,nofe,3,4500,2552,638,60,60,0,0.09998581768647617,categorical_crossentropy,False,0.09998581768647617,-0.0,"{""accuracy"": 0.974921630078763, ""categorical_crossentropy"": 0.09998581768647617, ""categorical_roc_auc"": 0.9970434491932935, ""f1"": 0.9581509105522805, ""precision"": 0.9536901363002865, ""recall"": 0.963028099283639}","{""accuracy"": 0.0, ""categorical_crossentropy"": -0.0, ""categorical_roc_auc"": 0.0, ""f1"": 0.0, ""precision"": 0.0, ""recall"": 0.0}",0.005468606948852539,0.00038170814514160156,24.907129526138306,344.765625,208,ok,,1.0.0,{}
219,electricity,openml_task,amlb,classification,nofe,1,4500,36249,9063,8,8,0,0.9824918324918324,binary_roc_auc,True,0.9824918324918324,0.0,"{""accuracy"": 0.9342381109997414, ""binary_crossentropy"": null, ""binary_roc_auc"": 0.9824918324918324, ""f1"": 0.9430319200603736, ""precision"": 0.9401562797771295, ""recall"": 0.9459252157220596}","{""accuracy"": 0.0, ""binary_crossentropy"": null, ""binary_roc_auc"": 0.0, ""f1"": 0.0, ""precision"": 0.0, ""recall"": 0.0}",0.015900611877441406,0.0001392364501953125,23.990891456604004,392.36328125,1997,ok,,1.0.0,{}
53,vehicle,openml_task,amlb,multiclass,nofe,1,4500,676,170,18,18,0,0.5102351488655105,categorical_crossentropy,False,0.5102351488655105,-0.0,"{""accuracy"": 0.8705882352429066, ""categorical_crossentropy"": 0.5102351488655105, ""categorical_roc_auc"": 0.9341810099622598, ""f1"": 0.7389405025836995, ""precision"": 0.7476702507127304, ""recall"": 0.7420725106473783}","{""accuracy"": 0.0, ""categorical_crossentropy"": -0.0, ""categorical_roc_auc"": 0.0, ""f1"": 0.0, ""precision"": 0.0, ""recall"": 0.0}",0.004588127136230469,0.00014281272888183594,24.39259362220764,337.5390625,149,ok,,1.0.0,{}
49,tic-tac-toe,openml_task,amlb,classification,nofe,4,4500,766,192,9,9,0,1.0,binary_roc_auc,True,1.0,0.0,"{""accuracy"": 0.9999999999479167, ""binary_crossentropy"": 0.024538181060260438, ""binary_roc_auc"": 1.0, ""f1"": 0.99999999492, ""precision"": 0.9999999999200001, ""recall"": 0.9999999999200001}","{""accuracy"": 0.0, ""binary_crossentropy"": -0.0, ""binary_roc_auc"": 0.0, ""f1"": 0.0, ""precision"": 0.0, ""recall"": 0.0}",0.0036115646362304688,8.916854858398438e-05,25.33755874633789,338.9296875,1958,ok,,1.0.0,{}
45,splice,openml_task,amlb,multiclass,nofe,1,4500,2552,638,60,60,0,0.10544145104468386,categorical_crossentropy,False,0.10544145104468386,-0.0,"{""accuracy"": 0.974921630078763, ""categorical_crossentropy"": 0.10544145104468386, ""categorical_roc_auc"": 0.9966542137250114, ""f1"": 0.9567626217984198, ""precision"": 0.9544531542398454, ""recall"": 0.9595840349726541}","{""accuracy"": 0.0, ""categorical_crossentropy"": -0.0, ""categorical_roc_auc"": 0.0, ""f1"": 0.0, ""precision"": 0.0, ""recall"": 0.0}",0.02500295639038086,0.001068115234375,25.2842538356781,341.12109375,153,ok,,1.0.0,{}
3022,vowel,openml_task,amlb,multiclass,nofe,1,4500,792,198,12,12,0,0.3050433534786641,categorical_crossentropy,False,0.3050433534786641,-0.0,"{""accuracy"": 0.988062442557995, ""categorical_crossentropy"": 0.3050433534786641, ""categorical_roc_auc"": 0.9925364758698092, ""f1"": 0.9334839220563871, ""precision"": 0.9371117181632503, ""recall"": 0.9343434338243547}","{""accuracy"": 0.0, ""categorical_crossentropy"": -0.0, ""categorical_roc_auc"": 0.0, ""f1"": 0.0, ""precision"": 0.0, ""recall"": 0.0}",0.003547191619873047,0.00010657310485839844,10.44880986213684,373.16015625,647,ok,,1.0.0,{}
2074,satimage,openml_task,amlb,multiclass,nofe,0,4500,5144,1286,36,36,0,0.22927067382831465,categorical_crossentropy,False,0.22927067382831465,-0.0,"{""accuracy"": 0.9717470191733666, ""categorical_crossentropy"": 0.22927067382831465, ""categorical_roc_auc"": 0.990884333113475, ""f1"": 0.9000329271808605, ""precision"": 0.9087380386359095, ""recall"": 0.8934832125462818}","{""accuracy"": 0.0, ""categorical_crossentropy"": -0.0, ""categorical_roc_auc"": 0.0, ""f1"": 0.0, ""precision"": 0.0, ""recall"": 0.0}",0.004932880401611328,0.0005512237548828125,24.463006258010864,363.4375,213,ok,,1.0.0,{}
53,vehicle,openml_task,amlb,multiclass,nofe,3,4500,676,170,18,18,0,0.5012618470389176,categorical_crossentropy,False,0.5012618470389176,-0.0,"{""accuracy"": 0.8764705881837369, ""categorical_crossentropy"": 0.5012618470389176, ""categorical_roc_auc"": 0.9273239737692863, ""f1"": 0.7514370400212874, ""precision"": 0.7501713668412877, ""recall"": 0.7548430734146903}","{""accuracy"": 0.0, ""categorical_crossentropy"": -0.0, ""categorical_roc_auc"": 0.0, ""f1"": 0.0, ""precision"": 0.0, ""recall"": 0.0}",0.009392261505126953,0.00012540817260742188,24.810967206954956,340.2265625,113,ok,,1.0.0,{}
45,splice,openml_task,amlb,multiclass,nofe,4,4500,2552,638,60,60,0,0.08940273142928115,categorical_crossentropy,False,0.08940273142928115,-0.0,"{""accuracy"": 0.9801462904757553, ""categorical_crossentropy"": 0.08940273142928115, ""categorical_roc_auc"": 0.9967988377670008, ""f1"": 0.9665035536283716, ""precision"": 0.9639356656399363, ""recall"": 0.9692207988295505}","{""accuracy"": 0.0, ""categorical_crossentropy"": -0.0, ""categorical_roc_auc"": 0.0, ""f1"": 0.0, ""precision"": 0.0, ""recall"": 0.0}",0.00717473030090332,0.0007748603820800781,25.301616191864014,345.40625,217,ok,,1.0.0,{}
22,mfeat-zernike,openml_task,amlb,multiclass,nofe,1,4500,1600,400,47,47,0,0.5061326991417445,categorical_crossentropy,False,0.5061326991417445,-0.0,"{""accuracy"": 0.9634999999759124, ""categorical_crossentropy"": 0.5061326991417445, ""categorical_roc_auc"": 0.9747291666666665, ""f1"": 0.8182803373555545, ""precision"": 0.8200274139085142, ""recall"": 0.817499999795625}","{""accuracy"": 0.0, ""categorical_crossentropy"": -0.0, ""categorical_roc_auc"": 0.0, ""f1"": 0.0, ""precision"": 0.0, ""recall"": 0.0}",0.0039052963256835938,0.0001506805419921875,32.03158497810364,349.08203125,116,ok,,1.0.0,{}
3022,vowel,openml_task,amlb,multiclass,nofe,2,4500,792,198,12,12,0,0.24259343640476047,categorical_crossentropy,False,0.24259343640476047,-0.0,"{""accuracy"": 0.986225895266995, ""categorical_crossentropy"": 0.24259343640476047, ""categorical_roc_auc"": 0.996885521885522, ""f1"": 0.9253646539125598, ""precision"": 0.9292929287707136, ""recall"": 0.9242424237289562}","{""accuracy"": 0.0, ""categorical_crossentropy"": -0.0, ""categorical_roc_auc"": 0.0, ""f1"": 0.0, ""precision"": 0.0, ""recall"": 0.0}",0.0042057037353515625,0.00011515617370605469,10.650457859039307,345.02734375,1315,ok,,1.0.0,{}
219,electricity,openml_task,amlb,classification,nofe,0,4500,36249,9063,8,8,0,0.9848471046457623,binary_roc_auc,True,0.9848471046457623,0.0,"{""accuracy"": 0.9394240317765205, ""binary_crossentropy"": null, ""binary_roc_auc"": 0.9848471046457623, ""f1"": 0.9473583227381392, ""precision"": 0.9474491752954595, ""recall"": 0.9472674976012516}","{""accuracy"": 0.0, ""binary_crossentropy"": null, ""binary_roc_auc"": 0.0, ""f1"": 0.0, ""precision"": 0.0, ""recall"": 0.0}",0.015205860137939453,0.0003178119659423828,24.57751441001892,394.453125,1996,ok,,1.0.0,{}
53,vehicle,openml_task,amlb,multiclass,nofe,4,4500,676,170,18,18,0,0.5195559000021175,categorical_crossentropy,False,0.5195559000021175,-0.0,"{""accuracy"": 0.8823529411245674, ""categorical_crossentropy"": 0.5195559000021175, ""categorical_roc_auc"": 0.9318939827533578, ""f1"": 0.7625310994470611, ""precision"": 0.7617152534639245, ""recall"": 0.7650432898628856}","{""accuracy"": 0.0, ""categorical_crossentropy"": -0.0, ""categorical_roc_auc"": 0.0, ""f1"": 0.0, ""precision"": 0.0, ""recall"": 0.0}",0.009061574935913086,0.00017547607421875,24.889824628829956,339.53125,199,ok,,1.0.0,{}
3549,analcatdata_authorship,openml_task,amlb,multiclass,nofe,0,4500,672,169,70,70,0,0.04324551940876329,categorical_crossentropy,False,0.04324551940876329,-0.0,"{""accuracy"": 0.9940828401778649, ""categorical_crossentropy"": 0.04324551940876329, ""categorical_roc_auc"": 0.9994350645287273, ""f1"": 0.9819600621166045, ""precision"": 0.9918032782877735, ""recall"": 0.9733664769138621}","{""accuracy"": 0.0, ""categorical_crossentropy"": -0.0, ""categorical_roc_auc"": 0.0, ""f1"": 0.0, ""precision"": 0.0, ""recall"": 0.0}",0.00839543342590332,5.125999450683594e-05,8.409345865249634,339.01171875,344,ok,,1.0.0,{}
219,electricity,openml_task,amlb,classification,nofe,3,4500,36249,9063,8,8,0,0.9817428037226695,binary_roc_auc,True,0.9817428037226695,0.0,"{""accuracy"": 0.9329140461205638, ""binary_crossentropy"": null, ""binary_roc_auc"": 0.9817428037226695, ""f1"": 0.9417177864092376, ""precision"": 0.9415372819610092, ""recall"": 0.9418983700844834}","{""accuracy"": 0.0, ""binary_crossentropy"": null, ""binary_roc_auc"": 0.0, ""f1"": 0.0, ""precision"": 0.0, ""recall"": 0.0}",0.014465808868408203,0.00012493133544921875,25.42810559272766,394.7109375,1997,ok,,1.0.0,{}
53,vehicle,openml_task,amlb,multiclass,nofe,2,4500,676,170,18,18,0,0.5246096417444813,categorical_crossentropy,False,0.5246096417444813,-0.0,"{""accuracy"": 0.8676470587724914, ""categorical_crossentropy"": 0.5246096417444813, ""categorical_roc_auc"": 0.930798190524753, ""f1"": 0.7307313236036419, ""precision"": 0.7258838382140528, ""recall"": 0.7394480517727677}","{""accuracy"": 0.0, ""categorical_crossentropy"": -0.0, ""categorical_roc_auc"": 0.0, ""f1"": 0.0, ""precision"": 0.0, ""recall"": 0.0}",0.006352663040161133,8.153915405273438e-05,25.33379292488098,335.16796875,153,ok,,1.0.0,{}
2074,satimage,openml_task,amlb,multiclass,nofe,1,4500,5144,1286,36,36,0,0.2239976345280217,categorical_crossentropy,False,0.2239976345280217,-0.0,"{""accuracy"": 0.9766718506922499, ""categorical_crossentropy"": 0.2239976345280217, ""categorical_roc_auc"": 0.9913269940438671, ""f1"": 0.9141429081673743, ""precision"": 0.9236778121931218, ""recall"": 0.908276067336027}","{""accuracy"": 0.0, ""categorical_crossentropy"": -0.0, ""categorical_roc_auc"": 0.0, ""f1"": 0.0, ""precision"": 0.0, ""recall"": 0.0}",0.004929542541503906,0.0003695487976074219,25.341960668563843,373.6640625,441,ok,,1.0.0,{}
3022,vowel,openml_task,amlb,multiclass,nofe,3,4500,792,198,12,12,0,0.3122442780617293,categorical_crossentropy,False,0.3122442780617293,-0.0,"{""accuracy"": 0.9797979797484951, ""categorical_crossentropy"": 0.3122442780617293, ""categorical_roc_auc"": 0.993574635241302, ""f1"": 0.8885713892757359, ""precision"": 0.8904849574403932, ""recall"": 0.8888888883950617}","{""accuracy"": 0.0, ""categorical_crossentropy"": -0.0, ""categorical_roc_auc"": 0.0, ""f1"": 0.0, ""precision"": 0.0, ""recall"": 0.0}",0.004517316818237305,8.869171142578125e-05,11.425283670425415,420.421875,1543,ok,,1.0.0,{}
3560,analcatdata_dmft,openml_task,amlb,multiclass,nofe,0,4500,637,160,4,4,0,1.7794387705624104,categorical_crossentropy,False,1.7794387705624104,-0.0,"{""accuracy"": 0.7374999999539064, ""categorical_crossentropy"": 1.7794387705624104, ""categorical_roc_auc"": 0.5447429582263291, ""f1"": 0.20296778624656872, ""precision"": 0.2141595440628866, ""recall"": 0.2065471922777984}","{""accuracy"": 0.0, ""categorical_crossentropy"": -0.0, ""categorical_roc_auc"": 0.0, ""f1"": 0.0, ""precision"": 0.0, ""recall"": 0.0}",0.003711223602294922,7.510185241699219e-05,8.125730991363525,332.0625,18,ok,,1.0.0,{}
3549,analcatdata_authorship,openml_task,amlb,multiclass,nofe,3,4500,672,169,70,70,0,0.036472204169733784,categorical_crossentropy,False,0.036472204169733784,-0.0,"{""accuracy"": 0.9940828401778649, ""categorical_crossentropy"": 0.036472204169733784, ""categorical_roc_auc"": 0.9997419125183085, ""f1"": 0.9819199600881305, ""precision"": 0.9919165576172999, ""recall"": 0.9730354387783766}","{""accuracy"": 0.0, ""categorical_crossentropy"": -0.0, ""categorical_roc_auc"": 0.0, ""f1"": 0.0, ""precision"": 0.0, ""recall"": 0.0}",0.002676248550415039,6.604194641113281e-05,8.520492792129517,341.12109375,432,ok,,1.0.0,{}
3549,analcatdata_authorship,openml_task,amlb,multiclass,nofe,1,4500,672,169,70,70,0,0.037554124650664586,categorical_crossentropy,False,0.037554124650664586,-0.0,"{""accuracy"": 0.9940828401778649, ""categorical_crossentropy"": 0.037554124650664586, ""categorical_roc_auc"": 0.9996352714009868, ""f1"": 0.9819199600881305, ""precision"": 0.9919165576172999, ""recall"": 0.9730354387783766}","{""accuracy"": 0.0, ""categorical_crossentropy"": -0.0, ""categorical_roc_auc"": 0.0, ""f1"": 0.0, ""precision"": 0.0, ""recall"": 0.0}",0.0024404525756835938,7.462501525878906e-05,9.03599238395691,346.0703125,772,ok,,1.0.0,{}
3549,analcatdata_authorship,openml_task,amlb,multiclass,nofe,2,4500,672,169,70,70,0,0.053075485921515834,categorical_crossentropy,False,0.053075485921515834,-0.0,"{""accuracy"": 0.9940828401778649, ""categorical_crossentropy"": 0.053075485921515834, ""categorical_roc_auc"": 0.999589147733658, ""f1"": 0.9819600621166045, ""precision"": 0.9918032782877735, ""recall"": 0.9733664769138621}","{""accuracy"": 0.0, ""categorical_crossentropy"": -0.0, ""categorical_roc_auc"": 0.0, ""f1"": 0.0, ""precision"": 0.0, ""recall"": 0.0}",0.002588987350463867,6.198883056640625e-05,9.119522094726562,342.56640625,610,ok,,1.0.0,{}
3560,analcatdata_dmft,openml_task,amlb,multiclass,nofe,4,4500,637,160,4,4,0,1.805876401811838,categorical_crossentropy,False,1.805876401811838,-0.0,"{""accuracy"": 0.7312499999542968, ""categorical_crossentropy"": 1.805876401811838, ""categorical_roc_auc"": 0.5292080611353062, ""f1"": 0.19478258486806474, ""precision"": 0.2048233031066978, ""recall"": 0.1931899640849898}","{""accuracy"": 0.0, ""categorical_crossentropy"": -0.0, ""categorical_roc_auc"": 0.0, ""f1"": 0.0, ""precision"": 0.0, ""recall"": 0.0}",0.004316091537475586,7.867813110351562e-05,7.956060409545898,336.39453125,33,ok,,1.0.0,{}
3560,analcatdata_dmft,openml_task,amlb,multiclass,nofe,2,4500,637,160,4,4,0,1.7771826073527337,categorical_crossentropy,False,1.7771826073527337,-0.0,"{""accuracy"": 0.7312499999542968, ""categorical_crossentropy"": 1.7771826073527337, ""categorical_roc_auc"": 0.5919842996115221, ""f1"": 0.08550323854628039, ""precision"": 0.16137566098255526, ""recall"": 0.17004380719192821}","{""accuracy"": 0.0, ""categorical_crossentropy"": -0.0, ""categorical_roc_auc"": 0.0, ""f1"": 0.0, ""precision"": 0.0, ""recall"": 0.0}",0.009946823120117188,0.0001423358917236328,8.20855188369751,329.99609375,3,ok,,1.0.0,{}
3560,analcatdata_dmft,openml_task,amlb,multiclass,nofe,1,4500,637,160,4,4,0,1.7794298946857452,categorical_crossentropy,False,1.7794298946857452,-0.0,"{""accuracy"": 0.7333333332874999, ""categorical_crossentropy"": 1.7794298946857452, ""categorical_roc_auc"": 0.5497696663096434, ""f1"": 0.10236995476998316, ""precision"": 0.29054520170895687, ""recall"": 0.1770131421154142}","{""accuracy"": 0.0, ""categorical_crossentropy"": -0.0, ""categorical_roc_auc"": 0.0, ""f1"": 0.0, ""precision"": 0.0, ""recall"": 0.0}",0.004626750946044922,0.00012493133544921875,8.607750177383423,331.66015625,4,ok,,1.0.0,{}
3549,analcatdata_authorship,openml_task,amlb,multiclass,nofe,4,4500,672,169,70,70,0,0.02138058688286995,categorical_crossentropy,False,0.02138058688286995,-0.0,"{""accuracy"": 0.9999999999408283, ""categorical_crossentropy"": 0.02138058688286995, ""categorical_roc_auc"": 1.0, ""f1"": 0.9999999946198634, ""precision"": 0.9999999996198632, ""recall"": 0.9999999996198632}","{""accuracy"": 0.0, ""categorical_crossentropy"": -0.0, ""categorical_roc_auc"": 0.0, ""f1"": 0.0, ""precision"": 0.0, ""recall"": 0.0}",0.002339601516723633,5.030632019042969e-05,9.220524311065674,341.44140625,415,ok,,1.0.0,{}
3560,analcatdata_dmft,openml_task,amlb,multiclass,nofe,3,4500,637,160,4,4,0,1.7826601214706899,categorical_crossentropy,False,1.7826601214706899,-0.0,"{""accuracy"": 0.7333333332874999, ""categorical_crossentropy"": 1.7826601214706899, ""categorical_roc_auc"": 0.5517034588638806, ""f1"": 0.06607564934593625, ""precision"": 0.08846426025150145, ""recall"": 0.1728395061167898}","{""accuracy"": 0.0, ""categorical_crossentropy"": -0.0, ""categorical_roc_auc"": 0.0, ""f1"": 0.0, ""precision"": 0.0, ""recall"": 0.0}",0.0032355785369873047,6.890296936035156e-05,8.40484619140625,331.3984375,2,ok,,1.0.0,{}
3022,vowel,openml_task,amlb,multiclass,nofe,4,4500,792,198,12,12,0,0.2828708121604804,categorical_crossentropy,False,0.2828708121604804,-0.0,"{""accuracy"": 0.984389347975995, ""categorical_crossentropy"": 0.2828708121604804, ""categorical_roc_auc"": 0.9950897867564534, ""f1"": 0.9141618244605346, ""precision"": 0.9209766836113082, ""recall"": 0.9141414136335579}","{""accuracy"": 0.0, ""categorical_crossentropy"": -0.0, ""categorical_roc_auc"": 0.0, ""f1"": 0.0, ""precision"": 0.0, ""recall"": 0.0}",0.004195690155029297,9.322166442871094e-05,11.0991849899292,395.55078125,1075,ok,,1.0.0,{}
6,letter,openml_task,amlb,multiclass,nofe,4,4500,16000,4000,16,16,0,0.11619374231634878,categorical_crossentropy,False,0.11619374231634878,-0.0,"{""accuracy"": 0.9968461538436618, ""categorical_crossentropy"": 0.11619374231634878, ""categorical_roc_auc"": 0.9996942140680193, ""f1"": 0.9589518370225446, ""precision"": 0.959407124098158, ""recall"": 0.9588758560043478}","{""accuracy"": 0.0, ""categorical_crossentropy"": -0.0, ""categorical_roc_auc"": 0.0, ""f1"": 0.0, ""precision"": 0.0, ""recall"": 0.0}",0.0170290470123291,0.0007250308990478516,35.20022201538086,566.96484375,957,ok,,1.0.0,{}
3902,pc4,openml_task,amlb,classification,nofe,0,4500,1166,292,37,37,0,0.9319661458333333,binary_roc_auc,True,0.9319661458333333,0.0,"{""accuracy"": 0.9006849314760039, ""binary_crossentropy"": 0.20860542760434728, ""binary_roc_auc"": 0.9319661458333333, ""f1"": 0.4727272680330579, ""precision"": 0.6842105259556787, ""recall"": 0.36111111101080245}","{""accuracy"": 0.0, ""binary_crossentropy"": -0.0, ""binary_roc_auc"": 0.0, ""f1"": 0.0, ""precision"": 0.0, ""recall"": 0.0}",0.0071392059326171875,0.00019431114196777344,2.105696439743042,334.0546875,47,ok,,1.0.0,{}
3918,pc1,openml_task,amlb,classification,nofe,0,4500,887,222,21,21,0,0.923671497584541,binary_roc_auc,True,0.923671497584541,0.0,"{""accuracy"": 0.9414414413990342, ""binary_crossentropy"": 0.15845010005910923, ""binary_roc_auc"": 0.923671497584541, ""f1"": 0.3809523765079365, ""precision"": 0.6666666655555555, ""recall"": 0.26666666648888887}","{""accuracy"": 0.0, ""binary_crossentropy"": -0.0, ""binary_roc_auc"": 0.0, ""f1"": 0.0, ""precision"": 0.0, ""recall"": 0.0}",0.006907463073730469,8.440017700195312e-05,9.302324295043945,331.21484375,54,ok,,1.0.0,{}
3918,pc1,openml_task,amlb,classification,nofe,4,4500,887,222,21,21,0,0.9156199677938808,binary_roc_auc,True,0.9156199677938808,0.0,"{""accuracy"": 0.9459459459033357, ""binary_crossentropy"": 0.1600700859945301, ""binary_roc_auc"": 0.9156199677938808, ""f1"": 0.3333333301851852, ""precision"": 0.9999999966666667, ""recall"": 0.19999999986666667}","{""accuracy"": 0.0, ""binary_crossentropy"": -0.0, ""binary_roc_auc"": 0.0, ""f1"": 0.0, ""precision"": 0.0, ""recall"": 0.0}",0.010534524917602539,9.584426879882812e-05,8.689723491668701,331.2734375,43,ok,,1.0.0,{}
7592,adult,openml_task,amlb,classification,nofe,0,4500,39073,9769,14,14,0,0.9274963251880228,binary_roc_auc,True,0.9274963251880228,0.0,"{""accuracy"": 0.8761388064276013, ""binary_crossentropy"": 0.2794654012064093, ""binary_roc_auc"": 0.9274963251880228, ""f1"": 0.9208840018028375, ""precision"": 0.8955869261084884, ""recall"": 0.9476517292410879}","{""accuracy"": 0.0, ""binary_crossentropy"": -0.0, ""binary_roc_auc"": 0.0, ""f1"": 0.0, ""precision"": 0.0, ""recall"": 0.0}",0.018459796905517578,0.00030541419982910156,10.560588121414185,359.22265625,306,ok,,1.0.0,{}
3902,pc4,openml_task,amlb,classification,nofe,1,4500,1166,292,37,37,0,0.9491102430555555,binary_roc_auc,True,0.9491102430555555,0.0,"{""accuracy"": 0.9075342465442625, ""binary_crossentropy"": 0.1927500172715143, ""binary_roc_auc"": 0.9491102430555555, ""f1"": 0.557377044160172, ""precision"": 0.679999999728, ""recall"": 0.47222222209104936}","{""accuracy"": 0.0, ""binary_crossentropy"": -0.0, ""binary_roc_auc"": 0.0, ""f1"": 0.0, ""precision"": 0.0, ""recall"": 0.0}",0.009596109390258789,0.00016355514526367188,16.709784030914307,335.984375,98,ok,,1.0.0,{}
3903,pc3,openml_task,amlb,classification,nofe,1,4500,1250,313,37,37,0,0.8307384341637011,binary_roc_auc,True,0.8307384341637011,0.0,"{""accuracy"": 0.9105431309613244, ""binary_crossentropy"": 0.26507360558676424, ""binary_roc_auc"": 0.8307384341637011, ""f1"": 0.3636363595041322, ""precision"": 0.666666666111111, ""recall"": 0.249999999921875}","{""accuracy"": 0.0, ""binary_crossentropy"": -0.0, ""binary_roc_auc"": 0.0, ""f1"": 0.0, ""precision"": 0.0, ""recall"": 0.0}",0.002659320831298828,9.72747802734375e-05,16.598365783691406,335.89453125,153,ok,,1.0.0,{}
3902,pc4,openml_task,amlb,classification,nofe,3,4500,1166,292,37,37,0,0.949001736111111,binary_roc_auc,True,0.949001736111111,0.0,"{""accuracy"": 0.9143835616125211, ""binary_crossentropy"": 0.18485396936669793, ""binary_roc_auc"": 0.949001736111111, ""f1"": 0.5901639293953239, ""precision"": 0.719999999712, ""recall"": 0.4999999998611111}","{""accuracy"": 0.0, ""binary_crossentropy"": -0.0, ""binary_roc_auc"": 0.0, ""f1"": 0.0, ""precision"": 0.0, ""recall"": 0.0}",0.009430885314941406,0.00014257431030273438,16.798497200012207,333.1875,74,ok,,1.0.0,{}
3903,pc3,openml_task,amlb,classification,nofe,3,4500,1250,313,37,37,0,0.8426379003558718,binary_roc_auc,True,0.8426379003558718,0.0,"{""accuracy"": 0.9009584664248895, ""binary_crossentropy"": 0.26300896426734216, ""binary_roc_auc"": 0.8426379003558718, ""f1"": 0.24390243547888166, ""precision"": 0.5555555549382716, ""recall"": 0.15624999995117186}","{""accuracy"": 0.0, ""binary_crossentropy"": -0.0, ""binary_roc_auc"": 0.0, ""f1"": 0.0, ""precision"": 0.0, ""recall"": 0.0}",0.004609346389770508,9.751319885253906e-05,16.512871265411377,337.9375,103,ok,,1.0.0,{}
3902,pc4,openml_task,amlb,classification,nofe,4,4500,1166,292,37,37,0,0.9645182291666666,binary_roc_auc,True,0.9645182291666666,0.0,"{""accuracy"": 0.9178082191466503, ""binary_crossentropy"": 0.16524105971321873, ""binary_roc_auc"": 0.9645182291666666, ""f1"": 0.599999995, ""precision"": 0.7499999996875, ""recall"": 0.4999999998611111}","{""accuracy"": 0.0, ""binary_crossentropy"": -0.0, ""binary_roc_auc"": 0.0, ""f1"": 0.0, ""precision"": 0.0, ""recall"": 0.0}",0.00455164909362793,0.0002186298370361328,17.136489868164062,337.54296875,69,ok,,1.0.0,{}
3902,pc4,openml_task,amlb,classification,nofe,2,4500,1166,292,37,37,0,0.9399956597222223,binary_roc_auc,True,0.9399956597222223,0.0,"{""accuracy"": 0.9178082191466503, ""binary_crossentropy"": 0.20615236394672276, ""binary_roc_auc"": 0.9399956597222223, ""f1"": 0.5862068916409037, ""precision"": 0.772727272376033, ""recall"": 0.47222222209104936}","{""accuracy"": 0.0, ""binary_crossentropy"": -0.0, ""binary_roc_auc"": 0.0, ""f1"": 0.0, ""precision"": 0.0, ""recall"": 0.0}",0.006072282791137695,0.00014829635620117188,17.124006986618042,335.953125,162,ok,,1.0.0,{}
3903,pc3,openml_task,amlb,classification,nofe,4,4500,1250,313,37,37,0,0.822898131672598,binary_roc_auc,True,0.822898131672598,0.0,"{""accuracy"": 0.8977635782460778, ""binary_crossentropy"": 0.2582307273801714, ""binary_roc_auc"": 0.822898131672598, ""f1"": 0.1111111090740741, ""precision"": 0.49999999875, ""recall"": 0.06249999998046875}","{""accuracy"": 0.0, ""binary_crossentropy"": -0.0, ""binary_roc_auc"": 0.0, ""f1"": 0.0, ""precision"": 0.0, ""recall"": 0.0}",0.01044774055480957,0.0001347064971923828,16.7426495552063,335.12109375,38,ok,,1.0.0,{}
6,letter,openml_task,amlb,multiclass,nofe,2,4500,16000,4000,16,16,0,0.1198477487991486,categorical_crossentropy,False,0.1198477487991486,-0.0,"{""accuracy"": 0.9970192307667382, ""categorical_crossentropy"": 0.1198477487991486, ""categorical_roc_auc"": 0.9996314771281489, ""f1"": 0.9611761039928037, ""precision"": 0.9615539449570255, ""recall"": 0.9611114846887825}","{""accuracy"": 0.0, ""categorical_crossentropy"": -0.0, ""categorical_roc_auc"": 0.0, ""f1"": 0.0, ""precision"": 0.0, ""recall"": 0.0}",0.013615131378173828,0.0010581016540527344,50.91842818260193,573.09375,1000,ok,,1.0.0,{}
3913,kc2,openml_task,amlb,classification,nofe,3,4500,417,105,21,21,0,0.8628148959474261,binary_roc_auc,True,0.8628148959474261,0.0,"{""accuracy"": 0.7999999999238095, ""binary_crossentropy"": 0.3906011115937006, ""binary_roc_auc"": 0.8628148959474261, ""f1"": 0.08695652083175803, ""precision"": 0.9999999900000002, ""recall"": 0.045454545433884296}","{""accuracy"": 0.0, ""binary_crossentropy"": -0.0, ""binary_roc_auc"": 0.0, ""f1"": 0.0, ""precision"": 0.0, ""recall"": 0.0}",0.0037310123443603516,6.437301635742188e-05,16.49270987510681,332.09375,13,ok,,1.0.0,{}
3904,jm1,openml_task,amlb,classification,nofe,1,4500,8708,2177,21,21,0,0.7423154545798862,binary_roc_auc,True,0.7423154545798862,0.0,"{""accuracy"": 0.8199356913145617, ""binary_crossentropy"": 0.4279933997485949, ""binary_roc_auc"": 0.7423154545798862, ""f1"": 0.2974910357110649, ""precision"": 0.6058394160141722, ""recall"": 0.19714964370078028}","{""accuracy"": 0.0, ""binary_crossentropy"": -0.0, ""binary_roc_auc"": 0.0, ""f1"": 0.0, ""precision"": 0.0, ""recall"": 0.0}",0.008461475372314453,0.0007867813110351562,17.457316160202026,348.63671875,209,ok,,1.0.0,{}
3903,pc3,openml_task,amlb,classification,nofe,0,4500,1250,313,37,37,0,0.8225645017793595,binary_roc_auc,True,0.8225645017793595,0.0,"{""accuracy"": 0.8977635782460778, ""binary_crossentropy"": 0.26453822801936977, ""binary_roc_auc"": 0.8225645017793595, ""f1"": 0.3043478217202269, ""precision"": 0.49999999964285713, ""recall"": 0.21874999993164063}","{""accuracy"": 0.0, ""binary_crossentropy"": -0.0, ""binary_roc_auc"": 0.0, ""f1"": 0.0, ""precision"": 0.0, ""recall"": 0.0}",0.0036323070526123047,0.00014829635620117188,17.990482568740845,335.21484375,83,ok,,1.0.0,{}
3904,jm1,openml_task,amlb,classification,nofe,3,4500,8708,2177,21,21,0,0.7290369226107706,binary_roc_auc,True,0.7290369226107706,0.0,"{""accuracy"": 0.8125861276949353, ""binary_crossentropy"": 0.4372989283519556, ""binary_roc_auc"": 0.7290369226107706, ""f1"": 0.22137404263453472, ""precision"": 0.5631067960618343, ""recall"": 0.13776722089934043}","{""accuracy"": 0.0, ""binary_crossentropy"": -0.0, ""binary_roc_auc"": 0.0, ""f1"": 0.0, ""precision"": 0.0, ""recall"": 0.0}",0.011862754821777344,0.0004258155822753906,17.333569765090942,349.54296875,119,ok,,1.0.0,{}
7592,adult,openml_task,amlb,classification,nofe,1,4500,39073,9769,14,14,0,0.9339064531989139,binary_roc_auc,True,0.9339064531989139,0.0,"{""accuracy"": 0.8781860988833265, ""binary_crossentropy"": 0.2675224734140665, ""binary_roc_auc"": 0.9339064531989139, ""f1"": 0.9219876703659322, ""precision"": 0.8988878946684151, ""recall"": 0.946306015339865}","{""accuracy"": 0.0, ""binary_crossentropy"": -0.0, ""binary_roc_auc"": 0.0, ""f1"": 0.0, ""precision"": 0.0, ""recall"": 0.0}",0.01703047752380371,0.0006630420684814453,3.917307138442993,364.74609375,262,ok,,1.0.0,{}
3913,kc2,openml_task,amlb,classification,nofe,1,4500,417,105,21,21,0,0.8170865279299013,binary_roc_auc,True,0.8170865279299013,0.0,"{""accuracy"": 0.8285714284925171, ""binary_crossentropy"": 0.37624066053401856, ""binary_roc_auc"": 0.8170865279299013, ""f1"": 0.3999999958222223, ""precision"": 0.7499999990624999, ""recall"": 0.27272727260330576}","{""accuracy"": 0.0, ""binary_crossentropy"": -0.0, ""binary_roc_auc"": 0.0, ""f1"": 0.0, ""precision"": 0.0, ""recall"": 0.0}",0.0054149627685546875,9.298324584960938e-05,17.52211046218872,328.6328125,17,ok,,1.0.0,{}
7592,adult,openml_task,amlb,classification,nofe,2,4500,39073,9769,14,14,0,0.9290137643854111,binary_roc_auc,True,0.9290137643854111,0.0,"{""accuracy"": 0.8727607738756548, ""binary_crossentropy"": 0.2762772787145083, ""binary_roc_auc"": 0.9290137643854111, ""f1"": 0.9183686822020345, ""precision"": 0.8968701898397936, ""recall"": 0.9409231597349739}","{""accuracy"": 0.0, ""binary_crossentropy"": -0.0, ""binary_roc_auc"": 0.0, ""f1"": 0.0, ""precision"": 0.0, ""recall"": 0.0}",0.019594192504882812,0.00077056884765625,3.6645708084106445,357.94140625,238,ok,,1.0.0,{}
3917,kc1,openml_task,amlb,classification,nofe,0,4500,1687,422,21,21,0,0.8382891618185736,binary_roc_auc,True,0.8382891618185736,0.0,"{""accuracy"": 0.8554502369465533, ""binary_crossentropy"": 0.3301744084602213, ""binary_roc_auc"": 0.8382891618185736, ""f1"": 0.22784809829194042, ""precision"": 0.6428571423979591, ""recall"": 0.1384615384402367}","{""accuracy"": 0.0, ""binary_crossentropy"": -0.0, ""binary_roc_auc"": 0.0, ""f1"": 0.0, ""precision"": 0.0, ""recall"": 0.0}",0.003634214401245117,9.083747863769531e-05,17.17472767829895,332.43359375,52,ok,,1.0.0,{}
3903,pc3,openml_task,amlb,classification,nofe,2,4500,1250,313,37,37,0,0.8256227758007118,binary_roc_auc,True,0.8256227758007118,0.0,"{""accuracy"": 0.8977635782460778, ""binary_crossentropy"": 0.27122763107521847, ""binary_roc_auc"": 0.8256227758007118, ""f1"": 0.0, ""precision"": 0.0, ""recall"": 0.0}","{""accuracy"": 0.0, ""binary_crossentropy"": -0.0, ""binary_roc_auc"": 0.0, ""f1"": 0.0, ""precision"": 0.0, ""recall"": 0.0}",0.003449678421020508,0.00013208389282226562,18.831952333450317,336.0703125,17,ok,,1.0.0,{}
3904,jm1,openml_task,amlb,classification,nofe,2,4500,8708,2177,21,21,0,0.7437871647395561,binary_roc_auc,True,0.7437871647395561,0.0,"{""accuracy"": 0.8158015617785218, ""binary_crossentropy"": 0.43093656902370453, ""binary_roc_auc"": 0.7437871647395561, ""f1"": 0.20278329746182944, ""precision"": 0.6219512194363475, ""recall"": 0.12114014251493728}","{""accuracy"": 0.0, ""binary_crossentropy"": -0.0, ""binary_roc_auc"": 0.0, ""f1"": 0.0, ""precision"": 0.0, ""recall"": 0.0}",0.008181095123291016,0.0005824565887451172,18.327671766281128,345.859375,55,ok,,1.0.0,{}
3904,jm1,openml_task,amlb,classification,nofe,0,4500,8708,2177,21,21,0,0.7483849063137449,binary_roc_auc,True,0.7483849063137449,0.0,"{""accuracy"": 0.8176389526834285, ""binary_crossentropy"": 0.4270242333059662, ""binary_roc_auc"": 0.7483849063137449, ""f1"": 0.2846846810114764, ""precision"": 0.5895522387619737, ""recall"": 0.18764845605254993}","{""accuracy"": 0.0, ""binary_crossentropy"": -0.0, ""binary_roc_auc"": 0.0, ""f1"": 0.0, ""precision"": 0.0, ""recall"": 0.0}",0.01155710220336914,0.0004360675811767578,18.556911945343018,349.375,94,ok,,1.0.0,{}
3913,kc2,openml_task,amlb,classification,nofe,4,4500,417,105,21,21,0,0.7453450164293538,binary_roc_auc,True,0.7453450164293538,0.0,"{""accuracy"": 0.8095238094467121, ""binary_crossentropy"": 0.47445735227139224, ""binary_roc_auc"": 0.7453450164293538, ""f1"": 0.4117647010726644, ""precision"": 0.5833333328472222, ""recall"": 0.3181818180371901}","{""accuracy"": 0.0, ""binary_crossentropy"": -0.0, ""binary_roc_auc"": 0.0, ""f1"": 0.0, ""precision"": 0.0, ""recall"": 0.0}",0.0039293766021728516,8.630752563476562e-05,17.592407941818237,334.36328125,75,ok,,1.0.0,{}
3917,kc1,openml_task,amlb,classification,nofe,1,4500,1687,422,21,21,0,0.8274294333117863,binary_roc_auc,True,0.8274294333117863,0.0,"{""accuracy"": 0.8696682464248894, ""binary_crossentropy"": 0.3282037836773171, ""binary_roc_auc"": 0.8274294333117863, ""f1"": 0.3209876510714831, ""precision"": 0.8124999994921874, ""recall"": 0.1999999999692308}","{""accuracy"": 0.0, ""binary_crossentropy"": -0.0, ""binary_roc_auc"": 0.0, ""f1"": 0.0, ""precision"": 0.0, ""recall"": 0.0}",0.010319709777832031,0.00019311904907226562,16.992362022399902,333.6953125,57,ok,,1.0.0,{}
3904,jm1,openml_task,amlb,classification,nofe,4,4500,8708,2177,21,21,0,0.7528602308204244,binary_roc_auc,True,0.7528602308204244,0.0,"{""accuracy"": 0.813045475421162, ""binary_crossentropy"": 0.42870201140583986, ""binary_roc_auc"": 0.7528602308204244, ""f1"": 0.2586520911324117, ""precision"": 0.554687499956665, ""recall"": 0.16864608075608917}","{""accuracy"": 0.0, ""binary_crossentropy"": -0.0, ""binary_roc_auc"": 0.0, ""f1"": 0.0, ""precision"": 0.0, ""recall"": 0.0}",0.007979631423950195,0.0005104541778564453,18.424180507659912,350.5625,221,ok,,1.0.0,{}
3913,kc2,openml_task,amlb,classification,nofe,0,4500,417,105,21,21,0,0.7913472070098575,binary_roc_auc,True,0.7913472070098575,0.0,"{""accuracy"": 0.8095238094467121, ""binary_crossentropy"": 0.417824380419084, ""binary_roc_auc"": 0.7913472070098575, ""f1"": 0.4444444394444444, ""precision"": 0.5714285710204081, ""recall"": 0.36363636347107436}","{""accuracy"": 0.0, ""binary_crossentropy"": -0.0, ""binary_roc_auc"": 0.0, ""f1"": 0.0, ""precision"": 0.0, ""recall"": 0.0}",0.005160331726074219,6.937980651855469e-05,18.41666007041931,330.8515625,43,ok,,1.0.0,{}
3913,kc2,openml_task,amlb,classification,nofe,2,4500,417,105,21,21,0,0.8346111719605696,binary_roc_auc,True,0.8346111719605696,0.0,"{""accuracy"": 0.8380952380154195, ""binary_crossentropy"": 0.39616136816995484, ""binary_roc_auc"": 0.8346111719605696, ""f1"": 0.5405405354273194, ""precision"": 0.6666666662222221, ""recall"": 0.45454545433884297}","{""accuracy"": 0.0, ""binary_crossentropy"": -0.0, ""binary_roc_auc"": 0.0, ""f1"": 0.0, ""precision"": 0.0, ""recall"": 0.0}",0.0093536376953125,0.00010418891906738281,18.470563173294067,331.25390625,43,ok,,1.0.0,{}
3918,pc1,openml_task,amlb,classification,nofe,2,4500,887,222,21,21,0,0.8969404186795491,binary_roc_auc,True,0.8969404186795491,0.0,"{""accuracy"": 0.9369369368947326, ""binary_crossentropy"": 0.16685453118538265, ""binary_roc_auc"": 0.8969404186795491, ""f1"": 0.22222221919753085, ""precision"": 0.6666666644444444, ""recall"": 0.13333333324444444}","{""accuracy"": 0.0, ""binary_crossentropy"": -0.0, ""binary_roc_auc"": 0.0, ""f1"": 0.0, ""precision"": 0.0, ""recall"": 0.0}",0.0036287307739257812,7.462501525878906e-05,17.226135730743408,331.88671875,49,ok,,1.0.0,{}
3918,pc1,openml_task,amlb,classification,nofe,3,4500,887,222,21,21,0,0.8826086956521739,binary_roc_auc,True,0.8826086956521739,0.0,"{""accuracy"": 0.9324324323904309, ""binary_crossentropy"": 0.23192627892435133, ""binary_roc_auc"": 0.8826086956521739, ""f1"": 0.0, ""precision"": 0.0, ""recall"": 0.0}","{""accuracy"": 0.0, ""binary_crossentropy"": -0.0, ""binary_roc_auc"": 0.0, ""f1"": 0.0, ""precision"": 0.0, ""recall"": 0.0}",0.005469322204589844,0.0001068115234375,17.304253339767456,332.14453125,2,ok,,1.0.0,{}
3917,kc1,openml_task,amlb,classification,nofe,4,4500,1687,422,21,21,0,0.8358758888170653,binary_roc_auc,True,0.8358758888170653,0.0,"{""accuracy"": 0.8507109004537746, ""binary_crossentropy"": 0.3333425756226078, ""binary_roc_auc"": 0.8358758888170653, ""f1"": 0.2409638519669038, ""precision"": 0.5555555552469136, ""recall"": 0.15384615382248523}","{""accuracy"": 0.0, ""binary_crossentropy"": -0.0, ""binary_roc_auc"": 0.0, ""f1"": 0.0, ""precision"": 0.0, ""recall"": 0.0}",0.003359556198120117,6.031990051269531e-05,17.576534271240234,332.88671875,39,ok,,1.0.0,{}
3917,kc1,openml_task,amlb,classification,nofe,2,4500,1687,422,21,21,0,0.841973712561948,binary_roc_auc,True,0.841973712561948,0.0,"{""accuracy"": 0.8459715639609959, ""binary_crossentropy"": 0.32809222824386014, ""binary_roc_auc"": 0.841973712561948, ""f1"": 0.26966291734881964, ""precision"": 0.49999999979166665, ""recall"": 0.18461538458698226}","{""accuracy"": 0.0, ""binary_crossentropy"": -0.0, ""binary_roc_auc"": 0.0, ""f1"": 0.0, ""precision"": 0.0, ""recall"": 0.0}",0.011965751647949219,0.00010061264038085938,17.87874722480774,337.07421875,62,ok,,1.0.0,{}
3917,kc1,openml_task,amlb,classification,nofe,3,4500,1687,422,21,21,0,0.8409609997845292,binary_roc_auc,True,0.8409609997845292,0.0,"{""accuracy"": 0.860189573439332, ""binary_crossentropy"": 0.32361222865165906, ""binary_roc_auc"": 0.8409609997845292, ""f1"": 0.3058823492705883, ""precision"": 0.649999999675, ""recall"": 0.1999999999692308}","{""accuracy"": 0.0, ""binary_crossentropy"": -0.0, ""binary_roc_auc"": 0.0, ""f1"": 0.0, ""precision"": 0.0, ""recall"": 0.0}",0.009833335876464844,0.0001876354217529297,18.178589582443237,333.25390625,63,ok,,1.0.0,{}
3918,pc1,openml_task,amlb,classification,nofe,1,4500,887,222,21,21,0,0.8056360708534621,binary_roc_auc,True,0.8056360708534621,0.0,"{""accuracy"": 0.9369369368947326, ""binary_crossentropy"": 0.21539352569930456, ""binary_roc_auc"": 0.8056360708534621, ""f1"": 0.22222221919753085, ""precision"": 0.6666666644444444, ""recall"": 0.13333333324444444}","{""accuracy"": 0.0, ""binary_crossentropy"": -0.0, ""binary_roc_auc"": 0.0, ""f1"": 0.0, ""precision"": 0.0, ""recall"": 0.0}",0.003815174102783203,0.00010657310485839844,18.395866870880127,330.16015625,71,ok,,1.0.0,{}
7592,adult,openml_task,amlb,classification,nofe,3,4500,39073,9769,14,14,0,0.9313070036177716,binary_roc_auc,True,0.9313070036177716,0.0,"{""accuracy"": 0.8754222540680976, ""binary_crossentropy"": 0.27184983276308017, ""binary_roc_auc"": 0.9313070036177716, ""f1"": 0.9202019489722777, ""precision"": 0.8973145780039676, ""recall"": 0.9442874444880308}","{""accuracy"": 0.0, ""binary_crossentropy"": -0.0, ""binary_roc_auc"": 0.0, ""f1"": 0.0, ""precision"": 0.0, ""recall"": 0.0}",0.022755146026611328,0.0006690025329589844,4.341663599014282,360.62109375,318,ok,,1.0.0,{}
9946,wdbc,openml_task,amlb,classification,nofe,0,4500,455,114,30,30,0,0.9910714285714286,binary_roc_auc,True,0.9910714285714286,0.0,"{""accuracy"": 0.9473684209695291, ""binary_crossentropy"": 0.11556967356897842, ""binary_roc_auc"": 0.9910714285714286, ""f1"": 0.930232552925906, ""precision"": 0.9090909088842976, ""recall"": 0.9523809521541949}","{""accuracy"": 0.0, ""binary_crossentropy"": -0.0, ""binary_roc_auc"": 0.0, ""f1"": 0.0, ""precision"": 0.0, ""recall"": 0.0}",0.0034019947052001953,0.00013136863708496094,2.269643783569336,332.96875,605,ok,,1.0.0,{}
9960,wall-robot-navigation,openml_task,amlb,multiclass,nofe,0,4500,4364,1092,24,24,0,0.007856613016907104,categorical_crossentropy,False,0.007856613016907104,-0.0,"{""accuracy"": 0.9977106227014862, ""categorical_crossentropy"": 0.007856613016907104, ""categorical_roc_auc"": 0.9999973875879077, ""f1"": 0.9950376147107184, ""precision"": 0.9930696302993552, ""recall"": 0.9970521541304292}","{""accuracy"": 0.0, ""categorical_crossentropy"": -0.0, ""categorical_roc_auc"": 0.0, ""f1"": 0.0, ""precision"": 0.0, ""recall"": 0.0}",0.005465507507324219,0.00014257431030273438,5.209282875061035,351.11328125,219,ok,,1.0.0,{}
9960,wall-robot-navigation,openml_task,amlb,multiclass,nofe,1,4500,4364,1092,24,24,0,0.005937558918705337,categorical_crossentropy,False,0.005937558918705337,-0.0,"{""accuracy"": 0.9990842490751001, ""categorical_crossentropy"": 0.005937558918705337, ""categorical_roc_auc"": 0.9999908446787362, ""f1"": 0.9967513287011103, ""precision"": 0.9988405648469701, ""recall"": 0.9946969696329838}","{""accuracy"": 0.0, ""categorical_crossentropy"": -0.0, ""categorical_roc_auc"": 0.0, ""f1"": 0.0, ""precision"": 0.0, ""recall"": 0.0}",0.007160663604736328,0.0005002021789550781,5.075844049453735,350.16796875,244,ok,,1.0.0,{}
9960,wall-robot-navigation,openml_task,amlb,multiclass,nofe,2,4500,4364,1092,24,24,0,0.01829732457667471,categorical_crossentropy,False,0.01829732457667471,-0.0,"{""accuracy"": 0.997252747243615, ""categorical_crossentropy"": 0.01829732457667471, ""categorical_roc_auc"": 0.9998939801207984, ""f1"": 0.9935422907471053, ""precision"": 0.9924204801218113, ""recall"": 0.9947021232091353}","{""accuracy"": 0.0, ""categorical_crossentropy"": -0.0, ""categorical_roc_auc"": 0.0, ""f1"": 0.0, ""precision"": 0.0, ""recall"": 0.0}",0.0077626705169677734,0.0004456043243408203,4.906207799911499,346.97265625,201,ok,,1.0.0,{}
9960,wall-robot-navigation,openml_task,amlb,multiclass,nofe,3,4500,4364,1092,24,24,0,0.007977720406285829,categorical_crossentropy,False,0.007977720406285829,-0.0,"{""accuracy"": 0.9986263736172287, ""categorical_crossentropy"": 0.007977720406285829, ""categorical_roc_auc"": 0.9999917454166556, ""f1"": 0.9933385838206069, ""precision"": 0.9983108107444317, ""recall"": 0.9886363635734338}","{""accuracy"": 0.0, ""categorical_crossentropy"": -0.0, ""categorical_roc_auc"": 0.0, ""f1"": 0.0, ""precision"": 0.0, ""recall"": 0.0}",0.007959365844726562,0.0004439353942871094,5.2270026206970215,349.97265625,319,ok,,1.0.0,{}
9960,wall-robot-navigation,openml_task,amlb,multiclass,nofe,4,4500,4364,1092,24,24,0,0.008055355039034158,categorical_crossentropy,False,0.008055355039034158,-0.0,"{""accuracy"": 0.9995421245329713, ""categorical_crossentropy"": 0.008055355039034158, ""categorical_roc_auc"": 0.9999299315700423, ""f1"": 0.9994189613298938, ""precision"": 0.9994061757073353, ""recall"": 0.999433106511325}","{""accuracy"": 0.0, ""categorical_crossentropy"": -0.0, ""categorical_roc_auc"": 0.0, ""f1"": 0.0, ""precision"": 0.0, ""recall"": 0.0}",0.007958173751831055,0.0004432201385498047,5.038763999938965,349.03125,201,ok,,1.0.0,{}
9946,wdbc,openml_task,amlb,classification,nofe,1,4500,455,114,30,30,0,0.9907407407407407,binary_roc_auc,True,0.9907407407407407,0.0,"{""accuracy"": 0.956140350793321, ""binary_crossentropy"": 0.13154384225459867, ""binary_roc_auc"": 0.9907407407407407, ""f1"": 0.9382715997134583, ""precision"": 0.9743589741091387, ""recall"": 0.9047619045464852}","{""accuracy"": 0.0, ""binary_crossentropy"": -0.0, ""binary_roc_auc"": 0.0, ""f1"": 0.0, ""precision"": 0.0, ""recall"": 0.0}",0.007768869400024414,7.224082946777344e-05,8.369804620742798,332.41015625,95,ok,,1.0.0,{}
9971,ilpd,openml_task,amlb,classification,nofe,0,4500,466,117,10,10,0,0.7117292700212614,binary_roc_auc,True,0.7117292700212614,0.0,"{""accuracy"": 0.7094017093410768, ""binary_crossentropy"": 0.5756632430940611, ""binary_roc_auc"": 0.7117292700212614, ""f1"": 0.0, ""precision"": 0.0, ""recall"": 0.0}","{""accuracy"": 0.0, ""binary_crossentropy"": -0.0, ""binary_roc_auc"": 0.0, ""f1"": 0.0, ""precision"": 0.0, ""recall"": 0.0}",0.00644683837890625,8.511543273925781e-05,4.045014142990112,330.5234375,3,ok,,1.0.0,{}
9946,wdbc,openml_task,amlb,classification,nofe,4,4500,455,114,30,30,0,0.9808201058201059,binary_roc_auc,True,0.9808201058201059,0.0,"{""accuracy"": 0.9385964911457372, ""binary_crossentropy"": 0.21110341280189204, ""binary_roc_auc"": 0.9808201058201059, ""f1"": 0.9156626453824939, ""precision"": 0.926829268066627, ""recall"": 0.9047619045464852}","{""accuracy"": 0.0, ""binary_crossentropy"": -0.0, ""binary_roc_auc"": 0.0, ""f1"": 0.0, ""precision"": 0.0, ""recall"": 0.0}",0.007372856140136719,0.00012159347534179688,8.410117387771606,333.27734375,263,ok,,1.0.0,{}
7592,adult,openml_task,amlb,classification,nofe,4,4500,39073,9769,14,14,0,0.929081251534649,binary_roc_auc,True,0.929081251534649,0.0,"{""accuracy"": 0.8734773262351586, ""binary_crossentropy"": 0.27464015454618335, ""binary_roc_auc"": 0.929081251534649, ""f1"": 0.918812396472981, ""precision"": 0.8974720903363307, ""recall"": 0.9411923025152185}","{""accuracy"": 0.0, ""binary_crossentropy"": -0.0, ""binary_roc_auc"": 0.0, ""f1"": 0.0, ""precision"": 0.0, ""recall"": 0.0}",0.02295207977294922,0.0004622936248779297,10.089127540588379,358.1875,257,ok,,1.0.0,{}
9946,wdbc,openml_task,amlb,classification,nofe,3,4500,455,114,30,30,0,0.9996693121693122,binary_roc_auc,True,0.9996693121693122,0.0,"{""accuracy"": 0.9912280700884888, ""binary_crossentropy"": 0.05326927449871283, ""binary_roc_auc"": 0.9996693121693122, ""f1"": 0.9882352888858132, ""precision"": 0.9767441858193618, ""recall"": 0.9999999997619048}","{""accuracy"": 0.0, ""binary_crossentropy"": -0.0, ""binary_roc_auc"": 0.0, ""f1"": 0.0, ""precision"": 0.0, ""recall"": 0.0}",0.009236812591552734,7.748603820800781e-05,8.658310890197754,333.92578125,287,ok,,1.0.0,{}
9964,semeion,openml_task,amlb,multiclass,nofe,0,4500,1274,319,256,256,0,0.1720654915796639,categorical_crossentropy,False,0.1720654915796639,-0.0,"{""accuracy"": 0.9887147335113257, ""categorical_crossentropy"": 0.1720654915796639, ""categorical_roc_auc"": 0.998292651705319, ""f1"": 0.943359260888003, ""precision"": 0.9440172232374758, ""recall"": 0.9434475803494236}","{""accuracy"": 0.0, ""categorical_crossentropy"": -0.0, ""categorical_roc_auc"": 0.0, ""f1"": 0.0, ""precision"": 0.0, ""recall"": 0.0}",0.00299072265625,8.606910705566406e-05,6.680391311645508,374.33203125,635,ok,,1.0.0,{}
9946,wdbc,openml_task,amlb,classification,nofe,2,4500,455,114,30,30,0,0.9927248677248677,binary_roc_auc,True,0.9927248677248677,0.0,"{""accuracy"": 0.9736842104409049, ""binary_crossentropy"": 0.09957632718387206, ""binary_roc_auc"": 0.9927248677248677, ""f1"": 0.9647058771266437, ""precision"": 0.9534883718712818, ""recall"": 0.9761904759580499}","{""accuracy"": 0.0, ""binary_crossentropy"": -0.0, ""binary_roc_auc"": 0.0, ""f1"": 0.0, ""precision"": 0.0, ""recall"": 0.0}",0.010171651840209961,0.0001480579376220703,8.969048738479614,333.0,113,ok,,1.0.0,{}
9964,semeion,openml_task,amlb,multiclass,nofe,1,4500,1274,319,256,256,0,0.16286236642293128,categorical_crossentropy,False,0.16286236642293128,-0.0,"{""accuracy"": 0.9880877742636963, ""categorical_crossentropy"": 0.16286236642293128, ""categorical_roc_auc"": 0.9986902576399036, ""f1"": 0.9407112937803992, ""precision"": 0.943886819722484, ""recall"": 0.9405241932534978}","{""accuracy"": 0.0, ""categorical_crossentropy"": -0.0, ""categorical_roc_auc"": 0.0, ""f1"": 0.0, ""precision"": 0.0, ""recall"": 0.0}",0.011792659759521484,0.0001666545867919922,6.574049711227417,375.05859375,705,ok,,1.0.0,{}
9910,Bioresponse,openml_task,amlb,classification,nofe,2,4500,3000,751,1776,1776,0,0.8845780241129078,binary_roc_auc,True,0.8845780241129078,0.0,"{""accuracy"": 0.798934753651146, ""binary_crossentropy"": 0.43269807042010855, ""binary_roc_auc"": 0.8845780241129078, ""f1"": 0.8178528297225575, ""precision"": 0.8033175355259877, ""recall"": 0.8329238329033679}","{""accuracy"": 0.0, ""binary_crossentropy"": -0.0, ""binary_roc_auc"": 0.0, ""f1"": 0.0, ""precision"": 0.0, ""recall"": 0.0}",0.018948793411254883,0.0007929801940917969,10.274856567382812,725.82421875,116,ok,,1.0.0,{}
9952,phoneme,openml_task,amlb,classification,nofe,1,4500,4323,1081,5,5,0,0.9460047566353411,binary_roc_auc,True,0.9460047566353411,0.0,"{""accuracy"": 0.8908418131277444, ""binary_crossentropy"": 0.2682097859069472, ""binary_roc_auc"": 0.9460047566353411, ""f1"": 0.8121019058026188, ""precision"": 0.8199356912919634, ""recall"": 0.804416403760113}","{""accuracy"": 0.0, ""binary_crossentropy"": -0.0, ""binary_roc_auc"": 0.0, ""f1"": 0.0, ""precision"": 0.0, ""recall"": 0.0}",0.014297246932983398,0.0001304149627685547,8.608443021774292,338.69921875,283,ok,,1.0.0,{}
9910,Bioresponse,openml_task,amlb,classification,nofe,3,4500,3000,751,1776,1776,0,0.8763284955145422,binary_roc_auc,True,0.8763284955145422,0.0,"{""accuracy"": 0.7962716378056421, ""binary_crossentropy"": 0.4422481188230643, ""binary_roc_auc"": 0.8763284955145422, ""f1"": 0.8167664620494677, ""precision"": 0.7967289719440016, ""recall"": 0.8378378378172521}","{""accuracy"": 0.0, ""binary_crossentropy"": -0.0, ""binary_roc_auc"": 0.0, ""f1"": 0.0, ""precision"": 0.0, ""recall"": 0.0}",0.01976156234741211,0.0007953643798828125,10.124569177627563,725.62890625,87,ok,,1.0.0,{}
9952,phoneme,openml_task,amlb,classification,nofe,0,4500,4323,1081,5,5,0,0.9547252547607643,binary_roc_auc,True,0.9547252547607643,0.0,"{""accuracy"": 0.8936170212683292, ""binary_crossentropy"": 0.24758177735020076, ""binary_roc_auc"": 0.9547252547607643, ""f1"": 0.8188976327694959, ""precision"": 0.8176100628673707, ""recall"": 0.820189274422076}","{""accuracy"": 0.0, ""binary_crossentropy"": -0.0, ""binary_roc_auc"": 0.0, ""f1"": 0.0, ""precision"": 0.0, ""recall"": 0.0}",0.007095813751220703,0.00014257431030273438,8.823659181594849,336.83984375,442,ok,,1.0.0,{}
9957,qsar-biodeg,openml_task,amlb,classification,nofe,0,4500,844,211,41,41,0,0.9102112676056338,binary_roc_auc,True,0.9102112676056338,0.0,"{""accuracy"": 0.8388625592019496, ""binary_crossentropy"": 0.3878659762759909, ""binary_roc_auc"": 0.9102112676056338, ""f1"": 0.7258064466011968, ""precision"": 0.8490566036133855, ""recall"": 0.6338028168121405}","{""accuracy"": 0.0, ""binary_crossentropy"": -0.0, ""binary_roc_auc"": 0.0, ""f1"": 0.0, ""precision"": 0.0, ""recall"": 0.0}",0.002534627914428711,8.988380432128906e-05,8.419506549835205,332.74609375,27,ok,,1.0.0,{}
9964,semeion,openml_task,amlb,multiclass,nofe,4,4500,1274,319,256,256,0,0.19340322272321808,categorical_crossentropy,False,0.19340322272321808,-0.0,"{""accuracy"": 0.9868338557684379, ""categorical_crossentropy"": 0.19340322272321808, ""categorical_roc_auc"": 0.9978863427747182, ""f1"": 0.9342260595010365, ""precision"": 0.9356275033951104, ""recall"": 0.9339717739008041}","{""accuracy"": 0.0, ""categorical_crossentropy"": -0.0, ""categorical_roc_auc"": 0.0, ""f1"": 0.0, ""precision"": 0.0, ""recall"": 0.0}",0.005368232727050781,0.00010728836059570312,5.7034220695495605,365.52734375,452,ok,,1.0.0,{}
9910,Bioresponse,openml_task,amlb,classification,nofe,1,4500,3000,751,1776,1776,0,0.8738929204045482,binary_roc_auc,True,0.8738929204045482,0.0,"{""accuracy"": 0.8029294274194018, ""binary_crossentropy"": 0.4458779928717172, ""binary_roc_auc"": 0.8738929204045482, ""f1"": 0.8250590966424951, ""precision"": 0.7949886104602508, ""recall"": 0.8574938574727888}","{""accuracy"": 0.0, ""binary_crossentropy"": -0.0, ""binary_roc_auc"": 0.0, ""f1"": 0.0, ""precision"": 0.0, ""recall"": 0.0}",0.019763946533203125,0.0008513927459716797,10.425472974777222,726.51953125,115,ok,,1.0.0,{}
9952,phoneme,openml_task,amlb,classification,nofe,4,4500,4323,1081,5,5,0,0.9621822716236974,binary_roc_auc,True,0.9621822716236974,0.0,"{""accuracy"": 0.9185938945335931, ""binary_crossentropy"": 0.2245167523478838, ""binary_roc_auc"": 0.9621822716236974, ""f1"": 0.8611987331431799, ""precision"": 0.8611987381431798, ""recall"": 0.8611987381431798}","{""accuracy"": 0.0, ""binary_crossentropy"": -0.0, ""binary_roc_auc"": 0.0, ""f1"": 0.0, ""precision"": 0.0, ""recall"": 0.0}",0.004914760589599609,0.00010609626770019531,8.637094736099243,338.54296875,491,ok,,1.0.0,{}
9957,qsar-biodeg,openml_task,amlb,classification,nofe,3,4500,844,211,41,41,0,0.9099597585513078,binary_roc_auc,True,0.9099597585513078,0.0,"{""accuracy"": 0.8530805686799487, ""binary_crossentropy"": 0.3618040181016682, ""binary_roc_auc"": 0.9099597585513078, ""f1"": 0.7633587735446653, ""precision"": 0.8333333331944445, ""recall"": 0.7042253520134895}","{""accuracy"": 0.0, ""binary_crossentropy"": -0.0, ""binary_roc_auc"": 0.0, ""f1"": 0.0, ""precision"": 0.0, ""recall"": 0.0}",0.004580020904541016,0.00017142295837402344,8.66887092590332,335.21484375,85,ok,,1.0.0,{}
9964,semeion,openml_task,amlb,multiclass,nofe,2,4500,1274,319,256,256,0,0.1954345195483946,categorical_crossentropy,False,0.1954345195483946,-0.0,"{""accuracy"": 0.9887147335113255, ""categorical_crossentropy"": 0.1954345195483946, ""categorical_roc_auc"": 0.996109370511908, ""f1"": 0.9435911031558926, ""precision"": 0.9455901807888332, ""recall"": 0.9436491932525211}","{""accuracy"": 0.0, ""categorical_crossentropy"": -0.0, ""categorical_roc_auc"": 0.0, ""f1"": 0.0, ""precision"": 0.0, ""recall"": 0.0}",0.006301403045654297,6.0558319091796875e-05,6.891650438308716,377.9921875,696,ok,,1.0.0,{}
9964,semeion,openml_task,amlb,multiclass,nofe,3,4500,1274,319,256,256,0,0.2026861561396138,categorical_crossentropy,False,0.2026861561396138,-0.0,"{""accuracy"": 0.987460815016067, ""categorical_crossentropy"": 0.2026861561396138, ""categorical_roc_auc"": 0.9973160818877773, ""f1"": 0.937533584755251, ""precision"": 0.9400665974911124, ""recall"": 0.9370967738998276}","{""accuracy"": 0.0, ""categorical_crossentropy"": -0.0, ""categorical_roc_auc"": 0.0, ""f1"": 0.0, ""precision"": 0.0, ""recall"": 0.0}",0.00474858283996582,5.817413330078125e-05,6.854635238647461,378.7890625,781,ok,,1.0.0,{}
9957,qsar-biodeg,openml_task,amlb,classification,nofe,2,4500,844,211,41,41,0,0.9174044265593562,binary_roc_auc,True,0.9174044265593562,0.0,"{""accuracy"": 0.8672985781579479, ""binary_crossentropy"": 0.3336047239985617, ""binary_roc_auc"": 0.9174044265593562, ""f1"": 0.7941176419517734, ""precision"": 0.8307692306414202, ""recall"": 0.7605633801745686}","{""accuracy"": 0.0, ""binary_crossentropy"": -0.0, ""binary_roc_auc"": 0.0, ""f1"": 0.0, ""precision"": 0.0, ""recall"": 0.0}",0.004350423812866211,0.00010371208190917969,8.798980236053467,332.8046875,94,ok,,1.0.0,{}
9957,qsar-biodeg,openml_task,amlb,classification,nofe,4,4500,844,211,41,41,0,0.9511066398390342,binary_roc_auc,True,0.9511066398390342,0.0,"{""accuracy"": 0.8672985781579479, ""binary_crossentropy"": 0.2714626444117453, ""binary_roc_auc"": 0.9511066398390342, ""f1"": 0.7878787827881084, ""precision"": 0.8524590162536952, ""recall"": 0.7323943660940291}","{""accuracy"": 0.0, ""binary_crossentropy"": -0.0, ""binary_roc_auc"": 0.0, ""f1"": 0.0, ""precision"": 0.0, ""recall"": 0.0}",0.0029687881469726562,0.000110626220703125,8.542677640914917,332.66796875,185,ok,,1.0.0,{}
9910,Bioresponse,openml_task,amlb,classification,nofe,4,4500,3000,751,1776,1776,0,0.8800282840980517,binary_roc_auc,True,0.8800282840980517,0.0,"{""accuracy"": 0.8229027962606804, ""binary_crossentropy"": 0.4298709363598481, ""binary_roc_auc"": 0.8800282840980517, ""f1"": 0.8383961067663721, ""precision"": 0.8293269230569873, ""recall"": 0.8476658476450205}","{""accuracy"": 0.0, ""binary_crossentropy"": -0.0, ""binary_roc_auc"": 0.0, ""f1"": 0.0, ""precision"": 0.0, ""recall"": 0.0}",0.018385648727416992,0.0008118152618408203,10.800077199935913,725.4375,130,ok,,1.0.0,{}
9957,qsar-biodeg,openml_task,amlb,classification,nofe,1,4500,844,211,41,41,0,0.9436619718309859,binary_roc_auc,True,0.9436619718309859,0.0,"{""accuracy"": 0.8862559241286134, ""binary_crossentropy"": 0.29341187430998106, ""binary_roc_auc"": 0.9436619718309859, ""f1"": 0.8285714234540817, ""precision"": 0.8405797100231045, ""recall"": 0.8169014083356477}","{""accuracy"": 0.0, ""binary_crossentropy"": -0.0, ""binary_roc_auc"": 0.0, ""f1"": 0.0, ""precision"": 0.0, ""recall"": 0.0}",0.0057294368743896484,0.00011897087097167969,8.904362678527832,336.015625,204,ok,,1.0.0,{}
9952,phoneme,openml_task,amlb,classification,nofe,2,4500,4323,1081,5,5,0,0.9559474457859183,binary_roc_auc,True,0.9559474457859183,0.0,"{""accuracy"": 0.8954671600287192, ""binary_crossentropy"": 0.24242886397841681, ""binary_roc_auc"": 0.9559474457859183, ""f1"": 0.8220472390686093, ""precision"": 0.8207547169553222, ""recall"": 0.8233438485544686}","{""accuracy"": 0.0, ""binary_crossentropy"": -0.0, ""binary_roc_auc"": 0.0, ""f1"": 0.0, ""precision"": 0.0, ""recall"": 0.0}",0.012386798858642578,0.00012183189392089844,9.47180700302124,339.62109375,326,ok,,1.0.0,{}
9952,phoneme,openml_task,amlb,classification,nofe,3,4500,4323,1081,5,5,0,0.9566989281054388,binary_roc_auc,True,0.9566989281054388,0.0,"{""accuracy"": 0.900092506929694, ""binary_crossentropy"": 0.24118379509948057, ""binary_roc_auc"": 0.9566989281054388, ""f1"": 0.8296529918192539, ""precision"": 0.8296529968192539, ""recall"": 0.8296529968192539}","{""accuracy"": 0.0, ""binary_crossentropy"": -0.0, ""binary_roc_auc"": 0.0, ""f1"": 0.0, ""precision"": 0.0, ""recall"": 0.0}",0.004788637161254883,5.269050598144531e-05,9.523681640625,336.2578125,485,ok,,1.0.0,{}
9971,ilpd,openml_task,amlb,classification,nofe,1,4500,466,117,10,10,0,0.7119064493267186,binary_roc_auc,True,0.7119064493267186,0.0,"{""accuracy"": 0.6410256409708526, ""binary_crossentropy"": 0.5687558274461418, ""binary_roc_auc"": 0.7119064493267186, ""f1"": 0.15999999558400013, ""precision"": 0.24999999984375, ""recall"": 0.11764705878892734}","{""accuracy"": 0.0, ""binary_crossentropy"": -0.0, ""binary_roc_auc"": 0.0, ""f1"": 0.0, ""precision"": 0.0, ""recall"": 0.0}",0.011893510818481445,8.416175842285156e-05,2.124631404876709,329.30078125,69,ok,,1.0.0,{}
9985,first-order-theorem-proving,openml_task,amlb,multiclass,nofe,2,4500,4894,1224,51,51,0,1.0879089879807924,categorical_crossentropy,False,1.0879089879807924,-0.0,"{""accuracy"": 0.8711873638273051, ""categorical_crossentropy"": 1.0879089879807924, ""categorical_roc_auc"": 0.8428453171579117, ""f1"": 0.5052972217101677, ""precision"": 0.5322629191662757, ""recall"": 0.49141516577747707}","{""accuracy"": 0.0, ""categorical_crossentropy"": -0.0, ""categorical_roc_auc"": 0.0, ""f1"": 0.0, ""precision"": 0.0, ""recall"": 0.0}",0.007185459136962891,0.0007164478302001953,9.16060495376587,377.2109375,217,ok,,1.0.0,{}
9985,first-order-theorem-proving,openml_task,amlb,multiclass,nofe,0,4500,4894,1224,51,51,0,1.0821211818100434,categorical_crossentropy,False,1.0821211818100434,-0.0,"{""accuracy"": 0.8717320261366689, ""categorical_crossentropy"": 1.0821211818100434, ""categorical_roc_auc"": 0.8443799066612652, ""f1"": 0.4995792908329224, ""precision"": 0.5355555990492585, ""recall"": 0.48207651675416585}","{""accuracy"": 0.0, ""categorical_crossentropy"": -0.0, ""categorical_roc_auc"": 0.0, ""f1"": 0.0, ""precision"": 0.0, ""recall"": 0.0}",0.013763427734375,0.0007870197296142578,9.406274795532227,376.734375,142,ok,,1.0.0,{}
14,mfeat-fourier,openml_task,amlb,multiclass,nofe,4,4500,1600,400,76,76,0,0.4010747689934215,categorical_crossentropy,False,0.4010747689934215,-0.0,"{""accuracy"": 0.9694999999757625, ""categorical_crossentropy"": 0.4010747689934215, ""categorical_roc_auc"": 0.9859097222222223, ""f1"": 0.8468781500838574, ""precision"": 0.8511897668361138, ""recall"": 0.847499999788125}","{""accuracy"": 0.0, ""categorical_crossentropy"": -0.0, ""categorical_roc_auc"": 0.0, ""f1"": 0.0, ""precision"": 0.0, ""recall"": 0.0}",0.004845857620239258,0.0004189014434814453,75.77942299842834,359.046875,187,ok,,1.0.0,{}
22,mfeat-zernike,openml_task,amlb,multiclass,nofe,2,4500,1600,400,47,47,0,0.5827837244176771,categorical_crossentropy,False,0.5827837244176771,-0.0,"{""accuracy"": 0.956999999976075, ""categorical_crossentropy"": 0.5827837244176771, ""categorical_roc_auc"": 0.9714305555555555, ""f1"": 0.7839965092145557, ""precision"": 0.7852910124711243, ""recall"": 0.7849999998037499}","{""accuracy"": 0.0, ""categorical_crossentropy"": -0.0, ""categorical_roc_auc"": 0.0, ""f1"": 0.0, ""precision"": 0.0, ""recall"": 0.0}",0.004149675369262695,0.00029277801513671875,76.55359601974487,350.90234375,147,ok,,1.0.0,{}
28,optdigits,openml_task,amlb,multiclass,nofe,1,4500,4496,1124,62,62,0,0.056064235516018815,categorical_crossentropy,False,0.056064235516018815,-0.0,"{""accuracy"": 0.9971530249021606, ""categorical_crossentropy"": 0.056064235516018815, ""categorical_roc_auc"": 0.9996846198388942, ""f1"": 0.9857281041482112, ""precision"": 0.9857892663264657, ""recall"": 0.9857213403058538}","{""accuracy"": 0.0, ""categorical_crossentropy"": -0.0, ""categorical_roc_auc"": 0.0, ""f1"": 0.0, ""precision"": 0.0, ""recall"": 0.0}",0.008983612060546875,0.0009007453918457031,76.64667510986328,417.890625,1007,ok,,1.0.0,{}
14,mfeat-fourier,openml_task,amlb,multiclass,nofe,2,4500,1600,400,76,76,0,0.4767043467679468,categorical_crossentropy,False,0.4767043467679468,-0.0,"{""accuracy"": 0.9634999999759124, ""categorical_crossentropy"": 0.4767043467679468, ""categorical_roc_auc"": 0.9813402777777778, ""f1"": 0.8190809922607489, ""precision"": 0.8224011375081102, ""recall"": 0.817499999795625}","{""accuracy"": 0.0, ""categorical_crossentropy"": -0.0, ""categorical_roc_auc"": 0.0, ""f1"": 0.0, ""precision"": 0.0, ""recall"": 0.0}",0.005953073501586914,0.00019693374633789062,76.39487504959106,365.37890625,324,ok,,1.0.0,{}
10093,banknote-authentication,openml_task,amlb,classification,nofe,0,4500,1097,275,4,4,0,1.0,binary_roc_auc,True,1.0,0.0,"{""accuracy"": 0.9963636363274049, ""binary_crossentropy"": 0.007810878899842713, ""binary_roc_auc"": 1.0, ""f1"": 0.9959183622657226, ""precision"": 0.9918699186185472, ""recall"": 0.9999999999180328}","{""accuracy"": 0.0, ""binary_crossentropy"": -0.0, ""binary_roc_auc"": 0.0, ""f1"": 0.0, ""precision"": 0.0, ""recall"": 0.0}",0.006525993347167969,6.651878356933594e-05,9.214291095733643,335.546875,394,ok,,1.0.0,{}
28,optdigits,openml_task,amlb,multiclass,nofe,0,4500,4496,1124,62,62,0,0.08450806592744839,categorical_crossentropy,False,0.08450806592744839,-0.0,"{""accuracy"": 0.9960854092438071, ""categorical_crossentropy"": 0.08450806592744839, ""categorical_roc_auc"": 0.9992782012246636, ""f1"": 0.9803820556627155, ""precision"": 0.9805277499576329, ""recall"": 0.9803952447816983}","{""accuracy"": 0.0, ""categorical_crossentropy"": -0.0, ""categorical_roc_auc"": 0.0, ""f1"": 0.0, ""precision"": 0.0, ""recall"": 0.0}",0.0068569183349609375,0.0011494159698486328,77.10393142700195,438.62890625,1448,ok,,1.0.0,{}
10093,banknote-authentication,openml_task,amlb,classification,nofe,1,4500,1097,275,4,4,0,1.0,binary_roc_auc,True,1.0,0.0,"{""accuracy"": 0.9999999999636363, ""binary_crossentropy"": 0.008799590331076284, ""binary_roc_auc"": 1.0, ""f1"": 0.9999999949180327, ""precision"": 0.9999999999180328, ""recall"": 0.9999999999180328}","{""accuracy"": 0.0, ""binary_crossentropy"": -0.0, ""binary_roc_auc"": 0.0, ""f1"": 0.0, ""precision"": 0.0, ""recall"": 0.0}",0.011557579040527344,8.988380432128906e-05,8.892475366592407,334.1640625,639,ok,,1.0.0,{}
9985,first-order-theorem-proving,openml_task,amlb,multiclass,nofe,1,4500,4894,1224,51,51,0,1.13291286015457,categorical_crossentropy,False,1.13291286015457,-0.0,"{""accuracy"": 0.8679193899711227, ""categorical_crossentropy"": 1.13291286015457, ""categorical_roc_auc"": 0.832062143892843, ""f1"": 0.48352901099427337, ""precision"": 0.5144064784369283, ""recall"": 0.46909869444694524}","{""accuracy"": 0.0, ""categorical_crossentropy"": -0.0, ""categorical_roc_auc"": 0.0, ""f1"": 0.0, ""precision"": 0.0, ""recall"": 0.0}",0.011188745498657227,0.0008716583251953125,10.132502317428589,380.05859375,257,ok,,1.0.0,{}
12,mfeat-factors,openml_task,amlb,multiclass,nofe,3,4500,1600,400,216,216,0,0.14649050414242082,categorical_crossentropy,False,0.14649050414242082,-0.0,"{""accuracy"": 0.98999999997525, ""categorical_crossentropy"": 0.14649050414242082, ""categorical_roc_auc"": 0.9987708333333334, ""f1"": 0.9502065820723514, ""precision"": 0.9518249399579135, ""recall"": 0.9499999997624998}","{""accuracy"": 0.0, ""categorical_crossentropy"": -0.0, ""categorical_roc_auc"": 0.0, ""f1"": 0.0, ""precision"": 0.0, ""recall"": 0.0}",0.010337352752685547,0.001409769058227539,77.80307912826538,365.83203125,246,ok,,1.0.0,{}
9976,madelon,openml_task,amlb,classification,nofe,0,4500,2080,520,500,500,0,0.8942455621301775,binary_roc_auc,True,0.8942455621301775,0.0,"{""accuracy"": 0.8153846153689349, ""binary_crossentropy"": 0.4355741875389448, ""binary_roc_auc"": 0.8942455621301775, ""f1"": 0.8188679194991813, ""precision"": 0.8037037036739368, ""recall"": 0.834615384583284}","{""accuracy"": 0.0, ""binary_crossentropy"": -0.0, ""binary_roc_auc"": 0.0, ""f1"": 0.0, ""precision"": 0.0, ""recall"": 0.0}",0.008690595626831055,0.0002875328063964844,13.39571213722229,434.12890625,87,ok,,1.0.0,{}
43,spambase,openml_task,amlb,classification,nofe,0,4500,3680,921,57,57,0,0.9896965747405629,binary_roc_auc,True,0.9896965747405629,0.0,"{""accuracy"": 0.958740499446702, ""binary_crossentropy"": 0.1166924022625758, ""binary_roc_auc"": 0.9896965747405629, ""f1"": 0.948087426668421, ""precision"": 0.9403794037685533, ""recall"": 0.9559228649874402}","{""accuracy"": 0.0, ""binary_crossentropy"": -0.0, ""binary_roc_auc"": 0.0, ""f1"": 0.0, ""precision"": 0.0, ""recall"": 0.0}",0.008047103881835938,0.0006418228149414062,72.3101396560669,355.7109375,282,ok,,1.0.0,{}
16,mfeat-karhunen,openml_task,amlb,multiclass,nofe,2,4500,1600,400,64,64,0,0.23560991505739368,categorical_crossentropy,False,0.23560991505739368,-0.0,"{""accuracy"": 0.9874999999753126, ""categorical_crossentropy"": 0.23560991505739368, ""categorical_roc_auc"": 0.9960625000000001, ""f1"": 0.9370517960442395, ""precision"": 0.939037468238137, ""recall"": 0.937499999765625}","{""accuracy"": 0.0, ""categorical_crossentropy"": -0.0, ""categorical_roc_auc"": 0.0, ""f1"": 0.0, ""precision"": 0.0, ""recall"": 0.0}",0.0065042972564697266,0.00039958953857421875,77.3008680343628,373.69140625,580,ok,,1.0.0,{}
9985,first-order-theorem-proving,openml_task,amlb,multiclass,nofe,3,4500,4894,1224,51,51,0,1.0880168318364989,categorical_crossentropy,False,1.0880168318364989,-0.0,"{""accuracy"": 0.8703703703632595, ""categorical_crossentropy"": 1.0880168318364989, ""categorical_roc_auc"": 0.8430352159072944, ""f1"": 0.49696246227321494, ""precision"": 0.5265981385380875, ""recall"": 0.4818261561477039}","{""accuracy"": 0.0, ""categorical_crossentropy"": -0.0, ""categorical_roc_auc"": 0.0, ""f1"": 0.0, ""precision"": 0.0, ""recall"": 0.0}",0.009925127029418945,0.0007321834564208984,10.800207376480103,382.01953125,286,ok,,1.0.0,{}
9985,first-order-theorem-proving,openml_task,amlb,multiclass,nofe,4,4500,4894,1224,51,51,0,1.101630444859468,categorical_crossentropy,False,1.101630444859468,-0.0,"{""accuracy"": 0.8703703703632595, ""categorical_crossentropy"": 1.101630444859468, ""categorical_roc_auc"": 0.8401516502017948, ""f1"": 0.5054769681623886, ""precision"": 0.5434921546771838, ""recall"": 0.48854410234674756}","{""accuracy"": 0.0, ""categorical_crossentropy"": -0.0, ""categorical_roc_auc"": 0.0, ""f1"": 0.0, ""precision"": 0.0, ""recall"": 0.0}",0.009262800216674805,0.0006732940673828125,10.603810548782349,381.4765625,268,ok,,1.0.0,{}
6,letter,openml_task,amlb,multiclass,nofe,1,4500,16000,4000,16,16,0,0.11556069835297948,categorical_crossentropy,False,0.11556069835297948,-0.0,"{""accuracy"": 0.9970961538436611, ""categorical_crossentropy"": 0.11556069835297948, ""categorical_roc_auc"": 0.9995732625748187, ""f1"": 0.9621373136307396, ""precision"": 0.9625110949291712, ""recall"": 0.9620909628715383}","{""accuracy"": 0.0, ""categorical_crossentropy"": -0.0, ""categorical_roc_auc"": 0.0, ""f1"": 0.0, ""precision"": 0.0, ""recall"": 0.0}",0.01334071159362793,0.0008101463317871094,78.45200991630554,640.91015625,1454,ok,,1.0.0,{}
12,mfeat-factors,openml_task,amlb,multiclass,nofe,1,4500,1600,400,216,216,0,0.14123844446359726,categorical_crossentropy,False,0.14123844446359726,-0.0,"{""accuracy"": 0.9924999999751876, ""categorical_crossentropy"": 0.14123844446359726, ""categorical_roc_auc"": 0.998625, ""f1"": 0.9624130905149244, ""precision"": 0.9633234820100466, ""recall"": 0.9624999997593748}","{""accuracy"": 0.0, ""categorical_crossentropy"": -0.0, ""categorical_roc_auc"": 0.0, ""f1"": 0.0, ""precision"": 0.0, ""recall"": 0.0}",0.0056722164154052734,0.0004994869232177734,77.9288125038147,371.8671875,395,ok,,1.0.0,{}
9976,madelon,openml_task,amlb,classification,nofe,3,4500,2080,520,500,500,0,0.9059171597633137,binary_roc_auc,True,0.9059171597633137,0.0,"{""accuracy"": 0.8269230769071746, ""binary_crossentropy"": 0.4321942936772337, ""binary_roc_auc"": 0.9059171597633137, ""f1"": 0.8269230718912723, ""precision"": 0.8269230768912722, ""recall"": 0.8269230768912722}","{""accuracy"": 0.0, ""binary_crossentropy"": -0.0, ""binary_roc_auc"": 0.0, ""f1"": 0.0, ""precision"": 0.0, ""recall"": 0.0}",0.008817434310913086,0.0003008842468261719,12.836736917495728,434.72265625,47,ok,,1.0.0,{}
28,optdigits,openml_task,amlb,multiclass,nofe,3,4500,4496,1124,62,62,0,0.06441130571853765,categorical_crossentropy,False,0.06441130571853765,-0.0,"{""accuracy"": 0.9950177935854537, ""categorical_crossentropy"": 0.06441130571853765, ""categorical_roc_auc"": 0.9996706314442761, ""f1"": 0.9751280432752667, ""precision"": 0.975155247424385, ""recall"": 0.9751086562107595}","{""accuracy"": 0.0, ""categorical_crossentropy"": -0.0, ""categorical_roc_auc"": 0.0, ""f1"": 0.0, ""precision"": 0.0, ""recall"": 0.0}",0.015252828598022461,0.001943349838256836,78.61443328857422,397.15625,680,ok,,1.0.0,{}
43,spambase,openml_task,amlb,classification,nofe,1,4500,3680,921,57,57,0,0.9873663319411119,binary_roc_auc,True,0.9873663319411119,0.0,"{""accuracy"": 0.9500542888061884, ""binary_crossentropy"": 0.13628545383118118, ""binary_roc_auc"": 0.9873663319411119, ""f1"": 0.9362880836168769, ""precision"": 0.9415041782467547, ""recall"": 0.9311294765583711}","{""accuracy"": 0.0, ""binary_crossentropy"": -0.0, ""binary_roc_auc"": 0.0, ""f1"": 0.0, ""precision"": 0.0, ""recall"": 0.0}",0.008438825607299805,0.0005598068237304688,73.42666482925415,355.97265625,280,ok,,1.0.0,{}
9976,madelon,openml_task,amlb,classification,nofe,1,4500,2080,520,500,500,0,0.8904289940828403,binary_roc_auc,True,0.8904289940828403,0.0,"{""accuracy"": 0.8269230769071746, ""binary_crossentropy"": 0.4221446029197138, ""binary_roc_auc"": 0.8904289940828403, ""f1"": 0.8308270626404828, ""precision"": 0.8124999999701287, ""recall"": 0.8499999999673077}","{""accuracy"": 0.0, ""binary_crossentropy"": -0.0, ""binary_roc_auc"": 0.0, ""f1"": 0.0, ""precision"": 0.0, ""recall"": 0.0}",0.016321420669555664,0.0019402503967285156,13.843143224716187,434.4453125,153,ok,,1.0.0,{}
14,mfeat-fourier,openml_task,amlb,multiclass,nofe,1,4500,1600,400,76,76,0,0.4500672455763561,categorical_crossentropy,False,0.4500672455763561,-0.0,"{""accuracy"": 0.9649999999758749, ""categorical_crossentropy"": 0.4500672455763561, ""categorical_roc_auc"": 0.9835486111111111, ""f1"": 0.8259499759824841, ""precision"": 0.8290472050972527, ""recall"": 0.8249999997937498}","{""accuracy"": 0.0, ""categorical_crossentropy"": -0.0, ""categorical_roc_auc"": 0.0, ""f1"": 0.0, ""precision"": 0.0, ""recall"": 0.0}",0.003920793533325195,0.0003254413604736328,78.4525294303894,360.77734375,223,ok,,1.0.0,{}
6,letter,openml_task,amlb,multiclass,nofe,3,4500,16000,4000,16,16,0,0.1149115855404337,categorical_crossentropy,False,0.1149115855404337,-0.0,"{""accuracy"": 0.997307692305199, ""categorical_crossentropy"": 0.1149115855404337, ""categorical_roc_auc"": 0.9996222763013886, ""f1"": 0.9649879487792131, ""precision"": 0.9653910898475764, ""recall"": 0.9649359972944977}","{""accuracy"": 0.0, ""categorical_crossentropy"": -0.0, ""categorical_roc_auc"": 0.0, ""f1"": 0.0, ""precision"": 0.0, ""recall"": 0.0}",0.018378257751464844,0.000896453857421875,78.55767869949341,581.359375,1029,ok,,1.0.0,{}
9977,nomao,openml_task,amlb,classification,nofe,2,4500,27572,6893,118,118,0,0.9947168004970628,binary_roc_auc,True,0.9947168004970628,0.0,"{""accuracy"": 0.9683737124605131, ""binary_crossentropy"": 0.08210021520914056, ""binary_roc_auc"": 0.9947168004970628, ""f1"": 0.9778769992602457, ""precision"": 0.977281947259681, ""recall"": 0.9784727863505718}","{""accuracy"": 0.0, ""binary_crossentropy"": -0.0, ""binary_roc_auc"": 0.0, ""f1"": 0.0, ""precision"": 0.0, ""recall"": 0.0}",0.022708415985107422,0.0029671192169189453,13.257168769836426,562.0234375,486,ok,,1.0.0,{}
14965,bank-marketing,openml_task,amlb,classification,nofe,1,4500,36168,9043,16,16,0,0.9355591710828313,binary_roc_auc,True,0.9355591710828313,0.0,"{""accuracy"": 0.9074422205010422, ""binary_crossentropy"": 0.1970229387218367, ""binary_roc_auc"": 0.9355591710828313, ""f1"": 0.5564387868006491, ""precision"": 0.6332931242384404, ""recall"": 0.49621928165882595}","{""accuracy"": 0.0, ""binary_crossentropy"": -0.0, ""binary_roc_auc"": 0.0, ""f1"": 0.0, ""precision"": 0.0, ""recall"": 0.0}",0.016583919525146484,0.0008342266082763672,9.97998833656311,361.6875,271,ok,,1.0.0,{}
14965,bank-marketing,openml_task,amlb,classification,nofe,0,4500,36168,9043,16,16,0,0.9374071540092305,binary_roc_auc,True,0.9374071540092305,0.0,"{""accuracy"": 0.9110914519507783, ""binary_crossentropy"": 0.1940132602092769, ""binary_roc_auc"": 0.9374071540092305, ""f1"": 0.5709711797090901, ""precision"": 0.655637254893926, ""recall"": 0.5056710774999464}","{""accuracy"": 0.0, ""binary_crossentropy"": -0.0, ""binary_roc_auc"": 0.0, ""f1"": 0.0, ""precision"": 0.0, ""recall"": 0.0}",0.020193099975585938,0.00047206878662109375,10.755763292312622,365.0234375,418,ok,,1.0.0,{}
43,spambase,openml_task,amlb,classification,nofe,4,4500,3680,921,57,57,0,0.984739871836646,binary_roc_auc,True,0.984739871836646,0.0,"{""accuracy"": 0.9467969598159957, ""binary_crossentropy"": 0.1504146624055279, ""binary_roc_auc"": 0.984739871836646, ""f1"": 0.9312762923107427, ""precision"": 0.9485714285443265, ""recall"": 0.9146005509389917}","{""accuracy"": 0.0, ""binary_crossentropy"": -0.0, ""binary_roc_auc"": 0.0, ""f1"": 0.0, ""precision"": 0.0, ""recall"": 0.0}",0.007995367050170898,0.0005514621734619141,86.16145181655884,355.6171875,265,ok,,1.0.0,{}
14965,bank-marketing,openml_task,amlb,classification,nofe,4,4500,36168,9043,16,16,0,0.9372663536190847,binary_roc_auc,True,0.9372663536190847,0.0,"{""accuracy"": 0.9066681411026134, ""binary_crossentropy"": 0.19439299644897334, ""binary_roc_auc"": 0.9372663536190847, ""f1"": 0.5631469929691284, ""precision"": 0.6224256292834963, ""recall"": 0.5141776937569549}","{""accuracy"": 0.0, ""binary_crossentropy"": -0.0, ""binary_roc_auc"": 0.0, ""f1"": 0.0, ""precision"": 0.0, ""recall"": 0.0}",0.018519163131713867,0.0003960132598876953,10.198752403259277,360.625,241,ok,,1.0.0,{}
2079,eucalyptus,openml_task,amlb,multiclass,nofe,0,4500,588,148,19,19,0,0.8086177422035787,categorical_crossentropy,False,0.8086177422035787,-0.0,"{""accuracy"": 0.8648648648064281, ""categorical_crossentropy"": 0.8086177422035787, ""categorical_roc_auc"": 0.9065757031486882, ""f1"": 0.6068959387864045, ""precision"": 0.6586887473861902, ""recall"": 0.602339778885169}","{""accuracy"": 0.0, ""categorical_crossentropy"": -0.0, ""categorical_roc_auc"": 0.0, ""f1"": 0.0, ""precision"": 0.0, ""recall"": 0.0}",0.0047070980072021484,0.00011348724365234375,84.58549571037292,341.57421875,68,ok,,1.0.0,{}
37,diabetes,openml_task,amlb,classification,nofe,2,4500,614,154,8,8,0,0.7935185185185185,binary_roc_auc,True,0.7935185185185185,0.0,"{""accuracy"": 0.7662337661840107, ""binary_crossentropy"": 0.5173654703834614, ""binary_roc_auc"": 0.7935185185185185, ""f1"": 0.5909090860330579, ""precision"": 0.7647058821280277, ""recall"": 0.4814814813923182}","{""accuracy"": 0.0, ""binary_crossentropy"": -0.0, ""binary_roc_auc"": 0.0, ""f1"": 0.0, ""precision"": 0.0, ""recall"": 0.0}",0.005057811737060547,6.651878356933594e-05,86.30180978775024,331.9296875,40,ok,,1.0.0,{}
14965,bank-marketing,openml_task,amlb,classification,nofe,2,4500,36168,9043,16,16,0,0.9339189856216701,binary_roc_auc,True,0.9339189856216701,0.0,"{""accuracy"": 0.9062258100177969, ""binary_crossentropy"": 0.19838881403712408, ""binary_roc_auc"": 0.9339189856216701, ""f1"": 0.535087714420519, ""precision"": 0.6370757180073489, ""recall"": 0.46124763704668015}","{""accuracy"": 0.0, ""binary_crossentropy"": -0.0, ""binary_roc_auc"": 0.0, ""f1"": 0.0, ""precision"": 0.0, ""recall"": 0.0}",0.01767253875732422,0.0008952617645263672,10.622328281402588,357.99609375,226,ok,,1.0.0,{}
49,tic-tac-toe,openml_task,amlb,classification,nofe,1,4500,766,192,9,9,0,1.0,binary_roc_auc,True,1.0,0.0,"{""accuracy"": 0.9999999999479167, ""binary_crossentropy"": 0.022896941321278064, ""binary_roc_auc"": 1.0, ""f1"": 0.99999999492, ""precision"": 0.9999999999200001, ""recall"": 0.9999999999200001}","{""accuracy"": 0.0, ""binary_crossentropy"": -0.0, ""binary_roc_auc"": 0.0, ""f1"": 0.0, ""precision"": 0.0, ""recall"": 0.0}",0.0037393569946289062,0.00010347366333007812,86.51656866073608,337.34765625,755,ok,,1.0.0,{}
9976,madelon,openml_task,amlb,classification,nofe,4,4500,2080,520,500,500,0,0.8800739644970414,binary_roc_auc,True,0.8800739644970414,0.0,"{""accuracy"": 0.8096153845998151, ""binary_crossentropy"": 0.43731229288879636, ""binary_roc_auc"": 0.8800739644970414, ""f1"": 0.8170055402638369, ""precision"": 0.7864768682994137, ""recall"": 0.8499999999673077}","{""accuracy"": 0.0, ""binary_crossentropy"": -0.0, ""binary_roc_auc"": 0.0, ""f1"": 0.0, ""precision"": 0.0, ""recall"": 0.0}",0.008865118026733398,0.0017893314361572266,28.978463411331177,435.4375,291,ok,,1.0.0,{}
49,tic-tac-toe,openml_task,amlb,classification,nofe,2,4500,766,192,9,9,0,0.9992835820895523,binary_roc_auc,True,0.9992835820895523,0.0,"{""accuracy"": 0.9895833332817925, ""binary_crossentropy"": 0.048641702952447, ""binary_roc_auc"": 0.9992835820895523, ""f1"": 0.992063486985072, ""precision"": 0.9842519684264369, ""recall"": 0.9999999999200001}","{""accuracy"": 0.0, ""binary_crossentropy"": -0.0, ""binary_roc_auc"": 0.0, ""f1"": 0.0, ""precision"": 0.0, ""recall"": 0.0}",0.004900455474853516,0.00010156631469726562,88.10273909568787,331.82421875,702,ok,,1.0.0,{}
10101,blood-transfusion,openml_task,amlb,classification,nofe,4,4500,598,150,4,4,0,0.7099171539961014,binary_roc_auc,True,0.7099171539961014,0.0,"{""accuracy"": 0.779999999948, ""binary_crossentropy"": 0.5122701958318552, ""binary_roc_auc"": 0.7099171539961014, ""f1"": 0.3529411721799308, ""precision"": 0.5999999996, ""recall"": 0.24999999993055555}","{""accuracy"": 0.0, ""binary_crossentropy"": -0.0, ""binary_roc_auc"": 0.0, ""f1"": 0.0, ""precision"": 0.0, ""recall"": 0.0}",0.0052490234375,6.29425048828125e-05,16.427376747131348,329.64453125,75,ok,,1.0.0,{}
10093,banknote-authentication,openml_task,amlb,classification,nofe,3,4500,1097,275,4,4,0,1.0,binary_roc_auc,True,1.0,0.0,"{""accuracy"": 0.9999999999636363, ""binary_crossentropy"": 0.0068520525541283525, ""binary_roc_auc"": 1.0, ""f1"": 0.9999999949180327, ""precision"": 0.9999999999180328, ""recall"": 0.9999999999180328}","{""accuracy"": 0.0, ""binary_crossentropy"": -0.0, ""binary_roc_auc"": 0.0, ""f1"": 0.0, ""precision"": 0.0, ""recall"": 0.0}",0.00525665283203125,6.246566772460938e-05,16.71596670150757,331.7734375,390,ok,,1.0.0,{}
10093,banknote-authentication,openml_task,amlb,classification,nofe,2,4500,1097,275,4,4,0,0.9999464266580949,binary_roc_auc,True,0.9999464266580949,0.0,"{""accuracy"": 0.9927272726911736, ""binary_crossentropy"": 0.017674345215094613, ""binary_roc_auc"": 0.9999464266580949, ""f1"": 0.9918032736072294, ""precision"": 0.9918032786072293, ""recall"": 0.9918032786072293}","{""accuracy"": 0.0, ""binary_crossentropy"": -0.0, ""binary_roc_auc"": 0.0, ""f1"": 0.0, ""precision"": 0.0, ""recall"": 0.0}",0.005327701568603516,6.723403930664062e-05,17.50239324569702,332.55078125,485,ok,,1.0.0,{}
22,mfeat-zernike,openml_task,amlb,multiclass,nofe,3,4500,1600,400,47,47,0,0.5890374158590567,categorical_crossentropy,False,0.5890374158590567,-0.0,"{""accuracy"": 0.9524999999761874, ""categorical_crossentropy"": 0.5890374158590567, ""categorical_roc_auc"": 0.9707986111111111, ""f1"": 0.7646546972773451, ""precision"": 0.7684359369334417, ""recall"": 0.7624999998093751}","{""accuracy"": 0.0, ""categorical_crossentropy"": -0.0, ""categorical_roc_auc"": 0.0, ""f1"": 0.0, ""precision"": 0.0, ""recall"": 0.0}",0.0034563541412353516,0.00014925003051757812,95.61314916610718,352.921875,127,ok,,1.0.0,{}
10101,blood-transfusion,openml_task,amlb,classification,nofe,0,4500,598,150,4,4,0,0.6437621832358674,binary_roc_auc,True,0.6437621832358674,0.0,"{""accuracy"": 0.7599999999493333, ""binary_crossentropy"": 0.5313475094238918, ""binary_roc_auc"": 0.6437621832358674, ""f1"": 0.0, ""precision"": 0.0, ""recall"": 0.0}","{""accuracy"": 0.0, ""binary_crossentropy"": -0.0, ""binary_roc_auc"": 0.0, ""f1"": 0.0, ""precision"": 0.0, ""recall"": 0.0}",0.00831747055053711,9.226799011230469e-05,16.66116428375244,328.60546875,12,ok,,1.0.0,{}
10093,banknote-authentication,openml_task,amlb,classification,nofe,4,4500,1097,275,4,4,0,0.9998392799742849,binary_roc_auc,True,0.9998392799742849,0.0,"{""accuracy"": 0.9963636363274049, ""binary_crossentropy"": 0.013706479198768978, ""binary_roc_auc"": 0.9998392799742849, ""f1"": 0.9959183622657226, ""precision"": 0.9918699186185472, ""recall"": 0.9999999999180328}","{""accuracy"": 0.0, ""binary_crossentropy"": -0.0, ""binary_roc_auc"": 0.0, ""f1"": 0.0, ""precision"": 0.0, ""recall"": 0.0}",0.0047550201416015625,4.601478576660156e-05,17.164887189865112,339.66015625,1393,ok,,1.0.0,{}
14954,cylinder-bands,openml_task,amlb,classification,nofe,0,4500,432,108,35,35,0,0.9319775596072932,binary_roc_auc,True,0.9319775596072932,0.0,"{""accuracy"": 0.8055555554809671, ""binary_crossentropy"": 0.31273259495921796, ""binary_roc_auc"": 0.9319775596072932, ""f1"": 0.8319999948672, ""precision"": 0.82539682526581, ""recall"": 0.8387096772840791}","{""accuracy"": 0.0, ""binary_crossentropy"": -0.0, ""binary_roc_auc"": 0.0, ""f1"": 0.0, ""precision"": 0.0, ""recall"": 0.0}",0.0066814422607421875,0.0001819133758544922,16.588963747024536,334.5078125,285,ok,,1.0.0,{}
10101,blood-transfusion,openml_task,amlb,classification,nofe,2,4500,598,150,4,4,0,0.7634015594541911,binary_roc_auc,True,0.7634015594541911,0.0,"{""accuracy"": 0.8066666666128889, ""binary_crossentropy"": 0.46741827348868054, ""binary_roc_auc"": 0.7634015594541911, ""f1"": 0.4528301841509434, ""precision"": 0.7058823525259516, ""recall"": 0.3333333332407407}","{""accuracy"": 0.0, ""binary_crossentropy"": -0.0, ""binary_roc_auc"": 0.0, ""f1"": 0.0, ""precision"": 0.0, ""recall"": 0.0}",0.004765748977661133,0.00011134147644042969,17.90678834915161,331.2109375,40,ok,,1.0.0,{}
9910,Bioresponse,openml_task,amlb,classification,nofe,0,4500,3000,751,1776,1776,0,0.8878349808582366,binary_roc_auc,True,0.8878349808582366,0.0,"{""accuracy"": 0.8122503328786651, ""binary_crossentropy"": 0.4286683178240168, ""binary_roc_auc"": 0.8878349808582366, ""f1"": 0.8323424444502822, ""precision"": 0.806451612884644, ""recall"": 0.859950859929731}","{""accuracy"": 0.0, ""binary_crossentropy"": -0.0, ""binary_roc_auc"": 0.0, ""f1"": 0.0, ""precision"": 0.0, ""recall"": 0.0}",0.01861858367919922,0.0008835792541503906,44.453054904937744,727.578125,181,ok,,1.0.0,{}
10101,blood-transfusion,openml_task,amlb,classification,nofe,3,4500,598,150,4,4,0,0.6319444444444445,binary_roc_auc,True,0.6319444444444445,0.0,"{""accuracy"": 0.7599999999493333, ""binary_crossentropy"": 0.5317196175456047, ""binary_roc_auc"": 0.6319444444444445, ""f1"": 0.0, ""precision"": 0.0, ""recall"": 0.0}","{""accuracy"": 0.0, ""binary_crossentropy"": -0.0, ""binary_roc_auc"": 0.0, ""f1"": 0.0, ""precision"": 0.0, ""recall"": 0.0}",0.0043256282806396484,5.650520324707031e-05,18.089125633239746,328.84375,9,ok,,1.0.0,{}
14954,cylinder-bands,openml_task,amlb,classification,nofe,3,4500,432,108,35,35,0,0.8271388499298739,binary_roc_auc,True,0.8271388499298739,0.0,"{""accuracy"": 0.7870370369641633, ""binary_crossentropy"": 0.5105437139670054, ""binary_roc_auc"": 0.8271388499298739, ""f1"": 0.8345323690388697, ""precision"": 0.7532467531489291, ""recall"": 0.9354838708168575}","{""accuracy"": 0.0, ""binary_crossentropy"": -0.0, ""binary_roc_auc"": 0.0, ""f1"": 0.0, ""precision"": 0.0, ""recall"": 0.0}",0.007470607757568359,0.00018262863159179688,17.038307189941406,330.69921875,39,ok,,1.0.0,{}
14952,PhishingWebsites,openml_task,amlb,classification,nofe,4,4500,8844,2211,30,30,0,0.997211906696066,binary_roc_auc,True,0.997211906696066,0.0,"{""accuracy"": 0.9751243781050425, ""binary_crossentropy"": 0.06633114232562975, ""binary_roc_auc"": 0.997211906696066, ""f1"": 0.9776149726070408, ""precision"": 0.9796084828631354, ""recall"": 0.9756295694478017}","{""accuracy"": 0.0, ""binary_crossentropy"": -0.0, ""binary_roc_auc"": 0.0, ""f1"": 0.0, ""precision"": 0.0, ""recall"": 0.0}",0.007451534271240234,0.00024437904357910156,17.50187063217163,341.08984375,452,ok,,1.0.0,{}
14954,cylinder-bands,openml_task,amlb,classification,nofe,1,4500,432,108,35,35,0,0.8509817671809257,binary_roc_auc,True,0.8509817671809257,0.0,"{""accuracy"": 0.8055555554809671, ""binary_crossentropy"": 0.4752561906180172, ""binary_roc_auc"": 0.8509817671809257, ""f1"": 0.8421052580541581, ""precision"": 0.7887323942551082, ""recall"": 0.9032258063059313}","{""accuracy"": 0.0, ""binary_crossentropy"": -0.0, ""binary_roc_auc"": 0.0, ""f1"": 0.0, ""precision"": 0.0, ""recall"": 0.0}",0.00790548324584961,0.0001804828643798828,17.720871210098267,334.50390625,115,ok,,1.0.0,{}
10101,blood-transfusion,openml_task,amlb,classification,nofe,1,4500,598,150,4,4,0,0.7269736842105263,binary_roc_auc,True,0.7269736842105263,0.0,"{""accuracy"": 0.7599999999493333, ""binary_crossentropy"": 0.4907065110405286, ""binary_roc_auc"": 0.7269736842105263, ""f1"": 0.30769230331360947, ""precision"": 0.4999999996875, ""recall"": 0.2222222221604938}","{""accuracy"": 0.0, ""binary_crossentropy"": -0.0, ""binary_roc_auc"": 0.0, ""f1"": 0.0, ""precision"": 0.0, ""recall"": 0.0}",0.0106964111328125,7.200241088867188e-05,18.56175684928894,331.6328125,39,ok,,1.0.0,{}
9971,ilpd,openml_task,amlb,classification,nofe,2,4500,466,117,10,10,0,0.6853295535081503,binary_roc_auc,True,0.6853295535081503,0.0,"{""accuracy"": 0.6666666666096867, ""binary_crossentropy"": 0.5601887948747374, ""binary_roc_auc"": 0.6853295535081503, ""f1"": 0.13333332958024702, ""precision"": 0.2727272724793388, ""recall"": 0.0882352940916955}","{""accuracy"": 0.0, ""binary_crossentropy"": -0.0, ""binary_roc_auc"": 0.0, ""f1"": 0.0, ""precision"": 0.0, ""recall"": 0.0}",0.007980823516845703,8.440017700195312e-05,34.84469771385193,330.5390625,32,ok,,1.0.0,{}
14954,cylinder-bands,openml_task,amlb,classification,nofe,2,4500,432,108,35,35,0,0.9119915848527349,binary_roc_auc,True,0.9119915848527349,0.0,"{""accuracy"": 0.814814814739369, ""binary_crossentropy"": 0.36497988744263743, ""binary_roc_auc"": 0.9119915848527349, ""f1"": 0.843749994873047, ""precision"": 0.8181818180578513, ""recall"": 0.8709677417950052}","{""accuracy"": 0.0, ""binary_crossentropy"": -0.0, ""binary_roc_auc"": 0.0, ""f1"": 0.0, ""precision"": 0.0, ""recall"": 0.0}",0.0034508705139160156,0.00016570091247558594,18.315672159194946,335.68359375,244,ok,,1.0.0,{}
14954,cylinder-bands,openml_task,amlb,classification,nofe,4,4500,432,108,35,35,0,0.8818373071528752,binary_roc_auc,True,0.8818373071528752,0.0,"{""accuracy"": 0.7777777777057614, ""binary_crossentropy"": 0.47104873869870467, ""binary_roc_auc"": 0.8818373071528752, ""f1"": 0.823529406682526, ""precision"": 0.7567567566544924, ""recall"": 0.9032258063059313}","{""accuracy"": 0.0, ""binary_crossentropy"": -0.0, ""binary_roc_auc"": 0.0, ""f1"": 0.0, ""precision"": 0.0, ""recall"": 0.0}",0.002784252166748047,0.0001671314239501953,18.040009260177612,338.078125,538,ok,,1.0.0,{}
14952,PhishingWebsites,openml_task,amlb,classification,nofe,1,4500,8844,2211,30,30,0,0.9965831661665477,binary_roc_auc,True,0.9965831661665477,0.0,"{""accuracy"": 0.9692446856582124, ""binary_crossentropy"": 0.07248446243973883, ""binary_roc_auc"": 0.9965831661665477, ""f1"": 0.972357718569334, ""precision"": 0.9731489015380542, ""recall"": 0.9715678310237892}","{""accuracy"": 0.0, ""binary_crossentropy"": -0.0, ""binary_roc_auc"": 0.0, ""f1"": 0.0, ""precision"": 0.0, ""recall"": 0.0}",0.010116815567016602,0.00034880638122558594,19.01816964149475,344.92578125,777,ok,,1.0.0,{}
125920,dresses-sales,openml_task,amlb,classification,nofe,1,4500,400,100,12,12,0,0.5619868637110017,binary_roc_auc,True,0.5619868637110017,0.0,"{""accuracy"": 0.5599999999440001, ""binary_crossentropy"": 0.6755025538802147, ""binary_roc_auc"": 0.5619868637110017, ""f1"": 0.3333333286042241, ""precision"": 0.4583333331423611, ""recall"": 0.26190476184240363}","{""accuracy"": 0.0, ""binary_crossentropy"": -0.0, ""binary_roc_auc"": 0.0, ""f1"": 0.0, ""precision"": 0.0, ""recall"": 0.0}",0.009940624237060547,0.00011324882507324219,1.937958002090454,330.3828125,19,ok,,1.0.0,{}
125920,dresses-sales,openml_task,amlb,classification,nofe,0,4500,400,100,12,12,0,0.6642036124794746,binary_roc_auc,True,0.6642036124794746,0.0,"{""accuracy"": 0.5999999999400001, ""binary_crossentropy"": 0.6437219141423702, ""binary_roc_auc"": 0.6642036124794746, ""f1"": 0.4285714236489796, ""precision"": 0.5357142855229592, ""recall"": 0.3571428570578231}","{""accuracy"": 0.0, ""binary_crossentropy"": -0.0, ""binary_roc_auc"": 0.0, ""f1"": 0.0, ""precision"": 0.0, ""recall"": 0.0}",0.009616374969482422,0.00014400482177734375,2.070181131362915,328.6953125,32,ok,,1.0.0,{}
14952,PhishingWebsites,openml_task,amlb,classification,nofe,0,4500,8844,2211,30,30,0,0.9961645584310084,binary_roc_auc,True,0.9961645584310084,0.0,"{""accuracy"": 0.9669832654863547, ""binary_crossentropy"": 0.07669567806946943, ""binary_roc_auc"": 0.9961645584310084, ""f1"": 0.9704572997271368, ""precision"": 0.96693548386317, ""recall"": 0.9740048740781966}","{""accuracy"": 0.0, ""binary_crossentropy"": -0.0, ""binary_roc_auc"": 0.0, ""f1"": 0.0, ""precision"": 0.0, ""recall"": 0.0}",0.011081218719482422,0.0002624988555908203,19.737175226211548,343.37109375,776,ok,,1.0.0,{}
14965,bank-marketing,openml_task,amlb,classification,nofe,3,4500,36168,9043,16,16,0,0.9357109798263048,binary_roc_auc,True,0.9357109798263048,0.0,"{""accuracy"": 0.9102067897811453, ""binary_crossentropy"": 0.1944320815110395, ""binary_roc_auc"": 0.9357109798263048, ""f1"": 0.5739769100599201, ""precision"": 0.645047169803714, ""recall"": 0.517013232509291}","{""accuracy"": 0.0, ""binary_crossentropy"": -0.0, ""binary_roc_auc"": 0.0, ""f1"": 0.0, ""precision"": 0.0, ""recall"": 0.0}",0.019299030303955078,0.0005290508270263672,18.34022855758667,360.6328125,181,ok,,1.0.0,{}
14969,GesturePhaseSegmentation,openml_task,amlb,multiclass,nofe,0,4500,7898,1975,32,32,0,0.8614212560808121,categorical_crossentropy,False,0.8614212560808121,-0.0,"{""accuracy"": 0.8742278480968395, ""categorical_crossentropy"": 0.8614212560808121, ""categorical_roc_auc"": 0.8942541291411583, ""f1"": 0.6364870246716222, ""precision"": 0.6819743394830481, ""recall"": 0.6176525720972558}","{""accuracy"": 0.0, ""categorical_crossentropy"": -0.0, ""categorical_roc_auc"": 0.0, ""f1"": 0.0, ""precision"": 0.0, ""recall"": 0.0}",0.011513948440551758,0.0006957054138183594,18.176255464553833,400.0390625,599,ok,,1.0.0,{}
9971,ilpd,openml_task,amlb,classification,nofe,3,4500,466,117,10,10,0,0.7236002834868887,binary_roc_auc,True,0.7236002834868887,0.0,"{""accuracy"": 0.6581196580634087, ""binary_crossentropy"": 0.5316558431865822, ""binary_roc_auc"": 0.7236002834868887, ""f1"": 0.31034482262782404, ""precision"": 0.37499999984375, ""recall"": 0.2647058822750865}","{""accuracy"": 0.0, ""binary_crossentropy"": -0.0, ""binary_roc_auc"": 0.0, ""f1"": 0.0, ""precision"": 0.0, ""recall"": 0.0}",0.0058422088623046875,0.00011873245239257812,36.10720920562744,332.91796875,76,ok,,1.0.0,{}
9977,nomao,openml_task,amlb,classification,nofe,3,4500,27572,6893,118,118,0,0.9949315940538954,binary_roc_auc,True,0.9949315940538954,0.0,"{""accuracy"": 0.9709850573031031, ""binary_crossentropy"": 0.08160578670429798, ""binary_roc_auc"": 0.9949315940538954, ""f1"": 0.9796995483881867, ""precision"": 0.9793019480499608, ""recall"": 0.9800974817201866}","{""accuracy"": 0.0, ""binary_crossentropy"": -0.0, ""binary_roc_auc"": 0.0, ""f1"": 0.0, ""precision"": 0.0, ""recall"": 0.0}",0.025053739547729492,0.0024814605712890625,40.41310667991638,566.33984375,655,ok,,1.0.0,{}
146817,steel-plates-fault,openml_task,amlb,multiclass,nofe,3,4500,1552,389,27,27,0,0.556055096458257,categorical_crossentropy,False,0.556055096458257,-0.0,"{""accuracy"": 0.9368343738282856, ""categorical_crossentropy"": 0.556055096458257, ""categorical_roc_auc"": 0.964068851350129, ""f1"": 0.801639438902423, ""precision"": 0.8168300650271624, ""recall"": 0.7902437645801111}","{""accuracy"": 0.0, ""categorical_crossentropy"": -0.0, ""categorical_roc_auc"": 0.0, ""f1"": 0.0, ""precision"": 0.0, ""recall"": 0.0}",0.0055654048919677734,0.00010275840759277344,4.215591907501221,346.609375,216,ok,,1.0.0,{}
125920,dresses-sales,openml_task,amlb,classification,nofe,2,4500,400,100,12,12,0,0.578407224958949,binary_roc_auc,True,0.578407224958949,0.0,"{""accuracy"": 0.5599999999440001, ""binary_crossentropy"": 0.6700004321336747, ""binary_roc_auc"": 0.578407224958949, ""f1"": 0.37142856652244904, ""precision"": 0.46428571411989794, ""recall"": 0.3095238094501134}","{""accuracy"": 0.0, ""binary_crossentropy"": -0.0, ""binary_roc_auc"": 0.0, ""f1"": 0.0, ""precision"": 0.0, ""recall"": 0.0}",0.006159305572509766,0.00012874603271484375,8.22167706489563,327.99609375,20,ok,,1.0.0,{}
146817,steel-plates-fault,openml_task,amlb,multiclass,nofe,1,4500,1552,389,27,27,0,0.5611199447138482,categorical_crossentropy,False,0.5611199447138482,-0.0,"{""accuracy"": 0.9456481821277284, ""categorical_crossentropy"": 0.5611199447138482, ""categorical_roc_auc"": 0.9643125477831476, ""f1"": 0.8308561703161461, ""precision"": 0.8612488918322929, ""recall"": 0.8076913337057086}","{""accuracy"": 0.0, ""categorical_crossentropy"": -0.0, ""categorical_roc_auc"": 0.0, ""f1"": 0.0, ""precision"": 0.0, ""recall"": 0.0}",0.004836559295654297,7.2479248046875e-05,4.555375576019287,353.4140625,312,ok,,1.0.0,{}
146819,climate-model-crashes,openml_task,amlb,classification,nofe,0,4500,432,108,18,18,0,0.9797979797979798,binary_roc_auc,True,0.9797979797979798,0.0,"{""accuracy"": 0.9814814813906036, ""binary_crossentropy"": 0.10585292326976303, ""binary_roc_auc"": 0.9797979797979798, ""f1"": 0.9899999949015, ""precision"": 0.9801980197049309, ""recall"": 0.9999999998989899}","{""accuracy"": 0.0, ""binary_crossentropy"": -0.0, ""binary_roc_auc"": 0.0, ""f1"": 0.0, ""precision"": 0.0, ""recall"": 0.0}",0.004296302795410156,4.982948303222656e-05,4.15105414390564,331.2265625,65,ok,,1.0.0,{}
125920,dresses-sales,openml_task,amlb,classification,nofe,3,4500,400,100,12,12,0,0.5410509031198687,binary_roc_auc,True,0.5410509031198687,0.0,"{""accuracy"": 0.5599999999440001, ""binary_crossentropy"": 0.677971347272396, ""binary_roc_auc"": 0.5410509031198687, ""f1"": 0.2666666623777778, ""precision"": 0.4444444441975308, ""recall"": 0.190476190430839}","{""accuracy"": 0.0, ""binary_crossentropy"": -0.0, ""binary_roc_auc"": 0.0, ""f1"": 0.0, ""precision"": 0.0, ""recall"": 0.0}",0.004776716232299805,0.00021076202392578125,8.54285979270935,330.12109375,17,ok,,1.0.0,{}
146817,steel-plates-fault,openml_task,amlb,multiclass,nofe,4,4500,1552,389,27,27,0,0.524505772193652,categorical_crossentropy,False,0.524505772193652,-0.0,"{""accuracy"": 0.9537275064022178, ""categorical_crossentropy"": 0.524505772193652, ""categorical_roc_auc"": 0.9669667702920893, ""f1"": 0.8457044014143028, ""precision"": 0.8836603618344044, ""recall"": 0.8181108860856169}","{""accuracy"": 0.0, ""categorical_crossentropy"": -0.0, ""categorical_roc_auc"": 0.0, ""f1"": 0.0, ""precision"": 0.0, ""recall"": 0.0}",0.00493311882019043,7.081031799316406e-05,4.476777791976929,347.66015625,222,ok,,1.0.0,{}
9981,cnae-9,openml_task,amlb,multiclass,nofe,1,4500,864,216,856,856,0,0.23376340490008093,categorical_crossentropy,False,0.23376340490008093,-0.0,"{""accuracy"": 0.9825102880203569, ""categorical_crossentropy"": 0.23376340490008093, ""categorical_roc_auc"": 0.9952015817901236, ""f1"": 0.919937961643301, ""precision"": 0.9206961472674264, ""recall"": 0.9212962959124228}","{""accuracy"": 0.0, ""categorical_crossentropy"": -0.0, ""categorical_roc_auc"": 0.0, ""f1"": 0.0, ""precision"": 0.0, ""recall"": 0.0}",0.00510859489440918,0.00018167495727539062,40.76433086395264,373.02734375,416,ok,,1.0.0,{}
9981,cnae-9,openml_task,amlb,multiclass,nofe,3,4500,864,216,856,856,0,0.17373731231513106,categorical_crossentropy,False,0.17373731231513106,-0.0,"{""accuracy"": 0.9876543209419295, ""categorical_crossentropy"": 0.17373731231513106, ""categorical_roc_auc"": 0.9981433256172839, ""f1"": 0.9445848531181849, ""precision"": 0.9457821803866625, ""recall"": 0.944444444050926}","{""accuracy"": 0.0, ""categorical_crossentropy"": -0.0, ""categorical_roc_auc"": 0.0, ""f1"": 0.0, ""precision"": 0.0, ""recall"": 0.0}",0.005891084671020508,0.0002567768096923828,40.78913640975952,369.0234375,280,ok,,1.0.0,{}
125920,dresses-sales,openml_task,amlb,classification,nofe,4,4500,400,100,12,12,0,0.7159277504105089,binary_roc_auc,True,0.7159277504105089,0.0,"{""accuracy"": 0.689999999931, ""binary_crossentropy"": 0.5984754026681185, ""binary_roc_auc"": 0.7159277504105089, ""f1"": 0.5633802766990678, ""precision"": 0.6896551721759809, ""recall"": 0.47619047607709747}","{""accuracy"": 0.0, ""binary_crossentropy"": -0.0, ""binary_roc_auc"": 0.0, ""f1"": 0.0, ""precision"": 0.0, ""recall"": 0.0}",0.009013652801513672,0.00022673606872558594,8.996139764785767,328.984375,45,ok,,1.0.0,{}
9976,madelon,openml_task,amlb,classification,nofe,2,4500,2080,520,500,500,0,0.8960355029585798,binary_roc_auc,True,0.8960355029585798,0.0,"{""accuracy"": 0.8230769230610947, ""binary_crossentropy"": 0.4151295755721199, ""binary_roc_auc"": 0.8960355029585798, ""f1"": 0.8270676641443834, ""precision"": 0.8088235293820285, ""recall"": 0.8461538461213017}","{""accuracy"": 0.0, ""binary_crossentropy"": -0.0, ""binary_roc_auc"": 0.0, ""f1"": 0.0, ""precision"": 0.0, ""recall"": 0.0}",0.009303092956542969,0.001256704330444336,42.799025535583496,432.33984375,179,ok,,1.0.0,{}
146817,steel-plates-fault,openml_task,amlb,multiclass,nofe,2,4500,1552,389,27,27,0,0.5682447317764426,categorical_crossentropy,False,0.5682447317764426,-0.0,"{""accuracy"": 0.936099889803332, ""categorical_crossentropy"": 0.5682447317764426, ""categorical_roc_auc"": 0.9542219380359798, ""f1"": 0.8042288663235889, ""precision"": 0.8163748218844065, ""recall"": 0.7934083248788332}","{""accuracy"": 0.0, ""categorical_crossentropy"": -0.0, ""categorical_roc_auc"": 0.0, ""f1"": 0.0, ""precision"": 0.0, ""recall"": 0.0}",0.0057811737060546875,7.05718994140625e-05,5.8393166065216064,349.6171875,185,ok,,1.0.0,{}
9981,cnae-9,openml_task,amlb,multiclass,nofe,0,4500,864,216,856,856,0,0.25498190389178627,categorical_crossentropy,False,0.25498190389178627,-0.0,"{""accuracy"": 0.9876543209419295, ""categorical_crossentropy"": 0.25498190389178627, ""categorical_roc_auc"": 0.9932725694444444, ""f1"": 0.9451453766395499, ""precision"": 0.947336181938968, ""recall"": 0.944444444050926}","{""accuracy"": 0.0, ""categorical_crossentropy"": -0.0, ""categorical_roc_auc"": 0.0, ""f1"": 0.0, ""precision"": 0.0, ""recall"": 0.0}",0.006695985794067383,7.605552673339844e-05,41.70467472076416,371.12890625,243,ok,,1.0.0,{}
146817,steel-plates-fault,openml_task,amlb,multiclass,nofe,0,4500,1552,389,27,27,0,0.47827418842700076,categorical_crossentropy,False,0.47827418842700076,-0.0,"{""accuracy"": 0.9478516342025892, ""categorical_crossentropy"": 0.47827418842700076, ""categorical_roc_auc"": 0.9721606666748956, ""f1"": 0.8103089772917003, ""precision"": 0.8514358036696688, ""recall"": 0.7832353519355557}","{""accuracy"": 0.0, ""categorical_crossentropy"": -0.0, ""categorical_roc_auc"": 0.0, ""f1"": 0.0, ""precision"": 0.0, ""recall"": 0.0}",0.0063169002532958984,7.82012939453125e-05,6.240371942520142,343.80078125,157,ok,,1.0.0,{}
9977,nomao,openml_task,amlb,classification,nofe,4,4500,27572,6893,118,118,0,0.9957554420900068,binary_roc_auc,True,0.9957554420900068,0.0,"{""accuracy"": 0.9737414768591706, ""binary_crossentropy"": 0.07138354732680341, ""binary_roc_auc"": 0.9957554420900068, ""f1"": 0.9816038165245868, ""precision"": 0.9825025432329959, ""recall"": 0.9807067424837923}","{""accuracy"": 0.0, ""binary_crossentropy"": -0.0, ""binary_roc_auc"": 0.0, ""f1"": 0.0, ""precision"": 0.0, ""recall"": 0.0}",0.022265911102294922,0.0027561187744140625,42.91843628883362,566.59375,582,ok,,1.0.0,{}
14969,GesturePhaseSegmentation,openml_task,amlb,multiclass,nofe,1,4500,7898,1975,32,32,0,0.8447791167886491,categorical_crossentropy,False,0.8447791167886491,-0.0,"{""accuracy"": 0.8760506329069567, ""categorical_crossentropy"": 0.8447791167886491, ""categorical_roc_auc"": 0.9033367205741509, ""f1"": 0.6478185274321943, ""precision"": 0.6890589284240959, ""recall"": 0.6290495333092501}","{""accuracy"": 0.0, ""categorical_crossentropy"": -0.0, ""categorical_roc_auc"": 0.0, ""f1"": 0.0, ""precision"": 0.0, ""recall"": 0.0}",0.012264251708984375,0.0006678104400634766,28.105716228485107,411.48046875,751,ok,,1.0.0,{}
146800,MiceProtein,openml_task,amlb,multiclass,nofe,1,4500,864,216,77,77,0,0.09329512338337265,categorical_crossentropy,False,0.09329512338337265,-0.0,"{""accuracy"": 0.9965277777316423, ""categorical_crossentropy"": 0.09329512338337265, ""categorical_roc_auc"": 0.9996107997825441, ""f1"": 0.9868107387852748, ""precision"": 0.9869047615350903, ""recall"": 0.9870370366671908}","{""accuracy"": 0.0, ""categorical_crossentropy"": -0.0, ""categorical_roc_auc"": 0.0, ""f1"": 0.0, ""precision"": 0.0, ""recall"": 0.0}",0.0046844482421875,0.0001537799835205078,9.214353084564209,370.75390625,725,ok,,1.0.0,{}
125922,texture,openml_task,amlb,multiclass,nofe,0,4500,4400,1100,40,40,0,0.047722199471807634,categorical_crossentropy,False,0.047722199471807634,-0.0,"{""accuracy"": 0.9973553718917596, ""categorical_crossentropy"": 0.047722199471807634, ""categorical_roc_auc"": 0.9998372727272727, ""f1"": 0.9854584040482209, ""precision"": 0.985533932755585, ""recall"": 0.9854545453560001}","{""accuracy"": 0.0, ""categorical_crossentropy"": -0.0, ""categorical_roc_auc"": 0.0, ""f1"": 0.0, ""precision"": 0.0, ""recall"": 0.0}",0.0056400299072265625,0.0004062652587890625,11.928003072738647,406.8359375,889,ok,,1.0.0,{}
125922,texture,openml_task,amlb,multiclass,nofe,4,4500,4400,1100,40,40,0,0.069691450703272,categorical_crossentropy,False,0.069691450703272,-0.0,"{""accuracy"": 0.9965289256107752, ""categorical_crossentropy"": 0.069691450703272, ""categorical_roc_auc"": 0.9995127272727273, ""f1"": 0.9809234924541027, ""precision"": 0.9811876724914008, ""recall"": 0.9809090908110001}","{""accuracy"": 0.0, ""categorical_crossentropy"": -0.0, ""categorical_roc_auc"": 0.0, ""f1"": 0.0, ""precision"": 0.0, ""recall"": 0.0}",0.010161161422729492,0.0004227161407470703,10.692111730575562,389.96875,660,ok,,1.0.0,{}
146800,MiceProtein,openml_task,amlb,multiclass,nofe,0,4500,864,216,77,77,0,0.08769493911326949,categorical_crossentropy,False,0.08769493911326949,-0.0,"{""accuracy"": 0.9942129629169345, ""categorical_crossentropy"": 0.08769493911326949, ""categorical_roc_auc"": 0.999602423937848, ""f1"": 0.978068037158015, ""precision"": 0.9785095575776863, ""recall"": 0.977777777411361}","{""accuracy"": 0.0, ""categorical_crossentropy"": -0.0, ""categorical_roc_auc"": 0.0, ""f1"": 0.0, ""precision"": 0.0, ""recall"": 0.0}",0.005337238311767578,0.000232696533203125,10.236149072647095,380.2421875,1100,ok,,1.0.0,{}
14969,GesturePhaseSegmentation,openml_task,amlb,multiclass,nofe,2,4500,7898,1975,32,32,0,0.8486624981257829,categorical_crossentropy,False,0.8486624981257829,-0.0,"{""accuracy"": 0.8709873417677418, ""categorical_crossentropy"": 0.8486624981257829, ""categorical_roc_auc"": 0.9036352488204333, ""f1"": 0.6344069964806109, ""precision"": 0.6811698237233397, ""recall"": 0.6144311683166341}","{""accuracy"": 0.0, ""categorical_crossentropy"": -0.0, ""categorical_roc_auc"": 0.0, ""f1"": 0.0, ""precision"": 0.0, ""recall"": 0.0}",0.007905721664428711,0.0007388591766357422,28.150946617126465,414.203125,753,ok,,1.0.0,{}
146822,segment,openml_task,amlb,multiclass,nofe,1,4500,1848,462,16,16,0,0.18698880669572168,categorical_crossentropy,False,0.18698880669572168,-0.0,"{""accuracy"": 0.9814471242830237, ""categorical_crossentropy"": 0.18698880669572168, ""categorical_roc_auc"": 0.9950533473260746, ""f1"": 0.9351935432370809, ""precision"": 0.9374230375819771, ""recall"": 0.9350649349232586}","{""accuracy"": 0.0, ""categorical_crossentropy"": -0.0, ""categorical_roc_auc"": 0.0, ""f1"": 0.0, ""precision"": 0.0, ""recall"": 0.0}",0.0035893917083740234,4.887580871582031e-05,9.055997848510742,345.94921875,142,ok,,1.0.0,{}
146822,segment,openml_task,amlb,multiclass,nofe,0,4500,1848,462,16,16,0,0.18628343182854815,categorical_crossentropy,False,0.18628343182854815,-0.0,"{""accuracy"": 0.9777365491439575, ""categorical_crossentropy"": 0.18628343182854815, ""categorical_roc_auc"": 0.9953211771393589, ""f1"": 0.921656427505075, ""precision"": 0.9223578181797869, ""recall"": 0.9220779219382134}","{""accuracy"": 0.0, ""categorical_crossentropy"": -0.0, ""categorical_roc_auc"": 0.0, ""f1"": 0.0, ""precision"": 0.0, ""recall"": 0.0}",0.004547834396362305,6.008148193359375e-05,10.079872369766235,345.45703125,169,ok,,1.0.0,{}
146822,segment,openml_task,amlb,multiclass,nofe,3,4500,1848,462,16,16,0,0.17863728623137734,categorical_crossentropy,False,0.17863728623137734,-0.0,"{""accuracy"": 0.9820655534728681, ""categorical_crossentropy"": 0.17863728623137734, ""categorical_roc_auc"": 0.9944411648957104, ""f1"": 0.9366282481242306, ""precision"": 0.9382434928992543, ""recall"": 0.9372294370874329}","{""accuracy"": 0.0, ""categorical_crossentropy"": -0.0, ""categorical_roc_auc"": 0.0, ""f1"": 0.0, ""precision"": 0.0, ""recall"": 0.0}",0.008307456970214844,8.821487426757812e-05,8.953928709030151,341.375,162,ok,,1.0.0,{}
146822,segment,openml_task,amlb,multiclass,nofe,4,4500,1848,462,16,16,0,0.2280882965451816,categorical_crossentropy,False,0.2280882965451816,-0.0,"{""accuracy"": 0.9777365491439574, ""categorical_crossentropy"": 0.2280882965451816, ""categorical_roc_auc"": 0.994113210022301, ""f1"": 0.9218162102450078, ""precision"": 0.9226190668193395, ""recall"": 0.9220779219382134}","{""accuracy"": 0.0, ""categorical_crossentropy"": -0.0, ""categorical_roc_auc"": 0.0, ""f1"": 0.0, ""precision"": 0.0, ""recall"": 0.0}",0.00590062141418457,7.843971252441406e-05,8.864619731903076,343.46875,131,ok,,1.0.0,{}
146822,segment,openml_task,amlb,multiclass,nofe,2,4500,1848,462,16,16,0,0.13462854875856406,categorical_crossentropy,False,0.13462854875856406,-0.0,"{""accuracy"": 0.9857761286119343, ""categorical_crossentropy"": 0.13462854875856406, ""categorical_roc_auc"": 0.9971194630285539, ""f1"": 0.9501798740792072, ""precision"": 0.9505545862312836, ""recall"": 0.950216450072478}","{""accuracy"": 0.0, ""categorical_crossentropy"": -0.0, ""categorical_roc_auc"": 0.0, ""f1"": 0.0, ""precision"": 0.0, ""recall"": 0.0}",0.004354238510131836,5.507469177246094e-05,9.261175155639648,342.515625,153,ok,,1.0.0,{}
125922,texture,openml_task,amlb,multiclass,nofe,2,4500,4400,1100,40,40,0,0.043223750026754715,categorical_crossentropy,False,0.043223750026754715,-0.0,"{""accuracy"": 0.9971900826355629, ""categorical_crossentropy"": 0.043223750026754715, ""categorical_roc_auc"": 0.9998372727272726, ""f1"": 0.9845697881567556, ""precision"": 0.9847985436757398, ""recall"": 0.9845454544470001}","{""accuracy"": 0.0, ""categorical_crossentropy"": -0.0, ""categorical_roc_auc"": 0.0, ""f1"": 0.0, ""precision"": 0.0, ""recall"": 0.0}",0.016680479049682617,0.0011796951293945312,24.46247887611389,456.51953125,1999,ok,,1.0.0,{}
14969,GesturePhaseSegmentation,openml_task,amlb,multiclass,nofe,3,4500,7898,1975,32,32,0,0.871736413325136,categorical_crossentropy,False,0.871736413325136,-0.0,"{""accuracy"": 0.8689620253120559, ""categorical_crossentropy"": 0.871736413325136, ""categorical_roc_auc"": 0.8982699868679207, ""f1"": 0.6353450508366063, ""precision"": 0.6749028736161058, ""recall"": 0.6167728377812314}","{""accuracy"": 0.0, ""categorical_crossentropy"": -0.0, ""categorical_roc_auc"": 0.0, ""f1"": 0.0, ""precision"": 0.0, ""recall"": 0.0}",0.014368772506713867,0.0007436275482177734,29.349989652633667,415.98046875,768,ok,,1.0.0,{}
146824,mfeat-pixel,openml_task,amlb,multiclass,nofe,0,4500,1600,400,240,240,0,0.13440021989808884,categorical_crossentropy,False,0.13440021989808884,-0.0,"{""accuracy"": 0.9924999999751876, ""categorical_crossentropy"": 0.13440021989808884, ""categorical_roc_auc"": 0.9988680555555556, ""f1"": 0.9623410713026759, ""precision"": 0.963393861993621, ""recall"": 0.9624999997593748}","{""accuracy"": 0.0, ""categorical_crossentropy"": -0.0, ""categorical_roc_auc"": 0.0, ""f1"": 0.0, ""precision"": 0.0, ""recall"": 0.0}",0.004620790481567383,5.221366882324219e-05,12.092200517654419,359.16796875,309,ok,,1.0.0,{}
146820,wilt,openml_task,amlb,classification,nofe,2,4500,3871,968,5,5,0,0.9934287873698353,binary_roc_auc,True,0.9934287873698353,0.0,"{""accuracy"": 0.9886363636261505, ""binary_crossentropy"": 0.043496420626549355, ""binary_roc_auc"": 0.9934287873698353, ""f1"": 0.8932038783221793, ""precision"": 0.9019607841368704, ""recall"": 0.8846153844452662}","{""accuracy"": 0.0, ""binary_crossentropy"": -0.0, ""binary_roc_auc"": 0.0, ""f1"": 0.0, ""precision"": 0.0, ""recall"": 0.0}",0.009254693984985352,8.58306884765625e-05,16.48695683479309,336.80078125,361,ok,,1.0.0,{}
146819,climate-model-crashes,openml_task,amlb,classification,nofe,4,4500,432,108,18,18,0,0.9461279461279462,binary_roc_auc,True,0.9461279461279462,0.0,"{""accuracy"": 0.9444444443569959, ""binary_crossentropy"": 0.1701035792766898, ""binary_roc_auc"": 0.9461279461279462, ""f1"": 0.9705882302032873, ""precision"": 0.942857142767347, ""recall"": 0.9999999998989899}","{""accuracy"": 0.0, ""binary_crossentropy"": -0.0, ""binary_roc_auc"": 0.0, ""f1"": 0.0, ""precision"": 0.0, ""recall"": 0.0}",0.008180618286132812,8.630752563476562e-05,16.722711324691772,328.38671875,19,ok,,1.0.0,{}
146819,climate-model-crashes,openml_task,amlb,classification,nofe,2,4500,432,108,18,18,0,0.9719416386083053,binary_roc_auc,True,0.9719416386083053,0.0,"{""accuracy"": 0.9537037036153979, ""binary_crossentropy"": 0.11608579235137396, ""binary_roc_auc"": 0.9719416386083053, ""f1"": 0.9753694530350167, ""precision"": 0.9519230768315459, ""recall"": 0.9999999998989899}","{""accuracy"": 0.0, ""binary_crossentropy"": -0.0, ""binary_roc_auc"": 0.0, ""f1"": 0.0, ""precision"": 0.0, ""recall"": 0.0}",0.004659891128540039,5.221366882324219e-05,17.474689483642578,331.45703125,185,ok,,1.0.0,{}
146820,wilt,openml_task,amlb,classification,nofe,0,4500,3871,968,5,5,0,0.9884111521666106,binary_roc_auc,True,0.9884111521666106,0.0,"{""accuracy"": 0.9814049586675475, ""binary_crossentropy"": 0.06374647552121218, ""binary_roc_auc"": 0.9884111521666106, ""f1"": 0.8269230717640532, ""precision"": 0.8269230767640532, ""recall"": 0.8269230767640532}","{""accuracy"": 0.0, ""binary_crossentropy"": -0.0, ""binary_roc_auc"": 0.0, ""f1"": 0.0, ""precision"": 0.0, ""recall"": 0.0}",0.005918979644775391,4.863739013671875e-05,17.471636056900024,336.55078125,420,ok,,1.0.0,{}
146800,MiceProtein,openml_task,amlb,multiclass,nofe,2,4500,864,216,77,77,0,0.08962507184305987,categorical_crossentropy,False,0.08962507184305987,-0.0,"{""accuracy"": 0.9930555555095807, ""categorical_crossentropy"": 0.08962507184305987, ""categorical_roc_auc"": 0.9995842104265044, ""f1"": 0.9727251478525758, ""precision"": 0.9739839897813399, ""recall"": 0.9727513223870887}","{""accuracy"": 0.0, ""categorical_crossentropy"": -0.0, ""categorical_roc_auc"": 0.0, ""f1"": 0.0, ""precision"": 0.0, ""recall"": 0.0}",0.002523183822631836,0.0001354217529296875,26.205267906188965,375.08203125,852,ok,,1.0.0,{}
125922,texture,openml_task,amlb,multiclass,nofe,3,4500,4400,1100,40,40,0,0.035501098910545724,categorical_crossentropy,False,0.035501098910545724,-0.0,"{""accuracy"": 0.9986776859413343, ""categorical_crossentropy"": 0.035501098910545724, ""categorical_roc_auc"": 0.9998818181818183, ""f1"": 0.9927305482760079, ""precision"": 0.9928755825923766, ""recall"": 0.9927272726280001}","{""accuracy"": 0.0, ""categorical_crossentropy"": -0.0, ""categorical_roc_auc"": 0.0, ""f1"": 0.0, ""precision"": 0.0, ""recall"": 0.0}",0.007214069366455078,0.0008575916290283203,28.30044651031494,403.1953125,878,ok,,1.0.0,{}
146821,car,openml_task,amlb,multiclass,nofe,0,4500,1382,346,6,6,0,0.04228015337496857,categorical_crossentropy,False,0.04228015337496857,-0.0,"{""accuracy"": 0.9956647398556167, ""categorical_crossentropy"": 0.04228015337496857, ""categorical_roc_auc"": 0.9997167083446894, ""f1"": 0.9771368323446332, ""precision"": 0.9770042190041328, ""recall"": 0.9787031146679525}","{""accuracy"": 0.0, ""categorical_crossentropy"": -0.0, ""categorical_roc_auc"": 0.0, ""f1"": 0.0, ""precision"": 0.0, ""recall"": 0.0}",0.005002498626708984,9.775161743164062e-05,17.582866191864014,344.36328125,506,ok,,1.0.0,{}
146820,wilt,openml_task,amlb,classification,nofe,3,4500,3871,968,5,5,0,0.9874034262680551,binary_roc_auc,True,0.9874034262680551,0.0,"{""accuracy"": 0.9834710743700055, ""binary_crossentropy"": 0.04979921166399481, ""binary_roc_auc"": 0.9874034262680551, ""f1"": 0.8431372497385621, ""precision"": 0.859999999828, ""recall"": 0.8269230767640532}","{""accuracy"": 0.0, ""binary_crossentropy"": -0.0, ""binary_roc_auc"": 0.0, ""f1"": 0.0, ""precision"": 0.0, ""recall"": 0.0}",0.007719993591308594,7.176399230957031e-05,18.00895047187805,336.27734375,269,ok,,1.0.0,{}
146819,climate-model-crashes,openml_task,amlb,classification,nofe,1,4500,432,108,18,18,0,0.9775533108866443,binary_roc_auc,True,0.9775533108866443,0.0,"{""accuracy"": 0.935185185098594, ""binary_crossentropy"": 0.14666924635983175, ""binary_roc_auc"": 0.9775533108866443, ""f1"": 0.9658536534481856, ""precision"": 0.9339622640628338, ""recall"": 0.9999999998989899}","{""accuracy"": 0.0, ""binary_crossentropy"": -0.0, ""binary_roc_auc"": 0.0, ""f1"": 0.0, ""precision"": 0.0, ""recall"": 0.0}",0.004285573959350586,5.125999450683594e-05,18.33629298210144,332.43359375,30,ok,,1.0.0,{}
146820,wilt,openml_task,amlb,classification,nofe,4,4500,3871,968,5,5,0,0.9875923748740342,binary_roc_auc,True,0.9875923748740342,0.0,"{""accuracy"": 0.9834710743700055, ""binary_crossentropy"": 0.05756351395309537, ""binary_roc_auc"": 0.9875923748740342, ""f1"": 0.8399999948400001, ""precision"": 0.8749999998177084, ""recall"": 0.8076923075369823}","{""accuracy"": 0.0, ""binary_crossentropy"": -0.0, ""binary_roc_auc"": 0.0, ""f1"": 0.0, ""precision"": 0.0, ""recall"": 0.0}",0.00651240348815918,7.033348083496094e-05,18.21089196205139,334.73828125,178,ok,,1.0.0,{}
146820,wilt,openml_task,amlb,classification,nofe,1,4500,3871,968,5,5,0,0.9931138730265369,binary_roc_auc,True,0.9931138730265369,0.0,"{""accuracy"": 0.9845041322212345, ""binary_crossentropy"": 0.050808146011510597, ""binary_roc_auc"": 0.9931138730265369, ""f1"": 0.8484848433261911, ""precision"": 0.8936170210864645, ""recall"": 0.8076923075369823}","{""accuracy"": 0.0, ""binary_crossentropy"": -0.0, ""binary_roc_auc"": 0.0, ""f1"": 0.0, ""precision"": 0.0, ""recall"": 0.0}",0.005034446716308594,5.340576171875e-05,18.24596071243286,336.5625,208,ok,,1.0.0,{}
146800,MiceProtein,openml_task,amlb,multiclass,nofe,4,4500,864,216,77,77,0,0.05427967479799581,categorical_crossentropy,False,0.05427967479799581,-0.0,"{""accuracy"": 0.9988425925463499, ""categorical_crossentropy"": 0.05427967479799581, ""categorical_roc_auc"": 1.0, ""f1"": 0.9955923237335167, ""precision"": 0.9959677415620094, ""recall"": 0.9953703699977463}","{""accuracy"": 0.0, ""categorical_crossentropy"": -0.0, ""categorical_roc_auc"": 0.0, ""f1"": 0.0, ""precision"": 0.0, ""recall"": 0.0}",0.006547212600708008,6.961822509765625e-05,27.022839546203613,381.5625,1150,ok,,1.0.0,{}
146800,MiceProtein,openml_task,amlb,multiclass,nofe,3,4500,864,216,77,77,0,0.09154608018057102,categorical_crossentropy,False,0.09154608018057102,-0.0,"{""accuracy"": 0.9953703703242883, ""categorical_crossentropy"": 0.09154608018057102, ""categorical_roc_auc"": 0.9998167252124839, ""f1"": 0.9806189418175977, ""precision"": 0.9809214452720734, ""recall"": 0.9806216927550071}","{""accuracy"": 0.0, ""categorical_crossentropy"": -0.0, ""categorical_roc_auc"": 0.0, ""f1"": 0.0, ""precision"": 0.0, ""recall"": 0.0}",0.0035920143127441406,5.626678466796875e-05,26.926025390625,377.953125,921,ok,,1.0.0,{}
146819,climate-model-crashes,openml_task,amlb,classification,nofe,3,4500,432,108,18,18,0,0.9315375982042648,binary_roc_auc,True,0.9315375982042648,0.0,"{""accuracy"": 0.9444444443569959, ""binary_crossentropy"": 0.17929328311637854, ""binary_roc_auc"": 0.9315375982042648, ""f1"": 0.9705882302032873, ""precision"": 0.942857142767347, ""recall"": 0.9999999998989899}","{""accuracy"": 0.0, ""binary_crossentropy"": -0.0, ""binary_roc_auc"": 0.0, ""f1"": 0.0, ""precision"": 0.0, ""recall"": 0.0}",0.0036966800689697266,5.91278076171875e-05,19.07005786895752,330.70703125,164,ok,,1.0.0,{}
125922,texture,openml_task,amlb,multiclass,nofe,1,4500,4400,1100,40,40,0,0.050336202954081685,categorical_crossentropy,False,0.050336202954081685,-0.0,"{""accuracy"": 0.9965289256107753, ""categorical_crossentropy"": 0.050336202954081685, ""categorical_roc_auc"": 0.9998090909090909, ""f1"": 0.9809803648830022, ""precision"": 0.9811673134557847, ""recall"": 0.980909090811}","{""accuracy"": 0.0, ""categorical_crossentropy"": -0.0, ""categorical_roc_auc"": 0.0, ""f1"": 0.0, ""precision"": 0.0, ""recall"": 0.0}",0.009680747985839844,0.0005862712860107422,29.956358671188354,427.8671875,1357,ok,,1.0.0,{}
146821,car,openml_task,amlb,multiclass,nofe,3,4500,1382,346,6,6,0,0.04885562676530217,categorical_crossentropy,False,0.04885562676530217,-0.0,"{""accuracy"": 0.9927745664452955, ""categorical_crossentropy"": 0.04885562676530217, ""categorical_roc_auc"": 0.9999275817119684, ""f1"": 0.9611010149916958, ""precision"": 0.9847560971023497, ""recall"": 0.9443624553507655}","{""accuracy"": 0.0, ""categorical_crossentropy"": -0.0, ""categorical_roc_auc"": 0.0, ""f1"": 0.0, ""precision"": 0.0, ""recall"": 0.0}",0.00627446174621582,0.00011086463928222656,18.040528059005737,343.09765625,446,ok,,1.0.0,{}
14969,GesturePhaseSegmentation,openml_task,amlb,multiclass,nofe,4,4500,7898,1975,32,32,0,0.8512472345003022,categorical_crossentropy,False,0.8512472345003022,-0.0,"{""accuracy"": 0.8776708860715055, ""categorical_crossentropy"": 0.8512472345003022, ""categorical_roc_auc"": 0.8975146748708906, ""f1"": 0.6512973554121606, ""precision"": 0.6894014965427043, ""recall"": 0.6341581523541608}","{""accuracy"": 0.0, ""categorical_crossentropy"": -0.0, ""categorical_roc_auc"": 0.0, ""f1"": 0.0, ""precision"": 0.0, ""recall"": 0.0}",0.010909795761108398,0.0004680156707763672,35.13351225852966,403.51171875,637,ok,,1.0.0,{}
146821,car,openml_task,amlb,multiclass,nofe,4,4500,1382,346,6,6,0,0.04147263429719666,categorical_crossentropy,False,0.04147263429719666,-0.0,"{""accuracy"": 0.994219653150456, ""categorical_crossentropy"": 0.04147263429719666, ""categorical_roc_auc"": 0.9988355633706554, ""f1"": 0.9732469122870874, ""precision"": 0.9914573127361974, ""recall"": 0.957792207404884}","{""accuracy"": 0.0, ""categorical_crossentropy"": -0.0, ""categorical_roc_auc"": 0.0, ""f1"": 0.0, ""precision"": 0.0, ""recall"": 0.0}",0.003945112228393555,9.369850158691406e-05,18.801690816879272,352.68359375,757,ok,,1.0.0,{}
146821,car,openml_task,amlb,multiclass,nofe,2,4500,1382,346,6,6,0,0.05245632275679619,categorical_crossentropy,False,0.05245632275679619,-0.0,"{""accuracy"": 0.991329479740135, ""categorical_crossentropy"": 0.05245632275679619, ""categorical_roc_auc"": 0.9992745265327229, ""f1"": 0.9434479746629484, ""precision"": 0.9507693948173618, ""recall"": 0.9366883113141646}","{""accuracy"": 0.0, ""categorical_crossentropy"": -0.0, ""categorical_roc_auc"": 0.0, ""f1"": 0.0, ""precision"": 0.0, ""recall"": 0.0}",0.004763364791870117,9.799003601074219e-05,19.09443998336792,339.6015625,359,ok,,1.0.0,{}
146821,car,openml_task,amlb,multiclass,nofe,1,4500,1382,346,6,6,0,0.0336414128270172,categorical_crossentropy,False,0.0336414128270172,-0.0,"{""accuracy"": 0.991329479740135, ""categorical_crossentropy"": 0.0336414128270172, ""categorical_roc_auc"": 0.9996739372021847, ""f1"": 0.9544215992564924, ""precision"": 0.9580301057345111, ""recall"": 0.9521387699357668}","{""accuracy"": 0.0, ""categorical_crossentropy"": -0.0, ""categorical_roc_auc"": 0.0, ""f1"": 0.0, ""precision"": 0.0, ""recall"": 0.0}",0.0044634342193603516,9.322166442871094e-05,19.45299196243286,375.7421875,1707,ok,,1.0.0,{}
146824,mfeat-pixel,openml_task,amlb,multiclass,nofe,4,4500,1600,400,240,240,0,0.17958372214146948,categorical_crossentropy,False,0.17958372214146948,-0.0,"{""accuracy"": 0.9879999999753, ""categorical_crossentropy"": 0.17958372214146948, ""categorical_roc_auc"": 0.9981944444444444, ""f1"": 0.9402356551995548, ""precision"": 0.9424092181197457, ""recall"": 0.9399999997649999}","{""accuracy"": 0.0, ""categorical_crossentropy"": -0.0, ""categorical_roc_auc"": 0.0, ""f1"": 0.0, ""precision"": 0.0, ""recall"": 0.0}",0.00429224967956543,5.602836608886719e-05,6.019451141357422,363.69921875,464,ok,,1.0.0,{}
167120,numerai28.6,openml_task,amlb,classification,nofe,4,4500,77056,19264,21,21,0,0.5224742302692433,binary_roc_auc,True,0.5224742302692433,0.0,"{""accuracy"": 0.5191029900329531, ""binary_crossentropy"": 0.6925143302306904, ""binary_roc_auc"": 0.5224742302692433, ""f1"": 0.560155725728089, ""precision"": 0.520653133274033, ""recall"": 0.6061446773524392}","{""accuracy"": 0.0, ""binary_crossentropy"": -0.0, ""binary_roc_auc"": 0.0, ""f1"": 0.0, ""precision"": 0.0, ""recall"": 0.0}",0.03465533256530762,0.0004715919494628906,5.684649467468262,484.2421875,69,ok,,1.0.0,{}
167120,numerai28.6,openml_task,amlb,classification,nofe,1,4500,77056,19264,21,21,0,0.5233681516941053,binary_roc_auc,True,0.5233681516941053,0.0,"{""accuracy"": 0.517857142856874, ""binary_crossentropy"": 0.6922300620703801, ""binary_roc_auc"": 0.5233681516941053, ""f1"": 0.5682811143160419, ""precision"": 0.5188423018158896, ""recall"": 0.6281339909570199}","{""accuracy"": 0.0, ""binary_crossentropy"": -0.0, ""binary_roc_auc"": 0.0, ""f1"": 0.0, ""precision"": 0.0, ""recall"": 0.0}",0.02892756462097168,0.0004374980926513672,5.751610517501831,478.015625,55,ok,,1.0.0,{}
167120,numerai28.6,openml_task,amlb,classification,nofe,2,4500,77056,19264,21,21,0,0.5265157899779556,binary_roc_auc,True,0.5265157899779556,0.0,"{""accuracy"": 0.5181686046508938, ""binary_crossentropy"": 0.6922187446384533, ""binary_roc_auc"": 0.5265157899779556, ""f1"": 0.5785123917611513, ""precision"": 0.5183075671273244, ""recall"": 0.654541718042895}","{""accuracy"": 0.0, ""binary_crossentropy"": -0.0, ""binary_roc_auc"": 0.0, ""f1"": 0.0, ""precision"": 0.0, ""recall"": 0.0}",0.03131365776062012,0.00048041343688964844,5.565011739730835,480.65625,35,ok,,1.0.0,{}
167120,numerai28.6,openml_task,amlb,classification,nofe,3,4500,77056,19264,21,21,0,0.5263031676543621,binary_roc_auc,True,0.5263031676543621,0.0,"{""accuracy"": 0.5190510797339498, ""binary_crossentropy"": 0.6922210489192426, ""binary_roc_auc"": 0.5263031676543621, ""f1"": 0.5720356548961246, ""precision"": 0.5195938575140391, ""recall"": 0.6362515413063745}","{""accuracy"": 0.0, ""binary_crossentropy"": -0.0, ""binary_roc_auc"": 0.0, ""f1"": 0.0, ""precision"": 0.0, ""recall"": 0.0}",0.03248023986816406,0.00046181678771972656,5.993330240249634,479.6875,58,ok,,1.0.0,{}
146824,mfeat-pixel,openml_task,amlb,multiclass,nofe,1,4500,1600,400,240,240,0,0.17112827877064773,categorical_crossentropy,False,0.17112827877064773,-0.0,"{""accuracy"": 0.9904999999752375, ""categorical_crossentropy"": 0.17112827877064773, ""categorical_roc_auc"": 0.9978611111111112, ""f1"": 0.9523957829407426, ""precision"": 0.953391576174741, ""recall"": 0.9524999997618749}","{""accuracy"": 0.0, ""categorical_crossentropy"": -0.0, ""categorical_roc_auc"": 0.0, ""f1"": 0.0, ""precision"": 0.0, ""recall"": 0.0}",0.003281831741333008,6.365776062011719e-05,12.648768901824951,402.6015625,1329,ok,,1.0.0,{}
146824,mfeat-pixel,openml_task,amlb,multiclass,nofe,2,4500,1600,400,240,240,0,0.1928138062047219,categorical_crossentropy,False,0.1928138062047219,-0.0,"{""accuracy"": 0.9889999999752751, ""categorical_crossentropy"": 0.1928138062047219, ""categorical_roc_auc"": 0.9972430555555555, ""f1"": 0.94526045203699, ""precision"": 0.9478537648018296, ""recall"": 0.9449999997637499}","{""accuracy"": 0.0, ""categorical_crossentropy"": -0.0, ""categorical_roc_auc"": 0.0, ""f1"": 0.0, ""precision"": 0.0, ""recall"": 0.0}",0.0072612762451171875,7.987022399902344e-05,13.711028099060059,379.04296875,793,ok,,1.0.0,{}
9978,ozone-level-8hr,openml_task,amlb,classification,nofe,0,4500,2027,507,72,72,0,0.9125657894736843,binary_roc_auc,True,0.9125657894736843,0.0,"{""accuracy"": 0.9487179486992363, ""binary_crossentropy"": 0.14963832658787185, ""binary_roc_auc"": 0.9125657894736843, ""f1"": 0.40909090493801653, ""precision"": 0.749999999375, ""recall"": 0.28124999991210936}","{""accuracy"": 0.0, ""binary_crossentropy"": -0.0, ""binary_roc_auc"": 0.0, ""f1"": 0.0, ""precision"": 0.0, ""recall"": 0.0}",0.013840675354003906,0.0003845691680908203,72.21683692932129,347.140625,72,ok,,1.0.0,{}
146824,mfeat-pixel,openml_task,amlb,multiclass,nofe,3,4500,1600,400,240,240,0,0.10576685798558173,categorical_crossentropy,False,0.10576685798558173,-0.0,"{""accuracy"": 0.9964999999750874, ""categorical_crossentropy"": 0.10576685798558173, ""categorical_roc_auc"": 0.999048611111111, ""f1"": 0.9825265599404537, ""precision"": 0.9829819974310388, ""recall"": 0.9824999997543749}","{""accuracy"": 0.0, ""categorical_crossentropy"": -0.0, ""categorical_roc_auc"": 0.0, ""f1"": 0.0, ""precision"": 0.0, ""recall"": 0.0}",0.004331827163696289,6.842613220214844e-05,13.937451362609863,397.63671875,1137,ok,,1.0.0,{}
9978,ozone-level-8hr,openml_task,amlb,classification,nofe,1,4500,2027,507,72,72,0,0.9156578947368421,binary_roc_auc,True,0.9156578947368421,0.0,"{""accuracy"": 0.9408284023483071, ""binary_crossentropy"": 0.15653968722462155, ""binary_roc_auc"": 0.9156578947368421, ""f1"": 0.16666666459876545, ""precision"": 0.7499999981250001, ""recall"": 0.09374999997070313}","{""accuracy"": 0.0, ""binary_crossentropy"": -0.0, ""binary_roc_auc"": 0.0, ""f1"": 0.0, ""precision"": 0.0, ""recall"": 0.0}",0.004185914993286133,0.0003504753112792969,73.42492389678955,345.07421875,45,ok,,1.0.0,{}
167119,jungle_chess,openml_task,amlb,multiclass,nofe,1,4500,35855,8964,6,6,0,0.2394735557652942,categorical_crossentropy,False,0.2394735557652942,-0.0,"{""accuracy"": 0.9099360404571136, ""categorical_crossentropy"": 0.2394735557652942, ""categorical_roc_auc"": 0.9778483420035716, ""f1"": 0.8126655349053463, ""precision"": 0.8198269695283168, ""recall"": 0.8062725855108311}","{""accuracy"": 0.0, ""categorical_crossentropy"": -0.0, ""categorical_roc_auc"": 0.0, ""f1"": 0.0, ""precision"": 0.0, ""recall"": 0.0}",0.01395869255065918,5.53131103515625e-05,11.043495893478394,398.0546875,1068,ok,,1.0.0,{}
32,pendigits,openml_task,amlb,multiclass,nofe,2,4500,8793,2199,16,16,0,0.04000493750683796,categorical_crossentropy,False,0.04000493750683796,-0.0,"{""accuracy"": 0.9978171896271132, ""categorical_crossentropy"": 0.04000493750683796, ""categorical_roc_auc"": 0.9993044640967922, ""f1"": 0.9890929114701587, ""precision"": 0.9892491799703768, ""recall"": 0.9889942861007925}","{""accuracy"": 0.0, ""categorical_crossentropy"": -0.0, ""categorical_roc_auc"": 0.0, ""f1"": 0.0, ""precision"": 0.0, ""recall"": 0.0}",0.005860805511474609,0.0002338886260986328,140.43629479408264,385.796875,573,ok,,1.0.0,{}
167120,numerai28.6,openml_task,amlb,classification,nofe,0,4500,77056,19264,21,21,0,0.5202134202502001,binary_roc_auc,True,0.5202134202502001,0.0,"{""accuracy"": 0.5154692691027224, ""binary_crossentropy"": 0.6924404014316557, ""binary_roc_auc"": 0.5202134202502001, ""f1"": 0.6044580000686063, ""precision"": 0.5143516515213368, ""recall"": 0.732840115083505}","{""accuracy"": 0.0, ""binary_crossentropy"": -0.0, ""binary_roc_auc"": 0.0, ""f1"": 0.0, ""precision"": 0.0, ""recall"": 0.0}",0.03201699256896973,0.0005660057067871094,10.184194564819336,476.73828125,11,ok,,1.0.0,{}
167119,jungle_chess,openml_task,amlb,multiclass,nofe,0,4500,35855,8964,6,6,0,0.25013162515112963,categorical_crossentropy,False,0.25013162515112963,-0.0,"{""accuracy"": 0.9064405771222969, ""categorical_crossentropy"": 0.25013162515112963, ""categorical_roc_auc"": 0.9761324621062014, ""f1"": 0.8096219636307084, ""precision"": 0.815332280554221, ""recall"": 0.8044296124196028}","{""accuracy"": 0.0, ""categorical_crossentropy"": -0.0, ""categorical_roc_auc"": 0.0, ""f1"": 0.0, ""precision"": 0.0, ""recall"": 0.0}",0.013422966003417969,5.793571472167969e-05,11.923298835754395,404.46484375,1147,ok,,1.0.0,{}
167119,jungle_chess,openml_task,amlb,multiclass,nofe,3,4500,35855,8964,6,6,0,0.24822381102596122,categorical_crossentropy,False,0.24822381102596122,-0.0,"{""accuracy"": 0.908597352371439, ""categorical_crossentropy"": 0.24822381102596122, ""categorical_roc_auc"": 0.9761333555390737, ""f1"": 0.8138799116467185, ""precision"": 0.8216243573185342, ""recall"": 0.8069622281655239}","{""accuracy"": 0.0, ""categorical_crossentropy"": -0.0, ""categorical_roc_auc"": 0.0, ""f1"": 0.0, ""precision"": 0.0, ""recall"": 0.0}",0.013334274291992188,7.05718994140625e-05,10.714279174804688,394.41796875,986,ok,,1.0.0,{}
167119,jungle_chess,openml_task,amlb,multiclass,nofe,4,4500,35855,8964,6,6,0,0.24839824591215465,categorical_crossentropy,False,0.24839824591215465,-0.0,"{""accuracy"": 0.9091179532936459, ""categorical_crossentropy"": 0.24839824591215465, ""categorical_roc_auc"": 0.9765045182250489, ""f1"": 0.8148956869546208, ""precision"": 0.8205239586214056, ""recall"": 0.8097237484904093}","{""accuracy"": 0.0, ""categorical_crossentropy"": -0.0, ""categorical_roc_auc"": 0.0, ""f1"": 0.0, ""precision"": 0.0, ""recall"": 0.0}",0.02044844627380371,0.00010800361633300781,11.007855653762817,395.80859375,1022,ok,,1.0.0,{}
167125,Internet-Advertisements,openml_task,amlb,classification,nofe,0,4500,2623,656,1558,1558,0,0.9701954209065681,binary_roc_auc,True,0.9701954209065681,0.0,"{""accuracy"": 0.9710365853510513, ""binary_crossentropy"": 0.11419002338090384, ""binary_roc_auc"": 0.9701954209065681, ""f1"": 0.9832893529425598, ""precision"": 0.9755671902098505, ""recall"": 0.9911347517554763}","{""accuracy"": 0.0, ""binary_crossentropy"": -0.0, ""binary_roc_auc"": 0.0, ""f1"": 0.0, ""precision"": 0.0, ""recall"": 0.0}",0.060570716857910156,0.13590121269226074,8.125484704971313,424.60546875,164,ok,,1.0.0,{}
49,tic-tac-toe,openml_task,amlb,classification,nofe,0,4500,766,192,9,9,0,0.9998805970149254,binary_roc_auc,True,0.9998805970149254,0.0,"{""accuracy"": 0.9947916666148545, ""binary_crossentropy"": 0.026322580301401406, ""binary_roc_auc"": 0.9998805970149254, ""f1"": 0.9960159311756958, ""precision"": 0.992063491984757, ""recall"": 0.9999999999200001}","{""accuracy"": 0.0, ""binary_crossentropy"": -0.0, ""binary_roc_auc"": 0.0, ""f1"": 0.0, ""precision"": 0.0, ""recall"": 0.0}",0.006882905960083008,0.00015044212341308594,135.88267254829407,340.06640625,1611,ok,,1.0.0,{}
9977,nomao,openml_task,amlb,classification,nofe,0,4500,27572,6893,118,118,0,0.9958402765200163,binary_roc_auc,True,0.9958402765200163,0.0,"{""accuracy"": 0.9709850573031031, ""binary_crossentropy"": 0.07335619736651688, ""binary_roc_auc"": 0.9958402765200163, ""f1"": 0.9797447792800029, ""precision"": 0.9771717171697432, ""recall"": 0.9823314378534072}","{""accuracy"": 0.0, ""binary_crossentropy"": -0.0, ""binary_roc_auc"": 0.0, ""f1"": 0.0, ""precision"": 0.0, ""recall"": 0.0}",0.020585060119628906,0.0035560131072998047,76.79994606971741,564.671875,601,ok,,1.0.0,{}
167119,jungle_chess,openml_task,amlb,multiclass,nofe,2,4500,35855,8964,6,6,0,0.23556535739413398,categorical_crossentropy,False,0.23556535739413398,-0.0,"{""accuracy"": 0.9135058753522457, ""categorical_crossentropy"": 0.23556535739413398, ""categorical_roc_auc"": 0.9785506165009722, ""f1"": 0.8194946760187521, ""precision"": 0.8245569668025371, ""recall"": 0.8149549284501921}","{""accuracy"": 0.0, ""categorical_crossentropy"": -0.0, ""categorical_roc_auc"": 0.0, ""f1"": 0.0, ""precision"": 0.0, ""recall"": 0.0}",0.014994382858276367,5.602836608886719e-05,12.802841186523438,403.3671875,1213,ok,,1.0.0,{}
9981,cnae-9,openml_task,amlb,multiclass,nofe,4,4500,864,216,856,856,0,0.22520589692134377,categorical_crossentropy,False,0.22520589692134377,-0.0,"{""accuracy"": 0.9876543209419295, ""categorical_crossentropy"": 0.22520589692134377, ""categorical_roc_auc"": 0.996069637345679, ""f1"": 0.9448845248272276, ""precision"": 0.9479423864325524, ""recall"": 0.944444444050926}","{""accuracy"": 0.0, ""categorical_crossentropy"": -0.0, ""categorical_roc_auc"": 0.0, ""f1"": 0.0, ""precision"": 0.0, ""recall"": 0.0}",0.0068204402923583984,6.556510925292969e-05,76.01829409599304,358.0078125,219,ok,,1.0.0,{}
mushroom,mushroom,pmlb,pmlb,classification,nofe,0,4500,6499,1625,21,21,0,1.0,binary_roc_auc,True,1.0,0.0,"{""accuracy"": 0.9999999999938463, ""binary_crossentropy"": 0.0005598739768605671, ""binary_roc_auc"": 1.0, ""f1"": 0.9999999949872285, ""precision"": 0.9999999999872285, ""recall"": 0.9999999999872285}","{""accuracy"": 0.0, ""binary_crossentropy"": -0.0, ""binary_roc_auc"": 0.0, ""f1"": 0.0, ""precision"": 0.0, ""recall"": 0.0}",0.006929636001586914,0.00023245811462402344,5.093630075454712,333.52734375,1979,ok,,1.0.0,{}
adult,adult,pmlb,pmlb,classification,nofe,4,4500,39073,9769,14,14,0,0.9254260957294134,binary_roc_auc,True,0.9254260957294134,0.0,"{""accuracy"": 0.869689835192067, ""binary_crossentropy"": 0.2800793394514689, ""binary_roc_auc"": 0.9254260957294134, ""f1"": 0.916584753537044, ""precision"": 0.8932311621955387, ""recall"": 0.9411923025152185}","{""accuracy"": 0.0, ""binary_crossentropy"": -0.0, ""binary_roc_auc"": 0.0, ""f1"": 0.0, ""precision"": 0.0, ""recall"": 0.0}",0.01938009262084961,0.0009446144104003906,5.174041986465454,358.9921875,277,ok,,1.0.0,{}
167140,dna,openml_task,amlb,multiclass,nofe,1,4500,2548,638,180,180,0,0.14437988859259737,categorical_crossentropy,False,0.14437988859259737,-0.0,"{""accuracy"": 0.9655172413641768, ""categorical_crossentropy"": 0.14437988859259737, ""categorical_roc_auc"": 0.9924267599754253, ""f1"": 0.9430949231384801, ""precision"": 0.9367021558835512, ""recall"": 0.9504498554993228}","{""accuracy"": 0.0, ""categorical_crossentropy"": -0.0, ""categorical_roc_auc"": 0.0, ""f1"": 0.0, ""precision"": 0.0, ""recall"": 0.0}",0.012508392333984375,0.0011060237884521484,10.035862684249878,353.0546875,140,ok,,1.0.0,{}
adult,adult,pmlb,pmlb,classification,nofe,2,4500,39073,9769,14,14,0,0.9253598748635723,binary_roc_auc,True,0.9253598748635723,0.0,"{""accuracy"": 0.8702016583059983, ""binary_crossentropy"": 0.2821965927038329, ""binary_roc_auc"": 0.9253598748635723, ""f1"": 0.9167869749204656, ""precision"": 0.8947098757513837, ""recall"": 0.9399811600041179}","{""accuracy"": 0.0, ""binary_crossentropy"": -0.0, ""binary_roc_auc"": 0.0, ""f1"": 0.0, ""precision"": 0.0, ""recall"": 0.0}",0.026050090789794922,0.0005395412445068359,6.100827932357788,360.4609375,344,ok,,1.0.0,{}
167125,Internet-Advertisements,openml_task,amlb,classification,nofe,2,4500,2623,656,1558,1558,0,0.9751483965464076,binary_roc_auc,True,0.9751483965464076,0.0,"{""accuracy"": 0.9740853658388097, ""binary_crossentropy"": 0.08539300507108259, ""binary_roc_auc"": 0.9751483965464076, ""f1"": 0.9850220214145511, ""precision"": 0.9789842381614888, ""recall"": 0.9911347517554763}","{""accuracy"": 0.0, ""binary_crossentropy"": -0.0, ""binary_roc_auc"": 0.0, ""f1"": 0.0, ""precision"": 0.0, ""recall"": 0.0}",0.12332510948181152,0.34513044357299805,12.295821905136108,424.58203125,318,ok,,1.0.0,{}
167141,churn,openml_task,amlb,classification,nofe,0,4500,4000,1000,20,20,0,0.9309274350019402,binary_roc_auc,True,0.9309274350019402,0.0,"{""accuracy"": 0.95499999999045, ""binary_crossentropy"": 0.1478118859734386, ""binary_roc_auc"": 0.9309274350019402, ""f1"": 0.8249027187185273, ""precision"": 0.9137931033695006, ""recall"": 0.7517730495920728}","{""accuracy"": 0.0, ""binary_crossentropy"": -0.0, ""binary_roc_auc"": 0.0, ""f1"": 0.0, ""precision"": 0.0, ""recall"": 0.0}",0.0048274993896484375,0.00010704994201660156,9.183278560638428,339.44921875,69,ok,,1.0.0,{}
adult,adult,pmlb,pmlb,classification,nofe,3,4500,39073,9769,14,14,0,0.933418358507623,binary_roc_auc,True,0.933418358507623,0.0,"{""accuracy"": 0.8764459002959601, ""binary_crossentropy"": 0.2682091951380087, ""binary_roc_auc"": 0.933418358507623, ""f1"": 0.9208161073157647, ""precision"": 0.8983614951345387, ""recall"": 0.9444220158781531}","{""accuracy"": 0.0, ""binary_crossentropy"": -0.0, ""binary_roc_auc"": 0.0, ""f1"": 0.0, ""precision"": 0.0, ""recall"": 0.0}",0.023381710052490234,0.0012950897216796875,6.46524715423584,360.60546875,357,ok,,1.0.0,{}
167140,dna,openml_task,amlb,multiclass,nofe,2,4500,2548,638,180,180,0,0.1414467040094767,categorical_crossentropy,False,0.1414467040094767,-0.0,"{""accuracy"": 0.972831765919966, ""categorical_crossentropy"": 0.1414467040094767, ""categorical_roc_auc"": 0.9926469424957078, ""f1"": 0.9540219963400625, ""precision"": 0.9530397387009364, ""recall"": 0.9551418540601807}","{""accuracy"": 0.0, ""categorical_crossentropy"": -0.0, ""categorical_roc_auc"": 0.0, ""f1"": 0.0, ""precision"": 0.0, ""recall"": 0.0}",0.01734185218811035,0.0017943382263183594,11.391197681427002,356.74609375,562,ok,,1.0.0,{}
167125,Internet-Advertisements,openml_task,amlb,classification,nofe,3,4500,2623,656,1558,1558,0,0.9847845359235277,binary_roc_auc,True,0.9847845359235277,0.0,"{""accuracy"": 0.9801829268143265, ""binary_crossentropy"": 0.08058993675317984, ""binary_roc_auc"": 0.9847845359235277, ""f1"": 0.988526032052374, ""precision"": 0.9841827767841093, ""recall"": 0.9929078014008349}","{""accuracy"": 0.0, ""binary_crossentropy"": -0.0, ""binary_roc_auc"": 0.0, ""f1"": 0.0, ""precision"": 0.0, ""recall"": 0.0}",0.13367319107055664,0.36734890937805176,13.01947808265686,422.7421875,173,ok,,1.0.0,{}
167141,churn,openml_task,amlb,classification,nofe,4,4500,4000,1000,20,20,0,0.9229848330980276,binary_roc_auc,True,0.9229848330980276,0.0,"{""accuracy"": 0.9599999999904, ""binary_crossentropy"": 0.14680916428286583, ""binary_roc_auc"": 0.9229848330980276, ""f1"": 0.8425196800337901, ""precision"": 0.94690265478346, ""recall"": 0.7588652481731301}","{""accuracy"": 0.0, ""binary_crossentropy"": -0.0, ""binary_roc_auc"": 0.0, ""f1"": 0.0, ""precision"": 0.0, ""recall"": 0.0}",0.005591630935668945,0.0001201629638671875,8.250664472579956,333.83203125,91,ok,,1.0.0,{}
14952,PhishingWebsites,openml_task,amlb,classification,nofe,2,4500,8844,2211,30,30,0,0.9961226976574545,binary_roc_auc,True,0.9961226976574545,0.0,"{""accuracy"": 0.9715061058300701, ""binary_crossentropy"": 0.07495381673605825, ""binary_roc_auc"": 0.9961226976574545, ""f1"": 0.9744629054096319, ""precision"": 0.9724919093772453, ""recall"": 0.9764419171326041}","{""accuracy"": 0.0, ""binary_crossentropy"": -0.0, ""binary_roc_auc"": 0.0, ""f1"": 0.0, ""precision"": 0.0, ""recall"": 0.0}",0.005706071853637695,0.0002849102020263672,73.06230807304382,347.0703125,765,ok,,1.0.0,{}
167140,dna,openml_task,amlb,multiclass,nofe,4,4500,2548,638,180,180,0,0.1190998010987382,categorical_crossentropy,False,0.1190998010987382,-0.0,"{""accuracy"": 0.974921630078763, ""categorical_crossentropy"": 0.1190998010987382, ""categorical_roc_auc"": 0.9930231052743507, ""f1"": 0.9586713421874992, ""precision"": 0.9546347145614541, ""recall"": 0.963028099283639}","{""accuracy"": 0.0, ""categorical_crossentropy"": -0.0, ""categorical_roc_auc"": 0.0, ""f1"": 0.0, ""precision"": 0.0, ""recall"": 0.0}",0.01467275619506836,0.0011034011840820312,11.012620210647583,351.96875,400,ok,,1.0.0,{}
167141,churn,openml_task,amlb,classification,nofe,1,4500,4000,1000,20,20,0,0.9284505321213021,binary_roc_auc,True,0.9284505321213021,0.0,"{""accuracy"": 0.9559999999904399, ""binary_crossentropy"": 0.15574571007164195, ""binary_roc_auc"": 0.9284505321213021, ""f1"": 0.8294573593200529, ""precision"": 0.9145299144517496, ""recall"": 0.7588652481731301}","{""accuracy"": 0.0, ""binary_crossentropy"": -0.0, ""binary_roc_auc"": 0.0, ""f1"": 0.0, ""precision"": 0.0, ""recall"": 0.0}",0.0086517333984375,0.00045990943908691406,9.359663963317871,338.65625,98,ok,,1.0.0,{}
14952,PhishingWebsites,openml_task,amlb,classification,nofe,3,4500,8844,2211,30,30,0,0.9954230839370679,binary_roc_auc,True,0.9954230839370679,0.0,"{""accuracy"": 0.9678878335550978, ""binary_crossentropy"": 0.08408343989651275, ""binary_roc_auc"": 0.9954230839370679, ""f1"": 0.9712666886385021, ""precision"": 0.9677419354760667, ""recall"": 0.9748172217629991}","{""accuracy"": 0.0, ""binary_crossentropy"": -0.0, ""binary_roc_auc"": 0.0, ""f1"": 0.0, ""precision"": 0.0, ""recall"": 0.0}",0.009662866592407227,0.0002741813659667969,73.20538926124573,342.30078125,676,ok,,1.0.0,{}
167140,dna,openml_task,amlb,multiclass,nofe,3,4500,2548,638,180,180,0,0.12929218738282489,categorical_crossentropy,False,0.12929218738282489,-0.0,"{""accuracy"": 0.9696969696817707, ""categorical_crossentropy"": 0.12929218738282489, ""categorical_roc_auc"": 0.9938122280553946, ""f1"": 0.9479928132428631, ""precision"": 0.9442352025206953, ""recall"": 0.9521631472429246}","{""accuracy"": 0.0, ""categorical_crossentropy"": -0.0, ""categorical_roc_auc"": 0.0, ""f1"": 0.0, ""precision"": 0.0, ""recall"": 0.0}",0.025270700454711914,0.0023539066314697266,11.75981879234314,354.4375,432,ok,,1.0.0,{}
adult,adult,pmlb,pmlb,classification,nofe,1,4500,39073,9769,14,14,0,0.9292961743621586,binary_roc_auc,True,0.9292961743621586,0.0,"{""accuracy"": 0.8719418568933647, ""binary_crossentropy"": 0.27542712289275856, ""binary_roc_auc"": 0.9292961743621586, ""f1"": 0.9180263366574144, ""precision"": 0.894636015324528, ""recall"": 0.9426725878065635}","{""accuracy"": 0.0, ""binary_crossentropy"": -0.0, ""binary_roc_auc"": 0.0, ""f1"": 0.0, ""precision"": 0.0, ""recall"": 0.0}",0.022923707962036133,0.0008938312530517578,9.286019802093506,361.22265625,280,ok,,1.0.0,{}
167125,Internet-Advertisements,openml_task,amlb,classification,nofe,1,4500,2623,656,1558,1558,0,0.9607038236201048,binary_roc_auc,True,0.9607038236201048,0.0,"{""accuracy"": 0.9634146341316553, ""binary_crossentropy"": 0.11137100230056293, ""binary_roc_auc"": 0.9607038236201048, ""f1"": 0.9790575866071837, ""precision"": 0.9639175257566337, ""recall"": 0.9946808510461936}","{""accuracy"": 0.0, ""binary_crossentropy"": -0.0, ""binary_roc_auc"": 0.0, ""f1"": 0.0, ""precision"": 0.0, ""recall"": 0.0}",0.07022500038146973,0.1621236801147461,14.377952575683594,424.15234375,204,ok,,1.0.0,{}
167141,churn,openml_task,amlb,classification,nofe,3,4500,4000,1000,20,20,0,0.9331071095369017,binary_roc_auc,True,0.9331071095369017,0.0,"{""accuracy"": 0.96499999999035, ""binary_crossentropy"": 0.13903284304775299, ""binary_roc_auc"": 0.9331071095369017, ""f1"": 0.86486485983751, ""precision"": 0.9491525422924447, ""recall"": 0.7943262410784165}","{""accuracy"": 0.0, ""binary_crossentropy"": -0.0, ""binary_roc_auc"": 0.0, ""f1"": 0.0, ""precision"": 0.0, ""recall"": 0.0}",0.0056607723236083984,0.0001385211944580078,9.699263095855713,336.42578125,81,ok,,1.0.0,{}
167125,Internet-Advertisements,openml_task,amlb,classification,nofe,4,4500,2623,656,1558,1558,0,0.9799279216774592,binary_roc_auc,True,0.9799279216774592,0.0,"{""accuracy"": 0.977134146326568, ""binary_crossentropy"": 0.0927350564265131, ""binary_roc_auc"": 0.9799279216774592, ""f1"": 0.9867841359519649, ""precision"": 0.980735551646572, ""recall"": 0.9929078014008349}","{""accuracy"": 0.0, ""binary_crossentropy"": -0.0, ""binary_roc_auc"": 0.0, ""f1"": 0.0, ""precision"": 0.0, ""recall"": 0.0}",0.10259652137756348,0.19110941886901855,14.701918601989746,421.06640625,323,ok,,1.0.0,{}
167141,churn,openml_task,amlb,classification,nofe,2,4500,4000,1000,20,20,0,0.9240416449937664,binary_roc_auc,True,0.9240416449937664,0.0,"{""accuracy"": 0.9599999999904, ""binary_crossentropy"": 0.150998191474122, ""binary_roc_auc"": 0.9240416449937664, ""f1"": 0.8412698362739355, ""precision"": 0.954954954868923, ""recall"": 0.7517730495920728}","{""accuracy"": 0.0, ""binary_crossentropy"": -0.0, ""binary_roc_auc"": 0.0, ""f1"": 0.0, ""precision"": 0.0, ""recall"": 0.0}",0.010205507278442383,0.00021576881408691406,10.385298252105713,336.546875,258,ok,,1.0.0,{}
chess,chess,pmlb,pmlb,classification,nofe,3,4500,2556,640,36,36,0,0.999740714649133,binary_roc_auc,True,0.999740714649133,0.0,"{""accuracy"": 0.9937499999844727, ""binary_crossentropy"": 0.02669759867278252, ""binary_roc_auc"": 0.999740714649133, ""f1"": 0.9940476140182114, ""precision"": 0.9881656804441371, ""recall"": 0.9999999999700598}","{""accuracy"": 0.0, ""binary_crossentropy"": -0.0, ""binary_roc_auc"": 0.0, ""f1"": 0.0, ""precision"": 0.0, ""recall"": 0.0}",0.0036134719848632812,6.651878356933594e-05,8.487369298934937,325.98046875,599,ok,,1.0.0,{}
kr_vs_kp,kr-vs-kp,pmlb,pmlb,classification,nofe,3,4500,2556,640,36,36,0,0.9994178310046573,binary_roc_auc,True,0.9994178310046573,0.0,"{""accuracy"": 0.9890624999845459, ""binary_crossentropy"": 0.03176035382299447, ""binary_roc_auc"": 0.9994178310046573, ""f1"": 0.989536616794046, ""precision"": 0.988059701463043, ""recall"": 0.9910179640421851}","{""accuracy"": 0.0, ""binary_crossentropy"": -0.0, ""binary_roc_auc"": 0.0, ""f1"": 0.0, ""precision"": 0.0, ""recall"": 0.0}",0.008073806762695312,0.0002453327178955078,9.726693868637085,331.5234375,1213,ok,,1.0.0,{}
chess,chess,pmlb,pmlb,classification,nofe,1,4500,2556,640,36,36,0,0.9995890571797581,binary_roc_auc,True,0.9995890571797581,0.0,"{""accuracy"": 0.9906249999845215, ""binary_crossentropy"": 0.026616590781384807, ""binary_roc_auc"": 0.9995890571797581, ""f1"": 0.9910179590421853, ""precision"": 0.9910179640421851, ""recall"": 0.9910179640421851}","{""accuracy"": 0.0, ""binary_crossentropy"": -0.0, ""binary_roc_auc"": 0.0, ""f1"": 0.0, ""precision"": 0.0, ""recall"": 0.0}",0.005785942077636719,0.00010514259338378906,9.356664419174194,325.3671875,532,ok,,1.0.0,{}
chess,chess,pmlb,pmlb,classification,nofe,2,4500,2556,640,36,36,0,0.999804312942742,binary_roc_auc,True,0.999804312942742,0.0,"{""accuracy"": 0.9859374999845947, ""binary_crossentropy"": 0.03100978358275448, ""binary_roc_auc"": 0.999804312942742, ""f1"": 0.9863842612339532, ""precision"": 0.9969418959939773, ""recall"": 0.9760479041623937}","{""accuracy"": 0.0, ""binary_crossentropy"": -0.0, ""binary_roc_auc"": 0.0, ""f1"": 0.0, ""precision"": 0.0, ""recall"": 0.0}",0.00478363037109375,6.437301635742188e-05,9.1538724899292,329.38671875,1174,ok,,1.0.0,{}
146195,connect-4,openml_task,amlb,multiclass,nofe,4,4500,54045,13512,42,42,0,0.3529288278051045,categorical_crossentropy,False,0.3529288278051045,-0.0,"{""accuracy"": 0.9088217880395879, ""categorical_crossentropy"": 0.3529288278051045, ""categorical_roc_auc"": 0.9392487670643911, ""f1"": 0.7217528906859426, ""precision"": 0.7693052153214929, ""recall"": 0.7011481774565702}","{""accuracy"": 0.0, ""categorical_crossentropy"": -0.0, ""categorical_roc_auc"": 0.0, ""f1"": 0.0, ""precision"": 0.0, ""recall"": 0.0}",0.025692224502563477,0.0007848739624023438,66.29919791221619,471.32421875,1999,ok,,1.0.0,{}
146195,connect-4,openml_task,amlb,multiclass,nofe,2,4500,54045,13512,42,42,0,0.3502850483320616,categorical_crossentropy,False,0.3502850483320616,-0.0,"{""accuracy"": 0.9070455891053085, ""categorical_crossentropy"": 0.3502850483320616, ""categorical_roc_auc"": 0.9410275247627666, ""f1"": 0.7194683914013735, ""precision"": 0.7658024965615259, ""recall"": 0.6995595785075569}","{""accuracy"": 0.0, ""categorical_crossentropy"": -0.0, ""categorical_roc_auc"": 0.0, ""f1"": 0.0, ""precision"": 0.0, ""recall"": 0.0}",0.022470951080322266,0.0007724761962890625,66.83808708190918,473.11328125,1999,ok,,1.0.0,{}
146195,connect-4,openml_task,amlb,multiclass,nofe,1,4500,54045,13512,42,42,0,0.3476428331580233,categorical_crossentropy,False,0.3476428331580233,-0.0,"{""accuracy"": 0.9103019538181539, ""categorical_crossentropy"": 0.3476428331580233, ""categorical_roc_auc"": 0.9413671916766067, ""f1"": 0.7237315544179709, ""precision"": 0.7733163901783545, ""recall"": 0.7034939517342536}","{""accuracy"": 0.0, ""categorical_crossentropy"": -0.0, ""categorical_roc_auc"": 0.0, ""f1"": 0.0, ""precision"": 0.0, ""recall"": 0.0}",0.021817445755004883,0.0007264614105224609,67.25708889961243,478.37109375,1997,ok,,1.0.0,{}
146195,connect-4,openml_task,amlb,multiclass,nofe,0,4500,54045,13512,42,42,0,0.35452670445541823,categorical_crossentropy,False,0.35452670445541823,-0.0,"{""accuracy"": 0.9059107953417412, ""categorical_crossentropy"": 0.35452670445541823, ""categorical_roc_auc"": 0.9392940867850134, ""f1"": 0.7112395674893764, ""precision"": 0.7567956653696987, ""recall"": 0.69269428691447}","{""accuracy"": 0.0, ""categorical_crossentropy"": -0.0, ""categorical_roc_auc"": 0.0, ""f1"": 0.0, ""precision"": 0.0, ""recall"": 0.0}",0.022281885147094727,0.0008001327514648438,67.57920622825623,476.12109375,1998,ok,,1.0.0,{}
146195,connect-4,openml_task,amlb,multiclass,nofe,3,4500,54045,13512,42,42,0,0.35100625093601545,categorical_crossentropy,False,0.35100625093601545,-0.0,"{""accuracy"": 0.9116834418781489, ""categorical_crossentropy"": 0.35100625093601545, ""categorical_roc_auc"": 0.9400996937660221, ""f1"": 0.7270102128253736, ""precision"": 0.7735838558387421, ""recall"": 0.7082548198079777}","{""accuracy"": 0.0, ""categorical_crossentropy"": -0.0, ""categorical_roc_auc"": 0.0, ""f1"": 0.0, ""precision"": 0.0, ""recall"": 0.0}",0.02228379249572754,0.0007810592651367188,68.66787123680115,473.328125,1999,ok,,1.0.0,{}
adult,adult,pmlb,pmlb,classification,nofe,0,4500,39073,9769,14,14,0,0.9249504048595814,binary_roc_auc,True,0.9249504048595814,0.0,"{""accuracy"": 0.8708158460427159, ""binary_crossentropy"": 0.28303947001810104, ""binary_roc_auc"": 0.9249504048595814, ""f1"": 0.9171698558576766, ""precision"": 0.8951953875709222, ""recall"": 0.9402503027843625}","{""accuracy"": 0.0, ""binary_crossentropy"": -0.0, ""binary_roc_auc"": 0.0, ""f1"": 0.0, ""precision"": 0.0, ""recall"": 0.0}",0.01973748207092285,0.0009262561798095703,25.865965127944946,359.72265625,320,ok,,1.0.0,{}
ionosphere,ionosphere,pmlb,pmlb,classification,nofe,1,4500,280,71,33,33,0,0.9704347826086956,binary_roc_auc,True,0.9704347826086956,0.0,"{""accuracy"": 0.9577464787383456, ""binary_crossentropy"": 0.18626645987469728, ""binary_roc_auc"": 0.9704347826086956, ""f1"": 0.968421047432687, ""precision"": 0.9387755100124948, ""recall"": 0.9999999997826087}","{""accuracy"": 0.0, ""binary_crossentropy"": -0.0, ""binary_roc_auc"": 0.0, ""f1"": 0.0, ""precision"": 0.0, ""recall"": 0.0}",0.002340078353881836,6.508827209472656e-05,2.1664180755615234,320.9375,519,ok,,1.0.0,{}
ionosphere,ionosphere,pmlb,pmlb,classification,nofe,3,4500,280,71,33,33,0,0.9443478260869566,binary_roc_auc,True,0.9443478260869566,0.0,"{""accuracy"": 0.8873239435369967, ""binary_crossentropy"": 0.28520077510251546, ""binary_roc_auc"": 0.9443478260869566, ""f1"": 0.9148936118288818, ""precision"": 0.8958333331467013, ""recall"": 0.9347826084924385}","{""accuracy"": 0.0, ""binary_crossentropy"": -0.0, ""binary_roc_auc"": 0.0, ""f1"": 0.0, ""precision"": 0.0, ""recall"": 0.0}",0.0031545162200927734,7.82012939453125e-05,2.230314254760742,316.375,72,ok,,1.0.0,{}
ionosphere,ionosphere,pmlb,pmlb,classification,nofe,2,4500,280,71,33,33,0,0.98,binary_roc_auc,True,0.98,0.0,"{""accuracy"": 0.9295774646578061, ""binary_crossentropy"": 0.1739506136075082, ""binary_roc_auc"": 0.98, ""f1"": 0.9462365539368713, ""precision"": 0.9361702125667722, ""recall"": 0.9565217389224953}","{""accuracy"": 0.0, ""binary_crossentropy"": -0.0, ""binary_roc_auc"": 0.0, ""f1"": 0.0, ""precision"": 0.0, ""recall"": 0.0}",0.0034084320068359375,0.00011205673217773438,2.120145797729492,316.81640625,77,ok,,1.0.0,{}
ionosphere,ionosphere,pmlb,pmlb,classification,nofe,4,4500,280,71,33,33,0,0.948695652173913,binary_roc_auc,True,0.948695652173913,0.0,"{""accuracy"": 0.9154929576175362, ""binary_crossentropy"": 0.29485734944677794, ""binary_roc_auc"": 0.948695652173913, ""f1"": 0.9374999948133681, ""precision"": 0.89999999982, ""recall"": 0.978260869352552}","{""accuracy"": 0.0, ""binary_crossentropy"": -0.0, ""binary_roc_auc"": 0.0, ""f1"": 0.0, ""precision"": 0.0, ""recall"": 0.0}",0.002444744110107422,6.890296936035156e-05,1.9167671203613281,321.515625,236,ok,,1.0.0,{}
sonar,sonar,pmlb,pmlb,classification,nofe,1,4500,166,42,60,60,0,0.9840909090909091,binary_roc_auc,True,0.9840909090909091,0.0,"{""accuracy"": 0.8095238093310657, ""binary_crossentropy"": 0.3234129250936565, ""binary_roc_auc"": 0.9840909090909091, ""f1"": 0.7499999948437499, ""precision"": 0.9999999991666666, ""recall"": 0.5999999997}","{""accuracy"": 0.0, ""binary_crossentropy"": -0.0, ""binary_roc_auc"": 0.0, ""f1"": 0.0, ""precision"": 0.0, ""recall"": 0.0}",0.0022628307342529297,5.5789947509765625e-05,2.151945114135742,316.5859375,147,ok,,1.0.0,{}
mushroom,mushroom,pmlb,pmlb,classification,nofe,3,4500,6499,1625,21,21,0,1.0,binary_roc_auc,True,1.0,0.0,"{""accuracy"": 0.9999999999938463, ""binary_crossentropy"": 0.0006487982049461257, ""binary_roc_auc"": 1.0, ""f1"": 0.9999999949872285, ""precision"": 0.9999999999872285, ""recall"": 0.9999999999872285}","{""accuracy"": 0.0, ""binary_crossentropy"": -0.0, ""binary_roc_auc"": 0.0, ""f1"": 0.0, ""precision"": 0.0, ""recall"": 0.0}",0.0067217350006103516,0.00016808509826660156,18.013700008392334,332.9921875,1999,ok,,1.0.0,{}
sonar,sonar,pmlb,pmlb,classification,nofe,0,4500,166,42,60,60,0,0.95,binary_roc_auc,True,0.95,0.0,"{""accuracy"": 0.8333333331349206, ""binary_crossentropy"": 0.3194321178432022, ""binary_roc_auc"": 0.95, ""f1"": 0.7878787826262627, ""precision"": 0.9999999992307692, ""recall"": 0.649999999675}","{""accuracy"": 0.0, ""binary_crossentropy"": -0.0, ""binary_roc_auc"": 0.0, ""f1"": 0.0, ""precision"": 0.0, ""recall"": 0.0}",0.003348112106323242,0.00011277198791503906,2.024439811706543,316.765625,127,ok,,1.0.0,{}
sonar,sonar,pmlb,pmlb,classification,nofe,2,4500,166,42,60,60,0,0.9068181818181817,binary_roc_auc,True,0.9068181818181817,0.0,"{""accuracy"": 0.7857142855272109, ""binary_crossentropy"": 0.5011105138636638, ""binary_roc_auc"": 0.9068181818181817, ""f1"": 0.7272727220569329, ""precision"": 0.9230769223668639, ""recall"": 0.5999999997}","{""accuracy"": 0.0, ""binary_crossentropy"": -0.0, ""binary_roc_auc"": 0.0, ""f1"": 0.0, ""precision"": 0.0, ""recall"": 0.0}",0.0034945011138916016,5.5789947509765625e-05,2.3278732299804688,318.90234375,883,ok,,1.0.0,{}
mushroom,mushroom,pmlb,pmlb,classification,nofe,4,4500,6499,1625,21,21,0,1.0,binary_roc_auc,True,1.0,0.0,"{""accuracy"": 0.9999999999938463, ""binary_crossentropy"": 0.0006049472579649703, ""binary_roc_auc"": 1.0, ""f1"": 0.9999999949872285, ""precision"": 0.9999999999872285, ""recall"": 0.9999999999872285}","{""accuracy"": 0.0, ""binary_crossentropy"": -0.0, ""binary_roc_auc"": 0.0, ""f1"": 0.0, ""precision"": 0.0, ""recall"": 0.0}",0.010221004486083984,0.0008478164672851562,18.2101948261261,332.58203125,1445,ok,,1.0.0,{}
spambase,spambase,pmlb,pmlb,classification,nofe,4,4500,3680,921,57,57,0,0.984739871836646,binary_roc_auc,True,0.984739871836646,0.0,"{""accuracy"": 0.9467969598159957, ""binary_crossentropy"": 0.1504146624055279, ""binary_roc_auc"": 0.984739871836646, ""f1"": 0.9312762923107427, ""precision"": 0.9485714285443265, ""recall"": 0.9146005509389917}","{""accuracy"": 0.0, ""binary_crossentropy"": -0.0, ""binary_roc_auc"": 0.0, ""f1"": 0.0, ""precision"": 0.0, ""recall"": 0.0}",0.010991811752319336,0.0014548301696777344,17.81540536880493,332.0703125,265,ok,,1.0.0,{}
spambase,spambase,pmlb,pmlb,classification,nofe,1,4500,3680,921,57,57,0,0.9873663319411119,binary_roc_auc,True,0.9873663319411119,0.0,"{""accuracy"": 0.9500542888061884, ""binary_crossentropy"": 0.13628545383118118, ""binary_roc_auc"": 0.9873663319411119, ""f1"": 0.9362880836168769, ""precision"": 0.9415041782467547, ""recall"": 0.9311294765583711}","{""accuracy"": 0.0, ""binary_crossentropy"": -0.0, ""binary_roc_auc"": 0.0, ""f1"": 0.0, ""precision"": 0.0, ""recall"": 0.0}",0.007224321365356445,0.0004563331604003906,18.086341857910156,336.0078125,280,ok,,1.0.0,{}
sonar,sonar,pmlb,pmlb,classification,nofe,3,4500,166,42,60,60,0,0.9022727272727273,binary_roc_auc,True,0.9022727272727273,0.0,"{""accuracy"": 0.8095238093310657, ""binary_crossentropy"": 0.4047865299674283, ""binary_roc_auc"": 0.9022727272727273, ""f1"": 0.7894736788088642, ""precision"": 0.8333333328703704, ""recall"": 0.749999999625}","{""accuracy"": 0.0, ""binary_crossentropy"": -0.0, ""binary_roc_auc"": 0.0, ""f1"": 0.0, ""precision"": 0.0, ""recall"": 0.0}",0.00374603271484375,7.772445678710938e-05,2.3854010105133057,317.9453125,610,ok,,1.0.0,{}
mushroom,mushroom,pmlb,pmlb,classification,nofe,2,4500,6499,1625,21,21,0,1.0,binary_roc_auc,True,1.0,0.0,"{""accuracy"": 0.9999999999938463, ""binary_crossentropy"": 0.0006463095399102223, ""binary_roc_auc"": 1.0, ""f1"": 0.9999999949872285, ""precision"": 0.9999999999872285, ""recall"": 0.9999999999872285}","{""accuracy"": 0.0, ""binary_crossentropy"": -0.0, ""binary_roc_auc"": 0.0, ""f1"": 0.0, ""precision"": 0.0, ""recall"": 0.0}",0.007248401641845703,0.0003037452697753906,19.464896202087402,334.96484375,1985,ok,,1.0.0,{}
spambase,spambase,pmlb,pmlb,classification,nofe,3,4500,3680,921,57,57,0,0.9884327142391659,binary_roc_auc,True,0.9884327142391659,0.0,"{""accuracy"": 0.9554831704565094, ""binary_crossentropy"": 0.12634149143334475, ""binary_roc_auc"": 0.9884327142391659, ""f1"": 0.9434482708360524, ""precision"": 0.9447513811893715, ""recall"": 0.942148760304624}","{""accuracy"": 0.0, ""binary_crossentropy"": -0.0, ""binary_roc_auc"": 0.0, ""f1"": 0.0, ""precision"": 0.0, ""recall"": 0.0}",0.009188652038574219,0.0008132457733154297,18.06637454032898,334.55859375,294,ok,,1.0.0,{}
sonar,sonar,pmlb,pmlb,classification,nofe,4,4500,166,42,60,60,0,0.9659090909090909,binary_roc_auc,True,0.9659090909090909,0.0,"{""accuracy"": 0.9047619045464852, ""binary_crossentropy"": 0.28511487994165646, ""binary_roc_auc"": 0.9659090909090909, ""f1"": 0.8947368366481995, ""precision"": 0.944444443919753, ""recall"": 0.8499999995749999}","{""accuracy"": 0.0, ""binary_crossentropy"": -0.0, ""binary_roc_auc"": 0.0, ""f1"": 0.0, ""precision"": 0.0, ""recall"": 0.0}",0.002956390380859375,8.416175842285156e-05,1.9825639724731445,314.39453125,84,ok,,1.0.0,{}
breast_cancer,breast-cancer,pmlb,pmlb,classification,nofe,1,4500,228,58,9,9,0,0.7101865136298422,binary_roc_auc,True,0.7101865136298422,0.0,"{""accuracy"": 0.7068965516022592, ""binary_crossentropy"": 0.5419790794237934, ""binary_roc_auc"": 0.7101865136298422, ""f1"": 0.45161289798126947, ""precision"": 0.49999999964285713, ""recall"": 0.4117647056401384}","{""accuracy"": 0.0, ""binary_crossentropy"": -0.0, ""binary_roc_auc"": 0.0, ""f1"": 0.0, ""precision"": 0.0, ""recall"": 0.0}",0.002860546112060547,6.103515625e-05,8.563634157180786,313.8671875,64,ok,,1.0.0,{}
waveform_21,waveform-21,pmlb,pmlb,multiclass,nofe,0,4500,4000,1000,21,21,0,0.3320010307165794,categorical_crossentropy,False,0.3320010307165794,-0.0,"{""accuracy"": 0.89933333332434, ""categorical_crossentropy"": 0.3320010307165794, ""categorical_roc_auc"": 0.9650842840420554, ""f1"": 0.8483535160733303, ""precision"": 0.8492603441995142, ""recall"": 0.848916417723424}","{""accuracy"": 0.0, ""categorical_crossentropy"": -0.0, ""categorical_roc_auc"": 0.0, ""f1"": 0.0, ""precision"": 0.0, ""recall"": 0.0}",0.004207611083984375,0.0001251697540283203,5.855837345123291,330.265625,187,ok,,1.0.0,{}
breast_cancer,breast-cancer,pmlb,pmlb,classification,nofe,0,4500,228,58,9,9,0,0.659971305595409,binary_roc_auc,True,0.659971305595409,0.0,"{""accuracy"": 0.7068965516022592, ""binary_crossentropy"": 0.5769896864377219, ""binary_roc_auc"": 0.659971305595409, ""f1"": 0.0, ""precision"": 0.0, ""recall"": 0.0}","{""accuracy"": 0.0, ""binary_crossentropy"": -0.0, ""binary_roc_auc"": 0.0, ""f1"": 0.0, ""precision"": 0.0, ""recall"": 0.0}",0.001981973648071289,4.00543212890625e-05,9.141012191772461,315.6015625,11,ok,,1.0.0,{}
titanic,titanic,pmlb,pmlb,classification,nofe,2,4500,1679,420,8,8,0,0.7797224523612263,binary_roc_auc,True,0.7797224523612263,0.0,"{""accuracy"": 0.802380952361848, ""binary_crossentropy"": 0.47935739677133304, ""binary_roc_auc"": 0.7797224523612263, ""f1"": 0.5911330004455339, ""precision"": 0.8955223879260416, ""recall"": 0.44117647055579584}","{""accuracy"": 0.0, ""binary_crossentropy"": -0.0, ""binary_roc_auc"": 0.0, ""f1"": 0.0, ""precision"": 0.0, ""recall"": 0.0}",0.003034830093383789,8.463859558105469e-05,8.041616916656494,319.45703125,86,ok,,1.0.0,{}
breast_cancer,breast-cancer,pmlb,pmlb,classification,nofe,3,4500,228,58,9,9,0,0.7094691535150646,binary_roc_auc,True,0.7094691535150646,0.0,"{""accuracy"": 0.7586206895243758, ""binary_crossentropy"": 0.5392509010331384, ""binary_roc_auc"": 0.7094691535150646, ""f1"": 0.29999999715, ""precision"": 0.9999999966666667, ""recall"": 0.1764705881314879}","{""accuracy"": 0.0, ""binary_crossentropy"": -0.0, ""binary_roc_auc"": 0.0, ""f1"": 0.0, ""precision"": 0.0, ""recall"": 0.0}",0.003008604049682617,4.553794860839844e-05,8.664700508117676,315.73828125,15,ok,,1.0.0,{}
breast_cancer,breast-cancer,pmlb,pmlb,classification,nofe,2,4500,228,58,9,9,0,0.7101865136298422,binary_roc_auc,True,0.7101865136298422,0.0,"{""accuracy"": 0.7413793102170035, ""binary_crossentropy"": 0.5214594880054737, ""binary_roc_auc"": 0.7101865136298422, ""f1"": 0.399999995328, ""precision"": 0.6249999992187499, ""recall"": 0.29411764688581316}","{""accuracy"": 0.0, ""binary_crossentropy"": -0.0, ""binary_roc_auc"": 0.0, ""f1"": 0.0, ""precision"": 0.0, ""recall"": 0.0}",0.002059459686279297,4.410743713378906e-05,8.590024948120117,315.69921875,48,ok,,1.0.0,{}
breast_cancer,breast-cancer,pmlb,pmlb,classification,nofe,4,4500,228,58,9,9,0,0.7166427546628407,binary_roc_auc,True,0.7166427546628407,0.0,"{""accuracy"": 0.7068965516022592, ""binary_crossentropy"": 0.5579575595670733, ""binary_roc_auc"": 0.7166427546628407, ""f1"": 0.0, ""precision"": 0.0, ""recall"": 0.0}","{""accuracy"": 0.0, ""binary_crossentropy"": -0.0, ""binary_roc_auc"": 0.0, ""f1"": 0.0, ""precision"": 0.0, ""recall"": 0.0}",0.003796815872192383,7.271766662597656e-05,8.780294418334961,317.71484375,10,ok,,1.0.0,{}
nursery,nursery,pmlb,pmlb,multiclass,nofe,0,4500,10366,2592,8,8,0,0.002031699768887747,categorical_crossentropy,False,0.002031699768887747,-0.0,"{""accuracy"": 0.999999999996142, ""categorical_crossentropy"": 0.002031699768887747, ""categorical_roc_auc"": 1.0, ""f1"": 0.9999999949532068, ""precision"": 0.9999999999532065, ""recall"": 0.9999999999532065}","{""accuracy"": 0.0, ""categorical_crossentropy"": -0.0, ""categorical_roc_auc"": 0.0, ""f1"": 0.0, ""precision"": 0.0, ""recall"": 0.0}",0.0051310062408447266,7.367134094238281e-05,7.728610992431641,380.69921875,1997,ok,,1.0.0,{}
titanic,titanic,pmlb,pmlb,classification,nofe,3,4500,1679,420,8,8,0,0.8310118061309031,binary_roc_auc,True,0.8310118061309031,0.0,"{""accuracy"": 0.8047619047427438, ""binary_crossentropy"": 0.4510293778830341, ""binary_roc_auc"": 0.8310118061309031, ""f1"": 0.6371681367436761, ""precision"": 0.7999999999111111, ""recall"": 0.5294117646669549}","{""accuracy"": 0.0, ""binary_crossentropy"": -0.0, ""binary_roc_auc"": 0.0, ""f1"": 0.0, ""precision"": 0.0, ""recall"": 0.0}",0.00391840934753418,7.295608520507812e-05,8.50980257987976,315.8671875,73,ok,,1.0.0,{}
titanic,titanic,pmlb,pmlb,classification,nofe,1,4500,1679,420,8,8,0,0.8149078293289147,binary_roc_auc,True,0.8149078293289147,0.0,"{""accuracy"": 0.7999999999809524, ""binary_crossentropy"": 0.4594271385066566, ""binary_roc_auc"": 0.8149078293289147, ""f1"": 0.6181818134049587, ""precision"": 0.8095238094274377, ""recall"": 0.49999999996323524}","{""accuracy"": 0.0, ""binary_crossentropy"": -0.0, ""binary_roc_auc"": 0.0, ""f1"": 0.0, ""precision"": 0.0, ""recall"": 0.0}",0.003639698028564453,0.00010204315185546875,8.960077047348022,317.88671875,61,ok,,1.0.0,{}
titanic,titanic,pmlb,pmlb,classification,nofe,4,4500,1679,420,8,8,0,0.8393356462303232,binary_roc_auc,True,0.8393356462303232,0.0,"{""accuracy"": 0.8119047618854308, ""binary_crossentropy"": 0.4473991562745401, ""binary_roc_auc"": 0.8393356462303232, ""f1"": 0.6359446957234174, ""precision"": 0.851851851746685, ""recall"": 0.5073529411391652}","{""accuracy"": 0.0, ""binary_crossentropy"": -0.0, ""binary_roc_auc"": 0.0, ""f1"": 0.0, ""precision"": 0.0, ""recall"": 0.0}",0.004187345504760742,7.987022399902344e-05,8.643039464950562,315.45703125,53,ok,,1.0.0,{}
nursery,nursery,pmlb,pmlb,multiclass,nofe,3,4500,10366,2592,8,8,0,0.0016623060761146841,categorical_crossentropy,False,0.0016623060761146841,-0.0,"{""accuracy"": 0.999999999996142, ""categorical_crossentropy"": 0.0016623060761146841, ""categorical_roc_auc"": 1.0, ""f1"": 0.9999999949532068, ""precision"": 0.9999999999532065, ""recall"": 0.9999999999532065}","{""accuracy"": 0.0, ""categorical_crossentropy"": -0.0, ""categorical_roc_auc"": 0.0, ""f1"": 0.0, ""precision"": 0.0, ""recall"": 0.0}",0.006543397903442383,7.176399230957031e-05,7.516664266586304,382.97265625,1999,ok,,1.0.0,{}
nursery,nursery,pmlb,pmlb,multiclass,nofe,2,4500,10366,2592,8,8,0,0.001701841045348448,categorical_crossentropy,False,0.001701841045348448,-0.0,"{""accuracy"": 0.999999999996142, ""categorical_crossentropy"": 0.001701841045348448, ""categorical_roc_auc"": 1.0, ""f1"": 0.9999999949532068, ""precision"": 0.9999999999532065, ""recall"": 0.9999999999532065}","{""accuracy"": 0.0, ""categorical_crossentropy"": -0.0, ""categorical_roc_auc"": 0.0, ""f1"": 0.0, ""precision"": 0.0, ""recall"": 0.0}",0.005530118942260742,7.891654968261719e-05,7.65963339805603,380.90625,1999,ok,,1.0.0,{}
titanic,titanic,pmlb,pmlb,classification,nofe,0,4500,1679,420,8,8,0,0.8354132145816073,binary_roc_auc,True,0.8354132145816073,0.0,"{""accuracy"": 0.8071428571236394, ""binary_crossentropy"": 0.4545095142442733, ""binary_roc_auc"": 0.8354132145816073, ""f1"": 0.639999995161284, ""precision"": 0.8089887639540463, ""recall"": 0.5294117646669549}","{""accuracy"": 0.0, ""binary_crossentropy"": -0.0, ""binary_roc_auc"": 0.0, ""f1"": 0.0, ""precision"": 0.0, ""recall"": 0.0}",0.0034003257751464844,0.000110626220703125,9.033140659332275,318.44921875,125,ok,,1.0.0,{}
nursery,nursery,pmlb,pmlb,multiclass,nofe,1,4500,10366,2592,8,8,0,0.0021332057209510927,categorical_crossentropy,False,0.0021332057209510927,-0.0,"{""accuracy"": 0.999999999996142, ""categorical_crossentropy"": 0.0021332057209510927, ""categorical_roc_auc"": 1.0, ""f1"": 0.9999999949532068, ""precision"": 0.9999999999532065, ""recall"": 0.9999999999532065}","{""accuracy"": 0.0, ""categorical_crossentropy"": -0.0, ""categorical_roc_auc"": 0.0, ""f1"": 0.0, ""precision"": 0.0, ""recall"": 0.0}",0.008620500564575195,0.0003025531768798828,7.83391809463501,381.640625,1994,ok,,1.0.0,{}
nursery,nursery,pmlb,pmlb,multiclass,nofe,4,4500,10366,2592,8,8,0,0.0019188693103748575,categorical_crossentropy,False,0.0019188693103748575,-0.0,"{""accuracy"": 0.999999999996142, ""categorical_crossentropy"": 0.0019188693103748575, ""categorical_roc_auc"": 1.0, ""f1"": 0.9999999949532068, ""precision"": 0.9999999999532065, ""recall"": 0.9999999999532065}","{""accuracy"": 0.0, ""categorical_crossentropy"": -0.0, ""categorical_roc_auc"": 0.0, ""f1"": 0.0, ""precision"": 0.0, ""recall"": 0.0}",0.006658792495727539,9.5367431640625e-05,7.640986442565918,381.34765625,1997,ok,,1.0.0,{}
car_evaluation,car-evaluation,pmlb,pmlb,multiclass,nofe,1,4500,1382,346,6,6,0,0.031476810287224544,categorical_crossentropy,False,0.031476810287224544,-0.0,"{""accuracy"": 0.9927745664452955, ""categorical_crossentropy"": 0.031476810287224544, ""categorical_roc_auc"": 0.9997760026357434, ""f1"": 0.9724265253498343, ""precision"": 0.9735062962053553, ""recall"": 0.9713695391517432}","{""accuracy"": 0.0, ""categorical_crossentropy"": -0.0, ""categorical_roc_auc"": 0.0, ""f1"": 0.0, ""precision"": 0.0, ""recall"": 0.0}",0.0025115013122558594,4.982948303222656e-05,2.6943600177764893,339.05859375,924,ok,,1.0.0,{}
car_evaluation,car-evaluation,pmlb,pmlb,multiclass,nofe,0,4500,1382,346,6,6,0,0.034077848049719084,categorical_crossentropy,False,0.034077848049719084,-0.0,"{""accuracy"": 0.9927745664452955, ""categorical_crossentropy"": 0.034077848049719084, ""categorical_roc_auc"": 0.9998186435949571, ""f1"": 0.9463284372999152, ""precision"": 0.9519345234122405, ""recall"": 0.9416152026075884}","{""accuracy"": 0.0, ""categorical_crossentropy"": -0.0, ""categorical_roc_auc"": 0.0, ""f1"": 0.0, ""precision"": 0.0, ""recall"": 0.0}",0.0038497447967529297,7.009506225585938e-05,2.679584503173828,334.109375,593,ok,,1.0.0,{}
car_evaluation,car-evaluation,pmlb,pmlb,multiclass,nofe,2,4500,1382,346,6,6,0,0.04835759497447825,categorical_crossentropy,False,0.04835759497447825,-0.0,"{""accuracy"": 0.9927745664452955, ""categorical_crossentropy"": 0.04835759497447825, ""categorical_roc_auc"": 0.9995083045453673, ""f1"": 0.953059074366951, ""precision"": 0.9666666662433258, ""recall"": 0.9421487599556309}","{""accuracy"": 0.0, ""categorical_crossentropy"": -0.0, ""categorical_roc_auc"": 0.0, ""f1"": 0.0, ""precision"": 0.0, ""recall"": 0.0}",0.002920389175415039,4.696846008300781e-05,2.4270241260528564,324.9140625,349,ok,,1.0.0,{}
waveform_21,waveform-21,pmlb,pmlb,multiclass,nofe,2,4500,4000,1000,21,21,0,0.31059804021776655,categorical_crossentropy,False,0.31059804021776655,-0.0,"{""accuracy"": 0.9106666666575599, ""categorical_crossentropy"": 0.31059804021776655, ""categorical_roc_auc"": 0.9698291314432635, ""f1"": 0.865565053000938, ""precision"": 0.8666306641831052, ""recall"": 0.8658188356542321}","{""accuracy"": 0.0, ""categorical_crossentropy"": -0.0, ""categorical_roc_auc"": 0.0, ""f1"": 0.0, ""precision"": 0.0, ""recall"": 0.0}",0.006361722946166992,0.00013709068298339844,3.5595667362213135,330.73828125,157,ok,,1.0.0,{}
car_evaluation,car-evaluation,pmlb,pmlb,multiclass,nofe,3,4500,1382,346,6,6,0,0.0368701249992196,categorical_crossentropy,False,0.0368701249992196,-0.0,"{""accuracy"": 0.9956647398556165, ""categorical_crossentropy"": 0.0368701249992196, ""categorical_roc_auc"": 0.9999879302853281, ""f1"": 0.9849263208686957, ""precision"": 0.9906249995748898, ""recall"": 0.980076741039541}","{""accuracy"": 0.0, ""categorical_crossentropy"": -0.0, ""categorical_roc_auc"": 0.0, ""f1"": 0.0, ""precision"": 0.0, ""recall"": 0.0}",0.003222227096557617,5.3882598876953125e-05,2.431842088699341,329.90234375,453,ok,,1.0.0,{}
waveform_21,waveform-21,pmlb,pmlb,multiclass,nofe,1,4500,4000,1000,21,21,0,0.31226422857900615,categorical_crossentropy,False,0.31226422857900615,-0.0,"{""accuracy"": 0.90133333332432, ""categorical_crossentropy"": 0.31226422857900615, ""categorical_roc_auc"": 0.9700341583191646, ""f1"": 0.8517600163776766, ""precision"": 0.8520662090174151, ""recall"": 0.8518552246226676}","{""accuracy"": 0.0, ""categorical_crossentropy"": -0.0, ""categorical_roc_auc"": 0.0, ""f1"": 0.0, ""precision"": 0.0, ""recall"": 0.0}",0.004065752029418945,6.818771362304688e-05,4.017705202102661,331.3828125,211,ok,,1.0.0,{}
waveform_21,waveform-21,pmlb,pmlb,multiclass,nofe,4,4500,4000,1000,21,21,0,0.3260233382100705,categorical_crossentropy,False,0.3260233382100705,-0.0,"{""accuracy"": 0.89866666665768, ""categorical_crossentropy"": 0.3260233382100705, ""categorical_roc_auc"": 0.9670710044722987, ""f1"": 0.8474657257239245, ""precision"": 0.8483876018439336, ""recall"": 0.8478044301654065}","{""accuracy"": 0.0, ""categorical_crossentropy"": -0.0, ""categorical_roc_auc"": 0.0, ""f1"": 0.0, ""precision"": 0.0, ""recall"": 0.0}",0.007102251052856445,0.00010585784912109375,10.881139516830444,332.734375,149,ok,,1.0.0,{}
car_evaluation,car-evaluation,pmlb,pmlb,multiclass,nofe,4,4500,1382,346,6,6,0,0.03477120745291458,categorical_crossentropy,False,0.03477120745291458,-0.0,"{""accuracy"": 0.994219653150456, ""categorical_crossentropy"": 0.03477120745291458, ""categorical_roc_auc"": 0.9991900385300193, ""f1"": 0.9732469122870874, ""precision"": 0.9914573127361974, ""recall"": 0.957792207404884}","{""accuracy"": 0.0, ""categorical_crossentropy"": -0.0, ""categorical_roc_auc"": 0.0, ""f1"": 0.0, ""precision"": 0.0, ""recall"": 0.0}",0.004496097564697266,7.677078247070312e-05,10.379088878631592,361.80078125,1967,ok,,1.0.0,{}
waveform_21,waveform-21,pmlb,pmlb,multiclass,nofe,3,4500,4000,1000,21,21,0,0.31700007919495693,categorical_crossentropy,False,0.31700007919495693,-0.0,"{""accuracy"": 0.90533333332428, ""categorical_crossentropy"": 0.31700007919495693, ""categorical_roc_auc"": 0.9688493913733063, ""f1"": 0.8577965559478188, ""precision"": 0.8587278910076881, ""recall"": 0.8576884219337139}","{""accuracy"": 0.0, ""categorical_crossentropy"": -0.0, ""categorical_roc_auc"": 0.0, ""f1"": 0.0, ""precision"": 0.0, ""recall"": 0.0}",0.005065202713012695,9.1552734375e-05,11.185672760009766,332.93359375,215,ok,,1.0.0,{}
satimage,satimage,pmlb,pmlb,multiclass,nofe,3,4500,5148,1287,36,36,0,0.26234098463526384,categorical_crossentropy,False,0.26234098463526384,-0.0,"{""accuracy"": 0.9673659673584508, ""categorical_crossentropy"": 0.26234098463526384, ""categorical_roc_auc"": 0.9893565114395497, ""f1"": 0.8822844981638259, ""precision"": 0.8898961597174552, ""recall"": 0.8764534163821428}","{""accuracy"": 0.0, ""categorical_crossentropy"": -0.0, ""categorical_roc_auc"": 0.0, ""f1"": 0.0, ""precision"": 0.0, ""recall"": 0.0}",0.006440401077270508,0.00031375885009765625,6.31310772895813,342.2578125,234,ok,,1.0.0,{}
satimage,satimage,pmlb,pmlb,multiclass,nofe,2,4500,5148,1287,36,36,0,0.2254584661383874,categorical_crossentropy,False,0.2254584661383874,-0.0,"{""accuracy"": 0.9720279720204195, ""categorical_crossentropy"": 0.2254584661383874, ""categorical_roc_auc"": 0.9912849706741054, ""f1"": 0.895345241946908, ""precision"": 0.9079519467008904, ""recall"": 0.8874729104940312}","{""accuracy"": 0.0, ""categorical_crossentropy"": -0.0, ""categorical_roc_auc"": 0.0, ""f1"": 0.0, ""precision"": 0.0, ""recall"": 0.0}",0.006392002105712891,0.00037741661071777344,6.40421199798584,345.640625,253,ok,,1.0.0,{}
satimage,satimage,pmlb,pmlb,multiclass,nofe,4,4500,5148,1287,36,36,0,0.2519581942055304,categorical_crossentropy,False,0.2519581942055304,-0.0,"{""accuracy"": 0.9702149702074316, ""categorical_crossentropy"": 0.2519581942055304, ""categorical_roc_auc"": 0.9904531004246669, ""f1"": 0.8905461414201113, ""precision"": 0.8984601247516104, ""recall"": 0.884729297517822}","{""accuracy"": 0.0, ""categorical_crossentropy"": -0.0, ""categorical_roc_auc"": 0.0, ""f1"": 0.0, ""precision"": 0.0, ""recall"": 0.0}",0.008741378784179688,0.0005097389221191406,6.520527124404907,346.71875,287,ok,,1.0.0,{}
satimage,satimage,pmlb,pmlb,multiclass,nofe,0,4500,5148,1287,36,36,0,0.24759418885024737,categorical_crossentropy,False,0.24759418885024737,-0.0,"{""accuracy"": 0.9725459725384159, ""categorical_crossentropy"": 0.24759418885024737, ""categorical_roc_auc"": 0.9891960923518212, ""f1"": 0.9028377847703389, ""precision"": 0.9085041762325927, ""recall"": 0.8983577760840739}","{""accuracy"": 0.0, ""categorical_crossentropy"": -0.0, ""categorical_roc_auc"": 0.0, ""f1"": 0.0, ""precision"": 0.0, ""recall"": 0.0}",0.006404399871826172,0.0004398822784423828,11.259250164031982,352.83984375,367,ok,,1.0.0,{}
satimage,satimage,pmlb,pmlb,multiclass,nofe,1,4500,5148,1287,36,36,0,0.22027221451282222,categorical_crossentropy,False,0.22027221451282222,-0.0,"{""accuracy"": 0.9748769748694001, ""categorical_crossentropy"": 0.22027221451282222, ""categorical_roc_auc"": 0.9910753348555482, ""f1"": 0.9070357937185206, ""precision"": 0.9182516210225353, ""recall"": 0.8998041143059949}","{""accuracy"": 0.0, ""categorical_crossentropy"": -0.0, ""categorical_roc_auc"": 0.0, ""f1"": 0.0, ""precision"": 0.0, ""recall"": 0.0}",0.00628972053527832,0.0003228187561035156,11.026556730270386,346.140625,274,ok,,1.0.0,{}
shuttle,shuttle,pmlb,pmlb,multiclass,nofe,1,4500,46400,11600,9,9,0,0.00013214972519504358,categorical_crossentropy,False,0.00013214972519504358,-0.0,"{""accuracy"": 0.9999999999991378, ""categorical_crossentropy"": 0.00013214972519504358, ""categorical_roc_auc"": 1.0, ""f1"": 0.9999999936215033, ""precision"": 0.9999999986215032, ""recall"": 0.9999999986215032}","{""accuracy"": 0.0, ""categorical_crossentropy"": -0.0, ""categorical_roc_auc"": 0.0, ""f1"": 0.0, ""precision"": 0.0, ""recall"": 0.0}",0.01910710334777832,0.0007827281951904297,8.823933839797974,369.09765625,490,ok,,1.0.0,{}
shuttle,shuttle,pmlb,pmlb,multiclass,nofe,2,4500,46400,11600,9,9,0,0.0001825531106259922,categorical_crossentropy,False,0.0001825531106259922,-0.0,"{""accuracy"": 0.9999753694572658, ""categorical_crossentropy"": 0.0001825531106259922, ""categorical_roc_auc"": 1.0, ""f1"": 0.992441102008086, ""precision"": 0.9999198318587977, ""recall"": 0.9857142843500747}","{""accuracy"": 0.0, ""categorical_crossentropy"": -0.0, ""categorical_roc_auc"": 0.0, ""f1"": 0.0, ""precision"": 0.0, ""recall"": 0.0}",0.018297672271728516,0.0005409717559814453,8.344675779342651,354.69140625,445,ok,,1.0.0,{}
9978,ozone-level-8hr,openml_task,amlb,classification,nofe,3,4500,2027,507,72,72,0,0.8767105263157895,binary_roc_auc,True,0.8767105263157895,0.0,"{""accuracy"": 0.9428007889360395, ""binary_crossentropy"": 0.17092595605778507, ""binary_roc_auc"": 0.8767105263157895, ""f1"": 0.38297871889542784, ""precision"": 0.5999999996, ""recall"": 0.28124999991210936}","{""accuracy"": 0.0, ""binary_crossentropy"": -0.0, ""binary_roc_auc"": 0.0, ""f1"": 0.0, ""precision"": 0.0, ""recall"": 0.0}",0.011273622512817383,0.00043773651123046875,137.1971664428711,346.828125,54,ok,,1.0.0,{}
9977,nomao,openml_task,amlb,classification,nofe,1,4500,27572,6893,118,118,0,0.9961038563204899,binary_roc_auc,True,0.9961038563204899,0.0,"{""accuracy"": 0.9717104308704894, ""binary_crossentropy"": 0.07229359174488244, ""binary_roc_auc"": 0.9961038563204899, ""f1"": 0.9802371491482293, ""precision"": 0.9783532267833738, ""recall"": 0.9821283509322053}","{""accuracy"": 0.0, ""binary_crossentropy"": -0.0, ""binary_roc_auc"": 0.0, ""f1"": 0.0, ""precision"": 0.0, ""recall"": 0.0}",0.021673917770385742,0.003731966018676758,137.66758632659912,567.0859375,693,ok,,1.0.0,{}
6,letter,openml_task,amlb,multiclass,nofe,0,4500,16000,4000,16,16,0,0.11683050455011758,categorical_crossentropy,False,0.11683050455011758,-0.0,"{""accuracy"": 0.9969807692282768, ""categorical_crossentropy"": 0.11683050455011758, ""categorical_roc_auc"": 0.9996714935516972, ""f1"": 0.9605139409123861, ""precision"": 0.9609935031450478, ""recall"": 0.9604722076065393}","{""accuracy"": 0.0, ""categorical_crossentropy"": -0.0, ""categorical_roc_auc"": 0.0, ""f1"": 0.0, ""precision"": 0.0, ""recall"": 0.0}",0.015547037124633789,0.0011157989501953125,204.24848628044128,598.8515625,1161,ok,,1.0.0,{}
9981,cnae-9,openml_task,amlb,multiclass,nofe,2,4500,864,216,856,856,0,0.2632212322022059,categorical_crossentropy,False,0.2632212322022059,-0.0,"{""accuracy"": 0.9804526748517279, ""categorical_crossentropy"": 0.2632212322022059, ""categorical_roc_auc"": 0.9950569058641976, ""f1"": 0.9129359585152298, ""precision"": 0.9166674062812069, ""recall"": 0.9120370366570216}","{""accuracy"": 0.0, ""categorical_crossentropy"": -0.0, ""categorical_roc_auc"": 0.0, ""f1"": 0.0, ""precision"": 0.0, ""recall"": 0.0}",0.007082700729370117,0.00018405914306640625,137.06042790412903,362.52734375,284,ok,,1.0.0,{}
32,pendigits,openml_task,amlb,multiclass,nofe,3,4500,8793,2199,16,16,0,0.0237371618249426,categorical_crossentropy,False,0.0237371618249426,-0.0,"{""accuracy"": 0.9988176443792687, ""categorical_crossentropy"": 0.0237371618249426, ""categorical_roc_auc"": 0.9999661172011969, ""f1"": 0.9940778886900011, ""precision"": 0.994032741654077, ""recall"": 0.994133051389569}","{""accuracy"": 0.0, ""categorical_crossentropy"": -0.0, ""categorical_roc_auc"": 0.0, ""f1"": 0.0, ""precision"": 0.0, ""recall"": 0.0}",0.01575183868408203,0.0008845329284667969,204.79708623886108,388.35546875,648,ok,,1.0.0,{}
pendigits,pendigits,pmlb,pmlb,multiclass,nofe,1,4500,8793,2199,16,16,0,0.0341939279514678,categorical_crossentropy,False,0.0341939279514678,-0.0,"{""accuracy"": 0.9979990904911414, ""categorical_crossentropy"": 0.0341939279514678, ""categorical_roc_auc"": 0.9998910878540755, ""f1"": 0.9901329643035369, ""precision"": 0.9901579678108506, ""recall"": 0.990167583227316}","{""accuracy"": 0.0, ""categorical_crossentropy"": -0.0, ""categorical_roc_auc"": 0.0, ""f1"": 0.0, ""precision"": 0.0, ""recall"": 0.0}",0.008454084396362305,0.00029349327087402344,5.5332067012786865,352.8203125,340,ok,,1.0.0,{}
shuttle,shuttle,pmlb,pmlb,multiclass,nofe,3,4500,46400,11600,9,9,0,0.000538148814696146,categorical_crossentropy,False,0.000538148814696146,-0.0,"{""accuracy"": 0.9999261083735221, ""categorical_crossentropy"": 0.000538148814696146, ""categorical_roc_auc"": 0.9999992734427334, ""f1"": 0.9223201477455764, ""precision"": 0.9917565656197003, ""recall"": 0.9005602230298352}","{""accuracy"": 0.0, ""categorical_crossentropy"": -0.0, ""categorical_roc_auc"": 0.0, ""f1"": 0.0, ""precision"": 0.0, ""recall"": 0.0}",0.01928877830505371,0.0005407333374023438,11.89633297920227,373.10546875,559,ok,,1.0.0,{}
vehicle,vehicle,pmlb,pmlb,multiclass,nofe,0,4500,676,170,18,18,0,0.5225126170114998,categorical_crossentropy,False,0.5225126170114998,-0.0,"{""accuracy"": 0.8794117646541523, ""categorical_crossentropy"": 0.5225126170114998, ""categorical_roc_auc"": 0.9306049289252414, ""f1"": 0.7569139692959699, ""precision"": 0.7538696664271507, ""recall"": 0.761011904582017}","{""accuracy"": 0.0, ""categorical_crossentropy"": -0.0, ""categorical_roc_auc"": 0.0, ""f1"": 0.0, ""precision"": 0.0, ""recall"": 0.0}",0.002584218978881836,5.1021575927734375e-05,4.236769914627075,323.3828125,182,ok,,1.0.0,{}
vehicle,vehicle,pmlb,pmlb,multiclass,nofe,3,4500,676,170,18,18,0,0.4892063162070425,categorical_crossentropy,False,0.4892063162070425,-0.0,"{""accuracy"": 0.8823529411245674, ""categorical_crossentropy"": 0.4892063162070425, ""categorical_roc_auc"": 0.9315164696414696, ""f1"": 0.7619237329112872, ""precision"": 0.759468774003706, ""recall"": 0.7659090907282701}","{""accuracy"": 0.0, ""categorical_crossentropy"": -0.0, ""categorical_roc_auc"": 0.0, ""f1"": 0.0, ""precision"": 0.0, ""recall"": 0.0}",0.002382040023803711,4.5299530029296875e-05,2.2263925075531006,318.8828125,108,ok,,1.0.0,{}
vehicle,vehicle,pmlb,pmlb,multiclass,nofe,1,4500,676,170,18,18,0,0.5372674297253766,categorical_crossentropy,False,0.5372674297253766,-0.0,"{""accuracy"": 0.8794117646541523, ""categorical_crossentropy"": 0.5372674297253766, ""categorical_roc_auc"": 0.9279210633116883, ""f1"": 0.751460499315104, ""precision"": 0.7510392848257031, ""recall"": 0.760524891595217}","{""accuracy"": 0.0, ""categorical_crossentropy"": -0.0, ""categorical_roc_auc"": 0.0, ""f1"": 0.0, ""precision"": 0.0, ""recall"": 0.0}",0.004059553146362305,5.364418029785156e-05,4.417996168136597,322.84765625,169,ok,,1.0.0,{}
optdigits,optdigits,pmlb,pmlb,multiclass,nofe,1,4500,4496,1124,62,62,0,0.056064235516018815,categorical_crossentropy,False,0.056064235516018815,-0.0,"{""accuracy"": 0.9971530249021606, ""categorical_crossentropy"": 0.056064235516018815, ""categorical_roc_auc"": 0.9996846198388942, ""f1"": 0.9857281041482112, ""precision"": 0.9857892663264657, ""recall"": 0.9857213403058538}","{""accuracy"": 0.0, ""categorical_crossentropy"": -0.0, ""categorical_roc_auc"": 0.0, ""f1"": 0.0, ""precision"": 0.0, ""recall"": 0.0}",0.007583141326904297,0.0004699230194091797,9.179635047912598,392.65625,1007,ok,,1.0.0,{}
optdigits,optdigits,pmlb,pmlb,multiclass,nofe,4,4500,4496,1124,62,62,0,0.06767258376572868,categorical_crossentropy,False,0.06767258376572868,-0.0,"{""accuracy"": 0.9957295373576894, ""categorical_crossentropy"": 0.06767258376572868, ""categorical_roc_auc"": 0.9997028560317943, ""f1"": 0.9787206838464491, ""precision"": 0.9789315610928508, ""recall"": 0.9787115592165752}","{""accuracy"": 0.0, ""categorical_crossentropy"": -0.0, ""categorical_roc_auc"": 0.0, ""f1"": 0.0, ""precision"": 0.0, ""recall"": 0.0}",0.006558656692504883,0.0005223751068115234,6.0774126052856445,368.8828125,511,ok,,1.0.0,{}
vehicle,vehicle,pmlb,pmlb,multiclass,nofe,2,4500,676,170,18,18,0,0.5285705975174685,categorical_crossentropy,False,0.5285705975174685,-0.0,"{""accuracy"": 0.864705882302076, ""categorical_crossentropy"": 0.5285705975174685, ""categorical_roc_auc"": 0.9243426191863691, ""f1"": 0.7309765608097594, ""precision"": 0.7311463940835917, ""recall"": 0.7312229435501614}","{""accuracy"": 0.0, ""categorical_crossentropy"": -0.0, ""categorical_roc_auc"": 0.0, ""f1"": 0.0, ""precision"": 0.0, ""recall"": 0.0}",0.0029578208923339844,4.839897155761719e-05,4.276515483856201,324.9765625,158,ok,,1.0.0,{}
optdigits,optdigits,pmlb,pmlb,multiclass,nofe,3,4500,4496,1124,62,62,0,0.06441130571853765,categorical_crossentropy,False,0.06441130571853765,-0.0,"{""accuracy"": 0.9950177935854537, ""categorical_crossentropy"": 0.06441130571853765, ""categorical_roc_auc"": 0.9996706314442761, ""f1"": 0.9751280432752667, ""precision"": 0.975155247424385, ""recall"": 0.9751086562107595}","{""accuracy"": 0.0, ""categorical_crossentropy"": -0.0, ""categorical_roc_auc"": 0.0, ""f1"": 0.0, ""precision"": 0.0, ""recall"": 0.0}",0.009364128112792969,0.0006766319274902344,6.95963454246521,376.83984375,680,ok,,1.0.0,{}
14970,har,openml_task,amlb,multiclass,nofe,0,4500,8239,2060,561,561,0,0.028767036366582156,categorical_crossentropy,False,0.028767036366582156,-0.0,"{""accuracy"": 0.9964401294450012, ""categorical_crossentropy"": 0.028767036366582156, ""categorical_roc_auc"": 0.9998750633848693, ""f1"": 0.9893210800198489, ""precision"": 0.9894612459259546, ""recall"": 0.9892272536096621}","{""accuracy"": 0.0, ""categorical_crossentropy"": -0.0, ""categorical_roc_auc"": 0.0, ""f1"": 0.0, ""precision"": 0.0, ""recall"": 0.0}",0.03589153289794922,0.003902435302734375,119.38102889060974,789.83203125,695,ok,,1.0.0,{}
pendigits,pendigits,pmlb,pmlb,multiclass,nofe,2,4500,8793,2199,16,16,0,0.04000493750683796,categorical_crossentropy,False,0.04000493750683796,-0.0,"{""accuracy"": 0.9978171896271132, ""categorical_crossentropy"": 0.04000493750683796, ""categorical_roc_auc"": 0.9993044640967922, ""f1"": 0.9890929114701587, ""precision"": 0.9892491799703768, ""recall"": 0.9889942861007925}","{""accuracy"": 0.0, ""categorical_crossentropy"": -0.0, ""categorical_roc_auc"": 0.0, ""f1"": 0.0, ""precision"": 0.0, ""recall"": 0.0}",0.0061795711517333984,0.0002288818359375,13.363030910491943,367.0234375,573,ok,,1.0.0,{}
pendigits,pendigits,pmlb,pmlb,multiclass,nofe,4,4500,8793,2199,16,16,0,0.037699627961963585,categorical_crossentropy,False,0.037699627961963585,-0.0,"{""accuracy"": 0.9984538426512122, ""categorical_crossentropy"": 0.037699627961963585, ""categorical_roc_auc"": 0.9995069756690895, ""f1"": 0.9923283991399895, ""precision"": 0.9923295577924455, ""recall"": 0.9923490740722374}","{""accuracy"": 0.0, ""categorical_crossentropy"": -0.0, ""categorical_roc_auc"": 0.0, ""f1"": 0.0, ""precision"": 0.0, ""recall"": 0.0}",0.007331132888793945,9.417533874511719e-05,13.697291374206543,368.28125,640,ok,,1.0.0,{}
optdigits,optdigits,pmlb,pmlb,multiclass,nofe,0,4500,4496,1124,62,62,0,0.08450806592744839,categorical_crossentropy,False,0.08450806592744839,-0.0,"{""accuracy"": 0.9960854092438071, ""categorical_crossentropy"": 0.08450806592744839, ""categorical_roc_auc"": 0.9992782012246636, ""f1"": 0.9803820556627155, ""precision"": 0.9805277499576329, ""recall"": 0.9803952447816983}","{""accuracy"": 0.0, ""categorical_crossentropy"": -0.0, ""categorical_roc_auc"": 0.0, ""f1"": 0.0, ""precision"": 0.0, ""recall"": 0.0}",0.008733272552490234,0.0006794929504394531,13.873866558074951,411.484375,1448,ok,,1.0.0,{}
pendigits,pendigits,pmlb,pmlb,multiclass,nofe,3,4500,8793,2199,16,16,0,0.0237371618249426,categorical_crossentropy,False,0.0237371618249426,-0.0,"{""accuracy"": 0.9988176443792687, ""categorical_crossentropy"": 0.0237371618249426, ""categorical_roc_auc"": 0.9999661172011969, ""f1"": 0.9940778886900011, ""precision"": 0.994032741654077, ""recall"": 0.994133051389569}","{""accuracy"": 0.0, ""categorical_crossentropy"": -0.0, ""categorical_roc_auc"": 0.0, ""f1"": 0.0, ""precision"": 0.0, ""recall"": 0.0}",0.008725643157958984,0.00027632713317871094,13.956530570983887,368.8203125,648,ok,,1.0.0,{}
optdigits,optdigits,pmlb,pmlb,multiclass,nofe,2,4500,4496,1124,62,62,0,0.06739968229105452,categorical_crossentropy,False,0.06739968229105452,-0.0,"{""accuracy"": 0.9962633451868662, ""categorical_crossentropy"": 0.06739968229105452, ""categorical_roc_auc"": 0.9996874435418238, ""f1"": 0.9813918742194389, ""precision"": 0.9816085815223392, ""recall"": 0.9813116674755171}","{""accuracy"": 0.0, ""categorical_crossentropy"": -0.0, ""categorical_roc_auc"": 0.0, ""f1"": 0.0, ""precision"": 0.0, ""recall"": 0.0}",0.009110450744628906,0.0007045269012451172,11.192798614501953,408.48046875,1386,ok,,1.0.0,{}
14970,har,openml_task,amlb,multiclass,nofe,4,4500,8239,2060,561,561,0,0.02093932667267004,categorical_crossentropy,False,0.02093932667267004,-0.0,"{""accuracy"": 0.9970873786359364, ""categorical_crossentropy"": 0.02093932667267004, ""categorical_roc_auc"": 0.9999326737086994, ""f1"": 0.9911339677764865, ""precision"": 0.9913467977677616, ""recall"": 0.9909912890994761}","{""accuracy"": 0.0, ""categorical_crossentropy"": -0.0, ""categorical_roc_auc"": 0.0, ""f1"": 0.0, ""precision"": 0.0, ""recall"": 0.0}",0.03666806221008301,0.004782199859619141,119.62021088600159,790.09375,801,ok,,1.0.0,{}
pendigits,pendigits,pmlb,pmlb,multiclass,nofe,0,4500,8793,2199,16,16,0,0.035184880668169986,categorical_crossentropy,False,0.035184880668169986,-0.0,"{""accuracy"": 0.9981809913551697, ""categorical_crossentropy"": 0.035184880668169986, ""categorical_roc_auc"": 0.9996548583734715, ""f1"": 0.9909499875038577, ""precision"": 0.9910704335764384, ""recall"": 0.990929188392958}","{""accuracy"": 0.0, ""categorical_crossentropy"": -0.0, ""categorical_roc_auc"": 0.0, ""f1"": 0.0, ""precision"": 0.0, ""recall"": 0.0}",0.00647425651550293,0.000347137451171875,15.450410604476929,382.3125,918,ok,,1.0.0,{}
shuttle,shuttle,pmlb,pmlb,multiclass,nofe,0,4500,46400,11600,9,9,0,0.0006018560613656156,categorical_crossentropy,False,0.0006018560613656156,-0.0,"{""accuracy"": 0.999950738915394, ""categorical_crossentropy"": 0.0006018560613656156, ""categorical_roc_auc"": 0.999999983661929, ""f1"": 0.999700720827346, ""precision"": 0.9998397550512715, ""recall"": 0.9995624576020395}","{""accuracy"": 0.0, ""categorical_crossentropy"": -0.0, ""categorical_roc_auc"": 0.0, ""f1"": 0.0, ""precision"": 0.0, ""recall"": 0.0}",0.018939971923828125,0.0006239414215087891,23.597609758377075,364.671875,1738,ok,,1.0.0,{}
shuttle,shuttle,pmlb,pmlb,multiclass,nofe,4,4500,46400,11600,9,9,0,0.000987243024732632,categorical_crossentropy,False,0.000987243024732632,-0.0,"{""accuracy"": 0.9999507389153941, ""categorical_crossentropy"": 0.000987243024732632, ""categorical_roc_auc"": 0.9999966284694862, ""f1"": 0.9501934161377082, ""precision"": 0.9956999292582772, ""recall"": 0.9285557582352938}","{""accuracy"": 0.0, ""categorical_crossentropy"": -0.0, ""categorical_roc_auc"": 0.0, ""f1"": 0.0, ""precision"": 0.0, ""recall"": 0.0}",0.021509647369384766,0.0006096363067626953,17.21032452583313,400.65625,1250,ok,,1.0.0,{}
vehicle,vehicle,pmlb,pmlb,multiclass,nofe,4,4500,676,170,18,18,0,0.5469325255181449,categorical_crossentropy,False,0.5469325255181449,-0.0,"{""accuracy"": 0.8794117646541523, ""categorical_crossentropy"": 0.5469325255181449, ""categorical_roc_auc"": 0.9278624630577755, ""f1"": 0.7565053555948247, ""precision"": 0.7537098558589882, ""recall"": 0.7616071426769644}","{""accuracy"": 0.0, ""categorical_crossentropy"": -0.0, ""categorical_roc_auc"": 0.0, ""f1"": 0.0, ""precision"": 0.0, ""recall"": 0.0}",0.003690958023071289,0.000118255615234375,2.8180651664733887,325.8984375,313,ok,,1.0.0,{}
167140,dna,openml_task,amlb,multiclass,nofe,0,4500,2548,638,180,180,0,0.1448541090010445,categorical_crossentropy,False,0.1448541090010445,-0.0,"{""accuracy"": 0.9707419017611691, ""categorical_crossentropy"": 0.1448541090010445, ""categorical_roc_auc"": 0.9900639806868222, ""f1"": 0.9506793676334057, ""precision"": 0.9476120857202921, ""recall"": 0.9543559435532237}","{""accuracy"": 0.0, ""categorical_crossentropy"": -0.0, ""categorical_roc_auc"": 0.0, ""f1"": 0.0, ""precision"": 0.0, ""recall"": 0.0}",0.023245811462402344,0.0020995140075683594,77.15658974647522,352.78515625,211,ok,,1.0.0,{}
monk1,monk1,pmlb,pmlb,classification,nofe,0,4500,444,112,6,6,0,1.0,binary_roc_auc,True,1.0,0.0,"{""accuracy"": 0.9999999999107143, ""binary_crossentropy"": 0.022066819162059152, ""binary_roc_auc"": 1.0, ""f1"": 0.9999999948214284, ""precision"": 0.9999999998214285, ""recall"": 0.9999999998214285}","{""accuracy"": 0.0, ""binary_crossentropy"": -0.0, ""binary_roc_auc"": 0.0, ""f1"": 0.0, ""precision"": 0.0, ""recall"": 0.0}",0.003453969955444336,7.653236389160156e-05,2.1917192935943604,322.8046875,866,ok,,1.0.0,{}
monk1,monk1,pmlb,pmlb,classification,nofe,2,4500,444,112,6,6,0,1.0,binary_roc_auc,True,1.0,0.0,"{""accuracy"": 0.9999999999107143, ""binary_crossentropy"": 0.0193182694292448, ""binary_roc_auc"": 1.0, ""f1"": 0.9999999948214284, ""precision"": 0.9999999998214285, ""recall"": 0.9999999998214285}","{""accuracy"": 0.0, ""binary_crossentropy"": -0.0, ""binary_roc_auc"": 0.0, ""f1"": 0.0, ""precision"": 0.0, ""recall"": 0.0}",0.0041730403900146484,7.772445678710938e-05,2.056969404220581,322.1953125,1111,ok,,1.0.0,{}
529_pollen,pollen,pmlb,pmlb,regression,nofe,0,4500,3078,770,4,4,0,1.5986108050893144,rmse,False,1.5986108050893144,-0.0,"{""mae"": 1.2594775721019544, ""mse"": 2.5555565061483057, ""pearson"": 0.8647743033178305, ""r2"": 0.7430548463033928, ""rmse"": 1.5986108050893144, ""rmsle"": null}","{""mae"": -0.0, ""mse"": -0.0, ""pearson"": 0.0, ""r2"": 0.0, ""rmse"": -0.0, ""rmsle"": null}",0.002928495407104492,0.00011873245239257812,9.048928260803223,321.94140625,203,ok,,1.0.0,{}
kr_vs_kp,kr-vs-kp,pmlb,pmlb,classification,nofe,2,4500,2556,640,36,36,0,0.9998728034127823,binary_roc_auc,True,0.9998728034127823,0.0,"{""accuracy"": 0.9906249999845215, ""binary_crossentropy"": 0.021859622373830767, ""binary_roc_auc"": 0.9998728034127823, ""f1"": 0.9910447710898641, ""precision"": 0.9880952380658304, ""recall"": 0.9940119760181433}","{""accuracy"": 0.0, ""binary_crossentropy"": -0.0, ""binary_roc_auc"": 0.0, ""f1"": 0.0, ""precision"": 0.0, ""recall"": 0.0}",0.004553556442260742,7.700920104980469e-05,69.54310703277588,326.4375,869,ok,,1.0.0,{}
503_wind,wind,pmlb,pmlb,regression,nofe,4,4500,5259,1315,14,14,0,3.045161175952676,rmse,False,3.045161175952676,-0.0,"{""mae"": 2.3111902577795456, ""mse"": 9.273006587529485, ""pearson"": 0.8881865050361566, ""r2"": 0.7887740253805196, ""rmse"": 3.045161175952676, ""rmsle"": 0.21563302198923237}","{""mae"": -0.0, ""mse"": -0.0, ""pearson"": 0.0, ""r2"": 0.0, ""rmse"": -0.0, ""rmsle"": -0.0}",0.0029163360595703125,7.510185241699219e-05,4.697705507278442,326.26171875,254,ok,,1.0.0,{}
529_pollen,pollen,pmlb,pmlb,regression,nofe,1,4500,3078,770,4,4,0,1.585127263915552,rmse,False,1.585127263915552,-0.0,"{""mae"": 1.2395357026089613, ""mse"": 2.5126284428084045, ""pearson"": 0.8701789940520426, ""r2"": 0.7536112266698475, ""rmse"": 1.585127263915552, ""rmsle"": null}","{""mae"": -0.0, ""mse"": -0.0, ""pearson"": 0.0, ""r2"": 0.0, ""rmse"": -0.0, ""rmsle"": null}",0.0021016597747802734,5.078315734863281e-05,9.35595178604126,321.0625,137,ok,,1.0.0,{}
503_wind,wind,pmlb,pmlb,regression,nofe,0,4500,5259,1315,14,14,0,3.160870419196631,rmse,False,3.160870419196631,-0.0,"{""mae"": 2.406790639057812, ""mse"": 9.991101806952285, ""pearson"": 0.8810409780568008, ""r2"": 0.7760986004253945, ""rmse"": 3.160870419196631, ""rmsle"": 0.2221127070791727}","{""mae"": -0.0, ""mse"": -0.0, ""pearson"": 0.0, ""r2"": 0.0, ""rmse"": -0.0, ""rmsle"": -0.0}",0.003099203109741211,0.00010991096496582031,8.923508882522583,326.1484375,249,ok,,1.0.0,{}
529_pollen,pollen,pmlb,pmlb,regression,nofe,4,4500,3078,770,4,4,0,1.5625623757186557,rmse,False,1.5625623757186557,-0.0,"{""mae"": 1.2335425285743429, ""mse"": 2.4416011780115294, ""pearson"": 0.8668899204793058, ""r2"": 0.751293595185787, ""rmse"": 1.5625623757186557, ""rmsle"": null}","{""mae"": -0.0, ""mse"": -0.0, ""pearson"": 0.0, ""r2"": 0.0, ""rmse"": -0.0, ""rmsle"": null}",0.002051830291748047,5.054473876953125e-05,8.67932415008545,318.67578125,136,ok,,1.0.0,{}
spambase,spambase,pmlb,pmlb,classification,nofe,0,4500,3680,921,57,57,0,0.9896965747405629,binary_roc_auc,True,0.9896965747405629,0.0,"{""accuracy"": 0.958740499446702, ""binary_crossentropy"": 0.1166924022625758, ""binary_roc_auc"": 0.9896965747405629, ""f1"": 0.948087426668421, ""precision"": 0.9403794037685533, ""recall"": 0.9559228649874402}","{""accuracy"": 0.0, ""binary_crossentropy"": -0.0, ""binary_roc_auc"": 0.0, ""f1"": 0.0, ""precision"": 0.0, ""recall"": 0.0}",0.007234811782836914,0.0008606910705566406,72.26470446586609,336.2421875,282,ok,,1.0.0,{}
529_pollen,pollen,pmlb,pmlb,regression,nofe,3,4500,3078,770,4,4,0,1.5770896880824792,rmse,False,1.5770896880824792,-0.0,"{""mae"": 1.2540388812017687, ""mse"": 2.4872118842560913, ""pearson"": 0.8740680851309081, ""r2"": 0.7622856773063386, ""rmse"": 1.5770896880824792, ""rmsle"": null}","{""mae"": -0.0, ""mse"": -0.0, ""pearson"": 0.0, ""r2"": 0.0, ""rmse"": -0.0, ""rmsle"": null}",0.0020568370819091797,5.650520324707031e-05,9.066354751586914,321.07421875,155,ok,,1.0.0,{}
monk1,monk1,pmlb,pmlb,classification,nofe,4,4500,444,112,6,6,0,1.0,binary_roc_auc,True,1.0,0.0,"{""accuracy"": 0.9999999999107143, ""binary_crossentropy"": 0.022251679300032783, ""binary_roc_auc"": 1.0, ""f1"": 0.9999999948214284, ""precision"": 0.9999999998214285, ""recall"": 0.9999999998214285}","{""accuracy"": 0.0, ""binary_crossentropy"": -0.0, ""binary_roc_auc"": 0.0, ""f1"": 0.0, ""precision"": 0.0, ""recall"": 0.0}",0.015020370483398438,0.00012993812561035156,9.658589601516724,321.34375,827,ok,,1.0.0,{}
529_pollen,pollen,pmlb,pmlb,regression,nofe,2,4500,3078,770,4,4,0,1.5843982974151207,rmse,False,1.5843982974151207,-0.0,"{""mae"": 1.2462806129972481, ""mse"": 2.510317964851933, ""pearson"": 0.8730792294025248, ""r2"": 0.7610922593231474, ""rmse"": 1.5843982974151207, ""rmsle"": null}","{""mae"": -0.0, ""mse"": -0.0, ""pearson"": 0.0, ""r2"": 0.0, ""rmse"": -0.0, ""rmsle"": null}",0.0020933151245117188,5.030632019042969e-05,9.460716485977173,321.171875,237,ok,,1.0.0,{}
mfeat_factors,mfeat-factors,pmlb,pmlb,multiclass,nofe,0,4500,1600,400,216,216,0,0.11116926931259513,categorical_crossentropy,False,0.11116926931259513,-0.0,"{""accuracy"": 0.9934999999751625, ""categorical_crossentropy"": 0.11116926931259513, ""categorical_roc_auc"": 0.998451388888889, ""f1"": 0.96713125949995, ""precision"": 0.967589660555225, ""recall"": 0.967499999758125}","{""accuracy"": 0.0, ""categorical_crossentropy"": -0.0, ""categorical_roc_auc"": 0.0, ""f1"": 0.0, ""precision"": 0.0, ""recall"": 0.0}",0.010456323623657227,0.0008969306945800781,13.671544313430786,360.578125,343,ok,,1.0.0,{}
mushroom,mushroom,pmlb,pmlb,classification,nofe,1,4500,6499,1625,21,21,0,1.0,binary_roc_auc,True,1.0,0.0,"{""accuracy"": 0.9999999999938463, ""binary_crossentropy"": 0.0005454151054327667, ""binary_roc_auc"": 1.0, ""f1"": 0.9999999949872285, ""precision"": 0.9999999999872285, ""recall"": 0.9999999999872285}","{""accuracy"": 0.0, ""binary_crossentropy"": -0.0, ""binary_roc_auc"": 0.0, ""f1"": 0.0, ""precision"": 0.0, ""recall"": 0.0}",0.008404970169067383,0.0003952980041503906,74.14781951904297,337.21484375,1999,ok,,1.0.0,{}
letter,letter,pmlb,pmlb,multiclass,nofe,4,4500,16000,4000,16,16,0,0.11619374231634878,categorical_crossentropy,False,0.11619374231634878,-0.0,"{""accuracy"": 0.9968461538436618, ""categorical_crossentropy"": 0.11619374231634878, ""categorical_roc_auc"": 0.9996942140680193, ""f1"": 0.9589518370225446, ""precision"": 0.959407124098158, ""recall"": 0.9588758560043478}","{""accuracy"": 0.0, ""categorical_crossentropy"": -0.0, ""categorical_roc_auc"": 0.0, ""f1"": 0.0, ""precision"": 0.0, ""recall"": 0.0}",0.011807680130004883,0.0006494522094726562,41.824711322784424,546.05859375,957,ok,,1.0.0,{}
mfeat_factors,mfeat-factors,pmlb,pmlb,multiclass,nofe,1,4500,1600,400,216,216,0,0.14123844446359726,categorical_crossentropy,False,0.14123844446359726,-0.0,"{""accuracy"": 0.9924999999751876, ""categorical_crossentropy"": 0.14123844446359726, ""categorical_roc_auc"": 0.998625, ""f1"": 0.9624130905149244, ""precision"": 0.9633234820100466, ""recall"": 0.9624999997593748}","{""accuracy"": 0.0, ""categorical_crossentropy"": -0.0, ""categorical_roc_auc"": 0.0, ""f1"": 0.0, ""precision"": 0.0, ""recall"": 0.0}",0.00998997688293457,0.0010802745819091797,14.04117727279663,367.23046875,395,ok,,1.0.0,{}
503_wind,wind,pmlb,pmlb,regression,nofe,3,4500,5259,1315,14,14,0,2.966718495874886,rmse,False,2.966718495874886,-0.0,"{""mae"": 2.2869683718953295, ""mse"": 8.801418633766144, ""pearson"": 0.8944206829972378, ""r2"": 0.7994545090430338, ""rmse"": 2.966718495874886, ""rmsle"": 0.2133939221721725}","{""mae"": -0.0, ""mse"": -0.0, ""pearson"": 0.0, ""r2"": 0.0, ""rmse"": -0.0, ""rmsle"": -0.0}",0.003005504608154297,8.249282836914062e-05,8.637428522109985,328.4765625,248,ok,,1.0.0,{}
14970,har,openml_task,amlb,multiclass,nofe,2,4500,8239,2060,561,561,0,0.024857524437718284,categorical_crossentropy,False,0.024857524437718284,-0.0,"{""accuracy"": 0.9972491909336704, ""categorical_crossentropy"": 0.024857524437718284, ""categorical_roc_auc"": 0.9998727921575482, ""f1"": 0.9919906497051235, ""precision"": 0.9919393217546212, ""recall"": 0.9920437389173017}","{""accuracy"": 0.0, ""categorical_crossentropy"": -0.0, ""categorical_roc_auc"": 0.0, ""f1"": 0.0, ""precision"": 0.0, ""recall"": 0.0}",0.03761935234069824,0.0048487186431884766,134.44760847091675,788.2109375,846,ok,,1.0.0,{}
14970,har,openml_task,amlb,multiclass,nofe,1,4500,8239,2060,561,561,0,0.020220548001527974,categorical_crossentropy,False,0.020220548001527974,-0.0,"{""accuracy"": 0.9966019417427351, ""categorical_crossentropy"": 0.020220548001527974, ""categorical_roc_auc"": 0.999932437522259, ""f1"": 0.9901148891285868, ""precision"": 0.9902464258642029, ""recall"": 0.9900154052504675}","{""accuracy"": 0.0, ""categorical_crossentropy"": -0.0, ""categorical_roc_auc"": 0.0, ""f1"": 0.0, ""precision"": 0.0, ""recall"": 0.0}",0.030501365661621094,0.0042572021484375,134.82989144325256,789.40234375,949,ok,,1.0.0,{}
mfeat_factors,mfeat-factors,pmlb,pmlb,multiclass,nofe,2,4500,1600,400,216,216,0,0.20157226774732406,categorical_crossentropy,False,0.20157226774732406,-0.0,"{""accuracy"": 0.9879999999753, ""categorical_crossentropy"": 0.20157226774732406, ""categorical_roc_auc"": 0.9959166666666667, ""f1"": 0.9406208030910935, ""precision"": 0.9432078023364465, ""recall"": 0.9399999997649997}","{""accuracy"": 0.0, ""categorical_crossentropy"": -0.0, ""categorical_roc_auc"": 0.0, ""f1"": 0.0, ""precision"": 0.0, ""recall"": 0.0}",0.009308815002441406,0.0009121894836425781,14.897948741912842,376.3359375,765,ok,,1.0.0,{}
mfeat_factors,mfeat-factors,pmlb,pmlb,multiclass,nofe,4,4500,1600,400,216,216,0,0.1072641835018294,categorical_crossentropy,False,0.1072641835018294,-0.0,"{""accuracy"": 0.9949999999751251, ""categorical_crossentropy"": 0.1072641835018294, ""categorical_roc_auc"": 0.9986458333333333, ""f1"": 0.9749291265117966, ""precision"": 0.9753569192590789, ""recall"": 0.9749999997562501}","{""accuracy"": 0.0, ""categorical_crossentropy"": -0.0, ""categorical_roc_auc"": 0.0, ""f1"": 0.0, ""precision"": 0.0, ""recall"": 0.0}",0.009817361831665039,0.0008802413940429688,13.91747498512268,364.4921875,460,ok,,1.0.0,{}
letter,letter,pmlb,pmlb,multiclass,nofe,2,4500,16000,4000,16,16,0,0.1198477487991486,categorical_crossentropy,False,0.1198477487991486,-0.0,"{""accuracy"": 0.9970192307667382, ""categorical_crossentropy"": 0.1198477487991486, ""categorical_roc_auc"": 0.9996314771281489, ""f1"": 0.9611761039928037, ""precision"": 0.9615539449570255, ""recall"": 0.9611114846887825}","{""accuracy"": 0.0, ""categorical_crossentropy"": -0.0, ""categorical_roc_auc"": 0.0, ""f1"": 0.0, ""precision"": 0.0, ""recall"": 0.0}",0.011444091796875,0.0005190372467041016,42.96974301338196,553.125,1000,ok,,1.0.0,{}
ionosphere,ionosphere,pmlb,pmlb,classification,nofe,0,4500,280,71,33,33,0,0.9608695652173912,binary_roc_auc,True,0.9608695652173912,0.0,"{""accuracy"": 0.9295774646578061, ""binary_crossentropy"": 0.2538662343482736, ""binary_roc_auc"": 0.9608695652173912, ""f1"": 0.9473684158581718, ""precision"": 0.9183673467513536, ""recall"": 0.978260869352552}","{""accuracy"": 0.0, ""binary_crossentropy"": -0.0, ""binary_roc_auc"": 0.0, ""f1"": 0.0, ""precision"": 0.0, ""recall"": 0.0}",0.002262592315673828,8.0108642578125e-05,71.70731902122498,320.1796875,67,ok,,1.0.0,{}
503_wind,wind,pmlb,pmlb,regression,nofe,1,4500,5259,1315,14,14,0,2.9842687326630206,rmse,False,2.9842687326630206,-0.0,"{""mae"": 2.297464650665399, ""mse"": 8.905859868750152, ""pearson"": 0.8882498224660702, ""r2"": 0.7889578051557301, ""rmse"": 2.9842687326630206, ""rmsle"": 0.21380101772468021}","{""mae"": -0.0, ""mse"": -0.0, ""pearson"": 0.0, ""r2"": 0.0, ""rmse"": -0.0, ""rmsle"": -0.0}",0.002817392349243164,0.00017142295837402344,9.5260169506073,325.78515625,182,ok,,1.0.0,{}
503_wind,wind,pmlb,pmlb,regression,nofe,2,4500,5259,1315,14,14,0,2.985540099602209,rmse,False,2.985540099602209,-0.0,"{""mae"": 2.3151528673933486, ""mse"": 8.913449686332768, ""pearson"": 0.8929060910284732, ""r2"": 0.7968542783904808, ""rmse"": 2.985540099602209, ""rmsle"": 0.2206966742311309}","{""mae"": -0.0, ""mse"": -0.0, ""pearson"": 0.0, ""r2"": 0.0, ""rmse"": -0.0, ""rmsle"": -0.0}",0.003950834274291992,8.20159912109375e-05,9.760697603225708,328.765625,457,ok,,1.0.0,{}
letter,letter,pmlb,pmlb,multiclass,nofe,1,4500,16000,4000,16,16,0,0.11556069835297948,categorical_crossentropy,False,0.11556069835297948,-0.0,"{""accuracy"": 0.9970961538436611, ""categorical_crossentropy"": 0.11556069835297948, ""categorical_roc_auc"": 0.9995732625748187, ""f1"": 0.9621373136307396, ""precision"": 0.9625110949291712, ""recall"": 0.9620909628715383}","{""accuracy"": 0.0, ""categorical_crossentropy"": -0.0, ""categorical_roc_auc"": 0.0, ""f1"": 0.0, ""precision"": 0.0, ""recall"": 0.0}",0.01027679443359375,0.0004856586456298828,54.74057722091675,618.10546875,1454,ok,,1.0.0,{}
42712,Bike-Sharing,openml_dataset,stress_test,regression,nofe,3,4500,13903,3476,12,12,0,38.562832417176665,rmse,False,38.562832417176665,-0.0,"{""mae"": 23.949767654164724, ""mse"": 1487.0920440352515, ""pearson"": 0.9768507431058394, ""r2"": 0.9541850500122039, ""rmse"": 38.562832417176665, ""rmsle"": 0.48055982674373354}","{""mae"": -0.0, ""mse"": -0.0, ""pearson"": 0.0, ""r2"": 0.0, ""rmse"": -0.0, ""rmsle"": -0.0}",0.008867979049682617,0.0002970695495605469,9.552637815475464,352.015625,661,ok,,1.0.0,{}
42712,Bike-Sharing,openml_dataset,stress_test,regression,nofe,1,4500,13903,3476,12,12,0,37.71753657843619,rmse,False,37.71753657843619,-0.0,"{""mae"": 23.339063095597076, ""mse"": 1422.612565545672, ""pearson"": 0.9785605505484328, ""r2"": 0.9573581894175772, ""rmse"": 37.71753657843619, ""rmsle"": 0.47303665996232813}","{""mae"": -0.0, ""mse"": -0.0, ""pearson"": 0.0, ""r2"": 0.0, ""rmse"": -0.0, ""rmsle"": -0.0}",0.005722999572753906,0.0002186298370361328,9.613747119903564,357.38671875,815,ok,,1.0.0,{}
42712,Bike-Sharing,openml_dataset,stress_test,regression,nofe,2,4500,13903,3476,12,12,0,40.60308768292833,rmse,False,40.60308768292833,-0.0,"{""mae"": 24.22774980563169, ""mse"": 1648.6107293875664, ""pearson"": 0.9751785045739461, ""r2"": 0.950771575102703, ""rmse"": 40.60308768292833, ""rmsle"": 0.48170126128139484}","{""mae"": -0.0, ""mse"": -0.0, ""pearson"": 0.0, ""r2"": 0.0, ""rmse"": -0.0, ""rmsle"": -0.0}",0.005276679992675781,0.0002548694610595703,10.156419515609741,353.15625,726,ok,,1.0.0,{}
42712,Bike-Sharing,openml_dataset,stress_test,regression,nofe,0,4500,13903,3476,12,12,0,39.17820162052515,rmse,False,39.17820162052515,-0.0,"{""mae"": 24.080432941184366, ""mse"": 1534.9314822185197, ""pearson"": 0.9767941123345991, ""r2"": 0.9540014202045587, ""rmse"": 39.17820162052515, ""rmsle"": 0.4885186474040511}","{""mae"": -0.0, ""mse"": -0.0, ""pearson"": 0.0, ""r2"": 0.0, ""rmse"": -0.0, ""rmsle"": -0.0}",0.004474639892578125,0.0001704692840576172,10.437476396560669,357.07421875,1026,ok,,1.0.0,{}
spambase,spambase,pmlb,pmlb,classification,nofe,2,4500,3680,921,57,57,0,0.989247311827957,binary_roc_auc,True,0.989247311827957,0.0,"{""accuracy"": 0.9500542888061884, ""binary_crossentropy"": 0.12703836472897587, ""binary_roc_auc"": 0.989247311827957, ""f1"": 0.935754184918971, ""precision"": 0.9490084985566853, ""recall"": 0.9228650137486814}","{""accuracy"": 0.0, ""binary_crossentropy"": -0.0, ""binary_roc_auc"": 0.0, ""f1"": 0.0, ""precision"": 0.0, ""recall"": 0.0}",0.006768941879272461,0.0008566379547119141,89.58621072769165,332.640625,384,ok,,1.0.0,{}
kr_vs_kp,kr-vs-kp,pmlb,pmlb,classification,nofe,4,4500,2556,640,36,36,0,0.9999804312942743,binary_roc_auc,True,0.9999804312942743,0.0,"{""accuracy"": 0.9921874999844971, ""binary_crossentropy"": 0.02060549749717886, ""binary_roc_auc"": 0.9999804312942743, ""f1"": 0.9924585168406326, ""precision"": 0.9999999999696049, ""recall"": 0.9850299400902686}","{""accuracy"": 0.0, ""binary_crossentropy"": -0.0, ""binary_roc_auc"": 0.0, ""f1"": 0.0, ""precision"": 0.0, ""recall"": 0.0}",0.004403352737426758,0.00022101402282714844,88.91085505485535,326.65234375,598,ok,,1.0.0,{}
letter,letter,pmlb,pmlb,multiclass,nofe,0,4500,16000,4000,16,16,0,0.11683050455011758,categorical_crossentropy,False,0.11683050455011758,-0.0,"{""accuracy"": 0.9969807692282768, ""categorical_crossentropy"": 0.11683050455011758, ""categorical_roc_auc"": 0.9996714935516972, ""f1"": 0.9605139409123861, ""precision"": 0.9609935031450478, ""recall"": 0.9604722076065393}","{""accuracy"": 0.0, ""categorical_crossentropy"": -0.0, ""categorical_roc_auc"": 0.0, ""f1"": 0.0, ""precision"": 0.0, ""recall"": 0.0}",0.011217355728149414,0.0005404949188232422,58.749908208847046,577.15625,1161,ok,,1.0.0,{}
1193_BNG_lowbwt,BNG-lowbwt,pmlb,pmlb,regression,nofe,2,4500,24883,6221,9,9,0,449.2403380489895,rmse,False,449.2403380489895,-0.0,"{""mae"": 357.4591508947218, ""mse"": 201816.88133037035, ""pearson"": 0.7862360407440324, ""r2"": 0.6180641088069904, ""rmse"": 449.2403380489895, ""rmsle"": 0.1702216344863774}","{""mae"": -0.0, ""mse"": -0.0, ""pearson"": 0.0, ""r2"": 0.0, ""rmse"": -0.0, ""rmsle"": -0.0}",0.008693695068359375,0.0007152557373046875,16.62442374229431,334.4765625,107,ok,,1.0.0,{}
1113,KDD-Cup-98,openml_dataset,stress_test,regression,nofe,0,4500,,,39,,,,,,,,,,,,1.25642728805542,,,crash,"ValueError: With n_samples=0, test_size=0.2 and train_size=None, the resulting train set will be empty. Adjust any of the aforementioned parameters.",,
1193_BNG_lowbwt,BNG-lowbwt,pmlb,pmlb,regression,nofe,3,4500,24883,6221,9,9,0,450.1407188400256,rmse,False,450.1407188400256,-0.0,"{""mae"": 354.26416644519634, ""mse"": 202626.666757815, ""pearson"": 0.7843357221622568, ""r2"": 0.6148909639034448, ""rmse"": 450.1407188400256, ""rmsle"": 0.16942386145924324}","{""mae"": -0.0, ""mse"": -0.0, ""pearson"": 0.0, ""r2"": 0.0, ""rmse"": -0.0, ""rmsle"": -0.0}",0.00641632080078125,0.0004572868347167969,16.74288249015808,333.62890625,84,ok,,1.0.0,{}
1113,KDD-Cup-98,openml_dataset,stress_test,regression,nofe,1,4500,,,39,,,,,,,,,,,,1.9092926979064941,,,crash,"ValueError: With n_samples=0, test_size=0.2 and train_size=None, the resulting train set will be empty. Adjust any of the aforementioned parameters.",,
1028_SWD,SWD,pmlb,pmlb,regression,nofe,0,4500,800,200,10,10,0,0.5992811670507572,rmse,False,0.5992811670507572,-0.0,"{""mae"": 0.49522449970245364, ""mse"": 0.3591379171817175, ""pearson"": 0.6418882989984669, ""r2"": 0.4110320738276947, ""rmse"": 0.5992811670507572, ""rmsle"": 0.1284198888441956}","{""mae"": -0.0, ""mse"": -0.0, ""pearson"": 0.0, ""r2"": 0.0, ""rmse"": -0.0, ""rmsle"": -0.0}",0.0030732154846191406,0.00011444091796875,16.891743898391724,318.7265625,44,ok,,1.0.0,{}
1113,KDD-Cup-98,openml_dataset,stress_test,regression,nofe,3,4500,,,39,,,,,,,,,,,,1.7688395977020264,,,crash,"ValueError: With n_samples=0, test_size=0.2 and train_size=None, the resulting train set will be empty. Adjust any of the aforementioned parameters.",,
42712,Bike-Sharing,openml_dataset,stress_test,regression,nofe,4,4500,13903,3476,12,12,0,39.798166347183894,rmse,False,39.798166347183894,-0.0,"{""mae"": 24.22397966728459, ""mse"": 1583.8940445981204, ""pearson"": 0.9755010695073053, ""r2"": 0.9515583354194675, ""rmse"": 39.798166347183894, ""rmsle"": 0.49066958261767823}","{""mae"": -0.0, ""mse"": -0.0, ""pearson"": 0.0, ""r2"": 0.0, ""rmse"": -0.0, ""rmsle"": -0.0}",0.005459308624267578,0.0002276897430419922,2.990546703338623,353.03125,673,ok,,1.0.0,{}
1028_SWD,SWD,pmlb,pmlb,regression,nofe,1,4500,800,200,10,10,0,0.6862052687228947,rmse,False,0.6862052687228947,-0.0,"{""mae"": 0.5469160199165344, ""mse"": 0.47087767082306015, ""pearson"": 0.5501828766649693, ""r2"": 0.262842674144949, ""rmse"": 0.6862052687228947, ""rmsle"": 0.14557858912392257}","{""mae"": -0.0, ""mse"": -0.0, ""pearson"": 0.0, ""r2"": 0.0, ""rmse"": -0.0, ""rmsle"": -0.0}",0.001634836196899414,4.76837158203125e-05,17.096219539642334,315.07421875,61,ok,,1.0.0,{}
1193_BNG_lowbwt,BNG-lowbwt,pmlb,pmlb,regression,nofe,4,4500,24883,6221,9,9,0,456.1784179679472,rmse,False,456.1784179679472,-0.0,"{""mae"": 360.9486919109355, ""mse"": 208098.74901973913, ""pearson"": 0.7783760771907761, ""r2"": 0.6058512864300336, ""rmse"": 456.1784179679472, ""rmsle"": 0.16860111718865825}","{""mae"": -0.0, ""mse"": -0.0, ""pearson"": 0.0, ""r2"": 0.0, ""rmse"": -0.0, ""rmsle"": -0.0}",0.008232593536376953,0.0009229183197021484,18.07606315612793,332.60546875,117,ok,,1.0.0,{}
1028_SWD,SWD,pmlb,pmlb,regression,nofe,2,4500,800,200,10,10,0,0.6211146858325913,rmse,False,0.6211146858325913,-0.0,"{""mae"": 0.5071626591682434, ""mse"": 0.3857834529569186, ""pearson"": 0.5977434894845344, ""r2"": 0.3495473731968999, ""rmse"": 0.6211146858325913, ""rmsle"": 0.13109836007249148}","{""mae"": -0.0, ""mse"": -0.0, ""pearson"": 0.0, ""r2"": 0.0, ""rmse"": -0.0, ""rmsle"": -0.0}",0.0016627311706542969,5.14984130859375e-05,17.018214464187622,317.34765625,47,ok,,1.0.0,{}
581_fri_c3_500_25,Friedman-c3,pmlb,pmlb,regression,nofe,1,4500,400,100,25,25,0,0.3267980578050114,rmse,False,0.3267980578050114,-0.0,"{""mae"": 0.24412358629517258, ""mse"": 0.1067969705851276, ""pearson"": 0.9579335395442075, ""r2"": 0.9061670104740807, ""rmse"": 0.3267980578050114, ""rmsle"": null}","{""mae"": -0.0, ""mse"": -0.0, ""pearson"": 0.0, ""r2"": 0.0, ""rmse"": -0.0, ""rmsle"": null}",0.002644062042236328,8.249282836914062e-05,18.000075578689575,317.421875,138,ok,,1.0.0,{}
1193_BNG_lowbwt,BNG-lowbwt,pmlb,pmlb,regression,nofe,1,4500,24883,6221,9,9,0,451.3087170110411,rmse,False,451.3087170110411,-0.0,"{""mae"": 358.7220452116571, ""mse"": 203679.55805015197, ""pearson"": 0.7787005831332737, ""r2"": 0.6063454061816802, ""rmse"": 451.3087170110411, ""rmsle"": 0.1672548883741317}","{""mae"": -0.0, ""mse"": -0.0, ""pearson"": 0.0, ""r2"": 0.0, ""rmse"": -0.0, ""rmsle"": -0.0}",0.007412433624267578,0.0005166530609130859,18.942198753356934,334.47265625,105,ok,,1.0.0,{}
1113,KDD-Cup-98,openml_dataset,stress_test,regression,nofe,2,4500,,,39,,,,,,,,,,,,2.4345951080322266,,,crash,"ValueError: With n_samples=0, test_size=0.2 and train_size=None, the resulting train set will be empty. Adjust any of the aforementioned parameters.",,
581_fri_c3_500_25,Friedman-c3,pmlb,pmlb,regression,nofe,2,4500,400,100,25,25,0,0.3611830035213164,rmse,False,0.3611830035213164,-0.0,"{""mae"": 0.2779744558647508, ""mse"": 0.13045316203267926, ""pearson"": 0.9359018304867409, ""r2"": 0.8695151884313367, ""rmse"": 0.3611830035213164, ""rmsle"": null}","{""mae"": -0.0, ""mse"": -0.0, ""pearson"": 0.0, ""r2"": 0.0, ""rmse"": -0.0, ""rmsle"": null}",0.002125263214111328,7.414817810058594e-05,18.11418104171753,319.7109375,271,ok,,1.0.0,{}
1113,KDD-Cup-98,openml_dataset,stress_test,regression,nofe,4,4500,,,39,,,,,,,,,,,,1.3080084323883057,,,crash,"ValueError: With n_samples=0, test_size=0.2 and train_size=None, the resulting train set will be empty. Adjust any of the aforementioned parameters.",,
23380,Mercedes-Greener,openml_dataset,stress_test,regression,nofe,2,4500,,,29,,,,,,,,,,,,0.06499862670898438,,,crash,"ValueError: With n_samples=0, test_size=0.2 and train_size=None, the resulting train set will be empty. Adjust any of the aforementioned parameters.",,
23380,Mercedes-Greener,openml_dataset,stress_test,regression,nofe,1,4500,,,29,,,,,,,,,,,,0.07050275802612305,,,crash,"ValueError: With n_samples=0, test_size=0.2 and train_size=None, the resulting train set will be empty. Adjust any of the aforementioned parameters.",,
581_fri_c3_500_25,Friedman-c3,pmlb,pmlb,regression,nofe,3,4500,400,100,25,25,0,0.3854716450762703,rmse,False,0.3854716450762703,-0.0,"{""mae"": 0.3060650365013862, ""mse"": 0.14858838915780612, ""pearson"": 0.9206955214320066, ""r2"": 0.8387996257563624, ""rmse"": 0.3854716450762703, ""rmsle"": null}","{""mae"": -0.0, ""mse"": -0.0, ""pearson"": 0.0, ""r2"": 0.0, ""rmse"": -0.0, ""rmsle"": null}",0.001434326171875,4.4345855712890625e-05,18.26210880279541,319.4296875,312,ok,,1.0.0,{}
1028_SWD,SWD,pmlb,pmlb,regression,nofe,3,4500,800,200,10,10,0,0.6518046238344921,rmse,False,0.6518046238344921,-0.0,"{""mae"": 0.5250640773773193, ""mse"": 0.42484926765202374, ""pearson"": 0.6513106117048468, ""r2"": 0.41398080257660774, ""rmse"": 0.6518046238344921, ""rmsle"": 0.14306808330406973}","{""mae"": -0.0, ""mse"": -0.0, ""pearson"": 0.0, ""r2"": 0.0, ""rmse"": -0.0, ""rmsle"": -0.0}",0.002087831497192383,6.628036499023438e-05,16.97710084915161,316.890625,41,ok,,1.0.0,{}
23380,Mercedes-Greener,openml_dataset,stress_test,regression,nofe,0,4500,,,29,,,,,,,,,,,,0.0797111988067627,,,crash,"ValueError: With n_samples=0, test_size=0.2 and train_size=None, the resulting train set will be empty. Adjust any of the aforementioned parameters.",,
23380,Mercedes-Greener,openml_dataset,stress_test,regression,nofe,4,4500,,,29,,,,,,,,,,,,0.06463217735290527,,,crash,"ValueError: With n_samples=0, test_size=0.2 and train_size=None, the resulting train set will be empty. Adjust any of the aforementioned parameters.",,
23380,Mercedes-Greener,openml_dataset,stress_test,regression,nofe,3,4500,,,29,,,,,,,,,,,,0.07371783256530762,,,crash,"ValueError: With n_samples=0, test_size=0.2 and train_size=None, the resulting train set will be empty. Adjust any of the aforementioned parameters.",,
1028_SWD,SWD,pmlb,pmlb,regression,nofe,4,4500,800,200,10,10,0,0.6234681010291124,rmse,False,0.6234681010291124,-0.0,"{""mae"": 0.4974820613861084, ""mse"": 0.3887124730008475, ""pearson"": 0.6692229565567605, ""r2"": 0.4455677178707068, ""rmse"": 0.6234681010291124, ""rmsle"": 0.1327625032157134}","{""mae"": -0.0, ""mse"": -0.0, ""pearson"": 0.0, ""r2"": 0.0, ""rmse"": -0.0, ""rmsle"": -0.0}",0.0017805099487304688,0.0002720355987548828,17.692734479904175,318.33203125,101,ok,,1.0.0,{}
581_fri_c3_500_25,Friedman-c3,pmlb,pmlb,regression,nofe,0,4500,400,100,25,25,0,0.32666539334206623,rmse,False,0.32666539334206623,-0.0,"{""mae"": 0.2567177806935797, ""mse"": 0.10671027920732684, ""pearson"": 0.9522730652607571, ""r2"": 0.8947697348249979, ""rmse"": 0.32666539334206623, ""rmsle"": null}","{""mae"": -0.0, ""mse"": -0.0, ""pearson"": 0.0, ""r2"": 0.0, ""rmse"": -0.0, ""rmsle"": null}",0.0017352104187011719,0.0011005401611328125,19.33492398262024,322.4453125,294,ok,,1.0.0,{}
41207,Allstate-Claims,openml_dataset,stress_test,regression,nofe,0,4500,,,,,,,,,,,,,,,,,,dataset_fetch_failed,OpenML dataset 41207 could not be loaded: list index out of range,,
41207,Allstate-Claims,openml_dataset,stress_test,regression,nofe,1,4500,,,,,,,,,,,,,,,,,,dataset_fetch_failed,OpenML dataset 41207 could not be loaded: list index out of range,,
41207,Allstate-Claims,openml_dataset,stress_test,regression,nofe,2,4500,,,,,,,,,,,,,,,,,,dataset_fetch_failed,OpenML dataset 41207 could not be loaded: list index out of range,,
41207,Allstate-Claims,openml_dataset,stress_test,regression,nofe,4,4500,,,,,,,,,,,,,,,,,,dataset_fetch_failed,OpenML dataset 41207 could not be loaded: list index out of range,,
41207,Allstate-Claims,openml_dataset,stress_test,regression,nofe,3,4500,,,,,,,,,,,,,,,,,,dataset_fetch_failed,OpenML dataset 41207 could not be loaded: list index out of range,,
monk2,monk2,pmlb,stress_test,classification,nofe,1,4500,480,121,6,6,0,0.9902439024390244,binary_roc_auc,True,0.9902439024390244,0.0,"{""accuracy"": 0.942148760252715, ""binary_crossentropy"": 0.1393729846881238, ""binary_roc_auc"": 0.9902439024390244, ""f1"": 0.913580241688767, ""precision"": 0.92499999976875, ""recall"": 0.9024390241701368}","{""accuracy"": 0.0, ""binary_crossentropy"": -0.0, ""binary_roc_auc"": 0.0, ""f1"": 0.0, ""precision"": 0.0, ""recall"": 0.0}",0.0030660629272460938,4.744529724121094e-05,4.364987373352051,327.5859375,1018,ok,,1.0.0,{}
581_fri_c3_500_25,Friedman-c3,pmlb,pmlb,regression,nofe,4,4500,400,100,25,25,0,0.32775306122988507,rmse,False,0.32775306122988507,-0.0,"{""mae"": 0.25347123845029274, ""mse"": 0.1074220691455608, ""pearson"": 0.94266783174099, ""r2"": 0.8813522735985718, ""rmse"": 0.32775306122988507, ""rmsle"": null}","{""mae"": -0.0, ""mse"": -0.0, ""pearson"": 0.0, ""r2"": 0.0, ""rmse"": -0.0, ""rmsle"": null}",0.0017871856689453125,6.556510925292969e-05,26.061503410339355,324.671875,405,ok,,1.0.0,{}
yeast,yeast,pmlb,stress_test,multiclass,nofe,3,4500,1183,296,8,8,0,1.0268569796698521,categorical_crossentropy,False,1.0268569796698521,-0.0,"{""accuracy"": 0.9106606606298951, ""categorical_crossentropy"": 1.0268569796698521, ""categorical_roc_auc"": 0.862600269261616, ""f1"": 0.47636140382000547, ""precision"": 0.47879562655685487, ""recall"": 0.4806307559540175}","{""accuracy"": 0.0, ""categorical_crossentropy"": -0.0, ""categorical_roc_auc"": 0.0, ""f1"": 0.0, ""precision"": 0.0, ""recall"": 0.0}",0.002604961395263672,4.220008850097656e-05,4.839986085891724,330.4140625,112,ok,,1.0.0,{}
yeast,yeast,pmlb,stress_test,multiclass,nofe,4,4500,1183,296,8,8,0,1.0286145322402385,categorical_crossentropy,False,1.0286145322402385,-0.0,"{""accuracy"": 0.9181681681371489, ""categorical_crossentropy"": 1.0286145322402385, ""categorical_roc_auc"": 0.893724709061569, ""f1"": 0.4952269312141847, ""precision"": 0.5065609797923712, ""recall"": 0.49290268259112796}","{""accuracy"": 0.0, ""categorical_crossentropy"": -0.0, ""categorical_roc_auc"": 0.0, ""f1"": 0.0, ""precision"": 0.0, ""recall"": 0.0}",0.0027828216552734375,4.887580871582031e-05,4.7459352016448975,329.8671875,98,ok,,1.0.0,{}
monk2,monk2,pmlb,stress_test,classification,nofe,4,4500,480,121,6,6,0,0.998780487804878,binary_roc_auc,True,0.998780487804878,0.0,"{""accuracy"": 0.9752066114896524, ""binary_crossentropy"": 0.08519051557282215, ""binary_roc_auc"": 0.998780487804878, ""f1"": 0.9638554164552185, ""precision"": 0.9523809521541949, ""recall"": 0.9756097558596074}","{""accuracy"": 0.0, ""binary_crossentropy"": -0.0, ""binary_roc_auc"": 0.0, ""f1"": 0.0, ""precision"": 0.0, ""recall"": 0.0}",0.00273895263671875,9.799003601074219e-05,4.724578857421875,328.1171875,1611,ok,,1.0.0,{}
monk2,monk2,pmlb,stress_test,classification,nofe,3,4500,480,121,6,6,0,0.9759146341463414,binary_roc_auc,True,0.9759146341463414,0.0,"{""accuracy"": 0.9586776858711837, ""binary_crossentropy"": 0.1670984904523069, ""binary_roc_auc"": 0.9759146341463414, ""f1"": 0.9397590309188562, ""precision"": 0.9285714283503401, ""recall"": 0.9512195119631172}","{""accuracy"": 0.0, ""binary_crossentropy"": -0.0, ""binary_roc_auc"": 0.0, ""f1"": 0.0, ""precision"": 0.0, ""recall"": 0.0}",0.0037660598754882812,7.43865966796875e-05,5.08270525932312,327.78125,1600,ok,,1.0.0,{}
1169,Airlines,openml_dataset,stress_test,classification,nofe,2,4500,431506,107877,7,7,0,0.7206045401098782,binary_roc_auc,True,0.7206045401098782,0.0,"{""accuracy"": 0.667992250433302, ""binary_crossentropy"": 0.6065194112581329, ""binary_roc_auc"": 0.7206045401098782, ""f1"": 0.5807757986221396, ""precision"": 0.6636794093254157, ""recall"": 0.5162841029695303}","{""accuracy"": 0.0, ""binary_crossentropy"": -0.0, ""binary_roc_auc"": 0.0, ""f1"": 0.0, ""precision"": 0.0, ""recall"": 0.0}",0.13012027740478516,0.0020613670349121094,26.15939474105835,559.4140625,331,ok,,1.0.0,{}
1193_BNG_lowbwt,BNG-lowbwt,pmlb,pmlb,regression,nofe,0,4500,24883,6221,9,9,0,445.0044680697531,rmse,False,445.0044680697531,-0.0,"{""mae"": 351.06619597255485, ""mse"": 198028.9766020439, ""pearson"": 0.7906606414502915, ""r2"": 0.6251031367833303, ""rmse"": 445.0044680697531, ""rmsle"": 0.1704181769600441}","{""mae"": -0.0, ""mse"": -0.0, ""pearson"": 0.0, ""r2"": 0.0, ""rmse"": -0.0, ""rmsle"": -0.0}",0.006522655487060547,0.00037479400634765625,37.41061592102051,334.3515625,129,ok,,1.0.0,{}
14970,har,openml_task,amlb,multiclass,nofe,3,4500,8239,2060,561,561,0,0.03601556402616771,categorical_crossentropy,False,0.03601556402616771,-0.0,"{""accuracy"": 0.9951456310631306, ""categorical_crossentropy"": 0.03601556402616771, ""categorical_roc_auc"": 0.9997976918649244, ""f1"": 0.985835590627564, ""precision"": 0.9860518918376625, ""recall"": 0.9857451007173962}","{""accuracy"": 0.0, ""categorical_crossentropy"": -0.0, ""categorical_roc_auc"": 0.0, ""f1"": 0.0, ""precision"": 0.0, ""recall"": 0.0}",0.03279852867126465,0.0040395259857177734,164.27609300613403,787.4921875,1504,ok,,1.0.0,{}
adult,adult-pmlb,pmlb,stress_test,classification,nofe,0,4500,39073,9769,14,14,0,0.9249504048595814,binary_roc_auc,True,0.9249504048595814,0.0,"{""accuracy"": 0.8708158460427159, ""binary_crossentropy"": 0.28303947001810104, ""binary_roc_auc"": 0.9249504048595814, ""f1"": 0.9171698558576766, ""precision"": 0.8951953875709222, ""recall"": 0.9402503027843625}","{""accuracy"": 0.0, ""binary_crossentropy"": -0.0, ""binary_roc_auc"": 0.0, ""f1"": 0.0, ""precision"": 0.0, ""recall"": 0.0}",0.02192974090576172,0.0006425380706787109,3.4289193153381348,360.03515625,320,ok,,1.0.0,{}
yeast,yeast,pmlb,stress_test,multiclass,nofe,1,4500,1183,296,8,8,0,1.0267034706760299,categorical_crossentropy,False,1.0267034706760299,-0.0,"{""accuracy"": 0.9204204203893251, ""categorical_crossentropy"": 1.0267034706760299, ""categorical_roc_auc"": 0.8441942345071093, ""f1"": 0.5242647439257134, ""precision"": 0.5201456899058761, ""recall"": 0.53682060881157}","{""accuracy"": 0.0, ""categorical_crossentropy"": -0.0, ""categorical_roc_auc"": 0.0, ""f1"": 0.0, ""precision"": 0.0, ""recall"": 0.0}",0.0030307769775390625,5.8650970458984375e-05,8.481982707977295,325.90625,107,ok,,1.0.0,{}
yeast,yeast,pmlb,stress_test,multiclass,nofe,0,4500,1183,296,8,8,0,1.044969775940518,categorical_crossentropy,False,1.044969775940518,-0.0,"{""accuracy"": 0.9099099098791696, ""categorical_crossentropy"": 1.044969775940518, ""categorical_roc_auc"": 0.894763458657986, ""f1"": 0.5356993474032369, ""precision"": 0.6087123202931345, ""recall"": 0.519667316071055}","{""accuracy"": 0.0, ""categorical_crossentropy"": -0.0, ""categorical_roc_auc"": 0.0, ""f1"": 0.0, ""precision"": 0.0, ""recall"": 0.0}",0.0031080245971679688,5.6743621826171875e-05,8.577431678771973,330.02734375,101,ok,,1.0.0,{}
monk2,monk2,pmlb,stress_test,classification,nofe,0,4500,480,121,6,6,0,0.9539634146341462,binary_roc_auc,True,0.9539634146341462,0.0,"{""accuracy"": 0.9338842974434807, ""binary_crossentropy"": 0.23472217527371544, ""binary_roc_auc"": 0.9539634146341462, ""f1"": 0.9047618995493197, ""precision"": 0.8837209300270417, ""recall"": 0.926829268066627}","{""accuracy"": 0.0, ""binary_crossentropy"": -0.0, ""binary_roc_auc"": 0.0, ""f1"": 0.0, ""precision"": 0.0, ""recall"": 0.0}",0.00262451171875,5.173683166503906e-05,8.437024354934692,327.375,1985,ok,,1.0.0,{}
monk2,monk2,pmlb,stress_test,classification,nofe,2,4500,480,121,6,6,0,0.9359756097560975,binary_roc_auc,True,0.9359756097560975,0.0,"{""accuracy"": 0.892561983397309, ""binary_crossentropy"": 0.30290039424645554, ""binary_roc_auc"": 0.9359756097560975, ""f1"": 0.8266666614897779, ""precision"": 0.9117647056141869, ""recall"": 0.7560975607911957}","{""accuracy"": 0.0, ""binary_crossentropy"": -0.0, ""binary_roc_auc"": 0.0, ""f1"": 0.0, ""precision"": 0.0, ""recall"": 0.0}",0.0038242340087890625,6.604194641113281e-05,8.759903907775879,323.484375,492,ok,,1.0.0,{}
yeast,yeast,pmlb,stress_test,multiclass,nofe,2,4500,1183,296,8,8,0,1.114180945640279,categorical_crossentropy,False,1.114180945640279,-0.0,"{""accuracy"": 0.9061561561255428, ""categorical_crossentropy"": 1.114180945640279, ""categorical_roc_auc"": 0.8373018037865184, ""f1"": 0.46400723967265634, ""precision"": 0.4606658991271773, ""recall"": 0.47855840772039177}","{""accuracy"": 0.0, ""categorical_crossentropy"": -0.0, ""categorical_roc_auc"": 0.0, ""f1"": 0.0, ""precision"": 0.0, ""recall"": 0.0}",0.0034487247467041016,6.508827209472656e-05,9.028548240661621,326.18359375,82,ok,,1.0.0,{}
1169,Airlines,openml_dataset,stress_test,classification,nofe,1,4500,431506,107877,7,7,0,0.7211090811266959,binary_roc_auc,True,0.7211090811266959,0.0,"{""accuracy"": 0.667120887677571, ""binary_crossentropy"": 0.6067883571964006, ""binary_roc_auc"": 0.7211090811266959, ""f1"": 0.5812440186751255, ""precision"": 0.6610434736477385, ""recall"": 0.5186356731108321}","{""accuracy"": 0.0, ""binary_crossentropy"": -0.0, ""binary_roc_auc"": 0.0, ""f1"": 0.0, ""precision"": 0.0, ""recall"": 0.0}",0.166276216506958,0.0027112960815429688,28.82663583755493,563.796875,369,ok,,1.0.0,{}
361618,forest_fires,openml_task,ctr23,regression,nofe,1,4500,413,104,12,12,0,76.5361279964511,rmse,False,76.5361279964511,-0.0,"{""mae"": 21.802215414414036, ""mse"": 5857.778888689146, ""pearson"": -0.015188099533488793, ""r2"": -0.00503082449229364, ""rmse"": 76.5361279964511, ""rmsle"": 2.0165475483567428}","{""mae"": -0.0, ""mse"": -0.0, ""pearson"": 0.0, ""r2"": 0.0, ""rmse"": -0.0, ""rmsle"": -0.0}",0.008136987686157227,0.00012826919555664062,2.1363484859466553,328.28125,2,ok,,1.0.0,{}
1169,Airlines,openml_dataset,stress_test,classification,nofe,3,4500,431506,107877,7,7,0,0.7196859988099749,binary_roc_auc,True,0.7196859988099749,0.0,"{""accuracy"": 0.6670189196955174, ""binary_crossentropy"": 0.6072407355305774, ""binary_roc_auc"": 0.7196859988099749, ""f1"": 0.5813354418720994, ""precision"": 0.6607057701476552, ""recall"": 0.5189894491497891}","{""accuracy"": 0.0, ""binary_crossentropy"": -0.0, ""binary_roc_auc"": 0.0, ""f1"": 0.0, ""precision"": 0.0, ""recall"": 0.0}",0.11584663391113281,0.0018496513366699219,30.07415747642517,564.81640625,409,ok,,1.0.0,{}
361618,forest_fires,openml_task,ctr23,regression,nofe,0,4500,413,104,12,12,0,110.71788633302435,rmse,False,110.71788633302435,-0.0,"{""mae"": 26.54013550208165, ""mse"": 12258.450354052502, ""pearson"": -0.017236188005416597, ""r2"": -0.014164200931156001, ""rmse"": 110.71788633302435, ""rmsle"": 1.9169400423127994}","{""mae"": -0.0, ""mse"": -0.0, ""pearson"": 0.0, ""r2"": 0.0, ""rmse"": -0.0, ""rmsle"": -0.0}",0.007195234298706055,0.0002079010009765625,2.453209161758423,328.625,2000,ok,,1.0.0,{}
adult,adult-pmlb,pmlb,stress_test,classification,nofe,1,4500,39073,9769,14,14,0,0.9292961743621586,binary_roc_auc,True,0.9292961743621586,0.0,"{""accuracy"": 0.8719418568933647, ""binary_crossentropy"": 0.27542712289275856, ""binary_roc_auc"": 0.9292961743621586, ""f1"": 0.9180263366574144, ""precision"": 0.894636015324528, ""recall"": 0.9426725878065635}","{""accuracy"": 0.0, ""binary_crossentropy"": -0.0, ""binary_roc_auc"": 0.0, ""f1"": 0.0, ""precision"": 0.0, ""recall"": 0.0}",0.021386146545410156,0.0010533332824707031,3.050248861312866,359.1171875,280,ok,,1.0.0,{}
361619,student_performance,openml_task,ctr23,regression,nofe,0,4500,519,130,30,30,0,2.3934961842249356,rmse,False,2.3934961842249356,-0.0,"{""mae"": 1.685505380997291, ""mse"": 5.728823983899328, ""pearson"": 0.46890856450268914, ""r2"": 0.1935669576872575, ""rmse"": 2.3934961842249356, ""rmsle"": 0.2963979184021825}","{""mae"": -0.0, ""mse"": -0.0, ""pearson"": 0.0, ""r2"": 0.0, ""rmse"": -0.0, ""rmsle"": -0.0}",0.0035059452056884766,0.00024008750915527344,8.89785385131836,331.19921875,60,ok,,1.0.0,{}
361618,forest_fires,openml_task,ctr23,regression,nofe,4,4500,413,104,12,12,0,74.99468974133806,rmse,False,74.99468974133806,-0.0,"{""mae"": 18.710378857828104, ""mse"": 5624.203489399557, ""pearson"": -0.06644429356801104, ""r2"": -0.034734546302537694, ""rmse"": 74.99468974133806, ""rmsle"": 1.8935016524129133}","{""mae"": -0.0, ""mse"": -0.0, ""pearson"": 0.0, ""r2"": 0.0, ""rmse"": -0.0, ""rmsle"": -0.0}",0.003694295883178711,9.274482727050781e-05,8.888506650924683,333.37890625,56,ok,,1.0.0,{}
361619,student_performance,openml_task,ctr23,regression,nofe,3,4500,519,130,30,30,0,2.585733727162925,rmse,False,2.585733727162925,-0.0,"{""mae"": 1.9378391742706298, ""mse"": 6.686018907787871, ""pearson"": 0.49655480570466065, ""r2"": 0.22298897998490563, ""rmse"": 2.585733727162925, ""rmsle"": 0.3104105581802377}","{""mae"": -0.0, ""mse"": -0.0, ""pearson"": 0.0, ""r2"": 0.0, ""rmse"": -0.0, ""rmsle"": -0.0}",0.002635955810546875,0.0001590251922607422,8.57331895828247,332.1484375,93,ok,,1.0.0,{}
361619,student_performance,openml_task,ctr23,regression,nofe,1,4500,519,130,30,30,0,3.376023486576167,rmse,False,3.376023486576167,-0.0,"{""mae"": 2.446180853476891, ""mse"": 11.397534581913899, ""pearson"": 0.4104717146970304, ""r2"": 0.15141996116840528, ""rmse"": 3.376023486576167, ""rmsle"": 0.5079291571954402}","{""mae"": -0.0, ""mse"": -0.0, ""pearson"": 0.0, ""r2"": 0.0, ""rmse"": -0.0, ""rmsle"": -0.0}",0.002721071243286133,0.00016260147094726562,8.226895570755005,330.359375,22,ok,,1.0.0,{}
361619,student_performance,openml_task,ctr23,regression,nofe,4,4500,519,130,30,30,0,2.956811684979109,rmse,False,2.956811684979109,-0.0,"{""mae"": 2.0489687772897573, ""mse"": 8.742735340428998, ""pearson"": 0.5045446332906259, ""r2"": 0.2532486240106637, ""rmse"": 2.956811684979109, ""rmsle"": 0.4577358614915273}","{""mae"": -0.0, ""mse"": -0.0, ""pearson"": 0.0, ""r2"": 0.0, ""rmse"": -0.0, ""rmsle"": -0.0}",0.0023956298828125,0.00019025802612304688,8.744946718215942,332.69921875,217,ok,,1.0.0,{}
361619,student_performance,openml_task,ctr23,regression,nofe,2,4500,519,130,30,30,0,3.0720746919135133,rmse,False,3.0720746919135133,-0.0,"{""mae"": 2.0152203413156364, ""mse"": 9.437642912695509, ""pearson"": 0.5044625548894748, ""r2"": 0.2166815710722434, ""rmse"": 3.0720746919135133, ""rmsle"": 0.5354444797940472}","{""mae"": -0.0, ""mse"": -0.0, ""pearson"": 0.0, ""r2"": 0.0, ""rmse"": -0.0, ""rmsle"": -0.0}",0.0028641223907470703,0.0007774829864501953,8.92880892753601,328.8359375,43,ok,,1.0.0,{}
361617,energy_efficiency,openml_task,ctr23,regression,nofe,0,4500,614,154,8,8,0,0.4003563723813697,rmse,False,0.4003563723813697,-0.0,"{""mae"": 0.23759001422238044, ""mse"": 0.16028522490636993, ""pearson"": 0.9992759523324882, ""r2"": 0.9985484864885449, ""rmse"": 0.4003563723813697, ""rmsle"": 0.0231345593244801}","{""mae"": -0.0, ""mse"": -0.0, ""pearson"": 0.0, ""r2"": 0.0, ""rmse"": -0.0, ""rmsle"": -0.0}",0.00165557861328125,6.198883056640625e-05,8.441872835159302,351.82421875,1161,ok,,1.0.0,{}
361617,energy_efficiency,openml_task,ctr23,regression,nofe,3,4500,614,154,8,8,0,0.3657795732952639,rmse,False,0.3657795732952639,-0.0,"{""mae"": 0.2540729170960266, ""mse"": 0.13379469624006535, ""pearson"": 0.9993539155896278, ""r2"": 0.9986967452125596, ""rmse"": 0.3657795732952639, ""rmsle"": 0.01804405906637437}","{""mae"": -0.0, ""mse"": -0.0, ""pearson"": 0.0, ""r2"": 0.0, ""rmse"": -0.0, ""rmsle"": -0.0}",0.005526304244995117,8.487701416015625e-05,8.054950714111328,338.57421875,448,ok,,1.0.0,{}
361617,energy_efficiency,openml_task,ctr23,regression,nofe,2,4500,614,154,8,8,0,0.39557004995549067,rmse,False,0.39557004995549067,-0.0,"{""mae"": 0.2515324644361225, ""mse"": 0.1564756644217894, ""pearson"": 0.9991646285735879, ""r2"": 0.998320577505347, ""rmse"": 0.39557004995549067, ""rmsle"": 0.019380582704601548}","{""mae"": -0.0, ""mse"": -0.0, ""pearson"": 0.0, ""r2"": 0.0, ""rmse"": -0.0, ""rmsle"": -0.0}",0.006120920181274414,7.390975952148438e-05,8.43104863166809,332.54296875,419,ok,,1.0.0,{}
361617,energy_efficiency,openml_task,ctr23,regression,nofe,4,4500,614,154,8,8,0,0.36549000398506015,rmse,False,0.36549000398506015,-0.0,"{""mae"": 0.2500849923220547, ""mse"": 0.1335829430129993, ""pearson"": 0.999326509094272, ""r2"": 0.998641393442075, ""rmse"": 0.36549000398506015, ""rmsle"": 0.018765413838211703}","{""mae"": -0.0, ""mse"": -0.0, ""pearson"": 0.0, ""r2"": 0.0, ""rmse"": -0.0, ""rmsle"": -0.0}",0.005641937255859375,6.532669067382812e-05,8.111897945404053,337.5625,363,ok,,1.0.0,{}
361617,energy_efficiency,openml_task,ctr23,regression,nofe,1,4500,614,154,8,8,0,0.3454894676527683,rmse,False,0.3454894676527683,-0.0,"{""mae"": 0.25349413463047565, ""mse"": 0.11936297225899321, ""pearson"": 0.9994222748740804, ""r2"": 0.9988121862076054, ""rmse"": 0.3454894676527683, ""rmsle"": 0.015096132960320544}","{""mae"": -0.0, ""mse"": -0.0, ""pearson"": 0.0, ""r2"": 0.0, ""rmse"": -0.0, ""rmsle"": -0.0}",0.003153562545776367,7.796287536621094e-05,9.194787740707397,333.77734375,254,ok,,1.0.0,{}
361621,QSAR_fish_toxicity,openml_task,ctr23,regression,nofe,0,4500,726,182,6,6,0,0.9118665391903907,rmse,False,0.9118665391903907,-0.0,"{""mae"": 0.6571035286253626, ""mse"": 0.8315005852950604, ""pearson"": 0.7726285295666517, ""r2"": 0.5961369728543939, ""rmse"": 0.9118665391903907, ""rmsle"": 0.21420394929367517}","{""mae"": -0.0, ""mse"": -0.0, ""pearson"": 0.0, ""r2"": 0.0, ""rmse"": -0.0, ""rmsle"": -0.0}",0.004141807556152344,6.914138793945312e-05,9.230271577835083,330.93359375,51,ok,,1.0.0,{}
361621,QSAR_fish_toxicity,openml_task,ctr23,regression,nofe,1,4500,726,182,6,6,0,0.9720391876165189,rmse,False,0.9720391876165189,-0.0,"{""mae"": 0.6615493914216429, ""mse"": 0.9448601822621819, ""pearson"": 0.7239757438806367, ""r2"": 0.5059372283567858, ""rmse"": 0.9720391876165189, ""rmsle"": 0.2193257280578843}","{""mae"": -0.0, ""mse"": -0.0, ""pearson"": 0.0, ""r2"": 0.0, ""rmse"": -0.0, ""rmsle"": -0.0}",0.013475894927978516,9.799003601074219e-05,1.987226963043213,331.11328125,115,ok,,1.0.0,{}
361621,QSAR_fish_toxicity,openml_task,ctr23,regression,nofe,2,4500,726,182,6,6,0,0.8017881426704694,rmse,False,0.8017881426704694,-0.0,"{""mae"": 0.6036676995518444, ""mse"": 0.6428642257269609, ""pearson"": 0.808027968466016, ""r2"": 0.6524792028347541, ""rmse"": 0.8017881426704694, ""rmsle"": 0.18148125944126609}","{""mae"": -0.0, ""mse"": -0.0, ""pearson"": 0.0, ""r2"": 0.0, ""rmse"": -0.0, ""rmsle"": -0.0}",0.0045032501220703125,6.29425048828125e-05,2.0285632610321045,331.55078125,140,ok,,1.0.0,{}
361237,concrete_strength,openml_task,ctr23,regression,nofe,0,4500,824,206,8,8,0,4.641812866609321,rmse,False,4.641812866609321,-0.0,"{""mae"": 3.093016805846273, ""mse"": 21.546426688619842, ""pearson"": 0.959126295862903, ""r2"": 0.9181939577019892, ""rmse"": 4.641812866609321, ""rmsle"": 0.1475679783050535}","{""mae"": -0.0, ""mse"": -0.0, ""pearson"": 0.0, ""r2"": 0.0, ""rmse"": -0.0, ""rmsle"": -0.0}",0.0015871524810791016,6.389617919921875e-05,2.0845234394073486,340.86328125,328,ok,,1.0.0,{}
361621,QSAR_fish_toxicity,openml_task,ctr23,regression,nofe,3,4500,726,182,6,6,0,0.9147625103625554,rmse,False,0.9147625103625554,-0.0,"{""mae"": 0.6694109749584407, ""mse"": 0.8367904503648044, ""pearson"": 0.7875978462279154, ""r2"": 0.6194749595968877, ""rmse"": 0.9147625103625554, ""rmsle"": 0.1863888700273662}","{""mae"": -0.0, ""mse"": -0.0, ""pearson"": 0.0, ""r2"": 0.0, ""rmse"": -0.0, ""rmsle"": -0.0}",0.0020751953125,8.749961853027344e-05,2.0459301471710205,330.82421875,91,ok,,1.0.0,{}
361621,QSAR_fish_toxicity,openml_task,ctr23,regression,nofe,4,4500,726,182,6,6,0,0.9176117624798071,rmse,False,0.9176117624798071,-0.0,"{""mae"": 0.6546606254682437, ""mse"": 0.842011346641298, ""pearson"": 0.8273220400731603, ""r2"": 0.6815156702533246, ""rmse"": 0.9176117624798071, ""rmsle"": 0.2133024011120066}","{""mae"": -0.0, ""mse"": -0.0, ""pearson"": 0.0, ""r2"": 0.0, ""rmse"": -0.0, ""rmsle"": -0.0}",0.005362272262573242,6.747245788574219e-05,2.2196881771087646,332.09765625,104,ok,,1.0.0,{}
361237,concrete_strength,openml_task,ctr23,regression,nofe,1,4500,824,206,8,8,0,4.7585983666068365,rmse,False,4.7585983666068365,-0.0,"{""mae"": 3.1450875549208606, ""mse"": 22.644258414673256, ""pearson"": 0.9558802791518939, ""r2"": 0.9131393087549979, ""rmse"": 4.7585983666068365, ""rmsle"": 0.1436788458049098}","{""mae"": -0.0, ""mse"": -0.0, ""pearson"": 0.0, ""r2"": 0.0, ""rmse"": -0.0, ""rmsle"": -0.0}",0.009699106216430664,0.0001125335693359375,2.687561273574829,338.5,499,ok,,1.0.0,{}
361237,concrete_strength,openml_task,ctr23,regression,nofe,2,4500,824,206,8,8,0,4.7601661803729085,rmse,False,4.7601661803729085,-0.0,"{""mae"": 2.9667244849216132, ""mse"": 22.659182064766004, ""pearson"": 0.9535376978726212, ""r2"": 0.907896226182892, ""rmse"": 4.7601661803729085, ""rmsle"": 0.1340530634576894}","{""mae"": -0.0, ""mse"": -0.0, ""pearson"": 0.0, ""r2"": 0.0, ""rmse"": -0.0, ""rmsle"": -0.0}",0.004538536071777344,5.221366882324219e-05,2.6006288528442383,341.31640625,736,ok,,1.0.0,{}
361237,concrete_strength,openml_task,ctr23,regression,nofe,3,4500,824,206,8,8,0,3.8577584660589945,rmse,False,3.8577584660589945,-0.0,"{""mae"": 2.5413614107682996, ""mse"": 14.882300382449845, ""pearson"": 0.974883766212371, ""r2"": 0.9491606220679438, ""rmse"": 3.8577584660589945, ""rmsle"": 0.12318381108679104}","{""mae"": -0.0, ""mse"": -0.0, ""pearson"": 0.0, ""r2"": 0.0, ""rmse"": -0.0, ""rmsle"": -0.0}",0.011015176773071289,7.557868957519531e-05,1.994025707244873,339.984375,284,ok,,1.0.0,{}
361616,Moneyball,openml_task,ctr23,regression,nofe,4,4500,985,247,14,14,0,27.94507721482447,rmse,False,27.94507721482447,-0.0,"{""mae"": 22.361830614839004, ""mse"": 780.9273405425017, ""pearson"": 0.9540648873169766, ""r2"": 0.9046737407728235, ""rmse"": 27.94507721482447, ""rmsle"": 0.039447812384327756}","{""mae"": -0.0, ""mse"": -0.0, ""pearson"": 0.0, ""r2"": 0.0, ""rmse"": -0.0, ""rmsle"": -0.0}",0.006350994110107422,0.00016021728515625,8.493600130081177,336.5625,198,ok,,1.0.0,{}
361616,Moneyball,openml_task,ctr23,regression,nofe,3,4500,985,247,14,14,0,26.578251121081408,rmse,False,26.578251121081408,-0.0,"{""mae"": 20.713474536231654, ""mse"": 706.4034326552651, ""pearson"": 0.953868560772796, ""r2"": 0.9089600232886403, ""rmse"": 26.578251121081408, ""rmsle"": 0.03824990065886081}","{""mae"": -0.0, ""mse"": -0.0, ""pearson"": 0.0, ""r2"": 0.0, ""rmse"": -0.0, ""rmsle"": -0.0}",0.003897428512573242,0.00011110305786132812,8.961373805999756,343.52734375,578,ok,,1.0.0,{}
361616,Moneyball,openml_task,ctr23,regression,nofe,2,4500,985,247,14,14,0,25.264782928577777,rmse,False,25.264782928577777,-0.0,"{""mae"": 19.218829444545484, ""mse"": 638.3092564281551, ""pearson"": 0.960077483147523, ""r2"": 0.9194625775173997, ""rmse"": 25.264782928577777, ""rmsle"": 0.03550461507349015}","{""mae"": -0.0, ""mse"": -0.0, ""pearson"": 0.0, ""r2"": 0.0, ""rmse"": -0.0, ""rmsle"": -0.0}",0.006741762161254883,0.0002586841583251953,9.387790203094482,342.12890625,181,ok,,1.0.0,{}
361269,health_insurance,openml_task,ctr23,regression,nofe,1,4500,17817,4455,11,11,0,14.387111879216642,rmse,False,14.387111879216642,-0.0,"{""mae"": 11.19475692948107, ""mse"": 206.9889882250966, ""pearson"": 0.6330761686024781, ""r2"": 0.4005972212865283, ""rmse"": 14.387111879216642, ""rmsle"": 1.5241231601553438}","{""mae"": -0.0, ""mse"": -0.0, ""pearson"": 0.0, ""r2"": 0.0, ""rmse"": -0.0, ""rmsle"": -0.0}",0.0062961578369140625,0.0001385211944580078,8.183386325836182,342.64453125,92,ok,,1.0.0,{}
361269,health_insurance,openml_task,ctr23,regression,nofe,0,4500,17817,4455,11,11,0,14.527705375012646,rmse,False,14.527705375012646,-0.0,"{""mae"": 11.224468413540544, ""mse"": 211.05422346317133, ""pearson"": 0.6330716330864086, ""r2"": 0.40053493989848377, ""rmse"": 14.527705375012646, ""rmsle"": 1.5566629021969247}","{""mae"": -0.0, ""mse"": -0.0, ""pearson"": 0.0, ""r2"": 0.0, ""rmse"": -0.0, ""rmsle"": -0.0}",0.005029439926147461,0.0001468658447265625,8.57833218574524,341.6484375,84,ok,,1.0.0,{}
monk1,monk1,pmlb,pmlb,classification,nofe,3,4500,444,112,6,6,0,1.0,binary_roc_auc,True,1.0,0.0,"{""accuracy"": 0.9999999999107143, ""binary_crossentropy"": 0.030402247635769136, ""binary_roc_auc"": 1.0, ""f1"": 0.9999999948214284, ""precision"": 0.9999999998214285, ""recall"": 0.9999999998214285}","{""accuracy"": 0.0, ""binary_crossentropy"": -0.0, ""binary_roc_auc"": 0.0, ""f1"": 0.0, ""precision"": 0.0, ""recall"": 0.0}",0.003981113433837891,8.559226989746094e-05,71.37963771820068,323.87890625,1318,ok,,1.0.0,{}
361269,health_insurance,openml_task,ctr23,regression,nofe,3,4500,17817,4455,11,11,0,14.419612899623665,rmse,False,14.419612899623665,-0.0,"{""mae"": 11.158110553902542, ""mse"": 207.92523617499322, ""pearson"": 0.6322087147371608, ""r2"": 0.39957247343072966, ""rmse"": 14.419612899623665, ""rmsle"": 1.5361772288374853}","{""mae"": -0.0, ""mse"": -0.0, ""pearson"": 0.0, ""r2"": 0.0, ""rmse"": -0.0, ""rmsle"": -0.0}",0.006926536560058594,0.00018548965454101562,9.275328874588013,342.40625,97,ok,,1.0.0,{}
361269,health_insurance,openml_task,ctr23,regression,nofe,2,4500,17817,4455,11,11,0,14.503672455738148,rmse,False,14.503672455738148,-0.0,"{""mae"": 11.23024918291839, ""mse"": 210.35651470333744, ""pearson"": 0.6364274673339223, ""r2"": 0.4039769094767205, ""rmse"": 14.503672455738148, ""rmsle"": 1.5844620363617803}","{""mae"": -0.0, ""mse"": -0.0, ""pearson"": 0.0, ""r2"": 0.0, ""rmse"": -0.0, ""rmsle"": -0.0}",0.0112762451171875,0.0002613067626953125,9.25879430770874,345.546875,93,ok,,1.0.0,{}
361269,health_insurance,openml_task,ctr23,regression,nofe,4,4500,17817,4455,11,11,0,14.493771711388797,rmse,False,14.493771711388797,-0.0,"{""mae"": 11.176709278936338, ""mse"": 210.06941842185412, ""pearson"": 0.6295604310375582, ""r2"": 0.3961527488633789, ""rmse"": 14.493771711388797, ""rmsle"": 1.5324538335931768}","{""mae"": -0.0, ""mse"": -0.0, ""pearson"": 0.0, ""r2"": 0.0, ""rmse"": -0.0, ""rmsle"": -0.0}",0.007877349853515625,0.00013518333435058594,9.064901351928711,344.640625,152,ok,,1.0.0,{}
letter,letter,pmlb,pmlb,multiclass,nofe,3,4500,16000,4000,16,16,0,0.1149115855404337,categorical_crossentropy,False,0.1149115855404337,-0.0,"{""accuracy"": 0.997307692305199, ""categorical_crossentropy"": 0.1149115855404337, ""categorical_roc_auc"": 0.9996222763013886, ""f1"": 0.9649879487792131, ""precision"": 0.9653910898475764, ""recall"": 0.9649359972944977}","{""accuracy"": 0.0, ""categorical_crossentropy"": -0.0, ""categorical_roc_auc"": 0.0, ""f1"": 0.0, ""precision"": 0.0, ""recall"": 0.0}",0.014357328414916992,0.0006272792816162109,102.49051356315613,558.3671875,1029,ok,,1.0.0,{}
connect_4,connect-4,pmlb,stress_test,classification,nofe,0,4500,54045,13512,42,42,0,0.3781857439327572,categorical_crossentropy,False,0.3781857439327572,-0.0,"{""accuracy"": 0.9009769094131875, ""categorical_crossentropy"": 0.3781857439327572, ""categorical_roc_auc"": 0.9312086272719958, ""f1"": 0.6979469975040381, ""precision"": 0.7465395972066977, ""recall"": 0.6799715494559465}","{""accuracy"": 0.0, ""categorical_crossentropy"": -0.0, ""categorical_roc_auc"": 0.0, ""f1"": 0.0, ""precision"": 0.0, ""recall"": 0.0}",0.033069610595703125,0.0008690357208251953,37.326738595962524,575.23828125,1999,ok,,1.0.0,{}
361235,airfoil_self_noise,openml_task,ctr23,regression,nofe,0,4500,1202,301,5,5,0,1.6802169582491364,rmse,False,1.6802169582491364,-0.0,"{""mae"": 1.000289074666476, ""mse"": 2.8231290267879805, ""pearson"": 0.9698776374769135, ""r2"": 0.9399832386948442, ""rmse"": 1.6802169582491364, ""rmsle"": 0.013229269088948812}","{""mae"": -0.0, ""mse"": -0.0, ""pearson"": 0.0, ""r2"": 0.0, ""rmse"": -0.0, ""rmsle"": -0.0}",0.0028481483459472656,4.220008850097656e-05,9.012322902679443,338.61328125,579,ok,,1.0.0,{}
monk1,monk1,pmlb,pmlb,classification,nofe,1,4500,444,112,6,6,0,1.0,binary_roc_auc,True,1.0,0.0,"{""accuracy"": 0.9999999999107143, ""binary_crossentropy"": 0.018236226318484632, ""binary_roc_auc"": 1.0, ""f1"": 0.9999999948214284, ""precision"": 0.9999999998214285, ""recall"": 0.9999999998214285}","{""accuracy"": 0.0, ""binary_crossentropy"": -0.0, ""binary_roc_auc"": 0.0, ""f1"": 0.0, ""precision"": 0.0, ""recall"": 0.0}",0.0023069381713867188,4.076957702636719e-05,73.56886720657349,320.26171875,1105,ok,,1.0.0,{}
connect_4,connect-4,pmlb,stress_test,classification,nofe,1,4500,54045,13512,42,42,0,0.37118080677814685,categorical_crossentropy,False,0.37118080677814685,-0.0,"{""accuracy"": 0.9045293072817463, ""categorical_crossentropy"": 0.37118080677814685, ""categorical_roc_auc"": 0.9336519888945989, ""f1"": 0.7062324915889026, ""precision"": 0.760069163821283, ""recall"": 0.6856643002681327}","{""accuracy"": 0.0, ""categorical_crossentropy"": -0.0, ""categorical_roc_auc"": 0.0, ""f1"": 0.0, ""precision"": 0.0, ""recall"": 0.0}",0.02827167510986328,0.0006449222564697266,37.0520384311676,574.203125,1999,ok,,1.0.0,{}
connect_4,connect-4,pmlb,stress_test,classification,nofe,2,4500,54045,13512,42,42,0,0.3749223361606752,categorical_crossentropy,False,0.3749223361606752,-0.0,"{""accuracy"": 0.9023583974731825, ""categorical_crossentropy"": 0.3749223361606752, ""categorical_roc_auc"": 0.93275677548136, ""f1"": 0.7040999316026326, ""precision"": 0.7525394615335489, ""recall"": 0.6848121407516912}","{""accuracy"": 0.0, ""categorical_crossentropy"": -0.0, ""categorical_roc_auc"": 0.0, ""f1"": 0.0, ""precision"": 0.0, ""recall"": 0.0}",0.032492876052856445,0.000843048095703125,37.0303852558136,576.15234375,1999,ok,,1.0.0,{}
connect_4,connect-4,pmlb,stress_test,classification,nofe,3,4500,54045,13512,42,42,0,0.3754585806518425,categorical_crossentropy,False,0.3754585806518425,-0.0,"{""accuracy"": 0.9040359186888908, ""categorical_crossentropy"": 0.3754585806518425, ""categorical_roc_auc"": 0.9322378409166977, ""f1"": 0.7071025323655586, ""precision"": 0.7561819106735482, ""recall"": 0.6889384312310615}","{""accuracy"": 0.0, ""categorical_crossentropy"": -0.0, ""categorical_roc_auc"": 0.0, ""f1"": 0.0, ""precision"": 0.0, ""recall"": 0.0}",0.03822946548461914,0.0011773109436035156,37.61836290359497,576.984375,1998,ok,,1.0.0,{}
kr_vs_kp,kr-vs-kp,pmlb,pmlb,classification,nofe,0,4500,2556,640,36,36,0,0.9999804312942743,binary_roc_auc,True,0.9999804312942743,0.0,"{""accuracy"": 0.9968749999844239, ""binary_crossentropy"": 0.013169731170696152, ""binary_roc_auc"": 0.9999804312942743, ""f1"": 0.9969969919671023, ""precision"": 0.9999999999698795, ""recall"": 0.9940119760181433}","{""accuracy"": 0.0, ""binary_crossentropy"": -0.0, ""binary_roc_auc"": 0.0, ""f1"": 0.0, ""precision"": 0.0, ""recall"": 0.0}",0.004702091217041016,7.653236389160156e-05,135.47184538841248,326.28515625,643,ok,,1.0.0,{}
connect_4,connect-4,pmlb,stress_test,classification,nofe,4,4500,54045,13512,42,42,0,0.3773907302255057,categorical_crossentropy,False,0.3773907302255057,-0.0,"{""accuracy"": 0.9030984803624654, ""categorical_crossentropy"": 0.3773907302255057, ""categorical_roc_auc"": 0.9316556355046934, ""f1"": 0.7057591180335309, ""precision"": 0.7563466710025968, ""recall"": 0.6855267928374893}","{""accuracy"": 0.0, ""categorical_crossentropy"": -0.0, ""categorical_roc_auc"": 0.0, ""f1"": 0.0, ""precision"": 0.0, ""recall"": 0.0}",0.04269862174987793,0.0008764266967773438,37.37335968017578,576.9140625,1996,ok,,1.0.0,{}
361235,airfoil_self_noise,openml_task,ctr23,regression,nofe,2,4500,1202,301,5,5,0,1.4820427537699872,rmse,False,1.4820427537699872,-0.0,"{""mae"": 1.0046408097276658, ""mse"": 2.196450724002127, ""pearson"": 0.979255166417136, ""r2"": 0.957530746103029, ""rmse"": 1.4820427537699872, ""rmsle"": 0.011798683723017747}","{""mae"": -0.0, ""mse"": -0.0, ""pearson"": 0.0, ""r2"": 0.0, ""rmse"": -0.0, ""rmsle"": -0.0}",0.004426240921020508,5.53131103515625e-05,2.6456711292266846,356.96484375,1746,ok,,1.0.0,{}
361235,airfoil_self_noise,openml_task,ctr23,regression,nofe,4,4500,1202,301,5,5,0,1.285363462475516,rmse,False,1.285363462475516,-0.0,"{""mae"": 0.8478509604621965, ""mse"": 1.6521592306670472, ""pearson"": 0.9828668223531686, ""r2"": 0.9656125238574527, ""rmse"": 1.285363462475516, ""rmsle"": 0.010090704999207806}","{""mae"": -0.0, ""mse"": -0.0, ""pearson"": 0.0, ""r2"": 0.0, ""rmse"": -0.0, ""rmsle"": -0.0}",0.0068323612213134766,8.0108642578125e-05,2.846942663192749,358.23828125,1996,ok,,1.0.0,{}
361235,airfoil_self_noise,openml_task,ctr23,regression,nofe,1,4500,1202,301,5,5,0,1.239333997257166,rmse,False,1.239333997257166,-0.0,"{""mae"": 0.9014352996927555, ""mse"": 1.5359487567574248, ""pearson"": 0.982058735727724, ""r2"": 0.96383773892891, ""rmse"": 1.239333997257166, ""rmsle"": 0.009895425143524069}","{""mae"": -0.0, ""mse"": -0.0, ""pearson"": 0.0, ""r2"": 0.0, ""rmse"": -0.0, ""rmsle"": -0.0}",0.004392385482788086,6.985664367675781e-05,2.385106325149536,344.00390625,922,ok,,1.0.0,{}
361235,airfoil_self_noise,openml_task,ctr23,regression,nofe,3,4500,1202,301,5,5,0,1.708973422780294,rmse,False,1.708973422780294,-0.0,"{""mae"": 1.0094758302809, ""mse"": 2.920590159769393, ""pearson"": 0.966575103494151, ""r2"": 0.9330768341709796, ""rmse"": 1.708973422780294, ""rmsle"": 0.013535403184004128}","{""mae"": -0.0, ""mse"": -0.0, ""pearson"": 0.0, ""r2"": 0.0, ""rmse"": -0.0, ""rmsle"": -0.0}",0.0032918453216552734,6.890296936035156e-05,2.7437620162963867,362.0078125,1998,ok,,1.0.0,{}
361623,space_ga,openml_task,ctr23,regression,nofe,0,4500,2485,622,6,6,0,0.1244875524068502,rmse,False,0.1244875524068502,-0.0,"{""mae"": 0.07721106120515688, ""mse"": 0.015497150704248272, ""pearson"": 0.8169681246514143, ""r2"": 0.6632746580275024, ""rmse"": 0.1244875524068502, ""rmsle"": null}","{""mae"": -0.0, ""mse"": -0.0, ""pearson"": 0.0, ""r2"": 0.0, ""rmse"": -0.0, ""rmsle"": null}",0.005186319351196289,0.0001354217529296875,5.496706485748291,340.6953125,677,ok,,1.0.0,{}
361622,cars,openml_task,ctr23,regression,nofe,0,4500,643,161,17,17,0,2422.1971062786147,rmse,False,2422.1971062786147,-0.0,"{""mae"": 1635.50865925854, ""mse"": 5867038.8216644935, ""pearson"": 0.9700321675239231, ""r2"": 0.9391843213212133, ""rmse"": 2422.1971062786147, ""rmsle"": 0.09717146979793154}","{""mae"": -0.0, ""mse"": -0.0, ""pearson"": 0.0, ""r2"": 0.0, ""rmse"": -0.0, ""rmsle"": -0.0}",0.004953861236572266,7.867813110351562e-05,9.208628416061401,329.640625,118,ok,,1.0.0,{}
361622,cars,openml_task,ctr23,regression,nofe,4,4500,643,161,17,17,0,2243.665111864324,rmse,False,2243.665111864324,-0.0,"{""mae"": 1588.053846564441, ""mse"": 5034033.134197149, ""pearson"": 0.9689214526232179, ""r2"": 0.9381795541194133, ""rmse"": 2243.665111864324, ""rmsle"": 0.10549871107770041}","{""mae"": -0.0, ""mse"": -0.0, ""pearson"": 0.0, ""r2"": 0.0, ""rmse"": -0.0, ""rmsle"": -0.0}",0.004426479339599609,6.866455078125e-05,8.526715993881226,329.6796875,111,ok,,1.0.0,{}
361622,cars,openml_task,ctr23,regression,nofe,3,4500,643,161,17,17,0,2469.5495814814703,rmse,False,2469.5495814814703,-0.0,"{""mae"": 1787.7481288819874, ""mse"": 6098675.135395304, ""pearson"": 0.9784008288094189, ""r2"": 0.9449637939168726, ""rmse"": 2469.5495814814703, ""rmsle"": 0.10735373799522424}","{""mae"": -0.0, ""mse"": -0.0, ""pearson"": 0.0, ""r2"": 0.0, ""rmse"": -0.0, ""rmsle"": -0.0}",0.003622770309448242,5.8650970458984375e-05,9.136191368103027,327.41796875,50,ok,,1.0.0,{}
3481,isolet,openml_task,amlb,multiclass,nofe,2,4500,6237,1560,617,617,0,0.1614128568719398,categorical_crossentropy,False,0.1614128568719398,-0.0,"{""accuracy"": 0.9962031558121545, ""categorical_crossentropy"": 0.1614128568719398, ""categorical_roc_auc"": 0.9990713675213676, ""f1"": 0.9505789156407045, ""precision"": 0.9511796966561603, ""recall"": 0.9506410254825854}","{""accuracy"": 0.0, ""categorical_crossentropy"": -0.0, ""categorical_roc_auc"": 0.0, ""f1"": 0.0, ""precision"": 0.0, ""recall"": 0.0}",0.02568197250366211,0.004261016845703125,279.03264260292053,710.1484375,478,ok,,1.0.0,{}
361236,auction_verification,openml_task,ctr23,regression,nofe,1,4500,1634,409,7,7,0,357.9549782401087,rmse,False,357.9549782401087,-0.0,"{""mae"": 222.32677853545164, ""mse"": 128131.76644687667, ""pearson"": 0.9993613376198036, ""r2"": 0.998706406499216, ""rmse"": 357.9549782401087, ""rmsle"": 0.5521521698293895}","{""mae"": -0.0, ""mse"": -0.0, ""pearson"": 0.0, ""r2"": 0.0, ""rmse"": -0.0, ""rmsle"": -0.0}",0.0027801990509033203,6.937980651855469e-05,8.320276737213135,340.25390625,696,ok,,1.0.0,{}
361236,auction_verification,openml_task,ctr23,regression,nofe,0,4500,1634,409,7,7,0,414.17281068138334,rmse,False,414.17281068138334,-0.0,"{""mae"": 203.9979378311837, ""mse"": 171539.117107717, ""pearson"": 0.9990566153470649, ""r2"": 0.9980947572595144, ""rmse"": 414.17281068138334, ""rmsle"": 0.5808051315765876}","{""mae"": -0.0, ""mse"": -0.0, ""pearson"": 0.0, ""r2"": 0.0, ""rmse"": -0.0, ""rmsle"": -0.0}",0.0051043033599853516,8.0108642578125e-05,9.546634197235107,364.61328125,1996,ok,,1.0.0,{}
361236,auction_verification,openml_task,ctr23,regression,nofe,2,4500,1634,409,7,7,0,489.66848348675745,rmse,False,489.66848348675745,-0.0,"{""mae"": 259.75040744234207, ""mse"": 239775.22372022085, ""pearson"": 0.9989747470453515, ""r2"": 0.9978541692481884, ""rmse"": 489.66848348675745, ""rmsle"": 0.6465451459471839}","{""mae"": -0.0, ""mse"": -0.0, ""pearson"": 0.0, ""r2"": 0.0, ""rmse"": -0.0, ""rmsle"": -0.0}",0.0036842823028564453,6.961822509765625e-05,8.843823432922363,353.609375,1171,ok,,1.0.0,{}
361236,auction_verification,openml_task,ctr23,regression,nofe,3,4500,1634,409,7,7,0,382.64486574383926,rmse,False,382.64486574383926,-0.0,"{""mae"": 196.84781287767535, ""mse"": 146417.09328012078, ""pearson"": 0.9993392490562318, ""r2"": 0.9986427932132046, ""rmse"": 382.64486574383926, ""rmsle"": 0.5361314267834971}","{""mae"": -0.0, ""mse"": -0.0, ""pearson"": 0.0, ""r2"": 0.0, ""rmse"": -0.0, ""rmsle"": -0.0}",0.0046274662017822266,8.130073547363281e-05,9.114556074142456,347.2890625,963,ok,,1.0.0,{}
361236,auction_verification,openml_task,ctr23,regression,nofe,4,4500,1634,409,7,7,0,359.3435467125116,rmse,False,359.3435467125116,-0.0,"{""mae"": 185.22509477964618, ""mse"": 129127.78456392702, ""pearson"": 0.9993813994229742, ""r2"": 0.9987187463071432, ""rmse"": 359.3435467125116, ""rmsle"": 0.5934653066044805}","{""mae"": -0.0, ""mse"": -0.0, ""pearson"": 0.0, ""r2"": 0.0, ""rmse"": -0.0, ""rmsle"": -0.0}",0.0038881301879882812,8.082389831542969e-05,8.809697389602661,349.6015625,950,ok,,1.0.0,{}
361623,space_ga,openml_task,ctr23,regression,nofe,2,4500,2485,622,6,6,0,0.10607114211324235,rmse,False,0.10607114211324235,-0.0,"{""mae"": 0.07652593640077125, ""mse"": 0.011251087189207656, ""pearson"": 0.852677266440191, ""r2"": 0.7256097487570563, ""rmse"": 0.10607114211324235, ""rmsle"": null}","{""mae"": -0.0, ""mse"": -0.0, ""pearson"": 0.0, ""r2"": 0.0, ""rmse"": -0.0, ""rmsle"": null}",0.005808591842651367,5.817413330078125e-05,9.02489447593689,341.9609375,446,ok,,1.0.0,{}
361623,space_ga,openml_task,ctr23,regression,nofe,1,4500,2485,622,6,6,0,0.10200282103541665,rmse,False,0.10200282103541665,-0.0,"{""mae"": 0.07466708253623365, ""mse"": 0.010404575499183237, ""pearson"": 0.8397457099328511, ""r2"": 0.7021384276561948, ""rmse"": 0.10200282103541665, ""rmsle"": null}","{""mae"": -0.0, ""mse"": -0.0, ""pearson"": 0.0, ""r2"": 0.0, ""rmse"": -0.0, ""rmsle"": null}",0.002222776412963867,5.5789947509765625e-05,8.637424230575562,343.40234375,486,ok,,1.0.0,{}
361623,space_ga,openml_task,ctr23,regression,nofe,3,4500,2485,622,6,6,0,0.109717467015845,rmse,False,0.109717467015845,-0.0,"{""mae"": 0.07698297999767198, ""mse"": 0.012037922568373036, ""pearson"": 0.8328440905207339, ""r2"": 0.6933694677070246, ""rmse"": 0.109717467015845, ""rmsle"": null}","{""mae"": -0.0, ""mse"": -0.0, ""pearson"": 0.0, ""r2"": 0.0, ""rmse"": -0.0, ""rmsle"": null}",0.0041506290435791016,9.679794311523438e-05,2.5286145210266113,342.11328125,319,ok,,1.0.0,{}
361234,abalone,openml_task,ctr23,regression,nofe,0,4500,3341,836,8,8,0,2.177743203631897,rmse,False,2.177743203631897,-0.0,"{""mae"": 1.5212200050148668, ""mse"": 4.742565460964919, ""pearson"": 0.7508078227924233, ""r2"": 0.563312191622368, ""rmse"": 2.177743203631897, ""rmsle"": 0.17492785737220085}","{""mae"": -0.0, ""mse"": -0.0, ""pearson"": 0.0, ""r2"": 0.0, ""rmse"": -0.0, ""rmsle"": -0.0}",0.010447978973388672,0.00019359588623046875,2.24923038482666,336.48828125,70,ok,,1.0.0,{}
361234,abalone,openml_task,ctr23,regression,nofe,1,4500,3341,836,8,8,0,2.1547613340357454,rmse,False,2.1547613340357454,-0.0,"{""mae"": 1.5130669719864878, ""mse"": 4.642996406655506, ""pearson"": 0.7259875782142658, ""r2"": 0.5258104413763007, ""rmse"": 2.1547613340357454, ""rmsle"": 0.1740123466429875}","{""mae"": -0.0, ""mse"": -0.0, ""pearson"": 0.0, ""r2"": 0.0, ""rmse"": -0.0, ""rmsle"": -0.0}",0.005636453628540039,8.916854858398438e-05,2.1527764797210693,337.84765625,143,ok,,1.0.0,{}
361234,abalone,openml_task,ctr23,regression,nofe,2,4500,3341,836,8,8,0,2.2851261340002234,rmse,False,2.2851261340002234,-0.0,"{""mae"": 1.5524391703058087, ""mse"": 5.221801448290806, ""pearson"": 0.7613319817585642, ""r2"": 0.5743870478938229, ""rmse"": 2.2851261340002234, ""rmsle"": 0.1804739249354125}","{""mae"": -0.0, ""mse"": -0.0, ""pearson"": 0.0, ""r2"": 0.0, ""rmse"": -0.0, ""rmsle"": -0.0}",0.005536556243896484,0.00010037422180175781,2.1312079429626465,337.3125,67,ok,,1.0.0,{}
361234,abalone,openml_task,ctr23,regression,nofe,3,4500,3341,836,8,8,0,2.143613290591695,rmse,False,2.143613290591695,-0.0,"{""mae"": 1.5418713172657068, ""mse"": 4.595077939601355, ""pearson"": 0.7253348624853386, ""r2"": 0.5259589564047085, ""rmse"": 2.143613290591695, ""rmsle"": 0.17651254908120204}","{""mae"": -0.0, ""mse"": -0.0, ""pearson"": 0.0, ""r2"": 0.0, ""rmse"": -0.0, ""rmsle"": -0.0}",0.007773399353027344,8.487701416015625e-05,2.319047212600708,334.94140625,83,ok,,1.0.0,{}
361623,space_ga,openml_task,ctr23,regression,nofe,4,4500,2485,622,6,6,0,0.10080858254305573,rmse,False,0.10080858254305573,-0.0,"{""mae"": 0.07682114814803025, ""mse"": 0.01016237031434008, ""pearson"": 0.8675529367265873, ""r2"": 0.7514232840199694, ""rmse"": 0.10080858254305573, ""rmsle"": null}","{""mae"": -0.0, ""mse"": -0.0, ""pearson"": 0.0, ""r2"": 0.0, ""rmse"": -0.0, ""rmsle"": null}",0.005125284194946289,9.131431579589844e-05,3.2081480026245117,344.93359375,723,ok,,1.0.0,{}
361234,abalone,openml_task,ctr23,regression,nofe,4,4500,3341,836,8,8,0,2.0945985943041823,rmse,False,2.0945985943041823,-0.0,"{""mae"": 1.5008173185672486, ""mse"": 4.387343271261056, ""pearson"": 0.7302494464790249, ""r2"": 0.5198097429553044, ""rmse"": 2.0945985943041823, ""rmsle"": 0.17399278236208238}","{""mae"": -0.0, ""mse"": -0.0, ""pearson"": 0.0, ""r2"": 0.0, ""rmse"": -0.0, ""rmsle"": -0.0}",0.004641056060791016,8.988380432128906e-05,1.9031779766082764,333.15234375,107,ok,,1.0.0,{}
361250,red_wine,openml_task,ctr23,regression,nofe,0,4500,1279,320,11,11,0,0.5913294144182394,rmse,False,0.5913294144182394,-0.0,"{""mae"": 0.4167177230119705, ""mse"": 0.34967047635621784, ""pearson"": 0.6386417738891862, ""r2"": 0.3891801982450238, ""rmse"": 0.5913294144182394, ""rmsle"": 0.09285043675142282}","{""mae"": -0.0, ""mse"": -0.0, ""pearson"": 0.0, ""r2"": 0.0, ""rmse"": -0.0, ""rmsle"": -0.0}",0.002936124801635742,0.00012183189392089844,17.667038440704346,337.171875,296,ok,,1.0.0,{}
361249,white_wine,openml_task,ctr23,regression,nofe,0,4500,3918,980,11,11,0,0.6836595162800649,rmse,False,0.6836595162800649,-0.0,"{""mae"": 0.4878585893280652, ""mse"": 0.4673903342002924, ""pearson"": 0.6889999961341077, ""r2"": 0.46970474383063776, ""rmse"": 0.6836595162800649, ""rmsle"": 0.10540951917457737}","{""mae"": -0.0, ""mse"": -0.0, ""pearson"": 0.0, ""r2"": 0.0, ""rmse"": -0.0, ""rmsle"": -0.0}",0.0059850215911865234,0.00011014938354492188,2.6017909049987793,342.71484375,578,ok,,1.0.0,{}
361622,cars,openml_task,ctr23,regression,nofe,1,4500,643,161,17,17,0,2256.011751636951,rmse,False,2256.011751636951,-0.0,"{""mae"": 1680.655722534938, ""mse"": 5089589.023524024, ""pearson"": 0.9771996134460029, ""r2"": 0.9525149274786231, ""rmse"": 2256.011751636951, ""rmsle"": 0.09432511261054824}","{""mae"": -0.0, ""mse"": -0.0, ""pearson"": 0.0, ""r2"": 0.0, ""rmse"": -0.0, ""rmsle"": -0.0}",0.0037462711334228516,8.153915405273438e-05,16.973376274108887,333.66796875,97,ok,,1.0.0,{}
361250,red_wine,openml_task,ctr23,regression,nofe,2,4500,1279,320,11,11,0,0.6250169240140602,rmse,False,0.6250169240140602,-0.0,"{""mae"": 0.4927977830171585, ""mse"": 0.3906461553039975, ""pearson"": 0.5977882454110431, ""r2"": 0.3542934528396743, ""rmse"": 0.6250169240140602, ""rmsle"": 0.09509694897966153}","{""mae"": -0.0, ""mse"": -0.0, ""pearson"": 0.0, ""r2"": 0.0, ""rmse"": -0.0, ""rmsle"": -0.0}",0.004006147384643555,7.176399230957031e-05,17.049121141433716,333.93359375,40,ok,,1.0.0,{}
361243,music_origin,openml_task,ctr23,regression,nofe,4,4500,847,212,116,116,0,17.683730484357103,rmse,False,17.683730484357103,-0.0,"{""mae"": 13.471013549633748, ""mse"": 312.71432384338067, ""pearson"": 0.5660339807249983, ""r2"": 0.2816114711843465, ""rmse"": 17.683730484357103, ""rmsle"": null}","{""mae"": -0.0, ""mse"": -0.0, ""pearson"": 0.0, ""r2"": 0.0, ""rmse"": -0.0, ""rmsle"": null}",0.0034024715423583984,0.0001881122589111328,6.1132426261901855,339.82421875,31,ok,,1.0.0,{}
361258,kin8nm,openml_task,ctr23,regression,nofe,0,4500,6553,1639,8,8,0,0.1160065106702013,rmse,False,0.1160065106702013,-0.0,"{""mae"": 0.09054404215126557, ""mse"": 0.013457510517875528, ""pearson"": 0.9000269770286973, ""r2"": 0.8069968866069386, ""rmse"": 0.1160065106702013, ""rmsle"": 0.07285111699797456}","{""mae"": -0.0, ""mse"": -0.0, ""pearson"": 0.0, ""r2"": 0.0, ""rmse"": -0.0, ""rmsle"": -0.0}",0.005655765533447266,0.00011587142944335938,6.276351690292358,368.6953125,1816,ok,,1.0.0,{}
361249,white_wine,openml_task,ctr23,regression,nofe,2,4500,3918,980,11,11,0,0.6249850944762445,rmse,False,0.6249850944762445,-0.0,"{""mae"": 0.4332352589587776, ""mse"": 0.39060636831748025, ""pearson"": 0.7060437080998005, ""r2"": 0.49679562798594235, ""rmse"": 0.6249850944762445, ""rmsle"": 0.09316362876965038}","{""mae"": -0.0, ""mse"": -0.0, ""pearson"": 0.0, ""r2"": 0.0, ""rmse"": -0.0, ""rmsle"": -0.0}",0.025275707244873047,0.0002789497375488281,9.407119274139404,348.76171875,873,ok,,1.0.0,{}
361249,white_wine,openml_task,ctr23,regression,nofe,1,4500,3918,980,11,11,0,0.5994102260640205,rmse,False,0.5994102260640205,-0.0,"{""mae"": 0.42828807100957755, ""mse"": 0.3592926191101202, ""pearson"": 0.7279497557264032, ""r2"": 0.5298968672563524, ""rmse"": 0.5994102260640205, ""rmsle"": 0.08919902116610237}","{""mae"": -0.0, ""mse"": -0.0, ""pearson"": 0.0, ""r2"": 0.0, ""rmse"": -0.0, ""rmsle"": -0.0}",0.0032215118408203125,5.817413330078125e-05,9.637308597564697,345.16796875,568,ok,,1.0.0,{}
361258,kin8nm,openml_task,ctr23,regression,nofe,4,4500,6553,1639,8,8,0,0.11506649972940451,rmse,False,0.11506649972940451,-0.0,"{""mae"": 0.08871290732946359, ""mse"": 0.013240299359977049, ""pearson"": 0.9028164848450463, ""r2"": 0.8126838600038034, ""rmse"": 0.11506649972940451, ""rmsle"": 0.07198649988042043}","{""mae"": -0.0, ""mse"": -0.0, ""pearson"": 0.0, ""r2"": 0.0, ""rmse"": -0.0, ""rmsle"": -0.0}",0.0059740543365478516,9.989738464355469e-05,5.430346250534058,361.83203125,1611,ok,,1.0.0,{}
361243,music_origin,openml_task,ctr23,regression,nofe,2,4500,847,212,116,116,0,16.66930032011704,rmse,False,16.66930032011704,-0.0,"{""mae"": 12.67348339530657, ""mse"": 277.865573162254, ""pearson"": 0.5347141507826103, ""r2"": 0.2839001642661363, ""rmse"": 16.66930032011704, ""rmsle"": null}","{""mae"": -0.0, ""mse"": -0.0, ""pearson"": 0.0, ""r2"": 0.0, ""rmse"": -0.0, ""rmsle"": null}",0.003056764602661133,0.00022649765014648438,7.712997674942017,342.609375,137,ok,,1.0.0,{}
361249,white_wine,openml_task,ctr23,regression,nofe,3,4500,3918,980,11,11,0,0.6574130013961788,rmse,False,0.6574130013961788,-0.0,"{""mae"": 0.4599460202820447, ""mse"": 0.4321918544047321, ""pearson"": 0.6908190802525378, ""r2"": 0.47551812099723445, ""rmse"": 0.6574130013961788, ""rmsle"": 0.0978401550550096}","{""mae"": -0.0, ""mse"": -0.0, ""pearson"": 0.0, ""r2"": 0.0, ""rmse"": -0.0, ""rmsle"": -0.0}",0.003413677215576172,0.0001456737518310547,9.825485706329346,344.95703125,576,ok,,1.0.0,{}
361258,kin8nm,openml_task,ctr23,regression,nofe,1,4500,6553,1639,8,8,0,0.11261788614985815,rmse,False,0.11261788614985815,-0.0,"{""mae"": 0.0877380193554105, ""mse"": 0.012682788280862412, ""pearson"": 0.9044657546983261, ""r2"": 0.8153433477681252, ""rmse"": 0.11261788614985815, ""rmsle"": 0.07021319714521149}","{""mae"": -0.0, ""mse"": -0.0, ""pearson"": 0.0, ""r2"": 0.0, ""rmse"": -0.0, ""rmsle"": -0.0}",0.004604339599609375,0.00010848045349121094,6.837862491607666,356.53515625,1270,ok,,1.0.0,{}
361259,pumadyn32nh,openml_task,ctr23,regression,nofe,0,4500,6553,1639,32,32,0,0.021355269191365,rmse,False,0.021355269191365,-0.0,"{""mae"": 0.017020343582448857, ""mse"": 0.00045604752223566314, ""pearson"": 0.8033286047772855, ""r2"": 0.642744245164733, ""rmse"": 0.021355269191365, ""rmsle"": null}","{""mae"": -0.0, ""mse"": -0.0, ""pearson"": 0.0, ""r2"": 0.0, ""rmse"": -0.0, ""rmsle"": null}",0.012339115142822266,0.001142263412475586,5.487103700637817,348.99609375,112,ok,,1.0.0,{}
361249,white_wine,openml_task,ctr23,regression,nofe,4,4500,3918,980,11,11,0,0.6217770089338759,rmse,False,0.6217770089338759,-0.0,"{""mae"": 0.4336641725228757, ""mse"": 0.3866066488387571, ""pearson"": 0.720488593687978, ""r2"": 0.517593083914865, ""rmse"": 0.6217770089338759, ""rmsle"": 0.09373801312337689}","{""mae"": -0.0, ""mse"": -0.0, ""pearson"": 0.0, ""r2"": 0.0, ""rmse"": -0.0, ""rmsle"": -0.0}",0.00531458854675293,6.961822509765625e-05,10.07701563835144,345.8984375,747,ok,,1.0.0,{}
361258,kin8nm,openml_task,ctr23,regression,nofe,2,4500,6553,1639,8,8,0,0.11477658875567706,rmse,False,0.11477658875567706,-0.0,"{""mae"": 0.0888798753695506, ""mse"": 0.013173665326389816, ""pearson"": 0.9038407257964427, ""r2"": 0.8146760160150105, ""rmse"": 0.11477658875567706, ""rmsle"": 0.07276078296494438}","{""mae"": -0.0, ""mse"": -0.0, ""pearson"": 0.0, ""r2"": 0.0, ""rmse"": -0.0, ""rmsle"": -0.0}",0.006012916564941406,0.00010061264038085938,6.825167417526245,360.02734375,1499,ok,,1.0.0,{}
361258,kin8nm,openml_task,ctr23,regression,nofe,3,4500,6553,1639,8,8,0,0.113024037723791,rmse,False,0.113024037723791,-0.0,"{""mae"": 0.08743939556334561, ""mse"": 0.01277443310338893, ""pearson"": 0.9044387783491575, ""r2"": 0.8147874743476063, ""rmse"": 0.113024037723791, ""rmsle"": 0.07002662796412497}","{""mae"": -0.0, ""mse"": -0.0, ""pearson"": 0.0, ""r2"": 0.0, ""rmse"": -0.0, ""rmsle"": -0.0}",0.011615991592407227,0.0002262592315673828,6.653919696807861,353.125,1129,ok,,1.0.0,{}
361243,music_origin,openml_task,ctr23,regression,nofe,3,4500,847,212,116,116,0,16.940780373483385,rmse,False,16.940780373483385,-0.0,"{""mae"": 12.33131792018436, ""mse"": 286.9900396625998, ""pearson"": 0.5557082607388129, ""r2"": 0.3063816124097656, ""rmse"": 16.940780373483385, ""rmsle"": null}","{""mae"": -0.0, ""mse"": -0.0, ""pearson"": 0.0, ""r2"": 0.0, ""rmse"": -0.0, ""rmsle"": null}",0.004328727722167969,0.00039005279541015625,8.438358306884766,343.16796875,280,ok,,1.0.0,{}
3481,isolet,openml_task,amlb,multiclass,nofe,3,4500,6237,1560,617,617,0,0.15299466031631312,categorical_crossentropy,False,0.15299466031631312,-0.0,"{""accuracy"": 0.9961538461474605, ""categorical_crossentropy"": 0.15299466031631312, ""categorical_roc_auc"": 0.9989388888888888, ""f1"": 0.9500051401702785, ""precision"": 0.9510488596951845, ""recall"": 0.9499999998416667}","{""accuracy"": 0.0, ""categorical_crossentropy"": -0.0, ""categorical_roc_auc"": 0.0, ""f1"": 0.0, ""precision"": 0.0, ""recall"": 0.0}",0.028984785079956055,0.0041353702545166016,294.6974627971649,722.21484375,600,ok,,1.0.0,{}
361243,music_origin,openml_task,ctr23,regression,nofe,0,4500,847,212,116,116,0,16.103940163070128,rmse,False,16.103940163070128,-0.0,"{""mae"": 12.240585396874625, ""mse"": 259.3368887757431, ""pearson"": 0.5468692280083499, ""r2"": 0.27996001104809054, ""rmse"": 16.103940163070128, ""rmsle"": null}","{""mae"": -0.0, ""mse"": -0.0, ""pearson"": 0.0, ""r2"": 0.0, ""rmse"": -0.0, ""rmsle"": null}",0.0037784576416015625,0.00025725364685058594,10.733929634094238,340.1015625,44,ok,,1.0.0,{}
361243,music_origin,openml_task,ctr23,regression,nofe,1,4500,847,212,116,116,0,18.127174920210038,rmse,False,18.127174920210038,-0.0,"{""mae"": 13.411158917040197, ""mse"": 328.5944705878918, ""pearson"": 0.5292708077548837, ""r2"": 0.2271062658801628, ""rmse"": 18.127174920210038, ""rmsle"": null}","{""mae"": -0.0, ""mse"": -0.0, ""pearson"": 0.0, ""r2"": 0.0, ""rmse"": -0.0, ""rmsle"": null}",0.002773284912109375,8.058547973632812e-05,10.25161075592041,343.61328125,49,ok,,1.0.0,{}
361259,pumadyn32nh,openml_task,ctr23,regression,nofe,1,4500,6553,1639,32,32,0,0.021645121526837775,rmse,False,0.021645121526837775,-0.0,"{""mae"": 0.017093396195628746, ""mse"": 0.000468511285911576, ""pearson"": 0.8024631153095503, ""r2"": 0.6398325392966586, ""rmse"": 0.021645121526837775, ""rmsle"": null}","{""mae"": -0.0, ""mse"": -0.0, ""pearson"": 0.0, ""r2"": 0.0, ""rmse"": -0.0, ""rmsle"": null}",0.008006572723388672,0.0005977153778076172,2.929621696472168,348.203125,63,ok,,1.0.0,{}
361264,socmob,openml_task,ctr23,regression,nofe,0,4500,924,232,5,5,0,30.67049396798381,rmse,False,30.67049396798381,-0.0,"{""mae"": 8.602788154215647, ""mse"": 940.6792002401312, ""pearson"": 0.8835495270634185, ""r2"": 0.6018330759820962, ""rmse"": 30.67049396798381, ""rmsle"": 0.8840789988618172}","{""mae"": -0.0, ""mse"": -0.0, ""pearson"": 0.0, ""r2"": 0.0, ""rmse"": -0.0, ""rmsle"": -0.0}",0.004438161849975586,8.368492126464844e-05,1.8328564167022705,331.2109375,37,ok,,1.0.0,{}
361259,pumadyn32nh,openml_task,ctr23,regression,nofe,3,4500,6553,1639,32,32,0,0.021779039166282193,rmse,False,0.021779039166282193,-0.0,"{""mae"": 0.017347447221826403, ""mse"": 0.0004743265470064538, ""pearson"": 0.7935027001455536, ""r2"": 0.627223899376016, ""rmse"": 0.021779039166282193, ""rmsle"": null}","{""mae"": -0.0, ""mse"": -0.0, ""pearson"": 0.0, ""r2"": 0.0, ""rmse"": -0.0, ""rmsle"": null}",0.005006551742553711,0.0004792213439941406,3.1088712215423584,349.21484375,114,ok,,1.0.0,{}
361259,pumadyn32nh,openml_task,ctr23,regression,nofe,2,4500,6553,1639,32,32,0,0.021419630331408583,rmse,False,0.021419630331408583,-0.0,"{""mae"": 0.017180048936258997, ""mse"": 0.0004588005635341986, ""pearson"": 0.8049440221092042, ""r2"": 0.6434801811262426, ""rmse"": 0.021419630331408583, ""rmsle"": null}","{""mae"": -0.0, ""mse"": -0.0, ""pearson"": 0.0, ""r2"": 0.0, ""rmse"": -0.0, ""rmsle"": null}",0.005008220672607422,0.00041961669921875,3.0621039867401123,348.9296875,80,ok,,1.0.0,{}
361264,socmob,openml_task,ctr23,regression,nofe,2,4500,924,232,5,5,0,11.578882992120489,rmse,False,11.578882992120489,-0.0,"{""mae"": 4.73096058240365, ""mse"": 134.07053134521712, ""pearson"": 0.9357238121020206, ""r2"": 0.8723244931931183, ""rmse"": 11.578882992120489, ""rmsle"": 0.4480738511131768}","{""mae"": -0.0, ""mse"": -0.0, ""pearson"": 0.0, ""r2"": 0.0, ""rmse"": -0.0, ""rmsle"": -0.0}",0.008374214172363281,0.0001964569091796875,2.1405107975006104,339.4453125,308,ok,,1.0.0,{}
361264,socmob,openml_task,ctr23,regression,nofe,1,4500,924,232,5,5,0,16.45763656541037,rmse,False,16.45763656541037,-0.0,"{""mae"": 5.315369052764687, ""mse"": 270.85380131913234, ""pearson"": 0.9572306877501595, ""r2"": 0.8806048029951599, ""rmse"": 16.45763656541037, ""rmsle"": 0.4030144398146405}","{""mae"": -0.0, ""mse"": -0.0, ""pearson"": 0.0, ""r2"": 0.0, ""rmse"": -0.0, ""rmsle"": -0.0}",0.007899284362792969,0.00015425682067871094,2.2748570442199707,340.71875,315,ok,,1.0.0,{}
361259,pumadyn32nh,openml_task,ctr23,regression,nofe,4,4500,6553,1639,32,32,0,0.021143928245528645,rmse,False,0.021143928245528645,-0.0,"{""mae"": 0.01670648873018921, ""mse"": 0.0004470657016520641, ""pearson"": 0.8124753854767391, ""r2"": 0.6567554002195436, ""rmse"": 0.021143928245528645, ""rmsle"": null}","{""mae"": -0.0, ""mse"": -0.0, ""pearson"": 0.0, ""r2"": 0.0, ""rmse"": -0.0, ""rmsle"": null}",0.007414579391479492,0.0007064342498779297,2.952117681503296,348.58984375,73,ok,,1.0.0,{}
361618,forest_fires,openml_task,ctr23,regression,nofe,3,4500,413,104,12,12,0,78.06841423527099,rmse,False,78.06841423527099,-0.0,"{""mae"": 20.976023532104893, ""mse"": 6094.677301209863, ""pearson"": -0.08324494872751181, ""r2"": -0.06559361873427583, ""rmse"": 78.06841423527099, ""rmsle"": 2.049549374666499}","{""mae"": -0.0, ""mse"": -0.0, ""pearson"": 0.0, ""r2"": 0.0, ""rmse"": -0.0, ""rmsle"": -0.0}",0.0056726932525634766,8.0108642578125e-05,69.96362853050232,337.3984375,405,ok,,1.0.0,{}
3481,isolet,openml_task,amlb,multiclass,nofe,4,4500,6237,1560,617,617,0,0.1543819528028577,categorical_crossentropy,False,0.1543819528028577,-0.0,"{""accuracy"": 0.9961538461474606, ""categorical_crossentropy"": 0.1543819528028577, ""categorical_roc_auc"": 0.9992209401709402, ""f1"": 0.9498335836292923, ""precision"": 0.9507061895883517, ""recall"": 0.9499999998416667}","{""accuracy"": 0.0, ""categorical_crossentropy"": -0.0, ""categorical_roc_auc"": 0.0, ""f1"": 0.0, ""precision"": 0.0, ""recall"": 0.0}",0.02651238441467285,0.003394603729248047,307.91295528411865,730.66015625,659,ok,,1.0.0,{}
361256,cpu_activity,openml_task,ctr23,regression,nofe,2,4500,6553,1639,21,21,0,2.131964089762741,rmse,False,2.131964089762741,-0.0,"{""mae"": 1.5228418046949503, ""mse"": 4.545270880037874, ""pearson"": 0.993400102580313, ""r2"": 0.9868229749971198, ""rmse"": 2.131964089762741, ""rmsle"": 0.08495683307324331}","{""mae"": -0.0, ""mse"": -0.0, ""pearson"": 0.0, ""r2"": 0.0, ""rmse"": -0.0, ""rmsle"": -0.0}",0.007243156433105469,0.0002894401550292969,12.036234140396118,359.64453125,828,ok,,1.0.0,{}
361267,brazilian_houses,openml_task,ctr23,regression,nofe,2,4500,8553,2139,9,9,0,11651.949629003002,rmse,False,11651.949629003002,-0.0,"{""mae"": 1890.7712150099346, ""mse"": 135767930.1568232, ""pearson"": 0.9428029241819947, ""r2"": 0.7974258960958925, ""rmse"": 11651.949629003002, ""rmsle"": 0.3865325755467195}","{""mae"": -0.0, ""mse"": -0.0, ""pearson"": 0.0, ""r2"": 0.0, ""rmse"": -0.0, ""rmsle"": -0.0}",0.003842592239379883,0.00010776519775390625,8.025590896606445,338.6640625,50,ok,,1.0.0,{}
adult,adult-pmlb,pmlb,stress_test,classification,nofe,4,4500,39073,9769,14,14,0,0.9254260957294134,binary_roc_auc,True,0.9254260957294134,0.0,"{""accuracy"": 0.869689835192067, ""binary_crossentropy"": 0.2800793394514689, ""binary_roc_auc"": 0.9254260957294134, ""f1"": 0.916584753537044, ""precision"": 0.8932311621955387, ""recall"": 0.9411923025152185}","{""accuracy"": 0.0, ""binary_crossentropy"": -0.0, ""binary_roc_auc"": 0.0, ""f1"": 0.0, ""precision"": 0.0, ""recall"": 0.0}",0.02451467514038086,0.0011019706726074219,73.87157559394836,361.66015625,277,ok,,1.0.0,{}
361618,forest_fires,openml_task,ctr23,regression,nofe,2,4500,413,104,12,12,0,39.45767966579137,rmse,False,39.45767966579137,-0.0,"{""mae"": 18.849276416485125, ""mse"": 1556.9084846082053, ""pearson"": -0.007163692650728299, ""r2"": -0.283706701019121, ""rmse"": 39.45767966579137, ""rmsle"": 2.1162808334918313}","{""mae"": -0.0, ""mse"": -0.0, ""pearson"": 0.0, ""r2"": 0.0, ""rmse"": -0.0, ""rmsle"": -0.0}",0.006698131561279297,0.0001442432403564453,72.31425070762634,328.08203125,13,ok,,1.0.0,{}
adult,adult-pmlb,pmlb,stress_test,classification,nofe,2,4500,39073,9769,14,14,0,0.9253598748635723,binary_roc_auc,True,0.9253598748635723,0.0,"{""accuracy"": 0.8702016583059983, ""binary_crossentropy"": 0.2821965927038329, ""binary_roc_auc"": 0.9253598748635723, ""f1"": 0.9167869749204656, ""precision"": 0.8947098757513837, ""recall"": 0.9399811600041179}","{""accuracy"": 0.0, ""binary_crossentropy"": -0.0, ""binary_roc_auc"": 0.0, ""f1"": 0.0, ""precision"": 0.0, ""recall"": 0.0}",0.024935007095336914,0.000985860824584961,74.76079225540161,360.4921875,344,ok,,1.0.0,{}
361267,brazilian_houses,openml_task,ctr23,regression,nofe,3,4500,8553,2139,9,9,0,3795.1599700420384,rmse,False,3795.1599700420384,-0.0,"{""mae"": 1548.868581549817, ""mse"": 14403239.198209487, ""pearson"": 0.9880347915162961, ""r2"": 0.9761990137800055, ""rmse"": 3795.1599700420384, ""rmsle"": 0.3604472968482734}","{""mae"": -0.0, ""mse"": -0.0, ""pearson"": 0.0, ""r2"": 0.0, ""rmse"": -0.0, ""rmsle"": -0.0}",0.006798982620239258,0.0001761913299560547,9.18622374534607,342.421875,204,ok,,1.0.0,{}
adult,adult-pmlb,pmlb,stress_test,classification,nofe,3,4500,39073,9769,14,14,0,0.933418358507623,binary_roc_auc,True,0.933418358507623,0.0,"{""accuracy"": 0.8764459002959601, ""binary_crossentropy"": 0.2682091951380087, ""binary_roc_auc"": 0.933418358507623, ""f1"": 0.9208161073157647, ""precision"": 0.8983614951345387, ""recall"": 0.9444220158781531}","{""accuracy"": 0.0, ""binary_crossentropy"": -0.0, ""binary_roc_auc"": 0.0, ""f1"": 0.0, ""precision"": 0.0, ""recall"": 0.0}",0.02524876594543457,0.0009653568267822266,75.1544463634491,358.7265625,357,ok,,1.0.0,{}
361247,naval_propulsion,openml_task,ctr23,regression,nofe,3,4500,9547,2387,14,14,0,0.0010559527310474678,rmse,False,0.0010559527310474678,-0.0,"{""mae"": 0.0007322449700124222, ""mse"": 1.115036170206606e-06, ""pearson"": 0.9974294775665841, ""r2"": 0.9948355664293922, ""rmse"": 0.0010559527310474678, ""rmsle"": 0.0005347329220574371}","{""mae"": -0.0, ""mse"": -0.0, ""pearson"": 0.0, ""r2"": 0.0, ""rmse"": -0.0, ""rmsle"": -0.0}",0.007030487060546875,0.0003612041473388672,9.552912950515747,352.1640625,854,ok,,1.0.0,{}
1169,Airlines,openml_dataset,stress_test,classification,nofe,4,4500,431506,107877,7,7,0,0.7202049833069949,binary_roc_auc,True,0.7202049833069949,0.0,"{""accuracy"": 0.6668798724472624, ""binary_crossentropy"": 0.6070509826205224, ""binary_roc_auc"": 0.7202049833069949, ""f1"": 0.5822658216790729, ""precision"": 0.6595475732755749, ""recall"": 0.5211953468044616}","{""accuracy"": 0.0, ""binary_crossentropy"": -0.0, ""binary_roc_auc"": 0.0, ""f1"": 0.0, ""precision"": 0.0, ""recall"": 0.0}",0.12223958969116211,0.001965761184692383,102.92116689682007,564.5,379,ok,,1.0.0,{}
361267,brazilian_houses,openml_task,ctr23,regression,nofe,4,4500,8553,2139,9,9,0,3594.2956559990093,rmse,False,3594.2956559990093,-0.0,"{""mae"": 2123.078684731475, ""mse"": 12918961.26273335, ""pearson"": 0.6171882289353706, ""r2"": 0.3600255847948075, ""rmse"": 3594.2956559990093, ""rmsle"": 0.5726362739742893}","{""mae"": -0.0, ""mse"": -0.0, ""pearson"": 0.0, ""r2"": 0.0, ""rmse"": -0.0, ""rmsle"": -0.0}",0.0054814815521240234,0.00014066696166992188,9.438106536865234,338.2421875,18,ok,,1.0.0,{}
361247,naval_propulsion,openml_task,ctr23,regression,nofe,2,4500,9547,2387,14,14,0,0.001009224410513103,rmse,False,0.001009224410513103,-0.0,"{""mae"": 0.0007077726734498582, ""mse"": 1.0185339107755203e-06, ""pearson"": 0.9976430423753025, ""r2"": 0.995274278950926, ""rmse"": 0.001009224410513103, ""rmsle"": 0.000511114099347496}","{""mae"": -0.0, ""mse"": -0.0, ""pearson"": 0.0, ""r2"": 0.0, ""rmse"": -0.0, ""rmsle"": -0.0}",0.006580352783203125,0.00031304359436035156,9.755567073822021,353.75,1133,ok,,1.0.0,{}
361247,naval_propulsion,openml_task,ctr23,regression,nofe,1,4500,9547,2387,14,14,0,0.0009852558497326456,rmse,False,0.0009852558497326456,-0.0,"{""mae"": 0.0006980863882000105, ""mse"": 9.707290894323977e-07, ""pearson"": 0.9977909612638303, ""r2"": 0.9955594442562969, ""rmse"": 0.0009852558497326456, ""rmsle"": 0.000498590351674353}","{""mae"": -0.0, ""mse"": -0.0, ""pearson"": 0.0, ""r2"": 0.0, ""rmse"": -0.0, ""rmsle"": -0.0}",0.005707502365112305,0.0002799034118652344,9.820472955703735,353.20703125,1012,ok,,1.0.0,{}
361247,naval_propulsion,openml_task,ctr23,regression,nofe,0,4500,9547,2387,14,14,0,0.0010528835527647603,rmse,False,0.0010528835527647603,-0.0,"{""mae"": 0.0007132087033515117, ""mse"": 1.1085637756825437e-06, ""pearson"": 0.99743789428948, ""r2"": 0.9948657530357258, ""rmse"": 0.0010528835527647603, ""rmsle"": 0.0005322211491966855}","{""mae"": -0.0, ""mse"": -0.0, ""pearson"": 0.0, ""r2"": 0.0, ""rmse"": -0.0, ""rmsle"": -0.0}",0.007869720458984375,0.0002391338348388672,10.378695726394653,352.53125,1161,ok,,1.0.0,{}
361247,naval_propulsion,openml_task,ctr23,regression,nofe,4,4500,9547,2387,14,14,0,0.0009515053976627815,rmse,False,0.0009515053976627815,-0.0,"{""mae"": 0.0006743294630382269, ""mse"": 9.053625217814079e-07, ""pearson"": 0.9979098754794762, ""r2"": 0.9958218558229748, ""rmse"": 0.0009515053976627815, ""rmsle"": 0.00048165549659178066}","{""mae"": -0.0, ""mse"": -0.0, ""pearson"": 0.0, ""r2"": 0.0, ""rmse"": -0.0, ""rmsle"": -0.0}",0.006273984909057617,0.00028824806213378906,3.068976640701294,353.89453125,1087,ok,,1.0.0,{}
361260,miami_housing,openml_task,ctr23,regression,nofe,0,4500,11145,2787,15,15,0,81836.91845938421,rmse,False,81836.91845938421,-0.0,"{""mae"": 40951.907772134015, ""mse"": 6697281222.927899, ""pearson"": 0.9638361668029092, ""r2"": 0.9288961189327788, ""rmse"": 81836.91845938421, ""rmsle"": 0.1383299561890115}","{""mae"": -0.0, ""mse"": -0.0, ""pearson"": 0.0, ""r2"": 0.0, ""rmse"": -0.0, ""rmsle"": -0.0}",0.007112741470336914,0.0003528594970703125,3.5536246299743652,351.5,464,ok,,1.0.0,{}
361256,cpu_activity,openml_task,ctr23,regression,nofe,0,4500,6553,1639,21,21,0,2.5476069451252377,rmse,False,2.5476069451252377,-0.0,"{""mae"": 1.549663087379817, ""mse"": 6.490301146850345, ""pearson"": 0.9905604228117671, ""r2"": 0.9811693500419832, ""rmse"": 2.5476069451252377, ""rmsle"": 0.12485781056652034}","{""mae"": -0.0, ""mse"": -0.0, ""pearson"": 0.0, ""r2"": 0.0, ""rmse"": -0.0, ""rmsle"": -0.0}",0.005246162414550781,0.00025153160095214844,18.01705503463745,352.26171875,313,ok,,1.0.0,{}
361267,brazilian_houses,openml_task,ctr23,regression,nofe,1,4500,8553,2139,9,9,0,4128.363508504835,rmse,False,4128.363508504835,-0.0,"{""mae"": 2193.7270220185396, ""mse"": 17043385.25835435, ""pearson"": 0.518804333116054, ""r2"": 0.21091573967865385, ""rmse"": 4128.363508504835, ""rmsle"": 0.569711458106934}","{""mae"": -0.0, ""mse"": -0.0, ""pearson"": 0.0, ""r2"": 0.0, ""rmse"": -0.0, ""rmsle"": -0.0}",0.005766391754150391,0.0001399517059326172,16.16970181465149,337.2890625,16,ok,,1.0.0,{}
361264,socmob,openml_task,ctr23,regression,nofe,4,4500,924,232,5,5,0,12.067811008334504,rmse,False,12.067811008334504,-0.0,"{""mae"": 5.987119391252255, ""mse"": 145.63206253287942, ""pearson"": 0.9531435649037482, ""r2"": 0.8740768581816626, ""rmse"": 12.067811008334504, ""rmsle"": 0.8120412060859659}","{""mae"": -0.0, ""mse"": -0.0, ""pearson"": 0.0, ""r2"": 0.0, ""rmse"": -0.0, ""rmsle"": -0.0}",0.005332231521606445,0.00010585784912109375,17.55675721168518,333.08984375,42,ok,,1.0.0,{}
361256,cpu_activity,openml_task,ctr23,regression,nofe,1,4500,6553,1639,21,21,0,2.650394650174984,rmse,False,2.650394650174984,-0.0,"{""mae"": 1.5092422852320784, ""mse"": 7.024591801676175, ""pearson"": 0.9906430673503525, ""r2"": 0.9813496638489795, ""rmse"": 2.650394650174984, ""rmsle"": 0.12246159953254743}","{""mae"": -0.0, ""mse"": -0.0, ""pearson"": 0.0, ""r2"": 0.0, ""rmse"": -0.0, ""rmsle"": -0.0}",0.009191513061523438,0.00015091896057128906,19.023874521255493,351.07421875,400,ok,,1.0.0,{}
361256,cpu_activity,openml_task,ctr23,regression,nofe,3,4500,6553,1639,21,21,0,2.120862081706074,rmse,False,2.120862081706074,-0.0,"{""mae"": 1.5113832247940695, ""mse"": 4.498055969618622, ""pearson"": 0.9939024808301785, ""r2"": 0.9878293389410086, ""rmse"": 2.120862081706074, ""rmsle"": 0.05838130056592064}","{""mae"": -0.0, ""mse"": -0.0, ""pearson"": 0.0, ""r2"": 0.0, ""rmse"": -0.0, ""rmsle"": -0.0}",0.006726980209350586,0.0004382133483886719,18.93614435195923,352.6796875,439,ok,,1.0.0,{}
361264,socmob,openml_task,ctr23,regression,nofe,3,4500,924,232,5,5,0,20.99947311381067,rmse,False,20.99947311381067,-0.0,"{""mae"": 6.961215889518117, ""mse"": 440.9778710576571, ""pearson"": 0.9120639483322082, ""r2"": 0.8192036936792104, ""rmse"": 20.99947311381067, ""rmsle"": 0.4572627690485047}","{""mae"": -0.0, ""mse"": -0.0, ""pearson"": 0.0, ""r2"": 0.0, ""rmse"": -0.0, ""rmsle"": -0.0}",0.006793022155761719,8.940696716308594e-05,18.21686625480652,337.6328125,489,ok,,1.0.0,{}
361260,miami_housing,openml_task,ctr23,regression,nofe,2,4500,11145,2787,15,15,0,74326.7670683617,rmse,False,74326.7670683617,-0.0,"{""mae"": 38908.898591675636, ""mse"": 5524468302.834498, ""pearson"": 0.9698210304531127, ""r2"": 0.9405141924767175, ""rmse"": 74326.7670683617, ""rmsle"": 0.13750353289113057}","{""mae"": -0.0, ""mse"": -0.0, ""pearson"": 0.0, ""r2"": 0.0, ""rmse"": -0.0, ""rmsle"": -0.0}",0.007584571838378906,0.0003192424774169922,3.9944825172424316,353.8125,632,ok,,1.0.0,{}
361244,solar_flare,openml_task,ctr23,regression,nofe,1,4500,852,214,9,9,0,0.7501597138644418,rmse,False,0.7501597138644418,-0.0,"{""mae"": 0.4482152150752388, ""mse"": 0.5627395963051812, ""pearson"": 0.23513044209089776, ""r2"": 0.05308559110846289, ""rmse"": 0.7501597138644418, ""rmsle"": 0.3675934026983762}","{""mae"": -0.0, ""mse"": -0.0, ""pearson"": 0.0, ""r2"": 0.0, ""rmse"": -0.0, ""rmsle"": -0.0}",0.006009101867675781,0.00011467933654785156,8.212679386138916,330.35546875,11,ok,,1.0.0,{}
361244,solar_flare,openml_task,ctr23,regression,nofe,0,4500,852,214,9,9,0,0.6275326416597077,rmse,False,0.6275326416597077,-0.0,"{""mae"": 0.41738298716389133, ""mse"": 0.3937972163484111, ""pearson"": 0.333163972605269, ""r2"": 0.07629905142942883, ""rmse"": 0.6275326416597077, ""rmsle"": 0.34159026451686186}","{""mae"": -0.0, ""mse"": -0.0, ""pearson"": 0.0, ""r2"": 0.0, ""rmse"": -0.0, ""rmsle"": -0.0}",0.0078029632568359375,0.00015497207641601562,8.511768341064453,332.77734375,9,ok,,1.0.0,{}
361244,solar_flare,openml_task,ctr23,regression,nofe,2,4500,852,214,9,9,0,0.6380135646457703,rmse,False,0.6380135646457703,-0.0,"{""mae"": 0.3983756937086582, ""mse"": 0.40706130867200246, ""pearson"": 0.29128935981686527, ""r2"": -0.018398235014642328, ""rmse"": 0.6380135646457703, ""rmsle"": 0.3539426768189091}","{""mae"": -0.0, ""mse"": -0.0, ""pearson"": 0.0, ""r2"": 0.0, ""rmse"": -0.0, ""rmsle"": -0.0}",0.006320953369140625,0.00012969970703125,8.967609167098999,329.98046875,24,ok,,1.0.0,{}
361255,california_housing,openml_task,ctr23,regression,nofe,1,4500,16512,4128,8,8,0,45517.10877486391,rmse,False,45517.10877486391,-0.0,"{""mae"": 30047.493140405462, ""mse"": 2071807191.2227933, ""pearson"": 0.9176729426211394, ""r2"": 0.8420506477275563, ""rmse"": 45517.10877486391, ""rmsle"": 0.22974307407779757}","{""mae"": -0.0, ""mse"": -0.0, ""pearson"": 0.0, ""r2"": 0.0, ""rmse"": -0.0, ""rmsle"": -0.0}",0.008437156677246094,0.00026607513427734375,4.884613990783691,350.8828125,437,ok,,1.0.0,{}
361244,solar_flare,openml_task,ctr23,regression,nofe,3,4500,852,214,9,9,0,0.765126371248072,rmse,False,0.765126371248072,-0.0,"{""mae"": 0.43722544868137236, ""mse"": 0.5854183639792426, ""pearson"": 0.3112838800630901, ""r2"": 0.03648447810266331, ""rmse"": 0.765126371248072, ""rmsle"": 0.37806602912838}","{""mae"": -0.0, ""mse"": -0.0, ""pearson"": 0.0, ""r2"": 0.0, ""rmse"": -0.0, ""rmsle"": -0.0}",0.004120826721191406,0.000110626220703125,8.221419334411621,326.2578125,35,ok,,1.0.0,{}
361260,miami_housing,openml_task,ctr23,regression,nofe,1,4500,11145,2787,15,15,0,82760.29173232896,rmse,False,82760.29173232896,-0.0,"{""mae"": 40710.87897212504, ""mse"": 6849265887.620196, ""pearson"": 0.9638315337737346, ""r2"": 0.928331444382798, ""rmse"": 82760.29173232896, ""rmsle"": 0.13831725986254684}","{""mae"": -0.0, ""mse"": -0.0, ""pearson"": 0.0, ""r2"": 0.0, ""rmse"": -0.0, ""rmsle"": -0.0}",0.007037162780761719,0.0003306865692138672,12.437244892120361,360.0859375,1014,ok,,1.0.0,{}
361260,miami_housing,openml_task,ctr23,regression,nofe,3,4500,11145,2787,15,15,0,81365.59974907698,rmse,False,81365.59974907698,-0.0,"{""mae"": 40468.83114964567, ""mse"": 6620360822.526997, ""pearson"": 0.9615009769968577, ""r2"": 0.9243072245673551, ""rmse"": 81365.59974907698, ""rmsle"": 0.1483074928952372}","{""mae"": -0.0, ""mse"": -0.0, ""pearson"": 0.0, ""r2"": 0.0, ""rmse"": -0.0, ""rmsle"": -0.0}",0.006740093231201172,0.00032138824462890625,11.21091341972351,357.96484375,770,ok,,1.0.0,{}
361616,Moneyball,openml_task,ctr23,regression,nofe,0,4500,985,247,14,14,0,25.46265238302655,rmse,False,25.46265238302655,-0.0,"{""mae"": 20.526891793316675, ""mse"": 648.3466663788477, ""pearson"": 0.9618433249145493, ""r2"": 0.9229862560005726, ""rmse"": 25.46265238302655, ""rmsle"": 0.03533285060086501}","{""mae"": -0.0, ""mse"": -0.0, ""pearson"": 0.0, ""r2"": 0.0, ""rmse"": -0.0, ""rmsle"": -0.0}",0.004361391067504883,0.00010752677917480469,72.21885275840759,334.12109375,166,ok,,1.0.0,{}
361255,california_housing,openml_task,ctr23,regression,nofe,0,4500,16512,4128,8,8,0,44111.22085081778,rmse,False,44111.22085081778,-0.0,"{""mae"": 29490.952766359314, ""mse"": 1945799804.949621, ""pearson"": 0.9224441381788028, ""r2"": 0.8507770628036719, ""rmse"": 44111.22085081778, ""rmsle"": 0.22355189368283676}","{""mae"": -0.0, ""mse"": -0.0, ""pearson"": 0.0, ""r2"": 0.0, ""rmse"": -0.0, ""rmsle"": -0.0}",0.004645347595214844,0.0002224445343017578,5.931555986404419,361.29296875,930,ok,,1.0.0,{}
361255,california_housing,openml_task,ctr23,regression,nofe,2,4500,16512,4128,8,8,0,46003.28373007682,rmse,False,46003.28373007682,-0.0,"{""mae"": 30072.06754178779, ""mse"": 2116302113.9499507, ""pearson"": 0.9180955241911597, ""r2"": 0.8428905869626165, ""rmse"": 46003.28373007682, ""rmsle"": 0.22829004638416583}","{""mae"": -0.0, ""mse"": -0.0, ""pearson"": 0.0, ""r2"": 0.0, ""rmse"": -0.0, ""rmsle"": -0.0}",0.012681961059570312,0.00046324729919433594,5.8320066928863525,361.32421875,796,ok,,1.0.0,{}
361260,miami_housing,openml_task,ctr23,regression,nofe,4,4500,11145,2787,15,15,0,88190.74822868052,rmse,False,88190.74822868052,-0.0,"{""mae"": 41917.667265148455, ""mse"": 7777608073.134517, ""pearson"": 0.962262987476542, ""r2"": 0.9258172307981117, ""rmse"": 88190.74822868052, ""rmsle"": 0.14475024055363128}","{""mae"": -0.0, ""mse"": -0.0, ""pearson"": 0.0, ""r2"": 0.0, ""rmse"": -0.0, ""rmsle"": -0.0}",0.008128881454467773,0.0002658367156982422,11.412215232849121,359.5703125,663,ok,,1.0.0,{}
361244,solar_flare,openml_task,ctr23,regression,nofe,4,4500,852,214,9,9,0,0.702299499006531,rmse,False,0.702299499006531,-0.0,"{""mae"": 0.46020314041699206, ""mse"": 0.49322458630482446, ""pearson"": 0.35511821508279273, ""r2"": 0.07096149572591837, ""rmse"": 0.702299499006531, ""rmsle"": 0.3643962493293188}","{""mae"": -0.0, ""mse"": -0.0, ""pearson"": 0.0, ""r2"": 0.0, ""rmse"": -0.0, ""rmsle"": -0.0}",0.006319522857666016,0.00020122528076171875,8.71371340751648,325.796875,4,ok,,1.0.0,{}
361616,Moneyball,openml_task,ctr23,regression,nofe,1,4500,985,247,14,14,0,26.324811341646626,rmse,False,26.324811341646626,-0.0,"{""mae"": 20.064904711024482, ""mse"": 692.9956921732868, ""pearson"": 0.9553130625902424, ""r2"": 0.9096412033906348, ""rmse"": 26.324811341646626, ""rmsle"": 0.03719273819868485}","{""mae"": -0.0, ""mse"": -0.0, ""pearson"": 0.0, ""r2"": 0.0, ""rmse"": -0.0, ""rmsle"": -0.0}",0.002469301223754883,0.00012111663818359375,76.03614687919617,338.83203125,186,ok,,1.0.0,{}
361255,california_housing,openml_task,ctr23,regression,nofe,3,4500,16512,4128,8,8,0,45009.684786055135,rmse,False,45009.684786055135,-0.0,"{""mae"": 29184.852816677834, ""mse"": 2025871724.5400429, ""pearson"": 0.9203126679050981, ""r2"": 0.8468278147823309, ""rmse"": 45009.684786055135, ""rmsle"": 0.2241717200239729}","{""mae"": -0.0, ""mse"": -0.0, ""pearson"": 0.0, ""r2"": 0.0, ""rmse"": -0.0, ""rmsle"": -0.0}",0.00827479362487793,0.0004284381866455078,4.063632488250732,358.375,711,ok,,1.0.0,{}
361255,california_housing,openml_task,ctr23,regression,nofe,4,4500,16512,4128,8,8,0,44128.21219700534,rmse,False,44128.21219700534,-0.0,"{""mae"": 29115.610297624455, ""mse"": 1947299111.7039309, ""pearson"": 0.9221344695992657, ""r2"": 0.8503027221383993, ""rmse"": 44128.21219700534, ""rmsle"": 0.21676997792766464}","{""mae"": -0.0, ""mse"": -0.0, ""pearson"": 0.0, ""r2"": 0.0, ""rmse"": -0.0, ""rmsle"": -0.0}",0.008139848709106445,0.0003185272216796875,3.8755712509155273,362.5078125,776,ok,,1.0.0,{}
361272,fifa,openml_task,ctr23,regression,nofe,2,4500,15342,3836,28,28,0,9989.946989366888,rmse,False,9989.946989366888,-0.0,"{""mae"": 4003.7520841373766, ""mse"": 99799040.85036057, ""pearson"": 0.8780158756887606, ""r2"": 0.7641715110987387, ""rmse"": 9989.946989366888, ""rmsle"": 0.7552454683976179}","{""mae"": -0.0, ""mse"": -0.0, ""pearson"": 0.0, ""r2"": 0.0, ""rmse"": -0.0, ""rmsle"": -0.0}",0.006765842437744141,9.322166442871094e-05,2.608741283416748,349.015625,92,ok,,1.0.0,{}
361272,fifa,openml_task,ctr23,regression,nofe,1,4500,15342,3836,28,28,0,9441.799664199494,rmse,False,9441.799664199494,-0.0,"{""mae"": 4087.090970991053, ""mse"": 89147580.89887767, ""pearson"": 0.8760833143967288, ""r2"": 0.7673722629319106, ""rmse"": 9441.799664199494, ""rmsle"": 0.7727930831651642}","{""mae"": -0.0, ""mse"": -0.0, ""pearson"": 0.0, ""r2"": 0.0, ""rmse"": -0.0, ""rmsle"": -0.0}",0.008321046829223633,0.00013685226440429688,2.8558852672576904,343.26953125,62,ok,,1.0.0,{}
361272,fifa,openml_task,ctr23,regression,nofe,4,4500,15342,3836,28,28,0,9824.912922483989,rmse,False,9824.912922483989,-0.0,"{""mae"": 4006.9011919580485, ""mse"": 96528913.93439288, ""pearson"": 0.8817820144492331, ""r2"": 0.7647765829476865, ""rmse"": 9824.912922483989, ""rmsle"": 0.768908835156878}","{""mae"": -0.0, ""mse"": -0.0, ""pearson"": 0.0, ""r2"": 0.0, ""rmse"": -0.0, ""rmsle"": -0.0}",0.005866050720214844,9.775161743164062e-05,2.6545960903167725,343.17578125,61,ok,,1.0.0,{}
361272,fifa,openml_task,ctr23,regression,nofe,3,4500,15342,3836,28,28,0,9894.336302278285,rmse,False,9894.336302278285,-0.0,"{""mae"": 3973.967743437034, ""mse"": 97897890.86258192, ""pearson"": 0.8647802464632559, ""r2"": 0.7395617699610693, ""rmse"": 9894.336302278285, ""rmsle"": 0.7452431756605978}","{""mae"": -0.0, ""mse"": -0.0, ""pearson"": 0.0, ""r2"": 0.0, ""rmse"": -0.0, ""rmsle"": -0.0}",0.007935523986816406,0.00012373924255371094,2.5588176250457764,349.1484375,93,ok,,1.0.0,{}
361254,sarcos,openml_task,ctr23,regression,nofe,4,4500,39146,9787,21,21,0,2.3845787716343225,rmse,False,2.3845787716343225,-0.0,"{""mae"": 1.5750150112799564, ""mse"": 5.686215918129054, ""pearson"": 0.9930641717295058, ""r2"": 0.9861459743142161, ""rmse"": 2.3845787716343225, ""rmsle"": null}","{""mae"": -0.0, ""mse"": -0.0, ""pearson"": 0.0, ""r2"": 0.0, ""rmse"": -0.0, ""rmsle"": null}",0.011859655380249023,0.0015718936920166016,18.896969318389893,459.87890625,1999,ok,,1.0.0,{}
3481,isolet,openml_task,amlb,multiclass,nofe,1,4500,6237,1560,617,617,0,0.17283282853262416,categorical_crossentropy,False,0.17283282853262416,-0.0,"{""accuracy"": 0.9964990138003185, ""categorical_crossentropy"": 0.17283282853262416, ""categorical_roc_auc"": 0.9991717948717949, ""f1"": 0.9545008099355131, ""precision"": 0.955391467284445, ""recall"": 0.9544871793280982}","{""accuracy"": 0.0, ""categorical_crossentropy"": -0.0, ""categorical_roc_auc"": 0.0, ""f1"": 0.0, ""precision"": 0.0, ""recall"": 0.0}",0.029087543487548828,0.002826690673828125,337.8226652145386,754.04296875,830,ok,,1.0.0,{}
361268,fps_benchmark,openml_task,ctr23,regression,nofe,0,4500,19699,4925,39,39,0,0.8157498159001131,rmse,False,0.8157498159001131,-0.0,"{""mae"": 0.4472726103497034, ""mse"": 0.6654477621410684, ""pearson"": 0.9998867934214465, ""r2"": 0.9997713976509027, ""rmse"": 0.8157498159001131, ""rmsle"": 0.005545595853574316}","{""mae"": -0.0, ""mse"": -0.0, ""pearson"": 0.0, ""r2"": 0.0, ""rmse"": -0.0, ""rmsle"": -0.0}",0.009449958801269531,0.000982046127319336,24.50449275970459,514.30859375,1998,ok,,1.0.0,{}
361268,fps_benchmark,openml_task,ctr23,regression,nofe,1,4500,19699,4925,39,39,0,0.8381547131070393,rmse,False,0.8381547131070393,-0.0,"{""mae"": 0.44153124543010885, ""mse"": 0.7025033231035432, ""pearson"": 0.9998833049969847, ""r2"": 0.999761100395214, ""rmse"": 0.8381547131070393, ""rmsle"": 0.005272961592561247}","{""mae"": -0.0, ""mse"": -0.0, ""pearson"": 0.0, ""r2"": 0.0, ""rmse"": -0.0, ""rmsle"": -0.0}",0.011629819869995117,0.0010211467742919922,24.918149709701538,471.84375,1998,ok,,1.0.0,{}
361266,kings_county,openml_task,ctr23,regression,nofe,0,4500,17290,4323,21,21,0,112210.39863588958,rmse,False,112210.39863588958,-0.0,"{""mae"": 61472.1303709808, ""mse"": 12591173562.02525, ""pearson"": 0.9466283760150284, ""r2"": 0.8941244403981377, ""rmse"": 112210.39863588958, ""rmsle"": 0.16087167431254354}","{""mae"": -0.0, ""mse"": -0.0, ""pearson"": 0.0, ""r2"": 0.0, ""rmse"": -0.0, ""rmsle"": -0.0}",0.007950544357299805,0.0004942417144775391,10.67458724975586,367.38671875,379,ok,,1.0.0,{}
361268,fps_benchmark,openml_task,ctr23,regression,nofe,3,4500,19699,4925,39,39,0,0.6556837145463066,rmse,False,0.6556837145463066,-0.0,"{""mae"": 0.4341944946443973, ""mse"": 0.4299211335212424, ""pearson"": 0.9999288681977757, ""r2"": 0.9998560647619436, ""rmse"": 0.6556837145463066, ""rmsle"": 0.005091554539801817}","{""mae"": -0.0, ""mse"": -0.0, ""pearson"": 0.0, ""r2"": 0.0, ""rmse"": -0.0, ""rmsle"": -0.0}",0.012291669845581055,0.0010478496551513672,24.31065344810486,506.87109375,1921,ok,,1.0.0,{}
361266,kings_county,openml_task,ctr23,regression,nofe,1,4500,17290,4323,21,21,0,167644.60582562909,rmse,False,167644.60582562909,-0.0,"{""mae"": 69796.18287719754, ""mse"": 28104713862.430546, ""pearson"": 0.9207724531054065, ""r2"": 0.8371694337031999, ""rmse"": 167644.60582562909, ""rmsle"": 0.16922762226603222}","{""mae"": -0.0, ""mse"": -0.0, ""pearson"": 0.0, ""r2"": 0.0, ""rmse"": -0.0, ""rmsle"": -0.0}",0.010180950164794922,0.0005450248718261719,11.384739637374878,370.0,391,ok,,1.0.0,{}
361268,fps_benchmark,openml_task,ctr23,regression,nofe,4,4500,19699,4925,39,39,0,0.7231265548333256,rmse,False,0.7231265548333256,-0.0,"{""mae"": 0.44337111133246265, ""mse"": 0.5229120143051146, ""pearson"": 0.9999151151441524, ""r2"": 0.9998247690544027, ""rmse"": 0.7231265548333256, ""rmsle"": 0.005130219746858305}","{""mae"": -0.0, ""mse"": -0.0, ""pearson"": 0.0, ""r2"": 0.0, ""rmse"": -0.0, ""rmsle"": -0.0}",0.009256362915039062,0.0009200572967529297,24.19665217399597,479.109375,1973,ok,,1.0.0,{}
361268,fps_benchmark,openml_task,ctr23,regression,nofe,2,4500,19699,4925,39,39,0,0.7111189955411463,rmse,False,0.7111189955411463,-0.0,"{""mae"": 0.450761931985768, ""mse"": 0.5056902258194489, ""pearson"": 0.9999160030189661, ""r2"": 0.999830472822649, ""rmse"": 0.7111189955411463, ""rmsle"": 0.005624976780116562}","{""mae"": -0.0, ""mse"": -0.0, ""pearson"": 0.0, ""r2"": 0.0, ""rmse"": -0.0, ""rmsle"": -0.0}",0.01721954345703125,0.001363992691040039,25.476194143295288,473.46484375,1996,ok,,1.0.0,{}
361266,kings_county,openml_task,ctr23,regression,nofe,2,4500,17290,4323,21,21,0,122839.37932210756,rmse,False,122839.37932210756,-0.0,"{""mae"": 64155.105540134165, ""mse"": 15089513112.240625, ""pearson"": 0.9457059346951083, ""r2"": 0.8919152799684631, ""rmse"": 122839.37932210756, ""rmsle"": 0.1619655814754983}","{""mae"": -0.0, ""mse"": -0.0, ""pearson"": 0.0, ""r2"": 0.0, ""rmse"": -0.0, ""rmsle"": -0.0}",0.007447242736816406,0.0005385875701904297,11.567847967147827,371.6875,587,ok,,1.0.0,{}
361266,kings_county,openml_task,ctr23,regression,nofe,4,4500,17290,4323,21,21,0,124611.67759031786,rmse,False,124611.67759031786,-0.0,"{""mae"": 66838.47887751562, ""mse"": 15528070191.873327, ""pearson"": 0.9397443271833096, ""r2"": 0.8799430709428115, ""rmse"": 124611.67759031786, ""rmsle"": 0.17005911017834346}","{""mae"": -0.0, ""mse"": -0.0, ""pearson"": 0.0, ""r2"": 0.0, ""rmse"": -0.0, ""rmsle"": -0.0}",0.00986027717590332,0.0007631778717041016,11.058073043823242,363.81640625,281,ok,,1.0.0,{}
361254,sarcos,openml_task,ctr23,regression,nofe,1,4500,39146,9787,21,21,0,2.4185738528188203,rmse,False,2.4185738528188203,-0.0,"{""mae"": 1.5735222586604523, ""mse"": 5.849499481538873, ""pearson"": 0.9930100300528362, ""r2"": 0.9860432156695986, ""rmse"": 2.4185738528188203, ""rmsle"": null}","{""mae"": -0.0, ""mse"": -0.0, ""pearson"": 0.0, ""r2"": 0.0, ""rmse"": -0.0, ""rmsle"": null}",0.012142181396484375,0.0019998550415039062,23.324885606765747,462.125,1998,ok,,1.0.0,{}
361266,kings_county,openml_task,ctr23,regression,nofe,3,4500,17290,4323,21,21,0,126447.53140367946,rmse,False,126447.53140367946,-0.0,"{""mae"": 66187.71641510526, ""mse"": 15988978198.084503, ""pearson"": 0.9366774455445427, ""r2"": 0.8754369353646245, ""rmse"": 126447.53140367946, ""rmsle"": 0.1694143420041934}","{""mae"": -0.0, ""mse"": -0.0, ""pearson"": 0.0, ""r2"": 0.0, ""rmse"": -0.0, ""rmsle"": -0.0}",0.010848045349121094,0.0006976127624511719,12.810981035232544,373.27734375,649,ok,,1.0.0,{}
361254,sarcos,openml_task,ctr23,regression,nofe,0,4500,39146,9787,21,21,0,2.382620916511604,rmse,False,2.382620916511604,-0.0,"{""mae"": 1.5708105181895027, ""mse"": 5.676882431798597, ""pearson"": 0.9929843523901166, ""r2"": 0.9860178858249192, ""rmse"": 2.382620916511604, ""rmsle"": null}","{""mae"": -0.0, ""mse"": -0.0, ""pearson"": 0.0, ""r2"": 0.0, ""rmse"": -0.0, ""rmsle"": null}",0.01056218147277832,0.0014033317565917969,23.463022232055664,458.58984375,1998,ok,,1.0.0,{}
361254,sarcos,openml_task,ctr23,regression,nofe,3,4500,39146,9787,21,21,0,2.332981726923865,rmse,False,2.332981726923865,-0.0,"{""mae"": 1.5641140272642606, ""mse"": 5.442803738160658, ""pearson"": 0.9933553531925545, ""r2"": 0.9867211966792149, ""rmse"": 2.332981726923865, ""rmsle"": null}","{""mae"": -0.0, ""mse"": -0.0, ""pearson"": 0.0, ""r2"": 0.0, ""rmse"": -0.0, ""rmsle"": null}",0.011011362075805664,0.0013346672058105469,22.80208134651184,462.53125,1998,ok,,1.0.0,{}
3481,isolet,openml_task,amlb,multiclass,nofe,0,4500,6237,1560,617,617,0,0.13471083986597268,categorical_crossentropy,False,0.13471083986597268,-0.0,"{""accuracy"": 0.9965976331297064, ""categorical_crossentropy"": 0.13471083986597268, ""categorical_roc_auc"": 0.9993786324786325, ""f1"": 0.9557481578742327, ""precision"": 0.9564374199021561, ""recall"": 0.9557692306099359}","{""accuracy"": 0.0, ""categorical_crossentropy"": -0.0, ""categorical_roc_auc"": 0.0, ""f1"": 0.0, ""precision"": 0.0, ""recall"": 0.0}",0.027826309204101562,0.004203319549560547,341.06555342674255,753.97265625,813,ok,,1.0.0,{}
361254,sarcos,openml_task,ctr23,regression,nofe,2,4500,39146,9787,21,21,0,2.455856621478499,rmse,False,2.455856621478499,-0.0,"{""mae"": 1.6097626313322457, ""mse"": 6.031231745259787, ""pearson"": 0.9931498828327384, ""r2"": 0.9863079337698986, ""rmse"": 2.455856621478499, ""rmsle"": null}","{""mae"": -0.0, ""mse"": -0.0, ""pearson"": 0.0, ""r2"": 0.0, ""rmse"": -0.0, ""rmsle"": null}",0.012230396270751953,0.0017910003662109375,23.498157024383545,461.36328125,1997,ok,,1.0.0,{}
361250,red_wine,openml_task,ctr23,regression,nofe,3,4500,1279,320,11,11,0,0.5434149812603648,rmse,False,0.5434149812603648,-0.0,"{""mae"": 0.35574111342430115, ""mse"": 0.2952998418582027, ""pearson"": 0.7138393581991322, ""r2"": 0.5057420103582877, ""rmse"": 0.5434149812603648, ""rmsle"": 0.08634623840185202}","{""mae"": -0.0, ""mse"": -0.0, ""pearson"": 0.0, ""r2"": 0.0, ""rmse"": -0.0, ""rmsle"": -0.0}",0.006392240524291992,0.0001246929168701172,73.68678545951843,334.4375,451,ok,,1.0.0,{}
361261,cps88wages,openml_task,ctr23,regression,nofe,0,4500,22524,5631,6,6,0,409.0199906674077,rmse,False,409.0199906674077,-0.0,"{""mae"": 229.96767823972783, ""mse"": 167297.3527655663, ""pearson"": 0.5114408946281759, ""r2"": 0.2610553364526227, ""rmse"": 409.0199906674077, ""rmsle"": 0.5504517274512748}","{""mae"": -0.0, ""mse"": -0.0, ""pearson"": 0.0, ""r2"": 0.0, ""rmse"": -0.0, ""rmsle"": -0.0}",0.003628253936767578,0.00012445449829101562,8.669854879379272,338.34765625,60,ok,,1.0.0,{}
361261,cps88wages,openml_task,ctr23,regression,nofe,1,4500,22524,5631,6,6,0,398.3818333491238,rmse,False,398.3818333491238,-0.0,"{""mae"": 222.27650758483486, ""mse"": 158708.08514260902, ""pearson"": 0.5103927886402414, ""r2"": 0.2598843210350993, ""rmse"": 398.3818333491238, ""rmsle"": 0.5451186615799288}","{""mae"": -0.0, ""mse"": -0.0, ""pearson"": 0.0, ""r2"": 0.0, ""rmse"": -0.0, ""rmsle"": -0.0}",0.005313396453857422,0.00011348724365234375,9.0504469871521,336.52734375,58,ok,,1.0.0,{}
361261,cps88wages,openml_task,ctr23,regression,nofe,2,4500,22524,5631,6,6,0,329.20579738792026,rmse,False,329.20579738792026,-0.0,"{""mae"": 220.4388598403294, ""mse"": 108376.45703381639, ""pearson"": 0.5975770887871218, ""r2"": 0.35680308014087103, ""rmse"": 329.20579738792026, ""rmsle"": 0.5426569089798569}","{""mae"": -0.0, ""mse"": -0.0, ""pearson"": 0.0, ""r2"": 0.0, ""rmse"": -0.0, ""rmsle"": -0.0}",0.008985757827758789,0.0001823902130126953,2.255634307861328,339.19140625,90,ok,,1.0.0,{}
361261,cps88wages,openml_task,ctr23,regression,nofe,3,4500,22524,5631,6,6,0,351.8919333259927,rmse,False,351.8919333259927,-0.0,"{""mae"": 228.4573519778772, ""mse"": 123827.93273990486, ""pearson"": 0.5749966813324567, ""r2"": 0.32646509983994276, ""rmse"": 351.8919333259927, ""rmsle"": 0.5549630091239248}","{""mae"": -0.0, ""mse"": -0.0, ""pearson"": 0.0, ""r2"": 0.0, ""rmse"": -0.0, ""rmsle"": -0.0}",0.006197452545166016,0.00015997886657714844,2.2460286617279053,337.79296875,53,ok,,1.0.0,{}
361261,cps88wages,openml_task,ctr23,regression,nofe,4,4500,22524,5631,6,6,0,398.3970793678087,rmse,False,398.3970793678087,-0.0,"{""mae"": 229.54449153081114, ""mse"": 158720.23284880008, ""pearson"": 0.5179136492179729, ""r2"": 0.2677174208420108, ""rmse"": 398.3970793678087, ""rmsle"": 0.5576809507824632}","{""mae"": -0.0, ""mse"": -0.0, ""pearson"": 0.0, ""r2"": 0.0, ""rmse"": -0.0, ""rmsle"": -0.0}",0.013524770736694336,0.00018739700317382812,2.4637739658355713,338.5390625,61,ok,,1.0.0,{}
361257,diamonds,openml_task,ctr23,regression,nofe,0,4500,43152,10788,9,9,0,528.92499954811,rmse,False,528.92499954811,-0.0,"{""mae"": 267.14052921531373, ""mse"": 279761.6551469682, ""pearson"": 0.991136758181461, ""r2"": 0.9823512934219595, ""rmse"": 528.92499954811, ""rmsle"": 0.0972277720570242}","{""mae"": -0.0, ""mse"": -0.0, ""pearson"": 0.0, ""r2"": 0.0, ""rmse"": -0.0, ""rmsle"": -0.0}",0.016803503036499023,0.0008637905120849609,3.437352180480957,367.9453125,214,ok,,1.0.0,{}
361257,diamonds,openml_task,ctr23,regression,nofe,1,4500,43152,10788,9,9,0,521.414903869908,rmse,False,521.414903869908,-0.0,"{""mae"": 265.9513787286212, ""mse"": 271873.5019776654, ""pearson"": 0.9912157417370197, ""r2"": 0.9825032472978429, ""rmse"": 521.414903869908, ""rmsle"": 0.09568881680237276}","{""mae"": -0.0, ""mse"": -0.0, ""pearson"": 0.0, ""r2"": 0.0, ""rmse"": -0.0, ""rmsle"": -0.0}",0.013209342956542969,0.0006647109985351562,3.673527479171753,375.29296875,282,ok,,1.0.0,{}
361242,superconductivity,openml_task,ctr23,regression,nofe,2,4500,17010,4253,81,81,0,9.199367035220108,rmse,False,9.199367035220108,-0.0,"{""mae"": 5.39453816017617, ""mse"": 84.62835384869442, ""pearson"": 0.963113147781538, ""r2"": 0.9275488446177639, ""rmse"": 9.199367035220108, ""rmsle"": 0.4125621682087933}","{""mae"": -0.0, ""mse"": -0.0, ""pearson"": 0.0, ""r2"": 0.0, ""rmse"": -0.0, ""rmsle"": -0.0}",0.018836498260498047,0.001867532730102539,19.9018337726593,485.8828125,690,ok,,1.0.0,{}
361251,grid_stability,openml_task,ctr23,regression,nofe,4,4500,8000,2000,12,12,0,0.00755340769870817,rmse,False,0.00755340769870817,-0.0,"{""mae"": 0.00539170414675209, ""mse"": 5.7053967862903854e-05, ""pearson"": 0.9802585972659594, ""r2"": 0.9594838780424676, ""rmse"": 0.00755340769870817, ""rmsle"": null}","{""mae"": -0.0, ""mse"": -0.0, ""pearson"": 0.0, ""r2"": 0.0, ""rmse"": -0.0, ""rmsle"": null}",0.007615327835083008,0.0003628730773925781,8.169957160949707,362.83203125,1379,ok,,1.0.0,{}
361242,superconductivity,openml_task,ctr23,regression,nofe,1,4500,17010,4253,81,81,0,9.554719290682906,rmse,False,9.554719290682906,-0.0,"{""mae"": 5.3482838134804815, ""mse"": 91.29266072374804, ""pearson"": 0.9599310315195224, ""r2"": 0.9214341466724759, ""rmse"": 9.554719290682906, ""rmsle"": 0.4012966539971035}","{""mae"": -0.0, ""mse"": -0.0, ""pearson"": 0.0, ""r2"": 0.0, ""rmse"": -0.0, ""rmsle"": -0.0}",0.009517192840576172,0.0004680156707763672,20.911374807357788,477.22265625,1076,ok,,1.0.0,{}
361257,diamonds,openml_task,ctr23,regression,nofe,2,4500,43152,10788,9,9,0,528.9445786773712,rmse,False,528.9445786773712,-0.0,"{""mae"": 271.38441780721166, ""mse"": 279782.3673121817, ""pearson"": 0.9911210096080998, ""r2"": 0.9823206723857619, ""rmse"": 528.9445786773712, ""rmsle"": 0.09946643589391821}","{""mae"": -0.0, ""mse"": -0.0, ""pearson"": 0.0, ""r2"": 0.0, ""rmse"": -0.0, ""rmsle"": -0.0}",0.010544300079345703,0.0004935264587402344,9.988167524337769,375.1953125,340,ok,,1.0.0,{}
361257,diamonds,openml_task,ctr23,regression,nofe,3,4500,43152,10788,9,9,0,549.381046536721,rmse,False,549.381046536721,-0.0,"{""mae"": 273.52175601482566, ""mse"": 301819.5342937828, ""pearson"": 0.990338972127932, ""r2"": 0.9807586011118513, ""rmse"": 549.381046536721, ""rmsle"": 0.09989678116351577}","{""mae"": -0.0, ""mse"": -0.0, ""pearson"": 0.0, ""r2"": 0.0, ""rmse"": -0.0, ""rmsle"": -0.0}",0.01434636116027832,0.0008585453033447266,10.135879039764404,367.5703125,200,ok,,1.0.0,{}
361242,superconductivity,openml_task,ctr23,regression,nofe,3,4500,17010,4253,81,81,0,9.144032004297907,rmse,False,9.144032004297907,-0.0,"{""mae"": 5.245025387565477, ""mse"": 83.61332129562439, ""pearson"": 0.9643205273953473, ""r2"": 0.9297688118052216, ""rmse"": 9.144032004297907, ""rmsle"": 0.39914075986478725}","{""mae"": -0.0, ""mse"": -0.0, ""pearson"": 0.0, ""r2"": 0.0, ""rmse"": -0.0, ""rmsle"": -0.0}",0.011857271194458008,0.0005466938018798828,21.393507719039917,479.671875,1037,ok,,1.0.0,{}
361257,diamonds,openml_task,ctr23,regression,nofe,4,4500,43152,10788,9,9,0,517.3750444993256,rmse,False,517.3750444993256,-0.0,"{""mae"": 268.2193903062005, ""mse"": 267676.9366706791, ""pearson"": 0.9913900091834054, ""r2"": 0.9828388940869789, ""rmse"": 517.3750444993256, ""rmsle"": 0.10179506722141025}","{""mae"": -0.0, ""mse"": -0.0, ""pearson"": 0.0, ""r2"": 0.0, ""rmse"": -0.0, ""rmsle"": -0.0}",0.010104179382324219,0.0006873607635498047,10.22238540649414,367.01171875,248,ok,,1.0.0,{}
361241,physiochemical_protein,openml_task,ctr23,regression,nofe,2,4500,36584,9146,9,9,0,3.6063687530008783,rmse,False,3.6063687530008783,-0.0,"{""mae"": 2.513564127456058, ""mse"": 13.00589558262111, ""pearson"": 0.8068275566330179, ""r2"": 0.6509467725019827, ""rmse"": 3.6063687530008783, ""rmsle"": 0.4553392720364106}","{""mae"": -0.0, ""mse"": -0.0, ""pearson"": 0.0, ""r2"": 0.0, ""rmse"": -0.0, ""rmsle"": -0.0}",0.011142253875732422,0.0006377696990966797,13.527392148971558,397.4609375,1999,ok,,1.0.0,{}
361241,physiochemical_protein,openml_task,ctr23,regression,nofe,1,4500,36584,9146,9,9,0,3.594181334595169,rmse,False,3.594181334595169,-0.0,"{""mae"": 2.5012250229588537, ""mse"": 12.918139465952311, ""pearson"": 0.8096996783656621, ""r2"": 0.6551473579909133, ""rmse"": 3.594181334595169, ""rmsle"": 0.44724662089164985}","{""mae"": -0.0, ""mse"": -0.0, ""pearson"": 0.0, ""r2"": 0.0, ""rmse"": -0.0, ""rmsle"": -0.0}",0.009905338287353516,0.0005137920379638672,14.10270071029663,397.7734375,1996,ok,,1.0.0,{}
361241,physiochemical_protein,openml_task,ctr23,regression,nofe,0,4500,36584,9146,9,9,0,3.5014669279300987,rmse,False,3.5014669279300987,-0.0,"{""mae"": 2.4500517107458446, ""mse"": 12.260270647388245, ""pearson"": 0.8201565003693316, ""r2"": 0.6721884359715413, ""rmse"": 3.5014669279300987, ""rmsle"": 0.45091993638364986}","{""mae"": -0.0, ""mse"": -0.0, ""pearson"": 0.0, ""r2"": 0.0, ""rmse"": -0.0, ""rmsle"": -0.0}",0.010512828826904297,0.0005414485931396484,13.78331470489502,398.91015625,1969,ok,,1.0.0,{}
361241,physiochemical_protein,openml_task,ctr23,regression,nofe,3,4500,36584,9146,9,9,0,3.5876450868420884,rmse,False,3.5876450868420884,-0.0,"{""mae"": 2.4814206239810277, ""mse"": 12.871197269142176, ""pearson"": 0.8096845914434898, ""r2"": 0.6554215659064304, ""rmse"": 3.5876450868420884, ""rmsle"": 0.4529526031631007}","{""mae"": -0.0, ""mse"": -0.0, ""pearson"": 0.0, ""r2"": 0.0, ""rmse"": -0.0, ""rmsle"": -0.0}",0.014276266098022461,0.0007028579711914062,14.233465433120728,399.55078125,1991,ok,,1.0.0,{}
361251,grid_stability,openml_task,ctr23,regression,nofe,0,4500,8000,2000,12,12,0,0.007837361032445268,rmse,False,0.007837361032445268,-0.0,"{""mae"": 0.005681426380083899, ""mse"": 6.142422795289156e-05, ""pearson"": 0.978153513030013, ""r2"": 0.9553570114364106, ""rmse"": 0.007837361032445268, ""rmsle"": null}","{""mae"": -0.0, ""mse"": -0.0, ""pearson"": 0.0, ""r2"": 0.0, ""rmse"": -0.0, ""rmsle"": null}",0.005178928375244141,0.0003032684326171875,12.464541673660278,369.41015625,1403,ok,,1.0.0,{}
361241,physiochemical_protein,openml_task,ctr23,regression,nofe,4,4500,36584,9146,9,9,0,3.549025136579819,rmse,False,3.549025136579819,-0.0,"{""mae"": 2.458015939015174, ""mse"": 12.595579420075403, ""pearson"": 0.8142966062536833, ""r2"": 0.6629253712971659, ""rmse"": 3.549025136579819, ""rmsle"": 0.4456636679872787}","{""mae"": -0.0, ""mse"": -0.0, ""pearson"": 0.0, ""r2"": 0.0, ""rmse"": -0.0, ""rmsle"": -0.0}",0.018610000610351562,0.0011305809020996094,14.363703727722168,396.72265625,1841,ok,,1.0.0,{}
361251,grid_stability,openml_task,ctr23,regression,nofe,3,4500,8000,2000,12,12,0,0.007679895984267411,rmse,False,0.007679895984267411,-0.0,"{""mae"": 0.005620680505334455, ""mse"": 5.8980802329166695e-05, ""pearson"": 0.9789163401674666, ""r2"": 0.9568865791199928, ""rmse"": 0.007679895984267411, ""rmsle"": null}","{""mae"": -0.0, ""mse"": -0.0, ""pearson"": 0.0, ""r2"": 0.0, ""rmse"": -0.0, ""rmsle"": null}",0.004387617111206055,9.441375732421875e-05,12.145413637161255,361.96484375,1615,ok,,1.0.0,{}
361251,grid_stability,openml_task,ctr23,regression,nofe,1,4500,8000,2000,12,12,0,0.00771352530195451,rmse,False,0.00771352530195451,-0.0,"{""mae"": 0.005624466198656976, ""mse"": 5.9498472583892414e-05, ""pearson"": 0.9774520456997022, ""r2"": 0.9541659901966246, ""rmse"": 0.00771352530195451, ""rmsle"": null}","{""mae"": -0.0, ""mse"": -0.0, ""pearson"": 0.0, ""r2"": 0.0, ""rmse"": -0.0, ""rmsle"": null}",0.007816791534423828,9.059906005859375e-05,12.793341398239136,368.39453125,1622,ok,,1.0.0,{}
361242,superconductivity,openml_task,ctr23,regression,nofe,0,4500,17010,4253,81,81,0,9.551463462034931,rmse,False,9.551463462034931,-0.0,"{""mae"": 5.457787032181579, ""mse"": 91.23045426658832, ""pearson"": 0.9600215101529328, ""r2"": 0.9216169456337917, ""rmse"": 9.551463462034931, ""rmsle"": 0.40258267572946566}","{""mae"": -0.0, ""mse"": -0.0, ""pearson"": 0.0, ""r2"": 0.0, ""rmse"": -0.0, ""rmsle"": -0.0}",0.010680675506591797,0.0003788471221923828,25.453476190567017,477.21875,1138,ok,,1.0.0,{}
361251,grid_stability,openml_task,ctr23,regression,nofe,2,4500,8000,2000,12,12,0,0.007987283602096058,rmse,False,0.007987283602096058,-0.0,"{""mae"": 0.005831485872178005, ""mse"": 6.379669934031257e-05, ""pearson"": 0.977727742322482, ""r2"": 0.9546497004240146, ""rmse"": 0.007987283602096058, ""rmsle"": null}","{""mae"": -0.0, ""mse"": -0.0, ""pearson"": 0.0, ""r2"": 0.0, ""rmse"": -0.0, ""rmsle"": null}",0.005638837814331055,9.202957153320312e-05,12.203726768493652,364.15234375,1251,ok,,1.0.0,{}
361242,superconductivity,openml_task,ctr23,regression,nofe,4,4500,17010,4253,81,81,0,10.01397844992568,rmse,False,10.01397844992568,-0.0,"{""mae"": 5.671052215942429, ""mse"": 100.27976439557592, ""pearson"": 0.9564356065995512, ""r2"": 0.9146578733981556, ""rmse"": 10.01397844992568, ""rmsle"": 0.4119820105347128}","{""mae"": -0.0, ""mse"": -0.0, ""pearson"": 0.0, ""r2"": 0.0, ""rmse"": -0.0, ""rmsle"": -0.0}",0.010297775268554688,0.0004611015319824219,24.467182636260986,479.11328125,1001,ok,,1.0.0,{}
361622,cars,openml_task,ctr23,regression,nofe,2,4500,643,161,17,17,0,2258.2078530791955,rmse,False,2258.2078530791955,-0.0,"{""mae"": 1681.6336391207296, ""mse"": 5099502.70770855, ""pearson"": 0.9760409229541287, ""r2"": 0.9487816748106239, ""rmse"": 2258.2078530791955, ""rmsle"": 0.10475871346691244}","{""mae"": -0.0, ""mse"": -0.0, ""pearson"": 0.0, ""r2"": 0.0, ""rmse"": -0.0, ""rmsle"": -0.0}",0.0069048404693603516,8.702278137207031e-05,90.3224720954895,327.015625,56,ok,,1.0.0,{}
361250,red_wine,openml_task,ctr23,regression,nofe,4,4500,1279,320,11,11,0,0.5555582293144462,rmse,False,0.5555582293144462,-0.0,"{""mae"": 0.3988644018769264, ""mse"": 0.30864494615900284, ""pearson"": 0.7235278130495169, ""r2"": 0.5182054225417783, ""rmse"": 0.5555582293144462, ""rmsle"": 0.08752718604691473}","{""mae"": -0.0, ""mse"": -0.0, ""pearson"": 0.0, ""r2"": 0.0, ""rmse"": -0.0, ""rmsle"": -0.0}",0.004081249237060547,8.368492126464844e-05,90.74623775482178,335.7109375,167,ok,,1.0.0,{}
361252,video_transcoding,openml_task,ctr23,regression,nofe,0,4500,55027,13757,18,18,0,0.9108522028082972,rmse,False,0.9108522028082972,-0.0,"{""mae"": 0.4074250508314262, ""mse"": 0.8296517353607273, ""pearson"": 0.9983553701437816, ""r2"": 0.9966772092361734, ""rmse"": 0.9108522028082972, ""rmsle"": 0.0791625478335788}","{""mae"": -0.0, ""mse"": -0.0, ""pearson"": 0.0, ""r2"": 0.0, ""rmse"": -0.0, ""rmsle"": -0.0}",0.016646862030029297,0.002372264862060547,13.59177303314209,459.99609375,1999,ok,,1.0.0,{}
361252,video_transcoding,openml_task,ctr23,regression,nofe,1,4500,55027,13757,18,18,0,1.0928152226111096,rmse,False,1.0928152226111096,-0.0,"{""mae"": 0.4123295978341161, ""mse"": 1.1942451107705692, ""pearson"": 0.9976439004489125, ""r2"": 0.9952416609463505, ""rmse"": 1.0928152226111096, ""rmsle"": 0.07067859086997344}","{""mae"": -0.0, ""mse"": -0.0, ""pearson"": 0.0, ""r2"": 0.0, ""rmse"": -0.0, ""rmsle"": -0.0}",0.012657642364501953,0.0016903877258300781,13.497977495193481,458.01171875,1999,ok,,1.0.0,{}
361256,cpu_activity,openml_task,ctr23,regression,nofe,4,4500,6553,1639,21,21,0,2.0379178310186385,rmse,False,2.0379178310186385,-0.0,"{""mae"": 1.5123660239519447, ""mse"": 4.153109085983711, ""pearson"": 0.9934078424402422, ""r2"": 0.98685561962037, ""rmse"": 2.0379178310186385, ""rmsle"": 0.06766082254699625}","{""mae"": -0.0, ""mse"": -0.0, ""pearson"": 0.0, ""r2"": 0.0, ""rmse"": -0.0, ""rmsle"": -0.0}",0.0064656734466552734,0.00010824203491210938,71.29603099822998,353.33984375,577,ok,,1.0.0,{}
361252,video_transcoding,openml_task,ctr23,regression,nofe,2,4500,55027,13757,18,18,0,0.9718796404715067,rmse,False,0.9718796404715067,-0.0,"{""mae"": 0.4089919621541326, ""mse"": 0.944550035563025, ""pearson"": 0.9981012918998613, ""r2"": 0.9962060189273186, ""rmse"": 0.9718796404715067, ""rmsle"": 0.071855729309122}","{""mae"": -0.0, ""mse"": -0.0, ""pearson"": 0.0, ""r2"": 0.0, ""rmse"": -0.0, ""rmsle"": -0.0}",0.016597986221313477,0.0021347999572753906,13.455813646316528,459.87109375,1998,ok,,1.0.0,{}
361252,video_transcoding,openml_task,ctr23,regression,nofe,3,4500,55027,13757,18,18,0,0.9583260924849702,rmse,False,0.9583260924849702,-0.0,"{""mae"": 0.40837104698915316, ""mse"": 0.9183888995375117, ""pearson"": 0.9982797843382513, ""r2"": 0.9965323578314472, ""rmse"": 0.9583260924849702, ""rmsle"": 0.07139510008469539}","{""mae"": -0.0, ""mse"": -0.0, ""pearson"": 0.0, ""r2"": 0.0, ""rmse"": -0.0, ""rmsle"": -0.0}",0.011976480484008789,0.001926422119140625,14.666181087493896,458.140625,1999,ok,,1.0.0,{}
361252,video_transcoding,openml_task,ctr23,regression,nofe,4,4500,55027,13757,18,18,0,0.9836085816492911,rmse,False,0.9836085816492911,-0.0,"{""mae"": 0.40893487502985815, ""mse"": 0.9674858418941301, ""pearson"": 0.9980948835352562, ""r2"": 0.9961921573070482, ""rmse"": 0.9836085816492911, ""rmsle"": 0.0721984786392651}","{""mae"": -0.0, ""mse"": -0.0, ""pearson"": 0.0, ""r2"": 0.0, ""rmse"": -0.0, ""rmsle"": -0.0}",0.015393257141113281,0.0019609928131103516,14.529203176498413,457.82421875,1999,ok,,1.0.0,{}
361267,brazilian_houses,openml_task,ctr23,regression,nofe,0,4500,8553,2139,9,9,0,7230.300387727087,rmse,False,7230.300387727087,-0.0,"{""mae"": 1603.6964323053633, ""mse"": 52277243.69676646, ""pearson"": 0.4771926290223772, ""r2"": 0.2269789801752471, ""rmse"": 7230.300387727087, ""rmsle"": 0.34451454749827387}","{""mae"": -0.0, ""mse"": -0.0, ""pearson"": 0.0, ""r2"": 0.0, ""rmse"": -0.0, ""rmsle"": -0.0}",0.0036020278930664062,9.894371032714844e-05,75.51475048065186,343.4453125,329,ok,,1.0.0,{}
361237,concrete_strength,openml_task,ctr23,regression,nofe,4,4500,824,206,8,8,0,3.918437419524931,rmse,False,3.918437419524931,-0.0,"{""mae"": 2.487778451092435, ""mse"": 15.354151810733203, ""pearson"": 0.9743997080087393, ""r2"": 0.9492541558373423, ""rmse"": 3.918437419524931, ""rmsle"": 0.141466565874903}","{""mae"": -0.0, ""mse"": -0.0, ""pearson"": 0.0, ""r2"": 0.0, ""rmse"": -0.0, ""rmsle"": -0.0}",0.0041849613189697266,8.344650268554688e-05,127.7574851512909,336.73828125,538,ok,,1.0.0,{}
chess,chess,pmlb,pmlb,classification,nofe,0,4500,2556,640,36,36,0,0.9996869007083872,binary_roc_auc,True,0.9996869007083872,0.0,"{""accuracy"": 0.9937499999844727, ""binary_crossentropy"": 0.022820198655007572, ""binary_roc_auc"": 0.9996869007083872, ""f1"": 0.9940298457166407, ""precision"": 0.9910714285419324, ""recall"": 0.9970059879941016}","{""accuracy"": 0.0, ""binary_crossentropy"": -0.0, ""binary_roc_auc"": 0.0, ""f1"": 0.0, ""precision"": 0.0, ""recall"": 0.0}",0.006014585494995117,0.00025343894958496094,248.08568286895752,325.83984375,473,ok,,1.0.0,{}
chess,chess,pmlb,pmlb,classification,nofe,4,4500,2556,640,36,36,0,0.999902156471371,binary_roc_auc,True,0.999902156471371,0.0,"{""accuracy"": 0.9953124999844483, ""binary_crossentropy"": 0.022662081547746026, ""binary_roc_auc"": 0.999902156471371, ""f1"": 0.9955156900375145, ""precision"": 0.9940298507165961, ""recall"": 0.9970059879941016}","{""accuracy"": 0.0, ""binary_crossentropy"": -0.0, ""binary_roc_auc"": 0.0, ""f1"": 0.0, ""precision"": 0.0, ""recall"": 0.0}",0.0037086009979248047,0.00019359588623046875,247.94224190711975,326.921875,419,ok,,1.0.0,{}
361253,wave_energy,openml_task,ctr23,regression,nofe,0,4500,57600,14400,48,48,0,11939.821098826298,rmse,False,11939.821098826298,-0.0,"{""mae"": 9072.494366874998, ""mse"": 142559327.87197763, ""pearson"": 0.9945600758333406, ""r2"": 0.9883996023117682, ""rmse"": 11939.821098826298, ""rmsle"": 0.003228701503516408}","{""mae"": -0.0, ""mse"": -0.0, ""pearson"": 0.0, ""r2"": 0.0, ""rmse"": -0.0, ""rmsle"": -0.0}",0.019394874572753906,0.003601551055908203,42.813377380371094,646.796875,1998,ok,,1.0.0,{}
361253,wave_energy,openml_task,ctr23,regression,nofe,1,4500,57600,14400,48,48,0,11909.372490582831,rmse,False,11909.372490582831,-0.0,"{""mae"": 9019.594114375, ""mse"": 141833153.1194511, ""pearson"": 0.9947444542466688, ""r2"": 0.9888264584633227, ""rmse"": 11909.372490582831, ""rmsle"": 0.003219973754223138}","{""mae"": -0.0, ""mse"": -0.0, ""pearson"": 0.0, ""r2"": 0.0, ""rmse"": -0.0, ""rmsle"": -0.0}",0.024834871292114258,0.0021762847900390625,43.42503046989441,644.99609375,1999,ok,,1.0.0,{}
kr_vs_kp,kr-vs-kp,pmlb,pmlb,classification,nofe,1,4500,2556,640,36,36,0,0.9990509177722985,binary_roc_auc,True,0.9990509177722985,0.0,"{""accuracy"": 0.9906249999845215, ""binary_crossentropy"": 0.02948454087971797, ""binary_roc_auc"": 0.9990509177722985, ""f1"": 0.9910714235421095, ""precision"": 0.9852071005625678, ""recall"": 0.9970059879941016}","{""accuracy"": 0.0, ""binary_crossentropy"": -0.0, ""binary_roc_auc"": 0.0, ""f1"": 0.0, ""precision"": 0.0, ""recall"": 0.0}",0.003787517547607422,0.00017070770263671875,257.06488585472107,325.35546875,444,ok,,1.0.0,{}
mfeat_factors,mfeat-factors,pmlb,pmlb,multiclass,nofe,3,4500,1600,400,216,216,0,0.14649050414242082,categorical_crossentropy,False,0.14649050414242082,-0.0,"{""accuracy"": 0.98999999997525, ""categorical_crossentropy"": 0.14649050414242082, ""categorical_roc_auc"": 0.9987708333333334, ""f1"": 0.9502065820723514, ""precision"": 0.9518249399579135, ""recall"": 0.9499999997624998}","{""accuracy"": 0.0, ""categorical_crossentropy"": -0.0, ""categorical_roc_auc"": 0.0, ""f1"": 0.0, ""precision"": 0.0, ""recall"": 0.0}",0.00957489013671875,0.0009050369262695312,198.46225357055664,357.17578125,246,ok,,1.0.0,{}
361253,wave_energy,openml_task,ctr23,regression,nofe,2,4500,57600,14400,48,48,0,11950.97362594563,rmse,False,11950.97362594563,-0.0,"{""mae"": 9006.318588680555, ""mse"": 142825770.60804802, ""pearson"": 0.9947418006906218, ""r2"": 0.988738035015359, ""rmse"": 11950.97362594563, ""rmsle"": 0.0032340094815583543}","{""mae"": -0.0, ""mse"": -0.0, ""pearson"": 0.0, ""r2"": 0.0, ""rmse"": -0.0, ""rmsle"": -0.0}",0.027760744094848633,0.0034694671630859375,44.63758373260498,644.68359375,1999,ok,,1.0.0,{}
361253,wave_energy,openml_task,ctr23,regression,nofe,4,4500,57600,14400,48,48,0,12081.906952604944,rmse,False,12081.906952604944,-0.0,"{""mae"": 9163.78884576389, ""mse"": 145972475.61140367, ""pearson"": 0.9945048767402838, ""r2"": 0.9883830251286088, ""rmse"": 12081.906952604944, ""rmsle"": 0.003271462918157548}","{""mae"": -0.0, ""mse"": -0.0, ""pearson"": 0.0, ""r2"": 0.0, ""rmse"": -0.0, ""rmsle"": -0.0}",0.0305938720703125,0.00846099853515625,43.77125644683838,649.9375,1999,ok,,1.0.0,{}
361253,wave_energy,openml_task,ctr23,regression,nofe,3,4500,57600,14400,48,48,0,11739.942883019998,rmse,False,11739.942883019998,-0.0,"{""mae"": 8987.763690138889, ""mse"": 137826258.89657187, ""pearson"": 0.9946936528210593, ""r2"": 0.9887616176851974, ""rmse"": 11739.942883019998, ""rmsle"": 0.003170919328681964}","{""mae"": -0.0, ""mse"": -0.0, ""pearson"": 0.0, ""r2"": 0.0, ""rmse"": -0.0, ""rmsle"": -0.0}",0.02532649040222168,0.004819631576538086,44.58345341682434,646.96484375,1999,ok,,1.0.0,{}
361250,red_wine,openml_task,ctr23,regression,nofe,1,4500,1279,320,11,11,0,0.5758393441333606,rmse,False,0.5758393441333606,-0.0,"{""mae"": 0.3888432741165161, ""mse"": 0.3315909502519389, ""pearson"": 0.6625418404736194, ""r2"": 0.4171330648734264, ""rmse"": 0.5758393441333606, ""rmsle"": 0.0900455183402428}","{""mae"": -0.0, ""mse"": -0.0, ""pearson"": 0.0, ""r2"": 0.0, ""rmse"": -0.0, ""rmsle"": -0.0}",0.004096031188964844,5.888938903808594e-05,129.34542441368103,339.80859375,522,ok,,1.0.0,{}
361272,fifa,openml_task,ctr23,regression,nofe,0,4500,15342,3836,28,28,0,9479.019066269491,rmse,False,9479.019066269491,-0.0,"{""mae"": 3839.8337429387725, ""mse"": 89851802.45870052, ""pearson"": 0.8609727784247528, ""r2"": 0.7403498011777421, ""rmse"": 9479.019066269491, ""rmsle"": 0.7519365846161076}","{""mae"": -0.0, ""mse"": -0.0, ""pearson"": 0.0, ""r2"": 0.0, ""rmse"": -0.0, ""rmsle"": -0.0}",0.006743192672729492,0.00010132789611816406,75.08534574508667,347.7890625,269,ok,,1.0.0,{}
9978,ozone-level-8hr,openml_task,amlb,classification,nofe,4,4500,2027,507,72,72,0,0.9140131578947368,binary_roc_auc,True,0.9140131578947368,0.0,"{""accuracy"": 0.9487179486992363, ""binary_crossentropy"": 0.14240195190121147, ""binary_roc_auc"": 0.9140131578947368, ""f1"": 0.34999999662500003, ""precision"": 0.8749999989062499, ""recall"": 0.21874999993164063}","{""accuracy"": 0.0, ""binary_crossentropy"": -0.0, ""binary_roc_auc"": 0.0, ""f1"": 0.0, ""precision"": 0.0, ""recall"": 0.0}",0.015092849731445312,0.0006246566772460938,367.5713367462158,347.50390625,117,ok,,1.0.0,{}
9971,ilpd,openml_task,amlb,classification,nofe,4,4500,466,117,10,10,0,0.7041105598866052,binary_roc_auc,True,0.7041105598866052,0.0,"{""accuracy"": 0.6666666666096867, ""binary_crossentropy"": 0.5502187506510661, ""binary_roc_auc"": 0.7041105598866052, ""f1"": 0.33898304584889405, ""precision"": 0.39999999984, ""recall"": 0.29411764697231835}","{""accuracy"": 0.0, ""binary_crossentropy"": -0.0, ""binary_roc_auc"": 0.0, ""f1"": 0.0, ""precision"": 0.0, ""recall"": 0.0}",0.004352569580078125,7.295608520507812e-05,370.2427501678467,330.50390625,30,ok,,1.0.0,{}
37,diabetes,openml_task,amlb,classification,nofe,4,4500,614,154,8,8,0,0.7966666666666667,binary_roc_auc,True,0.7966666666666667,0.0,"{""accuracy"": 0.7467532467047563, ""binary_crossentropy"": 0.5272407561734125, ""binary_roc_auc"": 0.7966666666666667, ""f1"": 0.6548672515310519, ""precision"": 0.6271186439615053, ""recall"": 0.6851851850582991}","{""accuracy"": 0.0, ""binary_crossentropy"": -0.0, ""binary_roc_auc"": 0.0, ""f1"": 0.0, ""precision"": 0.0, ""recall"": 0.0}",0.006400108337402344,0.00011968612670898438,429.19837641716003,329.8515625,31,ok,,1.0.0,{}
16,mfeat-karhunen,openml_task,amlb,multiclass,nofe,0,4500,1600,400,64,64,0,0.1419781445662011,categorical_crossentropy,False,0.1419781445662011,-0.0,"{""accuracy"": 0.9929999999751751, ""categorical_crossentropy"": 0.1419781445662011, ""categorical_roc_auc"": 0.9984861111111112, ""f1"": 0.9647224608005622, ""precision"": 0.9653717115579127, ""recall"": 0.96499999975875}","{""accuracy"": 0.0, ""categorical_crossentropy"": -0.0, ""categorical_roc_auc"": 0.0, ""f1"": 0.0, ""precision"": 0.0, ""recall"": 0.0}",0.007249116897583008,0.0006010532379150391,434.42894864082336,383.3515625,838,ok,,1.0.0,{}
32,pendigits,openml_task,amlb,multiclass,nofe,0,4500,8793,2199,16,16,0,0.035184880668169986,categorical_crossentropy,False,0.035184880668169986,-0.0,"{""accuracy"": 0.9981809913551697, ""categorical_crossentropy"": 0.035184880668169986, ""categorical_roc_auc"": 0.9996548583734715, ""f1"": 0.9909499875038577, ""precision"": 0.9910704335764384, ""recall"": 0.990929188392958}","{""accuracy"": 0.0, ""categorical_crossentropy"": -0.0, ""categorical_roc_auc"": 0.0, ""f1"": 0.0, ""precision"": 0.0, ""recall"": 0.0}",0.012044906616210938,0.00019550323486328125,434.350284576416,399.1015625,918,ok,,1.0.0,{}
22,mfeat-zernike,openml_task,amlb,multiclass,nofe,0,4500,1600,400,47,47,0,0.6159362480696291,categorical_crossentropy,False,0.6159362480696291,-0.0,"{""accuracy"": 0.9514999999762125, ""categorical_crossentropy"": 0.6159362480696291, ""categorical_roc_auc"": 0.9684097222222221, ""f1"": 0.7602605094149122, ""precision"": 0.7646476695162874, ""recall"": 0.757499999810625}","{""accuracy"": 0.0, ""categorical_crossentropy"": -0.0, ""categorical_roc_auc"": 0.0, ""f1"": 0.0, ""precision"": 0.0, ""recall"": 0.0}",0.0065615177154541016,0.0003082752227783203,434.6886851787567,347.828125,120,ok,,1.0.0,{}
22,mfeat-zernike,openml_task,amlb,multiclass,nofe,4,4500,1600,400,47,47,0,0.6389289485896006,categorical_crossentropy,False,0.6389289485896006,-0.0,"{""accuracy"": 0.9504999999762374, ""categorical_crossentropy"": 0.6389289485896006, ""categorical_roc_auc"": 0.9677013888888888, ""f1"": 0.7524073354662113, ""precision"": 0.7535243871316873, ""recall"": 0.7524999998118751}","{""accuracy"": 0.0, ""categorical_crossentropy"": -0.0, ""categorical_roc_auc"": 0.0, ""f1"": 0.0, ""precision"": 0.0, ""recall"": 0.0}",0.0041315555572509766,0.00025343894958496094,435.1468667984009,353.0859375,116,ok,,1.0.0,{}
9978,ozone-level-8hr,openml_task,amlb,classification,nofe,2,4500,2027,507,72,72,0,0.9219078947368421,binary_roc_auc,True,0.9219078947368421,0.0,"{""accuracy"": 0.9388560157605749, ""binary_crossentropy"": 0.15532825597634453, ""binary_roc_auc"": 0.9219078947368421, ""f1"": 0.24390243547888166, ""precision"": 0.5555555549382716, ""recall"": 0.15624999995117186}","{""accuracy"": 0.0, ""binary_crossentropy"": -0.0, ""binary_roc_auc"": 0.0, ""f1"": 0.0, ""precision"": 0.0, ""recall"": 0.0}",0.013511419296264648,0.00048065185546875,369.66331601142883,351.18359375,85,ok,,1.0.0,{}
1169,Airlines,openml_dataset,stress_test,classification,nofe,0,4500,431506,107877,7,7,0,0.7182467787626646,binary_roc_auc,True,0.7182467787626646,0.0,"{""accuracy"": 0.6643028634462709, ""binary_crossentropy"": 0.6083958619948062, ""binary_roc_auc"": 0.7182467787626646, ""f1"": 0.5772947938414213, ""precision"": 0.657353996650454, ""recall"": 0.5146192745509095}","{""accuracy"": 0.0, ""binary_crossentropy"": -0.0, ""binary_roc_auc"": 0.0, ""f1"": 0.0, ""precision"": 0.0, ""recall"": 0.0}",0.12207818031311035,0.0021300315856933594,216.880628824234,562.625,403,ok,,1.0.0,{}
219,electricity,openml_task,amlb,classification,nofe,2,4500,36249,9063,8,8,0,0.982735462433449,binary_roc_auc,True,0.982735462433449,0.0,"{""accuracy"": 0.9363345470584393, ""binary_crossentropy"": null, ""binary_roc_auc"": 0.982735462433449, ""f1"": 0.9446204000274658, ""precision"": 0.9456187548021798, ""recall"": 0.9436241610720161}","{""accuracy"": 0.0, ""binary_crossentropy"": null, ""binary_roc_auc"": 0.0, ""f1"": 0.0, ""precision"": 0.0, ""recall"": 0.0}",0.020322322845458984,0.00018405914306640625,442.64672207832336,392.48046875,1999,ok,,1.0.0,{}
49,tic-tac-toe,openml_task,amlb,classification,nofe,3,4500,766,192,9,9,0,1.0,binary_roc_auc,True,1.0,0.0,"{""accuracy"": 0.9895833332817925, ""binary_crossentropy"": 0.030114101886321503, ""binary_roc_auc"": 1.0, ""f1"": 0.992063486985072, ""precision"": 0.9842519684264369, ""recall"": 0.9999999999200001}","{""accuracy"": 0.0, ""binary_crossentropy"": -0.0, ""binary_roc_auc"": 0.0, ""f1"": 0.0, ""precision"": 0.0, ""recall"": 0.0}",0.0075225830078125,0.0001347064971923828,444.1593441963196,337.515625,921,ok,,1.0.0,{}
3573,mnist_784,openml_task,amlb,multiclass,nofe,0,4500,56000,14000,719,719,0,0.0678397085565188,categorical_crossentropy,False,0.0678397085565188,-0.0,"{""accuracy"": 0.9959857142850028, ""categorical_crossentropy"": 0.0678397085565188, ""categorical_roc_auc"": 0.9996353040350081, ""f1"": 0.9798137153818371, ""precision"": 0.9798487638814951, ""recall"": 0.9797921064325068}","{""accuracy"": 0.0, ""categorical_crossentropy"": -0.0, ""categorical_roc_auc"": 0.0, ""f1"": 0.0, ""precision"": 0.0, ""recall"": 0.0}",0.09514069557189941,0.002631664276123047,1674.3031928539276,1093.23046875,708,ok,,1.0.0,{}
146825,Fashion-MNIST,openml_task,amlb,multiclass,nofe,2,4500,56000,14000,784,784,0,0.2533793512276493,categorical_crossentropy,False,0.2533793512276493,-0.0,"{""accuracy"": 0.9815714285707274, ""categorical_crossentropy"": 0.2533793512276493, ""categorical_roc_auc"": 0.9941771343537414, ""f1"": 0.9072755853588971, ""precision"": 0.9074147422618914, ""recall"": 0.9078571428506583}","{""accuracy"": 0.0, ""categorical_crossentropy"": -0.0, ""categorical_roc_auc"": 0.0, ""f1"": 0.0, ""precision"": 0.0, ""recall"": 0.0}",0.1250600814819336,0.002341747283935547,1976.2721655368805,1299.9296875,578,ok,,1.0.0,{}
3573,mnist_784,openml_task,amlb,multiclass,nofe,3,4500,56000,14000,719,719,0,0.07155563895697763,categorical_crossentropy,False,0.07155563895697763,-0.0,"{""accuracy"": 0.9956285714278602, ""categorical_crossentropy"": 0.07155563895697763, ""categorical_roc_auc"": 0.9995911741694172, ""f1"": 0.9779727721690297, ""precision"": 0.9780275932262738, ""recall"": 0.9779365783046627}","{""accuracy"": 0.0, ""categorical_crossentropy"": -0.0, ""categorical_roc_auc"": 0.0, ""f1"": 0.0, ""precision"": 0.0, ""recall"": 0.0}",0.11510229110717773,0.006667137145996094,2078.392287492752,1091.63671875,927,ok,,1.0.0,{}
146825,Fashion-MNIST,openml_task,amlb,multiclass,nofe,3,4500,56000,14000,784,784,0,0.2610004350931462,categorical_crossentropy,False,0.2610004350931462,-0.0,"{""accuracy"": 0.9810714285707277, ""categorical_crossentropy"": 0.2610004350931462, ""categorical_roc_auc"": 0.9938400283446713, ""f1"": 0.9047198915929192, ""precision"": 0.904957619472988, ""recall"": 0.905357142850676}","{""accuracy"": 0.0, ""categorical_crossentropy"": -0.0, ""categorical_roc_auc"": 0.0, ""f1"": 0.0, ""precision"": 0.0, ""recall"": 0.0}",0.12323689460754395,0.00594329833984375,2114.8699119091034,1303.296875,608,ok,,1.0.0,{}
3573,mnist_784,openml_task,amlb,multiclass,nofe,4,4500,56000,14000,719,719,0,0.06862857502880877,categorical_crossentropy,False,0.06862857502880877,-0.0,"{""accuracy"": 0.9957999999992886, ""categorical_crossentropy"": 0.06862857502880877, ""categorical_roc_auc"": 0.9996633900079926, ""f1"": 0.9788615487707778, ""precision"": 0.9788898076302275, ""recall"": 0.9788604940871762}","{""accuracy"": 0.0, ""categorical_crossentropy"": -0.0, ""categorical_roc_auc"": 0.0, ""f1"": 0.0, ""precision"": 0.0, ""recall"": 0.0}",0.16104459762573242,0.014629602432250977,2378.742185115814,1091.21484375,1110,ok,,1.0.0,{}
146825,Fashion-MNIST,openml_task,amlb,multiclass,nofe,0,4500,56000,14000,784,784,0,0.2592480530991504,categorical_crossentropy,False,0.2592480530991504,-0.0,"{""accuracy"": 0.9813285714278704, ""categorical_crossentropy"": 0.2592480530991504, ""categorical_roc_auc"": 0.9942627040816326, ""f1"": 0.9064280604985461, ""precision"": 0.9064850669134394, ""recall"": 0.9066428571363812}","{""accuracy"": 0.0, ""categorical_crossentropy"": -0.0, ""categorical_roc_auc"": 0.0, ""f1"": 0.0, ""precision"": 0.0, ""recall"": 0.0}",0.1338496208190918,0.0038428306579589844,2378.4932808876038,1305.39453125,653,ok,,1.0.0,{}
3573,mnist_784,openml_task,amlb,multiclass,nofe,2,4500,56000,14000,719,719,0,0.0669986024726386,categorical_crossentropy,False,0.0669986024726386,-0.0,"{""accuracy"": 0.9959285714278601, ""categorical_crossentropy"": 0.0669986024726386, ""categorical_roc_auc"": 0.9996838506866137, ""f1"": 0.9795006112092306, ""precision"": 0.9794514430803559, ""recall"": 0.9795856405642012}","{""accuracy"": 0.0, ""categorical_crossentropy"": -0.0, ""categorical_roc_auc"": 0.0, ""f1"": 0.0, ""precision"": 0.0, ""recall"": 0.0}",0.1155703067779541,0.0033652782440185547,2486.5021002292633,1089.53125,967,ok,,1.0.0,{}
146825,Fashion-MNIST,openml_task,amlb,multiclass,nofe,4,4500,56000,14000,784,784,0,0.25637047222980053,categorical_crossentropy,False,0.25637047222980053,-0.0,"{""accuracy"": 0.981542857142156, ""categorical_crossentropy"": 0.25637047222980053, ""categorical_roc_auc"": 0.9940807993197278, ""f1"": 0.9072022326830463, ""precision"": 0.907220896073115, ""recall"": 0.9077142857078021}","{""accuracy"": 0.0, ""categorical_crossentropy"": -0.0, ""categorical_roc_auc"": 0.0, ""f1"": 0.0, ""precision"": 0.0, ""recall"": 0.0}",0.1524205207824707,0.0035479068756103516,2398.0848050117493,860.2734375,663,ok,,1.0.0,{}
3573,mnist_784,openml_task,amlb,multiclass,nofe,1,4500,56000,14000,719,719,0,0.07056293644723197,categorical_crossentropy,False,0.07056293644723197,-0.0,"{""accuracy"": 0.9959428571421457, ""categorical_crossentropy"": 0.07056293644723197, ""categorical_roc_auc"": 0.9995853045956634, ""f1"": 0.9795991932285972, ""precision"": 0.9796587865306281, ""recall"": 0.9795643486352974}","{""accuracy"": 0.0, ""categorical_crossentropy"": -0.0, ""categorical_roc_auc"": 0.0, ""f1"": 0.0, ""precision"": 0.0, ""recall"": 0.0}",0.10403776168823242,0.0029213428497314453,2691.4328451156616,1091.04296875,1151,ok,,1.0.0,{}
146825,Fashion-MNIST,openml_task,amlb,multiclass,nofe,1,4500,56000,14000,784,784,0,0.2621561146747111,categorical_crossentropy,False,0.2621561146747111,-0.0,"{""accuracy"": 0.9811142857135848, ""categorical_crossentropy"": 0.2621561146747111, ""categorical_roc_auc"": 0.9939205668934241, ""f1"": 0.9050614596957784, ""precision"": 0.9049426583514425, ""recall"": 0.9055714285649602}","{""accuracy"": 0.0, ""categorical_crossentropy"": -0.0, ""categorical_roc_auc"": 0.0, ""f1"": 0.0, ""precision"": 0.0, ""recall"": 0.0}",0.13918185234069824,0.00401616096496582,2664.6108570098877,1303.28125,709,ok,,1.0.0,{}
167121,Devnagari-Script,openml_task,amlb,multiclass,nofe,0,4500,,,,,,,,,,,,,,,4680,,,timeout,wall-clock exceeded 4680s,,
167121,Devnagari-Script,openml_task,amlb,multiclass,nofe,1,4500,,,,,,,,,,,,,,,4680,,,timeout,wall-clock exceeded 4680s,,
167121,Devnagari-Script,openml_task,amlb,multiclass,nofe,2,4500,,,,,,,,,,,,,,,4680,,,timeout,wall-clock exceeded 4680s,,
167121,Devnagari-Script,openml_task,amlb,multiclass,nofe,3,4500,,,,,,,,,,,,,,,4680,,,timeout,wall-clock exceeded 4680s,,
167121,Devnagari-Script,openml_task,amlb,multiclass,nofe,4,4500,,,,,,,,,,,,,,,4680,,,timeout,wall-clock exceeded 4680s,,
167124,CIFAR_10,openml_task,amlb,multiclass,nofe,0,4500,,,,,,,,,,,,,,,4680,,,timeout,wall-clock exceeded 4680s,,
167124,CIFAR_10,openml_task,amlb,multiclass,nofe,1,4500,,,,,,,,,,,,,,,4680,,,timeout,wall-clock exceeded 4680s,,
167124,CIFAR_10,openml_task,amlb,multiclass,nofe,3,4500,,,,,,,,,,,,,,,4680,,,timeout,wall-clock exceeded 4680s,,
167124,CIFAR_10,openml_task,amlb,multiclass,nofe,2,4500,,,,,,,,,,,,,,,4680,,,timeout,wall-clock exceeded 4680s,,
167124,CIFAR_10,openml_task,amlb,multiclass,nofe,4,4500,,,,,,,,,,,,,,,4680,,,timeout,wall-clock exceeded 4680s,,
40927,Sleep,openml_dataset,stress_test,classification,nofe,0,4500,,,,,,,,,,,,,,,4680,,,timeout,wall-clock exceeded 4680s,,
40927,Sleep,openml_dataset,stress_test,classification,nofe,1,4500,,,,,,,,,,,,,,,4680,,,timeout,wall-clock exceeded 4680s,,
40927,Sleep,openml_dataset,stress_test,classification,nofe,2,4500,,,,,,,,,,,,,,,4680,,,timeout,wall-clock exceeded 4680s,,
40927,Sleep,openml_dataset,stress_test,classification,nofe,3,4500,,,,,,,,,,,,,,,4680,,,timeout,wall-clock exceeded 4680s,,
40927,Sleep,openml_dataset,stress_test,classification,nofe,4,4500,,,,,,,,,,,,,,,4680,,,timeout,wall-clock exceeded 4680s,,
11,balance-scale,openml_task,amlb,multiclass,tabularaml,2,4500,500,125,4,12,8,0.2623655653269962,categorical_crossentropy,False,0.4333264934743902,0.39453144620038766,"{""accuracy"": 0.9466666665909335, ""categorical_crossentropy"": 0.2623655653269962, ""categorical_roc_auc"": 0.9603227336010844, ""f1"": 0.8354573437727163, ""precision"": 0.8955026449352536, ""recall"": 0.8042952205330894}","{""accuracy"": 0.066066066066066, ""categorical_crossentropy"": 0.39453144620038766, ""categorical_roc_auc"": 0.07957372526749158, ""f1"": 0.3261739848452796, ""precision"": 0.42079915770456766, ""recall"": 0.2757892715003353}",18.58311414718628,0.011794567108154297,21.443703651428223,342.72265625,160,ok,,0.2.0,"{""mode"": ""best"", ""elapsed_time"": 18.231022357940674, ""n_init_feats"": 4, ""n_added_feats"": 8, ""initial_metric"": null, ""final_metric"": 0.22989836535034688, ""pct_gain"": 0.4483943449992543}"
11,balance-scale,openml_task,amlb,multiclass,tabularaml,1,4500,500,125,4,12,8,0.16203094665333628,categorical_crossentropy,False,0.4437123607089743,0.6348288643696125,"{""accuracy"": 0.9573333332567467, ""categorical_crossentropy"": 0.16203094665333628, ""categorical_roc_auc"": 0.9876758881930198, ""f1"": 0.860151115685575, ""precision"": 0.8827485375909164, ""recall"": 0.8435773338279953}","{""accuracy"": 0.07164179104477617, ""categorical_crossentropy"": 0.6348288643696125, ""categorical_roc_auc"": 0.1377717672028064, ""f1"": 0.444593087437433, ""precision"": 0.5131026248299251, ""recall"": 0.3863463129015304}",22.480244159698486,0.01026153564453125,24.8551983833313,342.7109375,109,ok,,0.2.0,"{""mode"": ""best"", ""elapsed_time"": 22.136497974395752, ""n_init_feats"": 4, ""n_added_feats"": 8, ""initial_metric"": null, ""final_metric"": 0.21077229284246463, ""pct_gain"": 0.4656093348803586}"
11,balance-scale,openml_task,amlb,multiclass,tabularaml,3,4500,500,125,4,12,8,0.27624892377360266,categorical_crossentropy,False,0.4134799052183085,0.331892746691646,"{""accuracy"": 0.9359999999251202, ""categorical_crossentropy"": 0.27624892377360266, ""categorical_roc_auc"": 0.9627916878090382, ""f1"": 0.8141155613672773, ""precision"": 0.8484400652378011, ""recall"": 0.792800967661508}","{""accuracy"": 0.06042296072507562, ""categorical_crossentropy"": 0.331892746691646, ""categorical_roc_auc"": 0.04872961679994228, ""f1"": 0.25009399130940135, ""precision"": 0.30244662818372053, ""recall"": 0.21563959050406403}",28.155076026916504,0.016503572463989258,31.021890878677368,352.06640625,844,ok,,0.2.0,"{""mode"": ""best"", ""elapsed_time"": 27.652775526046753, ""n_init_feats"": 4, ""n_added_feats"": 8, ""initial_metric"": null, ""final_metric"": 0.19331950345608662, ""pct_gain"": 0.47191675336899325}"
11,balance-scale,openml_task,amlb,multiclass,tabularaml,4,4500,500,125,4,12,8,0.02540008560352726,categorical_crossentropy,False,0.39573998950826356,0.935816227126582,"{""accuracy"": 0.9999999999200001, ""categorical_crossentropy"": 0.02540008560352726, ""categorical_roc_auc"": 1.0, ""f1"": 0.9999999945507158, ""precision"": 0.9999999995507158, ""recall"": 0.9999999995507158}","{""accuracy"": 0.10619469026548672, ""categorical_crossentropy"": 0.935816227126582, ""categorical_roc_auc"": 0.10652575496292363, ""f1"": 0.6544799179913318, ""precision"": 0.6963982063509677, ""recall"": 0.6116347086885849}",38.12554168701172,0.0159146785736084,41.09868502616882,351.19921875,575,ok,,0.2.0,"{""mode"": ""best"", ""elapsed_time"": 37.62006711959839, ""n_init_feats"": 4, ""n_added_feats"": 8, ""initial_metric"": null, ""final_metric"": 0.14358467108679335, ""pct_gain"": 0.6106667489780406}"
11,balance-scale,openml_task,amlb,multiclass,tabularaml,0,4500,500,125,4,12,8,0.11089686657203401,categorical_crossentropy,False,0.4678161282035035,0.7629477483003898,"{""accuracy"": 0.9733333332554667, ""categorical_crossentropy"": 0.11089686657203401, ""categorical_roc_auc"": 0.9857540805094581, ""f1"": 0.9564691284155185, ""precision"": 0.9712643673357334, ""recall"": 0.9434765069484378}","{""accuracy"": 0.0766961651917403, ""categorical_crossentropy"": 0.7629477483003898, ""categorical_roc_auc"": 0.12303962033356952, ""f1"": 0.4796607316793712, ""precision"": 0.453907432770061, ""recall"": 0.45672208698230643}",43.714229106903076,0.011607885360717773,48.01669502258301,347.85546875,1994,ok,,0.2.0,"{""mode"": ""best"", ""elapsed_time"": 43.37737822532654, ""n_init_feats"": 4, ""n_added_feats"": 8, ""initial_metric"": null, ""final_metric"": 0.11195508991326164, ""pct_gain"": 0.6833963115756304}"
37,diabetes,openml_task,amlb,classification,tabularaml,1,4500,614,154,8,23,15,0.8225925925925925,binary_roc_auc,True,0.8296296296296296,-0.00848214285714289,"{""accuracy"": 0.7467532467047563, ""binary_crossentropy"": 0.4966846004721116, ""binary_roc_auc"": 0.8225925925925925, ""f1"": 0.6285714234557824, ""precision"": 0.6470588234025375, ""recall"": 0.6111111109979424}","{""accuracy"": -0.008620689655172336, ""binary_crossentropy"": -0.021093557620643952, ""binary_roc_auc"": -0.00848214285714289, ""f1"": -0.030204081864489654, ""precision"": -0.001680672279782457, ""recall"": -0.05714285714285719}",196.96647787094116,0.035523414611816406,199.84401726722717,345.703125,76,ok,,0.2.0,"{""mode"": ""best"", ""elapsed_time"": 187.90924429893494, ""n_init_feats"": 8, ""n_added_feats"": 15, ""initial_metric"": null, ""final_metric"": 0.8247169740590794, ""pct_gain"": 0.03936816245677324}"
37,diabetes,openml_task,amlb,classification,tabularaml,3,4500,614,154,8,14,6,0.8074074074074074,binary_roc_auc,True,0.8099999999999999,-0.0032007315957933223,"{""accuracy"": 0.7467532467047563, ""binary_crossentropy"": 0.5096050877753017, ""binary_roc_auc"": 0.8074074074074074, ""f1"": 0.5894736791800554, ""precision"": 0.6829268291017252, ""recall"": 0.5185185184224965}","{""accuracy"": -0.008620689655172336, ""binary_crossentropy"": -0.013809418541399023, ""binary_roc_auc"": -0.0032007315957933223, ""f1"": -0.02431941941234709, ""precision"": -0.010933557617181889, ""recall"": -0.03448275862068979}",261.951575756073,0.026319503784179688,298.1402759552002,350.5,47,ok,,0.2.0,"{""mode"": ""best"", ""elapsed_time"": 256.2830102443695, ""n_init_feats"": 8, ""n_added_feats"": 6, ""initial_metric"": null, ""final_metric"": 0.8338956365272153, ""pct_gain"": 0.05425540921540195}"
37,diabetes,openml_task,amlb,classification,tabularaml,0,4500,614,154,8,23,15,0.8433333333333334,binary_roc_auc,True,0.850925925925926,-0.00892274211099021,"{""accuracy"": 0.7662337661840107, ""binary_crossentropy"": 0.4685025457050893, ""binary_roc_auc"": 0.8433333333333334, ""f1"": 0.6326530561474386, ""precision"": 0.7045454543853306, ""recall"": 0.574074073967764}","{""accuracy"": -0.04065040650406508, ""binary_crossentropy"": -0.024847949421076498, ""binary_roc_auc"": -0.00892274211099021, ""f1"": -0.07019171357405601, ""precision"": -0.08195592286016154, ""recall"": -0.060606060606060656}",401.49095392227173,0.0297243595123291,411.05346488952637,355.0234375,42,ok,,0.2.0,"{""mode"": ""best"", ""elapsed_time"": 392.3917829990387, ""n_init_feats"": 8, ""n_added_feats"": 15, ""initial_metric"": null, ""final_metric"": 0.8286868346078873, ""pct_gain"": 0.05531991002364804}"
23,cmc,openml_task,amlb,multiclass,tabularaml,0,4500,1178,295,9,,,,,,,,,,,,446.4339201450348,,,crash,ValueError: Input X contains infinity or a value too large for dtype('float64').,0.2.0,
3,kr-vs-kp,openml_task,amlb,classification,tabularaml,0,4500,2556,640,36,36,0,0.9999804312942742,binary_roc_auc,True,0.9999804312942742,0.0,"{""accuracy"": 0.9906249999845215, ""binary_crossentropy"": 0.022595040546588764, ""binary_roc_auc"": 0.9999804312942742, ""f1"": 0.9900990048688038, ""precision"": 0.9999999999666667, ""recall"": 0.9803921568307061}","{""accuracy"": 0.0, ""binary_crossentropy"": -0.0, ""binary_roc_auc"": 0.0, ""f1"": 0.0, ""precision"": 0.0, ""recall"": 0.0}",461.63483595848083,0.03582763671875,471.7931649684906,380.9140625,577,ok,,0.2.0,"{""mode"": ""best"", ""elapsed_time"": 460.69700860977173, ""n_init_feats"": 36, ""n_added_feats"": 0, ""initial_metric"": null, ""final_metric"": 0.9994153071638582, ""pct_gain"": 0.0}"
3,kr-vs-kp,openml_task,amlb,classification,tabularaml,2,4500,2556,640,36,36,0,0.9998336660013307,binary_roc_auc,True,0.9998336660013307,0.0,"{""accuracy"": 0.9890624999845459, ""binary_crossentropy"": 0.02870656663063187, ""binary_roc_auc"": 0.9998336660013307, ""f1"": 0.9886914327716025, ""precision"": 0.9776357827163694, ""recall"": 0.9999999999673203}","{""accuracy"": 0.0, ""binary_crossentropy"": -0.0, ""binary_roc_auc"": 0.0, ""f1"": 0.0, ""precision"": 0.0, ""recall"": 0.0}",480.3785173892975,0.05214047431945801,483.3512201309204,384.109375,415,ok,,0.2.0,"{""mode"": ""best"", ""elapsed_time"": 479.06388545036316, ""n_init_feats"": 36, ""n_added_feats"": 0, ""initial_metric"": null, ""final_metric"": 0.9991767934848472, ""pct_gain"": 0.0}"
3,kr-vs-kp,openml_task,amlb,classification,tabularaml,4,4500,2556,640,36,36,0,0.9999217251770969,binary_roc_auc,True,0.9999217251770969,0.0,"{""accuracy"": 0.9953124999844483, ""binary_crossentropy"": 0.02190262126896414, ""binary_roc_auc"": 0.9999217251770969, ""f1"": 0.9951060308566168, ""precision"": 0.9934853419871829, ""recall"": 0.9967320261112179}","{""accuracy"": 0.0, ""binary_crossentropy"": -0.0, ""binary_roc_auc"": 0.0, ""f1"": 0.0, ""precision"": 0.0, ""recall"": 0.0}",526.9671821594238,0.05433773994445801,530.1464049816132,383.8125,374,ok,,0.2.0,"{""mode"": ""best"", ""elapsed_time"": 525.436580657959, ""n_init_feats"": 36, ""n_added_feats"": 0, ""initial_metric"": null, ""final_metric"": 0.9992397360497568, ""pct_gain"": 0.0}"
3,kr-vs-kp,openml_task,amlb,classification,tabularaml,3,4500,2556,640,36,36,0,0.9998140972956049,binary_roc_auc,True,0.9998140972956049,0.0,"{""accuracy"": 0.9968749999844239, ""binary_crossentropy"": 0.03108604906368555, ""binary_roc_auc"": 0.9998140972956049, ""f1"": 0.9967213064427843, ""precision"": 0.9999999999671052, ""recall"": 0.9934640522551156}","{""accuracy"": 0.0, ""binary_crossentropy"": -0.0, ""binary_roc_auc"": 0.0, ""f1"": 0.0, ""precision"": 0.0, ""recall"": 0.0}",513.5463538169861,0.048911333084106445,531.400502204895,384.26171875,258,ok,,0.2.0,"{""mode"": ""best"", ""elapsed_time"": 512.0404350757599, ""n_init_feats"": 36, ""n_added_feats"": 0, ""initial_metric"": null, ""final_metric"": 0.9996644424419465, ""pct_gain"": 0.0}"
3,kr-vs-kp,openml_task,amlb,classification,tabularaml,1,4500,2556,640,36,36,0,0.9979942076631052,binary_roc_auc,True,0.9979942076631052,0.0,"{""accuracy"": 0.9937499999844727, ""binary_crossentropy"": 0.036474215674602205, ""binary_roc_auc"": 0.9979942076631052, ""f1"": 0.9934426179183016, ""precision"": 0.9967105262830029, ""recall"": 0.9901960783990131}","{""accuracy"": 0.0, ""binary_crossentropy"": -0.0, ""binary_roc_auc"": 0.0, ""f1"": 0.0, ""precision"": 0.0, ""recall"": 0.0}",542.9899549484253,0.051035404205322266,561.3642272949219,389.04296875,889,ok,,0.2.0,"{""mode"": ""best"", ""elapsed_time"": 541.5738196372986, ""n_init_feats"": 36, ""n_added_feats"": 0, ""initial_metric"": null, ""final_metric"": 0.9995542880034833, ""pct_gain"": 0.0}"
15,breast-w,openml_task,amlb,classification,tabularaml,4,4500,559,140,9,22,13,0.9671648550724636,binary_roc_auc,True,0.9875452898550725,-0.020637468470534458,"{""accuracy"": 0.9571428570744898, ""binary_crossentropy"": 0.1823916099949981, ""binary_roc_auc"": 0.9671648550724636, ""f1"": 0.9387755050145774, ""precision"": 0.919999999816, ""recall"": 0.9583333331336805}","{""accuracy"": 0.007518796992481236, ""binary_crossentropy"": -0.04268546331182513, ""binary_roc_auc"": -0.020637468470534458, ""f1"": 0.013450834960183797, ""precision"": -0.01727272726018176, ""recall"": 0.04545454545454548}",571.1432821750641,0.03085613250732422,573.9849178791046,350.41015625,311,ok,,0.2.0,"{""mode"": ""best"", ""elapsed_time"": 553.6281962394714, ""n_init_feats"": 9, ""n_added_feats"": 13, ""initial_metric"": null, ""final_metric"": 0.9960107735401854, ""pct_gain"": 0.005692695716606018}"
37,diabetes,openml_task,amlb,classification,tabularaml,2,4500,614,154,8,24,16,0.7849999999999999,binary_roc_auc,True,0.7935185185185185,-0.010735122520420163,"{""accuracy"": 0.7272727272255017, ""binary_crossentropy"": 0.5588343482004938, ""binary_roc_auc"": 0.7849999999999999, ""f1"": 0.5434782559026465, ""precision"": 0.657894736668975, ""recall"": 0.4629629628772291}","{""accuracy"": -0.05084745762711861, ""binary_crossentropy"": -0.08015393409671603, ""binary_roc_auc"": -0.010735122520420163, ""f1"": -0.08026755934458234, ""precision"": -0.13967611333368857, ""recall"": -0.03846153846153838}",164.25766849517822,0.03746366500854492,644.4764513969421,345.46875,62,ok,,0.2.0,"{""mode"": ""best"", ""elapsed_time"": 149.14066696166992, ""n_init_feats"": 8, ""n_added_feats"": 16, ""initial_metric"": null, ""final_metric"": 0.8387764282501123, ""pct_gain"": 0.02531767348890157}"
15,breast-w,openml_task,amlb,classification,tabularaml,3,4500,559,140,9,19,10,0.9761096014492754,binary_roc_auc,True,0.9791666666666666,-0.0031221091581868,"{""accuracy"": 0.928571428505102, ""binary_crossentropy"": 0.21943533199041018, ""binary_roc_auc"": 0.9761096014492754, ""f1"": 0.897959178492295, ""precision"": 0.879999999824, ""recall"": 0.9166666664756944}","{""accuracy"": -0.0076335877862595755, ""binary_crossentropy"": -0.19457703278013566, ""binary_roc_auc"": -0.0031221091581868, ""f1"": -0.014196983235962607, ""precision"": 0.013913043466782581, ""recall"": -0.04347826086956524}",694.7150659561157,0.041940927505493164,714.0077669620514,357.359375,74,ok,,0.2.0,"{""mode"": ""best"", ""elapsed_time"": 669.218857049942, ""n_init_feats"": 9, ""n_added_feats"": 10, ""initial_metric"": null, ""final_metric"": 0.9984231454819691, ""pct_gain"": 0.0021873699377907563}"
15,breast-w,openml_task,amlb,classification,tabularaml,2,4500,559,140,9,21,12,0.9970561594202899,binary_roc_auc,True,0.996376811594203,0.000681818181818143,"{""accuracy"": 0.9714285713591836, ""binary_crossentropy"": 0.08428779140314353, ""binary_roc_auc"": 0.9970561594202899, ""f1"": 0.9574468033091897, ""precision"": 0.978260869352552, ""recall"": 0.9374999998046875}","{""accuracy"": 0.0, ""binary_crossentropy"": 0.12540426246478312, ""binary_roc_auc"": 0.000681818181818143, ""f1"": 0.0009671179905551276, ""precision"": -0.02173913042511599, ""recall"": 0.02272727272727274}",737.2898049354553,0.03364968299865723,739.9879894256592,359.67578125,122,ok,,0.2.0,"{""mode"": ""best"", ""elapsed_time"": 716.6390614509583, ""n_init_feats"": 9, ""n_added_feats"": 12, ""initial_metric"": null, ""final_metric"": 0.997021135727018, ""pct_gain"": 0.007188828309347591}"
15,breast-w,openml_task,amlb,classification,tabularaml,0,4500,559,140,9,19,10,0.9934329710144928,binary_roc_auc,True,0.9884510869565217,0.005040091638029833,"{""accuracy"": 0.9642857142168367, ""binary_crossentropy"": 0.12294432619091822, ""binary_roc_auc"": 0.9934329710144928, ""f1"": 0.9484536030523968, ""precision"": 0.9387755100124948, ""recall"": 0.9583333331336805}","{""accuracy"": 0.007462686567164212, ""binary_crossentropy"": 0.028831831649088823, ""binary_roc_auc"": 0.005040091638029833, ""f1"": 0.010309278401622867, ""precision"": 0.020408163261141216, ""recall"": 0.0}",681.7170321941376,0.04051494598388672,753.5608892440796,359.140625,319,ok,,0.2.0,"{""mode"": ""best"", ""elapsed_time"": 646.8892920017242, ""n_init_feats"": 9, ""n_added_feats"": 10, ""initial_metric"": null, ""final_metric"": 0.9960839160839161, ""pct_gain"": 0.005024223779753271}"
23380,Mercedes-Greener,openml_dataset,stress_test,regression,nofe,0,4500,,,29,,,,,,,,,,,,0.16247344017028809,,,crash,"ValueError: With n_samples=0, test_size=0.2 and train_size=None, the resulting train set will be empty. Adjust any of the aforementioned parameters.",,
23380,Mercedes-Greener,openml_dataset,stress_test,regression,nofe,3,4500,,,29,,,,,,,,,,,,0.060251712799072266,,,crash,"ValueError: With n_samples=0, test_size=0.2 and train_size=None, the resulting train set will be empty. Adjust any of the aforementioned parameters.",,
23380,Mercedes-Greener,openml_dataset,stress_test,regression,nofe,1,4500,,,29,,,,,,,,,,,,0.10515189170837402,,,crash,"ValueError: With n_samples=0, test_size=0.2 and train_size=None, the resulting train set will be empty. Adjust any of the aforementioned parameters.",,
23380,Mercedes-Greener,openml_dataset,stress_test,regression,nofe,2,4500,,,29,,,,,,,,,,,,0.15366291999816895,,,crash,"ValueError: With n_samples=0, test_size=0.2 and train_size=None, the resulting train set will be empty. Adjust any of the aforementioned parameters.",,
23380,Mercedes-Greener,openml_dataset,stress_test,regression,nofe,4,4500,,,29,,,,,,,,,,,,0.18595433235168457,,,crash,"ValueError: With n_samples=0, test_size=0.2 and train_size=None, the resulting train set will be empty. Adjust any of the aforementioned parameters.",,
1113,KDD-Cup-98,openml_dataset,stress_test,regression,nofe,3,4500,,,39,,,,,,,,,,,,1.294255018234253,,,crash,"ValueError: With n_samples=0, test_size=0.2 and train_size=None, the resulting train set will be empty. Adjust any of the aforementioned parameters.",,
1113,KDD-Cup-98,openml_dataset,stress_test,regression,nofe,2,4500,,,39,,,,,,,,,,,,1.9826796054840088,,,crash,"ValueError: With n_samples=0, test_size=0.2 and train_size=None, the resulting train set will be empty. Adjust any of the aforementioned parameters.",,
1113,KDD-Cup-98,openml_dataset,stress_test,regression,nofe,4,4500,,,39,,,,,,,,,,,,2.655869483947754,,,crash,"ValueError: With n_samples=0, test_size=0.2 and train_size=None, the resulting train set will be empty. Adjust any of the aforementioned parameters.",,
1113,KDD-Cup-98,openml_dataset,stress_test,regression,nofe,0,4500,,,39,,,,,,,,,,,,3.3113136291503906,,,crash,"ValueError: With n_samples=0, test_size=0.2 and train_size=None, the resulting train set will be empty. Adjust any of the aforementioned parameters.",,
1113,KDD-Cup-98,openml_dataset,stress_test,regression,nofe,1,4500,,,39,,,,,,,,,,,,3.839489459991455,,,crash,"ValueError: With n_samples=0, test_size=0.2 and train_size=None, the resulting train set will be empty. Adjust any of the aforementioned parameters.",,
37,diabetes,openml_task,amlb,classification,tabularaml,4,4500,614,154,8,17,9,0.7598148148148148,binary_roc_auc,True,0.7966666666666667,-0.04625755462575554,"{""accuracy"": 0.7012987012531624, ""binary_crossentropy"": 0.5520427469406035, ""binary_roc_auc"": 0.7598148148148148, ""f1"": 0.5740740689677641, ""precision"": 0.574074073967764, ""recall"": 0.574074073967764}","{""accuracy"": -0.060869565217391335, ""binary_crossentropy"": -0.04704111068195478, ""binary_roc_auc"": -0.04625755462575554, ""f1"": -0.12337337433563318, ""precision"": -0.08458458459895088, ""recall"": -0.16216216216216228}",189.13645315170288,0.030621051788330078,191.79358196258545,344.2109375,24,ok,,0.2.0,"{""mode"": ""best"", ""elapsed_time"": 185.74169898033142, ""n_init_feats"": 8, ""n_added_feats"": 9, ""initial_metric"": null, ""final_metric"": 0.8694013345329135, ""pct_gain"": 0.05107601744719419}"
49,tic-tac-toe,openml_task,amlb,classification,tabularaml,1,4500,766,192,9,10,1,1.0,binary_roc_auc,True,1.0,0.0,"{""accuracy"": 0.9999999999479167, ""binary_crossentropy"": 0.01793125774258897, ""binary_roc_auc"": 1.0, ""f1"": 0.99999999492, ""precision"": 0.9999999999200001, ""recall"": 0.9999999999200001}","{""accuracy"": 0.0, ""binary_crossentropy"": 0.2168710444339786, ""binary_roc_auc"": 0.0, ""f1"": 0.0, ""precision"": 0.0, ""recall"": 0.0}",302.25784730911255,0.02040839195251465,305.19721245765686,344.9375,1149,ok,,0.2.0,"{""mode"": ""best"", ""elapsed_time"": 301.8381986618042, ""n_init_feats"": 9, ""n_added_feats"": 1, ""initial_metric"": null, ""final_metric"": 0.9996291641770366, ""pct_gain"": 0.00037261734216432563}"
18,mfeat-morphological,openml_task,amlb,multiclass,tabularaml,4,4500,1600,400,6,18,12,0.6561470046057366,categorical_crossentropy,False,0.653525417135097,-0.004011454492668382,"{""accuracy"": 0.944999999976375, ""categorical_crossentropy"": 0.6561470046057366, ""categorical_roc_auc"": 0.9635, ""f1"": 0.7227200741865184, ""precision"": 0.7244256048095854, ""recall"": 0.7249999998187501}","{""accuracy"": 0.0005293806246691482, ""categorical_crossentropy"": -0.004011454492668382, ""categorical_roc_auc"": -0.0008713498721780817, ""f1"": 0.004198523625989915, ""precision"": 0.0045320955661045, ""recall"": 0.003460207612456904}",739.6957144737244,0.0187990665435791,743.0032985210419,370.3125,114,ok,,0.2.0,"{""mode"": ""best"", ""elapsed_time"": 645.6968398094177, ""n_init_feats"": 6, ""n_added_feats"": 12, ""initial_metric"": null, ""final_metric"": 1.2174722430320544, ""pct_gain"": 0.028509041385254404}"
53,vehicle,openml_task,amlb,multiclass,tabularaml,2,4500,676,170,18,,,,,,,,,,,,57.53807067871094,,,crash,ValueError: Input X contains infinity or a value too large for dtype('float64').,0.2.0,
18,mfeat-morphological,openml_task,amlb,multiclass,tabularaml,1,4500,1600,400,6,18,12,0.6800849091634155,categorical_crossentropy,False,0.6236925547732972,-0.09041691127869246,"{""accuracy"": 0.9399999999765001, ""categorical_crossentropy"": 0.6800849091634155, ""categorical_roc_auc"": 0.9640902777777777, ""f1"": 0.6982482389605567, ""precision"": 0.6993866424082049, ""recall"": 0.6999999998249999}","{""accuracy"": -0.005817028027498681, ""categorical_crossentropy"": -0.09041691127869246, ""categorical_roc_auc"": -0.0034670380153901366, ""f1"": -0.040149011561746106, ""precision"": -0.04166528804629459, ""recall"": -0.0378006872852234}",805.6762886047363,0.026916027069091797,809.4103419780731,372.609375,93,ok,,0.2.0,"{""mode"": ""best"", ""elapsed_time"": 683.904937505722, ""n_init_feats"": 6, ""n_added_feats"": 12, ""initial_metric"": null, ""final_metric"": 1.2936775259665545, ""pct_gain"": 0.020508171522437033}"
15,breast-w,openml_task,amlb,classification,tabularaml,1,4500,559,140,9,24,15,0.9769021739130435,binary_roc_auc,True,0.9827898550724636,-0.005990783410138135,"{""accuracy"": 0.935714285647449, ""binary_crossentropy"": 0.2666893688038856, ""binary_roc_auc"": 0.9769021739130435, ""f1"": 0.9072164896588373, ""precision"": 0.8979591834902124, ""recall"": 0.9166666664756944}","{""accuracy"": -0.007575757575757492, ""binary_crossentropy"": -0.6389611495945927, ""binary_roc_auc"": -0.0059907834101382475, ""f1"": -0.012142039016009196, ""precision"": -0.0022675737002175005, ""recall"": -0.022222222222222233}",848.4196448326111,0.04473996162414551,850.9134895801544,353.7265625,137,ok,,0.2.0,"{""mode"": ""best"", ""elapsed_time"": 822.4834105968475, ""n_init_feats"": 9, ""n_added_feats"": 15, ""initial_metric"": null, ""final_metric"": 0.9966007326007326, ""pct_gain"": 0.0028773448754687097}"
18,mfeat-morphological,openml_task,amlb,multiclass,tabularaml,2,4500,1600,400,6,17,11,0.7448329027369618,categorical_crossentropy,False,0.7227400178508833,-0.030568232476974534,"{""accuracy"": 0.9384999999765375, ""categorical_crossentropy"": 0.7448329027369618, ""categorical_roc_auc"": 0.9575555555555555, ""f1"": 0.6906663962409317, ""precision"": 0.6913823343142113, ""recall"": 0.692499999826875}","{""accuracy"": -0.0005324813631521826, ""categorical_crossentropy"": -0.030568232476974534, ""categorical_roc_auc"": -0.0012096628155445796, ""f1"": -0.004554441249228828, ""precision"": -0.005393917499178075, ""recall"": -0.003597122302158276}",944.7100648880005,0.041409969329833984,948.2135343551636,377.73828125,98,ok,,0.2.0,"{""mode"": ""best"", ""elapsed_time"": 822.5302782058716, ""n_init_feats"": 6, ""n_added_feats"": 11, ""initial_metric"": null, ""final_metric"": 1.2258736616072765, ""pct_gain"": 0.044944924751606774}"
43,spambase,openml_task,amlb,classification,tabularaml,3,4500,3680,921,57,59,2,0.988240172990906,binary_roc_auc,True,0.988432714239166,-0.0001947944918113773,"{""accuracy"": 0.9522258414663167, ""binary_crossentropy"": 0.12819281297494492, ""binary_roc_auc"": 0.988240172990906, ""f1"": 0.9397260223716645, ""precision"": 0.9346049046066865, ""recall"": 0.9449035812411872}","{""accuracy"": -0.0034090909090909757, ""binary_crossentropy"": -0.014653313971498357, ""binary_roc_auc"": -0.000194794491811265, ""f1"": -0.003945365717920521, ""precision"": -0.01073983778664744, ""recall"": 0.0029239766081871122}",982.1677010059357,0.014004230499267578,986.5488069057465,408.40234375,282,ok,,0.2.0,"{""mode"": ""best"", ""elapsed_time"": 980.1149399280548, ""n_init_feats"": 57, ""n_added_feats"": 2, ""initial_metric"": null, ""final_metric"": 0.9844709423057569, ""pct_gain"": 0.0005752159046988383}"
23,cmc,openml_task,amlb,multiclass,tabularaml,2,4500,1178,295,9,15,6,0.9512655268786318,categorical_crossentropy,False,0.9414597614589384,-0.010415490731646139,"{""accuracy"": 0.683615819185866, ""categorical_crossentropy"": 0.9512655268786318, ""categorical_roc_auc"": 0.7044243026999384, ""f1"": 0.5121703804157135, ""precision"": 0.5319702507212319, ""recall"": 0.5073488764794641}","{""accuracy"": 0.0066555740432609105, ""categorical_crossentropy"": -0.010415490731646139, ""categorical_roc_auc"": -0.009561885343887746, ""f1"": 0.013688187987715974, ""precision"": 0.0201830764548311, ""recall"": 0.014311386421354351}",1056.664110660553,0.031836748123168945,1059.3523561954498,354.60546875,44,ok,,0.2.0,"{""mode"": ""best"", ""elapsed_time"": 1055.4359319210052, ""n_init_feats"": 9, ""n_added_feats"": 6, ""initial_metric"": null, ""final_metric"": 1.0666207300454613, ""pct_gain"": 0.008050471442832614}"
18,mfeat-morphological,openml_task,amlb,multiclass,tabularaml,3,4500,1600,400,6,18,12,0.6715398435248062,categorical_crossentropy,False,0.6605907907895744,-0.016574637260905387,"{""accuracy"": 0.946999999976325, ""categorical_crossentropy"": 0.6715398435248062, ""categorical_roc_auc"": 0.9636944444444445, ""f1"": 0.7307482508554662, ""precision"": 0.728970311937821, ""recall"": 0.73499999981625}","{""accuracy"": 0.0021164021164021608, ""categorical_crossentropy"": -0.016574637260905387, ""categorical_roc_auc"": -0.001015023791869706, ""f1"": 0.015773516134747, ""precision"": 0.015190149446098691, ""recall"": 0.013793103448275874}",1107.054090499878,0.023753643035888672,1110.938066959381,376.34765625,88,ok,,0.2.0,"{""mode"": ""best"", ""elapsed_time"": 1003.0854284763336, ""n_init_feats"": 6, ""n_added_feats"": 12, ""initial_metric"": null, ""final_metric"": 1.3380166905370925, ""pct_gain"": -0.011683908940136802}"
29,credit-approval,openml_task,amlb,classification,tabularaml,3,4500,552,138,15,47,32,0.9435810091547796,binary_roc_auc,True,0.9618905684479454,-0.019034971226206236,"{""accuracy"": 0.8985507245725687, ""binary_crossentropy"": 0.32080423524198326, ""binary_roc_auc"": 0.9435810091547796, ""f1"": 0.9066666615493335, ""precision"": 0.9315068491874648, ""recall"": 0.8831168830021927}","{""accuracy"": 0.016393442622950814, ""binary_crossentropy"": -0.24524695947633648, ""binary_roc_auc"": -0.019034971226206236, ""f1"": 0.020000000094497435, ""precision"": -0.02482876711132488, ""recall"": 0.06250000000000003}",1199.0600452423096,0.09898614883422852,1202.295875787735,357.63671875,30,ok,,0.2.0,"{""mode"": ""best"", ""elapsed_time"": 1177.1359679698944, ""n_init_feats"": 15, ""n_added_feats"": 32, ""initial_metric"": null, ""final_metric"": 0.9482038567493113, ""pct_gain"": 0.023683855464123146}"
29,credit-approval,openml_task,amlb,classification,tabularaml,4,4500,552,138,15,40,25,0.9316585054289972,binary_roc_auc,True,0.92931658505429,0.0025200458190147742,"{""accuracy"": 0.8623188405172232, ""binary_crossentropy"": 0.32258519708462385, ""binary_roc_auc"": 0.9316585054289972, ""f1"": 0.8758169883497801, ""precision"": 0.8815789472524239, ""recall"": 0.8701298700168664}","{""accuracy"": 0.03478260869565216, ""binary_crossentropy"": 0.0674486237394063, ""binary_roc_auc"": 0.002520045819014894, ""f1"": 0.028421469763073418, ""precision"": 0.04186602870461898, ""recall"": 0.015151515151515256}",1449.9445955753326,0.10118317604064941,1453.2141213417053,354.3515625,78,ok,,0.2.0,"{""mode"": ""best"", ""elapsed_time"": 1418.664561033249, ""n_init_feats"": 15, ""n_added_feats"": 25, ""initial_metric"": null, ""final_metric"": 0.9387235996326904, ""pct_gain"": 0.016059842070373843}"
49,tic-tac-toe,openml_task,amlb,classification,tabularaml,3,4500,766,192,9,29,20,0.9988059701492538,binary_roc_auc,True,1.0,-0.0011940298507462366,"{""accuracy"": 0.9739583332826063, ""binary_crossentropy"": 0.05923407655639797, ""binary_roc_auc"": 0.9988059701492538, ""f1"": 0.980079676196886, ""precision"": 0.9761904761130008, ""recall"": 0.9839999999212801}","{""accuracy"": -0.015789473684210537, ""binary_crossentropy"": -0.9669879839021004, ""binary_roc_auc"": -0.0011940298507462366, ""f1"": -0.01207968133632795, ""precision"": -0.008190476191096011, ""recall"": -0.016000000000000035}",1817.317603111267,0.0492551326751709,1820.8913931846619,367.64453125,1551,ok,,0.2.0,"{""mode"": ""best"", ""elapsed_time"": 1816.9198501110077, ""n_init_feats"": 9, ""n_added_feats"": 20, ""initial_metric"": null, ""final_metric"": 0.9972419877207113, ""pct_gain"": -0.0016843035405113042}"
53,vehicle,openml_task,amlb,multiclass,tabularaml,1,4500,676,170,18,,,,,,,,,,,,1532.9825603961945,,,crash,ValueError: Input X contains infinity or a value too large for dtype('float64').,0.2.0,
18,mfeat-morphological,openml_task,amlb,multiclass,tabularaml,0,4500,1600,400,6,18,12,0.7044129825616255,categorical_crossentropy,False,0.6976496631768532,-0.009694435103680225,"{""accuracy"": 0.938999999976525, ""categorical_crossentropy"": 0.7044129825616255, ""categorical_roc_auc"": 0.9592499999999999, ""f1"": 0.6894111063226166, ""precision"": 0.6881090170429346, ""recall"": 0.6949999998262499}","{""accuracy"": 0.001066098081023595, ""categorical_crossentropy"": -0.009694435103680225, ""categorical_roc_auc"": -0.00027502352174852107, ""f1"": 0.0038282455998420316, ""precision"": 0.002901787237919525, ""recall"": 0.007246376811594048}",1927.4486765861511,0.020488977432250977,1930.417809009552,381.390625,105,ok,,0.2.0,"{""mode"": ""best"", ""elapsed_time"": 1855.790510892868, ""n_init_feats"": 6, ""n_added_feats"": 12, ""initial_metric"": null, ""final_metric"": 1.232865250680367, ""pct_gain"": 0.023330650411790447}"
23,cmc,openml_task,amlb,multiclass,tabularaml,4,4500,1178,295,9,37,28,0.9847538754091425,categorical_crossentropy,False,0.9466350378626484,-0.040267723063114616,"{""accuracy"": 0.6655367231412813, ""categorical_crossentropy"": 0.9847538754091425, ""categorical_roc_auc"": 0.6716367768164706, ""f1"": 0.44925590707658963, ""precision"": 0.4823903657519532, ""recall"": 0.4510616849950551}","{""accuracy"": -0.029654036243821943, ""categorical_crossentropy"": -0.040267723063114616, ""categorical_roc_auc"": -0.047040669337977375, ""f1"": -0.10462594621192045, ""precision"": -0.06475412077561085, ""recall"": -0.09572169604455952}",2053.72243309021,0.06177568435668945,2056.3341965675354,367.26953125,15,ok,,0.2.0,"{""mode"": ""best"", ""elapsed_time"": 2002.4437181949615, ""n_init_feats"": 9, ""n_added_feats"": 28, ""initial_metric"": null, ""final_metric"": 1.107650429025475, ""pct_gain"": -0.0354009906731364}"
53,vehicle,openml_task,amlb,multiclass,tabularaml,0,4500,676,170,18,,,,,,,,,,,,2023.790200471878,,,crash,ValueError: Input X contains infinity or a value too large for dtype('float64').,0.2.0,
49,tic-tac-toe,openml_task,amlb,classification,tabularaml,2,4500,766,192,9,28,19,1.0,binary_roc_auc,True,0.9992835820895524,0.0007169315330384644,"{""accuracy"": 0.9999999999479167, ""binary_crossentropy"": 0.037559487864238385, ""binary_roc_auc"": 1.0, ""f1"": 0.99999999492, ""precision"": 0.9999999999200001, ""recall"": 0.9999999999200001}","{""accuracy"": 0.010526315789473727, ""binary_crossentropy"": 0.22783361633211702, ""binary_roc_auc"": 0.0007169315330385755, ""f1"": 0.008000000039359864, ""precision"": 0.015999999998720038, ""recall"": 0.0}",2259.444671869278,0.05004167556762695,2262.586882352829,369.09375,1521,ok,,0.2.0,"{""mode"": ""best"", ""elapsed_time"": 2258.916534423828, ""n_init_feats"": 9, ""n_added_feats"": 19, ""initial_metric"": null, ""final_metric"": 0.999766548463357, ""pct_gain"": 0.0012581959094365238}"
49,tic-tac-toe,openml_task,amlb,classification,tabularaml,0,4500,766,192,9,24,15,0.9995223880597015,binary_roc_auc,True,0.9998805970149254,-0.0003582517315500262,"{""accuracy"": 0.9791666666156683, ""binary_crossentropy"": 0.042645840860207805, ""binary_roc_auc"": 0.9995223880597015, ""f1"": 0.9841269790491939, ""precision"": 0.9763779526790254, ""recall"": 0.99199999992064}","{""accuracy"": -0.015706806282722523, ""binary_crossentropy"": -0.6201238773668916, ""binary_roc_auc"": -0.0003582517315500262, ""f1"": -0.011936507995879314, ""precision"": -0.01581102362143227, ""recall"": -0.008000000000000073}",2304.0015733242035,0.059806108474731445,2307.622265815735,366.62890625,1999,ok,,0.2.0,"{""mode"": ""best"", ""elapsed_time"": 2303.4782133102417, ""n_init_feats"": 9, ""n_added_feats"": 15, ""initial_metric"": null, ""final_metric"": 0.9991996921518197, ""pct_gain"": 0.0032458429225048183}"
23,cmc,openml_task,amlb,multiclass,tabularaml,0,4500,1178,295,9,31,22,0.9314922263056545,categorical_crossentropy,False,0.8809794494345532,-0.057337066038853,"{""accuracy"": 0.6926553672081585, ""categorical_crossentropy"": 0.9314922263056545, ""categorical_roc_auc"": 0.7224286734929318, ""f1"": 0.49205311259865986, ""precision"": 0.5057912907267168, ""recall"": 0.4938519354189867}","{""accuracy"": -0.016051364365971283, ""categorical_crossentropy"": -0.057337066038853, ""categorical_roc_auc"": -0.04704988933602797, ""f1"": -0.041285137340051306, ""precision"": -0.03802096175976331, ""recall"": -0.042242862675887526}",2405.464997768402,0.06516718864440918,2408.283324241638,360.66015625,38,ok,,0.2.0,"{""mode"": ""best"", ""elapsed_time"": 2370.3283665180206, ""n_init_feats"": 9, ""n_added_feats"": 22, ""initial_metric"": null, ""final_metric"": 1.1074232941189426, ""pct_gain"": -0.006927479164300646}"
29,credit-approval,openml_task,amlb,classification,tabularaml,1,4500,552,138,15,50,35,0.9440068128592718,binary_roc_auc,True,0.9358100915477966,0.008758958025252872,"{""accuracy"": 0.9057971013836379, ""binary_crossentropy"": 0.2907403832085539, ""binary_roc_auc"": 0.9440068128592718, ""f1"": 0.9139072796491383, ""precision"": 0.9324324323064281, ""recall"": 0.896103895987519}","{""accuracy"": 0.050420168067227, ""binary_crossentropy"": 0.07378154441023618, ""binary_roc_auc"": 0.008758958025252872, ""f1"": 0.045454545714429063, ""precision"": 0.04545454545454542, ""recall"": 0.045454545454545504}",2525.440511226654,0.10541915893554688,2527.9188463687897,359.77734375,74,ok,,0.2.0,"{""mode"": ""best"", ""elapsed_time"": 2503.43874835968, ""n_init_feats"": 15, ""n_added_feats"": 35, ""initial_metric"": null, ""final_metric"": 0.9386023875114784, ""pct_gain"": 0.005742387535855868}"
49,tic-tac-toe,openml_task,amlb,classification,tabularaml,4,4500,766,192,9,29,20,0.9997611940298508,binary_roc_auc,True,1.0,-0.00023880597014924732,"{""accuracy"": 0.9895833332817925, ""binary_crossentropy"": 0.055846799439374685, ""binary_roc_auc"": 0.9997611940298508, ""f1"": 0.992063486985072, ""precision"": 0.9842519684264369, ""recall"": 0.9999999999200001}","{""accuracy"": -0.01041666666666671, ""binary_crossentropy"": -1.2759143924411955, ""binary_roc_auc"": -0.00023880597014924732, ""f1"": -0.007936507975245522, ""precision"": -0.015748031494823025, ""recall"": 0.0}",2590.5311415195465,0.075408935546875,2594.0499284267426,370.1484375,1022,ok,,0.2.0,"{""mode"": ""best"", ""elapsed_time"": 2589.987868309021, ""n_init_feats"": 9, ""n_added_feats"": 20, ""initial_metric"": null, ""final_metric"": 0.9988830869681934, ""pct_gain"": 0.003275332406642618}"
29,credit-approval,openml_task,amlb,classification,tabularaml,2,4500,552,138,15,42,27,0.9264424100489674,binary_roc_auc,True,0.93314881839472,-0.007186858316221688,"{""accuracy"": 0.847826086895085, ""binary_crossentropy"": 0.3337388922986777, ""binary_roc_auc"": 0.9264424100489674, ""f1"": 0.8662420331080369, ""precision"": 0.8499999998937501, ""recall"": 0.8831168830021927}","{""accuracy"": -0.02499999999999999, ""binary_crossentropy"": -0.05662473489248621, ""binary_roc_auc"": -0.007186858316221806, ""f1"": -0.022383985569883497, ""precision"": -0.01642857143008921, ""recall"": -0.028571428571428522}",2680.6838207244873,0.06861639022827148,2683.3418443202972,358.51171875,45,ok,,0.2.0,"{""mode"": ""best"", ""elapsed_time"": 2662.1673333644867, ""n_init_feats"": 15, ""n_added_feats"": 27, ""initial_metric"": null, ""final_metric"": 0.941483930211203, ""pct_gain"": 0.0007066503138002706}"
2079,eucalyptus,openml_task,amlb,multiclass,tabularaml,3,4500,588,148,19,31,12,0.8668957993740568,categorical_crossentropy,False,0.8583534620953975,-0.009952004221903956,"{""accuracy"": 0.8540540539963477, ""categorical_crossentropy"": 0.8668957993740568, ""categorical_roc_auc"": 0.8938182281116568, ""f1"": 0.5978288220227302, ""precision"": 0.614919417774882, ""recall"": 0.5921885605913929}","{""accuracy"": -0.003154574132492191, ""categorical_crossentropy"": -0.009952004221903956, ""categorical_roc_auc"": -0.0001555307700737181, ""f1"": -0.00824838093672324, ""precision"": -0.02035680771799272, ""recall"": -0.007792984627879542}",402.0141785144806,0.05167388916015625,405.9046211242676,354.44140625,78,ok,,0.2.0,"{""mode"": ""best"", ""elapsed_time"": 400.1884365081787, ""n_init_feats"": 19, ""n_added_feats"": 12, ""initial_metric"": null, ""final_metric"": 1.0019472338768636, ""pct_gain"": 0.002154160561599372}"
53,vehicle,openml_task,amlb,multiclass,tabularaml,3,4500,676,170,18,54,36,0.47791958548786007,categorical_crossentropy,False,0.5012618470389176,0.04656700223435375,"{""accuracy"": 0.8794117646541522, ""categorical_crossentropy"": 0.47791958548786007, ""categorical_roc_auc"": 0.9394319872835497, ""f1"": 0.7453948666237641, ""precision"": 0.748325237021962, ""recall"": 0.7597402595609434}","{""accuracy"": 0.0033557046979866088, ""categorical_crossentropy"": 0.04656700223435375, ""categorical_roc_auc"": 0.013056940030406026, ""f1"": -0.008040824547792006, ""precision"": -0.0024609441268055358, ""recall"": 0.006487687731040141}",2051.4577577114105,0.056417226791381836,2056.7609906196594,358.05078125,106,ok,,0.2.0,"{""mode"": ""best"", ""elapsed_time"": 2005.606276512146, ""n_init_feats"": 18, ""n_added_feats"": 36, ""initial_metric"": null, ""final_metric"": 0.4998589030005009, ""pct_gain"": 0.17898637750341723}"
29,credit-approval,openml_task,amlb,classification,tabularaml,0,4500,552,138,15,40,25,0.9684905258675751,binary_roc_auc,True,0.9763678944006812,-0.00806803314435219,"{""accuracy"": 0.913043478194707, ""binary_crossentropy"": 0.24932647862242183, ""binary_roc_auc"": 0.9684905258675751, ""f1"": 0.9220779169581719, ""precision"": 0.9220779219581717, ""recall"": 0.9220779219581717}","{""accuracy"": -0.007874015748031492, ""binary_crossentropy"": -0.07213271794046433, ""binary_roc_auc"": -0.008068033144352303, ""f1"": -0.006493506527874363, ""precision"": -0.01298701298532645, ""recall"": 0.0}",2891.3087770938873,0.13106083869934082,2894.337666273117,363.8125,62,ok,,0.2.0,"{""mode"": ""best"", ""elapsed_time"": 2860.823845386505, ""n_init_feats"": 15, ""n_added_feats"": 25, ""initial_metric"": null, ""final_metric"": 0.9390119375573921, ""pct_gain"": 0.033134367803172825}"
43,spambase,openml_task,amlb,classification,tabularaml,2,4500,3680,921,57,65,8,0.9878847122248882,binary_roc_auc,True,0.989247311827957,-0.0013774104683195853,"{""accuracy"": 0.9500542888061884, ""binary_crossentropy"": 0.1330053619534862, ""binary_roc_auc"": 0.9878847122248882, ""f1"": 0.9362880836168769, ""precision"": 0.9415041782467547, ""recall"": 0.9311294765583711}","{""accuracy"": 0.0, ""binary_crossentropy"": -0.04697004119377909, ""binary_roc_auc"": -0.0013774104683195853, ""f1"": 0.000570554432467869, ""precision"": -0.007907537520837496, ""recall"": 0.008955223880597067}",3341.6909124851227,0.03369951248168945,3346.2939569950104,463.9453125,376,ok,,0.2.0,"{""mode"": ""best"", ""elapsed_time"": 3099.3798146247864, ""n_init_feats"": 57, ""n_added_feats"": 8, ""initial_metric"": null, ""final_metric"": 0.9863891323144293, ""pct_gain"": 0.0008380270624028887}"
3021,sick,openml_task,amlb,classification,tabularaml,0,4500,3017,755,27,30,3,0.9971484638498803,binary_roc_auc,True,0.9970258171337464,0.0001230125780358619,"{""accuracy"": 0.9827814569406254, ""binary_crossentropy"": 0.03498682839976545, ""binary_roc_auc"": 0.9971484638498803, ""f1"": 0.8505747074646586, ""precision"": 0.9024390241701368, ""recall"": 0.8043478259120983}","{""accuracy"": 0.0, ""binary_crossentropy"": 0.04575125618170498, ""binary_roc_auc"": 0.0001230125780359733, ""f1"": -0.003932244419570727, ""precision"": 0.021181001272112386, ""recall"": -0.026315789473684206}",904.2950768470764,0.05755972862243652,908.1761450767517,383.0078125,221,ok,,0.2.0,"{""mode"": ""best"", ""elapsed_time"": 902.0960247516632, ""n_init_feats"": 27, ""n_added_feats"": 3, ""initial_metric"": null, ""final_metric"": 0.9973359977515039, ""pct_gain"": 0.002223686182498426}"
53,vehicle,openml_task,amlb,multiclass,tabularaml,4,4500,676,170,18,54,36,0.4729184624478769,categorical_crossentropy,False,0.5195559000021175,0.08976404185584366,"{""accuracy"": 0.8852941175949827, ""categorical_crossentropy"": 0.4729184624478769, ""categorical_roc_auc"": 0.9366193702131203, ""f1"": 0.7677842346659822, ""precision"": 0.7654829246053325, ""recall"": 0.7732413418084549}","{""accuracy"": 0.0033333333333333643, ""categorical_crossentropy"": 0.08976404185584366, ""categorical_roc_auc"": 0.005070735026961895, ""f1"": 0.006889076685174364, ""precision"": 0.004946298665117133, ""recall"": 0.010715801385616518}",2682.591850757599,0.05340409278869629,2688.1495633125305,363.0078125,201,ok,,0.2.0,"{""mode"": ""best"", ""elapsed_time"": 2608.1500885486603, ""n_init_feats"": 18, ""n_added_feats"": 36, ""initial_metric"": null, ""final_metric"": 0.5510420310992995, ""pct_gain"": 0.2429849681297752}"
23,cmc,openml_task,amlb,multiclass,tabularaml,1,4500,1178,295,9,40,31,0.9102392549926447,categorical_crossentropy,False,0.9043596759564796,-0.006501372399147125,"{""accuracy"": 0.6926553672081585, ""categorical_crossentropy"": 0.9102392549926447, ""categorical_roc_auc"": 0.7362654911955296, ""f1"": 0.502878507885122, ""precision"": 0.5092736373845562, ""recall"": 0.5027082142469975}","{""accuracy"": -0.016051364365971283, ""categorical_crossentropy"": -0.006501372399147125, ""categorical_roc_auc"": 0.002473935901517354, ""f1"": -0.03638992139216777, ""precision"": -0.034161531162821564, ""recall"": -0.035511528211568937}",3531.8212983608246,0.12426471710205078,3534.71125125885,371.1015625,78,ok,,0.2.0,"{""mode"": ""best"", ""elapsed_time"": 3459.1377301216125, ""n_init_feats"": 9, ""n_added_feats"": 31, ""initial_metric"": null, ""final_metric"": 1.129462521371395, ""pct_gain"": -0.04916729933345579}"
31,credit-g,openml_task,amlb,classification,tabularaml,3,4500,800,200,20,68,48,0.7963095238095237,binary_roc_auc,True,0.771547619047619,0.03209381268322775,"{""accuracy"": 0.75499999996225, ""binary_crossentropy"": 0.4951657429710031, ""binary_roc_auc"": 0.7963095238095237, ""f1"": 0.4615384569448135, ""precision"": 0.6774193546201873, ""recall"": 0.34999999994166664}","{""accuracy"": 0.0, ""binary_crossentropy"": 0.02753197492379551, ""binary_roc_auc"": 0.03209381268322775, ""f1"": -0.11965812008199644, ""precision"": 0.078853046497861, ""recall"": -0.2222222222222223}",3604.0122973918915,0.16620492935180664,3606.933231830597,360.28515625,28,ok,,0.2.0,"{""mode"": ""best"", ""elapsed_time"": 3603.1270501613617, ""n_init_feats"": 20, ""n_added_feats"": 48, ""initial_metric"": null, ""final_metric"": 0.820662330186507, ""pct_gain"": 0.06834881471948974}"
31,credit-g,openml_task,amlb,classification,tabularaml,0,4500,800,200,20,62,42,0.7605952380952381,binary_roc_auc,True,0.780952380952381,-0.0260670731707317,"{""accuracy"": 0.759999999962, ""binary_crossentropy"": 0.525001488942653, ""binary_roc_auc"": 0.7605952380952381, ""f1"": 0.4999999952083334, ""precision"": 0.6666666664814814, ""recall"": 0.39999999993333335}","{""accuracy"": -0.006535947712418278, ""binary_crossentropy"": -0.04833252879966963, ""binary_roc_auc"": -0.0260670731707317, ""f1"": -0.010416666827256988, ""precision"": -0.027777777770061778, ""recall"": 0.0}",3606.5277757644653,0.1567978858947754,3609.3295197486877,357.5234375,82,ok,,0.2.0,"{""mode"": ""best"", ""elapsed_time"": 3605.5877463817596, ""n_init_feats"": 20, ""n_added_feats"": 42, ""initial_metric"": null, ""final_metric"": 0.8022156343541329, ""pct_gain"": 0.036325216315574164}"
45,splice,openml_task,amlb,multiclass,tabularaml,0,4500,2552,638,60,86,26,0.11495191325244651,categorical_crossentropy,False,0.1081671346985566,-0.06272495405187477,"{""accuracy"": 0.9759665621581615, ""categorical_crossentropy"": 0.11495191325244651, ""categorical_roc_auc"": 0.9953162893824631, ""f1"": 0.9589224993068166, ""precision"": 0.9573432991888152, ""recall"": 0.9605486430991353}","{""accuracy"": -0.004264392324093811, ""categorical_crossentropy"": -0.06272495405187435, ""categorical_roc_auc"": -0.0001762355022386183, ""f1"": -0.007881750332412148, ""precision"": -0.005814085597256809, ""recall"": -0.010158528647656904}",3613.786644220352,0.1455223560333252,3618.169224500656,417.7265625,255,ok,,0.2.0,"{""mode"": ""best"", ""elapsed_time"": 3609.534466266632, ""n_init_feats"": 60, ""n_added_feats"": 26, ""initial_metric"": null, ""final_metric"": 0.11895306384819271, ""pct_gain"": 0.07617656019219601}"
45,splice,openml_task,amlb,multiclass,tabularaml,4,4500,2552,638,60,83,23,0.08945437317179826,categorical_crossentropy,False,0.0894027314292811,-0.0005776304783038235,"{""accuracy"": 0.9822361546345523, ""categorical_crossentropy"": 0.08945437317179826, ""categorical_roc_auc"": 0.9965265238734675, ""f1"": 0.9702172018096573, ""precision"": 0.9683425059063439, ""recall"": 0.9723782032663308}","{""accuracy"": 0.002132196162046962, ""categorical_crossentropy"": -0.0005776304783032023, ""categorical_roc_auc"": -0.00027318841396660974, ""f1"": 0.003842353364707493, ""precision"": 0.004571716166848105, ""recall"": 0.003257673009693257}",3617.41943860054,0.13943266868591309,3621.1293003559113,407.828125,124,ok,,0.2.0,"{""mode"": ""best"", ""elapsed_time"": 3613.7555119991302, ""n_init_feats"": 60, ""n_added_feats"": 23, ""initial_metric"": null, ""final_metric"": 0.11143109397542553, ""pct_gain"": 0.07362801066023376}"
45,splice,openml_task,amlb,multiclass,tabularaml,3,4500,2552,638,60,87,27,0.11305149298432782,categorical_crossentropy,False,0.0999858176864761,-0.1306752857572415,"{""accuracy"": 0.9707419017611691, ""categorical_crossentropy"": 0.11305149298432782, ""categorical_roc_auc"": 0.9958539727522169, ""f1"": 0.9504693594656727, ""precision"": 0.9481056936321504, ""recall"": 0.9532126378072183}","{""accuracy"": -0.00428724544480171, ""categorical_crossentropy"": -0.1306752857572407, ""categorical_roc_auc"": -0.0011930036168824845, ""f1"": -0.008017057649280087, ""precision"": -0.005855615420119872, ""recall"": -0.010192289803092983}",3616.740203142166,0.18236255645751953,3621.646852493286,425.05078125,122,ok,,0.2.0,"{""mode"": ""best"", ""elapsed_time"": 3611.769688129425, ""n_init_feats"": 60, ""n_added_feats"": 27, ""initial_metric"": null, ""final_metric"": 0.10885426829845672, ""pct_gain"": 0.12116976055249173}"
31,credit-g,openml_task,amlb,classification,tabularaml,2,4500,800,200,20,72,52,0.7647619047619048,binary_roc_auc,True,0.7966666666666666,-0.040047818290496084,"{""accuracy"": 0.72499999996375, ""binary_crossentropy"": 0.5177581885270774, ""binary_roc_auc"": 0.7647619047619048, ""f1"": 0.408602145871199, ""precision"": 0.5757575755831037, ""recall"": 0.31666666661388887}","{""accuracy"": -0.052287581699346365, ""binary_crossentropy"": -0.0384834734441907, ""binary_roc_auc"": -0.040047818290496084, ""f1"": -0.15493646300214342, ""precision"": -0.18870523414391865, ""recall"": -0.13636363636363635}",3620.4932186603546,0.12116193771362305,3623.0117180347443,360.19921875,36,ok,,0.2.0,"{""mode"": ""best"", ""elapsed_time"": 3614.230080842972, ""n_init_feats"": 20, ""n_added_feats"": 52, ""initial_metric"": null, ""final_metric"": 0.7878713185272016, ""pct_gain"": 0.02301022908964724}"
23,cmc,openml_task,amlb,multiclass,tabularaml,3,4500,1178,295,9,29,20,0.8973711192355318,categorical_crossentropy,False,0.8928795556522022,-0.005030424937939954,"{""accuracy"": 0.7129943502583166, ""categorical_crossentropy"": 0.8973711192355318, ""categorical_roc_auc"": 0.7466107719519958, ""f1"": 0.5399319800755421, ""precision"": 0.5535830769992937, ""recall"": 0.5361381699729044}","{""accuracy"": 0.016103059581320626, ""categorical_crossentropy"": -0.005030424937939954, ""categorical_roc_auc"": -0.0058118905237978975, ""f1"": 0.04250413846894349, ""precision"": 0.04217028123179339, ""recall"": 0.03950787410342943}",3622.356158018112,0.061417341232299805,3624.900817632675,371.8046875,51,ok,,0.2.0,"{""mode"": ""best"", ""elapsed_time"": 3612.3541564941406, ""n_init_feats"": 9, ""n_added_feats"": 20, ""initial_metric"": null, ""final_metric"": 1.1149220192141591, ""pct_gain"": -0.057261829415341525}"
31,credit-g,openml_task,amlb,classification,tabularaml,1,4500,800,200,20,62,42,0.825952380952381,binary_roc_auc,True,0.8394047619047619,-0.016026095589278033,"{""accuracy"": 0.779999999961, ""binary_crossentropy"": 0.46901131968945264, ""binary_roc_auc"": 0.825952380952381, ""f1"": 0.5416666618663196, ""precision"": 0.7222222220216049, ""recall"": 0.4333333332611111}","{""accuracy"": -0.024999999999999915, ""binary_crossentropy"": -0.03429917805462533, ""binary_roc_auc"": -0.016026095589278033, ""f1"": -0.10887096836257236, ""precision"": -0.021505376382915244, ""recall"": -0.1612903225806452}",3636.8766918182373,0.13074231147766113,3642.787805080414,368.87890625,41,ok,,0.2.0,"{""mode"": ""best"", ""elapsed_time"": 3603.0892283916473, ""n_init_feats"": 20, ""n_added_feats"": 42, ""initial_metric"": null, ""final_metric"": 0.7772055868377535, ""pct_gain"": 0.021153920978995242}"
22,mfeat-zernike,openml_task,amlb,multiclass,tabularaml,4,4500,1600,400,47,54,7,0.6385400838078931,categorical_crossentropy,False,0.6389289485896006,0.0006086197574329943,"{""accuracy"": 0.9479999999763, ""categorical_crossentropy"": 0.6385400838078931, ""categorical_roc_auc"": 0.9679097222222224, ""f1"": 0.7371033663884782, ""precision"": 0.7350004379754441, ""recall"": 0.739999999815}","{""accuracy"": -0.0026301946344027675, ""categorical_crossentropy"": 0.0006086197574329943, ""categorical_roc_auc"": 0.0002152867978961935, ""f1"": -0.02034000514927248, ""precision"": -0.024583078494320773, ""recall"": -0.016611295681063284}",3650.0985231399536,0.014387845993041992,3658.5137259960175,380.87890625,119,ok,,0.2.0,"{""mode"": ""best"", ""elapsed_time"": 3637.0038316249847, ""n_init_feats"": 47, ""n_added_feats"": 7, ""initial_metric"": null, ""final_metric"": 0.948393650971483, ""pct_gain"": 0.01733403882830612}"
16,mfeat-karhunen,openml_task,amlb,multiclass,tabularaml,4,4500,1600,400,64,70,6,0.1666597170298337,categorical_crossentropy,False,0.1553161994483525,-0.07303499327031414,"{""accuracy"": 0.9864999999753374, ""categorical_crossentropy"": 0.1666597170298337, ""categorical_roc_auc"": 0.998375, ""f1"": 0.932231017648203, ""precision"": 0.9342257067670872, ""recall"": 0.9324999997668751}","{""accuracy"": -0.0020232675771371185, ""categorical_crossentropy"": -0.07303499327031375, ""categorical_roc_auc"": -0.00013909560040629206, ""f1"": -0.010632983673907687, ""precision"": -0.010203719976235232, ""recall"": -0.010610079575596475}",3654.1079733371735,0.011838436126708984,3664.630871772766,384.6328125,466,ok,,0.2.0,"{""mode"": ""best"", ""elapsed_time"": 3634.903955221176, ""n_init_feats"": 64, ""n_added_feats"": 6, ""initial_metric"": null, ""final_metric"": 0.19222249309535713, ""pct_gain"": -0.014209156861463646}"
31,credit-g,openml_task,amlb,classification,tabularaml,4,4500,800,200,20,72,52,0.7573809523809525,binary_roc_auc,True,0.7635714285714286,-0.008107265357031348,"{""accuracy"": 0.7499999999625, ""binary_crossentropy"": 0.525704763866961, ""binary_roc_auc"": 0.7573809523809525, ""f1"": 0.4318181773811983, ""precision"": 0.6785714283290816, ""recall"": 0.31666666661388887}","{""accuracy"": -0.03225806451612906, ""binary_crossentropy"": -0.02365769681455949, ""binary_roc_auc"": -0.008107265357031348, ""f1"": -0.12654958779336523, ""precision"": -0.10551948053049637, ""recall"": -0.13636363636363635}",3666.7579300403595,0.17671871185302734,3669.838178873062,366.609375,21,ok,,0.2.0,"{""mode"": ""best"", ""elapsed_time"": 3624.424707889557, ""n_init_feats"": 20, ""n_added_feats"": 52, ""initial_metric"": null, ""final_metric"": 0.8008880225231826, ""pct_gain"": 0.04765695994957009}"
14,mfeat-fourier,openml_task,amlb,multiclass,tabularaml,0,4500,1600,400,76,80,4,0.4403574071987532,categorical_crossentropy,False,0.4281627926067449,-0.02848125713531751,"{""accuracy"": 0.9684999999757874, ""categorical_crossentropy"": 0.4403574071987532, ""categorical_roc_auc"": 0.9848194444444445, ""f1"": 0.8431836391738312, ""precision"": 0.8499612120679065, ""recall"": 0.842499999789375}","{""accuracy"": 0.0, ""categorical_crossentropy"": -0.02848125713531751, ""categorical_roc_auc"": 0.0007338931620916652, ""f1"": -0.0008420890697707353, ""precision"": 0.0012200954987493656, ""recall"": 0.0}",3658.7025413513184,0.012345075607299805,3672.359405517578,393.9921875,143,ok,,0.2.0,"{""mode"": ""best"", ""elapsed_time"": 3641.833435535431, ""n_init_feats"": 76, ""n_added_feats"": 4, ""initial_metric"": null, ""final_metric"": 0.7235241049679928, ""pct_gain"": 0.03955389761845962}"
16,mfeat-karhunen,openml_task,amlb,multiclass,tabularaml,3,4500,1600,400,64,69,5,0.15443847064791044,categorical_crossentropy,False,0.1542222824261625,-0.001401796279674675,"{""accuracy"": 0.9929999999751751, ""categorical_crossentropy"": 0.15443847064791044, ""categorical_roc_auc"": 0.9982708333333331, ""f1"": 0.9650531837697093, ""precision"": 0.9656468326001116, ""recall"": 0.96499999975875}","{""accuracy"": 0.0005037783375317204, ""categorical_crossentropy"": -0.0014017962796743146, ""categorical_roc_auc"": -4.869294230591609e-05, ""f1"": 0.002443572340342051, ""precision"": 0.002123755255654681, ""recall"": 0.0025974025974027154}",3661.0552294254303,0.011088132858276367,3675.7403519153595,410.41796875,1077,ok,,0.2.0,"{""mode"": ""best"", ""elapsed_time"": 3641.3785784244537, ""n_init_feats"": 64, ""n_added_feats"": 5, ""initial_metric"": null, ""final_metric"": 0.20592824404940915, ""pct_gain"": 0.036317473305646754}"
14,mfeat-fourier,openml_task,amlb,multiclass,tabularaml,1,4500,1600,400,76,83,7,0.45524890329426854,categorical_crossentropy,False,0.4500672455763561,-0.011513074476852514,"{""accuracy"": 0.9619999999759499, ""categorical_crossentropy"": 0.45524890329426854, ""categorical_roc_auc"": 0.9831666666666667, ""f1"": 0.809771995357487, ""precision"": 0.8117156138428111, ""recall"": 0.8099999997975}","{""accuracy"": -0.0031088082901555053, ""categorical_crossentropy"": -0.011513074476852514, ""categorical_roc_auc"": -0.0003883330626769041, ""f1"": -0.01958711919054548, ""precision"": -0.020905433548151827, ""recall"": -0.01818181818181793}",3668.858878850937,0.015048503875732422,3682.349888563156,392.18359375,225,ok,,0.2.0,"{""mode"": ""best"", ""elapsed_time"": 3649.0371963977814, ""n_init_feats"": 76, ""n_added_feats"": 7, ""initial_metric"": null, ""final_metric"": 0.6336706212194182, ""pct_gain"": 0.05601134648559123}"
12,mfeat-factors,openml_task,amlb,multiclass,tabularaml,3,4500,1600,400,216,216,0,0.14649050414242082,categorical_crossentropy,False,0.1464905041424208,-1.894701351334311e-16,"{""accuracy"": 0.98999999997525, ""categorical_crossentropy"": 0.14649050414242082, ""categorical_roc_auc"": 0.9987708333333334, ""f1"": 0.9502065820723514, ""precision"": 0.9518249399579135, ""recall"": 0.9499999997624998}","{""accuracy"": 0.0, ""categorical_crossentropy"": -0.0, ""categorical_roc_auc"": 0.0, ""f1"": 0.0, ""precision"": 0.0, ""recall"": 0.0}",3676.00013589859,0.013115644454956055,3690.5929296016693,405.00390625,246,ok,,0.2.0,"{""mode"": ""best"", ""elapsed_time"": 3643.867078065872, ""n_init_feats"": 216, ""n_added_feats"": 0, ""initial_metric"": null, ""final_metric"": 0.12892242355530714, ""pct_gain"": 0.0}"
45,splice,openml_task,amlb,multiclass,tabularaml,1,4500,2552,638,60,84,24,0.10165866286234093,categorical_crossentropy,False,0.1054414510446838,0.035875721975220244,"{""accuracy"": 0.972831765919966, ""categorical_crossentropy"": 0.10165866286234093, ""categorical_roc_auc"": 0.9969349468102532, ""f1"": 0.9542051653589035, ""precision"": 0.9513349845687497, ""recall"": 0.957569936281879}","{""accuracy"": -0.0021436227224009116, ""categorical_crossentropy"": 0.03587572197522075, ""categorical_roc_auc"": 0.00028167551130150407, ""f1"": -0.002673031304994945, ""precision"": -0.003266969842620716, ""recall"": -0.0020989289289629178}",3686.586191892624,0.12252092361450195,3691.5170896053314,418.5859375,227,ok,,0.2.0,"{""mode"": ""best"", ""elapsed_time"": 3683.843216896057, ""n_init_feats"": 60, ""n_added_feats"": 24, ""initial_metric"": null, ""final_metric"": 0.12518810311423512, ""pct_gain"": 0.03759339895248312}"
45,splice,openml_task,amlb,multiclass,tabularaml,2,4500,2552,638,60,84,24,0.09725782531030772,categorical_crossentropy,False,0.0994067071080514,0.021617070520281164,"{""accuracy"": 0.9780564263169583, ""categorical_crossentropy"": 0.09725782531030772, ""categorical_roc_auc"": 0.9963908097707713, ""f1"": 0.9628748978988165, ""precision"": 0.9600878030693404, ""recall"": 0.9660351002468327}","{""accuracy"": 0.0032154340836012536, ""categorical_crossentropy"": 0.021617070520281573, ""categorical_roc_auc"": -0.0002482552296350339, ""f1"": 0.004903295002932655, ""precision"": 0.004097856562962116, ""recall"": 0.005569152538845508}",3691.0024285316467,0.16868257522583008,3695.55530834198,424.0,151,ok,,0.2.0,"{""mode"": ""best"", ""elapsed_time"": 3686.876899242401, ""n_init_feats"": 60, ""n_added_feats"": 24, ""initial_metric"": null, ""final_metric"": 0.11763120754866382, ""pct_gain"": 0.10491975139792245}"
16,mfeat-karhunen,openml_task,amlb,multiclass,tabularaml,1,4500,1600,400,64,68,4,0.21086753402627437,categorical_crossentropy,False,0.2152867296334079,0.020527022797264698,"{""accuracy"": 0.9879999999753, ""categorical_crossentropy"": 0.21086753402627437, ""categorical_roc_auc"": 0.9966944444444445, ""f1"": 0.9397495182339632, ""precision"": 0.9405541371911879, ""recall"": 0.9399999997649999}","{""accuracy"": 0.001013171225937092, ""categorical_crossentropy"": 0.020527022797264947, ""categorical_roc_auc"": 0.000111492042255546, ""f1"": 0.005350515508587792, ""precision"": 0.004977189995641108, ""recall"": 0.005347593582887587}",3683.5603098869324,0.019100666046142578,3698.033878803253,407.234375,833,ok,,0.2.0,"{""mode"": ""best"", ""elapsed_time"": 3653.4472835063934, ""n_init_feats"": 64, ""n_added_feats"": 4, ""initial_metric"": null, ""final_metric"": 0.19770335350062093, ""pct_gain"": 0.011501185290702992}"
16,mfeat-karhunen,openml_task,amlb,multiclass,tabularaml,2,4500,1600,400,64,73,9,0.22933371131039165,categorical_crossentropy,False,0.2356099150573936,0.026638113873404198,"{""accuracy"": 0.9884999999752875, ""categorical_crossentropy"": 0.22933371131039165, ""categorical_roc_auc"": 0.9962083333333334, ""f1"": 0.9422638415338456, ""precision"": 0.9441684902284632, ""recall"": 0.942499999764375}","{""accuracy"": 0.0010126582278480098, ""categorical_crossentropy"": 0.02663811387340454, ""categorical_roc_auc"": 0.00014640982200744382, ""f1"": 0.005562174376708637, ""precision"": 0.0054641291363518845, ""recall"": 0.0053333333333333375}",3686.9591722488403,0.016327381134033203,3701.205061674118,394.7109375,553,ok,,0.2.0,"{""mode"": ""best"", ""elapsed_time"": 3665.035159111023, ""n_init_feats"": 64, ""n_added_feats"": 9, ""initial_metric"": null, ""final_metric"": 0.17065432162375785, ""pct_gain"": 0.0330326326146003}"
12,mfeat-factors,openml_task,amlb,multiclass,tabularaml,2,4500,1600,400,216,219,3,0.20009870926201984,categorical_crossentropy,False,0.201572267747324,0.007310323497234822,"{""accuracy"": 0.9879999999753, ""categorical_crossentropy"": 0.20009870926201984, ""categorical_roc_auc"": 0.9960277777777777, ""f1"": 0.9406208030910935, ""precision"": 0.9432078023364465, ""recall"": 0.9399999997649997}","{""accuracy"": 0.0, ""categorical_crossentropy"": 0.007310323497235096, ""categorical_roc_auc"": 0.00011156667503411785, ""f1"": 0.0, ""precision"": 0.0, ""recall"": 0.0}",3685.740824699402,0.02071523666381836,3703.3386347293854,404.984375,392,ok,,0.2.0,"{""mode"": ""best"", ""elapsed_time"": 3657.8316185474396, ""n_init_feats"": 216, ""n_added_feats"": 3, ""initial_metric"": null, ""final_metric"": 0.11992592667812832, ""pct_gain"": -0.01964803948909212}"
14,mfeat-fourier,openml_task,amlb,multiclass,tabularaml,2,4500,1600,400,76,82,6,0.47638809237163515,categorical_crossentropy,False,0.4767043467679468,0.000663418318829835,"{""accuracy"": 0.9604999999759875, ""categorical_crossentropy"": 0.47638809237163515, ""categorical_roc_auc"": 0.9809791666666665, ""f1"": 0.8033945602373178, ""precision"": 0.8064199368186122, ""recall"": 0.8024999997993751}","{""accuracy"": -0.0031136481577581235, ""categorical_crossentropy"": 0.000663418318829835, ""categorical_roc_auc"": -0.00036797746845669484, ""f1"": -0.019151258754198326, ""precision"": -0.01943236695649674, ""recall"": -0.01834862385321089}",3684.151295900345,0.017932415008544922,3706.1585924625397,386.20703125,289,ok,,0.2.0,"{""mode"": ""best"", ""elapsed_time"": 3661.65282702446, ""n_init_feats"": 76, ""n_added_feats"": 6, ""initial_metric"": null, ""final_metric"": 0.6755792057269797, ""pct_gain"": 0.044709970547083984}"
12,mfeat-factors,openml_task,amlb,multiclass,tabularaml,0,4500,1600,400,216,225,9,0.11564115469387616,categorical_crossentropy,False,0.1111692693125951,-0.040225913230630614,"{""accuracy"": 0.9929999999751749, ""categorical_crossentropy"": 0.11564115469387616, ""categorical_roc_auc"": 0.9980069444444446, ""f1"": 0.9647969158473956, ""precision"": 0.9653637338785993, ""recall"": 0.96499999975875}","{""accuracy"": -0.0005032712632109929, ""categorical_crossentropy"": -0.04022591323063035, ""categorical_roc_auc"": -0.0004451337835675221, ""f1"": -0.0024136782154693575, ""precision"": -0.0023004862157667144, ""recall"": -0.002583979328165377}",3697.886730194092,0.024918556213378906,3710.454468727112,403.2265625,387,ok,,0.2.0,"{""mode"": ""best"", ""elapsed_time"": 3672.6135222911835, ""n_init_feats"": 216, ""n_added_feats"": 9, ""initial_metric"": null, ""final_metric"": 0.13172789563406687, ""pct_gain"": 0.1379871927442156}"
3021,sick,openml_task,amlb,classification,tabularaml,3,4500,3017,755,27,33,6,0.9945115594529957,binary_roc_auc,True,0.9941742809836268,0.0003392548729335754,"{""accuracy"": 0.9841059602518661, ""binary_crossentropy"": 0.044450807097963126, ""binary_roc_auc"": 0.9945115594529957, ""f1"": 0.8636363584504132, ""precision"": 0.9047619045464852, ""recall"": 0.826086956342155}","{""accuracy"": -0.002684563758389256, ""binary_crossentropy"": -0.017623922328791213, ""binary_roc_auc"": 0.00033925487293368713, ""f1"": -0.025641025785368553, ""precision"": -0.025641025641025696, ""recall"": -0.025641025641025637}",990.7650990486145,0.04973101615905762,995.1335690021515,378.89453125,157,ok,,0.2.0,"{""mode"": ""best"", ""elapsed_time"": 989.163060426712, ""n_init_feats"": 27, ""n_added_feats"": 6, ""initial_metric"": null, ""final_metric"": 0.99762731844042, ""pct_gain"": 0.0006173632485168283}"
12,mfeat-factors,openml_task,amlb,multiclass,tabularaml,1,4500,1600,400,216,220,4,0.13517707606835758,categorical_crossentropy,False,0.1412384444635972,0.04291585352883072,"{""accuracy"": 0.9919999999752, ""categorical_crossentropy"": 0.13517707606835758, ""categorical_roc_auc"": 0.9987222222222224, ""f1"": 0.9600619336933949, ""precision"": 0.9613673722236117, ""recall"": 0.95999999976}","{""accuracy"": -0.0005037783375314966, ""categorical_crossentropy"": 0.0429158535288311, ""categorical_roc_auc"": 9.735608684182256e-05, ""f1"": -0.002442980924409062, ""precision"": -0.0020305845574877207, ""recall"": -0.0025974025974024846}",3698.4741559028625,0.02805805206298828,3718.10129237175,406.0703125,420,ok,,0.2.0,"{""mode"": ""best"", ""elapsed_time"": 3664.806382417679, ""n_init_feats"": 216, ""n_added_feats"": 4, ""initial_metric"": null, ""final_metric"": 0.1567626646504142, ""pct_gain"": 0.10481711129265743}"
22,mfeat-zernike,openml_task,amlb,multiclass,tabularaml,3,4500,1600,400,47,54,7,0.5762104257044848,categorical_crossentropy,False,0.5890374158590567,0.0217761890997449,"{""accuracy"": 0.95399999997615, ""categorical_crossentropy"": 0.5762104257044848, ""categorical_roc_auc"": 0.9710763888888888, ""f1"": 0.7720934151334482, ""precision"": 0.7755838095341355, ""recall"": 0.7699999998075}","{""accuracy"": 0.0015748031496064488, ""categorical_crossentropy"": 0.0217761890997449, ""categorical_roc_auc"": 0.0002861332665688348, ""f1"": 0.009728205270417623, ""precision"": 0.00930184581061953, ""recall"": 0.009836065573770354}",3717.1968789100647,0.014960765838623047,3725.47247505188,386.51171875,122,ok,,0.2.0,"{""mode"": ""best"", ""elapsed_time"": 3703.746337413788, ""n_init_feats"": 47, ""n_added_feats"": 7, ""initial_metric"": null, ""final_metric"": 0.9839110190103713, ""pct_gain"": 0.0180039281992311}"
16,mfeat-karhunen,openml_task,amlb,multiclass,tabularaml,0,4500,1600,400,64,72,8,0.14840093207159952,categorical_crossentropy,False,0.1419781445662011,-0.045237860552570015,"{""accuracy"": 0.9929999999751751, ""categorical_crossentropy"": 0.14840093207159952, ""categorical_roc_auc"": 0.9982083333333334, ""f1"": 0.9648239358514564, ""precision"": 0.9653737499137174, ""recall"": 0.96499999975875}","{""accuracy"": 0.0, ""categorical_crossentropy"": -0.045237860552570015, ""categorical_roc_auc"": -0.00027819894006208184, ""f1"": 0.00010518574514165198, ""precision"": 2.111472482875565e-06, ""recall"": 0.0}",3715.6507489681244,0.01752161979675293,3735.7527232170105,403.765625,831,ok,,0.2.0,"{""mode"": ""best"", ""elapsed_time"": 3696.0076365470886, ""n_init_feats"": 64, ""n_added_feats"": 8, ""initial_metric"": null, ""final_metric"": 0.1960431041944365, ""pct_gain"": -0.018115015731472235}"
12,mfeat-factors,openml_task,amlb,multiclass,tabularaml,4,4500,1600,400,216,223,7,0.11916645485987828,categorical_crossentropy,False,0.1072641835018294,-0.11096221468786824,"{""accuracy"": 0.9944999999751376, ""categorical_crossentropy"": 0.11916645485987828, ""categorical_roc_auc"": 0.9981041666666668, ""f1"": 0.9724240446623129, ""precision"": 0.9730246345138955, ""recall"": 0.9724999997568752}","{""accuracy"": -0.0005025125628140808, ""categorical_crossentropy"": -0.11096221468786824, ""categorical_roc_auc"": -0.0005424011682485547, ""f1"": -0.0025695014964284323, ""precision"": -0.0023912115648444068, ""recall"": -0.002564102564102452}",3722.6269085407257,0.040097713470458984,3742.0782237052917,400.578125,533,ok,,0.2.0,"{""mode"": ""best"", ""elapsed_time"": 3687.5179467201233, ""n_init_feats"": 216, ""n_added_feats"": 7, ""initial_metric"": null, ""final_metric"": 0.1325741108221983, ""pct_gain"": 0.08808415854859149}"
6,letter,openml_task,amlb,multiclass,tabularaml,1,4500,16000,4000,16,18,2,0.11980193007795878,categorical_crossentropy,False,0.1155606983529794,-0.036701333458755724,"{""accuracy"": 0.9970576923051996, ""categorical_crossentropy"": 0.11980193007795878, ""categorical_roc_auc"": 0.9995673481228233, ""f1"": 0.9615875280520569, ""precision"": 0.9620578442260826, ""recall"": 0.9615013969714592}","{""accuracy"": -3.857355011678574e-05, ""categorical_crossentropy"": -0.036701333458754974, ""categorical_roc_auc"": -5.9169769909072765e-06, ""f1"": -0.0005714211172290999, ""precision"": -0.0004709043931819836, ""recall"": -0.0006127964224083475}",3668.1789498329163,0.00648951530456543,3747.5377831459045,700.87890625,1786,ok,,0.2.0,"{""mode"": ""best"", ""elapsed_time"": 3631.5655806064606, ""n_init_feats"": 16, ""n_added_feats"": 2, ""initial_metric"": null, ""final_metric"": 0.16059459445400445, ""pct_gain"": 0.01879657796196703}"
6,letter,openml_task,amlb,multiclass,tabularaml,0,4500,16000,4000,16,19,3,0.10722752959453243,categorical_crossentropy,False,0.1168305045501175,0.08219578433358235,"{""accuracy"": 0.9972499999975066, ""categorical_crossentropy"": 0.10722752959453243, ""categorical_roc_auc"": 0.9997431191832914, ""f1"": 0.9639629440847973, ""precision"": 0.9644335621507412, ""recall"": 0.9638974071458113}","{""accuracy"": 0.0002700461007268987, ""categorical_crossentropy"": 0.082195784333583, ""categorical_roc_auc"": 7.164916880821e-05, ""f1"": 0.0035907892905074046, ""precision"": 0.0035796901794185217, ""recall"": 0.0035661620525256786}",3693.5173711776733,0.009802818298339844,3746.99750995636,635.10546875,968,ok,,0.2.0,"{""mode"": ""best"", ""elapsed_time"": 3646.4982273578644, ""n_init_feats"": 16, ""n_added_feats"": 3, ""initial_metric"": null, ""final_metric"": 0.15427672803557288, ""pct_gain"": 0.07619189385779343}"
43,spambase,openml_task,amlb,classification,tabularaml,1,4500,3680,921,57,68,11,0.9878945861350552,binary_roc_auc,True,0.987366331941112,0.0005350133753342386,"{""accuracy"": 0.9500542888061884, ""binary_crossentropy"": 0.13382510173439813, ""binary_roc_auc"": 0.9878945861350552, ""f1"": 0.9361111060854552, ""precision"": 0.9439775910099726, ""recall"": 0.9283746556218079}","{""accuracy"": 0.0, ""binary_crossentropy"": 0.018052932485595474, ""binary_roc_auc"": 0.0005350133753343511, ""f1"": -0.00018902038220756592, ""precision"": 0.002627086337337146, ""recall"": -0.002958579881656782}",3747.5324182510376,0.021668672561645508,3751.164290189743,463.8046875,266,ok,,0.2.0,"{""mode"": ""best"", ""elapsed_time"": 3603.660788536072, ""n_init_feats"": 57, ""n_added_feats"": 11, ""initial_metric"": null, ""final_metric"": 0.9858962976010816, ""pct_gain"": 1.8524468272520417e-05}"
6,letter,openml_task,amlb,multiclass,tabularaml,2,4500,16000,4000,16,23,7,0.11483063478355601,categorical_crossentropy,False,0.1198477487991486,0.041862396798130155,"{""accuracy"": 0.9973653846128911, ""categorical_crossentropy"": 0.11483063478355601, ""categorical_roc_auc"": 0.9996444991685518, ""f1"": 0.9656472619436761, ""precision"": 0.9659023113822442, ""recall"": 0.9656045603998221}","{""accuracy"": 0.00034718873565437033, ""categorical_crossentropy"": 0.041862396798130155, ""categorical_roc_auc"": 1.3026841091767196e-05, ""f1"": 0.004651757292236907, ""precision"": 0.0045222282618923495, ""recall"": 0.0046748746452598385}",3691.6412467956543,0.014600276947021484,3750.9840836524963,654.7421875,1092,ok,,0.2.0,"{""mode"": ""best"", ""elapsed_time"": 3644.9625327587128, ""n_init_feats"": 16, ""n_added_feats"": 7, ""initial_metric"": null, ""final_metric"": 0.14311268512299305, ""pct_gain"": 0.1254745896138514}"
6,letter,openml_task,amlb,multiclass,tabularaml,4,4500,16000,4000,16,22,6,0.10939347079672075,categorical_crossentropy,False,0.1161937423163487,0.058525281861681946,"{""accuracy"": 0.997038461535969, ""categorical_crossentropy"": 0.10939347079672075, ""categorical_roc_auc"": 0.999739161691311, ""f1"": 0.9613897120939606, ""precision"": 0.9618543214058202, ""recall"": 0.9613147642820193}","{""accuracy"": 0.00019291612007094012, ""categorical_crossentropy"": 0.05852528186168262, ""categorical_roc_auc"": 4.496137184676223e-05, ""f1"": 0.0025422288975277332, ""precision"": 0.0025507391452430053, ""recall"": 0.002543507861210045}",3701.3694701194763,0.011842966079711914,3755.188024997711,656.93359375,1104,ok,,0.2.0,"{""mode"": ""best"", ""elapsed_time"": 3665.142767906189, ""n_init_feats"": 16, ""n_added_feats"": 6, ""initial_metric"": null, ""final_metric"": 0.16390419320075356, ""pct_gain"": 0.049108411813029815}"
14,mfeat-fourier,openml_task,amlb,multiclass,tabularaml,3,4500,1600,400,76,77,1,0.4762251367716817,categorical_crossentropy,False,0.4736232697739615,-0.005493537086895969,"{""accuracy"": 0.966999999975825, ""categorical_crossentropy"": 0.4762251367716817, ""categorical_roc_auc"": 0.9793125, ""f1"": 0.834686450998781, ""precision"": 0.8393310745718632, ""recall"": 0.8349999997912502}","{""accuracy"": 0.0025920165889063386, ""categorical_crossentropy"": -0.005493537086895969, ""categorical_roc_auc"": -0.0005811357660716612, ""f1"": 0.014674835286619487, ""precision"": 0.016763139778902023, ""recall"": 0.015197568389058036}",3750.5478942394257,0.011628150939941406,3765.66748213768,394.890625,159,ok,,0.2.0,"{""mode"": ""best"", ""elapsed_time"": 3727.027552843094, ""n_init_feats"": 76, ""n_added_feats"": 1, ""initial_metric"": null, ""final_metric"": 0.657311892827399, ""pct_gain"": 0.016800077782464853}"
6,letter,openml_task,amlb,multiclass,tabularaml,3,4500,16000,4000,16,17,1,0.11620542765477675,categorical_crossentropy,False,0.1149115855404337,-0.011259457506030067,"{""accuracy"": 0.9972115384590455, ""categorical_crossentropy"": 0.11620542765477675, ""categorical_roc_auc"": 0.999610149778574, ""f1"": 0.9637013056678251, ""precision"": 0.9640723253602305, ""recall"": 0.9637069749741956}","{""accuracy"": -9.641342074803034e-05, ""categorical_crossentropy"": -0.011259457506030067, ""categorical_roc_auc"": -1.2131105020427165e-05, ""f1"": -0.0013333255747035473, ""precision"": -0.0013660417018704107, ""recall"": -0.001273682735174301}",3711.3167893886566,0.006458282470703125,3778.9150609970093,718.1796875,1474,ok,,0.2.0,"{""mode"": ""best"", ""elapsed_time"": 3669.2951550483704, ""n_init_feats"": 16, ""n_added_feats"": 1, ""initial_metric"": null, ""final_metric"": 0.1724792811852927, ""pct_gain"": 0.014304509824562097}"
43,spambase,openml_task,amlb,classification,tabularaml,4,4500,3680,921,57,69,12,0.9851940717043355,binary_roc_auc,True,0.984739871836646,0.0004612384251714441,"{""accuracy"": 0.9457111834859314, ""binary_crossentropy"": 0.15314656969788457, ""binary_roc_auc"": 0.9851940717043355, ""f1"": 0.9301675927403562, ""precision"": 0.9433427761772424, ""recall"": 0.9173553718755549}","{""accuracy"": -0.0011467889908257105, ""binary_crossentropy"": -0.018162506557979494, ""binary_roc_auc"": 0.0004612384251714441, ""f1"": -0.001190516261973694, ""precision"": -0.0055121335196739035, ""recall"": 0.0030120481927710615}",3800.027039527893,0.028213977813720703,3807.006982564926,479.8515625,344,ok,,0.2.0,"{""mode"": ""best"", ""elapsed_time"": 3604.459161758423, ""n_init_feats"": 57, ""n_added_feats"": 12, ""initial_metric"": null, ""final_metric"": 0.9869836229219031, ""pct_gain"": 0.0006752549835124862}"
3902,pc4,openml_task,amlb,classification,tabularaml,3,4500,1166,292,37,,,,,,,,,,,,93.72623109817505,,,crash,ValueError: Input X contains infinity or a value too large for dtype('float64').,0.2.0,
43,spambase,openml_task,amlb,classification,tabularaml,0,4500,3680,921,57,71,14,0.989128824905951,binary_roc_auc,True,0.9896965747405628,-0.0005736605027259584,"{""accuracy"": 0.9543973941264452, ""binary_crossentropy"": 0.12085363224538018, ""binary_roc_auc"": 0.989128824905951, ""f1"": 0.9427792865280388, ""precision"": 0.9326145552309268, ""recall"": 0.9531680440508769}","{""accuracy"": -0.004530011325028285, ""binary_crossentropy"": -0.035659819338031765, ""binary_roc_auc"": -0.0005736605027260706, ""f1"": -0.005598787612905153, ""precision"": -0.008257144410552805, ""recall"": -0.002881844380403552}",3832.782607793808,0.03510904312133789,3837.2875912189484,469.734375,325,ok,,0.2.0,"{""mode"": ""best"", ""elapsed_time"": 3618.111540079117, ""n_init_feats"": 57, ""n_added_feats"": 14, ""initial_metric"": null, ""final_metric"": 0.9880032138945551, ""pct_gain"": 0.0008988763263967492}"
22,mfeat-zernike,openml_task,amlb,multiclass,tabularaml,2,4500,1600,400,47,57,10,0.5986502542777452,categorical_crossentropy,False,0.5827837244176771,-0.027225416900449773,"{""accuracy"": 0.954999999976125, ""categorical_crossentropy"": 0.5986502542777452, ""categorical_roc_auc"": 0.9704583333333332, ""f1"": 0.7727092196563865, ""precision"": 0.7739386547702416, ""recall"": 0.7749999998062501}","{""accuracy"": -0.0020898641588297196, ""categorical_crossentropy"": -0.027225416900449773, ""categorical_roc_auc"": -0.0010008149493159137, ""f1"": -0.014397117111500012, ""precision"": -0.01445624299857902, ""recall"": -0.012738853503184443}",4020.9073367118835,0.03755664825439453,4035.0603046417236,373.37890625,129,ok,,0.2.0,"{""mode"": ""best"", ""elapsed_time"": 3663.4358377456665, ""n_init_feats"": 47, ""n_added_feats"": 10, ""initial_metric"": null, ""final_metric"": 1.0178581257047012, ""pct_gain"": 0.013168467385633176}"
14,mfeat-fourier,openml_task,amlb,multiclass,tabularaml,4,4500,1600,400,76,86,10,0.3934619797344203,categorical_crossentropy,False,0.4010747689934215,0.018980972745074445,"{""accuracy"": 0.9704999999757374, ""categorical_crossentropy"": 0.3934619797344203, ""categorical_roc_auc"": 0.9869652777777779, ""f1"": 0.8518072635689604, ""precision"": 0.8551474042882589, ""recall"": 0.8524999997868751}","{""accuracy"": 0.0010314595152139349, ""categorical_crossentropy"": 0.018980972745074445, ""categorical_roc_auc"": 0.0010706411872847593, ""f1"": 0.005820333757123119, ""precision"": 0.00464953598638252, ""recall"": 0.005899705014749399}",4122.3032579422,0.022801637649536133,4136.179990530014,391.1875,189,ok,,0.2.0,"{""mode"": ""best"", ""elapsed_time"": 3654.1404101848602, ""n_init_feats"": 76, ""n_added_feats"": 10, ""initial_metric"": null, ""final_metric"": 0.6846070904749635, ""pct_gain"": 0.07785102946953161}"
22,mfeat-zernike,openml_task,amlb,multiclass,tabularaml,1,4500,1600,400,47,57,10,0.5126720130944159,categorical_crossentropy,False,0.5061326991417445,-0.012920157033442362,"{""accuracy"": 0.96199999997595, ""categorical_crossentropy"": 0.5126720130944159, ""categorical_roc_auc"": 0.9739097222222222, ""f1"": 0.8112395155444343, ""precision"": 0.8131971097031807, ""recall"": 0.8099999997975}","{""accuracy"": -0.001556824078879004, ""categorical_crossentropy"": -0.012920157033442362, ""categorical_roc_auc"": -0.0008406893652794557, ""f1"": -0.008604412802920455, ""precision"": -0.008329360810973449, ""recall"": -0.009174311926605512}",4153.639584779739,0.029042720794677734,4165.427772283554,389.3671875,117,ok,,0.2.0,"{""mode"": ""best"", ""elapsed_time"": 3694.7401099205017, ""n_init_feats"": 47, ""n_added_feats"": 10, ""initial_metric"": null, ""final_metric"": 0.9789575323023205, ""pct_gain"": 0.031211790253243814}"
32,pendigits,openml_task,amlb,multiclass,tabularaml,2,4500,8793,2199,16,33,17,0.04270053226705959,categorical_crossentropy,False,0.0400049375068379,-0.06738155158374984,"{""accuracy"": 0.9978171896271132, ""categorical_crossentropy"": 0.04270053226705959, ""categorical_roc_auc"": 0.999186817123428, ""f1"": 0.989018715224787, ""precision"": 0.9891472294607215, ""recall"": 0.9889216965161566}","{""accuracy"": 0.0, ""categorical_crossentropy"": -0.06738155158374835, ""categorical_roc_auc"": -0.00011772885801172912, ""f1"": -7.501443444919158e-05, ""precision"": -0.0001030584727482687, ""recall"": -7.339737514779194e-05}",4224.304032802582,0.026519775390625,4234.552404642105,463.953125,598,ok,,0.2.0,"{""mode"": ""best"", ""elapsed_time"": 3616.9028379917145, ""n_init_feats"": 16, ""n_added_feats"": 17, ""initial_metric"": null, ""final_metric"": 0.0462520410637208, ""pct_gain"": 0.09036562453311389}"
28,optdigits,openml_task,amlb,multiclass,tabularaml,4,4500,4496,1124,62,74,12,0.07036854819365596,categorical_crossentropy,False,0.0676725837657286,-0.03983835517881721,"{""accuracy"": 0.9957295373576894, ""categorical_crossentropy"": 0.07036854819365596, ""categorical_roc_auc"": 0.999667729625308, ""f1"": 0.9787309510342659, ""precision"": 0.9789786236999, ""recall"": 0.9787115592165752}","{""accuracy"": 0.0, ""categorical_crossentropy"": -0.039838355178815926, ""categorical_roc_auc"": -3.5136847188489334e-05, ""f1"": 1.04904167105931e-05, ""precision"": 4.8075482413275616e-05, ""recall"": 0.0}",4259.0053379535675,0.03182387351989746,4265.580384016037,442.8828125,399,ok,,0.2.0,"{""mode"": ""best"", ""elapsed_time"": 3639.184302330017, ""n_init_feats"": 62, ""n_added_feats"": 12, ""initial_metric"": null, ""final_metric"": 0.0904580941625638, ""pct_gain"": 0.038979938544464056}"
22,mfeat-zernike,openml_task,amlb,multiclass,tabularaml,0,4500,1600,400,47,57,10,0.590477900285041,categorical_crossentropy,False,0.6159362480696291,0.041332764331334086,"{""accuracy"": 0.95399999997615, ""categorical_crossentropy"": 0.590477900285041, ""categorical_roc_auc"": 0.9701736111111112, ""f1"": 0.7714891600211891, ""precision"": 0.77638798075755, ""recall"": 0.7699999998075}","{""accuracy"": 0.0026274303730951677, ""categorical_crossentropy"": 0.041332764331334086, ""categorical_roc_auc"": 0.001821428315322467, ""f1"": 0.014769477655650311, ""precision"": 0.015353883506490631, ""recall"": 0.016501650165016517}",4271.797489643097,0.02988409996032715,4285.3381106853485,378.08203125,119,ok,,0.2.0,"{""mode"": ""best"", ""elapsed_time"": 3722.600154876709, ""n_init_feats"": 47, ""n_added_feats"": 10, ""initial_metric"": null, ""final_metric"": 0.9755689540093024, ""pct_gain"": 0.0533666290189615}"
32,pendigits,openml_task,amlb,multiclass,tabularaml,3,4500,8793,2199,16,27,11,0.02194169229513036,categorical_crossentropy,False,0.0237371618249426,0.07563960439135532,"{""accuracy"": 0.9987266939472546, ""categorical_crossentropy"": 0.02194169229513036, ""categorical_roc_auc"": 0.9999721523671073, ""f1"": 0.9936372078399515, ""precision"": 0.9935918925281749, ""recall"": 0.9936963701668805}","{""accuracy"": -9.105809506463799e-05, ""categorical_crossentropy"": 0.07563960439135532, ""categorical_roc_auc"": 6.035370405708536e-06, ""f1"": -0.00044330615846450316, ""precision"": -0.00044349557859478165, ""recall"": -0.00043925832872983484}",4302.114100217819,0.025404691696166992,4317.996836185455,474.57421875,649,ok,,0.2.0,"{""mode"": ""best"", ""elapsed_time"": 3622.306660890579, ""n_init_feats"": 16, ""n_added_feats"": 11, ""initial_metric"": null, ""final_metric"": 0.05620980080098879, ""pct_gain"": -0.002097571357996214}"
3913,kc2,openml_task,amlb,classification,tabularaml,4,4500,417,105,21,,,,,,,,,,,,153.86920142173767,,,crash,ValueError: Input X contains infinity or a value too large for dtype('float64').,0.2.0,
28,optdigits,openml_task,amlb,multiclass,tabularaml,2,4500,4496,1124,62,77,15,0.06782715319038411,categorical_crossentropy,False,0.0673996822910545,-0.0063423281059938365,"{""accuracy"": 0.9960854092438073, ""categorical_crossentropy"": 0.06782715319038411, ""categorical_roc_auc"": 0.99967773857288, ""f1"": 0.9805178678969743, ""precision"": 0.9807304151700589, ""recall"": 0.980458463399866}","{""accuracy"": -0.00017860332202180112, ""categorical_crossentropy"": -0.006342328105993629, ""categorical_roc_auc"": -9.708003242922912e-06, ""f1"": -0.0008905783157821071, ""precision"": -0.0008946196771409791, ""recall"": -0.0008694526967625554}",4342.230283498764,0.030370473861694336,4357.219985485077,479.78515625,1386,ok,,0.2.0,"{""mode"": ""best"", ""elapsed_time"": 3611.705751657486, ""n_init_feats"": 62, ""n_added_feats"": 15, ""initial_metric"": null, ""final_metric"": 0.09326912090365694, ""pct_gain"": 0.012987531728700532}"
32,pendigits,openml_task,amlb,multiclass,tabularaml,1,4500,8793,2199,16,31,15,0.033457858024443156,categorical_crossentropy,False,0.0341939279514678,0.0215263343851389,"{""accuracy"": 0.9980900409231556, ""categorical_crossentropy"": 0.033457858024443156, ""categorical_roc_auc"": 0.9999075906385413, ""f1"": 0.99058785359818, ""precision"": 0.9906228343568259, ""recall"": 0.9906023491814839}","{""accuracy"": 9.113278046111859e-05, ""categorical_crossentropy"": 0.0215263343851389, ""categorical_roc_auc"": 1.6504582015188797e-05, ""f1"": 0.00045942243218118924, ""precision"": 0.00046948725464785726, ""recall"": 0.0004390832032198577}",4389.332391262054,0.021947145462036133,4397.651066064835,471.60546875,347,ok,,0.2.0,"{""mode"": ""best"", ""elapsed_time"": 3617.221330165863, ""n_init_feats"": 16, ""n_added_feats"": 15, ""initial_metric"": null, ""final_metric"": 0.04423076111240241, ""pct_gain"": 0.045449331581175915}"
32,pendigits,openml_task,amlb,multiclass,tabularaml,0,4500,8793,2199,16,37,21,0.03715485078934355,categorical_crossentropy,False,0.0351848806681699,-0.05598910906512716,"{""accuracy"": 0.9980900409231556, ""categorical_crossentropy"": 0.03715485078934355, ""categorical_roc_auc"": 0.9994421421099293, ""f1"": 0.9905066501254056, ""precision"": 0.9906246514969197, ""recall"": 0.9904925071702696}","{""accuracy"": -9.111617312071567e-05, ""categorical_crossentropy"": -0.055989109065124665, ""categorical_roc_auc"": -0.00021278970612741558, ""f1"": -0.00044738622941887846, ""precision"": -0.00044979858586846714, ""recall"": -0.0004406785346554894}",4472.188234329224,0.026486873626708984,4487.00471496582,476.30859375,913,ok,,0.2.0,"{""mode"": ""best"", ""elapsed_time"": 3628.544957637787, ""n_init_feats"": 16, ""n_added_feats"": 21, ""initial_metric"": null, ""final_metric"": 0.04492105310505059, ""pct_gain"": 0.20402983684928105}"
28,optdigits,openml_task,amlb,multiclass,tabularaml,1,4500,4496,1124,62,82,20,0.05352432192082154,categorical_crossentropy,False,0.0560642355160188,0.045303633801829946,"{""accuracy"": 0.9971530249021606, ""categorical_crossentropy"": 0.05352432192082154, ""categorical_roc_auc"": 0.9997357170089038, ""f1"": 0.9857280493077243, ""precision"": 0.9857892663264657, ""recall"": 0.9857132965478114}","{""accuracy"": 0.0, ""categorical_crossentropy"": 0.04530363380183018, ""categorical_roc_auc"": 5.111329012729243e-05, ""f1"": -5.563449667165063e-08, ""precision"": 0.0, ""recall"": -8.160275844209577e-06}",4493.392949819565,0.03948569297790527,4506.455231189728,482.53515625,1127,ok,,0.2.0,"{""mode"": ""best"", ""elapsed_time"": 3620.4240367412567, ""n_init_feats"": 62, ""n_added_feats"": 20, ""initial_metric"": null, ""final_metric"": 0.09378860241625049, ""pct_gain"": 0.08006070969293308}"
3913,kc2,openml_task,amlb,classification,tabularaml,1,4500,417,105,21,43,22,0.7891566265060241,binary_roc_auc,True,0.8170865279299013,-0.034182305630026645,"{""accuracy"": 0.8190476189696145, ""binary_crossentropy"": 0.4082333992634501, ""binary_roc_auc"": 0.7891566265060241, ""f1"": 0.3448275823067777, ""precision"": 0.7142857132653061, ""recall"": 0.22727272716942148}","{""accuracy"": -0.011494252873563282, ""binary_crossentropy"": -0.08503264555197869, ""binary_roc_auc"": -0.034182305630026645, ""f1"": -0.13793103522922454, ""precision"": -0.047619047789115576, ""recall"": -0.1666666666666666}",666.7074801921844,0.05431222915649414,669.2569580078125,353.55078125,12,ok,,0.2.0,"{""mode"": ""best"", ""elapsed_time"": 632.1638116836548, ""n_init_feats"": 21, ""n_added_feats"": 22, ""initial_metric"": null, ""final_metric"": 0.8865536723163843, ""pct_gain"": 0.04819594946072676}"
3021,sick,openml_task,amlb,classification,tabularaml,2,4500,3017,755,27,38,11,0.9980683142208868,binary_roc_auc,True,0.9960139817256392,0.0020625538726760087,"{""accuracy"": 0.9894039734968291, ""binary_crossentropy"": 0.028983929579991182, ""binary_roc_auc"": 0.9980683142208868, ""f1"": 0.9047618995918368, ""precision"": 0.9999999997368421, ""recall"": 0.826086956342155}","{""accuracy"": 0.002684563758389256, ""binary_crossentropy"": 0.09266794861208577, ""binary_roc_auc"": 0.0020625538726758968, ""f1"": 0.027027027179032242, ""precision"": 0.027027027027026966, ""recall"": 0.02702702702702702}",1851.3738992214203,0.05780792236328125,1854.5398755073547,403.83203125,95,ok,,0.2.0,"{""mode"": ""best"", ""elapsed_time"": 1849.838924407959, ""n_init_feats"": 27, ""n_added_feats"": 11, ""initial_metric"": null, ""final_metric"": 0.9979302792695197, ""pct_gain"": 0.003634606171030701}"
3913,kc2,openml_task,amlb,classification,tabularaml,0,4500,417,105,21,45,24,0.78039430449069,binary_roc_auc,True,0.7913472070098575,-0.013840830449826858,"{""accuracy"": 0.8095238094467121, ""binary_crossentropy"": 0.4302137783418099, ""binary_roc_auc"": 0.78039430449069, ""f1"": 0.4117647010726644, ""precision"": 0.5833333328472222, ""recall"": 0.3181818180371901}","{""accuracy"": 0.0, ""binary_crossentropy"": -0.02965216608542367, ""binary_roc_auc"": -0.013840830449826858, ""f1"": -0.07352941216371092, ""precision"": 0.020833333211805635, ""recall"": -0.12499999999999994}",727.8287091255188,0.08084869384765625,731.6643216609955,355.50390625,50,ok,,0.2.0,"{""mode"": ""best"", ""elapsed_time"": 683.9616785049438, ""n_init_feats"": 21, ""n_added_feats"": 24, ""initial_metric"": null, ""final_metric"": 0.8572071563088512, ""pct_gain"": 0.05904004450076926}"
32,pendigits,openml_task,amlb,multiclass,tabularaml,4,4500,8793,2199,16,31,15,0.03923980261255281,categorical_crossentropy,False,0.0376996279619635,-0.04085384216903273,"{""accuracy"": 0.9981809913551698, ""categorical_crossentropy"": 0.03923980261255281, ""categorical_roc_auc"": 0.9994468787812648, ""f1"": 0.9909499839547733, ""precision"": 0.990965056469326, ""recall"": 0.9909626102824953}","{""accuracy"": -0.00027327382036796896, ""categorical_crossentropy"": -0.04085384216903043, ""categorical_roc_auc"": -6.012653166775758e-05, ""f1"": -0.0013890715880053555, ""precision"": -0.0013750485535823282, ""recall"": -0.0013971533061974998}",4550.08167386055,0.0387270450592041,4566.204720497131,485.58203125,641,ok,,0.2.0,"{""mode"": ""best"", ""elapsed_time"": 3618.8125512599945, ""n_init_feats"": 16, ""n_added_feats"": 15, ""initial_metric"": null, ""final_metric"": 0.047429228376836795, ""pct_gain"": 0.09539653371921525}"
3560,analcatdata_dmft,openml_task,amlb,multiclass,tabularaml,2,4500,637,160,4,10,6,1.7630684152245522,categorical_crossentropy,False,1.7771826073527337,0.007941891885384727,"{""accuracy"": 0.7333333332874998, ""categorical_crossentropy"": 1.7630684152245522, ""categorical_roc_auc"": 0.5851055595979197, ""f1"": 0.16512980729830914, ""precision"": 0.22550296677711898, ""recall"": 0.18733572275311663}","{""accuracy"": 0.0028490028490026588, ""categorical_crossentropy"": 0.007941891885384727, ""categorical_roc_auc"": -0.01161980143411993, ""f1"": 0.9312696233012183, ""precision"": 0.39737904343267655, ""recall"": 0.10169094568478497}",927.5232713222504,0.03650045394897461,930.6603500843048,348.54296875,6,ok,,0.2.0,"{""mode"": ""best"", ""elapsed_time"": 926.5063028335571, ""n_init_feats"": 4, ""n_added_feats"": 6, ""initial_metric"": null, ""final_metric"": 2.058212753291676, ""pct_gain"": -0.0019332576308546245}"
28,optdigits,openml_task,amlb,multiclass,tabularaml,0,4500,4496,1124,62,78,16,0.0853731847903463,categorical_crossentropy,False,0.0845080659274483,-0.010237115870581008,"{""accuracy"": 0.9957295373576894, ""categorical_crossentropy"": 0.0853731847903463, ""categorical_roc_auc"": 0.9993143318732265, ""f1"": 0.9785931438276906, ""precision"": 0.9788577225477848, ""recall"": 0.978601486738101}","{""accuracy"": -0.00035727045373327646, ""categorical_crossentropy"": -0.010237115870580012, ""categorical_roc_auc"": 3.615674645820685e-05, ""f1"": -0.0018247088721097403, ""precision"": -0.0017031923980940647, ""recall"": -0.001829627441733137}",4596.466366052628,0.026266098022460938,4610.178570985794,483.59765625,1448,ok,,0.2.0,"{""mode"": ""best"", ""elapsed_time"": 3663.1471734046936, ""n_init_feats"": 62, ""n_added_feats"": 16, ""initial_metric"": null, ""final_metric"": 0.06562335800377926, ""pct_gain"": 0.14042829025408168}"
3560,analcatdata_dmft,openml_task,amlb,multiclass,tabularaml,1,4500,637,160,4,5,1,1.7829340368509292,categorical_crossentropy,False,1.7794298946857452,-0.001969249912935102,"{""accuracy"": 0.7374999999539064, ""categorical_crossentropy"": 1.7829340368509292, ""categorical_roc_auc"": 0.5329070733291789, ""f1"": 0.11942802602726227, ""precision"": 0.35530302829393445, ""recall"": 0.18954998002381485}","{""accuracy"": 0.005681818181818408, ""categorical_crossentropy"": -0.001969249912935102, ""categorical_roc_auc"": -0.03067210509021998, ""f1"": 0.1666316185799553, ""precision"": 0.22288382738409973, ""recall"": 0.07082433404987819}",937.7501156330109,0.011464595794677734,941.314936876297,344.87890625,3,ok,,0.2.0,"{""mode"": ""best"", ""elapsed_time"": 936.956328868866, ""n_init_feats"": 4, ""n_added_feats"": 1, ""initial_metric"": null, ""final_metric"": 1.9340023855530286, ""pct_gain"": -0.0013415820203580594}"
28,optdigits,openml_task,amlb,multiclass,tabularaml,3,4500,4496,1124,62,83,21,0.06783469351926846,categorical_crossentropy,False,0.0644113057185376,-0.053148865133867386,"{""accuracy"": 0.9950177935854537, ""categorical_crossentropy"": 0.06783469351926846, ""categorical_roc_auc"": 0.9996426852960276, ""f1"": 0.9751400810841853, ""precision"": 0.9752094178109836, ""recall"": 0.9751166999688017}","{""accuracy"": 0.0, ""categorical_crossentropy"": -0.053148865133866706, ""categorical_roc_auc"": -2.795535586371106e-05, ""f1"": 1.234484948061884e-05, ""precision"": 5.555052566417838e-05, ""recall"": 8.249088951230813e-06}",4658.831701755524,0.0360410213470459,4668.69663143158,456.55859375,690,ok,,0.2.0,"{""mode"": ""best"", ""elapsed_time"": 3644.732098340988, ""n_init_feats"": 62, ""n_added_feats"": 21, ""initial_metric"": null, ""final_metric"": 0.09923622471500929, ""pct_gain"": 0.05522323365423443}"
2079,eucalyptus,openml_task,amlb,multiclass,tabularaml,2,4500,588,148,19,46,27,0.8252386121500938,categorical_crossentropy,False,0.8227185011964064,-0.003063150944123102,"{""accuracy"": 0.8729729729139883, ""categorical_crossentropy"": 0.8252386121500938, ""categorical_roc_auc"": 0.901536898178507, ""f1"": 0.6581304012613153, ""precision"": 0.696331028053517, ""recall"": 0.6427382692603879}","{""accuracy"": -0.0030864197530863693, ""categorical_crossentropy"": -0.003063150944123102, ""categorical_roc_auc"": -0.010207992632057829, ""f1"": -0.010460713221947462, ""precision"": 0.0169460729582363, ""recall"": -0.019174260044773957}",2424.4619920253754,0.05682659149169922,2428.298266172409,355.984375,145,ok,,0.2.0,"{""mode"": ""best"", ""elapsed_time"": 2354.3061094284058, ""n_init_feats"": 19, ""n_added_feats"": 27, ""initial_metric"": null, ""final_metric"": 1.1744524813147146, ""pct_gain"": -0.02603599975700664}"
3560,analcatdata_dmft,openml_task,amlb,multiclass,tabularaml,4,4500,637,160,4,10,6,1.7914126552641392,categorical_crossentropy,False,1.805876401811838,0.008009267153160311,"{""accuracy"": 0.7229166666214843, ""categorical_crossentropy"": 1.7914126552641392, ""categorical_roc_auc"": 0.5370436198579024, ""f1"": 0.1739944923033643, ""precision"": 0.21073174191981672, ""recall"": 0.16701712458910323}","{""accuracy"": -0.011396011396011393, ""categorical_crossentropy"": 0.008009267153160311, ""categorical_roc_auc"": 0.01480619684021188, ""f1"": -0.10672459541894451, ""precision"": 0.028846516599925456, ""recall"": -0.13547722118925598}",1092.5322678089142,0.028995990753173828,1095.081255197525,349.796875,17,ok,,0.2.0,"{""mode"": ""best"", ""elapsed_time"": 1091.8067119121552, ""n_init_feats"": 4, ""n_added_feats"": 6, ""initial_metric"": null, ""final_metric"": 1.947879786048945, ""pct_gain"": 0.00036879560252085}"
2079,eucalyptus,openml_task,amlb,multiclass,tabularaml,4,4500,588,148,19,48,29,0.7875856599090872,categorical_crossentropy,False,0.7734474340151694,-0.01827949162688747,"{""accuracy"": 0.862162162103908, ""categorical_crossentropy"": 0.7875856599090872, ""categorical_roc_auc"": 0.9157514842603256, ""f1"": 0.6142358650070909, ""precision"": 0.6403520550768912, ""recall"": 0.6073953176554683}","{""accuracy"": -0.006230529595015602, ""categorical_crossentropy"": -0.01827949162688747, ""categorical_roc_auc"": -0.0009869166698438748, ""f1"": -0.02590287406446211, ""precision"": -0.013563972591905683, ""recall"": -0.03433211921775912}",2392.4863500595093,0.058632612228393555,2396.045816898346,360.078125,65,ok,,0.2.0,"{""mode"": ""best"", ""elapsed_time"": 2357.663512468338, ""n_init_feats"": 19, ""n_added_feats"": 29, ""initial_metric"": null, ""final_metric"": 1.133131590450724, ""pct_gain"": -0.03803307763010435}"
3913,kc2,openml_task,amlb,classification,tabularaml,3,4500,417,105,21,46,25,0.8225629791894852,binary_roc_auc,True,0.8628148959474261,-0.046651856553475174,"{""accuracy"": 0.8476190475383221, ""binary_crossentropy"": 0.36375967938275566, ""binary_roc_auc"": 0.8225629791894852, ""f1"": 0.499999995390625, ""precision"": 0.7999999992, ""recall"": 0.36363636347107436}","{""accuracy"": 0.05952380952380958, ""binary_crossentropy"": 0.06871826887903258, ""binary_roc_auc"": -0.046651856553475174, ""f1"": 4.750000006992188, ""precision"": -0.19999999280000008, ""recall"": 7.000000000000001}",724.4348962306976,0.06985211372375488,727.3236103057861,356.83203125,28,ok,,0.2.0,"{""mode"": ""best"", ""elapsed_time"": 694.5123355388641, ""n_init_feats"": 21, ""n_added_feats"": 25, ""initial_metric"": null, ""final_metric"": 0.8461045197740112, ""pct_gain"": 0.0727688619504695}"
3022,vowel,openml_task,amlb,multiclass,tabularaml,0,4500,792,198,12,39,27,0.2774767200533075,categorical_crossentropy,False,0.2285976336047175,-0.213821489215894,"{""accuracy"": 0.9862258952669951, ""categorical_crossentropy"": 0.2774767200533075, ""categorical_roc_auc"": 0.995594837261504, ""f1"": 0.9250282021862795, ""precision"": 0.9298569502305821, ""recall"": 0.9242424237289562}","{""accuracy"": -0.0018587360594794747, ""categorical_crossentropy"": -0.21382148921589356, ""categorical_roc_auc"": -0.00238978857399902, ""f1"": -0.010114461985527451, ""precision"": -0.007727611458026707, ""recall"": -0.010810810810810933}",2013.1585001945496,0.07851171493530273,2022.805312871933,375.59765625,362,ok,,0.2.0,"{""mode"": ""best"", ""elapsed_time"": 1859.0441522598267, ""n_init_feats"": 12, ""n_added_feats"": 27, ""initial_metric"": null, ""final_metric"": 0.23437371128077503, ""pct_gain"": 0.2585496783273726}"
3560,analcatdata_dmft,openml_task,amlb,multiclass,tabularaml,3,4500,637,160,4,10,6,1.7842045165598392,categorical_crossentropy,False,1.78266012147069,-0.0008663429840316629,"{""accuracy"": 0.7333333332874999, ""categorical_crossentropy"": 1.7842045165598392, ""categorical_roc_auc"": 0.5234508334686011, ""f1"": 0.154798901187971, ""precision"": 0.1936815108737283, ""recall"": 0.18505774585317702}","{""accuracy"": 0.0, ""categorical_crossentropy"": -0.0008663429840317876, ""categorical_roc_auc"": -0.05120980291379713, ""f1"": 1.3427526285444116, ""precision"": 1.189375803551594, ""recall"": 0.07069124421202179}",1305.0625863075256,0.03223419189453125,1308.121949672699,347.046875,5,ok,,0.2.0,"{""mode"": ""best"", ""elapsed_time"": 1304.20228266716, ""n_init_feats"": 4, ""n_added_feats"": 6, ""initial_metric"": null, ""final_metric"": 1.9728838370082376, ""pct_gain"": 0.00639678058709399}"
3913,kc2,openml_task,amlb,classification,tabularaml,2,4500,417,105,21,47,26,0.8669222343921139,binary_roc_auc,True,0.8346111719605696,0.03871391076115485,"{""accuracy"": 0.866666666584127, ""binary_crossentropy"": 0.35340114462943306, ""binary_roc_auc"": 0.8669222343921139, ""f1"": 0.6315789421606649, ""precision"": 0.74999999953125, ""recall"": 0.5454545452066115}","{""accuracy"": 0.03409090909090915, ""binary_crossentropy"": 0.10793637890047238, ""binary_roc_auc"": 0.03871391076115485, ""f1"": 0.16842105404986127, ""precision"": 0.12500000004687506, ""recall"": 0.1999999999999999}",986.1449363231659,0.07143974304199219,989.0292134284973,360.83984375,47,ok,,0.2.0,"{""mode"": ""best"", ""elapsed_time"": 963.5099067687988, ""n_init_feats"": 21, ""n_added_feats"": 26, ""initial_metric"": null, ""final_metric"": 0.7774467984934087, ""pct_gain"": 0.052177602455285695}"
219,electricity,openml_task,amlb,classification,tabularaml,3,4500,36249,9063,8,28,20,0.9929606943029763,binary_roc_auc,True,0.9817428037226696,0.011426506553212853,"{""accuracy"": 0.9608297473232253, ""binary_crossentropy"": null, ""binary_roc_auc"": 0.9929606943029763, ""f1"": 0.9659079946140229, ""precision"": 0.9674874951885967, ""recall"": 0.9643336529224078}","{""accuracy"": 0.029923122412773565, ""binary_crossentropy"": null, ""binary_roc_auc"": 0.011426506553212968, ""f1"": 0.025687322204056805, ""precision"": 0.02756153550663345, ""recall"": 0.023819218241042363}",3938.132187604904,0.11801576614379883,3973.401027917862,641.4765625,1589,ok,,0.2.0,"{""mode"": ""best"", ""elapsed_time"": 3258.7029263973236, ""n_init_feats"": 8, ""n_added_feats"": 20, ""initial_metric"": null, ""final_metric"": 0.98475832912749, ""pct_gain"": 0.03377699663518108}"
219,electricity,openml_task,amlb,classification,tabularaml,0,4500,36249,9063,8,30,22,0.9959632377417613,binary_roc_auc,True,0.9848471046457624,0.011287166346493186,"{""accuracy"": 0.9717532825764407, ""binary_crossentropy"": null, ""binary_roc_auc"": 0.9959632377417613, ""f1"": 0.9754976979077954, ""precision"": 0.9738199885324407, ""recall"": 0.9771812080518175}","{""accuracy"": 0.03441390650692979, ""binary_crossentropy"": null, ""binary_roc_auc"": 0.0112871663464933, ""f1"": 0.029702990404227643, ""precision"": 0.027833485874065526, ""recall"": 0.031578947368421116}",4224.629165172577,0.13478994369506836,4238.369199752808,621.0703125,1046,ok,,0.2.0,"{""mode"": ""best"", ""elapsed_time"": 3606.286947965622, ""n_init_feats"": 8, ""n_added_feats"": 22, ""initial_metric"": null, ""final_metric"": 0.9931475340409264, ""pct_gain"": 0.042447235131919094}"
3560,analcatdata_dmft,openml_task,amlb,multiclass,tabularaml,0,4500,637,160,4,10,6,1.8002048648893834,categorical_crossentropy,False,1.7794387705624104,-0.01167002465637501,"{""accuracy"": 0.7124999999554688, ""categorical_crossentropy"": 1.8002048648893834, ""categorical_roc_auc"": 0.5223652518532028, ""f1"": 0.1351934447190285, ""precision"": 0.13632103096849946, ""recall"": 0.1365671046880148}","{""accuracy"": -0.0338983050847459, ""categorical_crossentropy"": -0.01167002465637501, ""categorical_roc_auc"": -0.04107938622279325, ""f1"": -0.33391674009395167, ""precision"": -0.3634603978776232, ""recall"": -0.3388091932794853}",1448.0851917266846,0.04734325408935547,1451.459308385849,344.9765625,21,ok,,0.2.0,"{""mode"": ""best"", ""elapsed_time"": 1446.883952140808, ""n_init_feats"": 4, ""n_added_feats"": 6, ""initial_metric"": null, ""final_metric"": 1.9872456281255526, ""pct_gain"": 0.003218762591461788}"
2074,satimage,openml_task,amlb,multiclass,tabularaml,0,4500,5144,1286,36,53,17,0.24864657831139386,categorical_crossentropy,False,0.2292706738283146,-0.08451104609038915,"{""accuracy"": 0.9691550025844805, ""categorical_crossentropy"": 0.24864657831139386, ""categorical_roc_auc"": 0.9898854476863059, ""f1"": 0.8894356331343681, ""precision"": 0.8990791498215488, ""recall"": 0.8825443314659802}","{""accuracy"": -0.0026673779674580584, ""categorical_crossentropy"": -0.08451104609038888, ""categorical_roc_auc"": -0.0010080747003340617, ""f1"": -0.011774340389618693, ""precision"": -0.01062890338436752, ""recall"": -0.012242962068786473}",4018.8629784584045,0.020826339721679688,4025.3706798553467,420.91796875,193,ok,,0.2.0,"{""mode"": ""best"", ""elapsed_time"": 3618.5067281723022, ""n_init_feats"": 36, ""n_added_feats"": 17, ""initial_metric"": null, ""final_metric"": 0.3489709196503839, ""pct_gain"": 0.012980564042081762}"
3549,analcatdata_authorship,openml_task,amlb,multiclass,tabularaml,3,4500,672,169,70,,,,,,,,,,,,1747.3212690353394,,,crash,ValueError: Input X contains infinity or a value too large for dtype('float64').,0.2.0,
2079,eucalyptus,openml_task,amlb,multiclass,tabularaml,1,4500,588,148,19,64,45,0.9203223025491556,categorical_crossentropy,False,0.7940227711994855,-0.15906285805742887,"{""accuracy"": 0.8513513512938274, ""categorical_crossentropy"": 0.9203223025491556, ""categorical_roc_auc"": 0.902385718413502, ""f1"": 0.5877561921992727, ""precision"": 0.5998095235713123, ""recall"": 0.5877086735542825}","{""accuracy"": -0.015625000000000257, ""categorical_crossentropy"": -0.15906285805742887, ""categorical_roc_auc"": -0.014419474083134789, ""f1"": -0.08648339566489827, ""precision"": -0.0778236416316986, ""recall"": -0.08230250386906074}",3192.9735357761383,0.06558370590209961,3197.517877101898,360.2421875,208,ok,,0.2.0,"{""mode"": ""best"", ""elapsed_time"": 3120.1915068626404, ""n_init_feats"": 19, ""n_added_feats"": 45, ""initial_metric"": null, ""final_metric"": 1.0968342623677878, ""pct_gain"": 0.04200748486605699}"
9952,phoneme,openml_task,amlb,classification,tabularaml,1,4500,4323,1081,5,13,8,0.9565502832510281,binary_roc_auc,True,0.9460047566353412,0.01114743508604986,"{""accuracy"": 0.9047178538306687, ""binary_crossentropy"": 0.2444040474544167, ""binary_roc_auc"": 0.9565502832510281, ""f1"": 0.8367670314236704, ""precision"": 0.8407643311834151, ""recall"": 0.8328075709516465}","{""accuracy"": 0.015576323987538937, ""binary_crossentropy"": 0.08875790408627997, ""binary_roc_auc"": 0.011147435086049979, ""f1"": 0.03037195879582933, ""precision"": 0.02540277257431277, ""recall"": 0.035294117647058885}",297.8240427970886,0.022556543350219727,302.08946204185486,372.62109375,396,ok,,0.2.0,"{""mode"": ""best"", ""elapsed_time"": 289.55125188827515, ""n_init_feats"": 5, ""n_added_feats"": 8, ""initial_metric"": null, ""final_metric"": 0.9459651625297665, ""pct_gain"": 0.0068654593300824475}"
9952,phoneme,openml_task,amlb,classification,tabularaml,0,4500,4323,1081,5,12,7,0.9602787916824945,binary_roc_auc,True,0.9547252547607644,0.005816895378054826,"{""accuracy"": 0.9065679925910587, ""binary_crossentropy"": 0.23207409930031853, ""binary_roc_auc"": 0.9602787916824945, ""f1"": 0.8399366035313354, ""precision"": 0.8439490445591099, ""recall"": 0.835962145084039}","{""accuracy"": 0.014492753623188494, ""binary_crossentropy"": 0.06263658907314028, ""binary_roc_auc"": 0.005816895378054943, ""f1"": 0.025691820222615715, ""precision"": 0.032214600685524834, ""recall"": 0.019230769230769204}",342.05803418159485,0.025318622589111328,345.42341232299805,379.34765625,460,ok,,0.2.0,"{""mode"": ""best"", ""elapsed_time"": 294.0084891319275, ""n_init_feats"": 5, ""n_added_feats"": 7, ""initial_metric"": null, ""final_metric"": 0.9469479090781989, ""pct_gain"": 0.010230896671351311}"
3902,pc4,openml_task,amlb,classification,tabularaml,4,4500,1166,292,37,,,,,,,,,,,,1770.5578887462616,,,crash,ValueError: Input X contains infinity or a value too large for dtype('float64').,0.2.0,
219,electricity,openml_task,amlb,classification,tabularaml,2,4500,36249,9063,8,32,24,0.9932506184184037,binary_roc_auc,True,0.982735462433449,0.010699884543615684,"{""accuracy"": 0.9618227959826086, ""binary_crossentropy"": null, ""binary_roc_auc"": 0.9932506184184037, ""f1"": 0.9668137298916815, ""precision"": 0.9671848013798365, ""recall"": 0.9664429530182811}","{""accuracy"": 0.027221305679943516, ""binary_crossentropy"": null, ""binary_roc_auc"": 0.010699884543615684, ""f1"": 0.023494442702666946, ""precision"": 0.022806280510128257, ""recall"": 0.02418207681365581}",4560.2783036231995,0.40439701080322266,4609.835897922516,695.7578125,1998,ok,,0.2.0,"{""mode"": ""best"", ""elapsed_time"": 3608.4657204151154, ""n_init_feats"": 8, ""n_added_feats"": 24, ""initial_metric"": null, ""final_metric"": 0.9817982645761176, ""pct_gain"": 0.030927457891906537}"
2074,satimage,openml_task,amlb,multiclass,tabularaml,1,4500,5144,1286,36,56,20,0.23248301581417882,categorical_crossentropy,False,0.2239976345280217,-0.03788156649080866,"{""accuracy"": 0.9743390357622524, ""categorical_crossentropy"": 0.23248301581417882, ""categorical_roc_auc"": 0.9905267423196459, ""f1"": 0.9053119314616257, ""precision"": 0.9150417806762516, ""recall"": 0.8990815529771226}","{""accuracy"": -0.0023885350318472074, ""categorical_crossentropy"": -0.03788156649080866, ""categorical_roc_auc"": -0.0008072530345984468, ""f1"": -0.009660389668670619, ""precision"": -0.009349614554847169, ""recall"": -0.010123039337447145}",4146.082943201065,0.028081178665161133,4154.009171485901,430.453125,337,ok,,0.2.0,"{""mode"": ""best"", ""elapsed_time"": 3627.1346554756165, ""n_init_feats"": 36, ""n_added_feats"": 20, ""initial_metric"": null, ""final_metric"": 0.3306283999896575, ""pct_gain"": 0.05082780029965748}"
219,electricity,openml_task,amlb,classification,tabularaml,1,4500,,,,,,,,,,,,,,,4680,,,timeout,wall-clock exceeded 4680s,,
2079,eucalyptus,openml_task,amlb,multiclass,tabularaml,0,4500,588,148,19,53,34,0.8291863307004442,categorical_crossentropy,False,0.8086177422035787,-0.025436726679795154,"{""accuracy"": 0.862162162103908, ""categorical_crossentropy"": 0.8291863307004442, ""categorical_roc_auc"": 0.8983502999400544, ""f1"": 0.621726226785533, ""precision"": 0.6459927309248381, ""recall"": 0.6106867290833552}","{""accuracy"": -0.003125000000000077, ""categorical_crossentropy"": -0.025436726679795154, ""categorical_roc_auc"": -0.009073046167093987, ""f1"": 0.024436294678103026, ""precision"": -0.01927468248354394, ""recall"": 0.01385754434753592}",3685.5611548423767,0.06437397003173828,3690.2123363018036,358.21484375,89,ok,,0.2.0,"{""mode"": ""best"", ""elapsed_time"": 3624.5216755867004, ""n_init_feats"": 19, ""n_added_feats"": 34, ""initial_metric"": null, ""final_metric"": 1.0342527019816898, ""pct_gain"": 0.04484553307099325}"
3549,analcatdata_authorship,openml_task,amlb,multiclass,tabularaml,4,4500,672,169,70,92,22,0.03305325182271879,categorical_crossentropy,False,0.0213805868828699,-0.5459468911585872,"{""accuracy"": 0.9911242602963831, ""categorical_crossentropy"": 0.03305325182271879, ""categorical_roc_auc"": 0.9998485536356299, ""f1"": 0.987775784723339, ""precision"": 0.9879973471017665, ""recall"": 0.9876191733507236}","{""accuracy"": -0.008875739644970406, ""categorical_crossentropy"": -0.5459468911585834, ""categorical_roc_auc"": -0.0001514463643701447, ""f1"": -0.012224209962292315, ""precision"": -0.012002652522659385, ""recall"": -0.012380826273846018}",2085.9146823883057,0.05981326103210449,2090.0512704849243,352.58203125,398,ok,,0.2.0,"{""mode"": ""best"", ""elapsed_time"": 2032.604627609253, ""n_init_feats"": 70, ""n_added_feats"": 22, ""initial_metric"": null, ""final_metric"": 0.026926907146766432, ""pct_gain"": 0.03248869913703012}"
9952,phoneme,openml_task,amlb,classification,tabularaml,3,4500,4323,1081,5,13,8,0.9560671874741936,binary_roc_auc,True,0.9566989281054388,-0.0006603337922581368,"{""accuracy"": 0.897317298789109, ""binary_crossentropy"": 0.24393949680979168, ""binary_roc_auc"": 0.9560671874741936, ""f1"": 0.8268330682977311, ""precision"": 0.8179012345426574, ""recall"": 0.835962145084039}","{""accuracy"": -0.003083247687564332, ""binary_crossentropy"": -0.011425733263607019, ""binary_roc_auc"": -0.0006603337922581368, ""f1"": -0.0033989192461529364, ""precision"": -0.014164671641819762, ""recall"": 0.0076045627376424944}",354.04109835624695,0.025844097137451172,357.94088649749756,374.94921875,326,ok,,0.2.0,"{""mode"": ""best"", ""elapsed_time"": 337.69852447509766, ""n_init_feats"": 5, ""n_added_feats"": 8, ""initial_metric"": null, ""final_metric"": 0.9569857714637953, ""pct_gain"": 0.010046883118625094}"
9952,phoneme,openml_task,amlb,classification,tabularaml,2,4500,4323,1081,5,14,9,0.9687061291228302,binary_roc_auc,True,0.9559474457859184,0.013346636777111112,"{""accuracy"": 0.9139685476326184, ""binary_crossentropy"": 0.20716233372722997, ""binary_roc_auc"": 0.9687061291228302, ""f1"": 0.8535433020597434, ""precision"": 0.8522012578348365, ""recall"": 0.8548895898783946}","{""accuracy"": 0.020661157024793424, ""binary_crossentropy"": 0.14547166402729414, ""binary_roc_auc"": 0.01334663677711123, ""f1"": 0.038314176478251444, ""precision"": 0.03831417624521073, ""recall"": 0.03831417624521068}",538.8611505031586,0.028772354125976562,543.6774117946625,383.40234375,611,ok,,0.2.0,"{""mode"": ""best"", ""elapsed_time"": 529.2103137969971, ""n_init_feats"": 5, ""n_added_feats"": 9, ""initial_metric"": null, ""final_metric"": 0.9467578443176139, ""pct_gain"": 0.0031170632972516653}"
219,electricity,openml_task,amlb,classification,tabularaml,4,4500,,,,,,,,,,,,,,,4680,,,timeout,wall-clock exceeded 4680s,,
9952,phoneme,openml_task,amlb,classification,tabularaml,4,4500,4323,1081,5,14,9,0.9648042016945513,binary_roc_auc,True,0.9621822716236974,0.0027249827274715066,"{""accuracy"": 0.9102682701118385, ""binary_crossentropy"": 0.21937902657993583, ""binary_roc_auc"": 0.9648042016945513, ""f1"": 0.8438003170362073, ""precision"": 0.8618421052348078, ""recall"": 0.8264984226868612}","{""accuracy"": -0.009063444108761256, ""binary_crossentropy"": 0.022883485148525447, ""binary_roc_auc"": 0.0027249827274715066, ""f1"": -0.020202556549836412, ""precision"": 0.0007470599562362217, ""recall"": -0.04029304029304026}",433.48450994491577,0.021355152130126953,437.47362184524536,381.85546875,558,ok,,0.2.0,"{""mode"": ""best"", ""elapsed_time"": 428.65201807022095, ""n_init_feats"": 5, ""n_added_feats"": 9, ""initial_metric"": null, ""final_metric"": 0.9465514210139918, ""pct_gain"": 0.005637004364387042}"
3918,pc1,openml_task,amlb,classification,tabularaml,1,4500,887,222,21,34,13,0.8487922705314009,binary_roc_auc,True,0.8056360708534621,0.053567859284429364,"{""accuracy"": 0.9324324323904309, ""binary_crossentropy"": 0.2068083946591008, ""binary_roc_auc"": 0.8487922705314009, ""f1"": 0.11764705660899655, ""precision"": 0.4999999975, ""recall"": 0.06666666662222222}","{""accuracy"": -0.004807692307692331, ""binary_crossentropy"": 0.039857888078719865, ""binary_roc_auc"": 0.053567859284429364, ""f1"": -0.4705882380536332, ""precision"": -0.25000000125, ""recall"": -0.5}",1515.015989780426,0.08544659614562988,1518.1187267303467,367.6875,79,ok,,0.2.0,"{""mode"": ""best"", ""elapsed_time"": 1412.9105505943298, ""n_init_feats"": 21, ""n_added_feats"": 13, ""initial_metric"": null, ""final_metric"": 0.8713108547840092, ""pct_gain"": 0.04463016564822256}"
2074,satimage,openml_task,amlb,multiclass,tabularaml,3,4500,5144,1286,36,54,18,0.24859571217465676,categorical_crossentropy,False,0.2407728587729406,-0.032490594835248625,"{""accuracy"": 0.9696734059022577, ""categorical_crossentropy"": 0.24859571217465676, ""categorical_roc_auc"": 0.9891324346339019, ""f1"": 0.8936824998516836, ""precision"": 0.8980136188646294, ""recall"": 0.8900866084167833}","{""accuracy"": -0.004788507581803478, ""categorical_crossentropy"": -0.03249059483524839, ""categorical_roc_auc"": -0.0004047662093178155, ""f1"": -0.01684598042419444, ""precision"": -0.019840749849582427, ""recall"": -0.014919925304980914}",4194.079508304596,0.024201393127441406,4199.688214302063,420.15625,211,ok,,0.2.0,"{""mode"": ""best"", ""elapsed_time"": 3618.3975143432617, ""n_init_feats"": 36, ""n_added_feats"": 18, ""initial_metric"": null, ""final_metric"": 0.3251988621824077, ""pct_gain"": 0.02174808252476625}"
2074,satimage,openml_task,amlb,multiclass,tabularaml,2,4500,5144,1286,36,58,22,0.21245674939427278,categorical_crossentropy,False,0.2152603504097782,0.01302423326064634,"{""accuracy"": 0.9756350440566955, ""categorical_crossentropy"": 0.21245674939427278, ""categorical_roc_auc"": 0.9908740729917985, ""f1"": 0.9121725663312005, ""precision"": 0.9161004285820065, ""recall"": 0.909574463091314}","{""accuracy"": 0.002396804260985427, ""categorical_crossentropy"": 0.013024233260646468, ""categorical_roc_auc"": 0.00011363801004406816, ""f1"": 0.009828881672896266, ""precision"": 0.013247227378847346, ""recall"": 0.0072733583536312985}",4234.974596500397,0.022182464599609375,4240.3541877269745,438.53515625,217,ok,,0.2.0,"{""mode"": ""best"", ""elapsed_time"": 3622.7545268535614, ""n_init_feats"": 36, ""n_added_feats"": 22, ""initial_metric"": null, ""final_metric"": 0.341308471335658, ""pct_gain"": 0.018190771984917094}"
3021,sick,openml_task,amlb,classification,tabularaml,1,4500,3017,755,27,44,17,0.9857116575703686,binary_roc_auc,True,0.9905868645367022,-0.004921534032872247,"{""accuracy"": 0.9867549668743476, ""binary_crossentropy"": 0.047885626631238444, ""binary_roc_auc"": 0.9857116575703686, ""f1"": 0.8837209250513792, ""precision"": 0.9499999997624999, ""recall"": 0.826086956342155}","{""accuracy"": -0.001340482573726595, ""binary_crossentropy"": -0.09490525867262632, ""binary_roc_auc"": -0.004921534032872247, ""f1"": -0.016860465196910347, ""precision"": 0.02124999998218747, ""recall"": -0.049999999999999996}",3468.8215250968933,0.07136392593383789,3472.4863896369934,460.73046875,153,ok,,0.2.0,"{""mode"": ""best"", ""elapsed_time"": 3433.384800672531, ""n_init_feats"": 27, ""n_added_feats"": 17, ""initial_metric"": null, ""final_metric"": 0.9964040604206241, ""pct_gain"": 0.0016878713492113357}"
3902,pc4,openml_task,amlb,classification,tabularaml,2,4500,1166,292,37,75,38,0.9165581597222223,binary_roc_auc,True,0.9399956597222224,-0.024933625764746736,"{""accuracy"": 0.8972602739418746, ""binary_crossentropy"": 0.23265928496632163, ""binary_roc_auc"": 0.9165581597222223, ""f1"": 0.4999999950333334, ""precision"": 0.6249999997395833, ""recall"": 0.41666666655092593}","{""accuracy"": -0.022388059701492546, ""binary_crossentropy"": -0.12857927269002462, ""binary_roc_auc"": -0.02493362576474662, ""f1"": -0.1470588248566319, ""precision"": -0.191176470557598, ""recall"": -0.11764705882352935}",2368.4604177474976,0.0510563850402832,2371.9435160160065,367.48828125,60,ok,,0.2.0,"{""mode"": ""best"", ""elapsed_time"": 2291.2838304042816, ""n_init_feats"": 37, ""n_added_feats"": 38, ""initial_metric"": null, ""final_metric"": 0.9522915393654523, ""pct_gain"": 0.023796064086858006}"
3918,pc1,openml_task,amlb,classification,tabularaml,4,4500,887,222,21,33,12,0.9146537842190017,binary_roc_auc,True,0.9156199677938808,-0.0010552233556101302,"{""accuracy"": 0.9504504504076373, ""binary_crossentropy"": 0.16137563067211494, ""binary_roc_auc"": 0.9146537842190017, ""f1"": 0.4210526278116344, ""precision"": 0.9999999975, ""recall"": 0.26666666648888887}","{""accuracy"": 0.004761904761904786, ""binary_crossentropy"": -0.008156081565605294, ""binary_roc_auc"": -0.0010552233556101302, ""f1"": 0.2631578953647277, ""precision"": 8.333332940391176e-10, ""recall"": 0.33333333333333326}",1623.4318022727966,0.09122943878173828,1626.8347606658936,366.19140625,43,ok,,0.2.0,"{""mode"": ""best"", ""elapsed_time"": 1525.1067657470703, ""n_init_feats"": 21, ""n_added_feats"": 12, ""initial_metric"": null, ""final_metric"": 0.8578068229913868, ""pct_gain"": 0.028280949243177783}"
3918,pc1,openml_task,amlb,classification,tabularaml,0,4500,887,222,21,35,14,0.9054750402576489,binary_roc_auc,True,0.923671497584541,-0.019700139470013964,"{""accuracy"": 0.9324324323904309, ""binary_crossentropy"": 0.17702452763013105, ""binary_roc_auc"": 0.9054750402576489, ""f1"": 0.2857142813605443, ""precision"": 0.49999999916666665, ""recall"": 0.19999999986666667}","{""accuracy"": -0.009569377990430668, ""binary_crossentropy"": -0.11722572320303172, ""binary_roc_auc"": -0.019700139470013964, ""f1"": -0.2500000026785713, ""precision"": -0.25, ""recall"": -0.24999999999999994}",1814.4048810005188,0.07058429718017578,1817.6235556602478,370.2265625,77,ok,,0.2.0,"{""mode"": ""best"", ""elapsed_time"": 1756.1924109458923, ""n_init_feats"": 21, ""n_added_feats"": 14, ""initial_metric"": null, ""final_metric"": 0.8382634159479798, ""pct_gain"": 0.022293907066734706}"
2074,satimage,openml_task,amlb,multiclass,tabularaml,4,4500,5144,1286,36,64,28,0.2222279923746389,categorical_crossentropy,False,0.2178011424748179,-0.02032519136272579,"{""accuracy"": 0.9735614307855868, ""categorical_crossentropy"": 0.2222279923746389, ""categorical_roc_auc"": 0.9907339137190561, ""f1"": 0.9036936481902272, ""precision"": 0.9177289863674732, ""recall"": 0.8944356732820626}","{""accuracy"": -0.0007980845969671513, ""categorical_crossentropy"": -0.02032519136272566, ""categorical_roc_auc"": -0.00011237986165041088, ""f1"": -0.002408683806374777, ""precision"": -0.00046555576089582674, ""recall"": -0.004250181273055275}",4298.54575920105,0.03828001022338867,4304.329094171524,440.421875,227,ok,,0.2.0,"{""mode"": ""best"", ""elapsed_time"": 3630.225154399872, ""n_init_feats"": 36, ""n_added_feats"": 28, ""initial_metric"": null, ""final_metric"": 0.321052239939741, ""pct_gain"": 0.04206105270283797}"
3902,pc4,openml_task,amlb,classification,tabularaml,1,4500,1166,292,37,77,40,0.9520399305555556,binary_roc_auc,True,0.9491102430555556,0.003086772607751229,"{""accuracy"": 0.9178082191466503, ""binary_crossentropy"": 0.18582180920312155, ""binary_roc_auc"": 0.9520399305555556, ""f1"": 0.5862068916409037, ""precision"": 0.772727272376033, ""recall"": 0.47222222209104936}","{""accuracy"": 0.011320754716981076, ""binary_crossentropy"": 0.035944007510170246, ""binary_roc_auc"": 0.0030867726077513464, ""f1"": 0.0517241385930615, ""precision"": 0.13636363630165288, ""recall"": 0.0}",2534.9014008045197,0.07211017608642578,2538.0906021595,382.453125,57,ok,,0.2.0,"{""mode"": ""best"", ""elapsed_time"": 2419.1084175109863, ""n_init_feats"": 37, ""n_added_feats"": 40, ""initial_metric"": null, ""final_metric"": 0.9515571635180331, ""pct_gain"": 0.008384985018007721}"
3902,pc4,openml_task,amlb,classification,tabularaml,0,4500,1166,292,37,61,24,0.9345703125,binary_roc_auc,True,0.9319661458333331,0.0027942717429271986,"{""accuracy"": 0.9041095890101332, ""binary_crossentropy"": 0.21239189002088793, ""binary_roc_auc"": 0.9345703125, ""f1"": 0.43999999579200005, ""precision"": 0.7857142851530612, ""recall"": 0.30555555547067903}","{""accuracy"": 0.003802281368821233, ""binary_crossentropy"": -0.018151313031616177, ""binary_roc_auc"": 0.0027942717429270793, ""f1"": -0.06923076888970417, ""precision"": 0.14835164813579274, ""recall"": -0.15384615384615377}",2557.879303216934,0.08978509902954102,2561.6369502544403,371.07421875,56,ok,,0.2.0,"{""mode"": ""best"", ""elapsed_time"": 2452.5258021354675, ""n_init_feats"": 37, ""n_added_feats"": 24, ""initial_metric"": null, ""final_metric"": 0.9558059839103317, ""pct_gain"": 0.018942666551067758}"
3918,pc1,openml_task,amlb,classification,tabularaml,2,4500,887,222,21,32,11,0.8586151368760064,binary_roc_auc,True,0.8969404186795491,-0.04272890484739676,"{""accuracy"": 0.9414414413990342, ""binary_crossentropy"": 0.18237941201172164, ""binary_roc_auc"": 0.8586151368760064, ""f1"": 0.31578947002770086, ""precision"": 0.7499999981250001, ""recall"": 0.19999999986666667}","{""accuracy"": 0.004807692307692331, ""binary_crossentropy"": -0.09304440650215348, ""binary_roc_auc"": -0.04272890484739676, ""f1"": 0.4210526344667592, ""precision"": 0.1250000009375001, ""recall"": 0.5000000000000001}",1808.3236355781555,0.4228832721710205,1811.7654013633728,367.9296875,55,ok,,0.2.0,"{""mode"": ""best"", ""elapsed_time"": 1761.281545162201, ""n_init_feats"": 21, ""n_added_feats"": 11, ""initial_metric"": null, ""final_metric"": 0.8943220981811587, ""pct_gain"": 0.06392648117373746}"
3918,pc1,openml_task,amlb,classification,tabularaml,3,4500,887,222,21,50,29,0.8903381642512077,binary_roc_auc,True,0.8826086956521739,0.008757525998905273,"{""accuracy"": 0.9324324323904309, ""binary_crossentropy"": 0.22933316217349456, ""binary_roc_auc"": 0.8903381642512077, ""f1"": 0.0, ""precision"": 0.0, ""recall"": 0.0}","{""accuracy"": 0.0, ""binary_crossentropy"": 0.011180780215520911, ""binary_roc_auc"": 0.008757525998905273, ""f1"": 0.0, ""precision"": 0.0, ""recall"": 0.0}",1834.222575187683,0.05592203140258789,1837.644593000412,367.984375,2,ok,,0.2.0,"{""mode"": ""best"", ""elapsed_time"": 1755.3895525932312, ""n_init_feats"": 21, ""n_added_feats"": 29, ""initial_metric"": null, ""final_metric"": 0.9212951893321021, ""pct_gain"": 0.019226376424066497}"
9946,wdbc,openml_task,amlb,classification,tabularaml,1,4500,455,114,30,43,13,0.9847883597883598,binary_roc_auc,True,0.9907407407407408,-0.006008010680907967,"{""accuracy"": 0.956140350793321, ""binary_crossentropy"": 0.1607504116551003, ""binary_roc_auc"": 0.9847883597883598, ""f1"": 0.9382715997134583, ""precision"": 0.9743589741091387, ""recall"": 0.9047619045464852}","{""accuracy"": 0.0, ""binary_crossentropy"": -0.2220291645729284, ""binary_roc_auc"": -0.006008010680907856, ""f1"": 0.0, ""precision"": 0.0, ""recall"": 0.0}",1437.8594648838043,0.05693697929382324,1440.868068933487,355.96484375,70,ok,,0.2.0,"{""mode"": ""best"", ""elapsed_time"": 1396.9927809238434, ""n_init_feats"": 30, ""n_added_feats"": 13, ""initial_metric"": null, ""final_metric"": 0.9970676624661443, ""pct_gain"": 0.0036120810783827877}"
3917,kc1,openml_task,amlb,classification,tabularaml,1,4500,1687,422,21,60,39,0.8237664296487827,binary_roc_auc,True,0.8274294333117863,-0.004426968047707075,"{""accuracy"": 0.8672985781785, ""binary_crossentropy"": 0.3353263385068643, ""binary_roc_auc"": 0.8237664296487827, ""f1"": 0.3333333297534014, ""precision"": 0.7368421048753462, ""recall"": 0.21538461535147932}","{""accuracy"": -0.00272479564032704, ""binary_crossentropy"": -0.021701623149323283, ""binary_roc_auc"": -0.004426968047707075, ""f1"": 0.03846153782149388, ""precision"": -0.09311740881738761, ""recall"": 0.07692307692307696}",2112.147516489029,0.061246633529663086,2115.6518857479095,386.875,53,ok,,0.2.0,"{""mode"": ""best"", ""elapsed_time"": 1984.7531108856201, ""n_init_feats"": 21, ""n_added_feats"": 39, ""initial_metric"": null, ""final_metric"": 0.8265454572501862, ""pct_gain"": 0.08349416226562288}"
9971,ilpd,openml_task,amlb,classification,tabularaml,0,4500,466,117,10,28,18,0.7647058823529411,binary_roc_auc,True,0.7117292700212614,0.07443365695792889,"{""accuracy"": 0.7094017093410768, ""binary_crossentropy"": 0.5586817802017571, ""binary_roc_auc"": 0.7647058823529411, ""f1"": 0.0, ""precision"": 0.0, ""recall"": 0.0}","{""accuracy"": 0.0, ""binary_crossentropy"": 0.02949895289654504, ""binary_roc_auc"": 0.07443365695792889, ""f1"": 0.0, ""precision"": 0.0, ""recall"": 0.0}",331.8526155948639,0.057518720626831055,334.6325333118439,348.66796875,5,ok,,0.2.0,"{""mode"": ""best"", ""elapsed_time"": 309.8268439769745, ""n_init_feats"": 10, ""n_added_feats"": 18, ""initial_metric"": null, ""final_metric"": 0.7976035781544256, ""pct_gain"": 0.1465475504710963}"
3917,kc1,openml_task,amlb,classification,tabularaml,4,4500,1687,422,21,63,42,0.827881921999569,binary_roc_auc,True,0.8358758888170653,-0.009563581058438476,"{""accuracy"": 0.8436018957146065, ""binary_crossentropy"": 0.34364418180491685, ""binary_roc_auc"": 0.827881921999569, ""f1"": 0.15384615102892835, ""precision"": 0.46153846118343195, ""recall"": 0.09230769229349113}","{""accuracy"": -0.008356545961002852, ""binary_crossentropy"": -0.030903961676866595, ""binary_roc_auc"": -0.009563581058438476, ""f1"": -0.3615384640761014, ""precision"": -0.16923076940828402, ""recall"": -0.4000000000000001}",2093.361762523651,0.08186554908752441,2096.916316986084,393.1796875,23,ok,,0.2.0,"{""mode"": ""best"", ""elapsed_time"": 1982.1536860466003, ""n_init_feats"": 21, ""n_added_feats"": 42, ""initial_metric"": null, ""final_metric"": 0.7996392240665618, ""pct_gain"": 0.03288151282515041}"
9971,ilpd,openml_task,amlb,classification,tabularaml,2,4500,466,117,10,26,16,0.7317505315379164,binary_roc_auc,True,0.6853295535081503,0.0677352637021716,"{""accuracy"": 0.7008547007947988, ""binary_crossentropy"": 0.5452762783592583, ""binary_roc_auc"": 0.7317505315379164, ""f1"": 0.38596490733148664, ""precision"": 0.47826086935727785, ""recall"": 0.3235294116695502}","{""accuracy"": 0.05128205128205135, ""binary_crossentropy"": 0.026620519103409852, ""binary_roc_auc"": 0.0677352637021716, ""f1"": 1.8947368864676302, ""precision"": 0.7536231892375552, ""recall"": 2.6666666666666665}",310.8913469314575,0.07120370864868164,314.2627441883087,349.296875,29,ok,,0.2.0,"{""mode"": ""best"", ""elapsed_time"": 293.8611171245575, ""n_init_feats"": 10, ""n_added_feats"": 16, ""initial_metric"": null, ""final_metric"": 0.7819044256120528, ""pct_gain"": 0.09424992620386596}"
9971,ilpd,openml_task,amlb,classification,tabularaml,1,4500,466,117,10,30,20,0.6871013465627215,binary_roc_auc,True,0.7119064493267186,-0.03484320557491289,"{""accuracy"": 0.6923076922485207, ""binary_crossentropy"": 0.591494306969719, ""binary_roc_auc"": 0.6871013465627215, ""f1"": 0.2799999955360001, ""precision"": 0.4374999997265625, ""recall"": 0.20588235288062284}","{""accuracy"": 0.07999999999999993, ""binary_crossentropy"": -0.03997933458665165, ""binary_roc_auc"": -0.03484320557491289, ""f1"": 0.7500000203999996, ""precision"": 0.7500000000000001, ""recall"": 0.75}",367.20760321617126,0.06793665885925293,370.9198405742645,350.93359375,55,ok,,0.2.0,"{""mode"": ""best"", ""elapsed_time"": 338.26762294769287, ""n_init_feats"": 10, ""n_added_feats"": 20, ""initial_metric"": null, ""final_metric"": 0.789192561205273, ""pct_gain"": 0.06684296188964967}"
3917,kc1,openml_task,amlb,classification,tabularaml,2,4500,1687,422,21,59,38,0.8290239172592113,binary_roc_auc,True,0.841973712561948,-0.015380284573651553,"{""accuracy"": 0.8507109004537746, ""binary_crossentropy"": 0.34268752637350164, ""binary_roc_auc"": 0.8290239172592113, ""f1"": 0.2409638519669038, ""precision"": 0.5555555552469136, ""recall"": 0.15384615382248523}","{""accuracy"": 0.005602240896358544, ""binary_crossentropy"": -0.04448535159690919, ""binary_roc_auc"": -0.015380284573651553, ""f1"": -0.1064257023697198, ""precision"": 0.11111111095679016, ""recall"": -0.1666666666666666}",2210.725759744644,0.07629108428955078,2214.6043150424957,388.7421875,42,ok,,0.2.0,"{""mode"": ""best"", ""elapsed_time"": 2012.3745379447937, ""n_init_feats"": 21, ""n_added_feats"": 38, ""initial_metric"": null, ""final_metric"": 0.8204334485470651, ""pct_gain"": 0.08604612441242059}"
3021,sick,openml_task,amlb,classification,tabularaml,4,4500,3017,755,27,40,13,0.9963819218740418,binary_roc_auc,True,0.9946648678481634,0.001726263871763204,"{""accuracy"": 0.9854304635631068, ""binary_crossentropy"": 0.03905988565263715, ""binary_roc_auc"": 0.9963819218740418, ""f1"": 0.8735632132065002, ""precision"": 0.926829268066627, ""recall"": 0.826086956342155}","{""accuracy"": 0.0, ""binary_crossentropy"": 0.13749174134386727, ""binary_roc_auc"": 0.001726263871763204, ""f1"": 0.0, ""precision"": 0.0, ""recall"": 0.0}",3654.2646601200104,0.08739948272705078,3657.351248025894,450.984375,120,ok,,0.2.0,"{""mode"": ""best"", ""elapsed_time"": 3625.1963562965393, ""n_init_feats"": 27, ""n_added_feats"": 13, ""initial_metric"": null, ""final_metric"": 0.9977111625759413, ""pct_gain"": 0.002234721455600824}"
3903,pc3,openml_task,amlb,classification,tabularaml,2,4500,1250,313,37,58,21,0.80755115658363,binary_roc_auc,True,0.8256227758007118,-0.021888469827586122,"{""accuracy"": 0.8977635782460778, ""binary_crossentropy"": 0.27947964145543097, ""binary_roc_auc"": 0.80755115658363, ""f1"": 0.0, ""precision"": 0.0, ""recall"": 0.0}","{""accuracy"": 0.0, ""binary_crossentropy"": -0.03042466708682792, ""binary_roc_auc"": -0.021888469827586122, ""f1"": 0.0, ""precision"": 0.0, ""recall"": 0.0}",2875.656637430191,0.08968877792358398,2878.7572746276855,386.2734375,15,ok,,0.2.0,"{""mode"": ""best"", ""elapsed_time"": 2740.3396575450897, ""n_init_feats"": 37, ""n_added_feats"": 21, ""initial_metric"": null, ""final_metric"": 0.8380972879896685, ""pct_gain"": 0.030323877696642926}"
3549,analcatdata_authorship,openml_task,amlb,multiclass,tabularaml,1,4500,672,169,70,,,,,,,,,,,,3036.481730222702,,,crash,ValueError: Input X contains infinity or a value too large for dtype('float64').,0.2.0,
9946,wdbc,openml_task,amlb,classification,tabularaml,4,4500,455,114,30,45,15,0.986441798941799,binary_roc_auc,True,0.980820105820106,0.005731625084288394,"{""accuracy"": 0.9298245613219452, ""binary_crossentropy"": 0.16940298707024276, ""binary_roc_auc"": 0.986441798941799, ""f1"": 0.8974358922353715, ""precision"": 0.9722222219521605, ""recall"": 0.8333333331349206}","{""accuracy"": -0.009345794392523364, ""binary_crossentropy"": 0.19753553567976964, ""binary_roc_auc"": 0.005731625084288507, ""f1"": -0.019905533155727528, ""precision"": 0.048976608151600015, ""recall"": -0.07894736842105256}",1625.2650685310364,0.04825139045715332,1628.4531490802765,356.58984375,452,ok,,0.2.0,"{""mode"": ""best"", ""elapsed_time"": 1595.5956811904907, ""n_init_feats"": 30, ""n_added_feats"": 15, ""initial_metric"": null, ""final_metric"": 0.997321396714186, ""pct_gain"": 0.008873562593072211}"
3917,kc1,openml_task,amlb,classification,tabularaml,0,4500,1687,422,21,62,41,0.8025641025641026,binary_roc_auc,True,0.8382891618185736,-0.042616630253180805,"{""accuracy"": 0.8649289099321107, ""binary_crossentropy"": 0.3457864481885145, ""binary_roc_auc"": 0.8025641025641026, ""f1"": 0.25974025704165965, ""precision"": 0.8333333326388889, ""recall"": 0.15384615382248523}","{""accuracy"": 0.011080332409972301, ""binary_crossentropy"": -0.047284221091211956, ""binary_roc_auc"": -0.042616630253180805, ""f1"": 0.13997114300623217, ""precision"": 0.29629629614197545, ""recall"": 0.11111111111111116}",2431.405325651169,0.0833895206451416,2434.784494161606,390.8984375,48,ok,,0.2.0,"{""mode"": ""best"", ""elapsed_time"": 2300.9028079509735, ""n_init_feats"": 21, ""n_added_feats"": 41, ""initial_metric"": null, ""final_metric"": 0.8042756281563044, ""pct_gain"": 0.0717665441084298}"
3903,pc3,openml_task,amlb,classification,tabularaml,1,4500,1250,313,37,86,49,0.8215080071174377,binary_roc_auc,True,0.8307384341637011,-0.011111111111111205,"{""accuracy"": 0.9009584664248895, ""binary_crossentropy"": 0.2662277798326061, ""binary_roc_auc"": 0.8215080071174377, ""f1"": 0.20512820207758056, ""precision"": 0.571428570612245, ""recall"": 0.1249999999609375}","{""accuracy"": -0.010526315789473599, ""binary_crossentropy"": -0.004354165113071089, ""binary_roc_auc"": -0.011111111111111205, ""f1"": -0.435897437876397, ""precision"": -0.14285714336734676, ""recall"": -0.5}",2927.6137297153473,0.07210946083068848,2930.7330198287964,388.93359375,75,ok,,0.2.0,"{""mode"": ""best"", ""elapsed_time"": 2837.21995139122, ""n_init_feats"": 37, ""n_added_feats"": 49, ""initial_metric"": null, ""final_metric"": 0.854476969436074, ""pct_gain"": 0.042543133491805434}"
9971,ilpd,openml_task,amlb,classification,tabularaml,3,4500,466,117,10,31,21,0.7310418143160878,binary_roc_auc,True,0.7236002834868887,0.010284035259549509,"{""accuracy"": 0.6752136751559646, ""binary_crossentropy"": 0.5371889394317937, ""binary_roc_auc"": 0.7310418143160878, ""f1"": 0.3448275812366231, ""precision"": 0.41666666649305556, ""recall"": 0.29411764697231835}","{""accuracy"": 0.025974025974025837, ""binary_crossentropy"": -0.010407289445081227, ""binary_roc_auc"": 0.010284035259549509, ""f1"": 0.11111111284802053, ""precision"": 0.11111111111111116, ""recall"": 0.1111111111111111}",490.72609639167786,0.04532194137573242,493.88818550109863,354.16015625,34,ok,,0.2.0,"{""mode"": ""best"", ""elapsed_time"": 467.9466304779053, ""n_init_feats"": 10, ""n_added_feats"": 21, ""initial_metric"": null, ""final_metric"": 0.7957580037664784, ""pct_gain"": 0.10908494221138212}"
9946,wdbc,openml_task,amlb,classification,tabularaml,3,4500,455,114,30,45,15,0.9996693121693122,binary_roc_auc,True,0.9996693121693122,0.0,"{""accuracy"": 0.9912280700884888, ""binary_crossentropy"": 0.03826201767559835, ""binary_roc_auc"": 0.9996693121693122, ""f1"": 0.9879518019915808, ""precision"": 0.9999999997560975, ""recall"": 0.9761904759580499}","{""accuracy"": 0.0, ""binary_crossentropy"": 0.2817244455521374, ""binary_roc_auc"": 0.0, ""f1"": -0.0002868617397300468, ""precision"": 0.023809523797909366, ""recall"": -0.02380952380952386}",1664.1359241008759,0.055469512939453125,1668.0380201339722,360.77734375,661,ok,,0.2.0,"{""mode"": ""best"", ""elapsed_time"": 1626.2134230136871, ""n_init_feats"": 30, ""n_added_feats"": 15, ""initial_metric"": null, ""final_metric"": 0.9945416727485039, ""pct_gain"": 0.004220357600824218}"
9971,ilpd,openml_task,amlb,classification,tabularaml,4,4500,466,117,10,29,19,0.7335223245924876,binary_roc_auc,True,0.7041105598866052,0.041771514846502274,"{""accuracy"": 0.6923076922485207, ""binary_crossentropy"": 0.5320821492017335, ""binary_roc_auc"": 0.7335223245924876, ""f1"": 0.33333332854595343, ""precision"": 0.449999999775, ""recall"": 0.2647058822750865}","{""accuracy"": 0.03846153846153843, ""binary_crossentropy"": 0.03296252886306004, ""binary_roc_auc"": 0.041771514846502274, ""f1"": -0.01666666628943752, ""precision"": 0.12499999988749995, ""recall"": -0.1}",482.52105474472046,0.0445404052734375,486.11517238616943,350.44140625,36,ok,,0.2.0,"{""mode"": ""best"", ""elapsed_time"": 467.0349383354187, ""n_init_feats"": 10, ""n_added_feats"": 19, ""initial_metric"": null, ""final_metric"": 0.8142302259887005, ""pct_gain"": 0.05330072833949026}"
3917,kc1,openml_task,amlb,classification,tabularaml,3,4500,1687,422,21,49,28,0.8224951519069167,binary_roc_auc,True,0.8409609997845292,-0.021958031207563528,"{""accuracy"": 0.8530805687001639, ""binary_crossentropy"": 0.334254217561405, ""binary_roc_auc"": 0.8224951519069167, ""f1"": 0.3111111070296297, ""precision"": 0.559999999776, ""recall"": 0.21538461535147932}","{""accuracy"": -0.008264462809917422, ""binary_crossentropy"": -0.03288500238104762, ""binary_roc_auc"": -0.021958031207563528, ""f1"": 0.017094015955840317, ""precision"": -0.13846153837538458, ""recall"": 0.07692307692307696}",2420.2749841213226,0.09096693992614746,2423.870654821396,391.37890625,63,ok,,0.2.0,"{""mode"": ""best"", ""elapsed_time"": 2271.171154022217, ""n_init_feats"": 21, ""n_added_feats"": 28, ""initial_metric"": null, ""final_metric"": 0.79482155885214, ""pct_gain"": 0.02087187813908785}"
9946,wdbc,openml_task,amlb,classification,tabularaml,0,4500,455,114,30,50,20,0.9890873015873016,binary_roc_auc,True,0.9910714285714286,-0.0020020020020019946,"{""accuracy"": 0.956140350793321, ""binary_crossentropy"": 0.13585976318235657, ""binary_roc_auc"": 0.9890873015873016, ""f1"": 0.9411764653674741, ""precision"": 0.9302325579232017, ""recall"": 0.9523809521541949}","{""accuracy"": 0.009259259259259259, ""binary_crossentropy"": -0.17556586418207623, ""binary_roc_auc"": -0.0020020020020019946, ""f1"": 0.011764705940622795, ""precision"": 0.02325581394807997, ""recall"": 0.0}",1909.7003605365753,0.06780457496643066,1913.1478374004364,368.14453125,107,ok,,0.2.0,"{""mode"": ""best"", ""elapsed_time"": 1871.8601217269897, ""n_init_feats"": 30, ""n_added_feats"": 20, ""initial_metric"": null, ""final_metric"": 0.9959333592825054, ""pct_gain"": 0.0050493667712269725}"
3903,pc3,openml_task,amlb,classification,tabularaml,4,4500,1250,313,37,60,23,0.8301823843416369,binary_roc_auc,True,0.822898131672598,0.008851949456044127,"{""accuracy"": 0.9041533546037012, ""binary_crossentropy"": 0.2614339318903038, ""binary_roc_auc"": 0.8301823843416369, ""f1"": 0.2105263130193906, ""precision"": 0.6666666655555555, ""recall"": 0.1249999999609375}","{""accuracy"": 0.007117437722419995, ""binary_crossentropy"": -0.012404428174097915, ""binary_roc_auc"": 0.008851949456044127, ""f1"": 0.8947368519113573, ""precision"": 0.3333333344444444, ""recall"": 1.0}",3036.2628195285797,0.10174012184143066,3039.3276114463806,390.9921875,59,ok,,0.2.0,"{""mode"": ""best"", ""elapsed_time"": 2930.891935110092, ""n_init_feats"": 37, ""n_added_feats"": 23, ""initial_metric"": null, ""final_metric"": 0.8510977184674988, ""pct_gain"": 0.032158704908876644}"
9957,qsar-biodeg,openml_task,amlb,classification,tabularaml,2,4500,844,211,41,,,,,,,,,,,,1390.4545531272888,,,crash,ValueError: Input X contains infinity or a value too large for dtype('float64').,0.2.0,
3903,pc3,openml_task,amlb,classification,tabularaml,3,4500,1250,313,37,57,20,0.8233429715302492,binary_roc_auc,True,0.8426379003558718,-0.022898244687871064,"{""accuracy"": 0.8817891373520195, ""binary_crossentropy"": 0.27314595145637544, ""binary_roc_auc"": 0.8233429715302492, ""f1"": 0.17777777359012356, ""precision"": 0.30769230745562126, ""recall"": 0.1249999999609375}","{""accuracy"": -0.021276595744680923, ""binary_crossentropy"": -0.03854236382121667, ""binary_roc_auc"": -0.022898244687871064, ""f1"": -0.27111111768493806, ""precision"": -0.4461538459644971, ""recall"": -0.19999999999999996}",3251.532616853714,0.10269808769226074,3254.6382508277893,392.08984375,85,ok,,0.2.0,"{""mode"": ""best"", ""elapsed_time"": 3105.6266362667084, ""n_init_feats"": 37, ""n_added_feats"": 20, ""initial_metric"": null, ""final_metric"": 0.8614291863969006, ""pct_gain"": 0.07951664139441574}"
3022,vowel,openml_task,amlb,multiclass,tabularaml,1,4500,792,198,12,50,38,0.2890890646082669,categorical_crossentropy,False,0.3050433534786641,0.052301709538848024,"{""accuracy"": 0.9807162533939949, ""categorical_crossentropy"": 0.2890890646082669, ""categorical_roc_auc"": 0.9940796857463525, ""f1"": 0.8906120383637169, ""precision"": 0.8988987615398666, ""recall"": 0.893939393442761}","{""accuracy"": -0.007434944237918349, ""categorical_crossentropy"": 0.052301709538848024, ""categorical_roc_auc"": 0.0015548142703681858, ""f1"": -0.04592675104486745, ""precision"": -0.04077737572024132, ""recall"": -0.04324324324324326}",3691.3761191368103,0.0913994312286377,3701.0807468891144,412.55078125,1063,ok,,0.2.0,"{""mode"": ""best"", ""elapsed_time"": 3621.0526151657104, ""n_init_feats"": 12, ""n_added_feats"": 38, ""initial_metric"": null, ""final_metric"": 0.24708826254157815, ""pct_gain"": 0.37701148742573487}"
3022,vowel,openml_task,amlb,multiclass,tabularaml,4,4500,792,198,12,59,47,0.2771758464781798,categorical_crossentropy,False,0.2828708121604804,0.0201327441272721,"{""accuracy"": 0.982552800684995, ""categorical_crossentropy"": 0.2771758464781798, ""categorical_roc_auc"": 0.9954826038159369, ""f1"": 0.9051146624702682, ""precision"": 0.9103979204349307, ""recall"": 0.9040404035381595}","{""accuracy"": -0.0018656716417910781, ""categorical_crossentropy"": 0.0201327441272721, ""categorical_roc_auc"": 0.00039475539264036764, ""f1"": -0.009896674470743036, ""precision"": -0.011486461454047199, ""recall"": -0.01104972375690608}",3534.6186003684998,0.09488773345947266,3542.579658269882,388.6484375,541,ok,,0.2.0,"{""mode"": ""best"", ""elapsed_time"": 3422.0369334220886, ""n_init_feats"": 12, ""n_added_feats"": 47, ""initial_metric"": null, ""final_metric"": 0.33528455108346267, ""pct_gain"": 0.14181251942553347}"
3022,vowel,openml_task,amlb,multiclass,tabularaml,2,4500,792,198,12,34,22,0.23861742809219663,categorical_crossentropy,False,0.2425934364047604,0.016389595578051405,"{""accuracy"": 0.988062442557995, ""categorical_crossentropy"": 0.23861742809219663, ""categorical_roc_auc"": 0.9974466891133557, ""f1"": 0.9334409440024654, ""precision"": 0.9359383301504238, ""recall"": 0.9343434338243545}","{""accuracy"": 0.0018621973929236833, ""categorical_crossentropy"": 0.016389595578051742, ""categorical_roc_auc"": 0.0005629204311967692, ""f1"": 0.008727683790123092, ""precision"": 0.007151029749576296, ""recall"": 0.010928961748633765}",3687.5713200569153,0.049576520919799805,3693.5200300216675,383.3828125,432,ok,,0.2.0,"{""mode"": ""best"", ""elapsed_time"": 3620.6614906787872, ""n_init_feats"": 12, ""n_added_feats"": 22, ""initial_metric"": null, ""final_metric"": 0.36808146754221366, ""pct_gain"": 0.1459157265619691}"
3549,analcatdata_authorship,openml_task,amlb,multiclass,tabularaml,0,4500,672,169,70,,,,,,,,,,,,3555.6685519218445,,,crash,ValueError: Input X contains infinity or a value too large for dtype('float64').,0.2.0,
3022,vowel,openml_task,amlb,multiclass,tabularaml,3,4500,792,198,12,43,31,0.30564591422356013,categorical_crossentropy,False,0.3122442780617293,0.02113205685986878,"{""accuracy"": 0.9825528006849951, ""categorical_crossentropy"": 0.30564591422356013, ""categorical_roc_auc"": 0.9947811447811449, ""f1"": 0.9030071758072129, ""precision"": 0.9063996885521675, ""recall"": 0.9040404035381594}","{""accuracy"": 0.002811621368322336, ""categorical_crossentropy"": 0.02113205685986878, ""categorical_roc_auc"": 0.0012143119369687804, ""f1"": 0.016246062731373193, ""precision"": 0.017871981978807887, ""recall"": 0.01704545454545455}",3741.3662614822388,0.07226777076721191,3753.6587874889374,454.37890625,1859,ok,,0.2.0,"{""mode"": ""best"", ""elapsed_time"": 3612.525018453598, ""n_init_feats"": 12, ""n_added_feats"": 31, ""initial_metric"": null, ""final_metric"": 0.25252261508926793, ""pct_gain"": 0.28467179382268154}"
9957,qsar-biodeg,openml_task,amlb,classification,tabularaml,1,4500,844,211,41,70,29,0.9416498993963782,binary_roc_auc,True,0.943661971830986,-0.0021321961620470397,"{""accuracy"": 0.8767772511432806, ""binary_crossentropy"": 0.29749955813415896, ""binary_roc_auc"": 0.9416498993963782, ""f1"": 0.8194444393315974, ""precision"": 0.8082191779714769, ""recall"": 0.8309859153759176}","{""accuracy"": -0.010695187165775421, ""binary_crossentropy"": -0.013931555543861128, ""binary_roc_auc"": -0.002132196162046922, ""f1"": -0.011015325733099176, ""precision"": -0.03849787434286049, ""recall"": 0.017241379310344924}",1822.999008655548,0.046613454818725586,1827.4846391677856,365.84375,161,ok,,0.2.0,"{""mode"": ""best"", ""elapsed_time"": 1724.6720728874207, ""n_init_feats"": 41, ""n_added_feats"": 29, ""initial_metric"": null, ""final_metric"": 0.9206956752236308, ""pct_gain"": -0.0009962645661838678}"
3549,analcatdata_authorship,openml_task,amlb,multiclass,tabularaml,2,4500,672,169,70,114,44,0.06430021228789512,categorical_crossentropy,False,0.0530754859215158,-0.2114860782052497,"{""accuracy"": 0.9940828401778649, ""categorical_crossentropy"": 0.06430021228789512, ""categorical_roc_auc"": 0.9986799630766858, ""f1"": 0.9819600621166045, ""precision"": 0.9918032782877735, ""recall"": 0.9733664769138621}","{""accuracy"": 0.0, ""categorical_crossentropy"": -0.21148607820524892, ""categorical_roc_auc"": -0.0009095583510821185, ""f1"": 0.0, ""precision"": 0.0, ""recall"": 0.0}",3675.0547664165497,0.11951994895935059,3679.5733284950256,361.5390625,397,ok,,0.2.0,"{""mode"": ""best"", ""elapsed_time"": 3608.086251974106, ""n_init_feats"": 70, ""n_added_feats"": 44, ""initial_metric"": null, ""final_metric"": 0.012510182394886082, ""pct_gain"": 0.6955863605803071}"
3904,jm1,openml_task,amlb,classification,tabularaml,0,4500,8708,2177,21,61,40,0.7546958104956742,binary_roc_auc,True,0.7483849063137449,0.008432698373106486,"{""accuracy"": 0.8203950390407883, ""binary_crossentropy"": 0.4232664838250167, ""binary_roc_auc"": 0.7546958104956742, ""f1"": 0.2929475551253233, ""precision"": 0.6136363635898759, ""recall"": 0.1923990498766651}","{""accuracy"": 0.0033707865168538446, ""binary_crossentropy"": 0.008799850659194504, ""binary_roc_auc"": 0.008432698373106486, ""f1"": 0.029024653116174356, ""precision"": 0.04085155350860431, ""recall"": 0.025316455696202396}",3580.0278894901276,0.06087827682495117,3583.4727067947388,529.0390625,77,ok,,0.2.0,"{""mode"": ""best"", ""elapsed_time"": 2955.987053155899, ""n_init_feats"": 21, ""n_added_feats"": 40, ""initial_metric"": null, ""final_metric"": 0.7392955283249327, ""pct_gain"": 0.016060125070521663}"
10101,blood-transfusion,openml_task,amlb,classification,tabularaml,0,4500,598,150,4,12,8,0.6470516569200779,binary_roc_auc,True,0.6437621832358674,0.005109765329295961,"{""accuracy"": 0.7599999999493333, ""binary_crossentropy"": 0.5220845710237821, ""binary_roc_auc"": 0.6470516569200779, ""f1"": 0.09999999815, ""precision"": 0.49999999875, ""recall"": 0.05555555554012345}","{""accuracy"": 0.0, ""binary_crossentropy"": 0.017432919578663046, ""binary_roc_auc"": 0.005109765329295961, ""f1"": 0.0, ""precision"": 0.0, ""recall"": 0.0}",78.924729347229,0.014823436737060547,82.00672364234924,340.31640625,13,ok,,0.2.0,"{""mode"": ""best"", ""elapsed_time"": 78.64241361618042, ""n_init_feats"": 4, ""n_added_feats"": 8, ""initial_metric"": null, ""final_metric"": 0.7618142589118199, ""pct_gain"": 0.038751697480560045}"
9957,qsar-biodeg,openml_task,amlb,classification,tabularaml,3,4500,844,211,41,73,32,0.9062374245472837,binary_roc_auc,True,0.9099597585513078,-0.0040906578220010655,"{""accuracy"": 0.8341232227092832, ""binary_crossentropy"": 0.377412390387595, ""binary_roc_auc"": 0.9062374245472837, ""f1"": 0.7407407356444445, ""precision"": 0.7812499998779298, ""recall"": 0.7042253520134895}","{""accuracy"": -0.02222222222222226, ""binary_crossentropy"": -0.04314040614535357, ""binary_roc_auc"": -0.0040906578220010655, ""f1"": -0.029629629846518492, ""precision"": -0.06249999999023432, ""recall"": 0.0}",1754.1852433681488,0.07415938377380371,1757.2711834907532,367.9140625,85,ok,,0.2.0,"{""mode"": ""best"", ""elapsed_time"": 1699.9402265548706, ""n_init_feats"": 41, ""n_added_feats"": 32, ""initial_metric"": null, ""final_metric"": 0.9444384660185475, ""pct_gain"": 0.021464085251223616}"
10093,banknote-authentication,openml_task,amlb,classification,tabularaml,0,4500,1097,275,4,4,0,1.0,binary_roc_auc,True,1.0,0.0,"{""accuracy"": 0.9963636363274049, ""binary_crossentropy"": 0.007810878899842713, ""binary_roc_auc"": 1.0, ""f1"": 0.9959183622657226, ""precision"": 0.9918699186185472, ""recall"": 0.9999999999180328}","{""accuracy"": 0.0, ""binary_crossentropy"": -0.0, ""binary_roc_auc"": 0.0, ""f1"": 0.0, ""precision"": 0.0, ""recall"": 0.0}",303.4792728424072,0.0010483264923095703,307.23985028266907,345.2421875,394,ok,,0.2.0,"{""mode"": ""best"", ""elapsed_time"": 302.98891592025757, ""n_init_feats"": 4, ""n_added_feats"": 0, ""initial_metric"": null, ""final_metric"": 0.9999165971643036, ""pct_gain"": 0.0}"
10101,blood-transfusion,openml_task,amlb,classification,tabularaml,1,4500,598,150,4,12,8,0.7097953216374269,binary_roc_auc,True,0.7269736842105263,-0.023629964806435456,"{""accuracy"": 0.7399999999506667, ""binary_crossentropy"": 0.4984644990662734, ""binary_roc_auc"": 0.7097953216374269, ""f1"": 0.204081628671387, ""precision"": 0.3846153843195266, ""recall"": 0.13888888885030864}","{""accuracy"": -0.026315789473684174, ""binary_crossentropy"": -0.015809833069657473, ""binary_roc_auc"": -0.023629964806435456, ""f1"": -0.33673469737921685, ""precision"": -0.2307692308801776, ""recall"": -0.37499999999999994}",53.12417483329773,0.01995563507080078,56.97876286506653,342.30859375,22,ok,,0.2.0,"{""mode"": ""best"", ""elapsed_time"": 52.89218306541443, ""n_init_feats"": 4, ""n_added_feats"": 8, ""initial_metric"": null, ""final_metric"": 0.7396285178236397, ""pct_gain"": 0.04964920384841841}"
10101,blood-transfusion,openml_task,amlb,classification,tabularaml,4,4500,598,150,4,12,8,0.6995614035087719,binary_roc_auc,True,0.7099171539961014,-0.014587266174704065,"{""accuracy"": 0.7733333332817778, ""binary_crossentropy"": 0.5090561403830847, ""binary_roc_auc"": 0.6995614035087719, ""f1"": 0.31999999584, ""precision"": 0.5714285710204081, ""recall"": 0.2222222221604938}","{""accuracy"": -0.008547008547008489, ""binary_crossentropy"": 0.006274141019567491, ""binary_roc_auc"": -0.014587266174704065, ""f1"": -0.09333333409777786, ""precision"": -0.04761904766439908, ""recall"": -0.11111111111111116}",33.92936086654663,0.012476682662963867,36.67436504364014,338.96484375,34,ok,,0.2.0,"{""mode"": ""best"", ""elapsed_time"": 33.71717023849487, ""n_init_feats"": 4, ""n_added_feats"": 8, ""initial_metric"": null, ""final_metric"": 0.695671669793621, ""pct_gain"": 0.03446034303086546}"
9946,wdbc,openml_task,amlb,classification,tabularaml,2,4500,455,114,30,52,22,0.9871031746031745,binary_roc_auc,True,0.9927248677248676,-0.00566289140572942,"{""accuracy"": 0.9736842104409049, ""binary_crossentropy"": 0.09667495751892331, ""binary_roc_auc"": 0.9871031746031745, ""f1"": 0.9638554164552185, ""precision"": 0.9756097558596074, ""recall"": 0.9523809521541949}","{""accuracy"": 0.0, ""binary_crossentropy"": 0.02913714280293993, ""binary_roc_auc"": -0.005662891405729531, ""f1"": -0.0008815750910093078, ""precision"": 0.02320047589559064, ""recall"": -0.024390243902439077}",2416.356192588806,0.059529781341552734,2419.2258882522583,367.875,129,ok,,0.2.0,"{""mode"": ""best"", ""elapsed_time"": 2366.6817502975464, ""n_init_feats"": 30, ""n_added_feats"": 22, ""initial_metric"": null, ""final_metric"": 0.9972110316417717, ""pct_gain"": 0.006141127649342785}"
10093,banknote-authentication,openml_task,amlb,classification,tabularaml,2,4500,1097,275,4,4,0,0.9999464266580949,binary_roc_auc,True,0.9999464266580947,1.110282506169471e-16,"{""accuracy"": 0.9927272726911736, ""binary_crossentropy"": 0.017674345215094613, ""binary_roc_auc"": 0.9999464266580949, ""f1"": 0.9918032736072294, ""precision"": 0.9918032786072293, ""recall"": 0.9918032786072293}","{""accuracy"": 0.0, ""binary_crossentropy"": -0.0, ""binary_roc_auc"": 0.0, ""f1"": 0.0, ""precision"": 0.0, ""recall"": 0.0}",285.06699085235596,0.0009570121765136719,288.64683294296265,348.75,485,ok,,0.2.0,"{""mode"": ""best"", ""elapsed_time"": 284.64469814300537, ""n_init_feats"": 4, ""n_added_feats"": 0, ""initial_metric"": null, ""final_metric"": 0.9998543762086657, ""pct_gain"": 0.0}"
10101,blood-transfusion,openml_task,amlb,classification,tabularaml,2,4500,598,150,4,12,8,0.7133284600389863,binary_roc_auc,True,0.7634015594541911,-0.06559208426428355,"{""accuracy"": 0.7933333332804444, ""binary_crossentropy"": 0.5076107185520232, ""binary_roc_auc"": 0.7133284600389863, ""f1"": 0.4561403460634041, ""precision"": 0.6190476187528344, ""recall"": 0.36111111101080245}","{""accuracy"": -0.016528925619834735, ""binary_crossentropy"": -0.08598817663536645, ""binary_roc_auc"": -0.06559208426428355, ""f1"": 0.007309940963116781, ""precision"": -0.12301587291761154, ""recall"": 0.08333333333333337}",121.86810731887817,0.01656317710876465,125.30818390846252,343.4921875,81,ok,,0.2.0,"{""mode"": ""best"", ""elapsed_time"": 121.56636023521423, ""n_init_feats"": 4, ""n_added_feats"": 8, ""initial_metric"": null, ""final_metric"": 0.6886960600375234, ""pct_gain"": 0.012629069847990485}"
3903,pc3,openml_task,amlb,classification,tabularaml,0,4500,1250,313,37,64,27,0.8289034697508897,binary_roc_auc,True,0.8225645017793595,0.007706347596836304,"{""accuracy"": 0.9073482427825128, ""binary_crossentropy"": 0.26247085945177884, ""binary_roc_auc"": 0.8289034697508897, ""f1"": 0.3255813913899405, ""precision"": 0.6363636357851239, ""recall"": 0.21874999993164063}","{""accuracy"": 0.010676156583629932, ""binary_crossentropy"": 0.007815008753440194, ""binary_roc_auc"": 0.007706347596836304, ""f1"": 0.06976744420149877, ""precision"": 0.27272727247933876, ""recall"": 0.0}",3731.388925552368,0.10516929626464844,3734.661383152008,389.6171875,78,ok,,0.2.0,"{""mode"": ""best"", ""elapsed_time"": 3606.6609325408936, ""n_init_feats"": 37, ""n_added_feats"": 27, ""initial_metric"": null, ""final_metric"": 0.8448557899268188, ""pct_gain"": 0.03419929346342974}"
10101,blood-transfusion,openml_task,amlb,classification,tabularaml,3,4500,598,150,4,12,8,0.5699317738791423,binary_roc_auc,True,0.6319444444444445,-0.09812994023520354,"{""accuracy"": 0.7599999999493333, ""binary_crossentropy"": 0.5470546007156372, ""binary_roc_auc"": 0.5699317738791423, ""f1"": 0.2173913008506617, ""precision"": 0.49999999949999996, ""recall"": 0.13888888885030864}","{""accuracy"": 0.0, ""binary_crossentropy"": -0.02884035620280119, ""binary_roc_auc"": -0.09812994023520354, ""f1"": 0.0, ""precision"": 0.0, ""recall"": 0.0}",129.90956044197083,0.016968250274658203,133.3216049671173,341.9140625,16,ok,,0.2.0,"{""mode"": ""best"", ""elapsed_time"": 129.6151340007782, ""n_init_feats"": 4, ""n_added_feats"": 8, ""initial_metric"": null, ""final_metric"": 0.7571369606003753, ""pct_gain"": 0.058785562791023316}"
10093,banknote-authentication,openml_task,amlb,classification,tabularaml,3,4500,1097,275,4,4,0,1.0,binary_roc_auc,True,1.0,0.0,"{""accuracy"": 0.9999999999636363, ""binary_crossentropy"": 0.0068520525541283525, ""binary_roc_auc"": 1.0, ""f1"": 0.9999999949180327, ""precision"": 0.9999999999180328, ""recall"": 0.9999999999180328}","{""accuracy"": 0.0, ""binary_crossentropy"": -0.0, ""binary_roc_auc"": 0.0, ""f1"": 0.0, ""precision"": 0.0, ""recall"": 0.0}",337.932608127594,0.0010900497436523438,341.10178327560425,343.5625,390,ok,,0.2.0,"{""mode"": ""best"", ""elapsed_time"": 337.52001667022705, ""n_init_feats"": 4, ""n_added_feats"": 0, ""initial_metric"": null, ""final_metric"": 0.9998748478137912, ""pct_gain"": 0.0}"
10093,banknote-authentication,openml_task,amlb,classification,tabularaml,4,4500,1097,275,4,4,0,0.9998392799742849,binary_roc_auc,True,0.9998392799742848,1.1104014883809234e-16,"{""accuracy"": 0.9963636363274049, ""binary_crossentropy"": 0.013706479198768978, ""binary_roc_auc"": 0.9998392799742849, ""f1"": 0.9959183622657226, ""precision"": 0.9918699186185472, ""recall"": 0.9999999999180328}","{""accuracy"": 0.0, ""binary_crossentropy"": -0.0, ""binary_roc_auc"": 0.0, ""f1"": 0.0, ""precision"": 0.0, ""recall"": 0.0}",272.9395821094513,0.001653432846069336,276.55224895477295,347.8046875,1393,ok,,0.2.0,"{""mode"": ""best"", ""elapsed_time"": 272.45130157470703, ""n_init_feats"": 4, ""n_added_feats"": 0, ""initial_metric"": null, ""final_metric"": 0.9997107438016529, ""pct_gain"": 0.0}"
9977,nomao,openml_task,amlb,classification,tabularaml,0,4500,27572,6893,118,118,0,0.9958402765200163,binary_roc_auc,True,0.9958402765200164,-1.1148605361743884e-16,"{""accuracy"": 0.9709850573031031, ""binary_crossentropy"": 0.07335619736651688, ""binary_roc_auc"": 0.9958402765200163, ""f1"": 0.9797447792800029, ""precision"": 0.9771717171697432, ""recall"": 0.9823314378534072}","{""accuracy"": 0.0, ""binary_crossentropy"": -0.0, ""binary_roc_auc"": 0.0, ""f1"": 0.0, ""precision"": 0.0, ""recall"": 0.0}",1158.4646801948547,0.0829770565032959,1175.6909680366516,736.34765625,601,ok,,0.2.0,"{""mode"": ""best"", ""elapsed_time"": 1132.6704483032227, ""n_init_feats"": 118, ""n_added_feats"": 0, ""initial_metric"": null, ""final_metric"": 0.9946565371942002, ""pct_gain"": 0.0}"
9977,nomao,openml_task,amlb,classification,tabularaml,4,4500,27572,6893,118,118,0,0.9957554420900068,binary_roc_auc,True,0.9957554420900068,0.0,"{""accuracy"": 0.9737414768591706, ""binary_crossentropy"": 0.07138354732680341, ""binary_roc_auc"": 0.9957554420900068, ""f1"": 0.9816038165245868, ""precision"": 0.9825025432329959, ""recall"": 0.9807067424837923}","{""accuracy"": 0.0, ""binary_crossentropy"": -0.0, ""binary_roc_auc"": 0.0, ""f1"": 0.0, ""precision"": 0.0, ""recall"": 0.0}",1126.5307095050812,0.04879879951477051,1136.8285083770752,744.46875,582,ok,,0.2.0,"{""mode"": ""best"", ""elapsed_time"": 1111.4753262996674, ""n_init_feats"": 118, ""n_added_feats"": 0, ""initial_metric"": null, ""final_metric"": 0.9947135700305336, ""pct_gain"": 0.0}"
9977,nomao,openml_task,amlb,classification,tabularaml,1,4500,27572,6893,118,118,0,0.9961038563204899,binary_roc_auc,True,0.99610385632049,-1.1145655320783633e-16,"{""accuracy"": 0.9717104308704894, ""binary_crossentropy"": 0.07229359174488244, ""binary_roc_auc"": 0.9961038563204899, ""f1"": 0.9802371491482293, ""precision"": 0.9783532267833738, ""recall"": 0.9821283509322053}","{""accuracy"": 0.0, ""binary_crossentropy"": -0.0, ""binary_roc_auc"": 0.0, ""f1"": 0.0, ""precision"": 0.0, ""recall"": 0.0}",1189.6525802612305,0.08037161827087402,1210.5854959487915,715.7578125,693,ok,,0.2.0,"{""mode"": ""best"", ""elapsed_time"": 1162.885898590088, ""n_init_feats"": 118, ""n_added_feats"": 0, ""initial_metric"": null, ""final_metric"": 0.9946806786437369, ""pct_gain"": 0.0}"
3904,jm1,openml_task,amlb,classification,tabularaml,4,4500,8708,2177,21,47,26,0.7565523566300001,binary_roc_auc,True,0.7528602308204244,0.004904131814151221,"{""accuracy"": 0.8153422140522952, ""binary_crossentropy"": 0.423220771789674, ""binary_roc_auc"": 0.7565523566300001, ""f1"": 0.24150943068586692, ""precision"": 0.5871559632488849, ""recall"": 0.152019002371686}","{""accuracy"": 0.0028248587570621417, ""binary_crossentropy"": 0.012785663398665362, ""binary_roc_auc"": 0.004904131814151221, ""f1"": -0.0662769064479319, ""precision"": 0.058534694390546864, ""recall"": -0.0985915492957747}",3861.8245577812195,0.05746150016784668,3866.056476354599,594.4921875,80,ok,,0.2.0,"{""mode"": ""best"", ""elapsed_time"": 3632.463543653488, ""n_init_feats"": 21, ""n_added_feats"": 26, ""initial_metric"": null, ""final_metric"": 0.7355297632035486, ""pct_gain"": 0.03234925578786735}"
3904,jm1,openml_task,amlb,classification,tabularaml,3,4500,8708,2177,21,53,32,0.7347993171697714,binary_roc_auc,True,0.7290369226107706,0.007904118955134685,"{""accuracy"": 0.8158015617785218, ""binary_crossentropy"": 0.4326653352480418, ""binary_roc_auc"": 0.7347993171697714, ""f1"": 0.2560296811716881, ""precision"": 0.5847457626623097, ""recall"": 0.16389548693197398}","{""accuracy"": 0.003957037874505335, ""binary_crossentropy"": 0.010595939764536795, ""binary_roc_auc"": 0.007904118955134685, ""f1"": 0.15654788666603614, ""precision"": 0.038427820001126774, ""recall"": 0.1896551724137932}",4025.8418338298798,0.03537487983703613,4030.4040656089783,590.0234375,83,ok,,0.2.0,"{""mode"": ""best"", ""elapsed_time"": 3606.564765930176, ""n_init_feats"": 21, ""n_added_feats"": 32, ""initial_metric"": null, ""final_metric"": 0.7587791771477719, ""pct_gain"": 0.030477005380193583}"
9957,qsar-biodeg,openml_task,amlb,classification,tabularaml,0,4500,844,211,41,71,30,0.9111167002012074,binary_roc_auc,True,0.9102112676056338,0.0009947499309203515,"{""accuracy"": 0.8341232227092832, ""binary_crossentropy"": 0.37056389807666085, ""binary_roc_auc"": 0.9111167002012074, ""f1"": 0.7286821654804401, ""precision"": 0.8103448274464923, ""recall"": 0.6619718308926801}","{""accuracy"": -0.00564971751412437, ""binary_crossentropy"": 0.04460839376903361, ""binary_roc_auc"": 0.0009947499309203515, ""f1"": 0.0039621015943158405, ""precision"": -0.045593869716276894, ""recall"": 0.044444444444444516}",2379.3943581581116,0.04613327980041504,2382.324666261673,377.3984375,38,ok,,0.2.0,"{""mode"": ""best"", ""elapsed_time"": 2310.2642323970795, ""n_init_feats"": 41, ""n_added_feats"": 30, ""initial_metric"": null, ""final_metric"": 0.9430725027253857, ""pct_gain"": 0.01092264016475981}"
3904,jm1,openml_task,amlb,classification,tabularaml,1,4500,8708,2177,21,51,30,0.7393145455824347,binary_roc_auc,True,0.7423154545798862,-0.004042633059754765,"{""accuracy"": 0.8217730822194682, ""binary_crossentropy"": 0.42806222973255376, ""binary_roc_auc"": 0.7393145455824347, ""f1"": 0.2451361837969538, ""precision"": 0.6774193547658689, ""recall"": 0.1496437054596284}","{""accuracy"": 0.002240896358543359, ""binary_crossentropy"": -0.00016082019956214824, ""binary_roc_auc"": -0.004042633059754765, ""f1"": -0.17598799839118584, ""precision"": 0.11815001939395474, ""recall"": -0.24096385542168675}",4064.2474253177643,0.049379587173461914,4068.118177175522,572.04296875,78,ok,,0.2.0,"{""mode"": ""best"", ""elapsed_time"": 3621.1638622283936, ""n_init_feats"": 21, ""n_added_feats"": 30, ""initial_metric"": null, ""final_metric"": 0.7452331686569332, ""pct_gain"": 0.033138188709458144}"
7592,adult,openml_task,amlb,classification,tabularaml,0,4500,39073,9769,14,22,8,0.9278638351648971,binary_roc_auc,True,0.9274963251880228,0.00039623874175435665,"{""accuracy"": 0.8754222540680976, ""binary_crossentropy"": 0.27819691906051414, ""binary_roc_auc"": 0.9278638351648971, ""f1"": 0.9205561670771432, ""precision"": 0.893889452331524, ""recall"": 0.9488628717521883}","{""accuracy"": -0.0008178525528682343, ""binary_crossentropy"": 0.004538959529227237, ""binary_roc_auc"": 0.00039623874175435665, ""f1"": -0.00035600002286118455, ""precision"": -0.0018953757893054271, ""recall"": 0.0012780460096562718}",3324.4940502643585,0.05353116989135742,3332.046217441559,599.625,218,ok,,0.2.0,"{""mode"": ""best"", ""elapsed_time"": 3315.4875087738037, ""n_init_feats"": 14, ""n_added_feats"": 8, ""initial_metric"": null, ""final_metric"": 0.9293706539815709, ""pct_gain"": 0.000988673577950146}"
3904,jm1,openml_task,amlb,classification,tabularaml,2,4500,8708,2177,21,53,32,0.7522001255282196,binary_roc_auc,True,0.7437871647395561,0.011310978714736719,"{""accuracy"": 0.8171796049572018, ""binary_crossentropy"": 0.4252250170695382, ""binary_roc_auc"": 0.7522001255282196, ""f1"": 0.2196078402475202, ""precision"": 0.6292134830753693, ""recall"": 0.13301662707522527}","{""accuracy"": 0.0016891891891892134, ""binary_crossentropy"": 0.013253811267644272, ""binary_roc_auc"": 0.011310978714736719, ""f1"": 0.08296808956298632, ""precision"": 0.011676580754361027, ""recall"": 0.09803921568627467}",4171.996402978897,0.04081869125366211,4175.6817038059235,557.05859375,54,ok,,0.2.0,"{""mode"": ""best"", ""elapsed_time"": 3615.7352471351624, ""n_init_feats"": 21, ""n_added_feats"": 32, ""initial_metric"": null, ""final_metric"": 0.7363330139858113, ""pct_gain"": 0.026621874819952943}"
10093,banknote-authentication,openml_task,amlb,classification,tabularaml,1,4500,1097,275,4,6,2,0.999946426658095,binary_roc_auc,True,1.0,-5.357334190503327e-05,"{""accuracy"": 0.9927272726911736, ""binary_crossentropy"": 0.012891373416575582, ""binary_roc_auc"": 0.999946426658095, ""f1"": 0.9918032736072294, ""precision"": 0.9918032786072293, ""recall"": 0.9918032786072293}","{""accuracy"": -0.007272727272727216, ""binary_crossentropy"": -0.4649969977635118, ""binary_roc_auc"": -5.357334190503327e-05, ""f1"": -0.008196721352458759, ""precision"": -0.008196721311475374, ""recall"": -0.008196721311475374}",1010.635703086853,0.009447336196899414,1014.0511322021484,351.48046875,703,ok,,0.2.0,"{""mode"": ""best"", ""elapsed_time"": 1010.1222305297852, ""n_init_feats"": 4, ""n_added_feats"": 2, ""initial_metric"": null, ""final_metric"": 0.9997314049586776, ""pct_gain"": 0.00012648107890972466}"
7592,adult,openml_task,amlb,classification,tabularaml,1,4500,39073,9769,14,22,8,0.9349238543502418,binary_roc_auc,True,0.933906453198914,0.0010894037061666714,"{""accuracy"": 0.8802333913390518, ""binary_crossentropy"": 0.26509821512532933, ""binary_roc_auc"": 0.9349238543502418, ""f1"": 0.9232686203954875, ""precision"": 0.9004733273622867, ""recall"": 0.947248015070721}","{""accuracy"": 0.0023312740412635606, ""binary_crossentropy"": 0.009061886494242053, ""binary_roc_auc"": 0.0010894037061667905, ""f1"": 0.0013893353140469905, ""precision"": 0.001763771325963188, ""recall"": 0.000995449374288971}",3613.9391944408417,0.0732424259185791,3621.4695250988007,600.74609375,259,ok,,0.2.0,"{""mode"": ""best"", ""elapsed_time"": 3603.5805673599243, ""n_init_feats"": 14, ""n_added_feats"": 8, ""initial_metric"": null, ""final_metric"": 0.9289066073650248, ""pct_gain"": 0.0011081811140021282}"
7592,adult,openml_task,amlb,classification,tabularaml,2,4500,39073,9769,14,26,12,0.9294895703719156,binary_roc_auc,True,0.9290137643854112,0.0005121624724464646,"{""accuracy"": 0.8728631384984411, ""binary_crossentropy"": 0.27518123346574863, ""binary_roc_auc"": 0.9294895703719156, ""f1"": 0.9184289980227993, ""precision"": 0.8969852469520244, ""recall"": 0.9409231597349739}","{""accuracy"": 0.00011728829462829203, ""binary_crossentropy"": 0.003967192864572371, ""binary_roc_auc"": 0.0005121624724465842, ""f1"": 6.567713156354499e-05, ""precision"": 0.0001282873636945857, ""recall"": 0.0}",3615.0429425239563,0.08487629890441895,3622.293939590454,674.73828125,223,ok,,0.2.0,"{""mode"": ""best"", ""elapsed_time"": 3604.301259279251, ""n_init_feats"": 14, ""n_added_feats"": 12, ""initial_metric"": null, ""final_metric"": 0.9289465613776215, ""pct_gain"": 0.0005147312573062023}"
7592,adult,openml_task,amlb,classification,tabularaml,3,4500,39073,9769,14,25,11,0.9314116158938828,binary_roc_auc,True,0.9313070036177716,0.00011232845420979246,"{""accuracy"": 0.8751151601997388, ""binary_crossentropy"": 0.27185580542326404, ""binary_roc_auc"": 0.9314116158938828, ""f1"": 0.9200524196417761, ""precision"": 0.8966662408980756, ""recall"": 0.9446911586583977}","{""accuracy"": -0.000350795135640819, ""binary_crossentropy"": -2.1970439058824072e-05, ""binary_roc_auc"": 0.00011232845420979246, ""f1"": -0.0001624962114768488, ""precision"": -0.0007225304500616338, ""recall"": 0.000427533133817924}",3614.248827457428,0.09072732925415039,3622.2161297798157,699.69140625,301,ok,,0.2.0,"{""mode"": ""best"", ""elapsed_time"": 3603.3557934761047, ""n_init_feats"": 14, ""n_added_feats"": 11, ""initial_metric"": null, ""final_metric"": 0.9275946044467706, ""pct_gain"": 0.0003125437733465058}"
3481,isolet,openml_task,amlb,multiclass,tabularaml,0,4500,,,,,,,,,,,,,,,4680,,,timeout,wall-clock exceeded 4680s,,
3481,isolet,openml_task,amlb,multiclass,tabularaml,1,4500,,,,,,,,,,,,,,,4680,,,timeout,wall-clock exceeded 4680s,,
3481,isolet,openml_task,amlb,multiclass,tabularaml,2,4500,,,,,,,,,,,,,,,4680,,,timeout,wall-clock exceeded 4680s,,
3481,isolet,openml_task,amlb,multiclass,tabularaml,3,4500,,,,,,,,,,,,,,,4680,,,timeout,wall-clock exceeded 4680s,,
3481,isolet,openml_task,amlb,multiclass,tabularaml,4,4500,,,,,,,,,,,,,,,4680,,,timeout,wall-clock exceeded 4680s,,
14952,PhishingWebsites,openml_task,amlb,classification,tabularaml,2,4500,8844,2211,30,30,0,0.9961682885989489,binary_roc_auc,True,0.9961226976574544,4.576839941675086e-05,"{""accuracy"": 0.9724106738988132, ""binary_crossentropy"": 0.07483633224034839, ""binary_roc_auc"": 0.9961682885989489, ""f1"": 0.9752736066662122, ""precision"": 0.9733009708659119, ""recall"": 0.9772542648174066}","{""accuracy"": 0.0009310986964618036, ""binary_crossentropy"": 0.001567425126909441, ""binary_roc_auc"": 4.5768399416639404e-05, ""f1"": 0.0008319467596763423, ""precision"": 0.0008319467554077249, ""recall"": 0.0008319467554076947}",891.9055643081665,0.04614901542663574,898.9599447250366,498.36328125,872,ok,,0.2.0,"{""mode"": ""best"", ""elapsed_time"": 889.6930541992188, ""n_init_feats"": 30, ""n_added_feats"": 0, ""initial_metric"": null, ""final_metric"": 0.9951485586143567, ""pct_gain"": 0.0}"
14952,PhishingWebsites,openml_task,amlb,classification,tabularaml,3,4500,8844,2211,30,30,0,0.995490226959996,binary_roc_auc,True,0.995423083937068,6.745174389810459e-05,"{""accuracy"": 0.9674355495207263, ""binary_crossentropy"": 0.08379304120122595, ""binary_roc_auc"": 0.995490226959996, ""f1"": 0.9708265752190669, ""precision"": 0.9684721099355824, ""recall"": 0.9731925263933942}","{""accuracy"": -0.00046728971962610016, ""binary_crossentropy"": 0.003453696657085048, ""binary_roc_auc"": 6.745174389821613e-05, ""f1"": -0.00045313344376312676, ""precision"": 0.0007545136081723402, ""recall"": -0.0016666666666666345}",887.603301525116,0.040364980697631836,893.8942430019379,493.5625,643,ok,,0.2.0,"{""mode"": ""best"", ""elapsed_time"": 885.5921268463135, ""n_init_feats"": 30, ""n_added_feats"": 0, ""initial_metric"": null, ""final_metric"": 0.9952383758190495, ""pct_gain"": 0.0}"
9957,qsar-biodeg,openml_task,amlb,classification,tabularaml,4,4500,844,211,41,78,37,0.9484909456740442,binary_roc_auc,True,0.9511066398390342,-0.002750158662999818,"{""accuracy"": 0.8720379146506143, ""binary_crossentropy"": 0.28658926394250533, ""binary_roc_auc"": 0.9484909456740442, ""f1"": 0.7906976693467941, ""precision"": 0.879310344675981, ""recall"": 0.7183098590537592}","{""accuracy"": 0.005464480874317014, ""binary_crossentropy"": -0.05572265592394552, ""binary_roc_auc"": -0.002750158662999818, ""f1"": 0.003577817578372057, ""precision"": 0.03149867373130664, ""recall"": -0.019230769230769336}",2725.3558316230774,0.07709503173828125,2729.6831889152527,374.69921875,200,ok,,0.2.0,"{""mode"": ""best"", ""elapsed_time"": 2655.164659500122, ""n_init_feats"": 41, ""n_added_feats"": 37, ""initial_metric"": null, ""final_metric"": 0.9239940862864569, ""pct_gain"": 0.018343673870138792}"
14952,PhishingWebsites,openml_task,amlb,classification,tabularaml,1,4500,8844,2211,30,30,0,0.996571561199622,binary_roc_auc,True,0.9965831661665476,-1.1644755118921651e-05,"{""accuracy"": 0.9692446856582124, ""binary_crossentropy"": 0.0724698457310732, ""binary_roc_auc"": 0.996571561199622, ""f1"": 0.972357718569334, ""precision"": 0.9731489015380542, ""recall"": 0.9715678310237892}","{""accuracy"": 0.0, ""binary_crossentropy"": 0.00020165299118791292, ""binary_roc_auc"": -1.1644755119033053e-05, ""f1"": 0.0, ""precision"": 0.0, ""recall"": 0.0}",959.9411022663116,0.048946380615234375,965.9128124713898,497.2734375,809,ok,,0.2.0,"{""mode"": ""best"", ""elapsed_time"": 957.5305759906769, ""n_init_feats"": 30, ""n_added_feats"": 0, ""initial_metric"": null, ""final_metric"": 0.9950872381870324, ""pct_gain"": 0.0}"
3573,mnist_784,openml_task,amlb,multiclass,tabularaml,0,4500,,,,,,,,,,,,,,,4680,,,timeout,wall-clock exceeded 4680s,,
3573,mnist_784,openml_task,amlb,multiclass,tabularaml,1,4500,,,,,,,,,,,,,,,4680,,,timeout,wall-clock exceeded 4680s,,
9910,Bioresponse,openml_task,amlb,classification,tabularaml,2,4500,3000,751,1776,1783,7,0.8804854008342382,binary_roc_auc,True,0.8845780241129078,-0.004626639106000632,"{""accuracy"": 0.7962716378056421, ""binary_crossentropy"": 0.4371821881704697, ""binary_roc_auc"": 0.8804854008342382, ""f1"": 0.8158844715167524, ""precision"": 0.7995283018679357, ""recall"": 0.8329238329033679}","{""accuracy"": -0.0033333333333333427, ""binary_crossentropy"": -0.010363156336721172, ""binary_roc_auc"": -0.004626639106000632, ""f1"": -0.0024067388829269324, ""precision"": -0.004716981131964194, ""recall"": 0.0}",3660.540566444397,0.4120829105377197,3677.312590122223,786.484375,105,ok,,0.2.0,"{""mode"": ""best"", ""elapsed_time"": 3636.3699724674225, ""n_init_feats"": 1776, ""n_added_feats"": 7, ""initial_metric"": null, ""final_metric"": 0.8600501858190984, ""pct_gain"": 0.005361705840045238}"
3573,mnist_784,openml_task,amlb,multiclass,tabularaml,2,4500,,,,,,,,,,,,,,,4680,,,timeout,wall-clock exceeded 4680s,,
3573,mnist_784,openml_task,amlb,multiclass,tabularaml,3,4500,,,,,,,,,,,,,,,4680,,,timeout,wall-clock exceeded 4680s,,
3573,mnist_784,openml_task,amlb,multiclass,tabularaml,4,4500,,,,,,,,,,,,,,,4680,,,timeout,wall-clock exceeded 4680s,,
9910,Bioresponse,openml_task,amlb,classification,tabularaml,4,4500,3000,751,1776,1779,3,0.8828352665561968,binary_roc_auc,True,0.8800282840980517,0.003189650274731847,"{""accuracy"": 0.8189081224924246, ""binary_crossentropy"": 0.4253275969553089, ""binary_roc_auc"": 0.8828352665561968, ""f1"": 0.8333333283129385, ""precision"": 0.8312958435004573, ""recall"": 0.83538083536031}","{""accuracy"": -0.004854368932038915, ""binary_crossentropy"": 0.010569077879542657, ""binary_roc_auc"": 0.003189650274731847, ""f1"": -0.006038647379888669, ""precision"": 0.0023741185637773795, ""recall"": -0.014492753623188429}",3618.0383644104004,0.23663902282714844,3631.803701400757,805.6171875,139,ok,,0.2.0,"{""mode"": ""best"", ""elapsed_time"": 3602.4977173805237, ""n_init_feats"": 1776, ""n_added_feats"": 3, ""initial_metric"": null, ""final_metric"": 0.8680982414965005, ""pct_gain"": 0.0031419291006658957}"
9910,Bioresponse,openml_task,amlb,classification,tabularaml,3,4500,3000,751,1776,1779,3,0.8792497571567339,binary_roc_auc,True,0.8763284955145422,0.00333352350989855,"{""accuracy"": 0.8095872170331613, ""binary_crossentropy"": 0.4361271076400413, ""binary_roc_auc"": 0.8792497571567339, ""f1"": 0.8279181658606265, ""precision"": 0.8113207546978461, ""recall"": 0.8452088451880784}","{""accuracy"": 0.0167224080267559, ""binary_crossentropy"": 0.013840672062806227, ""binary_roc_auc"": 0.00333352350989855, ""f1"": 0.013653479090187489, ""precision"": 0.018314612958332498, ""recall"": 0.008797653958944322}",3648.2310333251953,0.3148045539855957,3668.195099592209,811.03125,158,ok,,0.2.0,"{""mode"": ""best"", ""elapsed_time"": 3628.6491963863373, ""n_init_feats"": 1776, ""n_added_feats"": 3, ""initial_metric"": null, ""final_metric"": 0.8643187133987424, ""pct_gain"": -0.00032388282246748556}"
9910,Bioresponse,openml_task,amlb,classification,tabularaml,0,4500,3000,751,1776,1779,3,0.8866993314667733,binary_roc_auc,True,0.8878349808582366,-0.0012791221521431704,"{""accuracy"": 0.8055925432649056, ""binary_crossentropy"": 0.43141316820355197, ""binary_roc_auc"": 0.8866993314667733, ""f1"": 0.8261904711755954, ""precision"": 0.8013856812747948, ""recall"": 0.8525798525589047}","{""accuracy"": -0.008196721311475363, ""binary_crossentropy"": -0.006403203281894984, ""binary_roc_auc"": -0.0012791221521431704, ""f1"": -0.007391156507403394, ""precision"": -0.006281755196357674, ""recall"": -0.00857142857142861}",3865.532104730606,0.27646565437316895,3881.201518535614,880.46875,206,ok,,0.2.0,"{""mode"": ""best"", ""elapsed_time"": 3848.2253365516663, ""n_init_feats"": 1776, ""n_added_feats"": 3, ""initial_metric"": null, ""final_metric"": 0.8570806202949697, ""pct_gain"": 0.004649213961176151}"
9910,Bioresponse,openml_task,amlb,classification,tabularaml,1,4500,3000,751,1776,1781,5,0.8739929146905892,binary_roc_auc,True,0.8738929204045482,0.00011442395710748556,"{""accuracy"": 0.7976031957283941, ""binary_crossentropy"": 0.4448531344334549, ""binary_roc_auc"": 0.8739929146905892, ""f1"": 0.8199052082570304, ""precision"": 0.791762013711859, ""recall"": 0.8501228501019625}","{""accuracy"": -0.006633499170812621, ""binary_crossentropy"": 0.0022985176542613924, ""binary_roc_auc"": 0.00011442395710748556, ""f1"": -0.006246689972194723, ""precision"": -0.004058670408528077, ""recall"": -0.008595988538681988}",3924.0662174224854,0.2547454833984375,3936.572870492935,807.30859375,129,ok,,0.2.0,"{""mode"": ""best"", ""elapsed_time"": 3908.566960334778, ""n_init_feats"": 1776, ""n_added_feats"": 5, ""initial_metric"": null, ""final_metric"": 0.8557552844439543, ""pct_gain"": -0.002110231670346221}"
9977,nomao,openml_task,amlb,classification,tabularaml,2,4500,27572,6893,118,119,1,0.9948951848699521,binary_roc_auc,True,0.9947168004970628,0.00017933181866453573,"{""accuracy"": 0.9696793848818082, ""binary_crossentropy"": 0.08295415606249816, ""binary_roc_auc"": 0.9948951848699521, ""f1"": 0.9787795665281172, ""precision"": 0.9786802030436982, ""recall"": 0.9788789601929755}","{""accuracy"": 0.0013483146067415897, ""binary_crossentropy"": -0.010401201156200277, ""binary_roc_auc"": 0.00017933181866453573, ""f1"": 0.0009229864988686672, ""precision"": 0.0014307598620213317, ""recall"": 0.0004151100041510875}",2648.4691920280457,0.1346135139465332,2662.613302707672,856.7265625,764,ok,,0.2.0,"{""mode"": ""best"", ""elapsed_time"": 2628.0406396389008, ""n_init_feats"": 118, ""n_added_feats"": 1, ""initial_metric"": null, ""final_metric"": 0.9951365367658106, ""pct_gain"": 8.910930982987861e-07}"
7592,adult,openml_task,amlb,classification,tabularaml,4,4500,,,,,,,,,,,,,,,4680,,,timeout,wall-clock exceeded 4680s,,
14952,PhishingWebsites,openml_task,amlb,classification,tabularaml,4,4500,8844,2211,30,32,2,0.9974373746249109,binary_roc_auc,True,0.997211906696066,0.00022609831203473945,"{""accuracy"": 0.975576662139414, ""binary_crossentropy"": 0.06330006901615644, ""binary_roc_auc"": 0.9974373746249109, ""f1"": 0.9780309144387601, ""precision"": 0.9796251018665068, ""recall"": 0.9764419171326041}","{""accuracy"": 0.00046382189239325337, ""binary_crossentropy"": 0.0456960818584024, ""binary_roc_auc"": 0.00022609831203473945, ""f1"": 0.00042546589748940564, ""precision"": 1.6964944324268523e-05, ""recall"": 0.000832639467110668}",1978.872309923172,0.07709264755249023,1984.1341803073883,603.78125,481,ok,,0.2.0,"{""mode"": ""best"", ""elapsed_time"": 1976.487396478653, ""n_init_feats"": 30, ""n_added_feats"": 2, ""initial_metric"": null, ""final_metric"": 0.9949493642571359, ""pct_gain"": 0.0002612821664563294}"
9960,wall-robot-navigation,openml_task,amlb,multiclass,tabularaml,2,4500,4364,1092,24,55,31,0.019246664511049127,categorical_crossentropy,False,0.0182973245766747,-0.05188408449531672,"{""accuracy"": 0.997252747243615, ""categorical_crossentropy"": 0.019246664511049127, ""categorical_roc_auc"": 0.9999062547079272, ""f1"": 0.9935521821869022, ""precision"": 0.9914996919573222, ""recall"": 0.9956503813001716}","{""accuracy"": 0.0, ""categorical_crossentropy"": -0.051884084495316125, ""categorical_roc_auc"": 1.2275888616941581e-05, ""f1"": 9.955731013188408e-06, ""precision"": -0.0009278205991637942, ""recall"": 0.0009533086025562838}",3821.7909321784973,0.03503060340881348,3826.720282316208,403.73828125,200,ok,,0.2.0,"{""mode"": ""best"", ""elapsed_time"": 3617.164790391922, ""n_init_feats"": 24, ""n_added_feats"": 31, ""initial_metric"": null, ""final_metric"": 0.012001283585903254, ""pct_gain"": 0.11679195055003724}"
9960,wall-robot-navigation,openml_task,amlb,multiclass,tabularaml,1,4500,4364,1092,24,60,36,0.006469014875366713,categorical_crossentropy,False,0.0059375589187053,-0.0895074834520207,"{""accuracy"": 0.9990842490751001, ""categorical_crossentropy"": 0.006469014875366713, ""categorical_roc_auc"": 0.9999899589077612, ""f1"": 0.9967513287011103, ""precision"": 0.9988405648469701, ""recall"": 0.9946969696329838}","{""accuracy"": 0.0, ""categorical_crossentropy"": -0.08950748345201386, ""categorical_roc_auc"": -8.857790846041673e-07, ""f1"": 0.0, ""precision"": 0.0, ""recall"": 0.0}",3844.096288919449,0.05817770957946777,3851.104984521866,407.421875,185,ok,,0.2.0,"{""mode"": ""best"", ""elapsed_time"": 3615.590673685074, ""n_init_feats"": 24, ""n_added_feats"": 36, ""initial_metric"": null, ""final_metric"": 0.012053620533368213, ""pct_gain"": 0.29983376022292474}"
9960,wall-robot-navigation,openml_task,amlb,multiclass,tabularaml,0,4500,4364,1092,24,55,31,0.004619590503412777,categorical_crossentropy,False,0.0078566130169071,0.4120124672716331,"{""accuracy"": 0.9990842490751, ""categorical_crossentropy"": 0.004619590503412777, ""categorical_roc_auc"": 0.9999956010790133, ""f1"": 0.9972405112688564, ""precision"": 0.9957030457931572, ""recall"": 0.9988095237449005}","{""accuracy"": 0.0013767783386873886, ""categorical_crossentropy"": 0.4120124672716334, ""categorical_roc_auc"": -1.7865135614843365e-06, ""f1"": 0.002213882697066106, ""precision"": 0.0026517934024506296, ""recall"": 0.0017625653855629403}",3977.6561737060547,0.03801989555358887,3984.68092751503,407.92578125,296,ok,,0.2.0,"{""mode"": ""best"", ""elapsed_time"": 3641.458569288254, ""n_init_feats"": 24, ""n_added_feats"": 31, ""initial_metric"": null, ""final_metric"": 0.011990005496981848, ""pct_gain"": 0.3813729955253739}"
9960,wall-robot-navigation,openml_task,amlb,multiclass,tabularaml,4,4500,4364,1092,24,50,26,0.0064540880040635865,categorical_crossentropy,False,0.0080553550390341,0.19878292480110454,"{""accuracy"": 0.9995421245329713, ""categorical_crossentropy"": 0.0064540880040635865, ""categorical_roc_auc"": 0.9999868481378726, ""f1"": 0.9994189613298938, ""precision"": 0.9994061757073353, ""recall"": 0.999433106511325}","{""accuracy"": 0.0, ""categorical_crossentropy"": 0.19878292480111026, ""categorical_roc_auc"": 5.6920556164359017e-05, ""f1"": 0.0, ""precision"": 0.0, ""recall"": 0.0}",3915.5324397087097,0.04188394546508789,3922.9972219467163,405.359375,260,ok,,0.2.0,"{""mode"": ""best"", ""elapsed_time"": 3620.777284145355, ""n_init_feats"": 24, ""n_added_feats"": 26, ""initial_metric"": null, ""final_metric"": 0.016769972928060338, ""pct_gain"": 0.12863397559740253}"
9960,wall-robot-navigation,openml_task,amlb,multiclass,tabularaml,3,4500,4364,1092,24,48,24,0.010604480588479138,categorical_crossentropy,False,0.0079777204062858,-0.3292620007243751,"{""accuracy"": 0.9981684981593575, ""categorical_crossentropy"": 0.010604480588479138, ""categorical_roc_auc"": 0.9999811643012717, ""f1"": 0.9922814402406583, ""precision"": 0.9977169865163391, ""recall"": 0.9871212120583741}","{""accuracy"": -0.00045850527281060977, ""categorical_crossentropy"": -0.32926200072437045, ""categorical_roc_auc"": -1.0581202727298421e-05, ""f1"": -0.0010642328780611303, ""precision"": -0.000594829006859909, ""recall"": -0.0015325670498130648}",3977.904860019684,0.04207611083984375,3988.127768278122,398.55859375,948,ok,,0.2.0,"{""mode"": ""best"", ""elapsed_time"": 3625.872440814972, ""n_init_feats"": 24, ""n_added_feats"": 24, ""initial_metric"": null, ""final_metric"": 0.025519237717146863, ""pct_gain"": 0.27520565647259565}"
9964,semeion,openml_task,amlb,multiclass,tabularaml,0,4500,1274,319,256,273,17,0.1823497657543873,categorical_crossentropy,False,0.1720654915796639,-0.059769533567176306,"{""accuracy"": 0.9893416927589547, ""categorical_crossentropy"": 0.1823497657543873, ""categorical_roc_auc"": 0.9979771973698999, ""f1"": 0.946822484776973, ""precision"": 0.9481392003964567, ""recall"": 0.9466733867999958}","{""accuracy"": 0.000634115409004198, ""categorical_crossentropy"": -0.059769533567176306, ""categorical_roc_auc"": -0.00031599384697489195, ""f1"": 0.003671161171100298, ""precision"": 0.00436642156256927, ""recall"": 0.003419168714575012}",3992.692327976227,0.05204153060913086,4000.017288208008,389.64453125,469,ok,,0.2.0,"{""mode"": ""best"", ""elapsed_time"": 3618.863723039627, ""n_init_feats"": 256, ""n_added_feats"": 17, ""initial_metric"": null, ""final_metric"": 0.316525047966548, ""pct_gain"": 0.018898461951291013}"
9977,nomao,openml_task,amlb,classification,tabularaml,3,4500,27572,6893,118,119,1,0.9946644558487588,binary_roc_auc,True,0.9949315940538954,-0.00026849906740634033,"{""accuracy"": 0.9701146090222398, ""binary_crossentropy"": 0.08295091190869297, ""binary_roc_auc"": 0.9946644558487588, ""f1"": 0.9790947788421388, ""precision"": 0.9784989857992322, ""recall"": 0.9796913078777829}","{""accuracy"": -0.0008964589870013176, ""binary_crossentropy"": -0.016483208589963206, ""binary_roc_auc"": -0.00026849906740634033, ""f1"": -0.0006173010358562562, ""precision"": -0.0008199332721920187, ""recall"": -0.0004144218814753294}",3378.183134317398,0.14232182502746582,3390.5068011283875,840.8046875,459,ok,,0.2.0,"{""mode"": ""best"", ""elapsed_time"": 3358.0932910442352, ""n_init_feats"": 118, ""n_added_feats"": 1, ""initial_metric"": null, ""final_metric"": 0.9950009514050793, ""pct_gain"": -8.477298888564909e-05}"
9964,semeion,openml_task,amlb,multiclass,tabularaml,1,4500,1274,319,256,266,10,0.1673530219614978,categorical_crossentropy,False,0.1628623664229312,-0.027573316274337893,"{""accuracy"": 0.9880877742636963, ""categorical_crossentropy"": 0.1673530219614978, ""categorical_roc_auc"": 0.9985928855544316, ""f1"": 0.9409562225946339, ""precision"": 0.9442628989638117, ""recall"": 0.9405241932534978}","{""accuracy"": 0.0, ""categorical_crossentropy"": -0.02757331627433737, ""categorical_roc_auc"": -9.749978507061009e-05, ""f1"": 0.000260365550891147, ""precision"": 0.00039843679715564445, ""recall"": 0.0}",3998.6824927330017,0.024552583694458008,4006.1124987602234,401.6875,735,ok,,0.2.0,"{""mode"": ""best"", ""elapsed_time"": 3631.9543192386627, ""n_init_feats"": 256, ""n_added_feats"": 10, ""initial_metric"": null, ""final_metric"": 0.3058484611203863, ""pct_gain"": 0.07017360376403267}"
9976,madelon,openml_task,amlb,classification,tabularaml,1,4500,2080,520,500,509,9,0.8983579881656805,binary_roc_auc,True,0.8904289940828403,0.008904689914109575,"{""accuracy"": 0.8230769230610947, ""binary_crossentropy"": 0.41595106026014456, ""binary_roc_auc"": 0.8983579881656805, ""f1"": 0.8257575707274449, ""precision"": 0.8134328357905435, ""recall"": 0.8384615384292899}","{""accuracy"": -0.0046511627906976865, ""binary_crossentropy"": 0.014671613984242165, ""binary_roc_auc"": 0.008904689914109575, ""f1"": -0.00610174143452466, ""precision"": 0.0011481056251681327, ""recall"": -0.013574660633484151}",3629.455002784729,0.044872283935546875,3640.479513168335,532.12109375,156,ok,,0.2.0,"{""mode"": ""best"", ""elapsed_time"": 3620.1639211177826, ""n_init_feats"": 500, ""n_added_feats"": 9, ""initial_metric"": null, ""final_metric"": 0.8705214284019341, ""pct_gain"": 0.003962761378629617}"
9964,semeion,openml_task,amlb,multiclass,tabularaml,2,4500,1274,319,256,266,10,0.19648556674788284,categorical_crossentropy,False,0.1954345195483946,-0.005378001808058093,"{""accuracy"": 0.9880877742636963, ""categorical_crossentropy"": 0.19648556674788284, ""categorical_roc_auc"": 0.9965122450763678, ""f1"": 0.9403680579135824, ""precision"": 0.9421775555518617, ""recall"": 0.9405241932534978}","{""accuracy"": -0.0006341154090044227, ""categorical_crossentropy"": -0.005378001808058093, ""categorical_roc_auc"": 0.00040444812225069726, ""f1"": -0.0034157223733146218, ""precision"": -0.0036089897148938346, ""recall"": -0.0033116120072674278}",4038.565354347229,0.053540945053100586,4049.1713654994965,396.16796875,560,ok,,0.2.0,"{""mode"": ""best"", ""elapsed_time"": 3620.7356798648834, ""n_init_feats"": 256, ""n_added_feats"": 10, ""initial_metric"": null, ""final_metric"": 0.26975920045190505, ""pct_gain"": 0.011284690617657914}"
9976,madelon,openml_task,amlb,classification,tabularaml,2,4500,2080,520,500,506,6,0.8987426035502959,binary_roc_auc,True,0.8960355029585798,0.003021197913227353,"{""accuracy"": 0.8173076922919749, ""binary_crossentropy"": 0.4225840683166797, ""binary_roc_auc"": 0.8987426035502959, ""f1"": 0.8217635972235461, ""precision"": 0.8021978021684176, ""recall"": 0.8423076922752958}","{""accuracy"": -0.0070093457943925415, ""binary_crossentropy"": -0.017957026391786868, ""binary_roc_auc"": 0.003021197913227353, ""f1"": -0.006413099134185648, ""precision"": -0.008191808191674617, ""recall"": -0.004545454545454585}",3669.5820100307465,0.03982424736022949,3681.0859022140503,552.328125,80,ok,,0.2.0,"{""mode"": ""best"", ""elapsed_time"": 3660.5000042915344, ""n_init_feats"": 500, ""n_added_feats"": 6, ""initial_metric"": null, ""final_metric"": 0.8819682235268562, ""pct_gain"": 0.01749690591628593}"
9976,madelon,openml_task,amlb,classification,tabularaml,4,4500,2080,520,500,506,6,0.8863461538461539,binary_roc_auc,True,0.8800739644970414,0.00712688887768311,"{""accuracy"": 0.8173076922919749, ""binary_crossentropy"": 0.4256029695773927, ""binary_roc_auc"": 0.8863461538461539, ""f1"": 0.8224299015152415, ""precision"": 0.7999999999709091, ""recall"": 0.8461538461213017}","{""accuracy"": 0.009501187648456082, ""binary_crossentropy"": 0.02677565552537812, ""binary_roc_auc"": 0.00712688887768311, ""f1"": 0.00663932003405138, ""precision"": 0.01719457013495678, ""recall"": -0.004524886877828094}",3634.6049971580505,0.06733059883117676,3653.6483035087585,469.57421875,245,ok,,0.2.0,"{""mode"": ""best"", ""elapsed_time"": 3621.7612597942352, ""n_init_feats"": 500, ""n_added_feats"": 6, ""initial_metric"": null, ""final_metric"": 0.85135125761845, ""pct_gain"": 0.009437575389461394}"
9976,madelon,openml_task,amlb,classification,tabularaml,3,4500,2080,520,500,507,7,0.8998668639053254,binary_roc_auc,True,0.9059171597633136,-0.006678641410842524,"{""accuracy"": 0.8096153845998151, ""binary_crossentropy"": 0.40289602381571266, ""binary_roc_auc"": 0.8998668639053254, ""f1"": 0.8128544373147608, ""precision"": 0.799256505546496, ""recall"": 0.8269230768912722}","{""accuracy"": -0.020930232558139587, ""binary_crossentropy"": 0.06778958049687082, ""binary_roc_auc"": -0.006678641410842645, ""f1"": -0.01701323261465528, ""precision"": -0.03345724906938831, ""recall"": 0.0}",3663.648982524872,0.07210755348205566,3681.8368542194366,510.5546875,219,ok,,0.2.0,"{""mode"": ""best"", ""elapsed_time"": 3651.8104178905487, ""n_init_feats"": 500, ""n_added_feats"": 7, ""initial_metric"": null, ""final_metric"": 0.8795976132051306, ""pct_gain"": 0.010600686089518412}"
9964,semeion,openml_task,amlb,multiclass,tabularaml,3,4500,1274,319,256,269,13,0.20446293608523244,categorical_crossentropy,False,0.2026861561396138,-0.008766163311098404,"{""accuracy"": 0.9868338557684379, ""categorical_crossentropy"": 0.20446293608523244, ""categorical_roc_auc"": 0.9974762872628726, ""f1"": 0.9341629435172566, ""precision"": 0.9366905392170081, ""recall"": 0.9338709674492552}","{""accuracy"": -0.0006349206349205063, ""categorical_crossentropy"": -0.008766163311098404, ""categorical_roc_auc"": 0.00016063651033488457, ""f1"": -0.003595221859571336, ""precision"": -0.0035912969178082976, ""recall"": -0.0034423407917069434}",4046.7749433517456,0.04858994483947754,4059.5247037410736,394.34375,781,ok,,0.2.0,"{""mode"": ""best"", ""elapsed_time"": 3614.239212036133, ""n_init_feats"": 256, ""n_added_feats"": 13, ""initial_metric"": null, ""final_metric"": 0.30367650776110916, ""pct_gain"": 0.013370162474616788}"
9978,ozone-level-8hr,openml_task,amlb,classification,tabularaml,0,4500,2027,507,72,88,16,0.9092105263157896,binary_roc_auc,True,0.9125657894736844,-0.003676735635498597,"{""accuracy"": 0.9467455621115041, ""binary_crossentropy"": 0.14992226856022237, ""binary_roc_auc"": 0.9092105263157896, ""f1"": 0.37209301927528393, ""precision"": 0.7272727266115702, ""recall"": 0.249999999921875}","{""accuracy"": -0.0020790020790020206, ""binary_crossentropy"": -0.0018975217033303075, ""binary_roc_auc"": -0.0036767356354984754, ""f1"": -0.09043927698255315, ""precision"": -0.03030303037649224, ""recall"": -0.11111111111111109}",3861.931341648102,0.046271324157714844,3868.5683801174164,416.40625,72,ok,,0.2.0,"{""mode"": ""best"", ""elapsed_time"": 3614.190991640091, ""n_init_feats"": 72, ""n_added_feats"": 16, ""initial_metric"": null, ""final_metric"": 0.9155443114991353, ""pct_gain"": 0.004800170419285655}"
146820,wilt,openml_task,amlb,classification,tabularaml,3,4500,3871,968,5,6,1,0.9916652670473631,binary_roc_auc,True,0.9874034262680552,0.004316210239836589,"{""accuracy"": 0.9803719008163184, ""binary_crossentropy"": 0.05120875709392501, ""binary_roc_auc"": 0.9916652670473631, ""f1"": 0.825688068253514, ""precision"": 0.7894736840720221, ""recall"": 0.8653846152181952}","{""accuracy"": -0.003151260504201741, ""binary_crossentropy"": -0.028304573161532842, ""binary_roc_auc"": 0.004316210239836703, ""f1"": -0.020695540957843622, ""precision"": -0.08200734391870135, ""recall"": 0.04651162790697676}",327.06528973579407,0.005665302276611328,330.52534317970276,363.07421875,126,ok,,0.2.0,"{""mode"": ""best"", ""elapsed_time"": 326.0743339061737, ""n_init_feats"": 5, ""n_added_feats"": 1, ""initial_metric"": null, ""final_metric"": 0.996908482142857, ""pct_gain"": 0.0025365612504038644}"
146819,climate-model-crashes,openml_task,amlb,classification,tabularaml,0,4500,432,108,18,53,35,0.9809203142536476,binary_roc_auc,True,0.9797979797979798,0.0011454753722794908,"{""accuracy"": 0.9444444443569959, ""binary_crossentropy"": 0.12340729999252492, ""binary_roc_auc"": 0.9809203142536476, ""f1"": 0.970297024608862, ""precision"": 0.9514563105872373, ""recall"": 0.9898989897990002}","{""accuracy"": -0.037735849056603814, ""binary_crossentropy"": -0.16583742971391618, ""binary_roc_auc"": 0.0011454753722794908, ""f1"": -0.0199019902970791, ""precision"": -0.029322349708833018, ""recall"": -0.010101010101010064}",641.4699890613556,0.06873273849487305,645.0632758140564,353.484375,30,ok,,0.2.0,"{""mode"": ""best"", ""elapsed_time"": 624.4422583580017, ""n_init_feats"": 18, ""n_added_feats"": 35, ""initial_metric"": null, ""final_metric"": 0.9661971830985914, ""pct_gain"": 0.027898679688926495}"
9985,first-order-theorem-proving,openml_task,amlb,multiclass,tabularaml,1,4500,4894,1224,51,58,7,1.1363164729931776,categorical_crossentropy,False,1.13291286015457,-0.0030043024122290473,"{""accuracy"": 0.8684640522804864, ""categorical_crossentropy"": 1.1363164729931776, ""categorical_roc_auc"": 0.832517571279961, ""f1"": 0.4869144573612774, ""precision"": 0.5144001087330801, ""recall"": 0.47280689863722164}","{""accuracy"": 0.0006275494195167097, ""categorical_crossentropy"": -0.0030043024122290473, ""categorical_roc_auc"": 0.0005473478038397017, ""f1"": 0.0070015372191269565, ""precision"": -1.2382627582021234e-05, ""recall"": 0.007904955256053892}",3649.444553375244,0.017615079879760742,3664.994898557663,431.34765625,271,ok,,0.2.0,"{""mode"": ""best"", ""elapsed_time"": 3627.8847301006317, ""n_init_feats"": 51, ""n_added_feats"": 7, ""initial_metric"": null, ""final_metric"": 1.3048778586255048, ""pct_gain"": 0.007934061030711405}"
146819,climate-model-crashes,openml_task,amlb,classification,tabularaml,3,4500,432,108,18,34,16,0.9595959595959597,binary_roc_auc,True,0.9315375982042648,0.030120481927710944,"{""accuracy"": 0.9166666665817902, ""binary_crossentropy"": 0.19334667048166954, ""binary_roc_auc"": 0.9595959595959597, ""f1"": 0.9552238755030819, ""precision"": 0.9411764704959632, ""recall"": 0.9696969695990205}","{""accuracy"": -0.029411764705882325, ""binary_crossentropy"": -0.07838211851008939, ""binary_roc_auc"": 0.030120481927710944, ""f1"": -0.0158299412893019, ""precision"": -0.0017825311970919753, ""recall"": -0.030303030303030304}",595.798036813736,0.045165061950683594,599.075986623764,352.171875,99,ok,,0.2.0,"{""mode"": ""best"", ""elapsed_time"": 581.4962594509125, ""n_init_feats"": 18, ""n_added_feats"": 16, ""initial_metric"": null, ""final_metric"": 0.9653252850435949, ""pct_gain"": 0.015665796179820002}"
9978,ozone-level-8hr,openml_task,amlb,classification,tabularaml,1,4500,2027,507,72,86,14,0.9090131578947368,binary_roc_auc,True,0.915657894736842,-0.007256789768644856,"{""accuracy"": 0.9447731755237717, ""binary_crossentropy"": 0.1560243171294398, ""binary_roc_auc"": 0.9090131578947368, ""f1"": 0.33333332954648526, ""precision"": 0.6999999992999999, ""recall"": 0.21874999993164063}","{""accuracy"": 0.004192872117400419, ""binary_crossentropy"": 0.003292264756107841, ""binary_roc_auc"": -0.007256789768644976, ""f1"": 1.0000000020937263, ""precision"": -0.06666666526666688, ""recall"": 1.3333333333333333}",4004.662226676941,0.06830954551696777,4014.620578765869,406.953125,54,ok,,0.2.0,"{""mode"": ""best"", ""elapsed_time"": 3603.492179632187, ""n_init_feats"": 72, ""n_added_feats"": 14, ""initial_metric"": null, ""final_metric"": 0.9165826717757035, ""pct_gain"": 0.010400915994485064}"
9985,first-order-theorem-proving,openml_task,amlb,multiclass,tabularaml,3,4500,4894,1224,51,60,9,1.0862565660838561,categorical_crossentropy,False,1.0880168318364989,0.0016178662876672183,"{""accuracy"": 0.871732026136669, ""categorical_crossentropy"": 1.0862565660838561, ""categorical_roc_auc"": 0.8421002248266397, ""f1"": 0.5052018879370033, ""precision"": 0.5323484487100051, ""recall"": 0.4901291905559315}","{""accuracy"": 0.0015644555694620177, ""categorical_crossentropy"": 0.0016178662876672183, ""categorical_roc_auc"": -0.0011090771334485551, ""f1"": 0.01657957348750123, ""precision"": 0.010919731292406995, ""recall"": 0.017232427717523723}",3650.450263738632,0.013485908508300781,3661.911036491394,438.21875,265,ok,,0.2.0,"{""mode"": ""best"", ""elapsed_time"": 3634.967448234558, ""n_init_feats"": 51, ""n_added_feats"": 9, ""initial_metric"": null, ""final_metric"": 1.3077709716481252, ""pct_gain"": 0.010359817644483767}"
9978,ozone-level-8hr,openml_task,amlb,classification,tabularaml,4,4500,2027,507,72,94,22,0.8878947368421052,binary_roc_auc,True,0.9140131578947368,-0.02857554163967471,"{""accuracy"": 0.9487179486992363, ""binary_crossentropy"": 0.15690496095494758, ""binary_roc_auc"": 0.8878947368421052, ""f1"": 0.40909090493801653, ""precision"": 0.749999999375, ""recall"": 0.28124999991210936}","{""accuracy"": 0.0, ""binary_crossentropy"": -0.10184557767717457, ""binary_roc_auc"": -0.02857554163967471, ""f1"": 0.16883116823663338, ""precision"": -0.14285714249999998, ""recall"": 0.28571428571428564}",3883.7381687164307,0.040305376052856445,3887.645677804947,408.38671875,48,ok,,0.2.0,"{""mode"": ""best"", ""elapsed_time"": 3620.6228370666504, ""n_init_feats"": 72, ""n_added_feats"": 22, ""initial_metric"": null, ""final_metric"": 0.9316281587559361, ""pct_gain"": 0.011838482560599418}"
9978,ozone-level-8hr,openml_task,amlb,classification,tabularaml,2,4500,2027,507,72,91,19,0.9148026315789474,binary_roc_auc,True,0.921907894736842,-0.0077071290944121995,"{""accuracy"": 0.9368836291728425, ""binary_crossentropy"": 0.15784311598062117, ""binary_roc_auc"": 0.9148026315789474, ""f1"": 0.1111111090740741, ""precision"": 0.49999999875, ""recall"": 0.06249999998046875}","{""accuracy"": -0.0021008403361345127, ""binary_crossentropy"": -0.016190615084609197, ""binary_roc_auc"": -0.007707129094412319, ""f1"": -0.5444444461740741, ""precision"": -0.10000000124999994, ""recall"": -0.6}",3970.710563182831,0.04788541793823242,3975.3883447647095,421.140625,87,ok,,0.2.0,"{""mode"": ""best"", ""elapsed_time"": 3623.0761091709137, ""n_init_feats"": 72, ""n_added_feats"": 19, ""initial_metric"": null, ""final_metric"": 0.9094855695062384, ""pct_gain"": -0.002322919675191982}"
9964,semeion,openml_task,amlb,multiclass,tabularaml,4,4500,1274,319,256,270,14,0.19703086426293295,categorical_crossentropy,False,0.193403222723218,-0.01875688258259544,"{""accuracy"": 0.9868338557684379, ""categorical_crossentropy"": 0.19703086426293295, ""categorical_roc_auc"": 0.997459193485944, ""f1"": 0.9342687900693356, ""precision"": 0.936298180756175, ""recall"": 0.9339717739008042}","{""accuracy"": 0.0, ""categorical_crossentropy"": -0.018756882582595, ""categorical_roc_auc"": -0.0004280540483062003, ""f1"": 4.573900274403327e-05, ""precision"": 0.0007168209128429262, ""recall"": 1.1887115388811225e-16}",4560.50910615921,0.05924630165100098,4569.302572011948,393.08203125,568,ok,,0.2.0,"{""mode"": ""best"", ""elapsed_time"": 3617.5240893363953, ""n_init_feats"": 256, ""n_added_feats"": 14, ""initial_metric"": null, ""final_metric"": 0.2865116436274095, ""pct_gain"": 0.004370961819762351}"
9978,ozone-level-8hr,openml_task,amlb,classification,tabularaml,3,4500,2027,507,72,91,19,0.8573026315789475,binary_roc_auc,True,0.8767105263157895,-0.022137175446495468,"{""accuracy"": 0.9447731755237717, ""binary_crossentropy"": 0.1834601593732878, ""binary_roc_auc"": 0.8573026315789475, ""f1"": 0.4166666620486111, ""precision"": 0.624999999609375, ""recall"": 0.31249999990234373}","{""accuracy"": 0.0020920502092049618, ""binary_crossentropy"": -0.07333118740178514, ""binary_roc_auc"": -0.022137175446495468, ""f1"": 0.08796296371334857, ""precision"": 0.04166666671006958, ""recall"": 0.11111111111111109}",3981.8179264068604,0.03718137741088867,3985.153956890106,418.63671875,56,ok,,0.2.0,"{""mode"": ""best"", ""elapsed_time"": 3620.8561985492706, ""n_init_feats"": 72, ""n_added_feats"": 19, ""initial_metric"": null, ""final_metric"": 0.9493654340705348, ""pct_gain"": 0.02142306567130633}"
146819,climate-model-crashes,openml_task,amlb,classification,tabularaml,2,4500,432,108,18,45,27,0.9831649831649831,binary_roc_auc,True,0.9719416386083052,0.011547344110854566,"{""accuracy"": 0.9537037036153979, ""binary_crossentropy"": 0.10590499112623986, ""binary_roc_auc"": 0.9831649831649831, ""f1"": 0.9751243730135394, ""precision"": 0.9607843136312957, ""recall"": 0.9898989897990002}","{""accuracy"": 0.0, ""binary_crossentropy"": 0.08770066533481012, ""binary_roc_auc"": 0.01154734411085445, ""f1"": -0.00025126891222056186, ""precision"": 0.009308774012753467, ""recall"": -0.010101010101010064}",785.067572593689,0.0708475112915039,789.7997610569,356.3046875,125,ok,,0.2.0,"{""mode"": ""best"", ""elapsed_time"": 761.1064977645874, ""n_init_feats"": 18, ""n_added_feats"": 27, ""initial_metric"": null, ""final_metric"": 0.9584842387659289, ""pct_gain"": 0.044511035913127}"
146820,wilt,openml_task,amlb,classification,tabularaml,2,4500,3871,968,5,15,10,0.994268558951965,binary_roc_auc,True,0.9934287873698352,0.000845326401656958,"{""accuracy"": 0.9886363636261505, ""binary_crossentropy"": 0.03476168635320053, ""binary_roc_auc"": 0.994268558951965, ""f1"": 0.8932038783221793, ""precision"": 0.9019607841368704, ""recall"": 0.8846153844452662}","{""accuracy"": 0.0, ""binary_crossentropy"": 0.20081501299482363, ""binary_roc_auc"": 0.0008453264016568461, ""f1"": 0.0, ""precision"": 0.0, ""recall"": 0.0}",670.370599269867,0.0177309513092041,673.8267900943756,382.83203125,87,ok,,0.2.0,"{""mode"": ""best"", ""elapsed_time"": 620.0361824035645, ""n_init_feats"": 5, ""n_added_feats"": 10, ""initial_metric"": null, ""final_metric"": 0.9937611607142858, ""pct_gain"": 0.007399278099384205}"
146820,wilt,openml_task,amlb,classification,tabularaml,1,4500,3871,968,5,15,10,0.9881697178367485,binary_roc_auc,True,0.9931138730265368,-0.004978437341450964,"{""accuracy"": 0.9865702479236924, ""binary_crossentropy"": 0.04204241151082972, ""binary_roc_auc"": 0.9881697178367485, ""f1"": 0.8737864025977944, ""precision"": 0.8823529410034602, ""recall"": 0.8653846152181952}","{""accuracy"": 0.002098635886673627, ""binary_crossentropy"": 0.1725261633970072, ""binary_roc_auc"": -0.004978437341451075, ""f1"": 0.0298196950371173, ""precision"": -0.01260504200032957, ""recall"": 0.0714285714285713}",681.1884891986847,0.016280651092529297,684.7143335342407,384.30078125,85,ok,,0.2.0,"{""mode"": ""best"", ""elapsed_time"": 627.2122054100037, ""n_init_feats"": 5, ""n_added_feats"": 10, ""initial_metric"": null, ""final_metric"": 0.9955245535714285, ""pct_gain"": 0.005467006279747926}"
146819,climate-model-crashes,openml_task,amlb,classification,tabularaml,4,4500,432,108,18,34,16,0.9551066217732884,binary_roc_auc,True,0.9461279461279462,0.009489916963226529,"{""accuracy"": 0.9444444443569959, ""binary_crossentropy"": 0.1682389473059663, ""binary_roc_auc"": 0.9551066217732884, ""f1"": 0.9705882302032873, ""precision"": 0.942857142767347, ""recall"": 0.9999999998989899}","{""accuracy"": 0.0, ""binary_crossentropy"": 0.01096174447740736, ""binary_roc_auc"": 0.009489916963226529, ""f1"": 0.0, ""precision"": 0.0, ""recall"": 0.0}",762.9642498493195,0.07654190063476562,766.2793016433716,356.96484375,20,ok,,0.2.0,"{""mode"": ""best"", ""elapsed_time"": 738.5725123882294, ""n_init_feats"": 18, ""n_added_feats"": 16, ""initial_metric"": null, ""final_metric"": 0.9693494299128101, ""pct_gain"": 0.004587474756099624}"
146821,car,openml_task,amlb,multiclass,tabularaml,1,4500,1382,346,6,37,31,0.0037994658029156777,categorical_crossentropy,False,0.0336414128270172,0.8870598621273019,"{""accuracy"": 0.9999999999710982, ""categorical_crossentropy"": 0.0037994658029156777, ""categorical_roc_auc"": 1.0, ""f1"": 0.9999999945863227, ""precision"": 0.9999999995863227, ""recall"": 0.9999999995863227}","{""accuracy"": 0.008746355685131178, ""categorical_crossentropy"": 0.8870598621273019, ""categorical_roc_auc"": 0.00032616914944075736, ""f1"": 0.04775499146848366, ""precision"": 0.04380853336506972, ""recall"": 0.05026707362602686}",369.62268114089966,0.09403824806213379,382.7696940898895,383.1953125,1493,ok,,0.2.0,"{""mode"": ""best"", ""elapsed_time"": 368.1312973499298, ""n_init_feats"": 6, ""n_added_feats"": 31, ""initial_metric"": null, ""final_metric"": 0.00814108068577615, ""pct_gain"": 0.9117236480346739}"
9976,madelon,openml_task,amlb,classification,tabularaml,0,4500,2080,520,500,515,15,0.8902662721893492,binary_roc_auc,True,0.8942455621301775,-0.00444988503085132,"{""accuracy"": 0.8096153845998151, ""binary_crossentropy"": 0.4203264228820514, ""binary_roc_auc"": 0.8902662721893492, ""f1"": 0.8099808011109597, ""precision"": 0.8084291187429721, ""recall"": 0.8115384615072485}","{""accuracy"": -0.007075471698113226, ""binary_crossentropy"": 0.035006125461762044, ""binary_roc_auc"": -0.00444988503085132, ""f1"": -0.010852932660564954, ""precision"": 0.005879548703625654, ""recall"": -0.027649769585253434}",4607.8980593681335,0.1707448959350586,4623.75461769104,534.02734375,160,ok,,0.2.0,"{""mode"": ""best"", ""elapsed_time"": 3638.996661901474, ""n_init_feats"": 500, ""n_added_feats"": 15, ""initial_metric"": null, ""final_metric"": 0.8857691888803639, ""pct_gain"": 0.02441788882388717}"
146821,car,openml_task,amlb,multiclass,tabularaml,3,4500,1382,346,6,35,29,0.015501391315337128,categorical_crossentropy,False,0.0488556267653021,0.6827102149399419,"{""accuracy"": 0.9985549132659377, ""categorical_crossentropy"": 0.015501391315337128, ""categorical_roc_auc"": 0.9999879302853281, ""f1"": 0.9891278321036862, ""precision"": 0.9967948713682854, ""recall"": 0.982142856741935}","{""accuracy"": 0.005822416302765674, ""categorical_crossentropy"": 0.6827102149399423, ""categorical_roc_auc"": 6.035294401656426e-05, ""f1"": 0.029161156501569776, ""precision"": 0.012225133006396053, ""recall"": 0.0400062509655117}",364.3061203956604,0.06897425651550293,369.9617657661438,360.80859375,232,ok,,0.2.0,"{""mode"": ""best"", ""elapsed_time"": 363.2327265739441, ""n_init_feats"": 6, ""n_added_feats"": 29, ""initial_metric"": null, ""final_metric"": 0.010294932019650198, ""pct_gain"": 0.890014154664525}"
146819,climate-model-crashes,openml_task,amlb,classification,tabularaml,1,4500,432,108,18,51,33,0.9753086419753086,binary_roc_auc,True,0.9775533108866444,-0.002296211251435348,"{""accuracy"": 0.9166666665817902, ""binary_crossentropy"": 0.18218429738448727, ""binary_roc_auc"": 0.9753086419753086, ""f1"": 0.9565217340474691, ""precision"": 0.9166666665817902, ""recall"": 0.9999999998989899}","{""accuracy"": -0.019801980198019823, ""binary_crossentropy"": -0.24214381614482758, ""binary_roc_auc"": -0.002296211251435235, ""f1"": -0.009661835794067491, ""precision"": -0.018518518516803802, ""recall"": 0.0}",1125.1802518367767,0.033972978591918945,1134.4849500656128,359.11328125,10,ok,,0.2.0,"{""mode"": ""best"", ""elapsed_time"": 1112.317242860794, ""n_init_feats"": 18, ""n_added_feats"": 33, ""initial_metric"": null, ""final_metric"": 0.9759221998658617, ""pct_gain"": 0.03854114583209719}"
14954,cylinder-bands,openml_task,amlb,classification,tabularaml,0,4500,432,108,35,94,59,0.8976157082748948,binary_roc_auc,True,0.9319775596072932,-0.03686982693754716,"{""accuracy"": 0.7870370369641633, ""binary_crossentropy"": 0.41134086985322127, ""binary_roc_auc"": 0.8976157082748948, ""f1"": 0.8159999948697602, ""precision"": 0.8095238093953137, ""recall"": 0.822580645028616}","{""accuracy"": -0.02298850574712646, ""binary_crossentropy"": -0.3153117918740206, ""binary_roc_auc"": -0.03686982693754716, ""f1"": -0.01923076934633117, ""precision"": -0.01923076923076928, ""recall"": -0.019230769230769194}",3640.058526277542,0.11043095588684082,3644.707329750061,360.65625,226,ok,,0.2.0,"{""mode"": ""best"", ""elapsed_time"": 3624.8056309223175, ""n_init_feats"": 35, ""n_added_feats"": 59, ""initial_metric"": null, ""final_metric"": 0.8814604377104376, ""pct_gain"": 0.05479058739004378}"
9985,first-order-theorem-proving,openml_task,amlb,multiclass,tabularaml,0,4500,4894,1224,51,62,11,1.0798593351185273,categorical_crossentropy,False,1.0821211818100434,0.002090197225169117,"{""accuracy"": 0.8722766884460326, ""categorical_crossentropy"": 1.0798593351185273, ""categorical_roc_auc"": 0.8437628957247706, ""f1"": 0.5056570230849661, ""precision"": 0.5391366136671711, ""recall"": 0.4877823383919944}","{""accuracy"": 0.0006248047485160118, ""categorical_crossentropy"": 0.002090197225169117, ""categorical_roc_auc"": -0.0007307266926024805, ""f1"": 0.012165700947912755, ""precision"": 0.006686541274649682, ""recall"": 0.011835925293034429}",4368.089616537094,0.01708364486694336,4378.047091245651,425.421875,146,ok,,0.2.0,"{""mode"": ""best"", ""elapsed_time"": 3670.2111852169037, ""n_init_feats"": 51, ""n_added_feats"": 11, ""initial_metric"": null, ""final_metric"": 1.2628709979814545, ""pct_gain"": 0.008483659362059007}"
9985,first-order-theorem-proving,openml_task,amlb,multiclass,tabularaml,2,4500,4894,1224,51,61,10,1.0832636527004926,categorical_crossentropy,False,1.0879089879807924,0.004269966818567889,"{""accuracy"": 0.8730936819100782, ""categorical_crossentropy"": 1.0832636527004926, ""categorical_roc_auc"": 0.8435870223099879, ""f1"": 0.5147744761544218, ""precision"": 0.5389878798637814, ""recall"": 0.5005443118693228}","{""accuracy"": 0.0021881838074398106, ""categorical_crossentropy"": 0.004269966818567889, ""categorical_roc_auc"": 0.0008800015103332595, ""f1"": 0.018755801609552918, ""precision"": 0.012634659404866199, ""recall"": 0.018577257536206353}",4316.7721066474915,0.028330564498901367,4346.981405496597,420.37890625,219,ok,,0.2.0,"{""mode"": ""best"", ""elapsed_time"": 3648.410451889038, ""n_init_feats"": 51, ""n_added_feats"": 10, ""initial_metric"": null, ""final_metric"": 1.2611369604777887, ""pct_gain"": 0.013621189362809899}"
14954,cylinder-bands,openml_task,amlb,classification,tabularaml,1,4500,432,108,35,106,71,0.823632538569425,binary_roc_auc,True,0.8509817671809257,-0.03213844252163163,"{""accuracy"": 0.7407407406721537, ""binary_crossentropy"": 0.5132656844022373, ""binary_roc_auc"": 0.823632538569425, ""f1"": 0.8055555505401235, ""precision"": 0.7073170730844736, ""recall"": 0.9354838708168575}","{""accuracy"": -0.08045977011494254, ""binary_crossentropy"": -0.07997685150569635, ""binary_roc_auc"": -0.03213844252163163, ""f1"": -0.04340277793596679, ""precision"": -0.10322299649873595, ""recall"": 0.03571428571428577}",3674.3259823322296,0.1743001937866211,3680.2676763534546,364.49609375,77,ok,,0.2.0,"{""mode"": ""best"", ""elapsed_time"": 3644.577564716339, ""n_init_feats"": 35, ""n_added_feats"": 71, ""initial_metric"": null, ""final_metric"": 0.9143855218855219, ""pct_gain"": 0.027088612078010717}"
146820,wilt,openml_task,amlb,classification,tabularaml,0,4500,3871,968,5,15,10,0.9915812898891502,binary_roc_auc,True,0.9884111521666106,0.003207306711979743,"{""accuracy"": 0.9834710743700055, ""binary_crossentropy"": 0.0579361817229759, ""binary_roc_auc"": 0.9915812898891502, ""f1"": 0.8431372497385621, ""precision"": 0.859999999828, ""recall"": 0.8269230767640532}","{""accuracy"": 0.0021052631578947017, ""binary_crossentropy"": 0.0911469026440977, ""binary_roc_auc"": 0.003207306711979743, ""f1"": 0.019607843254293992, ""precision"": 0.0399999999920001, ""recall"": 0.0}",1165.7465689182281,0.023110151290893555,1169.7058408260345,382.84375,167,ok,,0.2.0,"{""mode"": ""best"", ""elapsed_time"": 1093.6871447563171, ""n_init_feats"": 5, ""n_added_feats"": 10, ""initial_metric"": null, ""final_metric"": 0.9964955357142857, ""pct_gain"": 0.008493911857472386}"
14954,cylinder-bands,openml_task,amlb,classification,tabularaml,4,4500,432,108,35,90,55,0.8800841514726507,binary_roc_auc,True,0.8818373071528752,-0.001988071570576643,"{""accuracy"": 0.7777777777057614, ""binary_crossentropy"": 0.4550328205374104, ""binary_roc_auc"": 0.8800841514726507, ""f1"": 0.820895517293384, ""precision"": 0.7638888887827933, ""recall"": 0.8870967740504683}","{""accuracy"": 0.0, ""binary_crossentropy"": 0.03400055417946567, ""binary_roc_auc"": -0.001988071570576643, ""f1"": -0.0031982942779813605, ""precision"": 0.009424603170814047, ""recall"": -0.01785714285714282}",3650.143980741501,0.17441320419311523,3660.733551263809,362.1015625,162,ok,,0.2.0,"{""mode"": ""best"", ""elapsed_time"": 3631.637722492218, ""n_init_feats"": 35, ""n_added_feats"": 55, ""initial_metric"": null, ""final_metric"": 0.8965656565656566, ""pct_gain"": 0.03903502522791693}"
14954,cylinder-bands,openml_task,amlb,classification,tabularaml,3,4500,432,108,35,103,68,0.8141654978962132,binary_roc_auc,True,0.8271388499298739,-0.01568461212378137,"{""accuracy"": 0.7407407406721537, ""binary_crossentropy"": 0.5215697558251796, ""binary_roc_auc"": 0.8141654978962132, ""f1"": 0.7878787827777779, ""precision"": 0.7428571427510204, ""recall"": 0.8387096772840791}","{""accuracy"": -0.0588235294117647, ""binary_crossentropy"": -0.021596665587164224, ""binary_roc_auc"": -0.01568461212378137, ""f1"": -0.05590386663470314, ""precision"": -0.013793103461083821, ""recall"": -0.10344827586206899}",3660.7801609039307,0.11935734748840332,3672.2001736164093,362.59765625,31,ok,,0.2.0,"{""mode"": ""best"", ""elapsed_time"": 3635.769464492798, ""n_init_feats"": 35, ""n_added_feats"": 68, ""initial_metric"": null, ""final_metric"": 0.9200168350168351, ""pct_gain"": 0.022786183926429372}"
14965,bank-marketing,openml_task,amlb,classification,tabularaml,0,4500,36168,9043,16,30,14,0.9385474655337926,binary_roc_auc,True,0.9374071540092304,0.0012164527651461247,"{""accuracy"": 0.9102067897811453, ""binary_crossentropy"": 0.19199846767815062, ""binary_roc_auc"": 0.9385474655337926, ""f1"": 0.5671641741802638, ""precision"": 0.6503667481583084, ""recall"": 0.5028355387476103}","{""accuracy"": -0.0009709916251972521, ""binary_crossentropy"": 0.01038481869204696, ""binary_roc_auc"": 0.001216452765146006, ""f1"": -0.006667596656570233, ""precision"": -0.008038754198722704, ""recall"": -0.00560747663551394}",3628.597046852112,0.1049947738647461,3636.008975982666,647.3046875,258,ok,,0.2.0,"{""mode"": ""best"", ""elapsed_time"": 3617.637533426285, ""n_init_feats"": 16, ""n_added_feats"": 14, ""initial_metric"": null, ""final_metric"": 0.9344433790887052, ""pct_gain"": 0.0008574014486699048}"
9981,cnae-9,openml_task,amlb,multiclass,tabularaml,2,4500,864,216,856,879,23,0.2653122856227802,categorical_crossentropy,False,0.2632212322022059,-0.007944090995546913,"{""accuracy"": 0.9814814814360425, ""categorical_crossentropy"": 0.2653122856227802, ""categorical_roc_auc"": 0.9948640046296295, ""f1"": 0.9174756508416448, ""precision"": 0.920912758351219, ""recall"": 0.9166666662847223}","{""accuracy"": 0.0010493179433369126, ""categorical_crossentropy"": -0.007944090995546913, ""categorical_roc_auc"": -0.00019385950032729216, ""f1"": 0.004972629552020558, ""precision"": 0.004631289430519729, ""recall"": 0.005076142131979718}",4547.666173696518,0.34821128845214844,4558.8289494514465,389.015625,231,ok,,0.2.0,"{""mode"": ""best"", ""elapsed_time"": 3658.9495944976807, ""n_init_feats"": 856, ""n_added_feats"": 23, ""initial_metric"": null, ""final_metric"": 0.46206900517302635, ""pct_gain"": 0.2135506046526064}"
14965,bank-marketing,openml_task,amlb,classification,tabularaml,2,4500,36168,9043,16,30,14,0.9354337587134667,binary_roc_auc,True,0.93391898562167,0.0016219534189985296,"{""accuracy"": 0.9100962070099412, ""binary_crossentropy"": 0.19660592545742975, ""binary_roc_auc"": 0.9354337587134667, ""f1"": 0.5621970871752142, ""precision"": 0.6533166457990824, ""recall"": 0.4933837429064898}","{""accuracy"": 0.004270896888346516, ""binary_crossentropy"": 0.008986840252801262, ""binary_roc_auc"": 0.0016219534189984104, ""f1"": 0.05066341839683941, ""precision"": 0.02549293173899659, ""recall"": 0.0696721311475409}",3623.34889793396,0.391277551651001,3637.2844767570496,539.8125,247,ok,,0.2.0,"{""mode"": ""best"", ""elapsed_time"": 3605.5599641799927, ""n_init_feats"": 16, ""n_added_feats"": 14, ""initial_metric"": null, ""final_metric"": 0.9364240147141322, ""pct_gain"": 0.002413338311448774}"
9981,cnae-9,openml_task,amlb,multiclass,tabularaml,0,4500,864,216,856,877,21,0.25531380330384884,categorical_crossentropy,False,0.2549819038917862,-0.0013016586941930123,"{""accuracy"": 0.9876543209419295, ""categorical_crossentropy"": 0.25531380330384884, ""categorical_roc_auc"": 0.9930073302469137, ""f1"": 0.9449914564883479, ""precision"": 0.9480199426212561, ""recall"": 0.944444444050926}","{""accuracy"": 0.0, ""categorical_crossentropy"": -0.0013016586941927944, ""categorical_roc_auc"": -0.00026703566139865855, ""f1"": -0.00016285341388351304, ""precision"": 0.0007217719488858278, ""recall"": 0.0}",4573.365038633347,0.3508760929107666,4589.4403619766235,382.99609375,265,ok,,0.2.0,"{""mode"": ""best"", ""elapsed_time"": 3607.8121178150177, ""n_init_feats"": 856, ""n_added_feats"": 21, ""initial_metric"": null, ""final_metric"": 0.5235614296878056, ""pct_gain"": 0.19323011713582164}"
146821,car,openml_task,amlb,multiclass,tabularaml,0,4500,1382,346,6,46,40,0.01170558440746569,categorical_crossentropy,False,0.0422801533749685,0.7231423381165912,"{""accuracy"": 0.9985549132659377, ""categorical_crossentropy"": 0.01170558440746569, ""categorical_roc_auc"": 1.0, ""f1"": 0.9813793049470474, ""precision"": 0.9833333329266463, ""recall"": 0.9807692303703464}","{""accuracy"": 0.0029027576197387093, ""categorical_crossentropy"": 0.7231423381165918, ""categorical_roc_auc"": 0.00028337193221434796, ""f1"": 0.004341738497600573, ""precision"": 0.006478082488696683, ""recall"": 0.0021110750251314746}",837.6534523963928,0.09902143478393555,849.8768231868744,385.46484375,1617,ok,,0.2.0,"{""mode"": ""best"", ""elapsed_time"": 836.4148592948914, ""n_init_feats"": 6, ""n_added_feats"": 40, ""initial_metric"": null, ""final_metric"": 0.0021827779371048927, ""pct_gain"": 0.970777586439407}"
14965,bank-marketing,openml_task,amlb,classification,tabularaml,3,4500,36168,9043,16,27,11,0.9354377832727478,binary_roc_auc,True,0.9357109798263048,-0.00029196681394896834,"{""accuracy"": 0.9110914519507783, ""binary_crossentropy"": 0.1943936285615183, ""binary_roc_auc"": 0.9354377832727478, ""f1"": 0.5808133422839332, ""precision"": 0.64767441859712, ""recall"": 0.5264650283504115}","{""accuracy"": 0.0009719353662981606, ""binary_crossentropy"": 0.00019777060052213012, ""binary_roc_auc"": -0.00029196681394896834, ""f1"": 0.01191063979089229, ""precision"": 0.004072956081964515, ""recall"": 0.01828153564899462}",3623.4843814373016,0.26754283905029297,3630.549123287201,616.4296875,198,ok,,0.2.0,"{""mode"": ""best"", ""elapsed_time"": 3607.095579624176, ""n_init_feats"": 16, ""n_added_feats"": 11, ""initial_metric"": null, ""final_metric"": 0.9353079143612055, ""pct_gain"": -2.9718026487826454e-05}"
9985,first-order-theorem-proving,openml_task,amlb,multiclass,tabularaml,4,4500,4894,1224,51,61,10,1.1045681238863039,categorical_crossentropy,False,1.101630444859468,-0.002666664706430285,"{""accuracy"": 0.8673747276617588, ""categorical_crossentropy"": 1.1045681238863039, ""categorical_roc_auc"": 0.8400509084416644, ""f1"": 0.4927406899158329, ""precision"": 0.5267874911674225, ""recall"": 0.4773480622646275}","{""accuracy"": -0.003441802252816107, ""categorical_crossentropy"": -0.002666664706430285, ""categorical_roc_auc"": -0.00011990901893273832, ""f1"": -0.025196555033668865, ""precision"": -0.030735795109468157, ""recall"": -0.022917153289414974}",4298.791467428207,0.015093803405761719,4317.253834724426,446.48046875,286,ok,,0.2.0,"{""mode"": ""best"", ""elapsed_time"": 3631.1563947200775, ""n_init_feats"": 51, ""n_added_feats"": 10, ""initial_metric"": null, ""final_metric"": 1.310197141524312, ""pct_gain"": 0.011750537976797135}"
9981,cnae-9,openml_task,amlb,multiclass,tabularaml,1,4500,,,,,,,,,,,,,,,4680,,,timeout,wall-clock exceeded 4680s,,
9981,cnae-9,openml_task,amlb,multiclass,tabularaml,3,4500,,,,,,,,,,,,,,,4680,,,timeout,wall-clock exceeded 4680s,,
9981,cnae-9,openml_task,amlb,multiclass,tabularaml,4,4500,,,,,,,,,,,,,,,4680,,,timeout,wall-clock exceeded 4680s,,
14965,bank-marketing,openml_task,amlb,classification,tabularaml,1,4500,36168,9043,16,32,16,0.9360846719925001,binary_roc_auc,True,0.9355591710828312,0.0005616971389000871,"{""accuracy"": 0.9085480482130834, ""binary_crossentropy"": 0.19527516226620475, ""binary_roc_auc"": 0.9360846719925001, ""f1"": 0.5560923192945081, ""precision"": 0.6434782608615717, ""recall"": 0.4896030245700416}","{""accuracy"": 0.0012186205215696077, ""binary_crossentropy"": 0.008870928770885515, ""binary_roc_auc"": 0.0005616971388999683, ""f1"": -0.0006226516094125293, ""precision"": 0.016082815734624112, ""recall"": -0.013333333333333296}",3787.912756204605,0.17384815216064453,3801.578358411789,651.7890625,216,ok,,0.2.0,"{""mode"": ""best"", ""elapsed_time"": 3649.123249053955, ""n_init_feats"": 16, ""n_added_feats"": 16, ""initial_metric"": null, ""final_metric"": 0.9354314673456706, ""pct_gain"": 0.0014595236225941625}"
14965,bank-marketing,openml_task,amlb,classification,tabularaml,4,4500,36168,9043,16,30,14,0.937549078908587,binary_roc_auc,True,0.9372663536190848,0.00030164881990101905,"{""accuracy"": 0.9089903792978999, ""binary_crossentropy"": 0.19397419773570376, ""binary_roc_auc"": 0.937549078908587, ""f1"": 0.5706833544636805, ""precision"": 0.6367869615758232, ""recall"": 0.517013232509291}","{""accuracy"": 0.0025612879619465075, ""binary_crossentropy"": 0.0021543919838671335, ""binary_roc_auc"": 0.00030164881990113755, ""f1"": 0.013382583212985742, ""precision"": 0.02307316989639203, ""recall"": 0.005514705882352864}",3620.945252895355,0.262775182723999,3627.12935423851,593.69921875,189,ok,,0.2.0,"{""mode"": ""best"", ""elapsed_time"": 3606.6815621852875, ""n_init_feats"": 16, ""n_added_feats"": 14, ""initial_metric"": null, ""final_metric"": 0.9379408363837548, ""pct_gain"": 0.002361501397883358}"
146820,wilt,openml_task,amlb,classification,tabularaml,4,4500,3871,968,5,15,10,0.9751847497480685,binary_roc_auc,True,0.9875923748740342,-0.012563508428817394,"{""accuracy"": 0.9845041322212345, ""binary_crossentropy"": 0.06082483132026824, ""binary_roc_auc"": 0.9751847497480685, ""f1"": 0.8514851433506518, ""precision"": 0.8775510202290712, ""recall"": 0.8269230767640532}","{""accuracy"": 0.0010504201680672093, ""binary_crossentropy"": -0.05665598124934305, ""binary_roc_auc"": -0.012563508428817394, ""f1"": 0.013672795930004011, ""precision"": 0.0029154518993077193, ""recall"": 0.023809523809523676}",1207.5444526672363,0.012925148010253906,1213.4541115760803,395.41015625,188,ok,,0.2.0,"{""mode"": ""best"", ""elapsed_time"": 1159.2725067138672, ""n_init_feats"": 5, ""n_added_feats"": 10, ""initial_metric"": null, ""final_metric"": 0.9970647321428571, ""pct_gain"": 0.0023674348436907274}"
14969,GesturePhaseSegmentation,openml_task,amlb,multiclass,tabularaml,3,4500,7898,1975,32,41,9,0.8726341802078664,categorical_crossentropy,False,0.871736413325136,-0.0010298604819156747,"{""accuracy"": 0.864911392400684, ""categorical_crossentropy"": 0.8726341802078664, ""categorical_roc_auc"": 0.8936371512010919, ""f1"": 0.6252934482942777, ""precision"": 0.6641596667371223, ""recall"": 0.6073050138435014}","{""accuracy"": -0.004661461368138877, ""categorical_crossentropy"": -0.0010298604819156747, ""categorical_roc_auc"": -0.005157509139298469, ""f1"": -0.01582069857802925, ""precision"": -0.01591815252085344, ""recall"": -0.01535058510648642}",3628.220851659775,0.013842105865478516,3648.524713039398,464.88671875,551,ok,,0.2.0,"{""mode"": ""best"", ""elapsed_time"": 3611.7977600097656, ""n_init_feats"": 32, ""n_added_feats"": 9, ""initial_metric"": null, ""final_metric"": 0.9431206691467336, ""pct_gain"": 0.014062456402289822}"
167119,jungle_chess,openml_task,amlb,multiclass,tabularaml,2,4500,35855,8964,6,18,12,0.1429400377607036,categorical_crossentropy,False,0.2355653573941339,0.3932043347038297,"{""accuracy"": 0.9568644950160379, ""categorical_crossentropy"": 0.1429400377607036, ""categorical_roc_auc"": 0.9920742056466617, ""f1"": 0.9019095177326387, ""precision"": 0.9090874853076993, ""recall"": 0.8954604882691518}","{""accuracy"": 0.047463974599039324, ""categorical_crossentropy"": 0.3932043347038299, ""categorical_roc_auc"": 0.0138200200558313, ""f1"": 0.10056787935984189, ""precision"": 0.1025162868163667, ""recall"": 0.09878529107377497}",420.8364346027374,0.023239850997924805,447.22507071495056,469.65625,1660,ok,,0.2.0,"{""mode"": ""best"", ""elapsed_time"": 316.00333309173584, ""n_init_feats"": 6, ""n_added_feats"": 12, ""initial_metric"": null, ""final_metric"": 0.238995817257402, ""pct_gain"": 0.18583101392241266}"
14969,GesturePhaseSegmentation,openml_task,amlb,multiclass,tabularaml,2,4500,7898,1975,32,43,11,0.8329653078509212,categorical_crossentropy,False,0.8486624981257829,0.018496387326561458,"{""accuracy"": 0.8750379746791138, ""categorical_crossentropy"": 0.8329653078509212, ""categorical_roc_auc"": 0.9057830121243816, ""f1"": 0.6450208404872949, ""precision"": 0.693670418756889, ""recall"": 0.6239306362976276}","{""accuracy"": 0.0046506220206953604, ""categorical_crossentropy"": 0.018496387326561458, ""categorical_roc_auc"": 0.002376803369226553, ""f1"": 0.016730338829118438, ""precision"": 0.018351657102512006, ""recall"": 0.015460589356199598}",3868.2947216033936,0.01912665367126465,3897.541575193405,492.859375,645,ok,,0.2.0,"{""mode"": ""best"", ""elapsed_time"": 3617.8610706329346, ""n_init_feats"": 32, ""n_added_feats"": 11, ""initial_metric"": null, ""final_metric"": 0.935852269016545, ""pct_gain"": 0.0212478659360227}"
167119,jungle_chess,openml_task,amlb,multiclass,tabularaml,3,4500,35855,8964,6,18,12,0.10500026725128701,categorical_crossentropy,False,0.2482238110259612,0.5769935735927232,"{""accuracy"": 0.9706976052346749, ""categorical_crossentropy"": 0.10500026725128701, ""categorical_roc_auc"": 0.9955953516230535, ""f1"": 0.9269773151578421, ""precision"": 0.9326124748022723, ""recall"": 0.9217169193980101}","{""accuracy"": 0.06834738479168379, ""categorical_crossentropy"": 0.5769935735927234, ""categorical_roc_auc"": 0.01993784555516171, ""f1"": 0.1389607998584144, ""precision"": 0.135083772158314, ""recall"": 0.14220577770208573}",550.4006204605103,0.014959096908569336,580.930370092392,482.1171875,1999,ok,,0.2.0,"{""mode"": ""best"", ""elapsed_time"": 505.9440233707428, ""n_init_feats"": 6, ""n_added_feats"": 12, ""initial_metric"": null, ""final_metric"": 0.22618216080860756, ""pct_gain"": 0.22145401309436435}"
14969,GesturePhaseSegmentation,openml_task,amlb,multiclass,tabularaml,1,4500,7898,1975,32,42,10,0.8275087344825645,categorical_crossentropy,False,0.8447791167886491,0.020443666235188757,"{""accuracy"": 0.8748354430335452, ""categorical_crossentropy"": 0.8275087344825645, ""categorical_roc_auc"": 0.9055328741892403, ""f1"": 0.6430296252583705, ""precision"": 0.6865638593549143, ""recall"": 0.6240990729075365}","{""accuracy"": -0.001387122875968035, ""categorical_crossentropy"": 0.020443666235188757, ""categorical_roc_auc"": 0.0024311572474254683, ""f1"": -0.007392351362357441, ""precision"": -0.0036209806828683576, ""recall"": -0.007869746561404444}",3974.442569255829,0.015087366104125977,4001.523810863495,492.34375,650,ok,,0.2.0,"{""mode"": ""best"", ""elapsed_time"": 3622.0621292591095, ""n_init_feats"": 32, ""n_added_feats"": 10, ""initial_metric"": null, ""final_metric"": 0.9467204095589393, ""pct_gain"": 0.012343812775930147}"
125920,dresses-sales,openml_task,amlb,classification,tabularaml,1,4500,400,100,12,77,65,0.6761083743842364,binary_roc_auc,True,0.5619868637110017,0.20306793279766236,"{""accuracy"": 0.6299999999370001, ""binary_crossentropy"": 0.6330782407522202, ""binary_roc_auc"": 0.6761083743842364, ""f1"": 0.5194805143869118, ""precision"": 0.5714285712653061, ""recall"": 0.47619047607709747}","{""accuracy"": 0.12499999999999997, ""binary_crossentropy"": 0.0628040751057139, ""binary_roc_auc"": 0.20306793279766236, ""f1"": 0.5584415652708565, ""precision"": 0.24675324691651213, ""recall"": 0.818181818181818}",3604.7774410247803,0.17879891395568848,3608.3629488945007,348.953125,16,ok,,0.2.0,"{""mode"": ""best"", ""elapsed_time"": 3604.103922843933, ""n_init_feats"": 12, ""n_added_feats"": 65, ""initial_metric"": null, ""final_metric"": 0.6353330710726462, ""pct_gain"": 0.13917509075537993}"
125920,dresses-sales,openml_task,amlb,classification,tabularaml,3,4500,400,100,12,72,60,0.5057471264367817,binary_roc_auc,True,0.5410509031198687,-0.06525037936267072,"{""accuracy"": 0.509999999949, ""binary_crossentropy"": 0.7043636718392372, ""binary_roc_auc"": 0.5057471264367817, ""f1"": 0.3287671183111278, ""precision"": 0.38709677406867843, ""recall"": 0.2857142856462585}","{""accuracy"": -0.08928571428571436, ""binary_crossentropy"": -0.03892837753840534, ""binary_roc_auc"": -0.06525037936267072, ""f1"": 0.2328767134954963, ""precision"": -0.12903225786160247, ""recall"": 0.5000000000000001}",3627.6338124275208,0.11479711532592773,3631.3532412052155,348.63671875,20,ok,,0.2.0,"{""mode"": ""best"", ""elapsed_time"": 3627.047942638397, ""n_init_feats"": 12, ""n_added_feats"": 60, ""initial_metric"": null, ""final_metric"": 0.6412321881283329, ""pct_gain"": 0.14579210770074733}"
146821,car,openml_task,amlb,multiclass,tabularaml,4,4500,1382,346,6,40,34,0.024740242952227053,categorical_crossentropy,False,0.0414726342971966,0.40345619776799657,"{""accuracy"": 0.9971098265607772, ""categorical_crossentropy"": 0.024740242952227053, ""categorical_roc_auc"": 0.9997837994182106, ""f1"": 0.977564097159911, ""precision"": 0.9936708856341333, ""recall"": 0.9642857138975472}","{""accuracy"": 0.002906976744186116, ""categorical_crossentropy"": 0.40345619776799735, ""categorical_roc_auc"": 0.0009493414955664231, ""f1"": 0.004435857764684222, ""precision"": 0.002232645691852259, ""recall"": 0.006779661018810367}",1389.7321107387543,0.1310586929321289,1393.8868145942688,363.29296875,288,ok,,0.2.0,"{""mode"": ""best"", ""elapsed_time"": 1388.0580978393555, ""n_init_feats"": 6, ""n_added_feats"": 34, ""initial_metric"": null, ""final_metric"": 0.0015367947483059755, ""pct_gain"": 0.9804513241385372}"
125920,dresses-sales,openml_task,amlb,classification,tabularaml,2,4500,400,100,12,78,66,0.5535714285714286,binary_roc_auc,True,0.578407224958949,-0.042938254080908275,"{""accuracy"": 0.579999999942, ""binary_crossentropy"": 0.6769631767272949, ""binary_roc_auc"": 0.5535714285714286, ""f1"": 0.0, ""precision"": 0.0, ""recall"": 0.0}","{""accuracy"": 0.03571428571428562, ""binary_crossentropy"": -0.01039214940719779, ""binary_roc_auc"": -0.042938254080908275, ""f1"": -1.0, ""precision"": -1.0, ""recall"": -1.0}",3632.2007369995117,0.19239234924316406,3635.94353222847,347.3203125,2000,ok,,0.2.0,"{""mode"": ""best"", ""elapsed_time"": 3624.6309440135956, ""n_init_feats"": 12, ""n_added_feats"": 66, ""initial_metric"": null, ""final_metric"": 0.6312427409988386, ""pct_gain"": 0.028376250293424176}"
125920,dresses-sales,openml_task,amlb,classification,tabularaml,0,4500,400,100,12,69,57,0.6038587848932676,binary_roc_auc,True,0.6642036124794746,-0.09085290482076647,"{""accuracy"": 0.549999999945, ""binary_crossentropy"": 0.6675553888082504, ""binary_roc_auc"": 0.6038587848932676, ""f1"": 0.15094339288002856, ""precision"": 0.3636363633057851, ""recall"": 0.0952380952154195}","{""accuracy"": -0.0833333333333334, ""binary_crossentropy"": -0.03702448859090567, ""binary_roc_auc"": -0.09085290482076647, ""f1"": -0.647798745901317, ""precision"": -0.3212121215867769, ""recall"": -0.7333333333333334}",3635.787811756134,0.16109395027160645,3640.196690559387,351.54296875,7,ok,,0.2.0,"{""mode"": ""best"", ""elapsed_time"": 3629.868950843811, ""n_init_feats"": 12, ""n_added_feats"": 57, ""initial_metric"": null, ""final_metric"": 0.5986715871767012, ""pct_gain"": 0.06750469638055458}"
125920,dresses-sales,openml_task,amlb,classification,tabularaml,4,4500,400,100,12,62,50,0.5940065681444993,binary_roc_auc,True,0.7159277504105089,-0.17029816513761445,"{""accuracy"": 0.579999999942, ""binary_crossentropy"": 0.6764789068698883, ""binary_roc_auc"": 0.5940065681444993, ""f1"": 0.0, ""precision"": 0.0, ""recall"": 0.0}","{""accuracy"": -0.15942028985507248, ""binary_crossentropy"": -0.13033702614011403, ""binary_roc_auc"": -0.17029816513761445, ""f1"": -1.0, ""precision"": -1.0, ""recall"": -1.0}",3621.743804693222,0.1565108299255371,3624.7877945899963,347.79296875,2000,ok,,0.2.0,"{""mode"": ""best"", ""elapsed_time"": 3621.1036756038666, ""n_init_feats"": 12, ""n_added_feats"": 50, ""initial_metric"": null, ""final_metric"": 0.5414970089793064, ""pct_gain"": -0.04081089014519884}"
14969,GesturePhaseSegmentation,openml_task,amlb,multiclass,tabularaml,0,4500,7898,1975,32,43,11,0.8610161380364288,categorical_crossentropy,False,0.8614212560808121,0.00047029028076972805,"{""accuracy"": 0.873417721514565, ""categorical_crossentropy"": 0.8610161380364288, ""categorical_roc_auc"": 0.8956765639946568, ""f1"": 0.6378825449696169, ""precision"": 0.680795699711239, ""recall"": 0.6189498153869174}","{""accuracy"": -0.0009266767056644821, ""categorical_crossentropy"": 0.00047029028076972805, ""categorical_roc_auc"": 0.0015906382840687279, ""f1"": 0.002192535344635978, ""precision"": -0.0017282758361590752, ""recall"": 0.002100279911822932}",4148.881800174713,0.03542971611022949,4189.382148265839,485.21484375,618,ok,,0.2.0,"{""mode"": ""best"", ""elapsed_time"": 3642.960435152054, ""n_init_feats"": 32, ""n_added_feats"": 11, ""initial_metric"": null, ""final_metric"": 0.9317512607245064, ""pct_gain"": 0.012540653255371159}"
14969,GesturePhaseSegmentation,openml_task,amlb,multiclass,tabularaml,4,4500,7898,1975,32,43,11,0.8359520887435543,categorical_crossentropy,False,0.8512472345003022,0.01796792416685662,"{""accuracy"": 0.8786835442993486, ""categorical_crossentropy"": 0.8359520887435543, ""categorical_roc_auc"": 0.9032885263227193, ""f1"": 0.6553261050239465, ""precision"": 0.6885571086027691, ""recall"": 0.6389138606514683}","{""accuracy"": 0.0011538017768549175, ""categorical_crossentropy"": 0.01796792416685662, ""categorical_roc_auc"": 0.006433155483122554, ""f1"": 0.006185730032999111, ""precision"": -0.0012248130359011164, ""recall"": 0.007499246488676356}",3887.4106590747833,0.022642135620117188,3928.5669209957123,488.62890625,714,ok,,0.2.0,"{""mode"": ""best"", ""elapsed_time"": 3623.2291724681854, ""n_init_feats"": 32, ""n_added_feats"": 11, ""initial_metric"": null, ""final_metric"": 0.9419140747367178, ""pct_gain"": 0.016494583964435934}"
125922,texture,openml_task,amlb,multiclass,tabularaml,0,4500,4400,1100,40,49,9,0.048166762633705236,categorical_crossentropy,False,0.0477221994718076,-0.00931564694875949,"{""accuracy"": 0.9975206611479565, ""categorical_crossentropy"": 0.048166762633705236, ""categorical_roc_auc"": 0.9998245454545454, ""f1"": 0.9863578354476433, ""precision"": 0.9864769023427613, ""recall"": 0.9863636362650001}","{""accuracy"": 0.0001657275439178091, ""categorical_crossentropy"": -0.009315646948758756, ""categorical_roc_auc"": -1.2729344138841706e-05, ""f1"": 0.0009127035659014774, ""precision"": 0.0009568108776729276, ""recall"": 0.0009225092250922947}",3664.259608745575,0.0211794376373291,3684.7647836208344,450.8359375,1219,ok,,0.2.0,"{""mode"": ""best"", ""elapsed_time"": 3638.9063515663147, ""n_init_feats"": 40, ""n_added_feats"": 9, ""initial_metric"": null, ""final_metric"": 0.06839079875304463, ""pct_gain"": 0.18968031503816132}"
14952,PhishingWebsites,openml_task,amlb,classification,tabularaml,0,4500,,,,,,,,,,,,,,,4680,,,timeout,wall-clock exceeded 4680s,,
146824,mfeat-pixel,openml_task,amlb,multiclass,tabularaml,2,4500,1600,400,240,242,2,0.195910069103993,categorical_crossentropy,False,0.1928138062047219,-0.01605830495345133,"{""accuracy"": 0.98999999997525, ""categorical_crossentropy"": 0.195910069103993, ""categorical_roc_auc"": 0.9970138888888889, ""f1"": 0.9501746946371133, ""precision"": 0.95259167479361, ""recall"": 0.9499999997625}","{""accuracy"": 0.001011122345803751, ""categorical_crossentropy"": -0.01605830495345133, ""categorical_roc_auc"": -0.0002298002130874172, ""f1"": 0.005198823868631492, ""precision"": 0.004998566411529665, ""recall"": 0.005291005291005414}",1390.283241033554,0.03514838218688965,1404.593225479126,393.23828125,801,ok,,0.2.0,"{""mode"": ""best"", ""elapsed_time"": 1377.2711389064789, ""n_init_feats"": 240, ""n_added_feats"": 2, ""initial_metric"": null, ""final_metric"": 0.15374216140830438, ""pct_gain"": -0.02138496742828964}"
146195,connect-4,openml_task,amlb,multiclass,tabularaml,1,4500,54045,13512,42,58,16,0.35462629879458274,categorical_crossentropy,False,0.3476428331580233,-0.020088047186593544,"{""accuracy"": 0.907736333135306, ""categorical_crossentropy"": 0.35462629879458274, ""categorical_roc_auc"": 0.9381275578845577, ""f1"": 0.7195043973303404, ""precision"": 0.7638015200213872, ""recall"": 0.6999474475030506}","{""accuracy"": -0.002818428184281867, ""categorical_crossentropy"": -0.020088047186593544, ""categorical_roc_auc"": -0.0034414135320342417, ""f1"": -0.005840780413436504, ""precision"": -0.01230398098089297, ""recall"": -0.005041271815429412}",3652.086674451828,0.41359591484069824,3761.436452627182,792.1875,1999,ok,,0.2.0,"{""mode"": ""best"", ""elapsed_time"": 3607.78861951828, ""n_init_feats"": 42, ""n_added_feats"": 16, ""initial_metric"": null, ""final_metric"": 0.4531694672243237, ""pct_gain"": 0.014286159100559524}"
14954,cylinder-bands,openml_task,amlb,classification,tabularaml,2,4500,,,,,,,,,,,,,,,4680,,,timeout,wall-clock exceeded 4680s,,
146800,MiceProtein,openml_task,amlb,multiclass,tabularaml,0,4500,864,216,77,90,13,0.09877289028372616,categorical_crossentropy,False,0.0876949391132694,-0.1263237226967927,"{""accuracy"": 0.9918981481022269, ""categorical_crossentropy"": 0.09877289028372616, ""categorical_roc_auc"": 0.9993514403535312, ""f1"": 0.9682885019650826, ""precision"": 0.9685737645819297, ""recall"": 0.9685185181555309}","{""accuracy"": -0.002328288707799753, ""categorical_crossentropy"": -0.12632372269679146, ""categorical_roc_auc"": -0.0002510834090699048, ""f1"": -0.009998829142141195, ""precision"": -0.01015400710071022, ""recall"": -0.009469696969738534}",3719.837668657303,0.0219879150390625,3732.479017972946,407.86328125,1165,ok,,0.2.0,"{""mode"": ""best"", ""elapsed_time"": 3628.8774456977844, ""n_init_feats"": 77, ""n_added_feats"": 13, ""initial_metric"": null, ""final_metric"": 0.08002698508412479, ""pct_gain"": 0.2048462485952061}"
146195,connect-4,openml_task,amlb,multiclass,tabularaml,0,4500,54045,13512,42,57,15,0.346362355640818,categorical_crossentropy,False,0.3545267044554182,0.023028868381413627,"{""accuracy"": 0.9072922834017363, ""categorical_crossentropy"": 0.346362355640818, ""categorical_roc_auc"": 0.9414984689353152, ""f1"": 0.7140813288272989, ""precision"": 0.7542711604308012, ""recall"": 0.6964844723052804}","{""accuracy"": 0.001524971406786145, ""categorical_crossentropy"": 0.02302886838141378, ""categorical_roc_auc"": 0.002346849811273615, ""f1"": 0.003995505126287722, ""precision"": -0.0033357814459259736, ""recall"": 0.005471656779058194}",3811.4892134666443,0.44954490661621094,3923.735620498657,793.71484375,1995,ok,,0.2.0,"{""mode"": ""best"", ""elapsed_time"": 3760.7270534038544, ""n_init_feats"": 42, ""n_added_feats"": 15, ""initial_metric"": null, ""final_metric"": 0.43815387893421065, ""pct_gain"": 0.03913991856699542}"
146195,connect-4,openml_task,amlb,multiclass,tabularaml,4,4500,54045,13512,42,65,23,0.35094762860601764,categorical_crossentropy,False,0.3529288278051045,0.005613594138535239,"{""accuracy"": 0.9095125320695853, ""categorical_crossentropy"": 0.35094762860601764, ""categorical_roc_auc"": 0.9390634779750467, ""f1"": 0.7269355321214274, ""precision"": 0.7683292284015186, ""recall"": 0.7079128928417302}","{""accuracy"": 0.0007600434310530309, ""categorical_crossentropy"": 0.005613594138535239, ""categorical_roc_auc"": -0.00019727371048190042, ""f1"": 0.007180631352316782, ""precision"": -0.0012686602151350066, ""recall"": 0.009648053867442313}",3811.0176208019257,0.5257561206817627,3940.9834911823273,742.86328125,1994,ok,,0.2.0,"{""mode"": ""best"", ""elapsed_time"": 3764.882171154022, ""n_init_feats"": 42, ""n_added_feats"": 23, ""initial_metric"": null, ""final_metric"": 0.4286310666014739, ""pct_gain"": 0.05741004176023985}"
125922,texture,openml_task,amlb,multiclass,tabularaml,2,4500,4400,1100,40,57,17,0.0399042533790436,categorical_crossentropy,False,0.0432237500267547,0.07679797901978407,"{""accuracy"": 0.998016528916547, ""categorical_crossentropy"": 0.0399042533790436, ""categorical_roc_auc"": 0.99985, ""f1"": 0.9890989843676611, ""precision"": 0.9892118525833887, ""recall"": 0.9890909089920001}","{""accuracy"": 0.0008287750704458193, ""categorical_crossentropy"": 0.07679797901978436, ""categorical_roc_auc"": 1.2729344138841708e-05, ""f1"": 0.0046001779308958695, ""precision"": 0.004481433218997586, ""recall"": 0.0046168051708217845}",4030.332626581192,0.022379398345947266,4057.5607948303223,486.8515625,1999,ok,,0.2.0,"{""mode"": ""best"", ""elapsed_time"": 3613.7690925598145, ""n_init_feats"": 40, ""n_added_feats"": 17, ""initial_metric"": null, ""final_metric"": 0.07382179572369167, ""pct_gain"": 0.11029370669422635}"
146195,connect-4,openml_task,amlb,multiclass,tabularaml,3,4500,54045,13512,42,67,25,0.3479639756794103,categorical_crossentropy,False,0.3510062509360154,0.0086672965182027,"{""accuracy"": 0.9123741859081465, ""categorical_crossentropy"": 0.3479639756794103, ""categorical_roc_auc"": 0.9399897230115207, ""f1"": 0.7287640258350007, ""precision"": 0.7713191159905649, ""recall"": 0.7107022217442632}","{""accuracy"": 0.0007576577551683804, ""categorical_crossentropy"": 0.008667296518202855, ""categorical_roc_auc"": -0.00011697775802992154, ""f1"": 0.002412363648663533, ""precision"": -0.0029275945084475865, ""recall"": 0.003455538695732569}",3854.834801197052,1.0734877586364746,4017.3335239887238,736.70703125,1999,ok,,0.2.0,"{""mode"": ""best"", ""elapsed_time"": 3772.86216878891, ""n_init_feats"": 42, ""n_added_feats"": 25, ""initial_metric"": null, ""final_metric"": 0.4404663295703249, ""pct_gain"": 0.03717239050778616}"
14970,har,openml_task,amlb,multiclass,tabularaml,4,4500,8239,2060,561,561,0,0.02093932667267004,categorical_crossentropy,False,0.02093932667267,-1.8225952089138227e-15,"{""accuracy"": 0.9970873786359364, ""categorical_crossentropy"": 0.02093932667267004, ""categorical_roc_auc"": 0.9999326737086994, ""f1"": 0.9911339677764865, ""precision"": 0.9913467977677616, ""recall"": 0.9909912890994761}","{""accuracy"": 0.0, ""categorical_crossentropy"": -0.0, ""categorical_roc_auc"": 0.0, ""f1"": 0.0, ""precision"": 0.0, ""recall"": 0.0}",4010.2824988365173,0.07209467887878418,4184.1650359630585,902.609375,801,ok,,0.2.0,"{""mode"": ""best"", ""elapsed_time"": 3700.5504076480865, ""n_init_feats"": 561, ""n_added_feats"": 0, ""initial_metric"": null, ""final_metric"": 0.0431120108231494, ""pct_gain"": 0.0}"
14970,har,openml_task,amlb,multiclass,tabularaml,0,4500,8239,2060,561,561,0,0.028767036366582156,categorical_crossentropy,False,0.0287670363665821,-1.9296791829325754e-15,"{""accuracy"": 0.9964401294450012, ""categorical_crossentropy"": 0.028767036366582156, ""categorical_roc_auc"": 0.9998750633848693, ""f1"": 0.9893210800198489, ""precision"": 0.9894612459259546, ""recall"": 0.9892272536096621}","{""accuracy"": 0.0, ""categorical_crossentropy"": -0.0, ""categorical_roc_auc"": 0.0, ""f1"": 0.0, ""precision"": 0.0, ""recall"": 0.0}",4144.14631319046,0.06333470344543457,4300.909638881683,932.29296875,695,ok,,0.2.0,"{""mode"": ""best"", ""elapsed_time"": 3844.4093222618103, ""n_init_feats"": 561, ""n_added_feats"": 0, ""initial_metric"": null, ""final_metric"": 0.048040122944851486, ""pct_gain"": 0.0}"
146800,MiceProtein,openml_task,amlb,multiclass,tabularaml,1,4500,864,216,77,92,15,0.07842011524836481,categorical_crossentropy,False,0.0932951233833726,0.15944036082017626,"{""accuracy"": 0.9965277777316423, ""categorical_crossentropy"": 0.07842011524836481, ""categorical_roc_auc"": 0.9999531031714425, ""f1"": 0.9868107387852748, ""precision"": 0.9869047615350903, ""recall"": 0.9870370366671909}","{""accuracy"": 0.0, ""categorical_crossentropy"": 0.15944036082017662, ""categorical_roc_auc"": 0.00034243666532301033, ""f1"": 0.0, ""precision"": 0.0, ""recall"": 1.1248038152386996e-16}",3844.930006504059,0.04485607147216797,3928.4535298347473,384.91796875,636,ok,,0.2.0,"{""mode"": ""best"", ""elapsed_time"": 3678.108203649521, ""n_init_feats"": 77, ""n_added_feats"": 15, ""initial_metric"": null, ""final_metric"": 0.026391482888413413, ""pct_gain"": 0.5517098409919554}"
125922,texture,openml_task,amlb,multiclass,tabularaml,3,4500,4400,1100,40,53,13,0.030775384512739534,categorical_crossentropy,False,0.0355010989105457,0.13311459483870744,"{""accuracy"": 0.9988429751975313, ""categorical_crossentropy"": 0.030775384512739534, ""categorical_roc_auc"": 0.9999109090909091, ""f1"": 0.9936443906811373, ""precision"": 0.9937670409403558, ""recall"": 0.9936363635370001}","{""accuracy"": 0.00016550810989750608, ""categorical_crossentropy"": 0.13311459483870794, ""categorical_roc_auc"": 2.9094347513644485e-05, ""f1"": 0.0009205341839398074, ""precision"": 0.0008978550420704618, ""recall"": 0.0009157509157509592}",4147.876274585724,0.02217245101928711,4175.628281831741,447.12890625,1182,ok,,0.2.0,"{""mode"": ""best"", ""elapsed_time"": 3677.5005564689636, ""n_init_feats"": 40, ""n_added_feats"": 13, ""initial_metric"": null, ""final_metric"": 0.07695931546041698, ""pct_gain"": 0.07269027223936121}"
14970,har,openml_task,amlb,multiclass,tabularaml,1,4500,8239,2060,561,561,0,0.020220548001527974,categorical_crossentropy,False,0.0202205480015279,-3.603185531149828e-15,"{""accuracy"": 0.9966019417427351, ""categorical_crossentropy"": 0.020220548001527974, ""categorical_roc_auc"": 0.999932437522259, ""f1"": 0.9901148891285868, ""precision"": 0.9902464258642029, ""recall"": 0.9900154052504675}","{""accuracy"": 0.0, ""categorical_crossentropy"": -0.0, ""categorical_roc_auc"": 0.0, ""f1"": 0.0, ""precision"": 0.0, ""recall"": 0.0}",4226.2917268276215,0.24638032913208008,4418.175701379776,932.49609375,949,ok,,0.2.0,"{""mode"": ""best"", ""elapsed_time"": 3798.1607127189636, ""n_init_feats"": 561, ""n_added_feats"": 0, ""initial_metric"": null, ""final_metric"": 0.04926336216180589, ""pct_gain"": 0.0}"
14970,har,openml_task,amlb,multiclass,tabularaml,2,4500,8239,2060,561,561,0,0.024857524437718284,categorical_crossentropy,False,0.0248575244377182,-3.349759428197115e-15,"{""accuracy"": 0.9972491909336704, ""categorical_crossentropy"": 0.024857524437718284, ""categorical_roc_auc"": 0.9998727921575482, ""f1"": 0.9919906497051235, ""precision"": 0.9919393217546212, ""recall"": 0.9920437389173017}","{""accuracy"": 0.0, ""categorical_crossentropy"": -0.0, ""categorical_roc_auc"": 0.0, ""f1"": 0.0, ""precision"": 0.0, ""recall"": 0.0}",4233.294814348221,0.04942893981933594,4403.1041049957275,957.5546875,846,ok,,0.2.0,"{""mode"": ""best"", ""elapsed_time"": 3826.0514760017395, ""n_init_feats"": 561, ""n_added_feats"": 0, ""initial_metric"": null, ""final_metric"": 0.04773792526147733, ""pct_gain"": 0.0}"
125922,texture,openml_task,amlb,multiclass,tabularaml,4,4500,4400,1100,40,54,14,0.07229580657097606,categorical_crossentropy,False,0.069691450703272,-0.03736980420730129,"{""accuracy"": 0.9960330578421849, ""categorical_crossentropy"": 0.07229580657097606, ""categorical_roc_auc"": 0.99952, ""f1"": 0.9781621528813917, ""precision"": 0.9785040891273933, ""recall"": 0.9781818180840002}","{""accuracy"": -0.0004975949577042358, ""categorical_crossentropy"": -0.03736980420730129, ""categorical_roc_auc"": 7.276272801926192e-06, ""f1"": -0.0028150407182139805, ""precision"": -0.002735035752328059, ""recall"": -0.002780352177942445}",4267.007719278336,0.028610706329345703,4280.436499118805,415.2265625,385,ok,,0.2.0,"{""mode"": ""best"", ""elapsed_time"": 3633.1833679676056, ""n_init_feats"": 40, ""n_added_feats"": 14, ""initial_metric"": null, ""final_metric"": 0.07529175127824042, ""pct_gain"": 0.10013493381894482}"
14970,har,openml_task,amlb,multiclass,tabularaml,3,4500,8239,2060,561,561,0,0.03601556402616771,categorical_crossentropy,False,0.0360155640261677,-1.9266375778165408e-16,"{""accuracy"": 0.9951456310631306, ""categorical_crossentropy"": 0.03601556402616771, ""categorical_roc_auc"": 0.9997976918649244, ""f1"": 0.985835590627564, ""precision"": 0.9860518918376625, ""recall"": 0.9857451007173962}","{""accuracy"": 0.0, ""categorical_crossentropy"": -0.0, ""categorical_roc_auc"": 0.0, ""f1"": 0.0, ""precision"": 0.0, ""recall"": 0.0}",4195.289537191391,0.07380247116088867,4397.822804689407,946.3984375,1504,ok,,0.2.0,"{""mode"": ""best"", ""elapsed_time"": 3897.2902932167053, ""n_init_feats"": 561, ""n_added_feats"": 0, ""initial_metric"": null, ""final_metric"": 0.039334587255484194, ""pct_gain"": 0.0}"
125922,texture,openml_task,amlb,multiclass,tabularaml,1,4500,4400,1100,40,57,17,0.049832106810278096,categorical_crossentropy,False,0.0503362029540816,0.010014584220096219,"{""accuracy"": 0.9966942148669721, ""categorical_crossentropy"": 0.049832106810278096, ""categorical_roc_auc"": 0.9997863636363636, ""f1"": 0.9818393215639717, ""precision"": 0.9819662382679851, ""recall"": 0.98181818172}","{""accuracy"": 0.00016586498590137478, ""categorical_crossentropy"": 0.010014584220097857, ""categorical_roc_auc"": -2.2731612398687784e-05, ""f1"": 0.0008756104726641636, ""precision"": 0.0008142595062472543, ""recall"": 0.0009267840593142238}",4314.57711148262,0.030282020568847656,4341.448774814606,436.26953125,947,ok,,0.2.0,"{""mode"": ""best"", ""elapsed_time"": 3696.6529762744904, ""n_init_feats"": 40, ""n_added_feats"": 17, ""initial_metric"": null, ""final_metric"": 0.06361317286165977, ""pct_gain"": 0.1629485677589364}"
146800,MiceProtein,openml_task,amlb,multiclass,tabularaml,2,4500,864,216,77,86,9,0.07612270947558702,categorical_crossentropy,False,0.0896250718430598,0.15065385265315517,"{""accuracy"": 0.9953703703242884, ""categorical_crossentropy"": 0.07612270947558702, ""categorical_roc_auc"": 0.9997473023458687, ""f1"": 0.9824274795866982, ""precision"": 0.982748357595582, ""recall"": 0.9828703700019131}","{""accuracy"": 0.0023310023310024286, ""categorical_crossentropy"": 0.15065385265315584, ""categorical_roc_auc"": 0.000163159759491177, ""f1"": 0.009974381515211786, ""precision"": 0.008998472157853092, ""recall"": 0.01040250203925985}",3630.563655614853,0.03188657760620117,3655.000725746155,399.24609375,1285,ok,,0.2.0,"{""mode"": ""best"", ""elapsed_time"": 3615.4859623908997, ""n_init_feats"": 77, ""n_added_feats"": 9, ""initial_metric"": null, ""final_metric"": 0.03443580775616445, ""pct_gain"": 0.2899764896408112}"
mushroom,mushroom,pmlb,pmlb,classification,tabularaml,0,4500,6499,1625,21,21,0,1.0,binary_roc_auc,True,1.0,0.0,"{""accuracy"": 0.9999999999938463, ""binary_crossentropy"": 0.0005598739768605671, ""binary_roc_auc"": 1.0, ""f1"": 0.9999999949872285, ""precision"": 0.9999999999872285, ""recall"": 0.9999999999872285}","{""accuracy"": 0.0, ""binary_crossentropy"": -0.0, ""binary_roc_auc"": 0.0, ""f1"": 0.0, ""precision"": 0.0, ""recall"": 0.0}",399.20986580848694,0.0034127235412597656,419.3287310600281,402.62890625,1979,ok,,0.2.0,"{""mode"": ""best"", ""elapsed_time"": 398.0102219581604, ""n_init_feats"": 21, ""n_added_feats"": 0, ""initial_metric"": null, ""final_metric"": 1.0, ""pct_gain"": 0.0}"
146800,MiceProtein,openml_task,amlb,multiclass,tabularaml,3,4500,864,216,77,86,9,0.0767104059845291,categorical_crossentropy,False,0.091546080180571,0.1620569025651248,"{""accuracy"": 0.9988425925463499, ""categorical_crossentropy"": 0.0767104059845291, ""categorical_roc_auc"": 0.9998860234747331, ""f1"": 0.9949020338119178, ""precision"": 0.9959677415608139, ""recall"": 0.9940476186761149}","{""accuracy"": 0.003488372093023346, ""categorical_crossentropy"": 0.16205690256512492, ""categorical_roc_auc"": 6.931096520163762e-05, ""f1"": 0.014565384559925069, ""precision"": 0.015338941116296249, ""recall"": 0.013691238956164987}",3625.1207568645477,0.016277790069580078,3636.6234047412872,392.10546875,938,ok,,0.2.0,"{""mode"": ""best"", ""elapsed_time"": 3613.4391915798187, ""n_init_feats"": 77, ""n_added_feats"": 9, ""initial_metric"": null, ""final_metric"": 0.05135409291742863, ""pct_gain"": 0.07066069286949651}"
mushroom,mushroom,pmlb,pmlb,classification,tabularaml,3,4500,6499,1625,21,21,0,1.0,binary_roc_auc,True,1.0,0.0,"{""accuracy"": 0.9999999999938463, ""binary_crossentropy"": 0.0006487982049461257, ""binary_roc_auc"": 1.0, ""f1"": 0.9999999949872285, ""precision"": 0.9999999999872285, ""recall"": 0.9999999999872285}","{""accuracy"": 0.0, ""binary_crossentropy"": -0.0, ""binary_roc_auc"": 0.0, ""f1"": 0.0, ""precision"": 0.0, ""recall"": 0.0}",392.65504455566406,0.0026509761810302734,399.9109206199646,396.7421875,1999,ok,,0.2.0,"{""mode"": ""best"", ""elapsed_time"": 391.8912949562073, ""n_init_feats"": 21, ""n_added_feats"": 0, ""initial_metric"": null, ""final_metric"": 1.0, ""pct_gain"": 0.0}"
mushroom,mushroom,pmlb,pmlb,classification,tabularaml,2,4500,6499,1625,21,21,0,1.0,binary_roc_auc,True,1.0,0.0,"{""accuracy"": 0.9999999999938463, ""binary_crossentropy"": 0.0006463095399102223, ""binary_roc_auc"": 1.0, ""f1"": 0.9999999949872285, ""precision"": 0.9999999999872285, ""recall"": 0.9999999999872285}","{""accuracy"": 0.0, ""binary_crossentropy"": -0.0, ""binary_roc_auc"": 0.0, ""f1"": 0.0, ""precision"": 0.0, ""recall"": 0.0}",467.4635202884674,0.003713369369506836,474.9076232910156,412.74609375,1985,ok,,0.2.0,"{""mode"": ""best"", ""elapsed_time"": 466.22705721855164, ""n_init_feats"": 21, ""n_added_feats"": 0, ""initial_metric"": null, ""final_metric"": 1.0, ""pct_gain"": 0.0}"
mushroom,mushroom,pmlb,pmlb,classification,tabularaml,4,4500,6499,1625,21,21,0,1.0,binary_roc_auc,True,1.0,0.0,"{""accuracy"": 0.9999999999938463, ""binary_crossentropy"": 0.0006049472579649703, ""binary_roc_auc"": 1.0, ""f1"": 0.9999999949872285, ""precision"": 0.9999999999872285, ""recall"": 0.9999999999872285}","{""accuracy"": 0.0, ""binary_crossentropy"": -0.0, ""binary_roc_auc"": 0.0, ""f1"": 0.0, ""precision"": 0.0, ""recall"": 0.0}",405.12798047065735,0.0025773048400878906,415.0936963558197,403.37890625,1445,ok,,0.2.0,"{""mode"": ""best"", ""elapsed_time"": 404.38170552253723, ""n_init_feats"": 21, ""n_added_feats"": 0, ""initial_metric"": null, ""final_metric"": 1.0, ""pct_gain"": 0.0}"
kr_vs_kp,kr-vs-kp,pmlb,pmlb,classification,tabularaml,0,4500,2556,640,36,36,0,0.9999804312942743,binary_roc_auc,True,0.9999804312942744,-1.110244750677966e-16,"{""accuracy"": 0.9968749999844239, ""binary_crossentropy"": 0.013169731170696152, ""binary_roc_auc"": 0.9999804312942743, ""f1"": 0.9969969919671023, ""precision"": 0.9999999999698795, ""recall"": 0.9940119760181433}","{""accuracy"": 0.0, ""binary_crossentropy"": -0.0, ""binary_roc_auc"": 0.0, ""f1"": 0.0, ""precision"": 0.0, ""recall"": 0.0}",217.13238334655762,0.004939079284667969,220.70958280563354,353.875,643,ok,,0.2.0,"{""mode"": ""best"", ""elapsed_time"": 216.29261326789856, ""n_init_feats"": 36, ""n_added_feats"": 0, ""initial_metric"": null, ""final_metric"": 0.9994599385044476, ""pct_gain"": 0.0}"
146195,connect-4,openml_task,amlb,multiclass,tabularaml,2,4500,,,,,,,,,,,,,,,4680,,,timeout,wall-clock exceeded 4680s,,
167119,jungle_chess,openml_task,amlb,multiclass,tabularaml,4,4500,35855,8964,6,18,12,0.22991870512674906,categorical_crossentropy,False,0.2483982459121546,0.07439481191803898,"{""accuracy"": 0.9116465863443644, ""categorical_crossentropy"": 0.22991870512674906, ""categorical_roc_auc"": 0.9787734353614884, ""f1"": 0.8178526938417837, ""precision"": 0.8241473952947794, ""recall"": 0.8121415553052538}","{""accuracy"": 0.0027814136125653395, ""categorical_crossentropy"": 0.07439481191803918, ""categorical_roc_auc"": 0.0023235091022042816, ""f1"": 0.003628693751237888, ""precision"": 0.004416003500326443, ""recall"": 0.002985965052095949}",1884.2081787586212,0.023949384689331055,1902.0229156017303,418.6796875,768,ok,,0.2.0,"{""mode"": ""best"", ""elapsed_time"": 388.56556606292725, ""n_init_feats"": 6, ""n_added_feats"": 12, ""initial_metric"": null, ""final_metric"": 0.2633267332864279, ""pct_gain"": 0.09028550427678833}"
kr_vs_kp,kr-vs-kp,pmlb,pmlb,classification,tabularaml,1,4500,2556,640,36,36,0,0.9990509177722985,binary_roc_auc,True,0.9990509177722984,1.1112777185578806e-16,"{""accuracy"": 0.9906249999845215, ""binary_crossentropy"": 0.02948454087971797, ""binary_roc_auc"": 0.9990509177722985, ""f1"": 0.9910714235421095, ""precision"": 0.9852071005625678, ""recall"": 0.9970059879941016}","{""accuracy"": 0.0, ""binary_crossentropy"": -0.0, ""binary_roc_auc"": 0.0, ""f1"": 0.0, ""precision"": 0.0, ""recall"": 0.0}",274.1193435192108,0.005074739456176758,278.9845447540283,359.484375,444,ok,,0.2.0,"{""mode"": ""best"", ""elapsed_time"": 273.2881166934967, ""n_init_feats"": 36, ""n_added_feats"": 0, ""initial_metric"": null, ""final_metric"": 0.9997561742839824, ""pct_gain"": 0.0}"
kr_vs_kp,kr-vs-kp,pmlb,pmlb,classification,tabularaml,3,4500,2556,640,36,36,0,0.9994178310046573,binary_roc_auc,True,0.9994178310046572,1.110869738544802e-16,"{""accuracy"": 0.9890624999845459, ""binary_crossentropy"": 0.03176035382299447, ""binary_roc_auc"": 0.9994178310046573, ""f1"": 0.989536616794046, ""precision"": 0.988059701463043, ""recall"": 0.9910179640421851}","{""accuracy"": 0.0, ""binary_crossentropy"": -0.0, ""binary_roc_auc"": 0.0, ""f1"": 0.0, ""precision"": 0.0, ""recall"": 0.0}",246.56141257286072,0.00577235221862793,251.0126326084137,358.375,1213,ok,,0.2.0,"{""mode"": ""best"", ""elapsed_time"": 245.67021679878235, ""n_init_feats"": 36, ""n_added_feats"": 0, ""initial_metric"": null, ""final_metric"": 0.9995281238081638, ""pct_gain"": 0.0}"
chess,chess,pmlb,pmlb,classification,tabularaml,0,4500,2556,640,36,36,0,0.9996869007083872,binary_roc_auc,True,0.9996869007083872,0.0,"{""accuracy"": 0.9937499999844727, ""binary_crossentropy"": 0.022820198655007572, ""binary_roc_auc"": 0.9996869007083872, ""f1"": 0.9940298457166407, ""precision"": 0.9910714285419324, ""recall"": 0.9970059879941016}","{""accuracy"": 0.0, ""binary_crossentropy"": -0.0, ""binary_roc_auc"": 0.0, ""f1"": 0.0, ""precision"": 0.0, ""recall"": 0.0}",213.60731410980225,0.0051724910736083984,223.63086438179016,351.6875,473,ok,,0.2.0,"{""mode"": ""best"", ""elapsed_time"": 212.75212740898132, ""n_init_feats"": 36, ""n_added_feats"": 0, ""initial_metric"": null, ""final_metric"": 0.9994914543357449, ""pct_gain"": 0.0}"
chess,chess,pmlb,pmlb,classification,tabularaml,1,4500,2556,640,36,36,0,0.9995890571797581,binary_roc_auc,True,0.999589057179758,1.1106794503708768e-16,"{""accuracy"": 0.9906249999845215, ""binary_crossentropy"": 0.026616590781384807, ""binary_roc_auc"": 0.9995890571797581, ""f1"": 0.9910179590421853, ""precision"": 0.9910179640421851, ""recall"": 0.9910179640421851}","{""accuracy"": 0.0, ""binary_crossentropy"": -0.0, ""binary_roc_auc"": 0.0, ""f1"": 0.0, ""precision"": 0.0, ""recall"": 0.0}",285.22311902046204,0.004400491714477539,295.4937057495117,358.6875,532,ok,,0.2.0,"{""mode"": ""best"", ""elapsed_time"": 284.395658493042, ""n_init_feats"": 36, ""n_added_feats"": 0, ""initial_metric"": null, ""final_metric"": 0.9992712419813115, ""pct_gain"": 0.0}"
chess,chess,pmlb,pmlb,classification,tabularaml,2,4500,2556,640,36,36,0,0.999804312942742,binary_roc_auc,True,0.999804312942742,0.0,"{""accuracy"": 0.9859374999845947, ""binary_crossentropy"": 0.03100978358275448, ""binary_roc_auc"": 0.999804312942742, ""f1"": 0.9863842612339532, ""precision"": 0.9969418959939773, ""recall"": 0.9760479041623937}","{""accuracy"": 0.0, ""binary_crossentropy"": -0.0, ""binary_roc_auc"": 0.0, ""f1"": 0.0, ""precision"": 0.0, ""recall"": 0.0}",267.26334953308105,0.006486415863037109,270.9495179653168,358.10546875,1174,ok,,0.2.0,"{""mode"": ""best"", ""elapsed_time"": 266.40093088150024, ""n_init_feats"": 36, ""n_added_feats"": 0, ""initial_metric"": null, ""final_metric"": 0.9992869776225388, ""pct_gain"": 0.0}"
146817,steel-plates-fault,openml_task,amlb,multiclass,tabularaml,0,4500,1552,389,27,46,19,0.46987684394333484,categorical_crossentropy,False,0.4782741884270007,0.017557594967196416,"{""accuracy"": 0.947851634202589, ""categorical_crossentropy"": 0.46987684394333484, ""categorical_roc_auc"": 0.9735519000913081, ""f1"": 0.8087365526934771, ""precision"": 0.8738195583128118, ""recall"": 0.776761193388074}","{""accuracy"": -2.342609295724151e-16, ""categorical_crossentropy"": 0.01755759496719653, ""categorical_roc_auc"": 0.0014310735499831737, ""f1"": -0.0019405247162368568, ""precision"": 0.026289421406369744, ""recall"": -0.008265917174808997}",3759.9482383728027,0.025594711303710938,3772.23659157753,369.8515625,156,ok,,0.2.0,"{""mode"": ""best"", ""elapsed_time"": 3614.0932393074036, ""n_init_feats"": 27, ""n_added_feats"": 19, ""initial_metric"": null, ""final_metric"": 0.8005026030932305, ""pct_gain"": 0.02479652449592142}"
146822,segment,openml_task,amlb,multiclass,tabularaml,3,4500,1848,462,16,45,29,0.2065042364398457,categorical_crossentropy,False,0.1786372862313773,-0.15599738887868084,"{""accuracy"": 0.9826839826627125, ""categorical_crossentropy"": 0.2065042364398457, ""categorical_roc_auc"": 0.9938344483799029, ""f1"": 0.9389275155686679, ""precision"": 0.9405244670476767, ""recall"": 0.9393939392516071}","{""accuracy"": 0.0006297229219144331, ""categorical_crossentropy"": -0.15599738887868064, ""categorical_roc_auc"": -0.0006101080056065442, ""f1"": 0.002454834614525045, ""precision"": 0.0024311110769059657, ""recall"": 0.002309468822170876}",2739.056022167206,0.05580258369445801,2750.3325579166412,379.640625,416,ok,,0.2.0,"{""mode"": ""best"", ""elapsed_time"": 2449.008513212204, ""n_init_feats"": 16, ""n_added_feats"": 29, ""initial_metric"": null, ""final_metric"": 0.303028276660945, ""pct_gain"": 0.05126122067305544}"
chess,chess,pmlb,pmlb,classification,tabularaml,3,4500,2556,640,36,36,0,0.999740714649133,binary_roc_auc,True,0.999740714649133,0.0,"{""accuracy"": 0.9937499999844727, ""binary_crossentropy"": 0.02669759867278252, ""binary_roc_auc"": 0.999740714649133, ""f1"": 0.9940476140182114, ""precision"": 0.9881656804441371, ""recall"": 0.9999999999700598}","{""accuracy"": 0.0, ""binary_crossentropy"": -0.0, ""binary_roc_auc"": 0.0, ""f1"": 0.0, ""precision"": 0.0, ""recall"": 0.0}",284.54383611679077,0.005915164947509766,294.12429094314575,357.79296875,599,ok,,0.2.0,"{""mode"": ""best"", ""elapsed_time"": 283.57967042922974, ""n_init_feats"": 36, ""n_added_feats"": 0, ""initial_metric"": null, ""final_metric"": 0.9994599508791261, ""pct_gain"": 0.0}"
146817,steel-plates-fault,openml_task,amlb,multiclass,tabularaml,2,4500,1552,389,27,50,23,0.5510588662841317,categorical_crossentropy,False,0.5682447317764426,0.03024377443603323,"{""accuracy"": 0.9427102460279143, ""categorical_crossentropy"": 0.5510588662841317, ""categorical_roc_auc"": 0.9587782287119466, ""f1"": 0.8192755086707698, ""precision"": 0.8300258293156368, ""recall"": 0.8105710232886734}","{""accuracy"": 0.0070615927814830426, ""categorical_crossentropy"": 0.03024377443603323, ""categorical_roc_auc"": 0.004774875209162355, ""f1"": 0.01870940347610793, ""precision"": 0.01672149491298652, ""recall"": 0.021631608683285782}",3835.6047508716583,0.04339933395385742,3847.7653481960297,374.94921875,154,ok,,0.2.0,"{""mode"": ""best"", ""elapsed_time"": 3613.256364583969, ""n_init_feats"": 27, ""n_added_feats"": 23, ""initial_metric"": null, ""final_metric"": 0.7188900413493684, ""pct_gain"": 0.07557967820288908}"
146817,steel-plates-fault,openml_task,amlb,multiclass,tabularaml,4,4500,1552,389,27,40,13,0.48584428077484637,categorical_crossentropy,False,0.524505772193652,0.07371032592665443,"{""accuracy"": 0.9522585383523107, ""categorical_crossentropy"": 0.48584428077484637, ""categorical_roc_auc"": 0.9724542598400047, ""f1"": 0.8166334201511802, ""precision"": 0.8583271918841159, ""recall"": 0.7869536064390253}","{""accuracy"": -0.0015402387370042334, ""categorical_crossentropy"": 0.07371032592665443, ""categorical_roc_auc"": 0.005674951525229501, ""f1"": -0.03437487284505803, ""precision"": -0.028668446661677834, ""recall"": -0.03808442128874309}",3776.3293380737305,0.030704975128173828,3783.8123829364777,377.73828125,226,ok,,0.2.0,"{""mode"": ""best"", ""elapsed_time"": 3617.0320897102356, ""n_init_feats"": 27, ""n_added_feats"": 13, ""initial_metric"": null, ""final_metric"": 0.8149046054048176, ""pct_gain"": 0.023987595742571106}"
146817,steel-plates-fault,openml_task,amlb,multiclass,tabularaml,1,4500,1552,389,27,49,22,0.5474337805740375,categorical_crossentropy,False,0.5611199447138482,0.024390799629819236,"{""accuracy"": 0.9353654057783783, ""categorical_crossentropy"": 0.5474337805740375, ""categorical_roc_auc"": 0.9640214756956899, ""f1"": 0.802571899927784, ""precision"": 0.8173501590610918, ""recall"": 0.7920497993147909}","{""accuracy"": -0.010873786407766976, ""categorical_crossentropy"": 0.024390799629819236, ""categorical_roc_auc"": -0.0003018441356247567, ""f1"": -0.034042318512962084, ""precision"": -0.05097101800364273, ""recall"": -0.019365732598805887}",3945.0735647678375,0.03390383720397949,3951.0950615406036,376.86328125,258,ok,,0.2.0,"{""mode"": ""best"", ""elapsed_time"": 3616.8928399086, ""n_init_feats"": 27, ""n_added_feats"": 22, ""initial_metric"": null, ""final_metric"": 0.7116203227042295, ""pct_gain"": 0.08438035651463589}"
146817,steel-plates-fault,openml_task,amlb,multiclass,tabularaml,3,4500,1552,389,27,47,20,0.5361415992609457,categorical_crossentropy,False,0.556055096458257,0.03581209366508555,"{""accuracy"": 0.9353654057783783, ""categorical_crossentropy"": 0.5361415992609457, ""categorical_roc_auc"": 0.9656538152564137, ""f1"": 0.8026983136742677, ""precision"": 0.8233194504740603, ""recall"": 0.786972766573026}","{""accuracy"": -0.001568012544100469, ""categorical_crossentropy"": 0.03581209366508555, ""categorical_roc_auc"": 0.0016440360084915596, ""f1"": 0.0013208865737625347, ""precision"": 0.007944596709576462, ""recall"": -0.004139226595255966}",3856.8960428237915,0.02957606315612793,3864.4114620685577,372.140625,195,ok,,0.2.0,"{""mode"": ""best"", ""elapsed_time"": 3612.906514406204, ""n_init_feats"": 27, ""n_added_feats"": 20, ""initial_metric"": null, ""final_metric"": 0.7653146108866014, ""pct_gain"": -0.017303140059155148}"
breast_cancer,breast-cancer,pmlb,pmlb,classification,tabularaml,0,4500,228,58,9,27,18,0.5961262553802009,binary_roc_auc,True,0.659971305595409,-0.09673913043478259,"{""accuracy"": 0.7068965516022592, ""binary_crossentropy"": 0.5957577947912545, ""binary_roc_auc"": 0.5961262553802009, ""f1"": 0.0, ""precision"": 0.0, ""recall"": 0.0}","{""accuracy"": 0.0, ""binary_crossentropy"": -0.032527632286471306, ""binary_roc_auc"": -0.09673913043478259, ""f1"": 0.0, ""precision"": 0.0, ""recall"": 0.0}",112.06530117988586,0.03282475471496582,115.61271119117737,328.44921875,4,ok,,0.2.0,"{""mode"": ""best"", ""elapsed_time"": 107.05077505111694, ""n_init_feats"": 9, ""n_added_feats"": 18, ""initial_metric"": null, ""final_metric"": 0.7388531009220665, ""pct_gain"": 0.1800365107768752}"
chess,chess,pmlb,pmlb,classification,tabularaml,4,4500,2556,640,36,37,1,0.9998728034127823,binary_roc_auc,True,0.999902156471371,-2.9355930876617857e-05,"{""accuracy"": 0.9953124999844483, ""binary_crossentropy"": 0.020839982669242474, ""binary_roc_auc"": 0.9998728034127823, ""f1"": 0.9955022438457233, ""precision"": 0.9969969969670571, ""recall"": 0.9940119760181433}","{""accuracy"": 0.0, ""binary_crossentropy"": 0.08040297951733293, ""binary_roc_auc"": -2.9355930876617857e-05, ""f1"": -1.350676029095572e-05, ""precision"": 0.0029849669487510876, ""recall"": -0.0030030030030030173}",554.0182068347931,0.00670933723449707,563.8190026283264,371.0546875,776,ok,,0.2.0,"{""mode"": ""best"", ""elapsed_time"": 553.4280595779419, ""n_init_feats"": 36, ""n_added_feats"": 1, ""initial_metric"": null, ""final_metric"": 0.9996224634074569, ""pct_gain"": 2.0986743355816635e-05}"
kr_vs_kp,kr-vs-kp,pmlb,pmlb,classification,tabularaml,2,4500,2556,640,36,38,2,0.9998532347070564,binary_roc_auc,True,0.9998728034127824,-1.957119511517391e-05,"{""accuracy"": 0.9906249999845215, ""binary_crossentropy"": 0.02179445524612511, ""binary_roc_auc"": 0.9998532347070564, ""f1"": 0.9910447710898641, ""precision"": 0.9880952380658304, ""recall"": 0.9940119760181433}","{""accuracy"": 0.0, ""binary_crossentropy"": 0.0029811643856973145, ""binary_roc_auc"": -1.9571195115062873e-05, ""f1"": 0.0, ""precision"": 0.0, ""recall"": 0.0}",812.3752610683441,0.011309385299682617,819.8851239681244,391.4765625,869,ok,,0.2.0,"{""mode"": ""best"", ""elapsed_time"": 811.3966386318207, ""n_init_feats"": 36, ""n_added_feats"": 2, ""initial_metric"": null, ""final_metric"": 0.9993288527097288, ""pct_gain"": 5.253717162453874e-06}"
breast_cancer,breast-cancer,pmlb,pmlb,classification,tabularaml,2,4500,228,58,9,23,14,0.6398852223816356,binary_roc_auc,True,0.7101865136298422,-0.098989898989899,"{""accuracy"": 0.7068965516022592, ""binary_crossentropy"": 0.5742107015745394, ""binary_roc_auc"": 0.6398852223816356, ""f1"": 0.26086956113421556, ""precision"": 0.49999999916666665, ""recall"": 0.1764705881314879}","{""accuracy"": -0.04651162790697677, ""binary_crossentropy"": -0.10116071292677663, ""binary_roc_auc"": -0.098989898989899, ""f1"": -0.34782608954706984, ""precision"": -0.20000000033333326, ""recall"": -0.4}",100.6240451335907,0.05125546455383301,103.60302066802979,325.09765625,17,ok,,0.2.0,"{""mode"": ""best"", ""elapsed_time"": 95.9510064125061, ""n_init_feats"": 9, ""n_added_feats"": 14, ""initial_metric"": null, ""final_metric"": 0.70891120373879, ""pct_gain"": 0.1688281909572756}"
breast_cancer,breast-cancer,pmlb,pmlb,classification,tabularaml,3,4500,228,58,9,21,12,0.6276901004304161,binary_roc_auc,True,0.7094691535150646,-0.11526794742163803,"{""accuracy"": 0.7241379309096314, ""binary_crossentropy"": 0.5871145464479923, ""binary_roc_auc"": 0.6276901004304161, ""f1"": 0.3333333289236111, ""precision"": 0.571428570612245, ""recall"": 0.2352941175086505}","{""accuracy"": -0.04545454545454548, ""binary_crossentropy"": -0.08875950939192317, ""binary_roc_auc"": -0.11526794742163803, ""f1"": 0.11111110696759266, ""precision"": -0.4285714274829932, ""recall"": 0.33333333333333326}",95.81249046325684,0.057305335998535156,99.3472044467926,330.34765625,27,ok,,0.2.0,"{""mode"": ""best"", ""elapsed_time"": 89.5254020690918, ""n_init_feats"": 9, ""n_added_feats"": 12, ""initial_metric"": null, ""final_metric"": 0.6911077428318808, ""pct_gain"": 0.10492941935272064}"
breast_cancer,breast-cancer,pmlb,pmlb,classification,tabularaml,1,4500,228,58,9,20,11,0.7647058823529412,binary_roc_auc,True,0.7101865136298422,0.07676767676767682,"{""accuracy"": 0.689655172294887, ""binary_crossentropy"": 0.5187735113090483, ""binary_roc_auc"": 0.7647058823529412, ""f1"": 0.1818181781404959, ""precision"": 0.3999999992, ""recall"": 0.11764705875432525}","{""accuracy"": -0.02439024390243896, ""binary_crossentropy"": 0.04281635398070389, ""binary_roc_auc"": 0.07676767676767682, ""f1"": -0.5974026008707202, ""precision"": -0.20000000102857138, ""recall"": -0.7142857142857143}",153.69240427017212,0.03592395782470703,160.51750373840332,333.03515625,19,ok,,0.2.0,"{""mode"": ""best"", ""elapsed_time"": 149.90077304840088, ""n_init_feats"": 9, ""n_added_feats"": 11, ""initial_metric"": null, ""final_metric"": 0.7017936086901603, ""pct_gain"": 0.265403027708785}"
breast_cancer,breast-cancer,pmlb,pmlb,classification,tabularaml,4,4500,228,58,9,25,16,0.7116212338593974,binary_roc_auc,True,0.7166427546628407,-0.007007007007006987,"{""accuracy"": 0.7413793102170035, ""binary_crossentropy"": 0.5489499985144056, ""binary_roc_auc"": 0.7116212338593974, ""f1"": 0.399999995328, ""precision"": 0.6249999992187499, ""recall"": 0.29411764688581316}","{""accuracy"": 0.04878048780487808, ""binary_crossentropy"": 0.016143810399587975, ""binary_roc_auc"": -0.007007007007006987, ""f1"": 0.0, ""precision"": 0.0, ""recall"": 0.0}",98.17494511604309,0.028202295303344727,101.53168559074402,327.671875,19,ok,,0.2.0,"{""mode"": ""best"", ""elapsed_time"": 95.1059181690216, ""n_init_feats"": 9, ""n_added_feats"": 16, ""initial_metric"": null, ""final_metric"": 0.7891436150056841, ""pct_gain"": 0.1651824405155786}"
146800,MiceProtein,openml_task,amlb,multiclass,tabularaml,4,4500,,,,,,,,,,,,,,,4680,,,timeout,wall-clock exceeded 4680s,,
146821,car,openml_task,amlb,multiclass,tabularaml,2,4500,1382,346,6,58,52,0.005518942957859234,categorical_crossentropy,False,0.0524563227567961,0.8947897475877831,"{""accuracy"": 0.9999999999710982, ""categorical_crossentropy"": 0.005518942957859234, ""categorical_roc_auc"": 1.0, ""f1"": 0.9999999945863227, ""precision"": 0.9999999995863227, ""recall"": 0.9999999995863227}","{""accuracy"": 0.008746355685131178, ""categorical_crossentropy"": 0.8947897475877833, ""categorical_roc_auc"": 0.0007260001611312776, ""f1"": 0.05994185311975239, ""precision"": 0.051779753363241005, ""recall"": 0.06759098785308035}",3631.672074317932,0.16362261772155762,3644.5240001678467,390.57421875,1393,ok,,0.2.0,"{""mode"": ""best"", ""elapsed_time"": 3629.7425820827484, ""n_init_feats"": 6, ""n_added_feats"": 52, ""initial_metric"": null, ""final_metric"": 0.017055519454610417, ""pct_gain"": 0.7923593990862089}"
146822,segment,openml_task,amlb,multiclass,tabularaml,0,4500,1848,462,16,44,28,0.2056343810833402,categorical_crossentropy,False,0.1862834318285481,-0.10387906785291767,"{""accuracy"": 0.9771181199541131, ""categorical_crossentropy"": 0.2056343810833402, ""categorical_roc_auc"": 0.9943974375792558, ""f1"": 0.919405884891537, ""precision"": 0.9198487494225421, ""recall"": 0.9199134197740392}","{""accuracy"": -0.0006325110689436687, ""categorical_crossentropy"": -0.10387906785291734, ""categorical_roc_auc"": -0.0009280818908706064, ""f1"": -0.002441845514635315, ""precision"": -0.0027202769985690085, ""recall"": -0.002347417840375562}",3629.817271232605,0.06594634056091309,3640.1345086097717,375.171875,154,ok,,0.2.0,"{""mode"": ""best"", ""elapsed_time"": 3245.060394525528, ""n_init_feats"": 16, ""n_added_feats"": 28, ""initial_metric"": null, ""final_metric"": 0.2901942404068648, ""pct_gain"": 0.04649172648559974}"
titanic,titanic,pmlb,pmlb,classification,tabularaml,1,4500,1679,420,8,21,13,0.8102475144987573,binary_roc_auc,True,0.8149078293289147,-0.005718824463860171,"{""accuracy"": 0.7928571428382652, ""binary_crossentropy"": 0.46652426636289984, ""binary_roc_auc"": 0.8102475144987573, ""f1"": 0.6063348368403596, ""precision"": 0.7882352940249135, ""recall"": 0.49264705878730536}","{""accuracy"": -0.008928571428571513, ""binary_crossentropy"": -0.015447776723229844, ""binary_roc_auc"": -0.005718824463860171, ""f1"": -0.01916422694376222, ""precision"": -0.0262975778533076, ""recall"": -0.014705882352941083}",343.8624777793884,0.03806114196777344,353.8058295249939,340.44921875,61,ok,,0.2.0,"{""mode"": ""best"", ""elapsed_time"": 317.3263523578644, ""n_init_feats"": 8, ""n_added_feats"": 13, ""initial_metric"": null, ""final_metric"": 0.8050471652075464, ""pct_gain"": 0.002576808069029339}"
titanic,titanic,pmlb,pmlb,classification,tabularaml,0,4500,1679,420,8,23,15,0.8266362883181442,binary_roc_auc,True,0.8354132145816073,-0.010506089813121797,"{""accuracy"": 0.802380952361848, ""binary_crossentropy"": 0.4556722728092046, ""binary_roc_auc"": 0.8266362883181442, ""f1"": 0.6278026857680631, ""precision"": 0.8045977010569428, ""recall"": 0.5147058823150952}","{""accuracy"": -0.005899705014749273, ""binary_crossentropy"": -0.002558271121924935, ""binary_roc_auc"": -0.010506089813121797, ""f1"": -0.019058296070997856, ""precision"": -0.005427841637307187, ""recall"": -0.027777777777777603}",397.25168085098267,0.038988590240478516,400.65457582473755,344.6796875,85,ok,,0.2.0,"{""mode"": ""best"", ""elapsed_time"": 385.7307171821594, ""n_init_feats"": 8, ""n_added_feats"": 15, ""initial_metric"": null, ""final_metric"": 0.7996575459452073, ""pct_gain"": 0.005861851561171237}"
ionosphere,ionosphere,pmlb,pmlb,classification,tabularaml,1,4500,280,71,33,65,32,0.9669565217391305,binary_roc_auc,True,0.9704347826086956,-0.0035842293906809372,"{""accuracy"": 0.9436619716980759, ""binary_crossentropy"": 0.17751021049818366, ""binary_roc_auc"": 0.9669565217391305, ""f1"": 0.9565217339224953, ""precision"": 0.9565217389224953, ""recall"": 0.9565217389224953}","{""accuracy"": -0.014705882352941142, ""binary_crossentropy"": 0.0470092650196069, ""binary_roc_auc"": -0.0035842293906809372, ""f1"": -0.012287334668878918, ""precision"": 0.018903591668858345, ""recall"": -0.04347826086956521}",1084.723750591278,0.07274746894836426,1089.2926485538483,338.01171875,196,ok,,0.2.0,"{""mode"": ""best"", ""elapsed_time"": 1068.8957903385162, ""n_init_feats"": 33, ""n_added_feats"": 32, ""initial_metric"": null, ""final_metric"": 0.9813308523834839, ""pct_gain"": 0.012429347415293229}"
titanic,titanic,pmlb,pmlb,classification,tabularaml,3,4500,1679,420,8,21,13,0.8300538525269262,binary_roc_auc,True,0.8310118061309031,-0.0011527557092564104,"{""accuracy"": 0.8071428571236394, ""binary_crossentropy"": 0.4489724839283597, ""binary_roc_auc"": 0.8300538525269262, ""f1"": 0.6431718013072252, ""precision"": 0.8021978021096486, ""recall"": 0.5367647058428849}","{""accuracy"": 0.0029585798816567405, ""binary_crossentropy"": 0.004560443411311038, ""binary_roc_auc"": -0.0011527557092564104, ""f1"": 0.00942241806728049, ""precision"": 0.0027472527484771136, ""recall"": 0.013888888888889011}",220.90816688537598,0.027838468551635742,223.9717411994934,340.3125,66,ok,,0.2.0,"{""mode"": ""best"", ""elapsed_time"": 191.67348504066467, ""n_init_feats"": 8, ""n_added_feats"": 13, ""initial_metric"": null, ""final_metric"": 0.8069919431187109, ""pct_gain"": 0.020351066480348724}"
ionosphere,ionosphere,pmlb,pmlb,classification,tabularaml,0,4500,280,71,33,60,27,0.9600000000000001,binary_roc_auc,True,0.9608695652173912,-0.0009049773755654208,"{""accuracy"": 0.9295774646578061, ""binary_crossentropy"": 0.2555995881032776, ""binary_roc_auc"": 0.9600000000000001, ""f1"": 0.9473684158581718, ""precision"": 0.9183673467513536, ""recall"": 0.978260869352552}","{""accuracy"": 0.0, ""binary_crossentropy"": -0.006827823162280204, ""binary_roc_auc"": -0.0009049773755654208, ""f1"": 0.0, ""precision"": 0.0, ""recall"": 0.0}",1110.5748536586761,0.05833745002746582,1137.5679368972778,341.07421875,64,ok,,0.2.0,"{""mode"": ""best"", ""elapsed_time"": 1099.2757375240326, ""n_init_feats"": 33, ""n_added_feats"": 27, ""initial_metric"": null, ""final_metric"": 0.9787258550416447, ""pct_gain"": 0.02184365516717305}"
ionosphere,ionosphere,pmlb,pmlb,classification,tabularaml,3,4500,280,71,33,58,25,0.9086956521739131,binary_roc_auc,True,0.9443478260869566,-0.03775322283609571,"{""accuracy"": 0.8169014083356477, ""binary_crossentropy"": 0.37266499722297763, ""binary_roc_auc"": 0.9086956521739131, ""f1"": 0.857142851955078, ""precision"": 0.8666666664740741, ""recall"": 0.8478260867722117}","{""accuracy"": -0.07936507936507943, ""binary_crossentropy"": -0.3066759621849665, ""binary_roc_auc"": -0.03775322283609571, ""f1"": -0.06312292394124326, ""precision"": -0.03255813954832033, ""recall"": -0.09302325581395347}",1001.716784954071,0.06576108932495117,1012.8345537185669,333.92578125,56,ok,,0.2.0,"{""mode"": ""best"", ""elapsed_time"": 984.3889036178589, ""n_init_feats"": 33, ""n_added_feats"": 25, ""initial_metric"": null, ""final_metric"": 0.9832995525429735, ""pct_gain"": 0.012878873312454107}"
146822,segment,openml_task,amlb,multiclass,tabularaml,1,4500,1848,462,16,40,24,0.18950393708831997,categorical_crossentropy,False,0.1869888066957216,-0.013450700269407742,"{""accuracy"": 0.9808286950931793, ""categorical_crossentropy"": 0.18950393708831997, ""categorical_roc_auc"": 0.9947855175127903, ""f1"": 0.9332338115380733, ""precision"": 0.9348540986462031, ""recall"": 0.9329004327590845}","{""accuracy"": -0.0006301197227473974, ""categorical_crossentropy"": -0.013450700269407291, ""categorical_roc_auc"": -0.00026916126055356036, ""f1"": -0.002095535959566434, ""precision"": -0.0027404265019989786, ""recall"": -0.0023148148148146716}",3804.1739201545715,0.022650718688964844,3808.425624370575,380.8203125,138,ok,,0.2.0,"{""mode"": ""best"", ""elapsed_time"": 3617.1018850803375, ""n_init_feats"": 16, ""n_added_feats"": 24, ""initial_metric"": null, ""final_metric"": 0.2891611289745293, ""pct_gain"": 0.1277129175052202}"
146822,segment,openml_task,amlb,multiclass,tabularaml,2,4500,1848,462,16,37,21,0.13093644670952612,categorical_crossentropy,False,0.134628548758564,0.027424361943164936,"{""accuracy"": 0.9857761286119343, ""categorical_crossentropy"": 0.13093644670952612, ""categorical_roc_auc"": 0.9975949975949978, ""f1"": 0.9500248117792116, ""precision"": 0.9509124982572679, ""recall"": 0.9502164500724781}","{""accuracy"": 0.0, ""categorical_crossentropy"": 0.027424361943165335, ""categorical_roc_auc"": 0.0004769083184872843, ""f1"": -0.00016319257461213814, ""precision"": 0.00037652969242225653, ""recall"": 1.1683896069579453e-16}",3820.987231731415,0.024531126022338867,3831.291731595993,371.97265625,140,ok,,0.2.0,"{""mode"": ""best"", ""elapsed_time"": 3612.7134068012238, ""n_init_feats"": 16, ""n_added_feats"": 21, ""initial_metric"": null, ""final_metric"": 0.31646875651203, ""pct_gain"": 0.06487738439364124}"
titanic,titanic,pmlb,pmlb,classification,tabularaml,4,4500,1679,420,8,23,15,0.8420023819386909,binary_roc_auc,True,0.8393356462303232,0.003177198204728632,"{""accuracy"": 0.8095238095045352, ""binary_crossentropy"": 0.44812264366164095, ""binary_roc_auc"": 0.8420023819386909, ""f1"": 0.61904761442449, ""precision"": 0.8783783782596787, ""recall"": 0.4779411764354455}","{""accuracy"": -0.0029325513196480305, ""binary_crossentropy"": -0.0016170960024272294, ""binary_roc_auc"": 0.003177198204728632, ""f1"": -0.02657004832740398, ""precision"": 0.031139835475619635, ""recall"": -0.05797101449275358}",343.6482582092285,0.037011146545410156,352.9618761539459,341.91015625,43,ok,,0.2.0,"{""mode"": ""best"", ""elapsed_time"": 333.7041938304901, ""n_init_feats"": 8, ""n_added_feats"": 15, ""initial_metric"": null, ""final_metric"": 0.7973539659766345, ""pct_gain"": -0.0004771206675610509}"
146824,mfeat-pixel,openml_task,amlb,multiclass,tabularaml,4,4500,1600,400,240,249,9,0.19135967661335598,categorical_crossentropy,False,0.1795837221414694,-0.06557361842968112,"{""accuracy"": 0.9869999999753251, ""categorical_crossentropy"": 0.19135967661335598, ""categorical_roc_auc"": 0.9980347222222221, ""f1"": 0.9354081322131964, ""precision"": 0.9384642647390917, ""recall"": 0.9349999997662499}","{""accuracy"": -0.001012145748987763, ""categorical_crossentropy"": -0.06557361842968062, ""categorical_roc_auc"": -0.00016001113120917487, ""f1"": -0.005134375578783776, ""precision"": -0.004186030128742509, ""recall"": -0.005319148936170218}",3612.43262219429,0.026884078979492188,3624.8136947155,365.0859375,218,ok,,0.2.0,"{""mode"": ""best"", ""elapsed_time"": 3602.7078108787537, ""n_init_feats"": 240, ""n_added_feats"": 9, ""initial_metric"": null, ""final_metric"": 0.1421964118494376, ""pct_gain"": 0.05757617640011074}"
ionosphere,ionosphere,pmlb,pmlb,classification,tabularaml,2,4500,280,71,33,56,23,0.9860869565217392,binary_roc_auc,True,0.98,0.006211180124223658,"{""accuracy"": 0.9577464787383456, ""binary_crossentropy"": 0.18374141646732747, ""binary_roc_auc"": 0.9860869565217392, ""f1"": 0.9677419302763326, ""precision"": 0.9574468083069262, ""recall"": 0.978260869352552}","{""accuracy"": 0.03030303030303023, ""binary_crossentropy"": -0.0562849573035176, ""binary_roc_auc"": 0.006211180124223658, ""f1"": 0.02272727284735187, ""precision"": 0.022727272727272763, ""recall"": 0.022727272727272724}",1109.7448153495789,0.07647442817687988,1183.7918832302094,340.578125,52,ok,,0.2.0,"{""mode"": ""best"", ""elapsed_time"": 1087.2293410301208, ""n_init_feats"": 33, ""n_added_feats"": 23, ""initial_metric"": null, ""final_metric"": 0.9809099769626085, ""pct_gain"": 0.01191997579142518}"
sonar,sonar,pmlb,pmlb,classification,tabularaml,0,4500,166,42,60,93,33,0.8931818181818181,binary_roc_auc,True,0.95,-0.05980861244019146,"{""accuracy"": 0.8571428569387755, ""binary_crossentropy"": 0.4179810992153805, ""binary_roc_auc"": 0.8931818181818181, ""f1"": 0.8333333279320988, ""precision"": 0.9374999994140625, ""recall"": 0.749999999625}","{""accuracy"": 0.028571428571428498, ""binary_crossentropy"": -0.3085130638633918, ""binary_roc_auc"": -0.05980861244019146, ""f1"": 0.05769230788817665, ""precision"": -0.062499999864783655, ""recall"": 0.1538461538461538}",1065.6192378997803,0.060735225677490234,1075.6527721881866,337.765625,185,ok,,0.2.0,"{""mode"": ""best"", ""elapsed_time"": 1056.216465473175, ""n_init_feats"": 60, ""n_added_feats"": 33, ""initial_metric"": null, ""final_metric"": 0.9806318681318681, ""pct_gain"": 0.05388249130164661}"
titanic,titanic,pmlb,pmlb,classification,tabularaml,2,4500,1679,420,8,24,16,0.7706736743993372,binary_roc_auc,True,0.7797224523612263,-0.01160512684287434,"{""accuracy"": 0.7928571428382652, ""binary_crossentropy"": 0.49023269110226203, ""binary_roc_auc"": 0.7706736743993372, ""f1"": 0.5756097515754909, ""precision"": 0.8550724636441924, ""recall"": 0.4338235293798659}","{""accuracy"": -0.011869436201780437, ""binary_crossentropy"": -0.02268723587907168, ""binary_roc_auc"": -0.01160512684287434, ""f1"": -0.026260162870865238, ""precision"": -0.04516908212147317, ""recall"": -0.016666666666666687}",509.85696172714233,0.02685546875,519.531023979187,341.62890625,82,ok,,0.2.0,"{""mode"": ""best"", ""elapsed_time"": 498.3564417362213, ""n_init_feats"": 8, ""n_added_feats"": 16, ""initial_metric"": null, ""final_metric"": 0.8170253467240555, ""pct_gain"": 0.01137946257935145}"
146822,segment,openml_task,amlb,multiclass,tabularaml,4,4500,1848,462,16,46,30,0.25529970169154065,categorical_crossentropy,False,0.2280882965451816,-0.11930206660545953,"{""accuracy"": 0.9734075448150467, ""categorical_crossentropy"": 0.25529970169154065, ""categorical_roc_auc"": 0.9926811404084132, ""f1"": 0.9069765542329277, ""precision"": 0.9077231906498449, ""recall"": 0.9069264067889938}","{""accuracy"": -0.004427577482606022, ""categorical_crossentropy"": -0.11930206660545953, ""categorical_roc_auc"": -0.001440549828178764, ""f1"": -0.016098280597751632, ""precision"": -0.016145207383202083, ""recall"": -0.016431924882629175}",3830.886294364929,0.050145626068115234,3837.370771408081,368.80859375,139,ok,,0.2.0,"{""mode"": ""best"", ""elapsed_time"": 3631.195741176605, ""n_init_feats"": 16, ""n_added_feats"": 30, ""initial_metric"": null, ""final_metric"": 0.24733668817088778, ""pct_gain"": 0.17328821801442837}"
sonar,sonar,pmlb,pmlb,classification,tabularaml,1,4500,166,42,60,104,44,0.9318181818181818,binary_roc_auc,True,0.9840909090909092,-0.05311778290993091,"{""accuracy"": 0.7857142855272109, ""binary_crossentropy"": 0.4209226109420082, ""binary_roc_auc"": 0.9318181818181818, ""f1"": 0.7096774143184184, ""precision"": 0.999999999090909, ""recall"": 0.549999999725}","{""accuracy"": -0.02941176470588228, ""binary_crossentropy"": -0.3015021301950567, ""binary_roc_auc"": -0.0531177829099308, ""f1"": -0.05376344107006573, ""precision"": -7.575762246066339e-11, ""recall"": -0.08333333333333323}",1050.0538268089294,0.0976250171661377,1124.3365516662598,334.3125,134,ok,,0.2.0,"{""mode"": ""best"", ""elapsed_time"": 1027.9645261764526, ""n_init_feats"": 60, ""n_added_feats"": 44, ""initial_metric"": null, ""final_metric"": 0.9532967032967032, ""pct_gain"": 0.05455097949075936}"
sonar,sonar,pmlb,pmlb,classification,tabularaml,3,4500,166,42,60,110,50,0.825,binary_roc_auc,True,0.9022727272727272,-0.08564231738035265,"{""accuracy"": 0.7142857141156462, ""binary_crossentropy"": 0.610382662598221, ""binary_roc_auc"": 0.825, ""f1"": 0.6842105209695292, ""precision"": 0.7222222218209876, ""recall"": 0.649999999675}","{""accuracy"": -0.1176470588235294, ""binary_crossentropy"": -0.5079124857423895, ""binary_roc_auc"": -0.08564231738035276, ""f1"": -0.13333333417543844, ""precision"": -0.1333333333333334, ""recall"": -0.1333333333333333}",997.4708290100098,0.08658981323242188,1000.8658010959625,335.90234375,86,ok,,0.2.0,"{""mode"": ""best"", ""elapsed_time"": 981.1587188243866, ""n_init_feats"": 60, ""n_added_feats"": 50, ""initial_metric"": null, ""final_metric"": 0.9641483516483517, ""pct_gain"": 0.02970732749025269}"
sonar,sonar,pmlb,pmlb,classification,tabularaml,2,4500,166,42,60,91,31,0.8886363636363636,binary_roc_auc,True,0.9068181818181816,-0.020050125313283096,"{""accuracy"": 0.7857142855272109, ""binary_crossentropy"": 0.4859444646738536, ""binary_roc_auc"": 0.8886363636363636, ""f1"": 0.742857137534694, ""precision"": 0.8666666660888889, ""recall"": 0.649999999675}","{""accuracy"": 0.0, ""binary_crossentropy"": 0.030264879243655982, ""binary_roc_auc"": -0.020050125313283217, ""f1"": 0.021428571435601052, ""precision"": -0.061111111014814826, ""recall"": 0.08333333333333341}",1080.202959537506,0.07026934623718262,1090.4995799064636,337.6640625,753,ok,,0.2.0,"{""mode"": ""best"", ""elapsed_time"": 1072.4277486801147, ""n_init_feats"": 60, ""n_added_feats"": 31, ""initial_metric"": null, ""final_metric"": 0.9469093406593407, ""pct_gain"": 0.09082996967918022}"
sonar,sonar,pmlb,pmlb,classification,tabularaml,4,4500,166,42,60,99,39,0.95,binary_roc_auc,True,0.9659090909090908,-0.01647058823529408,"{""accuracy"": 0.8333333331349206, ""binary_crossentropy"": 0.31117414962500334, ""binary_roc_auc"": 0.95, ""f1"": 0.8205128150953321, ""precision"": 0.8421052627146814, ""recall"": 0.7999999996}","{""accuracy"": -0.07894736842105256, ""binary_crossentropy"": -0.09139919210347572, ""binary_roc_auc"": -0.016470588235294195, ""f1"": -0.08295625988857257, ""precision"": -0.10835913310086355, ""recall"": -0.05882352941176463}",1067.2403454780579,0.08374857902526855,1074.6373999118805,336.1015625,92,ok,,0.2.0,"{""mode"": ""best"", ""elapsed_time"": 1053.4591245651245, ""n_init_feats"": 60, ""n_added_feats"": 39, ""initial_metric"": null, ""final_metric"": 0.9113324175824176, ""pct_gain"": 0.008129463517425266}"
146825,Fashion-MNIST,openml_task,amlb,multiclass,tabularaml,4,4500,56000,14000,784,,,,,,,,,,,,3567.54873752594,,,crash,ValueError: Input X contains infinity or a value too large for dtype('float16').,0.2.0,
car_evaluation,car-evaluation,pmlb,pmlb,multiclass,tabularaml,2,4500,1382,346,6,18,12,0.020972417783489072,categorical_crossentropy,False,0.0483575949744782,0.5663056073289473,"{""accuracy"": 0.9971098265607772, ""categorical_crossentropy"": 0.020972417783489072, ""categorical_roc_auc"": 0.9999637908559842, ""f1"": 0.9875743673432732, ""precision"": 0.9823045263575289, ""recall"": 0.9935064930936595}","{""accuracy"": 0.004366812227074283, ""categorical_crossentropy"": 0.5663056073289477, ""categorical_roc_auc"": 0.0004557103813400043, ""f1"": 0.03621527133483116, ""precision"": 0.01617709667694985, ""recall"": 0.05451127817696987}",272.60726499557495,0.029893159866333008,283.4500069618225,349.22265625,724,ok,,0.2.0,"{""mode"": ""best"", ""elapsed_time"": 231.70278406143188, ""n_init_feats"": 6, ""n_added_feats"": 12, ""initial_metric"": null, ""final_metric"": 0.009737055050333496, ""pct_gain"": 0.8215832903159238}"
167119,jungle_chess,openml_task,amlb,multiclass,tabularaml,0,4500,35855,8964,6,18,12,0.07804529218237541,categorical_crossentropy,False,0.2501316251511296,0.6879831083525707,"{""accuracy"": 0.9808121374375492, ""categorical_crossentropy"": 0.07804529218237541, ""categorical_roc_auc"": 0.9975788541367182, ""f1"": 0.9529229899403777, ""precision"": 0.9572592967897048, ""recall"": 0.9488093329281954}","{""accuracy"": 0.08204791598293396, ""categorical_crossentropy"": 0.6879831083525707, ""categorical_roc_auc"": 0.021970780465841597, ""f1"": 0.17699745405502984, ""precision"": 0.1740726077213686, ""recall"": 0.1794808623147527}",3596.7393450737,0.026849985122680664,3639.580714941025,469.07421875,1999,ok,,0.2.0,"{""mode"": ""best"", ""elapsed_time"": 333.78541445732117, ""n_init_feats"": 6, ""n_added_feats"": 12, ""initial_metric"": null, ""final_metric"": 0.21335735673217907, ""pct_gain"": 0.2583490302743233}"
ionosphere,ionosphere,pmlb,pmlb,classification,tabularaml,4,4500,280,71,33,65,32,0.9799999999999999,binary_roc_auc,True,0.948695652173913,0.03299725022914743,"{""accuracy"": 0.9154929576175362, ""binary_crossentropy"": 0.20881852762065303, ""binary_roc_auc"": 0.9799999999999999, ""f1"": 0.9361702075690358, ""precision"": 0.9166666664756944, ""recall"": 0.9565217389224953}","{""accuracy"": 0.0, ""binary_crossentropy"": 0.29179812539030847, ""binary_roc_auc"": 0.03299725022914743, ""f1"": -0.0014184397351351765, ""precision"": 0.018518518510030797, ""recall"": -0.02222222222222222}",1419.7802910804749,0.07090592384338379,1423.0319137573242,342.7890625,163,ok,,0.2.0,"{""mode"": ""best"", ""elapsed_time"": 1408.1370995044708, ""n_init_feats"": 33, ""n_added_feats"": 32, ""initial_metric"": null, ""final_metric"": 0.9824378654970761, ""pct_gain"": 0.01597978157096082}"
car_evaluation,car-evaluation,pmlb,pmlb,multiclass,tabularaml,1,4500,1382,346,6,18,12,0.007227817286309379,categorical_crossentropy,False,0.0314768102872245,0.7703764383889007,"{""accuracy"": 0.9999999999710982, ""categorical_crossentropy"": 0.007227817286309379, ""categorical_roc_auc"": 1.0, ""f1"": 0.9999999945863227, ""precision"": 0.9999999995863227, ""recall"": 0.9999999995863227}","{""accuracy"": 0.007278020378457065, ""categorical_crossentropy"": 0.770376438388901, ""categorical_roc_auc"": 0.0002240475503173399, ""f1"": 0.028355324045247262, ""precision"": 0.02721472216896547, ""recall"": 0.02947432391135232}",354.1215443611145,0.01779961585998535,358.1191375255585,384.52734375,1999,ok,,0.2.0,"{""mode"": ""best"", ""elapsed_time"": 300.53933930397034, ""n_init_feats"": 6, ""n_added_feats"": 12, ""initial_metric"": null, ""final_metric"": 0.005739177201003492, ""pct_gain"": 0.7352933439681093}"
car_evaluation,car-evaluation,pmlb,pmlb,multiclass,tabularaml,4,4500,1382,346,6,18,12,0.008390603148525952,categorical_crossentropy,False,0.0347712074529145,0.7586910618537448,"{""accuracy"": 0.9999999999710982, ""categorical_crossentropy"": 0.008390603148525952, ""categorical_roc_auc"": 1.0, ""f1"": 0.9999999945863227, ""precision"": 0.9999999995863227, ""recall"": 0.9999999995863227}","{""accuracy"": 0.00581395348837212, ""categorical_crossentropy"": 0.7586910618537454, ""categorical_roc_auc"": 0.0008106180393594436, ""f1"": 0.02748848412615744, ""precision"": 0.008616293147860688, ""recall"": 0.04406779660047528}",383.89693689346313,0.024415254592895508,394.645720243454,369.46484375,1300,ok,,0.2.0,"{""mode"": ""best"", ""elapsed_time"": 315.2435986995697, ""n_init_feats"": 6, ""n_added_feats"": 12, ""initial_metric"": null, ""final_metric"": 0.0025356467934156243, ""pct_gain"": 0.8612316731327005}"
146824,mfeat-pixel,openml_task,amlb,multiclass,tabularaml,1,4500,1600,400,240,250,10,0.16832421712901124,categorical_crossentropy,False,0.1711282787706477,0.016385729242298797,"{""accuracy"": 0.9904999999752375, ""categorical_crossentropy"": 0.16832421712901124, ""categorical_roc_auc"": 0.9978194444444444, ""f1"": 0.9524736445669013, ""precision"": 0.9531962400127283, ""recall"": 0.9524999997618749}","{""accuracy"": 0.0, ""categorical_crossentropy"": 0.016385729242298957, ""categorical_roc_auc"": -4.175597806435514e-05, ""f1"": 8.175343439502909e-05, ""precision"": -0.00020488555478585964, ""recall"": 0.0}",4177.5053334236145,0.02839970588684082,4193.190900325775,401.7578125,819,ok,,0.2.0,"{""mode"": ""best"", ""elapsed_time"": 3636.2052969932556, ""n_init_feats"": 240, ""n_added_feats"": 10, ""initial_metric"": null, ""final_metric"": 0.13536785800596185, ""pct_gain"": 0.018222071241566058}"
146824,mfeat-pixel,openml_task,amlb,multiclass,tabularaml,0,4500,1600,400,240,251,11,0.12870278193942794,categorical_crossentropy,False,0.1344002198980888,0.042391582119293024,"{""accuracy"": 0.9929999999751751, ""categorical_crossentropy"": 0.12870278193942794, ""categorical_roc_auc"": 0.9989513888888888, ""f1"": 0.9648892330101824, ""precision"": 0.9655398460906157, ""recall"": 0.96499999975875}","{""accuracy"": 0.0005037783375314966, ""categorical_crossentropy"": 0.042391582119293225, ""categorical_roc_auc"": 8.342776893276898e-05, ""f1"": 0.00264787795459791, ""precision"": 0.002227525191570034, ""recall"": 0.0025974025974027154}",4231.574256658554,0.053986310958862305,4241.016793727875,378.29296875,361,ok,,0.2.0,"{""mode"": ""best"", ""elapsed_time"": 3630.5827927589417, ""n_init_feats"": 240, ""n_added_feats"": 11, ""initial_metric"": null, ""final_metric"": 0.145290285474462, ""pct_gain"": 0.07108537996359676}"
car_evaluation,car-evaluation,pmlb,pmlb,multiclass,tabularaml,0,4500,1382,346,6,18,12,0.009065485937929357,categorical_crossentropy,False,0.034077848049719,0.7339771594525872,"{""accuracy"": 0.9999999999710982, ""categorical_crossentropy"": 0.009065485937929357, ""categorical_roc_auc"": 1.0, ""f1"": 0.9999999945863227, ""precision"": 0.9999999995863227, ""recall"": 0.9999999995863227}","{""accuracy"": 0.007278020378457065, ""categorical_crossentropy"": 0.7339771594525879, ""categorical_roc_auc"": 0.00018138930115448013, ""f1"": 0.056715570589365716, ""precision"": 0.0504924183249389, ""recall"": 0.062004943013930704}",534.741851568222,0.0318450927734375,540.0537786483765,378.75,1689,ok,,0.2.0,"{""mode"": ""best"", ""elapsed_time"": 498.6834490299225, ""n_init_feats"": 6, ""n_added_feats"": 12, ""initial_metric"": null, ""final_metric"": 0.0037257355257851073, ""pct_gain"": 0.8354354607804277}"
car_evaluation,car-evaluation,pmlb,pmlb,multiclass,tabularaml,3,4500,1382,346,6,18,12,0.012219619435463848,categorical_crossentropy,False,0.0368701249992196,0.6685766745916243,"{""accuracy"": 0.9999999999710982, ""categorical_crossentropy"": 0.012219619435463848, ""categorical_roc_auc"": 1.0, ""f1"": 0.9999999945863227, ""precision"": 0.9999999995863227, ""recall"": 0.9999999995863227}","{""accuracy"": 0.004354136429608175, ""categorical_crossentropy"": 0.6685766745916243, ""categorical_roc_auc"": 1.2069860351706758e-05, ""f1"": 0.015304366832568944, ""precision"": 0.009463722413078614, ""recall"": 0.02032826381090282}",538.8804993629456,0.02528691291809082,549.2105138301849,381.05078125,1730,ok,,0.2.0,"{""mode"": ""best"", ""elapsed_time"": 494.9050943851471, ""n_init_feats"": 6, ""n_added_feats"": 12, ""initial_metric"": null, ""final_metric"": 0.018609236666152724, ""pct_gain"": 0.4721752721994514}"
167120,numerai28.6,openml_task,amlb,classification,tabularaml,1,4500,77056,19264,21,40,19,0.5269984752077456,binary_roc_auc,True,0.5233681516941053,0.006936462415393704,"{""accuracy"": 0.5182205149498971, ""binary_crossentropy"": 0.6918558109059707, ""binary_roc_auc"": 0.5269984752077456, ""f1"": 0.5791502240621751, ""precision"": 0.5183020858692328, ""recall"": 0.656185778873144}","{""accuracy"": 0.0007016840417000705, ""binary_crossentropy"": 0.0005406456392402624, ""binary_roc_auc"": 0.006936462415393704, ""f1"": 0.019126290619766204, ""precision"": -0.0010411948770680023, ""recall"": 0.044658923605431035}",3800.1657609939575,0.047635793685913086,3805.60093998909,987.82421875,23,ok,,0.2.0,"{""mode"": ""best"", ""elapsed_time"": 3618.402439594269, ""n_init_feats"": 21, ""n_added_feats"": 19, ""initial_metric"": null, ""final_metric"": 0.518920220758977, ""pct_gain"": 0.00011078389251513561}"
146824,mfeat-pixel,openml_task,amlb,multiclass,tabularaml,3,4500,1600,400,240,256,16,0.12367649843152322,categorical_crossentropy,False,0.1057668579855817,-0.16933130838001237,"{""accuracy"": 0.9929999999751751, ""categorical_crossentropy"": 0.12367649843152322, ""categorical_roc_auc"": 0.9987222222222221, ""f1"": 0.9650326173420234, ""precision"": 0.9663397542551591, ""recall"": 0.96499999975875}","{""accuracy"": -0.0035122930255894144, ""categorical_crossentropy"": -0.16933130838001206, ""categorical_roc_auc"": -0.0003266997073605038, ""f1"": -0.017805058215922952, ""precision"": -0.016930364156589998, ""recall"": -0.017811704834605504}",4367.79917216301,0.05298972129821777,4377.706730127335,387.4921875,436,ok,,0.2.0,"{""mode"": ""best"", ""elapsed_time"": 3622.870597600937, ""n_init_feats"": 240, ""n_added_feats"": 16, ""initial_metric"": null, ""final_metric"": 0.13915919115887238, ""pct_gain"": 0.14370619358848194}"
167120,numerai28.6,openml_task,amlb,classification,tabularaml,2,4500,77056,19264,21,42,21,0.5291941046914204,binary_roc_auc,True,0.5265157899779556,0.005086864942031348,"{""accuracy"": 0.5146387043186698, ""binary_crossentropy"": 0.6918851147263475, ""binary_roc_auc"": 0.5291941046914204, ""f1"": 0.5758482984611814, ""precision"": 0.515513320337463, ""recall"": 0.652178380599412}","{""accuracy"": -0.006812262071728958, ""binary_crossentropy"": 0.00048197179676215293, ""binary_roc_auc"": 0.005086864942031348, ""f1"": -0.004605075600644848, ""precision"": -0.005391097809642784, ""recall"": -0.0036106750392464033}",3936.366104364395,0.05300569534301758,3942.152424812317,1004.828125,36,ok,,0.2.0,"{""mode"": ""best"", ""elapsed_time"": 3604.7434420585632, ""n_init_feats"": 21, ""n_added_feats"": 21, ""initial_metric"": null, ""final_metric"": 0.5181539890391267, ""pct_gain"": -0.0006733008928344749}"
nursery,nursery,pmlb,pmlb,multiclass,tabularaml,3,4500,10366,2592,8,22,14,0.0010341811583632337,categorical_crossentropy,False,0.0016623060761146,0.3778635756535989,"{""accuracy"": 0.999999999996142, ""categorical_crossentropy"": 0.0010341811583632337, ""categorical_roc_auc"": 1.0, ""f1"": 0.9999999949532068, ""precision"": 0.9999999999532065, ""recall"": 0.9999999999532065}","{""accuracy"": 0.0, ""categorical_crossentropy"": 0.3778635756536304, ""categorical_roc_auc"": 0.0, ""f1"": 0.0, ""precision"": 0.0, ""recall"": 0.0}",1102.7373449802399,0.02506113052368164,1121.785721540451,426.7578125,1999,ok,,0.2.0,"{""mode"": ""best"", ""elapsed_time"": 940.9199819564819, ""n_init_feats"": 8, ""n_added_feats"": 14, ""initial_metric"": null, ""final_metric"": 0.002717230046759371, ""pct_gain"": 0.7165878072029558}"
167125,Internet-Advertisements,openml_task,amlb,classification,tabularaml,2,4500,2623,656,1558,1558,0,0.9751483965464076,binary_roc_auc,True,0.9751483965464076,0.0,"{""accuracy"": 0.9740853658388097, ""binary_crossentropy"": 0.08539300507108259, ""binary_roc_auc"": 0.9751483965464076, ""f1"": 0.9850220214145511, ""precision"": 0.9789842381614888, ""recall"": 0.9911347517554763}","{""accuracy"": 0.0, ""binary_crossentropy"": -0.0, ""binary_roc_auc"": 0.0, ""f1"": 0.0, ""precision"": 0.0, ""recall"": 0.0}",3670.6868789196014,1.8369345664978027,3687.672794342041,610.51171875,318,ok,,0.2.0,"{""mode"": ""best"", ""elapsed_time"": 3631.7928733825684, ""n_init_feats"": 1558, ""n_added_feats"": 0, ""initial_metric"": null, ""final_metric"": 0.9644449879725704, ""pct_gain"": 0.0}"
146825,Fashion-MNIST,openml_task,amlb,multiclass,tabularaml,0,4500,,,,,,,,,,,,,,,4680,,,timeout,wall-clock exceeded 4680s,,
167140,dna,openml_task,amlb,multiclass,tabularaml,0,4500,2548,638,180,191,11,0.14633836909532102,categorical_crossentropy,False,0.1448541090010445,-0.01024658606174448,"{""accuracy"": 0.9707419017611691, ""categorical_crossentropy"": 0.14633836909532102, ""categorical_roc_auc"": 0.9896779871710617, ""f1"": 0.9510715674236051, ""precision"": 0.9492405100590399, ""recall"": 0.9531843436612809}","{""accuracy"": 0.0, ""categorical_crossentropy"": -0.01024658606174448, ""categorical_roc_auc"": -0.00038986724422875106, ""f1"": 0.0004125468623304348, ""precision"": 0.0017184503693934876, ""recall"": -0.001227634091721336}",3615.6240701675415,0.3142821788787842,3625.0510127544403,414.44921875,212,ok,,0.2.0,"{""mode"": ""best"", ""elapsed_time"": 3606.998741388321, ""n_init_feats"": 180, ""n_added_feats"": 11, ""initial_metric"": null, ""final_metric"": 0.1224413847865432, ""pct_gain"": 0.04933295533270489}"
146825,Fashion-MNIST,openml_task,amlb,multiclass,tabularaml,1,4500,,,,,,,,,,,,,,,4680,,,timeout,wall-clock exceeded 4680s,,
nursery,nursery,pmlb,pmlb,multiclass,tabularaml,4,4500,10366,2592,8,23,15,0.0011081711302650663,categorical_crossentropy,False,0.0019188693103748,0.4224874386840787,"{""accuracy"": 0.999999999996142, ""categorical_crossentropy"": 0.0011081711302650663, ""categorical_roc_auc"": 1.0, ""f1"": 0.9999999949532068, ""precision"": 0.9999999999532065, ""recall"": 0.9999999999532065}","{""accuracy"": 0.0, ""categorical_crossentropy"": 0.422487438684096, ""categorical_roc_auc"": 0.0, ""f1"": 0.0, ""precision"": 0.0, ""recall"": 0.0}",1240.3991432189941,0.0341191291809082,1255.0579302310944,426.828125,1998,ok,,0.2.0,"{""mode"": ""best"", ""elapsed_time"": 1145.0869665145874, ""n_init_feats"": 8, ""n_added_feats"": 15, ""initial_metric"": null, ""final_metric"": 0.0024643293457531504, ""pct_gain"": 0.7079153027932273}"
146825,Fashion-MNIST,openml_task,amlb,multiclass,tabularaml,2,4500,,,,,,,,,,,,,,,4680,,,timeout,wall-clock exceeded 4680s,,
167141,churn,openml_task,amlb,classification,tabularaml,2,4500,4000,1000,20,44,24,0.9223408383490616,binary_roc_auc,True,0.9240416449937664,-0.001840616874704081,"{""accuracy"": 0.95199999999048, ""binary_crossentropy"": 0.15666573913395404, ""binary_roc_auc"": 0.9223408383490616, ""f1"": 0.80799999501728, ""precision"": 0.9266055045021463, ""recall"": 0.7163120566867863}","{""accuracy"": -0.008333333333333292, ""binary_crossentropy"": -0.03753387775378321, ""binary_roc_auc"": -0.001840616874704081, ""f1"": -0.03954717003049907, ""precision"": -0.02968668859429915, ""recall"": -0.047169811320754755}",3686.8686170578003,0.05540060997009277,3690.4233174324036,412.18359375,106,ok,,0.2.0,"{""mode"": ""best"", ""elapsed_time"": 3603.02596116066, ""n_init_feats"": 20, ""n_added_feats"": 24, ""initial_metric"": null, ""final_metric"": 0.9247983791917186, ""pct_gain"": 0.02030637198792328}"
167140,dna,openml_task,amlb,multiclass,tabularaml,1,4500,2548,638,180,185,5,0.13945229768024636,categorical_crossentropy,False,0.1443798885925973,0.03412934419318825,"{""accuracy"": 0.9686520376023723, ""categorical_crossentropy"": 0.13945229768024636, ""categorical_roc_auc"": 0.9924995295892224, ""f1"": 0.9488579435904873, ""precision"": 0.9427386485963911, ""recall"": 0.9558000562464023}","{""accuracy"": 0.003246753246753329, ""categorical_crossentropy"": 0.034129344193188804, ""categorical_roc_auc"": 7.332492102379296e-05, ""f1"": 0.00611075334053192, ""precision"": 0.006444409970580175, ""recall"": 0.00562912468882299}",3790.7233085632324,0.31211280822753906,3802.8539254665375,416.54296875,168,ok,,0.2.0,"{""mode"": ""best"", ""elapsed_time"": 3781.972272157669, ""n_init_feats"": 180, ""n_added_feats"": 5, ""initial_metric"": null, ""final_metric"": 0.15126670710036744, ""pct_gain"": 0.04716993753908472}"
167141,churn,openml_task,amlb,classification,tabularaml,1,4500,4000,1000,20,40,20,0.9230673965273821,binary_roc_auc,True,0.928450532121302,-0.0057979778218454295,"{""accuracy"": 0.95099999999049, ""binary_crossentropy"": 0.1643009946178645, ""binary_roc_auc"": 0.9230673965273821, ""f1"": 0.8078431322475972, ""precision"": 0.9035087718505694, ""recall"": 0.7304964538489009}","{""accuracy"": -0.005230125523012483, ""binary_crossentropy"": -0.05493110880734477, ""binary_roc_auc"": -0.005797977821845548, ""f1"": -0.02605827391799139, ""precision"": -0.012051155929423256, ""recall"": -0.0373831775700934}",3714.4569730758667,0.04950666427612305,3717.454732656479,396.5390625,80,ok,,0.2.0,"{""mode"": ""best"", ""elapsed_time"": 3604.0679156780243, ""n_init_feats"": 20, ""n_added_feats"": 20, ""initial_metric"": null, ""final_metric"": 0.9417511463688845, ""pct_gain"": 0.017807370700130568}"
167125,Internet-Advertisements,openml_task,amlb,classification,tabularaml,0,4500,2623,656,1558,1558,0,0.9701954209065681,binary_roc_auc,True,0.970195420906568,1.1443292770725968e-16,"{""accuracy"": 0.9710365853510513, ""binary_crossentropy"": 0.11419002338090384, ""binary_roc_auc"": 0.9701954209065681, ""f1"": 0.9832893529425598, ""precision"": 0.9755671902098505, ""recall"": 0.9911347517554763}","{""accuracy"": 0.0, ""binary_crossentropy"": -0.0, ""binary_roc_auc"": 0.0, ""f1"": 0.0, ""precision"": 0.0, ""recall"": 0.0}",3966.3061151504517,1.4772372245788574,3979.0417177677155,608.32421875,164,ok,,0.2.0,"{""mode"": ""best"", ""elapsed_time"": 3923.372257232666, ""n_init_feats"": 1558, ""n_added_feats"": 0, ""initial_metric"": null, ""final_metric"": 0.9757005529027394, ""pct_gain"": 0.0}"
167125,Internet-Advertisements,openml_task,amlb,classification,tabularaml,1,4500,2623,656,1558,1558,0,0.9607038236201048,binary_roc_auc,True,0.9607038236201048,0.0,"{""accuracy"": 0.9634146341316553, ""binary_crossentropy"": 0.11137100230056293, ""binary_roc_auc"": 0.9607038236201048, ""f1"": 0.9790575866071837, ""precision"": 0.9639175257566337, ""recall"": 0.9946808510461936}","{""accuracy"": 0.0, ""binary_crossentropy"": -0.0, ""binary_roc_auc"": 0.0, ""f1"": 0.0, ""precision"": 0.0, ""recall"": 0.0}",3955.5011553764343,1.5805273056030273,3972.337336063385,584.63671875,204,ok,,0.2.0,"{""mode"": ""best"", ""elapsed_time"": 3927.61985707283, ""n_init_feats"": 1558, ""n_added_feats"": 0, ""initial_metric"": null, ""final_metric"": 0.9790416258036396, ""pct_gain"": 0.0}"
167125,Internet-Advertisements,openml_task,amlb,classification,tabularaml,3,4500,2623,656,1558,1558,0,0.9847845359235277,binary_roc_auc,True,0.9847845359235275,1.1273765825171018e-16,"{""accuracy"": 0.9801829268143265, ""binary_crossentropy"": 0.08058993675317984, ""binary_roc_auc"": 0.9847845359235277, ""f1"": 0.988526032052374, ""precision"": 0.9841827767841093, ""recall"": 0.9929078014008349}","{""accuracy"": 0.0, ""binary_crossentropy"": -0.0, ""binary_roc_auc"": 0.0, ""f1"": 0.0, ""precision"": 0.0, ""recall"": 0.0}",3863.213455915451,1.5936129093170166,3874.6268677711487,584.44921875,173,ok,,0.2.0,"{""mode"": ""best"", ""elapsed_time"": 3833.3599178791046, ""n_init_feats"": 1558, ""n_added_feats"": 0, ""initial_metric"": null, ""final_metric"": 0.9618651491760313, ""pct_gain"": 0.0}"
167140,dna,openml_task,amlb,multiclass,tabularaml,3,4500,2548,638,180,186,6,0.12771709660009262,categorical_crossentropy,False,0.1292921873828248,0.012182412677948251,"{""accuracy"": 0.972831765919966, ""categorical_crossentropy"": 0.12771709660009262, ""categorical_roc_auc"": 0.9937263741477925, ""f1"": 0.9536074979844843, ""precision"": 0.9522188459222433, ""recall"": 0.955198442352056}","{""accuracy"": 0.0032327586206896226, ""categorical_crossentropy"": 0.012182412677948888, ""categorical_roc_auc"": -8.638845968927666e-05, ""f1"": 0.005922708129415726, ""precision"": 0.00845514272316385, ""recall"": 0.003187788897228735}",3841.445516347885,0.20978617668151855,3846.497113466263,424.4140625,383,ok,,0.2.0,"{""mode"": ""best"", ""elapsed_time"": 3835.9343676567078, ""n_init_feats"": 180, ""n_added_feats"": 6, ""initial_metric"": null, ""final_metric"": 0.14835287807830774, ""pct_gain"": 0.023575597488169897}"
146825,Fashion-MNIST,openml_task,amlb,multiclass,tabularaml,3,4500,,,,,,,,,,,,,,,4680,,,timeout,wall-clock exceeded 4680s,,
167141,churn,openml_task,amlb,classification,tabularaml,0,4500,4000,1000,20,48,28,0.9297302652762987,binary_roc_auc,True,0.9309274350019402,-0.0012859968249179913,"{""accuracy"": 0.9559999999904399, ""binary_crossentropy"": 0.14748013850301503, ""binary_roc_auc"": 0.9297302652762987, ""f1"": 0.8281249949868774, ""precision"": 0.9217391303546314, ""recall"": 0.7517730495920728}","{""accuracy"": 0.0010471204188480605, ""binary_crossentropy"": 0.0022443896729874378, ""binary_roc_auc"": -0.0012859968249179913, ""f1"": 0.0039062500283135165, ""precision"": 0.008695652173156921, ""recall"": 0.0}",3779.531829595566,0.09357738494873047,3789.748160123825,396.93359375,72,ok,,0.2.0,"{""mode"": ""best"", ""elapsed_time"": 3608.6771183013916, ""n_init_feats"": 20, ""n_added_feats"": 28, ""initial_metric"": null, ""final_metric"": 0.9310613329314272, ""pct_gain"": 0.023918731540989238}"
167141,churn,openml_task,amlb,classification,tabularaml,3,4500,4000,1000,20,51,31,0.9336107464559649,binary_roc_auc,True,0.9331071095369016,0.0005397418087546809,"{""accuracy"": 0.96599999999034, ""binary_crossentropy"": 0.13424214864894748, ""binary_roc_auc"": 0.9336107464559649, ""f1"": 0.8692307641997042, ""precision"": 0.9495798318529766, ""recall"": 0.8014184396594738}","{""accuracy"": 0.0010362694300518227, ""binary_crossentropy"": 0.03445728573039438, ""binary_roc_auc"": 0.0005397418087545619, ""f1"": 0.005048076948130899, ""precision"": 0.00045018007274133997, ""recall"": 0.00892857142857138}",3701.6264128684998,0.08303189277648926,3705.129108428955,404.171875,80,ok,,0.2.0,"{""mode"": ""best"", ""elapsed_time"": 3609.338767528534, ""n_init_feats"": 20, ""n_added_feats"": 31, ""initial_metric"": null, ""final_metric"": 0.9305699896663089, ""pct_gain"": 0.01595495140728709}"
167119,jungle_chess,openml_task,amlb,multiclass,tabularaml,1,4500,,,,,,,,,,,,,,,4680,,,timeout,wall-clock exceeded 4680s,,
167140,dna,openml_task,amlb,multiclass,tabularaml,2,4500,2548,638,180,188,8,0.14806655169697763,categorical_crossentropy,False,0.1414467040094767,-0.0468010034864963,"{""accuracy"": 0.9717868338405676, ""categorical_crossentropy"": 0.14806655169697763, ""categorical_roc_auc"": 0.9928090766092893, ""f1"": 0.9511701239593657, ""precision"": 0.9508206030937482, ""recall"": 0.9517916049309075}","{""accuracy"": -0.0010741138560686563, ""categorical_crossentropy"": -0.0468010034864963, ""categorical_roc_auc"": 0.000163335126156558, ""f1"": -0.0029893151223320175, ""precision"": -0.0023284817170510365, ""recall"": -0.0035075932596103005}",3916.6546425819397,0.2015671730041504,3924.3555166721344,419.84375,655,ok,,0.2.0,"{""mode"": ""best"", ""elapsed_time"": 3910.931503534317, ""n_init_feats"": 180, ""n_added_feats"": 8, ""initial_metric"": null, ""final_metric"": 0.1420172108402423, ""pct_gain"": 0.045103336368121874}"
167141,churn,openml_task,amlb,classification,tabularaml,4,4500,4000,1000,20,57,37,0.9291358085849453,binary_roc_auc,True,0.9229848330980276,0.0066642216278589685,"{""accuracy"": 0.9559999999904399, ""binary_crossentropy"": 0.15398605176899582, ""binary_roc_auc"": 0.9291358085849453, ""f1"": 0.8267716485389671, ""precision"": 0.9292035397407785, ""recall"": 0.7446808510110156}","{""accuracy"": -0.004166666666666704, ""binary_crossentropy"": -0.04888582753799933, ""binary_roc_auc"": 0.0066642216278589685, ""f1"": -0.018691588894625424, ""precision"": -0.018691588785046745, ""recall"": -0.018691588785046627}",3725.582538843155,0.0789787769317627,3732.1967039108276,413.25390625,82,ok,,0.2.0,"{""mode"": ""best"", ""elapsed_time"": 3604.2050812244415, ""n_init_feats"": 20, ""n_added_feats"": 37, ""initial_metric"": null, ""final_metric"": 0.9369597724622988, ""pct_gain"": 0.017184449199670673}"
167125,Internet-Advertisements,openml_task,amlb,classification,tabularaml,4,4500,2623,656,1558,1558,0,0.9799279216774592,binary_roc_auc,True,0.9799279216774592,0.0,"{""accuracy"": 0.977134146326568, ""binary_crossentropy"": 0.0927350564265131, ""binary_roc_auc"": 0.9799279216774592, ""f1"": 0.9867841359519649, ""precision"": 0.980735551646572, ""recall"": 0.9929078014008349}","{""accuracy"": 0.0, ""binary_crossentropy"": -0.0, ""binary_roc_auc"": 0.0, ""f1"": 0.0, ""precision"": 0.0, ""recall"": 0.0}",3923.9097287654877,1.6038599014282227,3942.216121196747,612.40625,323,ok,,0.2.0,"{""mode"": ""best"", ""elapsed_time"": 3896.041506052017, ""n_init_feats"": 1558, ""n_added_feats"": 0, ""initial_metric"": null, ""final_metric"": 0.9653160940174009, ""pct_gain"": 0.0}"
167120,numerai28.6,openml_task,amlb,classification,tabularaml,0,4500,,,,,,,,,,,,,,,4680,,,timeout,wall-clock exceeded 4680s,,
167120,numerai28.6,openml_task,amlb,classification,tabularaml,3,4500,,,,,,,,,,,,,,,4680,,,timeout,wall-clock exceeded 4680s,,
167120,numerai28.6,openml_task,amlb,classification,tabularaml,4,4500,,,,,,,,,,,,,,,4680,,,timeout,wall-clock exceeded 4680s,,
167121,Devnagari-Script,openml_task,amlb,multiclass,tabularaml,0,4500,,,,,,,,,,,,,,,4680,,,timeout,wall-clock exceeded 4680s,,
167121,Devnagari-Script,openml_task,amlb,multiclass,tabularaml,1,4500,,,,,,,,,,,,,,,4680,,,timeout,wall-clock exceeded 4680s,,
167121,Devnagari-Script,openml_task,amlb,multiclass,tabularaml,2,4500,,,,,,,,,,,,,,,4680,,,timeout,wall-clock exceeded 4680s,,
167121,Devnagari-Script,openml_task,amlb,multiclass,tabularaml,3,4500,,,,,,,,,,,,,,,4680,,,timeout,wall-clock exceeded 4680s,,
monk1,monk1,pmlb,pmlb,classification,tabularaml,0,4500,444,112,6,7,1,1.0,binary_roc_auc,True,1.0,0.0,"{""accuracy"": 0.9999999999107143, ""binary_crossentropy"": 0.022710509776321226, ""binary_roc_auc"": 1.0, ""f1"": 0.9999999948214284, ""precision"": 0.9999999998214285, ""recall"": 0.9999999998214285}","{""accuracy"": 0.0, ""binary_crossentropy"": -0.029170067943857136, ""binary_roc_auc"": 0.0, ""f1"": 0.0, ""precision"": 0.0, ""recall"": 0.0}",197.762526512146,0.0056705474853515625,204.15755534172058,335.4453125,1397,ok,,0.2.0,"{""mode"": ""best"", ""elapsed_time"": 197.5351107120514, ""n_init_feats"": 6, ""n_added_feats"": 1, ""initial_metric"": null, ""final_metric"": 1.0, ""pct_gain"": 0.0}"
167121,Devnagari-Script,openml_task,amlb,multiclass,tabularaml,4,4500,,,,,,,,,,,,,,,4680,,,timeout,wall-clock exceeded 4680s,,
167124,CIFAR_10,openml_task,amlb,multiclass,tabularaml,0,4500,,,,,,,,,,,,,,,4680,,,timeout,wall-clock exceeded 4680s,,
monk1,monk1,pmlb,pmlb,classification,tabularaml,1,4500,444,112,6,6,0,1.0,binary_roc_auc,True,1.0,0.0,"{""accuracy"": 0.9999999999107143, ""binary_crossentropy"": 0.018236226318484632, ""binary_roc_auc"": 1.0, ""f1"": 0.9999999948214284, ""precision"": 0.9999999998214285, ""recall"": 0.9999999998214285}","{""accuracy"": 0.0, ""binary_crossentropy"": -0.0, ""binary_roc_auc"": 0.0, ""f1"": 0.0, ""precision"": 0.0, ""recall"": 0.0}",148.54668951034546,0.0015735626220703125,224.62419152259827,332.77734375,1105,ok,,0.2.0,"{""mode"": ""best"", ""elapsed_time"": 148.3229262828827, ""n_init_feats"": 6, ""n_added_feats"": 0, ""initial_metric"": null, ""final_metric"": 1.0, ""pct_gain"": 0.0}"
167124,CIFAR_10,openml_task,amlb,multiclass,tabularaml,1,4500,,,,,,,,,,,,,,,4680,,,timeout,wall-clock exceeded 4680s,,
spambase,spambase,pmlb,pmlb,classification,tabularaml,0,4500,3680,921,57,69,12,0.9896225204143094,binary_roc_auc,True,0.9896965747405628,-7.482528296393843e-05,"{""accuracy"": 0.958740499446702, ""binary_crossentropy"": 0.11847192663828712, ""binary_roc_auc"": 0.9896225204143094, ""f1"": 0.9478021927761971, ""precision"": 0.9452054794261587, ""recall"": 0.9504132231143136}","{""accuracy"": 0.0, ""binary_crossentropy"": -0.015249702133195656, ""binary_roc_auc"": -7.482528296405059e-05, ""f1"": -0.0003008518879173554, ""precision"": 0.005132051636036465, ""recall"": -0.005763688760806988}",3489.8940155506134,0.032915353775024414,3509.731859445572,449.14453125,288,ok,,0.2.0,"{""mode"": ""best"", ""elapsed_time"": 3185.8858473300934, ""n_init_feats"": 57, ""n_added_feats"": 12, ""initial_metric"": null, ""final_metric"": 0.987879837355519, ""pct_gain"": 0.000773889447508276}"
monk1,monk1,pmlb,pmlb,classification,tabularaml,3,4500,444,112,6,7,1,1.0,binary_roc_auc,True,1.0,0.0,"{""accuracy"": 0.9999999999107143, ""binary_crossentropy"": 0.027924818710874075, ""binary_roc_auc"": 1.0, ""f1"": 0.9999999948214284, ""precision"": 0.9999999998214285, ""recall"": 0.9999999998214285}","{""accuracy"": 0.0, ""binary_crossentropy"": 0.08148834765691114, ""binary_roc_auc"": 0.0, ""f1"": 0.0, ""precision"": 0.0, ""recall"": 0.0}",243.5961651802063,0.006152629852294922,249.4203281402588,334.2890625,1182,ok,,0.2.0,"{""mode"": ""best"", ""elapsed_time"": 243.37233448028564, ""n_init_feats"": 6, ""n_added_feats"": 1, ""initial_metric"": null, ""final_metric"": 1.0, ""pct_gain"": 0.00037514067400135797}"
monk1,monk1,pmlb,pmlb,classification,tabularaml,2,4500,444,112,6,7,1,1.0,binary_roc_auc,True,1.0,0.0,"{""accuracy"": 0.9999999999107143, ""binary_crossentropy"": 0.02191320500956603, ""binary_roc_auc"": 1.0, ""f1"": 0.9999999948214284, ""precision"": 0.9999999998214285, ""recall"": 0.9999999998214285}","{""accuracy"": 0.0, ""binary_crossentropy"": -0.13432546791137048, ""binary_roc_auc"": 0.0, ""f1"": 0.0, ""precision"": 0.0, ""recall"": 0.0}",242.01927709579468,0.004706382751464844,252.0616328716278,334.703125,1214,ok,,0.2.0,"{""mode"": ""best"", ""elapsed_time"": 241.85166001319885, ""n_init_feats"": 6, ""n_added_feats"": 1, ""initial_metric"": null, ""final_metric"": 1.0, ""pct_gain"": 0.0}"
529_pollen,pollen,pmlb,pmlb,regression,tabularaml,1,4500,3078,770,4,12,8,1.510302748025409,rmse,False,1.585127263915552,0.04720410631592628,"{""mae"": 1.1838022251849292, ""mse"": 2.2810143906931017, ""pearson"": 0.8824305740450341, ""r2"": 0.7763233400943579, ""rmse"": 1.510302748025409, ""rmsle"": null}","{""mae"": 0.0449631884799485, ""mse"": 0.09217998497876752, ""pearson"": 0.014079379158466342, ""r2"": 0.030137705783489403, ""rmse"": 0.04720410631592628, ""rmsle"": null}",148.15688109397888,0.01176905632019043,157.76380109786987,341.8359375,85,ok,,0.2.0,"{""mode"": ""best"", ""elapsed_time"": 147.48384261131287, ""n_init_feats"": 4, ""n_added_feats"": 8, ""initial_metric"": null, ""final_metric"": 1.5369121480977834, ""pct_gain"": 0.034196715636659006}"
529_pollen,pollen,pmlb,pmlb,regression,tabularaml,4,4500,3078,770,4,12,8,1.5102697065534498,rmse,False,1.5625623757186555,0.033465972288725554,"{""mae"": 1.1940458286269386, ""mse"": 2.280914586533043, ""pearson"": 0.8762283385570581, ""r2"": 0.7676614544530451, ""rmse"": 1.5102697065534498, ""rmsle"": null}","{""mae"": 0.03201892033106652, ""mse"": 0.06581197327622174, ""pearson"": 0.010772322825704362, ""r2"": 0.021786235597031207, ""rmse"": 0.03346597228872569, ""rmsle"": null}",100.49369525909424,0.010652303695678711,118.91472005844116,335.50390625,80,ok,,0.2.0,"{""mode"": ""best"", ""elapsed_time"": 99.86996388435364, ""n_init_feats"": 4, ""n_added_feats"": 8, ""initial_metric"": null, ""final_metric"": 1.503489938008337, ""pct_gain"": 0.04367234959276588}"
529_pollen,pollen,pmlb,pmlb,regression,tabularaml,0,4500,3078,770,4,12,8,1.511385561036483,rmse,False,1.5986108050893144,0.054563151816028235,"{""mae"": 1.185745431119939, ""mse"": 2.2842863141095644, ""pearson"": 0.8784959378325292, ""r2"": 0.7703293601006852, ""rmse"": 1.511385561036483, ""rmsle"": null}","{""mae"": 0.058541845138983487, ""mse"": 0.10614916609595747, ""pearson"": 0.015867301401132933, ""r2"": 0.036705922763278886, ""rmse"": 0.054563151816028235, ""rmsle"": null}",218.36545991897583,0.014542579650878906,221.90009903907776,337.6953125,116,ok,,0.2.0,"{""mode"": ""best"", ""elapsed_time"": 217.50699043273926, ""n_init_feats"": 4, ""n_added_feats"": 8, ""initial_metric"": null, ""final_metric"": 1.5089932212486974, ""pct_gain"": 0.0582451899443474}"
529_pollen,pollen,pmlb,pmlb,regression,tabularaml,3,4500,3078,770,4,12,8,1.5310112828719118,rmse,False,1.5770896880824792,0.029217365098995918,"{""mae"": 1.2239812196704087, ""mse"": 2.343995548281097, ""pearson"": 0.8813047784325814, ""r2"": 0.7759735237340852, ""rmse"": 1.5310112828719118, ""rmsle"": null}","{""mae"": 0.023968683891647045, ""mse"": 0.05758107577466378, ""pearson"": 0.008279324488308577, ""r2"": 0.01795632114736161, ""rmse"": 0.029217365098995918, ""rmsle"": null}",186.43482208251953,0.014814138412475586,189.72089648246765,338.046875,121,ok,,0.2.0,"{""mode"": ""best"", ""elapsed_time"": 185.56844568252563, ""n_init_feats"": 4, ""n_added_feats"": 8, ""initial_metric"": null, ""final_metric"": 1.4991353817934674, ""pct_gain"": 0.05483831606036519}"
monk1,monk1,pmlb,pmlb,classification,tabularaml,4,4500,444,112,6,6,0,1.0,binary_roc_auc,True,1.0,0.0,"{""accuracy"": 0.9999999999107143, ""binary_crossentropy"": 0.022251679300032783, ""binary_roc_auc"": 1.0, ""f1"": 0.9999999948214284, ""precision"": 0.9999999998214285, ""recall"": 0.9999999998214285}","{""accuracy"": 0.0, ""binary_crossentropy"": -0.0, ""binary_roc_auc"": 0.0, ""f1"": 0.0, ""precision"": 0.0, ""recall"": 0.0}",144.56608057022095,0.001371145248413086,281.6426086425781,330.546875,827,ok,,0.2.0,"{""mode"": ""best"", ""elapsed_time"": 144.33990716934204, ""n_init_feats"": 6, ""n_added_feats"": 0, ""initial_metric"": null, ""final_metric"": 1.0, ""pct_gain"": 0.0}"
adult,adult,pmlb,pmlb,classification,tabularaml,1,4500,39073,9769,14,36,22,0.9301796948233989,binary_roc_auc,True,0.9292961743621586,0.0009507415241935296,"{""accuracy"": 0.8741938785946625, ""binary_crossentropy"": 0.27366279844405317, ""binary_roc_auc"": 0.9301796948233989, ""f1"": 0.9192774991067252, ""precision"": 0.8978701565295126, ""recall"": 0.9417305880757075}","{""accuracy"": 0.002582765907490096, ""binary_crossentropy"": 0.006405775982318032, ""binary_roc_auc"": 0.0009507415241935296, ""f1"": 0.0013628829580928322, ""precision"": 0.0036150357794521425, ""recall"": -0.0009992862241256309}",3992.1631565093994,0.038524627685546875,3999.1124823093414,853.33984375,336,ok,,0.2.0,"{""mode"": ""best"", ""elapsed_time"": 3606.7902750968933, ""n_init_feats"": 14, ""n_added_feats"": 22, ""initial_metric"": null, ""final_metric"": 0.9274579882267007, ""pct_gain"": 0.0009657456397564207}"
167124,CIFAR_10,openml_task,amlb,multiclass,tabularaml,2,4500,,,,,,,,,,,,,,,4680,,,timeout,wall-clock exceeded 4680s,,
167124,CIFAR_10,openml_task,amlb,multiclass,tabularaml,3,4500,,,,,,,,,,,,,,,4680,,,timeout,wall-clock exceeded 4680s,,
adult,adult,pmlb,pmlb,classification,tabularaml,0,4500,39073,9769,14,23,9,0.9250014591038236,binary_roc_auc,True,0.9249504048595814,5.519673700773505e-05,"{""accuracy"": 0.8723513153845097, ""binary_crossentropy"": 0.2827465041430845, ""binary_roc_auc"": 0.9250014591038236, ""f1"": 0.9182241408476455, ""precision"": 0.8954975697097781, ""recall"": 0.9421343022460744}","{""accuracy"": 0.0017632537909955627, ""binary_crossentropy"": 0.0010350707447191083, ""binary_roc_auc"": 5.519673700773505e-05, ""f1"": 0.001149498081773466, ""precision"": 0.00033755998193407856, ""recall"": 0.0020037211965078126}",4101.848674297333,0.02168560028076172,4107.7924926280975,798.33984375,320,ok,,0.2.0,"{""mode"": ""best"", ""elapsed_time"": 3613.9582843780518, ""n_init_feats"": 14, ""n_added_feats"": 9, ""initial_metric"": null, ""final_metric"": 0.9302291283785081, ""pct_gain"": 0.0011680233622139073}"
167124,CIFAR_10,openml_task,amlb,multiclass,tabularaml,4,4500,,,,,,,,,,,,,,,4680,,,timeout,wall-clock exceeded 4680s,,
529_pollen,pollen,pmlb,pmlb,regression,tabularaml,2,4500,3078,770,4,12,8,1.4644466135802117,rmse,False,1.5843982974151207,0.07570803631296827,"{""mae"": 1.1535113389307463, ""mse"": 2.14460388402655, ""pearson"": 0.8930141357485256, ""r2"": 0.7958973820235531, ""rmse"": 1.4644466135802117, ""rmsle"": null}","{""mae"": 0.07443690698469259, ""mse"": 0.14568436586357075, ""pearson"": 0.022832872063218008, ""r2"": 0.045730490980631575, ""rmse"": 0.07570803631296827, ""rmsle"": null}",319.85764956474304,0.016796588897705078,324.31513476371765,342.01953125,95,ok,,0.2.0,"{""mode"": ""best"", ""elapsed_time"": 318.97020840644836, ""n_init_feats"": 4, ""n_added_feats"": 8, ""initial_metric"": null, ""final_metric"": 1.544573906294414, ""pct_gain"": 0.03545262007190259}"
adult,adult,pmlb,pmlb,classification,tabularaml,4,4500,39073,9769,14,31,17,0.925697396947267,binary_roc_auc,True,0.9254260957294134,0.00029316356984708075,"{""accuracy"": 0.8712253045338609, ""binary_crossentropy"": 0.27932945581218344, ""binary_roc_auc"": 0.925697396947267, ""f1"": 0.9175081917233449, ""precision"": 0.894743573345831, ""recall"": 0.9414614452954629}","{""accuracy"": 0.0017655367231638815, ""binary_crossentropy"": 0.002677397200215126, ""binary_roc_auc"": 0.00029316356984708075, ""f1"": 0.0010074771402615152, ""precision"": 0.0016931912077214801, ""recall"": 0.00028595939376600273}",4000.675299167633,0.04386162757873535,4006.9402463436127,813.96875,262,ok,,0.2.0,"{""mode"": ""best"", ""elapsed_time"": 3602.6638312339783, ""n_init_feats"": 14, ""n_added_feats"": 17, ""initial_metric"": null, ""final_metric"": 0.9297380678190403, ""pct_gain"": 0.0008145207260591141}"
spambase,spambase,pmlb,pmlb,classification,tabularaml,1,4500,3680,921,57,69,12,0.9881661186646524,binary_roc_auc,True,0.987366331941112,0.0008100202505062926,"{""accuracy"": 0.9489685124761241, ""binary_crossentropy"": 0.13240362388801402, ""binary_roc_auc"": 0.9881661186646524, ""f1"": 0.9351724087673151, ""precision"": 0.9364640883719209, ""recall"": 0.9338842974949343}","{""accuracy"": -0.001142857142857165, ""binary_crossentropy"": 0.028483083366884036, ""binary_roc_auc"": 0.0008100202505064052, ""f1"": -0.0011915935587387997, ""precision"": -0.005353231553596894, ""recall"": 0.002958579881656782}",3794.8763897418976,0.02077484130859375,3805.7663626670837,455.86328125,266,ok,,0.2.0,"{""mode"": ""best"", ""elapsed_time"": 3616.6127157211304, ""n_init_feats"": 57, ""n_added_feats"": 12, ""initial_metric"": null, ""final_metric"": 0.986858659374389, ""pct_gain"": 0.0009946713440928325}"
spambase,spambase,pmlb,pmlb,classification,tabularaml,3,4500,3680,921,57,66,9,0.9867590864658314,binary_roc_auc,True,0.988432714239166,-0.0016932136595891895,"{""accuracy"": 0.9500542888061884, ""binary_crossentropy"": 0.13611747023671825, ""binary_roc_auc"": 0.9867590864658314, ""f1"": 0.9366391134314975, ""precision"": 0.9366391184314975, ""recall"": 0.9366391184314975}","{""accuracy"": -0.005681818181818177, ""binary_crossentropy"": -0.07737742124511099, ""binary_roc_auc"": -0.0016932136595890774, ""f1"": -0.007217308690937396, ""precision"": -0.008586664088981049, ""recall"": -0.005847953216374342}",3760.7752537727356,0.029244422912597656,3780.0988190174103,459.703125,220,ok,,0.2.0,"{""mode"": ""best"", ""elapsed_time"": 3618.3327283859253, ""n_init_feats"": 57, ""n_added_feats"": 9, ""initial_metric"": null, ""final_metric"": 0.9861607514758418, ""pct_gain"": 0.0008935856156909527}"
spambase,spambase,pmlb,pmlb,classification,tabularaml,2,4500,3680,921,57,68,11,0.9889955271186943,binary_roc_auc,True,0.989247311827957,-0.0002545214995807539,"{""accuracy"": 0.9489685124761241, ""binary_crossentropy"": 0.12890663898565016, ""binary_roc_auc"": 0.9889955271186943, ""f1"": 0.9351724087673151, ""precision"": 0.9364640883719209, ""recall"": 0.9338842974949343}","{""accuracy"": -0.001142857142857165, ""binary_crossentropy"": -0.014706378350036853, ""binary_roc_auc"": -0.0002545214995807539, ""f1"": -0.0006217189952575693, ""precision"": -0.01321843819506659, ""recall"": 0.011940298507462716}",3832.6296167373657,0.017566680908203125,3837.033982038498,456.578125,442,ok,,0.2.0,"{""mode"": ""best"", ""elapsed_time"": 3615.501848459244, ""n_init_feats"": 57, ""n_added_feats"": 11, ""initial_metric"": null, ""final_metric"": 0.9863146547007527, ""pct_gain"": 0.0007651411702565252}"
581_fri_c3_500_25,Friedman-c3,pmlb,pmlb,regression,tabularaml,1,4500,400,100,25,73,48,0.29210926063029985,rmse,False,0.3267980578050114,0.10614750102159151,"{""mae"": 0.22528526884038003, ""mse"": 0.08532782014598043, ""pearson"": 0.9640157306242547, ""r2"": 0.9250300414875036, ""rmse"": 0.29210926063029985, ""rmsle"": null}","{""mae"": 0.07716713383038268, ""mse"": 0.2010277100700545, ""pearson"": 0.006349282939755107, ""r2"": 0.0208162852933195, ""rmse"": 0.10614750102159151, ""rmsle"": null}",442.54945135116577,0.08712387084960938,448.32544350624084,342.3046875,166,ok,,0.2.0,"{""mode"": ""best"", ""elapsed_time"": 438.33388924598694, ""n_init_feats"": 25, ""n_added_feats"": 48, ""initial_metric"": null, ""final_metric"": 0.32899015133011006, ""pct_gain"": 0.14006884227205657}"
167140,dna,openml_task,amlb,multiclass,tabularaml,4,4500,,,,,,,,,,,,,,,4680,,,timeout,wall-clock exceeded 4680s,,
581_fri_c3_500_25,Friedman-c3,pmlb,pmlb,regression,tabularaml,2,4500,400,100,25,68,43,0.3699806961797391,rmse,False,0.3611830035213164,-0.024357991856345768,"{""mae"": 0.2705453778611263, ""mse"": 0.1368857155456444, ""pearson"": 0.9299424945683097, ""r2"": 0.8630810743020498, ""rmse"": 0.3699806961797391, ""rmsle"": null}","{""mae"": 0.026725757877691846, ""mse"": -0.04930929547996513, ""pearson"": -0.006367479712409492, ""r2"": -0.007399656975393863, ""rmse"": -0.024357991856345768, ""rmsle"": null}",502.56257247924805,0.057294607162475586,508.8065810203552,340.4375,485,ok,,0.2.0,"{""mode"": ""best"", ""elapsed_time"": 501.1457643508911, ""n_init_feats"": 25, ""n_added_feats"": 43, ""initial_metric"": null, ""final_metric"": 0.3066023153570889, ""pct_gain"": 0.1413569956709911}"
adult,adult,pmlb,pmlb,classification,tabularaml,3,4500,39073,9769,14,28,14,0.9340786101825992,binary_roc_auc,True,0.933418358507623,0.0007073480706248554,"{""accuracy"": 0.8751151601997388, ""binary_crossentropy"": 0.26640874850381857, ""binary_roc_auc"": 0.9340786101825992, ""f1"": 0.9197157096629581, ""precision"": 0.8999356084985191, ""recall"": 0.9403848741744848}","{""accuracy"": -0.001518336837187548, ""binary_crossentropy"": 0.006712844551297821, ""binary_roc_auc"": 0.0007073480706248554, ""f1"": -0.001195024331203641, ""precision"": 0.0017522048446039532, ""recall"": -0.004274722143060644}",4332.12851190567,0.033377885818481445,4344.207306623459,810.17578125,330,ok,,0.2.0,"{""mode"": ""best"", ""elapsed_time"": 3617.291162252426, ""n_init_feats"": 14, ""n_added_feats"": 14, ""initial_metric"": null, ""final_metric"": 0.9275362313994672, ""pct_gain"": 0.0010932223031505047}"
581_fri_c3_500_25,Friedman-c3,pmlb,pmlb,regression,tabularaml,0,4500,400,100,25,66,41,0.2963999673761654,rmse,False,0.3266653933420662,0.09264962430289779,"{""mae"": 0.23779373213052168, ""mse"": 0.08785294066059192, ""pearson"": 0.9576811661660515, ""r2"": 0.9133655322543373, ""rmse"": 0.2963999673761654, ""rmsle"": null}","{""mae"": 0.0737153792461532, ""mse"": 0.17671529572232772, ""pearson"": 0.00567914929297464, ""r2"": 0.020782774277648536, ""rmse"": 0.09264962430289794, ""rmsle"": null}",549.0655817985535,0.07666778564453125,564.5407400131226,339.109375,483,ok,,0.2.0,"{""mode"": ""best"", ""elapsed_time"": 547.3437645435333, ""n_init_feats"": 25, ""n_added_feats"": 41, ""initial_metric"": null, ""final_metric"": 0.30361477667429965, ""pct_gain"": 0.11938541427743327}"
adult,adult,pmlb,pmlb,classification,tabularaml,2,4500,39073,9769,14,32,18,0.927269430226576,binary_roc_auc,True,0.9253598748635724,0.0020635813318414784,"{""accuracy"": 0.8699969290604258, ""binary_crossentropy"": 0.27782298281411644, ""binary_roc_auc"": 0.927269430226576, ""f1"": 0.9167758796679926, ""precision"": 0.8934729850544214, ""recall"": 0.9413268739053408}","{""accuracy"": -0.0002352664392423793, ""binary_crossentropy"": 0.01549845038103135, ""binary_roc_auc"": 0.0020635813318415986, ""f1"": -1.2102323414843477e-05, ""precision"": -0.0013824489149888528, ""recall"": 0.001431639226914877}",4508.926520586014,0.02670907974243164,4520.806452989578,835.77734375,295,ok,,0.2.0,"{""mode"": ""best"", ""elapsed_time"": 3605.5952365398407, ""n_init_feats"": 14, ""n_added_feats"": 18, ""initial_metric"": null, ""final_metric"": 0.9295481281754373, ""pct_gain"": 0.0007304400294623457}"
1028_SWD,SWD,pmlb,pmlb,regression,tabularaml,2,4500,800,200,10,25,15,0.626195871868829,rmse,False,0.6211146858325913,-0.008180753332899245,"{""mae"": 0.5095789694786071, ""mse"": 0.39212126994556284, ""pearson"": 0.5930036854386704, ""r2"": 0.33886145684443947, ""rmse"": 0.626195871868829, ""rmsle"": 0.13201934263443715}","{""mae"": -0.004764369510812384, ""mse"": -0.01642843139089218, ""pearson"": -0.007929495058074694, ""r2"": -0.030570724233253042, ""rmse"": -0.008180753332899245, ""rmsle"": -0.007025126488511446}",579.729748249054,0.03950762748718262,582.105925321579,344.60546875,52,ok,,0.2.0,"{""mode"": ""best"", ""elapsed_time"": 579.0426008701324, ""n_init_feats"": 10, ""n_added_feats"": 15, ""initial_metric"": null, ""final_metric"": 0.6726726208338413, ""pct_gain"": -0.005734277592784509}"
1028_SWD,SWD,pmlb,pmlb,regression,tabularaml,0,4500,800,200,10,26,16,0.6052397938173059,rmse,False,0.5992811670507572,-0.009942956819205373,"{""mae"": 0.501156690120697, ""mse"": 0.3663152080200149, ""pearson"": 0.6323672845973949, ""r2"": 0.39926168173504184, ""rmse"": 0.6052397938173059, ""rmsle"": 0.12970909996110838}","{""mae"": -0.01197879026947895, ""mse"": -0.01998477602871934, ""pearson"": -0.014832821249316376, ""r2"": -0.02863618885758053, ""rmse"": -0.009942956819205373, ""rmsle"": -0.010039030001629222}",597.4452741146088,0.03905224800109863,607.0581204891205,355.62109375,40,ok,,0.2.0,"{""mode"": ""best"", ""elapsed_time"": 596.4458804130554, ""n_init_feats"": 10, ""n_added_feats"": 16, ""initial_metric"": null, ""final_metric"": 0.65282005005587, ""pct_gain"": -0.0048387562610160174}"
1028_SWD,SWD,pmlb,pmlb,regression,tabularaml,1,4500,800,200,10,29,19,0.6719255218922051,rmse,False,0.6862052687228947,0.020809730676166,"{""mae"": 0.5442949509620667, ""mse"": 0.4514839069701122, ""pearson"": 0.5531375647860644, ""r2"": 0.2932035427652737, ""rmse"": 0.6719255218922051, ""rmsle"": 0.14288023605503195}","{""mae"": 0.0047924523309221785, ""mse"": 0.041186416461517585, ""pearson"": 0.005370374554376119, ""r2"": 0.11550966264930676, ""rmse"": 0.020809730676166, ""rmsle"": 0.018535370380555614}",592.4735476970673,0.04183840751647949,594.7488567829132,352.99609375,39,ok,,0.2.0,"{""mode"": ""best"", ""elapsed_time"": 591.1403894424438, ""n_init_feats"": 10, ""n_added_feats"": 19, ""initial_metric"": null, ""final_metric"": 0.6330495360672981, ""pct_gain"": -0.0025276064424109177}"
1113,KDD-Cup-98,openml_dataset,stress_test,regression,tabularaml,1,4500,,,39,,,,,,,,,,,,1.6661567687988281,,,crash,"ValueError: With n_samples=0, test_size=0.2 and train_size=None, the resulting train set will be empty. Adjust any of the aforementioned parameters.",,
1113,KDD-Cup-98,openml_dataset,stress_test,regression,tabularaml,0,4500,,,39,,,,,,,,,,,,2.2428009510040283,,,crash,"ValueError: With n_samples=0, test_size=0.2 and train_size=None, the resulting train set will be empty. Adjust any of the aforementioned parameters.",,
1113,KDD-Cup-98,openml_dataset,stress_test,regression,tabularaml,2,4500,,,39,,,,,,,,,,,,1.7874891757965088,,,crash,"ValueError: With n_samples=0, test_size=0.2 and train_size=None, the resulting train set will be empty. Adjust any of the aforementioned parameters.",,
1113,KDD-Cup-98,openml_dataset,stress_test,regression,tabularaml,3,4500,,,39,,,,,,,,,,,,1.729311227798462,,,crash,"ValueError: With n_samples=0, test_size=0.2 and train_size=None, the resulting train set will be empty. Adjust any of the aforementioned parameters.",,
23380,Mercedes-Greener,openml_dataset,stress_test,regression,tabularaml,0,4500,,,29,,,,,,,,,,,,0.09580612182617188,,,crash,"ValueError: With n_samples=0, test_size=0.2 and train_size=None, the resulting train set will be empty. Adjust any of the aforementioned parameters.",,
1113,KDD-Cup-98,openml_dataset,stress_test,regression,tabularaml,4,4500,,,39,,,,,,,,,,,,1.696526050567627,,,crash,"ValueError: With n_samples=0, test_size=0.2 and train_size=None, the resulting train set will be empty. Adjust any of the aforementioned parameters.",,
23380,Mercedes-Greener,openml_dataset,stress_test,regression,tabularaml,1,4500,,,29,,,,,,,,,,,,0.08322811126708984,,,crash,"ValueError: With n_samples=0, test_size=0.2 and train_size=None, the resulting train set will be empty. Adjust any of the aforementioned parameters.",,
23380,Mercedes-Greener,openml_dataset,stress_test,regression,tabularaml,2,4500,,,29,,,,,,,,,,,,0.08446550369262695,,,crash,"ValueError: With n_samples=0, test_size=0.2 and train_size=None, the resulting train set will be empty. Adjust any of the aforementioned parameters.",,
23380,Mercedes-Greener,openml_dataset,stress_test,regression,tabularaml,3,4500,,,29,,,,,,,,,,,,0.08005523681640625,,,crash,"ValueError: With n_samples=0, test_size=0.2 and train_size=None, the resulting train set will be empty. Adjust any of the aforementioned parameters.",,
23380,Mercedes-Greener,openml_dataset,stress_test,regression,tabularaml,4,4500,,,29,,,,,,,,,,,,0.08722805976867676,,,crash,"ValueError: With n_samples=0, test_size=0.2 and train_size=None, the resulting train set will be empty. Adjust any of the aforementioned parameters.",,
41207,Allstate-Claims,openml_dataset,stress_test,regression,tabularaml,1,4500,,,,,,,,,,,,,,,,,,dataset_fetch_failed,OpenML dataset 41207 could not be loaded: list index out of range,,
41207,Allstate-Claims,openml_dataset,stress_test,regression,tabularaml,0,4500,,,,,,,,,,,,,,,,,,dataset_fetch_failed,OpenML dataset 41207 could not be loaded: list index out of range,,
41207,Allstate-Claims,openml_dataset,stress_test,regression,tabularaml,2,4500,,,,,,,,,,,,,,,,,,dataset_fetch_failed,OpenML dataset 41207 could not be loaded: list index out of range,,
41207,Allstate-Claims,openml_dataset,stress_test,regression,tabularaml,3,4500,,,,,,,,,,,,,,,,,,dataset_fetch_failed,OpenML dataset 41207 could not be loaded: list index out of range,,
41207,Allstate-Claims,openml_dataset,stress_test,regression,tabularaml,4,4500,,,,,,,,,,,,,,,,,,dataset_fetch_failed,OpenML dataset 41207 could not be loaded: list index out of range,,
vehicle,vehicle,pmlb,pmlb,multiclass,tabularaml,3,4500,676,170,18,53,35,0.5658854986157488,categorical_crossentropy,False,0.4892063162070425,-0.15674201225205356,"{""accuracy"": 0.8558823528908305, ""categorical_crossentropy"": 0.5658854986157488, ""categorical_roc_auc"": 0.9238889192404817, ""f1"": 0.7118905733939501, ""precision"": 0.7107424894595971, ""recall"": 0.7139610387922177}","{""accuracy"": -0.029999999999999902, ""categorical_crossentropy"": -0.15674201225205356, ""categorical_roc_auc"": -0.008188315128688716, ""f1"": -0.06566688679739892, ""precision"": -0.06415837781879788, ""recall"": -0.06782534972480503}",1203.6133785247803,0.057083845138549805,1209.4259929656982,344.92578125,76,ok,,0.2.0,"{""mode"": ""best"", ""elapsed_time"": 1139.0342853069305, ""n_init_feats"": 18, ""n_added_feats"": 35, ""initial_metric"": null, ""final_metric"": 0.5739425603347852, ""pct_gain"": 0.1443563918959759}"
1028_SWD,SWD,pmlb,pmlb,regression,tabularaml,3,4500,800,200,10,28,18,0.6622686152117818,rmse,False,0.6518046238344921,-0.016053877181372602,"{""mae"": 0.5392088925838471, ""mse"": 0.4385997186945312, ""pearson"": 0.640760084877133, ""r2"": 0.3950140091802734, ""rmse"": 0.6622686152117818, ""rmsle"": 0.14571929207589288}","{""mae"": -0.02693921716598998, ""mse"": -0.03236548133529998, ""pearson"": -0.016198917441398925, ""r2"": -0.045815635117100635, ""rmse"": -0.016053877181372602, ""rmsle"": -0.018531098695076548}",646.0776264667511,0.026518821716308594,654.1560275554657,350.82421875,32,ok,,0.2.0,"{""mode"": ""best"", ""elapsed_time"": 645.3944025039673, ""n_init_feats"": 10, ""n_added_feats"": 18, ""initial_metric"": null, ""final_metric"": 0.6769587264184127, ""pct_gain"": -0.005634523450273983}"
581_fri_c3_500_25,Friedman-c3,pmlb,pmlb,regression,tabularaml,4,4500,400,100,25,73,48,0.34095525778109864,rmse,False,0.327753061229885,-0.040280925223620256,"{""mae"": 0.2514878203814442, ""mse"": 0.11625048780857541, ""pearson"": 0.933607120573089, ""r2"": 0.8716012809913892, ""rmse"": 0.34095525778109864, ""rmsle"": null}","{""mae"": 0.007825022203604032, ""mse"": -0.08218440338411089, ""pearson"": -0.009611775073693738, ""r2"": -0.011063672153892765, ""rmse"": -0.04028092522362008, ""rmsle"": null}",791.5540034770966,0.06060218811035156,803.8054504394531,341.94140625,236,ok,,0.2.0,"{""mode"": ""best"", ""elapsed_time"": 790.2467396259308, ""n_init_feats"": 25, ""n_added_feats"": 48, ""initial_metric"": null, ""final_metric"": 0.30169495780127425, ""pct_gain"": 0.18968133858064246}"
mushroom,mushroom,pmlb,pmlb,classification,tabularaml,1,4500,,,,,,,,,,,,,,,4680,,,timeout,wall-clock exceeded 4680s,,
1028_SWD,SWD,pmlb,pmlb,regression,tabularaml,4,4500,800,200,10,21,11,0.6258882092229445,rmse,False,0.6234681010291124,-0.0038816872745171737,"{""mae"": 0.49848650336265565, ""mse"": 0.39173605044430443, ""pearson"": 0.6658239899103078, ""r2"": 0.4412550984962139, ""rmse"": 0.6258882092229445, ""rmsle"": 0.13312529034968398}","{""mae"": -0.002019051649317023, ""mse"": -0.007778442045131763, ""pearson"": -0.005078974971122928, ""r2"": -0.009678931398132211, ""rmse"": -0.0038816872745171737, ""rmsle"": -0.0027326023928693857}",816.6292135715485,0.0268094539642334,834.881977558136,355.796875,94,ok,,0.2.0,"{""mode"": ""best"", ""elapsed_time"": 815.7880260944366, ""n_init_feats"": 10, ""n_added_feats"": 11, ""initial_metric"": null, ""final_metric"": 0.683704175716913, ""pct_gain"": -0.0067340069633046494}"
spambase,spambase,pmlb,pmlb,classification,tabularaml,4,4500,,,,,,,,,,,,,,,4680,,,timeout,wall-clock exceeded 4680s,,
vehicle,vehicle,pmlb,pmlb,multiclass,tabularaml,1,4500,676,170,18,54,36,0.5484045977895969,categorical_crossentropy,False,0.5372674297253766,-0.020729282007496953,"{""accuracy"": 0.876470588183737, ""categorical_crossentropy"": 0.5484045977895969, ""categorical_roc_auc"": 0.9322124403374404, ""f1"": 0.7418463956548083, ""precision"": 0.7472527470673289, ""recall"": 0.7537337660559058}","{""accuracy"": -0.0033444816053512013, ""categorical_crossentropy"": -0.020729282007496953, ""categorical_roc_auc"": 0.004624722075427913, ""f1"": -0.012793890921822475, ""precision"": -0.005041730618995501, ""recall"": -0.008929524351355064}",1670.8937969207764,0.03745412826538086,1674.4960505962372,345.99609375,158,ok,,0.2.0,"{""mode"": ""best"", ""elapsed_time"": 1626.045073747635, ""n_init_feats"": 18, ""n_added_feats"": 36, ""initial_metric"": null, ""final_metric"": 0.5242053259956678, ""pct_gain"": 0.19118449743158483}"
vehicle,vehicle,pmlb,pmlb,multiclass,tabularaml,2,4500,676,170,18,54,36,0.49585596879067667,categorical_crossentropy,False,0.5285705975174685,0.061892638146053225,"{""accuracy"": 0.8852941175949827, ""categorical_crossentropy"": 0.49585596879067667, ""categorical_roc_auc"": 0.938032631431069, ""f1"": 0.7667832575290388, ""precision"": 0.7634403808674992, ""recall"": 0.7721320344496706}","{""accuracy"": 0.023809523809523905, ""categorical_crossentropy"": 0.061892638146053225, ""categorical_roc_auc"": 0.014810538820280961, ""f1"": 0.04898473992054346, ""precision"": 0.04416897497577665, ""recall"": 0.0559461259529022}",1740.3942217826843,0.040650129318237305,1751.1381039619446,349.35546875,117,ok,,0.2.0,"{""mode"": ""best"", ""elapsed_time"": 1691.6706545352936, ""n_init_feats"": 18, ""n_added_feats"": 36, ""initial_metric"": null, ""final_metric"": 0.5335062488664459, ""pct_gain"": 0.2420031055347686}"
1193_BNG_lowbwt,BNG-lowbwt,pmlb,pmlb,regression,tabularaml,0,4500,24883,6221,9,26,17,444.90689094828264,rmse,False,445.0044680697531,0.00021927222864461245,"{""mae"": 350.5721321492271, ""mse"": 197942.14161326704, ""pearson"": 0.7907606136106117, ""r2"": 0.6252675276995916, ""rmse"": 444.90689094828264, ""rmsle"": 0.17039961130777445}","{""mae"": 0.0014073238295103743, ""mse"": 0.0004384963769790047, ""pearson"": 0.00012644130120961699, ""r2"": 0.0002629820690186099, ""rmse"": 0.00021927222864461245, ""rmsle"": 0.00010894173732421739}",1451.2057836055756,0.06482243537902832,1462.4451184272766,561.34375,126,ok,,0.2.0,"{""mode"": ""best"", ""elapsed_time"": 1440.707698583603, ""n_init_feats"": 9, ""n_added_feats"": 17, ""initial_metric"": null, ""final_metric"": 455.75338201726265, ""pct_gain"": 0.0008118620522650715}"
1193_BNG_lowbwt,BNG-lowbwt,pmlb,pmlb,regression,tabularaml,4,4500,24883,6221,9,23,14,455.6455187580275,rmse,False,456.1784179679472,0.001168181546802512,"{""mae"": 360.26021089417395, ""mse"": 207612.83876427196, ""pearson"": 0.7789849072633224, ""r2"": 0.6067716230635068, ""rmse"": 455.6455187580275, ""rmsle"": 0.16840823918117862}","{""mae"": 0.0019074207281832743, ""mse"": 0.002334998445478781, ""pearson"": 0.0007821798361835904, ""r2"": 0.001519080101152058, ""rmse"": 0.001168181546802512, ""rmsle"": 0.0011439900914998818}",1405.0861067771912,0.032032012939453125,1425.112069606781,520.71484375,99,ok,,0.2.0,"{""mode"": ""best"", ""elapsed_time"": 1398.7185688018799, ""n_init_feats"": 9, ""n_added_feats"": 14, ""initial_metric"": null, ""final_metric"": 450.5001911558508, ""pct_gain"": -0.001069271695263218}"
kr_vs_kp,kr-vs-kp,pmlb,pmlb,classification,tabularaml,4,4500,,,,,,,,,,,,,,,4680,,,timeout,wall-clock exceeded 4680s,,
503_wind,wind,pmlb,pmlb,regression,tabularaml,2,4500,5259,1315,14,42,28,2.9778488390960063,rmse,False,2.985540099602209,0.002576170558629409,"{""mae"": 2.2860997529990774, ""mse"": 8.867583708505432, ""pearson"": 0.8935174522531836, ""r2"": 0.7978996062367072, ""rmse"": 2.9778488390960063, ""rmsle"": 0.2202662802581164}","{""mae"": 0.012549112762036454, ""mse"": 0.0051457044625117495, ""pearson"": 0.0006846870357959051, ""r2"": 0.0013118180758692139, ""rmse"": 0.002576170558629409, ""rmsle"": 0.0019501606651478628}",1559.336234331131,0.04965496063232422,1568.631548166275,400.03515625,197,ok,,0.2.0,"{""mode"": ""best"", ""elapsed_time"": 1554.5093972682953, ""n_init_feats"": 14, ""n_added_feats"": 28, ""initial_metric"": null, ""final_metric"": 3.131978507791367, ""pct_gain"": 0.01036426538055186}"
monk2,monk2,pmlb,stress_test,classification,tabularaml,1,4500,480,121,6,18,12,1.0,binary_roc_auc,True,0.9902439024390244,0.009852216748768482,"{""accuracy"": 0.9917355371081211, ""binary_crossentropy"": 0.03879271060812108, ""binary_roc_auc"": 1.0, ""f1"": 0.9879518019915808, ""precision"": 0.9761904759580499, ""recall"": 0.9999999997560975}","{""accuracy"": 0.05263157894736851, ""binary_crossentropy"": 0.7216626256879848, ""binary_roc_auc"": 0.009852216748768482, ""f1"": 0.08140670836459524, ""precision"": 0.05534105535361887, ""recall"": 0.10810810810810816}",42.059568643569946,0.01932501792907715,51.79032254219055,331.8046875,544,ok,,0.2.0,"{""mode"": ""best"", ""elapsed_time"": 39.384458780288696, ""n_init_feats"": 6, ""n_added_feats"": 12, ""initial_metric"": null, ""final_metric"": 0.9998830409356725, ""pct_gain"": 0.10074581580617786}"
503_wind,wind,pmlb,pmlb,regression,tabularaml,4,4500,5259,1315,14,36,22,3.057457804659496,rmse,False,3.045161175952676,-0.004038087968520283,"{""mae"": 2.330062761052933, ""mse"": 9.348048227273264, ""pearson"": 0.8871756795672181, ""r2"": 0.7870646829636555, ""rmse"": 3.057457804659496, ""rmsle"": 0.21698328034717118}","{""mae"": -0.008165707349216239, ""mse"": -0.008092482091482169, ""pearson"": -0.0011380779410708826, ""r2"": -0.00216708760920395, ""rmse"": -0.004038087968520283, ""rmsle"": -0.00626183478524099}",1579.0777559280396,0.03718709945678711,1584.5304472446442,395.5546875,194,ok,,0.2.0,"{""mode"": ""best"", ""elapsed_time"": 1575.426423549652, ""n_init_feats"": 14, ""n_added_feats"": 22, ""initial_metric"": null, ""final_metric"": 3.156145947335547, ""pct_gain"": -0.0019341058266852602}"
monk2,monk2,pmlb,stress_test,classification,tabularaml,2,4500,480,121,6,12,6,0.9942073170731707,binary_roc_auc,True,0.9359756097560976,0.062214983713354925,"{""accuracy"": 0.9834710742988867, ""binary_crossentropy"": 0.11221823090406458, ""binary_roc_auc"": 0.9942073170731707, ""f1"": 0.9761904709608844, ""precision"": 0.9534883718712818, ""recall"": 0.9999999997560975}","{""accuracy"": 0.1018518518518518, ""binary_crossentropy"": 0.629521014050718, ""binary_roc_auc"": 0.06221498371335505, ""f1"": 0.18087557710582175, ""precision"": 0.045761440424466546, ""recall"": 0.3225806451612903}",122.07716131210327,0.022504329681396484,131.8605535030365,332.3203125,205,ok,,0.2.0,"{""mode"": ""best"", ""elapsed_time"": 120.16383981704712, ""n_init_feats"": 6, ""n_added_feats"": 6, ""initial_metric"": null, ""final_metric"": 0.9933851871056951, ""pct_gain"": 0.08054368995324046}"
vehicle,vehicle,pmlb,pmlb,multiclass,tabularaml,0,4500,676,170,18,53,35,0.5583695429565577,categorical_crossentropy,False,0.5225126170114998,-0.06862403849717719,"{""accuracy"": 0.8794117646541522, ""categorical_crossentropy"": 0.5583695429565577, ""categorical_roc_auc"": 0.9346701605685981, ""f1"": 0.7549739886719266, ""precision"": 0.7516447366656954, ""recall"": 0.761011904582017}","{""accuracy"": -1.262460964530962e-16, ""categorical_crossentropy"": -0.06862403849717719, ""categorical_roc_auc"": 0.004368375362090176, ""f1"": -0.0025630133710542605, ""precision"": -0.002951345385734893, ""recall"": 0.0}",2030.7980072498322,0.062346458435058594,2035.7794289588928,351.859375,395,ok,,0.2.0,"{""mode"": ""best"", ""elapsed_time"": 1983.8620443344116, ""n_init_feats"": 18, ""n_added_feats"": 35, ""initial_metric"": null, ""final_metric"": 0.6543765075071979, ""pct_gain"": 0.045159922060259046}"
monk2,monk2,pmlb,stress_test,classification,tabularaml,3,4500,480,121,6,15,9,1.0,binary_roc_auc,True,0.9759146341463414,0.024679787566385586,"{""accuracy"": 0.9999999999173554, ""binary_crossentropy"": 0.029578159875496973, ""binary_roc_auc"": 1.0, ""f1"": 0.9999999947560976, ""precision"": 0.9999999997560975, ""recall"": 0.9999999997560975}","{""accuracy"": 0.04310344827586206, ""binary_crossentropy"": 0.822989664386351, ""binary_roc_auc"": 0.024679787566385586, ""f1"": 0.06410256443967385, ""precision"": 0.07692307691682301, ""recall"": 0.0512820512820513}",103.65253686904907,0.0231781005859375,137.22965717315674,339.42578125,1733,ok,,0.2.0,"{""mode"": ""best"", ""elapsed_time"": 100.04559183120728, ""n_init_feats"": 6, ""n_added_feats"": 9, ""initial_metric"": null, ""final_metric"": 0.9984795321637427, ""pct_gain"": 0.12188420835615026}"
monk2,monk2,pmlb,stress_test,classification,tabularaml,0,4500,480,121,6,11,5,1.0,binary_roc_auc,True,0.9539634146341462,0.04825822946628326,"{""accuracy"": 0.9834710742988867, ""binary_crossentropy"": 0.03672462323121145, ""binary_roc_auc"": 1.0, ""f1"": 0.9761904709608844, ""precision"": 0.9534883718712818, ""recall"": 0.9999999997560975}","{""accuracy"": 0.05309734513274333, ""binary_crossentropy"": 0.8435400354125641, ""binary_roc_auc"": 0.04825822946628326, ""f1"": 0.07894736885709344, ""precision"": 0.0789473684210526, ""recall"": 0.0789473684210526}",212.48681616783142,0.022811174392700195,222.6964168548584,344.19140625,1877,ok,,0.2.0,"{""mode"": ""best"", ""elapsed_time"": 209.54380750656128, ""n_init_feats"": 6, ""n_added_feats"": 5, ""initial_metric"": null, ""final_metric"": 0.9992740471869329, ""pct_gain"": 0.10114625246114109}"
nursery,nursery,pmlb,pmlb,multiclass,tabularaml,0,4500,10366,2592,8,24,16,0.0008442439288651874,categorical_crossentropy,False,0.0020316997688877,0.5844642295119284,"{""accuracy"": 0.999999999996142, ""categorical_crossentropy"": 0.0008442439288651874, ""categorical_roc_auc"": 1.0, ""f1"": 0.9999999949532068, ""precision"": 0.9999999999532065, ""recall"": 0.9999999999532065}","{""accuracy"": 0.0, ""categorical_crossentropy"": 0.584464229511938, ""categorical_roc_auc"": 0.0, ""f1"": 0.0, ""precision"": 0.0, ""recall"": 0.0}",1938.275253534317,0.03143167495727539,3653.594980239868,431.80859375,1999,ok,,0.2.0,"{""mode"": ""best"", ""elapsed_time"": 1825.761468410492, ""n_init_feats"": 8, ""n_added_feats"": 16, ""initial_metric"": null, ""final_metric"": 0.001682566543551658, ""pct_gain"": 0.7984677076577966}"
1193_BNG_lowbwt,BNG-lowbwt,pmlb,pmlb,regression,tabularaml,1,4500,24883,6221,9,22,13,451.9844528844408,rmse,False,451.3087170110411,-0.0014972807923477338,"{""mae"": 358.7661876693797, ""mse"": 204289.94564924733, ""pearson"": 0.7779717686205704, ""r2"": 0.6051657007429319, ""rmse"": 451.9844528844408, ""rmsle"": 0.16749977840107785}","{""mae"": -0.0001230547670873391, ""mse"": -0.0029968034344666898, ""pearson"": -0.0009359367753017471, ""r2"": -0.0019455996973363223, ""rmse"": -0.0014972807923477338, ""rmsle"": -0.0014641726129903704}",1753.291887998581,0.02379894256591797,1756.1365702152252,579.73046875,102,ok,,0.2.0,"{""mode"": ""best"", ""elapsed_time"": 1744.07724070549, ""n_init_feats"": 9, ""n_added_feats"": 13, ""initial_metric"": null, ""final_metric"": 452.19473779285926, ""pct_gain"": 0.0002730550511380696}"
503_wind,wind,pmlb,pmlb,regression,tabularaml,3,4500,5259,1315,14,41,27,3.002805212833466,rmse,False,2.966718495874886,-0.012163849387381173,"{""mae"": 2.323229946020438, ""mse"": 9.016839146219837, ""pearson"": 0.8917938220269749, ""r2"": 0.7945460261915891, ""rmse"": 3.002805212833466, ""rmsle"": 0.21413787499896206}","{""mae"": -0.015855739226973475, ""mse"": -0.02447565800668145, ""pearson"": -0.0029369412181527014, ""r2"": -0.006139790064253076, ""rmse"": -0.012163849387381173, ""rmsle"": -0.003486288734077921}",1867.3202435970306,0.04382801055908203,1873.0203878879547,415.80078125,210,ok,,0.2.0,"{""mode"": ""best"", ""elapsed_time"": 1861.6056740283966, ""n_init_feats"": 14, ""n_added_feats"": 27, ""initial_metric"": null, ""final_metric"": 3.041923240149079, ""pct_gain"": 0.01578597505206864}"
1193_BNG_lowbwt,BNG-lowbwt,pmlb,pmlb,regression,tabularaml,3,4500,24883,6221,9,27,18,450.53681714449345,rmse,False,450.1407188400256,-0.000879943288597737,"{""mae"": 354.8111088085435, ""mse"": 202983.42360269075, ""pearson"": 0.783900370070236, ""r2"": 0.6142129174900615, ""rmse"": 450.53681714449345, ""rmsle"": 0.16952861880959905}","{""mae"": -0.0015438828285552302, ""mse"": -0.001760660877386675, ""pearson"": -0.0005550583502948784, ""r2"": -0.001102709997686334, ""rmse"": -0.000879943288597737, ""rmsle"": -0.0006183152092836187}",1883.3351514339447,0.03144264221191406,1887.340330839157,607.05078125,83,ok,,0.2.0,"{""mode"": ""best"", ""elapsed_time"": 1871.6476082801819, ""n_init_feats"": 9, ""n_added_feats"": 18, ""initial_metric"": null, ""final_metric"": 454.4218041107908, ""pct_gain"": -0.001998203254717042}"
waveform_21,waveform-21,pmlb,pmlb,multiclass,tabularaml,1,4500,4000,1000,21,26,5,0.31456966571579686,categorical_crossentropy,False,0.3122642285790061,-0.007382969055667762,"{""accuracy"": 0.8993333333243401, ""categorical_crossentropy"": 0.31456966571579686, ""categorical_roc_auc"": 0.9694711875214622, ""f1"": 0.8487111602548826, ""precision"": 0.8490207483499455, ""recall"": 0.8489029505436082}","{""accuracy"": -0.0022189349112425, ""categorical_crossentropy"": -0.007382969055667582, ""categorical_roc_auc"": -0.0005803618283689028, ""f1"": -0.0035794778625088176, ""precision"": -0.0035742065994867366, ""recall"": -0.0034656993274498294}",3718.7685799598694,0.016185998916625977,3730.3172817230225,401.375,174,ok,,0.2.0,"{""mode"": ""best"", ""elapsed_time"": 3612.138195514679, ""n_init_feats"": 21, ""n_added_feats"": 5, ""initial_metric"": null, ""final_metric"": 0.41049981040756744, ""pct_gain"": 0.005593296676621483}"
1193_BNG_lowbwt,BNG-lowbwt,pmlb,pmlb,regression,tabularaml,2,4500,24883,6221,9,26,17,449.62090216798947,rmse,False,449.2403380489895,-0.0008471281110969253,"{""mae"": 357.3265097562455, ""mse"": 202158.95566635678, ""pearson"": 0.7858916800085353, ""r2"": 0.6174167374597175, ""rmse"": 449.62090216798947, ""rmsle"": 0.17043190777735232}","{""mae"": 0.0003710665628346244, ""mse"": -0.0016949738482305605, ""pearson"": -0.00043798645400594337, ""r2"": -0.0010474177970347838, ""rmse"": -0.0008471281110969253, ""rmsle"": -0.0012352912225839867}",2008.6296699047089,0.03667807579040527,2012.9912853240967,638.19140625,87,ok,,0.2.0,"{""mode"": ""best"", ""elapsed_time"": 1999.9245603084564, ""n_init_feats"": 9, ""n_added_feats"": 17, ""initial_metric"": null, ""final_metric"": 454.0782400980435, ""pct_gain"": -0.0007767199350421278}"
waveform_21,waveform-21,pmlb,pmlb,multiclass,tabularaml,2,4500,4000,1000,21,43,22,0.3110778530157404,categorical_crossentropy,False,0.3105980402177665,-0.0015448030439520054,"{""accuracy"": 0.9053333333242799, ""categorical_crossentropy"": 0.3110778530157404, ""categorical_roc_auc"": 0.9698504287014127, ""f1"": 0.8576132039803999, ""precision"": 0.8580131283208684, ""recall"": 0.8578812114543929}","{""accuracy"": -0.005856515373352867, ""categorical_crossentropy"": -0.0015448030439518263, ""categorical_roc_auc"": 2.19598045249998e-05, ""f1"": -0.009186887794243606, ""precision"": -0.0099437236857523, ""recall"": -0.00916776567218174}",3824.3147716522217,0.03827857971191406,3832.4005012512207,400.62890625,211,ok,,0.2.0,"{""mode"": ""best"", ""elapsed_time"": 3614.86860370636, ""n_init_feats"": 21, ""n_added_feats"": 22, ""initial_metric"": null, ""final_metric"": 0.395899964960858, ""pct_gain"": -0.0002567315497747119}"
waveform_21,waveform-21,pmlb,pmlb,multiclass,tabularaml,0,4500,4000,1000,21,34,13,0.3400752635735553,categorical_crossentropy,False,0.3320010307165794,-0.02431990298207434,"{""accuracy"": 0.89199999999108, ""categorical_crossentropy"": 0.3400752635735553, ""categorical_roc_auc"": 0.9640068433456408, ""f1"": 0.8371649114344674, ""precision"": 0.8383815459173932, ""recall"": 0.8378264652085314}","{""accuracy"": -0.008154188287620368, ""categorical_crossentropy"": -0.02431990298207434, ""categorical_roc_auc"": -0.001116421347057835, ""f1"": -0.013188611147214044, ""precision"": -0.01280973302995211, ""recall"": -0.013063656543046887}",3865.477325439453,0.04390430450439453,3873.1701471805573,403.5,195,ok,,0.2.0,"{""mode"": ""best"", ""elapsed_time"": 3625.1515624523163, ""n_init_feats"": 21, ""n_added_feats"": 13, ""initial_metric"": null, ""final_metric"": 0.4078277509044824, ""pct_gain"": 0.0011791908877455313}"
waveform_21,waveform-21,pmlb,pmlb,multiclass,tabularaml,4,4500,4000,1000,21,33,12,0.3219620630170684,categorical_crossentropy,False,0.3260233382100705,0.01245700757282977,"{""accuracy"": 0.89933333332434, ""categorical_crossentropy"": 0.3219620630170684, ""categorical_roc_auc"": 0.9679431044661234, ""f1"": 0.8484723135117992, ""precision"": 0.8491431981136874, ""recall"": 0.8487992910679537}","{""accuracy"": 0.0007418397626112002, ""categorical_crossentropy"": 0.01245700757282977, ""categorical_roc_auc"": 0.0009017952040663636, ""f1"": 0.0011877622390153977, ""precision"": 0.0008906262516231965, ""recall"": 0.0011734556545701144}",3763.6766226291656,0.03560233116149902,3769.01682639122,389.4921875,170,ok,,0.2.0,"{""mode"": ""best"", ""elapsed_time"": 3617.6830348968506, ""n_init_feats"": 21, ""n_added_feats"": 12, ""initial_metric"": null, ""final_metric"": 0.3857020120587895, ""pct_gain"": 0.04485540396808773}"
letter,letter,pmlb,pmlb,multiclass,tabularaml,0,4500,16000,4000,16,18,2,0.11801894111614268,categorical_crossentropy,False,0.1168305045501175,-0.010172313905529487,"{""accuracy"": 0.9969999999975075, ""categorical_crossentropy"": 0.11801894111614268, ""categorical_roc_auc"": 0.9996653731687943, ""f1"": 0.9607381054963651, ""precision"": 0.9612900774012535, ""recall"": 0.9606837580444001}","{""accuracy"": 1.9289007194794383e-05, ""categorical_crossentropy"": -0.010172313905528767, ""categorical_roc_auc"": -6.122394148775835e-06, ""f1"": 0.0002333798338898345, ""precision"": 0.0003086121344577895, ""recall"": 0.00022025669892935656}",3691.1231231689453,0.007973909378051758,3737.8291413784027,618.15625,971,ok,,0.2.0,"{""mode"": ""best"", ""elapsed_time"": 3645.076788663864, ""n_init_feats"": 16, ""n_added_feats"": 2, ""initial_metric"": null, ""final_metric"": 0.162753852263167, ""pct_gain"": 0.02543092899723085}"
letter,letter,pmlb,pmlb,multiclass,tabularaml,1,4500,16000,4000,16,19,3,0.12243114334373706,categorical_crossentropy,False,0.1155606983529794,-0.05945312799834361,"{""accuracy"": 0.9970192307667382, ""categorical_crossentropy"": 0.12243114334373706, ""categorical_roc_auc"": 0.9995492537477457, ""f1"": 0.9611663822638784, ""precision"": 0.9616382997176927, ""recall"": 0.9610852318564187}","{""accuracy"": -7.714710023346013e-05, ""categorical_crossentropy"": -0.05945312799834285, ""categorical_roc_auc"": -2.401907691202213e-05, ""f1"": -0.0010091401228347451, ""precision"": -0.0009067897669717413, ""recall"": -0.001045359590654289}",3693.0654468536377,0.007487773895263672,3754.9411499500275,672.03515625,1776,ok,,0.2.0,"{""mode"": ""best"", ""elapsed_time"": 3657.6529808044434, ""n_init_feats"": 16, ""n_added_feats"": 3, ""initial_metric"": null, ""final_metric"": 0.15755536142573434, ""pct_gain"": 0.037365731376854915}"
503_wind,wind,pmlb,pmlb,regression,tabularaml,1,4500,5259,1315,14,40,26,3.014183850947021,rmse,False,2.9842687326630206,-0.01002427092325075,"{""mae"": 2.3346074728004833, ""mse"": 9.085304287309812, ""pearson"": 0.8859597875383374, ""r2"": 0.7847055100934343, ""rmse"": 3.014183850947021, ""rmsle"": 0.21592679679013832}","{""mae"": -0.01616687426478001, ""mse"": -0.020149027854044058, ""pearson"": -0.002578142848793316, ""r2"": -0.005389762335206892, ""rmse"": -0.01002427092325075, ""rmsle"": -0.009942792078733474}",2249.5697576999664,0.0379183292388916,2254.151041507721,406.8515625,194,ok,,0.2.0,"{""mode"": ""best"", ""elapsed_time"": 2245.511393070221, ""n_init_feats"": 14, ""n_added_feats"": 26, ""initial_metric"": null, ""final_metric"": 3.120563598537829, ""pct_gain"": 0.0001112524703684003}"
letter,letter,pmlb,pmlb,multiclass,tabularaml,3,4500,16000,4000,16,20,4,0.11521243396175007,categorical_crossentropy,False,0.1149115855404337,-0.0026180860694026203,"{""accuracy"": 0.9973269230744297, ""categorical_crossentropy"": 0.11521243396175007, ""categorical_roc_auc"": 0.9996241293801963, ""f1"": 0.9652394701900252, ""precision"": 0.9655158075442196, ""recall"": 0.9652170654630972}","{""accuracy"": 1.9282684149628333e-05, ""categorical_crossentropy"": -0.0026180860694026203, ""categorical_roc_auc"": 1.8537790240035758e-06, ""f1"": 0.0002606472040715928, ""precision"": 0.00012918877950585906, ""recall"": 0.0002912816698594216}",3683.3197782039642,0.008473634719848633,3734.7389628887177,695.31640625,1507,ok,,0.2.0,"{""mode"": ""best"", ""elapsed_time"": 3648.457980155945, ""n_init_feats"": 16, ""n_added_feats"": 4, ""initial_metric"": null, ""final_metric"": 0.17101168969325914, ""pct_gain"": 0.022691593892314135}"
waveform_21,waveform-21,pmlb,pmlb,multiclass,tabularaml,3,4500,4000,1000,21,31,10,0.3198920341638732,categorical_crossentropy,False,0.3170000791949569,-0.009122884058138488,"{""accuracy"": 0.90399999999096, ""categorical_crossentropy"": 0.3198920341638732, ""categorical_roc_auc"": 0.9683243350131702, ""f1"": 0.8557141399782914, ""precision"": 0.8560471341614836, ""recall"": 0.8557883612990511}","{""accuracy"": -0.00147275405007361, ""categorical_crossentropy"": -0.009122884058138311, ""categorical_roc_auc"": -0.0005419380605605422, ""f1"": -0.002427633866198553, ""precision"": -0.0031217768448847335, ""recall"": -0.002215327368392054}",3934.311899662018,0.05272364616394043,3941.205078125,402.6953125,200,ok,,0.2.0,"{""mode"": ""best"", ""elapsed_time"": 3603.997631788254, ""n_init_feats"": 21, ""n_added_feats"": 10, ""initial_metric"": null, ""final_metric"": 0.3856697021025313, ""pct_gain"": 0.02105740541482571}"
satimage,satimage,pmlb,pmlb,multiclass,tabularaml,2,4500,5148,1287,36,45,9,0.22812899301685544,categorical_crossentropy,False,0.2254584661383874,-0.011844872912551643,"{""accuracy"": 0.9712509712434247, ""categorical_crossentropy"": 0.22812899301685544, ""categorical_roc_auc"": 0.9909329974692974, ""f1"": 0.8936759389006156, ""precision"": 0.9087250337994958, ""recall"": 0.8844370639603291}","{""accuracy"": -0.0007993605115907055, ""categorical_crossentropy"": -0.011844872912551643, ""categorical_roc_auc"": -0.0003550676296127044, ""f1"": -0.0018644238759370222, ""precision"": 0.00085146257069487, ""recall"": -0.0034207765643372444}",3612.918345451355,0.017354488372802734,3623.496510028839,426.40625,246,ok,,0.2.0,"{""mode"": ""best"", ""elapsed_time"": 3605.8466947078705, ""n_init_feats"": 36, ""n_added_feats"": 9, ""initial_metric"": null, ""final_metric"": 0.3447727746941883, ""pct_gain"": 3.420576283568175e-05}"
letter,letter,pmlb,pmlb,multiclass,tabularaml,4,4500,16000,4000,16,20,4,0.11662345493955502,categorical_crossentropy,False,0.1161937423163487,-0.0036982423893051355,"{""accuracy"": 0.996826923074431, ""categorical_crossentropy"": 0.11662345493955502, ""categorical_roc_auc"": 0.9996888200058329, ""f1"": 0.958675895188438, ""precision"": 0.9591712932587685, ""recall"": 0.9585978673560418}","{""accuracy"": -1.9291612007205387e-05, ""categorical_crossentropy"": -0.0036982423893044164, ""categorical_roc_auc"": -5.395712119218147e-06, ""f1"": -0.0002877535903819657, ""precision"": -0.0002458089308135747, ""recall"": -0.00028991098958769775}",3686.5904455184937,0.008713722229003906,3722.9568235874176,612.48828125,949,ok,,0.2.0,"{""mode"": ""best"", ""elapsed_time"": 3640.9152925014496, ""n_init_feats"": 16, ""n_added_feats"": 4, ""initial_metric"": null, ""final_metric"": 0.1674487433185338, ""pct_gain"": 0.028544675038225335}"
satimage,satimage,pmlb,pmlb,multiclass,tabularaml,4,4500,5148,1287,36,45,9,0.25851799251479174,categorical_crossentropy,False,0.2519581942055304,-0.026035264818219432,"{""accuracy"": 0.9691789691714386, ""categorical_crossentropy"": 0.25851799251479174, ""categorical_roc_auc"": 0.9900638310788087, ""f1"": 0.8871466836860575, ""precision"": 0.8946622586238634, ""recall"": 0.8816167641325451}","{""accuracy"": -0.0010678056593700037, ""categorical_crossentropy"": -0.026035264818219432, ""categorical_roc_auc"": -0.00039302148248246497, ""f1"": -0.0038172729923155466, ""precision"": -0.004227083676971176, ""recall"": -0.0035180629758835933}",3616.056025505066,0.01697087287902832,3629.123882293701,410.62109375,246,ok,,0.2.0,"{""mode"": ""best"", ""elapsed_time"": 3609.1210832595825, ""n_init_feats"": 36, ""n_added_feats"": 9, ""initial_metric"": null, ""final_metric"": 0.3231469714509051, ""pct_gain"": 0.035672009544936635}"
361617,energy_efficiency,openml_task,ctr23,regression,tabularaml,0,4500,614,154,8,22,14,0.416251501924364,rmse,False,0.4003563723813697,-0.03970245171432669,"{""mae"": 0.24432606536072565, ""mse"": 0.1732653128542888, ""pearson"": 0.9992156963687158, ""r2"": 0.998430941199843, ""rmse"": 0.416251501924364, ""rmsle"": 0.02327296642389457}","{""mae"": -0.02835157512992268, ""mse"": -0.08098118810078195, ""pearson"": -6.0299623574260566e-05, ""r2"": -0.00011771615529181502, ""rmse"": -0.03970245171432669, ""rmsle"": -0.005982698761329452}",160.15424633026123,0.029818296432495117,170.40210628509521,366.84765625,1756,ok,,0.2.0,"{""mode"": ""best"", ""elapsed_time"": 159.07076930999756, ""n_init_feats"": 8, ""n_added_feats"": 14, ""initial_metric"": null, ""final_metric"": 0.4372137166243828, ""pct_gain"": 0.2313216870606649}"
361617,energy_efficiency,openml_task,ctr23,regression,tabularaml,1,4500,614,154,8,24,16,0.31262110981708346,rmse,False,0.3454894676527683,0.09513562905112616,"{""mae"": 0.21960450382975782, ""mse"": 0.09773195830326498, ""pearson"": 0.9995197094984793, ""r2"": 0.999027442381558, ""rmse"": 0.31262110981708346, ""rmsle"": 0.0120660304434488}","{""mae"": 0.1336899997710777, ""mse"": 0.18122047018729867, ""pearson"": 9.749094736877345e-05, ""r2"": 0.00021551216227145743, ""rmse"": 0.09513562905112616, ""rmsle"": 0.20072044442349715}",87.9885504245758,0.026817798614501953,97.80565166473389,346.1953125,272,ok,,0.2.0,"{""mode"": ""best"", ""elapsed_time"": 86.2498950958252, ""n_init_feats"": 8, ""n_added_feats"": 16, ""initial_metric"": null, ""final_metric"": 0.4814087587009965, ""pct_gain"": 0.22890715768627704}"
361617,energy_efficiency,openml_task,ctr23,regression,tabularaml,3,4500,614,154,8,24,16,0.45460438237949974,rmse,False,0.3657795732952639,-0.24283698590389807,"{""mae"": 0.2968500117512493, ""mse"": 0.2066651444786464, ""pearson"": 0.9990005741868245, ""r2"": 0.9979869356072562, ""rmse"": 0.45460438237949974, ""rmsle"": 0.021963305354162486}","{""mae"": -0.16836542495025225, ""mse"": -0.5446437735306858, ""pearson"": -0.000353569838764101, ""r2"": -0.0007107358752354305, ""rmse"": -0.24283698590389807, ""rmsle"": -0.2172042484105889}",51.908658504486084,0.026189565658569336,55.715293169021606,365.20703125,1625,ok,,0.2.0,"{""mode"": ""best"", ""elapsed_time"": 50.904173135757446, ""n_init_feats"": 8, ""n_added_feats"": 16, ""initial_metric"": null, ""final_metric"": 0.5738972449621782, ""pct_gain"": 0.06410927480635885}"
361618,forest_fires,openml_task,ctr23,regression,tabularaml,1,4500,413,104,12,37,25,76.5474617611226,rmse,False,76.5361279964511,-0.00014808385226949028,"{""mae"": 21.937675185937145, ""mse"": 5859.5139020705265, ""pearson"": -0.009014139971549784, ""r2"": -0.005328504203721662, ""rmse"": 76.5474617611226, ""rmsle"": 2.029346543165523}","{""mae"": -0.006213119582038129, ""mse"": -0.0002961896333661254, ""pearson"": 0.40649980916478856, ""r2"": -0.05917115810420678, ""rmse"": -0.00014808385226949028, ""rmsle"": -0.006346983892946167}",533.341246843338,0.10281991958618164,536.3564431667328,354.0078125,2,ok,,0.2.0,"{""mode"": ""best"", ""elapsed_time"": 530.4194853305817, ""n_init_feats"": 12, ""n_added_feats"": 25, ""initial_metric"": null, ""final_metric"": 54.760168089466944, ""pct_gain"": 0.008800006766296477}"
361619,student_performance,openml_task,ctr23,regression,tabularaml,4,4500,519,130,30,,,,,,,,,,,,330.4626030921936,,,crash,ValueError: Input X contains infinity or a value too large for dtype('float64').,0.2.0,
361617,energy_efficiency,openml_task,ctr23,regression,tabularaml,4,4500,614,154,8,24,16,0.3995593769063555,rmse,False,0.3654900039850601,-0.0932156079504928,"{""mae"": 0.26796298794932166, ""mse"": 0.15964769567379508, ""pearson"": 0.9991912151777391, ""r2"": 0.9983763016339674, ""rmse"": 0.3995593769063555, ""rmsle"": 0.01868373614812535}","{""mae"": -0.07148767889375783, ""mse"": -0.1951203654665652, ""pearson"": -0.00013538509716459738, ""r2"": -0.00026545245355184425, ""rmse"": -0.09321560795049263, ""rmsle"": 0.004352565351904601}",108.37870287895203,0.019517183303833008,117.92338681221008,350.73828125,305,ok,,0.2.0,"{""mode"": ""best"", ""elapsed_time"": 107.33412837982178, ""n_init_feats"": 8, ""n_added_feats"": 16, ""initial_metric"": null, ""final_metric"": 0.536898029095338, ""pct_gain"": 0.1680382558258739}"
361618,forest_fires,openml_task,ctr23,regression,tabularaml,2,4500,413,104,12,37,25,39.874379879347394,rmse,False,39.45767966579137,-0.010560687224527633,"{""mae"": 18.38571579126211, ""mse"": 1589.9661707625044, ""pearson"": 0.12718806622667567, ""r2"": -0.3109635203222414, ""rmse"": 39.874379879347394, ""rmsle"": 2.1576385329855254}","{""mae"": 0.02459301964597405, ""mse"": -0.021232902563709775, ""pearson"": 18.754539792232023, ""r2"": -0.09607393552993088, ""rmse"": -0.010560687224527633, ""rmsle"": -0.01954263292431496}",613.368150472641,0.08963394165039062,616.2193932533264,352.890625,5,ok,,0.2.0,"{""mode"": ""best"", ""elapsed_time"": 610.6581883430481, ""n_init_feats"": 12, ""n_added_feats"": 25, ""initial_metric"": null, ""final_metric"": 59.871628197827135, ""pct_gain"": 0.08007877269547613}"
361617,energy_efficiency,openml_task,ctr23,regression,tabularaml,2,4500,614,154,8,24,16,0.40413853521858845,rmse,False,0.3955700499554906,-0.021661107214921753,"{""mae"": 0.26798108301534285, ""mse"": 0.16332795564862626, ""pearson"": 0.9991357577967869, ""r2"": 0.9982470332128923, ""rmse"": 0.40413853521858845, ""rmsle"": 0.01891559642981962}","{""mae"": -0.06539362072444349, ""mse"": -0.043791417995619496, ""pearson"": -2.889491478720841e-05, ""r2"": -7.366801217142962e-05, ""rmse"": -0.02166110721492161, ""rmsle"": 0.023992378447502762}",231.98649716377258,0.04721546173095703,235.34171271324158,354.6640625,501,ok,,0.2.0,"{""mode"": ""best"", ""elapsed_time"": 229.83675527572632, ""n_init_feats"": 8, ""n_added_feats"": 16, ""initial_metric"": null, ""final_metric"": 0.4905796627320032, ""pct_gain"": 0.11529408660684033}"
361621,QSAR_fish_toxicity,openml_task,ctr23,regression,tabularaml,1,4500,726,182,6,15,9,0.9711756430646937,rmse,False,0.9720391876165188,0.0008883845042734047,"{""mae"": 0.676213639154539, ""mse"": 0.9431821296821215, ""pearson"": 0.7263149194089288, ""r2"": 0.5068146738500257, ""rmse"": 0.9711756430646937, ""rmsle"": 0.21607871934084313}","{""mae"": -0.02216651987447713, ""mse"": 0.0017759797815195214, ""pearson"": 0.003231013674234047, ""r2"": 0.001734297150043083, ""rmse"": 0.0008883845042735188, ""rmsle"": 0.014804504450039823}",107.51510739326477,0.01993083953857422,110.5965301990509,343.359375,112,ok,,0.2.0,"{""mode"": ""best"", ""elapsed_time"": 106.79675602912903, ""n_init_feats"": 6, ""n_added_feats"": 9, ""initial_metric"": null, ""final_metric"": 0.901588565298068, ""pct_gain"": 0.033013799641714914}"
361621,QSAR_fish_toxicity,openml_task,ctr23,regression,tabularaml,2,4500,726,182,6,17,11,0.8037800525897398,rmse,False,0.8017881426704694,-0.002484334468499512,"{""mae"": 0.613822616812947, ""mse"": 0.6460623729411649, ""pearson"": 0.8069316555866037, ""r2"": 0.650750342175141, ""rmse"": 0.8037800525897398, ""rmsle"": 0.1793954929426252}","{""mae"": -0.01682203183745215, ""mse"": -0.004974840854750406, ""pearson"": -0.0013567759065240353, ""r2"": -0.002649679333995468, ""rmse"": -0.002484334468499512, ""rmsle"": 0.011493013135694735}",61.63905882835388,0.02671980857849121,70.00240588188171,346.7734375,83,ok,,0.2.0,"{""mode"": ""best"", ""elapsed_time"": 60.60206055641174, ""n_init_feats"": 6, ""n_added_feats"": 11, ""initial_metric"": null, ""final_metric"": 0.8885403793629851, ""pct_gain"": 0.07599423311643984}"
361618,forest_fires,openml_task,ctr23,regression,tabularaml,3,4500,413,104,12,41,29,64.80543511215002,rmse,False,78.06841423527099,0.16988918313558893,"{""mae"": 17.502419143880786, ""mse"": 4199.744420075086, ""pearson"": 0.7515734688129564, ""r2"": 0.2657165206337485, ""rmse"": 64.80543511215002, ""rmsle"": 1.7038398034175555}","{""mae"": 0.16559880298129792, ""mse"": 0.31091603172470034, ""pearson"": 10.028457345479357, ""r2"": 5.050950774803019, ""rmse"": 0.16988918313558893, ""rmsle"": 0.16867589311196618}",649.9002096652985,0.06966972351074219,653.113926410675,354.1328125,271,ok,,0.2.0,"{""mode"": ""best"", ""elapsed_time"": 648.0819780826569, ""n_init_feats"": 12, ""n_added_feats"": 29, ""initial_metric"": null, ""final_metric"": 24.941080666580746, ""pct_gain"": 0.15002654556663245}"
361618,forest_fires,openml_task,ctr23,regression,tabularaml,0,4500,413,104,12,42,30,110.70762303127533,rmse,False,110.71788633302435,9.269777530027943e-05,"{""mae"": 26.114021500807546, ""mse"": 12256.177797234965, ""pearson"": -0.02091576349900751, ""r2"": -0.013976188115313537, ""rmse"": 110.70762303127533, ""rmsle"": 1.9039061261280084}","{""mae"": 0.01605545688493876, ""mse"": 0.00018538695772309633, ""pearson"": -0.21347965643183858, ""r2"": 0.013273803213911325, ""rmse"": 9.269777530027943e-05, ""rmsle"": 0.0067993343021128085}",727.9500091075897,0.11758589744567871,737.8058774471283,351.7890625,2000,ok,,0.2.0,"{""mode"": ""best"", ""elapsed_time"": 723.8077850341797, ""n_init_feats"": 12, ""n_added_feats"": 30, ""initial_metric"": null, ""final_metric"": 38.73960730476193, ""pct_gain"": 0.030158599525181407}"
nursery,nursery,pmlb,pmlb,multiclass,tabularaml,1,4500,,,,,,,,,,,,,,,4680,,,timeout,wall-clock exceeded 4680s,,
satimage,satimage,pmlb,pmlb,multiclass,tabularaml,3,4500,5148,1287,36,48,12,0.2724034542934207,categorical_crossentropy,False,0.2623409846352638,-0.03835645304200914,"{""accuracy"": 0.9681429681354458, ""categorical_crossentropy"": 0.2724034542934207, ""categorical_roc_auc"": 0.988579002497643, ""f1"": 0.8854541050926567, ""precision"": 0.8934483610835996, ""recall"": 0.8796420420655261}","{""accuracy"": 0.0008032128514058301, ""categorical_crossentropy"": -0.038356453042008916, ""categorical_roc_auc"": -0.0007858733761962645, ""f1"": 0.003592499851722637, ""precision"": 0.003991703219926536, ""recall"": 0.0036381005810273673}",4074.41455411911,0.031964778900146484,4085.1030621528625,415.40625,265,ok,,0.2.0,"{""mode"": ""best"", ""elapsed_time"": 3618.6262860298157, ""n_init_feats"": 36, ""n_added_feats"": 12, ""initial_metric"": null, ""final_metric"": 0.34174873374823206, ""pct_gain"": -0.022066893564819254}"
361621,QSAR_fish_toxicity,openml_task,ctr23,regression,tabularaml,4,4500,726,182,6,13,7,0.9023789845394706,rmse,False,0.9176117624798072,0.016600460633994788,"{""mae"": 0.6599575652028178, ""mse"": 0.8142878317384862, ""pearson"": 0.8339138105090877, ""r2"": 0.6920018769977634, ""rmse"": 0.9023789845394706, ""rmsle"": 0.2089794935686794}","{""mae"": -0.00809112313847424, ""mse"": 0.03292534597472849, ""pearson"": 0.007967599213656256, ""r2"": 0.015386596672884988, ""rmse"": 0.01660046063399467, ""rmsle"": 0.02026656765601628}",67.38137650489807,0.03621983528137207,70.89504766464233,344.46875,190,ok,,0.2.0,"{""mode"": ""best"", ""elapsed_time"": 66.33978009223938, ""n_init_feats"": 6, ""n_added_feats"": 7, ""initial_metric"": null, ""final_metric"": 0.9071760441739422, ""pct_gain"": 0.036250629031253166}"
nursery,nursery,pmlb,pmlb,multiclass,tabularaml,2,4500,,,,,,,,,,,,,,,4680,,,timeout,wall-clock exceeded 4680s,,
satimage,satimage,pmlb,pmlb,multiclass,tabularaml,0,4500,5148,1287,36,49,13,0.2561435867532876,categorical_crossentropy,False,0.2475941888502473,-0.03452988110399962,"{""accuracy"": 0.9707329707254281, ""categorical_crossentropy"": 0.2561435867532876, ""categorical_roc_auc"": 0.9880944881817287, ""f1"": 0.8965577641358139, ""precision"": 0.9039301979145377, ""recall"": 0.8908380766276709}","{""accuracy"": -0.0018641810918775979, ""categorical_crossentropy"": -0.03452988110399939, ""categorical_roc_auc"": -0.0011136357883029502, ""f1"": -0.0069558681974332, ""precision"": -0.0050346255281098935, ""recall"": -0.008370495204239454}",4227.7728798389435,0.028234004974365234,4238.505304574966,411.3203125,242,ok,,0.2.0,"{""mode"": ""best"", ""elapsed_time"": 3617.207422733307, ""n_init_feats"": 36, ""n_added_feats"": 13, ""initial_metric"": null, ""final_metric"": 0.34396156559272395, ""pct_gain"": 0.016151648680383636}"
361621,QSAR_fish_toxicity,openml_task,ctr23,regression,tabularaml,3,4500,726,182,6,17,11,0.933052511215061,rmse,False,0.9147625103625554,-0.019994261510844626,"{""mae"": 0.6814972978895837, ""mse"": 0.8705869886847317, ""pearson"": 0.7775258864922312, ""r2"": 0.6041062025752593, ""rmse"": 0.933052511215061, ""rmsle"": 0.19290186532802625}","{""mae"": -0.018055161004632975, ""mse"": -0.04038829351505329, ""pearson"": -0.012788201217058143, ""r2"": -0.024809327291662246, ""rmse"": -0.019994261510844626, ""rmsle"": -0.0349430483681981}",198.17279267311096,0.03173637390136719,208.56159377098083,351.4765625,78,ok,,0.2.0,"{""mode"": ""best"", ""elapsed_time"": 197.005699634552, ""n_init_feats"": 6, ""n_added_feats"": 11, ""initial_metric"": null, ""final_metric"": 0.9367765158363552, ""pct_gain"": -0.0107141245731806}"
361237,concrete_strength,openml_task,ctr23,regression,tabularaml,0,4500,824,206,8,24,16,4.695149871984106,rmse,False,4.641812866609321,-0.011490554855940544,"{""mae"": 3.2116813868283955, ""mse"": 22.044432320392367, ""pearson"": 0.9579693274654445, ""r2"": 0.9163031629838586, ""rmse"": 4.695149871984106, ""rmsle"": 0.14884015848344478}","{""mae"": -0.03836532047217739, ""mse"": -0.02311314256277846, ""pearson"": -0.0012062732535318452, ""r2"": -0.0020592541502481372, ""rmse"": -0.011490554855940544, ""rmsle"": -0.00862097721337231}",164.13572430610657,0.03282976150512695,182.8068881034851,351.96875,183,ok,,0.2.0,"{""mode"": ""best"", ""elapsed_time"": 163.33620953559875, ""n_init_feats"": 8, ""n_added_feats"": 16, ""initial_metric"": null, ""final_metric"": 4.760709008143648, ""pct_gain"": 0.040390528927847676}"
361237,concrete_strength,openml_task,ctr23,regression,tabularaml,3,4500,824,206,8,24,16,3.9190850954327794,rmse,False,3.8577584660589945,-0.01589695931286099,"{""mae"": 2.3275161328841527, ""mse"": 15.359227985243358, ""pearson"": 0.9740707943677619, ""r2"": 0.94753139123524, ""rmse"": 3.9190850954327794, ""rmsle"": 0.121300874781743}","{""mae"": 0.0841459530226744, ""mse"": -0.03204663194111685, ""pearson"": -0.0008339166911843481, ""r2"": -0.0017164964441468437, ""rmse"": -0.01589695931286099, ""rmsle"": 0.015285582483897813}",179.013099193573,0.027452707290649414,189.4973680973053,356.484375,614,ok,,0.2.0,"{""mode"": ""best"", ""elapsed_time"": 177.32634663581848, ""n_init_feats"": 8, ""n_added_feats"": 16, ""initial_metric"": null, ""final_metric"": 4.667398805146436, ""pct_gain"": 0.003797855311772341}"
361237,concrete_strength,openml_task,ctr23,regression,tabularaml,4,4500,824,206,8,23,15,4.823122010656676,rmse,False,3.918437419524931,-0.23087891786247497,"{""mae"": 3.2387247298258224, ""mse"": 23.2625059296809, ""pearson"": 0.9613365837260571, ""r2"": 0.9231168536502755, ""rmse"": 4.823122010656676, ""rmsle"": 0.17345164515741657}","{""mae"": -0.30185416165319356, ""mse"": -0.5150629104382972, ""pearson"": -0.013406330251655853, ""r2"": -0.027534567034906393, ""rmse"": -0.23087891786247497, ""rmsle"": -0.22609638598845713}",194.53506112098694,0.020153284072875977,197.08018469810486,349.640625,163,ok,,0.2.0,"{""mode"": ""best"", ""elapsed_time"": 193.67576217651367, ""n_init_feats"": 8, ""n_added_feats"": 15, ""initial_metric"": null, ""final_metric"": 4.595633735176081, ""pct_gain"": 0.09300952331564757}"
361237,concrete_strength,openml_task,ctr23,regression,tabularaml,2,4500,824,206,8,22,14,4.941018999792642,rmse,False,4.7601661803729085,-0.0379929633896869,"{""mae"": 3.2574167000641134, ""mse"": 24.413668756311885, ""pearson"": 0.9496572218386763, ""r2"": 0.9007646869710446, ""rmse"": 4.941018999792642, ""rmsle"": 0.14627103350250806}","{""mae"": -0.09798423029167162, ""mse"": -0.07742939204650413, ""pearson"": -0.00406955702181719, ""r2"": -0.007855015811477526, ""rmse"": -0.0379929633896869, ""rmsle"": -0.0911427887559987}",208.07597184181213,0.03995466232299805,218.53483605384827,352.84375,311,ok,,0.2.0,"{""mode"": ""best"", ""elapsed_time"": 206.88280963897705, ""n_init_feats"": 8, ""n_added_feats"": 14, ""initial_metric"": null, ""final_metric"": 4.6478109059974715, ""pct_gain"": 0.07990449243118476}"
361237,concrete_strength,openml_task,ctr23,regression,tabularaml,1,4500,824,206,8,24,16,4.794269509230103,rmse,False,4.7585983666068365,-0.007496144846681483,"{""mae"": 3.120788684078177, ""mse"": 22.985020127133453, ""pearson"": 0.9552653948098327, ""r2"": 0.911832187216633, ""rmse"": 4.794269509230103, ""rmsle"": 0.13784028980990706}","{""mae"": 0.00772597596040378, ""mse"": -0.015048481880925101, ""pearson"": -0.0006432650149521825, ""r2"": -0.0014314590619772523, ""rmse"": -0.007496144846681483, ""rmsle"": 0.040636156020702294}",290.69544506073,0.016431331634521484,294.5192551612854,356.7109375,513,ok,,0.2.0,"{""mode"": ""best"", ""elapsed_time"": 289.79106068611145, ""n_init_feats"": 8, ""n_added_feats"": 16, ""initial_metric"": null, ""final_metric"": 4.644481533736636, ""pct_gain"": 0.025619685673231897}"
letter,letter,pmlb,pmlb,multiclass,tabularaml,2,4500,,,,,,,,,,,,,,,4680,,,timeout,wall-clock exceeded 4680s,,
yeast,yeast,pmlb,stress_test,multiclass,tabularaml,3,4500,1183,296,8,24,16,1.0503392118482373,categorical_crossentropy,False,1.026856979669852,-0.02286806502102684,"{""accuracy"": 0.9099099098791696, ""categorical_crossentropy"": 1.0503392118482373, ""categorical_roc_auc"": 0.8536951373028377, ""f1"": 0.5272189934817921, ""precision"": 0.5701123537906622, ""recall"": 0.5106292855990694}","{""accuracy"": -0.0008244023083265912, ""categorical_crossentropy"": -0.022868065021026618, ""categorical_roc_auc"": -0.010323590515918878, ""f1"": 0.10676261605989253, ""precision"": 0.19072172377698993, ""recall"": 0.06241491888197411}",1914.5239744186401,0.034966230392456055,1918.397775888443,359.58203125,128,ok,,0.2.0,"{""mode"": ""best"", ""elapsed_time"": 1818.0715713500977, ""n_init_feats"": 8, ""n_added_feats"": 16, ""initial_metric"": null, ""final_metric"": 1.700164487583032, ""pct_gain"": 0.02785478507504421}"
shuttle,shuttle,pmlb,pmlb,multiclass,tabularaml,1,4500,46400,11600,9,27,18,0.00018028972780947353,categorical_crossentropy,False,0.000132149725195,-0.3642837890388209,"{""accuracy"": 0.9999999999991378, ""categorical_crossentropy"": 0.00018028972780947353, ""categorical_roc_auc"": 1.0, ""f1"": 0.9999999936215033, ""precision"": 0.9999999986215032, ""recall"": 0.9999999986215032}","{""accuracy"": 0.0, ""categorical_crossentropy"": -0.36428378903837094, ""categorical_roc_auc"": 0.0, ""f1"": 0.0, ""precision"": 0.0, ""recall"": 0.0}",4451.855603456497,0.03851461410522461,4463.970876216888,556.61328125,302,ok,,0.2.0,"{""mode"": ""best"", ""elapsed_time"": 3122.195587873459, ""n_init_feats"": 9, ""n_added_feats"": 18, ""initial_metric"": null, ""final_metric"": 0.7286981022480769, ""pct_gain"": 0.5510844297590201}"
361235,airfoil_self_noise,openml_task,ctr23,regression,tabularaml,0,4500,1202,301,5,15,10,1.5655454733461656,rmse,False,1.6802169582491364,0.06824802257826502,"{""mae"": 1.1105757606481, ""mse"": 2.4509326291146696, ""pearson"": 0.9741619365732124, ""r2"": 0.947895743630268, ""rmse"": 1.5655454733461656, ""rmsle"": 0.012464793049247958}","{""mae"": -0.11025481410800818, ""mse"": 0.13183825257068676, ""pearson"": 0.0044173604285219804, ""r2"": 0.008417708539580075, ""rmse"": 0.06824802257826502, ""rmsle"": 0.05778671781190585}",121.16721606254578,0.028782367706298828,193.5777895450592,360.4140625,755,ok,,0.2.0,"{""mode"": ""best"", ""elapsed_time"": 119.74270296096802, ""n_init_feats"": 5, ""n_added_feats"": 10, ""initial_metric"": null, ""final_metric"": 1.7106731753967885, ""pct_gain"": 0.1742605505448735}"
361235,airfoil_self_noise,openml_task,ctr23,regression,tabularaml,1,4500,1202,301,5,15,10,1.352001740027705,rmse,False,1.239333997257166,-0.09090991050022812,"{""mae"": 0.9746441895747897, ""mse"": 1.827908705037942, ""pearson"": 0.9787122571399194, ""r2"": 0.9569638560434477, ""rmse"": 1.352001740027705, ""rmsle"": 0.0107985278518732}","{""mae"": -0.08121369321457311, ""mse"": -0.19008443282761603, ""pearson"": -0.003407615518357734, ""r2"": -0.007131784332393018, ""rmse"": -0.09090991050022812, ""rmsle"": -0.09126466980957905}",84.39802575111389,0.018763065338134766,96.79608035087585,374.57421875,1922,ok,,0.2.0,"{""mode"": ""best"", ""elapsed_time"": 83.83523893356323, ""n_init_feats"": 5, ""n_added_feats"": 10, ""initial_metric"": null, ""final_metric"": 1.6787746236518406, ""pct_gain"": 0.18877348193071417}"
satimage,satimage,pmlb,pmlb,multiclass,tabularaml,1,4500,,,,,,,,,,,,,,,4680,,,timeout,wall-clock exceeded 4680s,,
vehicle,vehicle,pmlb,pmlb,multiclass,tabularaml,4,4500,676,170,18,54,36,0.5367701818098259,categorical_crossentropy,False,0.5469325255181449,0.0185806168662057,"{""accuracy"": 0.8705882352429065, ""categorical_crossentropy"": 0.5367701818098259, ""categorical_roc_auc"": 0.9233429808039184, ""f1"": 0.7423268947685804, ""precision"": 0.7419880883106661, ""recall"": 0.7440205625945102}","{""accuracy"": -0.010033444816053604, ""categorical_crossentropy"": 0.0185806168662057, ""categorical_roc_auc"": -0.004870853638116951, ""f1"": -0.018742049506174436, ""precision"": -0.015552095354999754, ""recall"": -0.02309140644432417}",2762.905511379242,0.04555344581604004,3685.8754959106445,352.359375,162,ok,,0.2.0,"{""mode"": ""best"", ""elapsed_time"": 2684.4424052238464, ""n_init_feats"": 18, ""n_added_feats"": 36, ""initial_metric"": null, ""final_metric"": 0.6067475195639112, ""pct_gain"": 0.09337649856509972}"
361618,forest_fires,openml_task,ctr23,regression,tabularaml,4,4500,413,104,12,54,42,73.89063371409169,rmse,False,74.99468974133806,0.014721789383412863,"{""mae"": 18.244094600127294, ""mse"": 5459.825750670063, ""pearson"": 0.03294553505042247, ""r2"": -0.0044925173241983085, ""rmse"": 73.89063371409169, ""rmsle"": 1.9057661089077529}","{""mae"": 0.024921155324747715, ""mse"": 0.029226847684176355, ""pearson"": 1.495836937700302, ""r2"": 0.8706614076640441, ""rmse"": 0.014721789383412863, ""rmsle"": -0.006477130072324354}",1193.573653936386,0.09846043586730957,1202.9494488239288,358.046875,9,ok,,0.2.0,"{""mode"": ""best"", ""elapsed_time"": 1191.6280930042267, ""n_init_feats"": 12, ""n_added_feats"": 42, ""initial_metric"": null, ""final_metric"": 29.413510122646848, ""pct_gain"": 0.0941826005565533}"
361235,airfoil_self_noise,openml_task,ctr23,regression,tabularaml,3,4500,1202,301,5,15,10,1.6032074508999787,rmse,False,1.708973422780294,0.06188859959463075,"{""mae"": 1.075060906191601, ""mse"": 2.570274130621208, ""pearson"": 0.9702861675934068, ""r2"": 0.9411040671714151, ""rmse"": 1.6032074508999787, ""rmsle"": 0.012736156590639454}","{""mae"": -0.06496943655644648, ""mse"": 0.11994700042947679, ""pearson"": 0.0038393954963668983, ""r2"": 0.008602971059256385, ""rmse"": 0.06188859959463075, ""rmsle"": 0.059048598885418295}",72.10487198829651,0.016513347625732422,83.36056804656982,374.85546875,1992,ok,,0.2.0,"{""mode"": ""best"", ""elapsed_time"": 71.59418749809265, ""n_init_feats"": 5, ""n_added_feats"": 10, ""initial_metric"": null, ""final_metric"": 1.6892112500482974, ""pct_gain"": 0.15854456924234275}"
mfeat_factors,mfeat-factors,pmlb,pmlb,multiclass,tabularaml,0,4500,1600,400,216,224,8,0.1140497648017481,categorical_crossentropy,False,0.1111692693125951,-0.025910897021850284,"{""accuracy"": 0.9929999999751751, ""categorical_crossentropy"": 0.1140497648017481, ""categorical_roc_auc"": 0.9981944444444444, ""f1"": 0.9646969849142076, ""precision"": 0.9651605107582754, ""recall"": 0.96499999975875}","{""accuracy"": -0.0005032712632107694, ""categorical_crossentropy"": -0.025910897021850027, ""categorical_roc_auc"": -0.00025734296862515266, ""f1"": -0.0025170053824969335, ""precision"": -0.0025105164885244175, ""recall"": -0.002583979328165377}",3713.7454409599304,0.038866519927978516,3731.534994363785,395.6484375,430,ok,,0.2.0,"{""mode"": ""best"", ""elapsed_time"": 3678.959189414978, ""n_init_feats"": 216, ""n_added_feats"": 8, ""initial_metric"": null, ""final_metric"": 0.13206436563276594, ""pct_gain"": 0.13578537038364716}"
mfeat_factors,mfeat-factors,pmlb,pmlb,multiclass,tabularaml,1,4500,1600,400,216,218,2,0.1404029973451543,categorical_crossentropy,False,0.1412384444635972,0.005915153778532582,"{""accuracy"": 0.9924999999751876, ""categorical_crossentropy"": 0.1404029973451543, ""categorical_roc_auc"": 0.9986041666666667, ""f1"": 0.9624125486895647, ""precision"": 0.9634610915120838, ""recall"": 0.9624999997593751}","{""accuracy"": 0.0, ""categorical_crossentropy"": 0.005915153778532973, ""categorical_roc_auc"": -2.086201860883492e-05, ""f1"": -5.629862738048959e-07, ""precision"": 0.00014284869476045115, ""recall"": 2.306956934862779e-16}",3710.668712377548,0.03499650955200195,3729.3670225143433,387.671875,491,ok,,0.2.0,"{""mode"": ""best"", ""elapsed_time"": 3675.4665694236755, ""n_init_feats"": 216, ""n_added_feats"": 2, ""initial_metric"": null, ""final_metric"": 0.15275910746179389, ""pct_gain"": 0.04785687678093095}"
mfeat_factors,mfeat-factors,pmlb,pmlb,multiclass,tabularaml,2,4500,1600,400,216,223,7,0.20127512926312194,categorical_crossentropy,False,0.201572267747324,0.001474103990210302,"{""accuracy"": 0.9874999999753126, ""categorical_crossentropy"": 0.20127512926312194, ""categorical_roc_auc"": 0.9955347222222223, ""f1"": 0.9380529700812165, ""precision"": 0.9407007811457749, ""recall"": 0.9374999997656248}","{""accuracy"": -0.0005060728744938253, ""categorical_crossentropy"": 0.001474103990210577, ""categorical_roc_auc"": -0.0003835104454298985, ""f1"": -0.002729934317249396, ""precision"": -0.002657973337859775, ""recall"": -0.0026595744680849914}",3690.731212615967,0.03766918182373047,3713.943140268326,400.02734375,765,ok,,0.2.0,"{""mode"": ""best"", ""elapsed_time"": 3662.4268112182617, ""n_init_feats"": 216, ""n_added_feats"": 7, ""initial_metric"": null, ""final_metric"": 0.11869544489958342, ""pct_gain"": -0.009186096327557658}"
mfeat_factors,mfeat-factors,pmlb,pmlb,multiclass,tabularaml,3,4500,1600,400,216,221,5,0.1454753069402068,categorical_crossentropy,False,0.1464905041424208,0.006930122932930843,"{""accuracy"": 0.9894999999752626, ""categorical_crossentropy"": 0.1454753069402068, ""categorical_roc_auc"": 0.99875, ""f1"": 0.9478568213335812, ""precision"": 0.9495993833256003, ""recall"": 0.9474999997631249}","{""accuracy"": -0.0005050505050504035, ""categorical_crossentropy"": 0.006930122932931031, ""categorical_roc_auc"": -2.085897248704078e-05, ""f1"": -0.00247289461376445, ""precision"": -0.002338199535317461, ""recall"": -0.002631578947368307}",3689.7243247032166,0.03683876991271973,3711.9769530296326,393.05078125,246,ok,,0.2.0,"{""mode"": ""best"", ""elapsed_time"": 3658.1797585487366, ""n_init_feats"": 216, ""n_added_feats"": 5, ""initial_metric"": null, ""final_metric"": 0.12481628031824402, ""pct_gain"": 0.03184971865506719}"
pendigits,pendigits,pmlb,pmlb,multiclass,tabularaml,1,4500,8793,2199,16,32,16,0.030728157581153197,categorical_crossentropy,False,0.0341939279514678,0.10135631025583391,"{""accuracy"": 0.9982719417871838, ""categorical_crossentropy"": 0.030728157581153197, ""categorical_roc_auc"": 0.999927706423066, ""f1"": 0.9914900515417298, ""precision"": 0.9915672572383842, ""recall"": 0.9914795421639016}","{""accuracy"": 0.0002733983413833558, ""categorical_crossentropy"": 0.10135631025583391, ""categorical_roc_auc"": 3.662255763185056e-05, ""f1"": 0.00137061110691069, ""precision"": 0.0014232975680127191, ""recall"": 0.0013249867586145189}",4327.157319784164,0.030646562576293945,4344.415717124939,446.09375,360,ok,,0.2.0,"{""mode"": ""best"", ""elapsed_time"": 3620.0609562397003, ""n_init_feats"": 16, ""n_added_feats"": 16, ""initial_metric"": null, ""final_metric"": 0.04381041680212101, ""pct_gain"": 0.054520842935239684}"
361235,airfoil_self_noise,openml_task,ctr23,regression,tabularaml,4,4500,1202,301,5,15,10,1.4150828424641502,rmse,False,1.285363462475516,-0.10092038849369829,"{""mae"": 1.023020758644687, ""mse"": 2.002459451036419, ""pearson"": 0.9789451080555437, ""r2"": 0.95832149509516, ""rmse"": 1.4150828424641502, ""rmsle"": 0.011237373076751147}","{""mae"": -0.20660446983158276, ""mse"": -0.21202570180111546, ""pearson"": -0.003990076995615302, ""r2"": -0.007550677504850833, ""rmse"": -0.10092038849369829, ""rmsle"": -0.11363607177430748}",100.10154867172241,0.021301746368408203,103.56871271133423,352.00390625,391,ok,,0.2.0,"{""mode"": ""best"", ""elapsed_time"": 99.55576491355896, ""n_init_feats"": 5, ""n_added_feats"": 10, ""initial_metric"": null, ""final_metric"": 1.774215275825228, ""pct_gain"": 0.17169219855434653}"
shuttle,shuttle,pmlb,pmlb,multiclass,tabularaml,0,4500,,,,,,,,,,,,,,,4680,,,timeout,wall-clock exceeded 4680s,,
361235,airfoil_self_noise,openml_task,ctr23,regression,tabularaml,2,4500,1202,301,5,15,10,1.4864286793524937,rmse,False,1.4820427537699872,-0.0029593785815892836,"{""mae"": 0.9876618490124065, ""mse"": 2.209470218801598, ""pearson"": 0.9794025747299563, ""r2"": 0.9572790089599159, ""rmse"": 1.4864286793524937, ""rmsle"": 0.011874768319915768}","{""mae"": 0.016900528577832585, ""mse"": -0.005927515084767482, ""pearson"": 0.00015053105449489026, ""r2"": -0.00026290241241613355, ""rmse"": -0.0029593785815892836, ""rmsle"": -0.006448566525229394}",188.63278007507324,0.02622818946838379,210.37277388572693,383.03515625,1998,ok,,0.2.0,"{""mode"": ""best"", ""elapsed_time"": 188.01194500923157, ""n_init_feats"": 5, ""n_added_feats"": 10, ""initial_metric"": null, ""final_metric"": 1.612602159866396, ""pct_gain"": 0.18614345830978463}"
yeast,yeast,pmlb,stress_test,multiclass,tabularaml,4,4500,1183,296,8,24,16,0.9998400450709302,categorical_crossentropy,False,1.0286145322402385,0.027974023569976036,"{""accuracy"": 0.9196696696385998, ""categorical_crossentropy"": 0.9998400450709302, ""categorical_roc_auc"": 0.8844025417135177, ""f1"": 0.5107273017145094, ""precision"": 0.5197073665630538, ""recall"": 0.5087031179383151}","{""accuracy"": 0.0016353229762879498, ""categorical_crossentropy"": 0.027974023569976036, ""categorical_roc_auc"": -0.010430692195854954, ""f1"": 0.031299530625932034, ""precision"": 0.025952229435577553, ""recall"": 0.032055892380472045}",2137.123131275177,0.01708197593688965,2142.0203652381897,362.6484375,81,ok,,0.2.0,"{""mode"": ""best"", ""elapsed_time"": 2029.1812930107117, ""n_init_feats"": 8, ""n_added_feats"": 16, ""initial_metric"": null, ""final_metric"": 1.7329564792555971, ""pct_gain"": 0.016650012718263055}"
shuttle,shuttle,pmlb,pmlb,multiclass,tabularaml,2,4500,,,,,,,,,,,,,,,4680,,,timeout,wall-clock exceeded 4680s,,
shuttle,shuttle,pmlb,pmlb,multiclass,tabularaml,3,4500,,,,,,,,,,,,,,,4680,,,timeout,wall-clock exceeded 4680s,,
shuttle,shuttle,pmlb,pmlb,multiclass,tabularaml,4,4500,,,,,,,,,,,,,,,4680,,,timeout,wall-clock exceeded 4680s,,
pendigits,pendigits,pmlb,pmlb,multiclass,tabularaml,0,4500,8793,2199,16,35,19,0.03661235937831687,categorical_crossentropy,False,0.0351848806681699,-0.040570798679398036,"{""accuracy"": 0.9979081400591273, ""categorical_crossentropy"": 0.03661235937831687, ""categorical_roc_auc"": 0.9997746576255352, ""f1"": 0.9896295314179578, ""precision"": 0.9897282049306592, ""recall"": 0.9896172294563723}","{""accuracy"": -0.000273348519362147, ""categorical_crossentropy"": -0.04057079867939557, ""categorical_roc_auc"": 0.00011984061404819153, ""f1"": -0.0013325153666190164, ""precision"": -0.0013543221554250331, ""recall"": -0.0013239684045570574}",4607.856800794601,0.03393912315368652,4626.337939023972,462.20703125,860,ok,,0.2.0,"{""mode"": ""best"", ""elapsed_time"": 3616.8869807720184, ""n_init_feats"": 16, ""n_added_feats"": 19, ""initial_metric"": null, ""final_metric"": 0.049614634891056233, ""pct_gain"": 0.12086281448314937}"
optdigits,optdigits,pmlb,pmlb,multiclass,tabularaml,2,4500,4496,1124,62,76,14,0.07003183112049853,categorical_crossentropy,False,0.0673996822910545,-0.03905283734243025,"{""accuracy"": 0.9960854092438073, ""categorical_crossentropy"": 0.07003183112049853, ""categorical_roc_auc"": 0.9996340099096963, ""f1"": 0.9805152847992726, ""precision"": 0.9807397917762708, ""recall"": 0.9804504196418236}","{""accuracy"": -0.00017860332202180112, ""categorical_crossentropy"": -0.039052837342430036, ""categorical_roc_auc"": -5.345033837595973e-05, ""f1"": -0.0008932103914793707, ""precision"": -0.0008850673908341729, ""recall"": -0.0008776496420440812}",4179.661297082901,0.021890640258789062,4193.6501705646515,458.49609375,1350,ok,,0.2.0,"{""mode"": ""best"", ""elapsed_time"": 3624.4946024417877, ""n_init_feats"": 62, ""n_added_feats"": 14, ""initial_metric"": null, ""final_metric"": 0.10349006846447109, ""pct_gain"": -0.012936425561081587}"
361622,cars,openml_task,ctr23,regression,tabularaml,0,4500,643,161,17,41,24,2450.830245216481,rmse,False,2422.1971062786147,-0.01182114323547251,"{""mae"": 1668.7773204580744, ""mse"": 6006568.890867878, ""pearson"": 0.9693181949340716, ""r2"": 0.9377380012758494, ""rmse"": 2450.830245216481, ""rmsle"": 0.09816318913874929}","{""mae"": -0.020341476647770685, ""mse"": -0.023782025898338815, ""pearson"": -0.0007360298078299553, ""r2"": -0.0015399746487774633, ""rmse"": -0.01182114323547251, ""rmsle"": -0.010205869509641413}",288.83619141578674,0.05851483345031738,294.1890437602997,346.48828125,82,ok,,0.2.0,"{""mode"": ""best"", ""elapsed_time"": 287.66666412353516, ""n_init_feats"": 17, ""n_added_feats"": 24, ""initial_metric"": null, ""final_metric"": 2336.187382544919, ""pct_gain"": 0.08259473237918949}"
361623,space_ga,openml_task,ctr23,regression,tabularaml,0,4500,2485,622,6,18,12,0.11528006537591912,rmse,False,0.1244875524068502,0.0739631140054804,"{""mae"": 0.06926175288900431, ""mse"": 0.013289493473076187, ""pearson"": 0.8471075579531974, ""r2"": 0.7112430975368823, ""rmse"": 0.11528006537591912, ""rmsle"": null}","{""mae"": 0.10295556351738934, ""mse"": 0.14245568577757295, ""pearson"": 0.036891810576628055, ""r2"": 0.07232062755425055, ""rmse"": 0.0739631140054804, ""rmsle"": null}",108.49772310256958,0.025758743286132812,112.53293347358704,350.859375,181,ok,,0.2.0,"{""mode"": ""best"", ""elapsed_time"": 106.82364344596863, ""n_init_feats"": 6, ""n_added_feats"": 12, ""initial_metric"": null, ""final_metric"": 0.09474436212671429, ""pct_gain"": 0.11863272675394461}"
361622,cars,openml_task,ctr23,regression,tabularaml,4,4500,643,161,17,51,34,2284.6460480454625,rmse,False,2243.665111864324,-0.018265175121026118,"{""mae"": 1567.3135973893632, ""mse"": 5219607.56484975, ""pearson"": 0.967706628035173, ""r2"": 0.935900607250938, ""rmse"": 2284.6460480454625, ""rmsle"": 0.10700309106978176}","{""mae"": 0.013060167462171942, ""mse"": -0.036863966864254055, ""pearson"": -0.0012537905779213866, ""r2"": -0.0024291158962788766, ""rmse"": -0.018265175121026118, ""rmsle"": -0.014259700205942452}",299.6387722492218,0.0434873104095459,308.5352907180786,350.14453125,159,ok,,0.2.0,"{""mode"": ""best"", ""elapsed_time"": 293.84709882736206, ""n_init_feats"": 17, ""n_added_feats"": 34, ""initial_metric"": null, ""final_metric"": 2440.8620797348763, ""pct_gain"": 0.07756696255713733}"
pendigits,pendigits,pmlb,pmlb,multiclass,tabularaml,4,4500,8793,2199,16,34,18,0.03683904474865805,categorical_crossentropy,False,0.0376996279619635,0.022827366205675235,"{""accuracy"": 0.9981809913551697, ""categorical_crossentropy"": 0.03683904474865805, ""categorical_roc_auc"": 0.999499636891931, ""f1"": 0.9909814383375771, ""precision"": 0.9909805842213238, ""recall"": 0.9910017779775939}","{""accuracy"": -0.00027327382036808015, ""categorical_crossentropy"": 0.022827366205677393, ""categorical_roc_auc"": -7.3423971389643154e-06, ""f1"": -0.00135737403422065, ""precision"": -0.001359400776212468, ""recall"": -0.001357683631541719}",4295.275917291641,0.031877994537353516,4313.318188428879,472.42578125,741,ok,,0.2.0,"{""mode"": ""best"", ""elapsed_time"": 3613.3405644893646, ""n_init_feats"": 16, ""n_added_feats"": 18, ""initial_metric"": null, ""final_metric"": 0.047347638354614315, ""pct_gain"": 0.0969526754461806}"
pendigits,pendigits,pmlb,pmlb,multiclass,tabularaml,2,4500,8793,2199,16,35,19,0.04540631201896977,categorical_crossentropy,False,0.0400049375068379,-0.13501769653329984,"{""accuracy"": 0.9978171896271132, ""categorical_crossentropy"": 0.04540631201896977, ""categorical_roc_auc"": 0.999338230736349, ""f1"": 0.9890385266781504, ""precision"": 0.9891769038585135, ""recall"": 0.9889570336742144}","{""accuracy"": 0.0, ""categorical_crossentropy"": -0.1350176965332983, ""categorical_roc_auc"": 3.3790141813592885e-05, ""f1"": -5.4984512958867766e-05, ""precision"": -7.306158380175504e-05, ""recall"": -3.7666978567713144e-05}",4442.66094660759,0.0447232723236084,4470.512259960175,455.40625,440,ok,,0.2.0,"{""mode"": ""best"", ""elapsed_time"": 3613.954110622406, ""n_init_feats"": 16, ""n_added_feats"": 19, ""initial_metric"": null, ""final_metric"": 0.04495207866954185, ""pct_gain"": 0.11593185248115247}"
optdigits,optdigits,pmlb,pmlb,multiclass,tabularaml,0,4500,4496,1124,62,87,25,0.07904392282724264,categorical_crossentropy,False,0.0845080659274483,0.0646582434497641,"{""accuracy"": 0.9959074733007484, ""categorical_crossentropy"": 0.07904392282724264, ""categorical_roc_auc"": 0.999442512339898, ""f1"": 0.9794970514304918, ""precision"": 0.9797595040008673, ""recall"": 0.9795023876389207}","{""accuracy"": -0.00017863522686652677, ""categorical_crossentropy"": 0.06465824344976503, ""categorical_roc_auc"": 0.00016442980046300868, ""f1"": -0.00090271361772882, ""precision"": -0.0007835025136196366, ""recall"": -0.0009107114171859806}",4317.531281232834,0.04037976264953613,4343.636731624603,476.6796875,1723,ok,,0.2.0,"{""mode"": ""best"", ""elapsed_time"": 3638.5041496753693, ""n_init_feats"": 62, ""n_added_feats"": 25, ""initial_metric"": null, ""final_metric"": 0.08192411243964151, ""pct_gain"": 0.06213781275739168}"
pendigits,pendigits,pmlb,pmlb,multiclass,tabularaml,3,4500,8793,2199,16,38,22,0.024412782717318747,categorical_crossentropy,False,0.0237371618249426,-0.0284625810515483,"{""accuracy"": 0.9981809913551698, ""categorical_crossentropy"": 0.024412782717318747, ""categorical_roc_auc"": 0.999965012168591, ""f1"": 0.9909308474856753, ""precision"": 0.9908996631597222, ""recall"": 0.9910017779775939}","{""accuracy"": -0.0006374066654524659, ""categorical_crossentropy"": -0.0284625810515483, ""categorical_roc_auc"": -1.1050700487298229e-06, ""f1"": -0.0031657893613075243, ""precision"": -0.0031518866160698813, ""recall"": -0.003149752850082045}",4395.633453607559,0.02436542510986328,4406.995187759399,455.88671875,576,ok,,0.2.0,"{""mode"": ""best"", ""elapsed_time"": 3621.4051105976105, ""n_init_feats"": 16, ""n_added_feats"": 22, ""initial_metric"": null, ""final_metric"": 0.05247807454036006, ""pct_gain"": 0.0644309184102548}"
optdigits,optdigits,pmlb,pmlb,multiclass,tabularaml,3,4500,4496,1124,62,78,16,0.06810802362303071,categorical_crossentropy,False,0.0644113057185376,-0.05739237643538703,"{""accuracy"": 0.9955516014146305, ""categorical_crossentropy"": 0.06810802362303071, ""categorical_roc_auc"": 0.9996078999154241, ""f1"": 0.9777971719157801, ""precision"": 0.9778993066801753, ""recall"": 0.9777558993182952}","{""accuracy"": 0.0005364806866953137, ""categorical_crossentropy"": -0.05739237643538635, ""categorical_roc_auc"": -6.275219745269929e-05, ""f1"": 0.002737208368603879, ""precision"": 0.0028139716860859456, ""recall"": 0.002714818590394659}",4249.808662891388,0.04383206367492676,4259.2469394207,429.75,687,ok,,0.2.0,"{""mode"": ""best"", ""elapsed_time"": 3613.9942576885223, ""n_init_feats"": 62, ""n_added_feats"": 16, ""initial_metric"": null, ""final_metric"": 0.10347134792673138, ""pct_gain"": 0.014902820203062744}"
361622,cars,openml_task,ctr23,regression,tabularaml,3,4500,643,161,17,51,34,2284.51004092399,rmse,False,2469.5495814814703,0.07492845737742838,"{""mae"": 1697.876134753494, ""mse"": 5218986.12708253, ""pearson"": 0.9796515460922253, ""r2"": 0.9529023616345684, ""rmse"": 2284.51004092399, ""rmsle"": 0.10469106448354908}","{""mae"": 0.05027106037845341, ""mse"": 0.14424264102989545, ""pearson"": 0.001278328110502829, ""r2"": 0.00840092262666542, ""rmse"": 0.07492845737742838, ""rmsle"": 0.024802802039306886}",368.0456590652466,0.059996843338012695,371.1323068141937,349.6953125,48,ok,,0.2.0,"{""mode"": ""best"", ""elapsed_time"": 363.1062984466553, ""n_init_feats"": 17, ""n_added_feats"": 34, ""initial_metric"": null, ""final_metric"": 2368.1566459131304, ""pct_gain"": 0.12079632274122944}"
361623,space_ga,openml_task,ctr23,regression,tabularaml,1,4500,2485,622,6,16,10,0.08869498835682973,rmse,False,0.1020028210354166,0.1304653395219944,"{""mae"": 0.0667186798912357, ""mse"": 0.007866800959618163, ""pearson"": 0.8806498711275572, ""r2"": 0.7747896871591191, ""rmse"": 0.08869498835682973, ""rmsle"": null}","{""mae"": 0.10645122823890749, ""mse"": 0.2439094742274003, ""pearson"": 0.04871017584356211, ""r2"": 0.10347141908389935, ""rmse"": 0.13046533952199488, ""rmsle"": null}",184.23203563690186,0.020806312561035156,189.1865417957306,356.84765625,205,ok,,0.2.0,"{""mode"": ""best"", ""elapsed_time"": 182.73050546646118, ""n_init_feats"": 6, ""n_added_feats"": 10, ""initial_metric"": null, ""final_metric"": 0.0936496861035983, ""pct_gain"": 0.1278343306199523}"
361623,space_ga,openml_task,ctr23,regression,tabularaml,3,4500,2485,622,6,16,10,0.09709837281179641,rmse,False,0.109717467015845,0.11501445072757822,"{""mae"": 0.06953286185601405, ""mse"": 0.009428094002698603, ""pearson"": 0.8728194866001054, ""r2"": 0.7598471442114948, ""rmse"": 0.09709837281179641, ""rmsle"": null}","{""mae"": 0.09677617236801205, ""mse"": 0.21680057757898996, ""pearson"": 0.04799865489154996, ""r2"": 0.09587626741672395, ""rmse"": 0.11501445072757822, ""rmsle"": null}",139.05912137031555,0.02646040916442871,152.61472606658936,352.46484375,255,ok,,0.2.0,"{""mode"": ""best"", ""elapsed_time"": 136.78878450393677, ""n_init_feats"": 6, ""n_added_feats"": 10, ""initial_metric"": null, ""final_metric"": 0.10389054549609811, ""pct_gain"": 0.08775915062642455}"
361623,space_ga,openml_task,ctr23,regression,tabularaml,4,4500,2485,622,6,17,11,0.09332533690115362,rmse,False,0.1008085825430557,0.07423222758544358,"{""mae"": 0.07094795188397561, ""mse"": 0.008709618507713826, ""pearson"": 0.8880066142745424, ""r2"": 0.7869583277209095, ""rmse"": 0.09332533690115362, ""rmsle"": null}","{""mae"": 0.07645285713170157, ""mse"": 0.1429540315585904, ""pearson"": 0.023576287603993423, ""r2"": 0.047290314868650936, ""rmse"": 0.07423222758544384, ""rmsle"": null}",167.04638361930847,0.02072763442993164,173.67350840568542,362.83984375,391,ok,,0.2.0,"{""mode"": ""best"", ""elapsed_time"": 165.24004793167114, ""n_init_feats"": 6, ""n_added_feats"": 11, ""initial_metric"": null, ""final_metric"": 0.09442609818631927, ""pct_gain"": 0.10715426764066525}"
optdigits,optdigits,pmlb,pmlb,multiclass,tabularaml,1,4500,4496,1124,62,82,20,0.054778701837625655,categorical_crossentropy,False,0.0560642355160188,0.02292965678673778,"{""accuracy"": 0.996797153016043, ""categorical_crossentropy"": 0.054778701837625655, ""categorical_roc_auc"": 0.999722606311017, ""f1"": 0.9839688298903028, ""precision"": 0.9840856044358471, ""recall"": 0.9839435274109422}","{""accuracy"": -0.00035688793718752346, ""categorical_crossentropy"": 0.022929656786738018, ""categorical_roc_auc"": 3.7998456081920546e-05, ""f1"": -0.00178474596646372, ""precision"": -0.0017282211815586369, ""recall"": -0.001803565391371163}",4468.460806131363,0.034519195556640625,4479.106257677078,442.73046875,969,ok,,0.2.0,"{""mode"": ""best"", ""elapsed_time"": 3632.228307247162, ""n_init_feats"": 62, ""n_added_feats"": 20, ""initial_metric"": null, ""final_metric"": 0.09593134323081612, ""pct_gain"": 0.059043323749371046}"
361250,red_wine,openml_task,ctr23,regression,tabularaml,2,4500,1279,320,11,28,17,0.6145968620701165,rmse,False,0.6250169240140602,0.016671647668390528,"{""mae"": 0.4541774347424507, ""mse"": 0.37772930286643386, ""pearson"": 0.6249366321732015, ""r2"": 0.3756439667878997, ""rmse"": 0.6145968620701165, ""rmsle"": 0.0933815604322697}","{""mae"": 0.07836956578468024, ""mse"": 0.03306535150080217, ""pearson"": 0.04541472163523549, ""r2"": 0.06026223114511514, ""rmse"": 0.016671647668390528, ""rmsle"": 0.0180383131719474}",563.4764142036438,0.03240847587585449,566.6010930538177,362.71484375,116,ok,,0.2.0,"{""mode"": ""best"", ""elapsed_time"": 561.4406838417053, ""n_init_feats"": 11, ""n_added_feats"": 17, ""initial_metric"": null, ""final_metric"": 0.6037441850860628, ""pct_gain"": 0.013287857463032928}"
361250,red_wine,openml_task,ctr23,regression,tabularaml,3,4500,1279,320,11,24,13,0.5362467308938558,rmse,False,0.5434149812603648,0.013191116575187923,"{""mae"": 0.3606805011630058, ""mse"": 0.28756055639434736, ""pearson"": 0.7220512905117824, ""r2"": 0.5186956362409093, ""rmse"": 0.5362467308938558, ""rmsle"": 0.08506307697495052}","{""mae"": -0.013884781804270515, ""mse"": 0.02620822759387587, ""pearson"": 0.011503894004061576, ""r2"": 0.025613110276215236, ""rmse"": 0.013191116575187923, ""rmsle"": 0.014860652306933259}",530.2354085445404,0.05492353439331055,536.9164185523987,368.3984375,238,ok,,0.2.0,"{""mode"": ""best"", ""elapsed_time"": 527.8604702949524, ""n_init_feats"": 11, ""n_added_feats"": 13, ""initial_metric"": null, ""final_metric"": 0.6143161661762122, ""pct_gain"": 0.0213369539978725}"
361250,red_wine,openml_task,ctr23,regression,tabularaml,4,4500,1279,320,11,30,19,0.5605065636220781,rmse,False,0.5555582293144462,-0.008906958886628432,"{""mae"": 0.4171538643538952, ""mse"": 0.3141676078634307, ""pearson"": 0.7199614125735334, ""r2"": 0.5095845509045062, ""rmse"": 0.5605065636220781, ""rmsle"": 0.0878190178495663}","{""mae"": -0.04585383501486847, ""mse"": -0.017893251689864883, ""pearson"": -0.004929182281123126, ""r2"": -0.01663601201814339, ""rmse"": -0.008906958886628432, ""rmsle"": -0.0033341846782913155}",575.2425680160522,0.04537510871887207,580.6830976009369,366.671875,83,ok,,0.2.0,"{""mode"": ""best"", ""elapsed_time"": 573.4576361179352, ""n_init_feats"": 11, ""n_added_feats"": 19, ""initial_metric"": null, ""final_metric"": 0.6131091027163338, ""pct_gain"": 0.04476834425537962}"
361250,red_wine,openml_task,ctr23,regression,tabularaml,1,4500,1279,320,11,33,22,0.5860574504532813,rmse,False,0.5758393441333606,-0.017744717209795688,"{""mae"": 0.42271854281425475, ""mse"": 0.3434633352318002, ""pearson"": 0.6424631006091615, ""r2"": 0.3962639167842015, ""rmse"": 0.5860574504532813, ""rmsle"": 0.09183233255839081}","{""mae"": -0.08711805231736632, ""mse"": -0.03580430940844682, ""pearson"": -0.030305617906492718, ""r2"": -0.05002995410003611, ""rmse"": -0.017744717209795688, ""rmsle"": -0.0198434552999786}",683.4800291061401,0.04900407791137695,687.734605550766,360.62109375,133,ok,,0.2.0,"{""mode"": ""best"", ""elapsed_time"": 682.4753527641296, ""n_init_feats"": 11, ""n_added_feats"": 22, ""initial_metric"": null, ""final_metric"": 0.5952627770325082, ""pct_gain"": 0.04519745771896065}"
361250,red_wine,openml_task,ctr23,regression,tabularaml,0,4500,1279,320,11,25,14,0.5903556219477903,rmse,False,0.5913294144182394,0.001646785102694539,"{""mae"": 0.4173584893345833, ""mse"": 0.3485197603653624, ""pearson"": 0.6362522705441751, ""r2"": 0.3911903196620077, ""rmse"": 0.5903556219477903, ""rmsle"": 0.09314722237238512}","{""mae"": -0.0015376507578833602, ""mse"": 0.0032908583042142786, ""pearson"": -0.0037415393773250175, ""r2"": 0.005165014628309316, ""rmse"": 0.001646785102694539, ""rmsle"": -0.003196383682683704}",727.2285051345825,0.02741241455078125,730.0463950634003,362.140625,129,ok,,0.2.0,"{""mode"": ""best"", ""elapsed_time"": 725.8766837120056, ""n_init_feats"": 11, ""n_added_feats"": 14, ""initial_metric"": null, ""final_metric"": 0.5944588219271575, ""pct_gain"": 0.03342624420713301}"
361249,white_wine,openml_task,ctr23,regression,tabularaml,3,4500,3918,980,11,33,22,0.6571149589456178,rmse,False,0.6574130013961788,0.0004533564896465526,"{""mae"": 0.44938421906257164, ""mse"": 0.43180006927010095, ""pearson"": 0.6916174023203777, ""r2"": 0.47599356772646473, ""rmse"": 0.6571149589456178, ""rmsle"": 0.09768445704540468}","{""mae"": 0.022963132093188683, ""mse"": 0.0009065074471863605, ""pearson"": 0.0011556167029261575, ""r2"": 0.0009998498653073264, ""rmse"": 0.0004533564896465526, ""rmsle"": 0.001591350805989465}",230.89491939544678,0.04323601722717285,237.69527292251587,397.11328125,547,ok,,0.2.0,"{""mode"": ""best"", ""elapsed_time"": 229.28911447525024, ""n_init_feats"": 11, ""n_added_feats"": 22, ""initial_metric"": null, ""final_metric"": 0.6724000183018841, ""pct_gain"": 0.020240523024677205}"
1169,Airlines,openml_dataset,stress_test,classification,tabularaml,2,4500,431506,107877,7,19,12,0.7215119834696876,binary_roc_auc,True,0.7206045401098782,0.0012592806585301902,"{""accuracy"": 0.6686596772249257, ""binary_crossentropy"": 0.6059937950405361, ""binary_roc_auc"": 0.7215119834696876, ""f1"": 0.5842367233064379, ""precision"": 0.6623064954242828, ""recall"": 0.522631261315522}","{""accuracy"": 0.0009991534949555878, ""binary_crossentropy"": 0.0008666107099631396, ""binary_roc_auc"": 0.0012592806585301902, ""f1"": 0.005959140674437944, ""precision"": -0.002068640192602018, ""recall"": 0.012293925591519202}",3684.8701736927032,0.3212442398071289,3732.0380232334137,943.765625,451,ok,,0.2.0,"{""mode"": ""best"", ""elapsed_time"": 3617.1658387184143, ""n_init_feats"": 7, ""n_added_feats"": 12, ""initial_metric"": null, ""final_metric"": 0.7174298295111666, ""pct_gain"": 0.00010830169988942801}"
1169,Airlines,openml_dataset,stress_test,classification,tabularaml,1,4500,431506,107877,7,18,11,0.7214927256120378,binary_roc_auc,True,0.7211090811266959,0.0005320200443772935,"{""accuracy"": 0.6672135858430743, ""binary_crossentropy"": 0.6064558834245617, ""binary_roc_auc"": 0.7214927256120378, ""f1"": 0.5826454878724668, ""precision"": 0.660055314104923, ""recall"": 0.5214866917777201}","{""accuracy"": 0.00013895257548596237, ""binary_crossentropy"": 0.0005479237824783409, ""binary_roc_auc"": 0.0005320200443772935, ""f1"": 0.002411154613746866, ""precision"": -0.0014948480428415524, ""recall"": 0.005497151111467628}",3721.887541770935,1.7177631855010986,3762.6439261436462,942.19921875,375,ok,,0.2.0,"{""mode"": ""best"", ""elapsed_time"": 3624.4185321331024, ""n_init_feats"": 7, ""n_added_feats"": 11, ""initial_metric"": null, ""final_metric"": 0.7186178809733914, ""pct_gain"": 0.0007801200767639203}"
361249,white_wine,openml_task,ctr23,regression,tabularaml,1,4500,3918,980,11,33,22,0.6136743915183449,rmse,False,0.5994102260640205,-0.02379700050829782,"{""mae"": 0.4157748285604983, ""mse"": 0.3765962588054108, ""pearson"": 0.7135611421165006, ""r2"": 0.507256560175259, ""rmse"": 0.6136743915183449, ""rmsle"": 0.09100681966878622}","{""mae"": 0.02921688297220734, ""mse"": -0.04816029824978721, ""pearson"": -0.01976594331781124, ""r2"": -0.0427258745618146, ""rmse"": -0.02379700050829782, ""rmsle"": -0.02026702175708242}",352.9821662902832,0.039756059646606445,368.7320547103882,401.91796875,909,ok,,0.2.0,"{""mode"": ""best"", ""elapsed_time"": 350.6419270038605, ""n_init_feats"": 11, ""n_added_feats"": 22, ""initial_metric"": null, ""final_metric"": 0.6571784396740686, ""pct_gain"": 0.025092354683835597}"
361249,white_wine,openml_task,ctr23,regression,tabularaml,4,4500,3918,980,11,33,22,0.6075003429018591,rmse,False,0.6217770089338759,0.022961070973814515,"{""mae"": 0.4134960704920243, ""mse"": 0.3690566666258763, ""pearson"": 0.735316217038147, ""r2"": 0.5394919126652102, ""rmse"": 0.6075003429018591, ""rmsle"": 0.09174389076066894}","{""mae"": 0.046506267542282466, ""mse"": 0.04539493116736452, ""pearson"": 0.02057995571348401, ""r2"": 0.042308967084164484, ""rmse"": 0.022961070973814515, ""rmsle"": 0.021273358547543645}",269.82116174697876,0.05183696746826172,280.43927812576294,399.0078125,758,ok,,0.2.0,"{""mode"": ""best"", ""elapsed_time"": 267.7526099681854, ""n_init_feats"": 11, ""n_added_feats"": 22, ""initial_metric"": null, ""final_metric"": 0.6814411959884664, ""pct_gain"": 0.01541056892570135}"
361234,abalone,openml_task,ctr23,regression,tabularaml,3,4500,3341,836,8,25,17,2.0813813059207136,rmse,False,2.143613290591695,0.029031348585174914,"{""mae"": 1.4998566271585712, ""mse"": 4.332148140636216, ""pearson"": 0.7463068680737422, ""r2"": 0.5530835270718488, ""rmse"": 2.0813813059207136, ""rmsle"": 0.17482147565500933}","{""mae"": 0.027249154735975525, ""mse"": 0.05721987796967586, ""pearson"": 0.0289135496900613, ""r2"": 0.051571648960130785, ""rmse"": 0.029031348585174914, ""rmsle"": 0.009580471388551268}",416.31277894973755,0.05306220054626465,419.45568013191223,370.26953125,42,ok,,0.2.0,"{""mode"": ""best"", ""elapsed_time"": 413.4975256919861, ""n_init_feats"": 8, ""n_added_feats"": 17, ""initial_metric"": null, ""final_metric"": 2.0966958843812344, ""pct_gain"": 0.04535760156954271}"
361258,kin8nm,openml_task,ctr23,regression,tabularaml,3,4500,6553,1639,8,23,15,0.09619215179465931,rmse,False,0.113024037723791,0.1489230633422031,"{""mae"": 0.07439095249363886, ""mse"": 0.00925293006688678, ""pearson"": 0.931378820223329, ""r2"": 0.8658446497388264, ""rmse"": 0.09619215179465931, ""rmsle"": 0.0596512007425598}","{""mae"": 0.14922842256215943, ""mse"": 0.27566804788918026, ""pearson"": 0.029786473688516765, ""r2"": 0.06266318150276066, ""rmse"": 0.1489230633422031, ""rmsle"": 0.14816402735942902}",116.3341543674469,0.02250361442565918,126.35444641113281,382.28515625,1259,ok,,0.2.0,"{""mode"": ""best"", ""elapsed_time"": 111.93813252449036, ""n_init_feats"": 8, ""n_added_feats"": 15, ""initial_metric"": null, ""final_metric"": 0.10896593986337436, ""pct_gain"": 0.18132867425845903}"
361258,kin8nm,openml_task,ctr23,regression,tabularaml,0,4500,6553,1639,8,21,13,0.09922064322655202,rmse,False,0.1160065106702013,0.1446976324576331,"{""mae"": 0.076909183045285, ""mse"": 0.009844736042290723, ""pearson"": 0.9276767760268935, ""r2"": 0.8588100894165269, ""rmse"": 0.09922064322655202, ""rmsle"": 0.062013061431350124}","{""mae"": 0.15058814232306714, ""mse"": 0.2684578600764219, ""pearson"": 0.030721078038658152, ""r2"": 0.06420495998124567, ""rmse"": 0.1446976324576331, ""rmsle"": 0.14876992986841586}",161.46733236312866,0.020339250564575195,176.58990287780762,389.4453125,1472,ok,,0.2.0,"{""mode"": ""best"", ""elapsed_time"": 158.07261538505554, ""n_init_feats"": 8, ""n_added_feats"": 13, ""initial_metric"": null, ""final_metric"": 0.10841840944554253, ""pct_gain"": 0.1794493736243476}"
optdigits,optdigits,pmlb,pmlb,multiclass,tabularaml,4,4500,4496,1124,62,79,17,0.06839056932389846,categorical_crossentropy,False,0.0676725837657286,-0.010609696249450299,"{""accuracy"": 0.9959074733007484, ""categorical_crossentropy"": 0.06839056932389846, ""categorical_roc_auc"": 0.9996984509975247, ""f1"": 0.9795973422886955, ""precision"": 0.9797775450915716, ""recall"": 0.979573088038556}","{""accuracy"": 0.00017869907076484355, ""categorical_crossentropy"": -0.010609696249449055, ""categorical_roc_auc"": -4.4063435879912965e-06, ""f1"": 0.0008957187241626031, ""precision"": 0.0008641911573228672, ""recall"": 0.0008802683628979478}",4629.677802801132,0.039415836334228516,4644.2166702747345,428.76171875,406,ok,,0.2.0,"{""mode"": ""best"", ""elapsed_time"": 3610.860903978348, ""n_init_feats"": 62, ""n_added_feats"": 17, ""initial_metric"": null, ""final_metric"": 0.08869888085361859, ""pct_gain"": 0.05766968777066548}"
361234,abalone,openml_task,ctr23,regression,tabularaml,1,4500,3341,836,8,24,16,2.115375558404373,rmse,False,2.154761334035745,0.018278486349856897,"{""mae"": 1.474870235155644, ""mse"": 4.4748137530946135, ""pearson"": 0.7377374048073432, ""r2"": 0.5429869479413034, ""rmse"": 2.115375558404373, ""rmsle"": 0.17029715647876079}","{""mae"": 0.02524457776029289, ""mse"": 0.036222869636472435, ""pearson"": 0.016184611067284017, ""r2"": 0.03266672780411787, ""rmse"": 0.018278486349857098, ""rmsle"": 0.02135015265238043}",510.86992359161377,0.04636526107788086,518.9636490345001,372.76953125,95,ok,,0.2.0,"{""mode"": ""best"", ""elapsed_time"": 508.35598063468933, ""n_init_feats"": 8, ""n_added_feats"": 16, ""initial_metric"": null, ""final_metric"": 2.1554299286712157, ""pct_gain"": 0.027589673999211948}"
361234,abalone,openml_task,ctr23,regression,tabularaml,0,4500,3341,836,8,23,15,2.158173523931494,rmse,False,2.177743203631897,0.008986220077631842,"{""mae"": 1.5093935853556584, ""mse"": 4.657712959398883, ""pearson"": 0.7586058769396972, ""r2"": 0.5711252736450023, ""rmse"": 2.158173523931494, ""rmsle"": 0.1755261637113479}","{""mae"": 0.007774299325686825, ""mse"": 0.017891688003979916, ""pearson"": 0.010386218564254085, ""r2"": 0.013869896904116762, ""rmse"": 0.008986220077631842, ""rmsle"": -0.0034203033646837888}",552.7003304958344,0.03532147407531738,555.2958261966705,367.19921875,48,ok,,0.2.0,"{""mode"": ""best"", ""elapsed_time"": 550.2965948581696, ""n_init_feats"": 8, ""n_added_feats"": 15, ""initial_metric"": null, ""final_metric"": 2.1871653216862614, ""pct_gain"": 0.027516840207405552}"
1169,Airlines,openml_dataset,stress_test,classification,tabularaml,3,4500,431506,107877,7,17,10,0.7201936754336071,binary_roc_auc,True,0.7196859988099749,0.0007054140617876822,"{""accuracy"": 0.6680849485988053, ""binary_crossentropy"": 0.6069799278895986, ""binary_roc_auc"": 0.7201936754336071, ""f1"": 0.5830693942323772, ""precision"": 0.6618817246938267, ""recall"": 0.5210288639625994}","{""accuracy"": 0.0015981988993273373, ""binary_crossentropy"": 0.00042949628659368273, ""binary_roc_auc"": 0.0007054140617876822, ""f1"": 0.0029827053975823754, ""precision"": 0.001779846036320634, ""recall"": 0.0039295881951960975}",3666.471890449524,0.38571715354919434,3757.607059240341,919.47265625,457,ok,,0.2.0,"{""mode"": ""best"", ""elapsed_time"": 3603.809839248657, ""n_init_feats"": 7, ""n_added_feats"": 10, ""initial_metric"": null, ""final_metric"": 0.7180244258887505, ""pct_gain"": -0.0005955481246934987}"
yeast,yeast,pmlb,stress_test,multiclass,tabularaml,2,4500,1183,296,8,23,15,1.1068522868980024,categorical_crossentropy,False,1.114180945640279,0.006577619883873525,"{""accuracy"": 0.9091591591284442, ""categorical_crossentropy"": 1.1068522868980024, ""categorical_roc_auc"": 0.8299118312887008, ""f1"": 0.5366306713319864, ""precision"": 0.5965160828451502, ""recall"": 0.5351191192781565}","{""accuracy"": 0.00331400165700073, ""categorical_crossentropy"": 0.006577619883873525, ""categorical_roc_auc"": -0.008825936435820414, ""f1"": 0.1565135744661307, ""precision"": 0.29489958769548164, ""recall"": 0.11818977714171003}",3056.1374015808105,0.03536844253540039,3059.4098675251007,369.9453125,75,ok,,0.2.0,"{""mode"": ""best"", ""elapsed_time"": 2945.776053905487, ""n_init_feats"": 8, ""n_added_feats"": 15, ""initial_metric"": null, ""final_metric"": 1.6727767513112746, ""pct_gain"": 0.03427244804352259}"
361258,kin8nm,openml_task,ctr23,regression,tabularaml,1,4500,6553,1639,8,19,11,0.09151064708135766,rmse,False,0.1126178861498581,0.18742350607090522,"{""mae"": 0.07157466241169518, ""mse"": 0.008374198529248792, ""pearson"": 0.9381314996167697, ""r2"": 0.8780748025361643, ""rmse"": 0.09151064708135766, ""rmsle"": 0.05661978056133084}","{""mae"": 0.18422295217584692, ""mse"": 0.33971944151390043, ""pearson"": 0.03722169108511173, ""r2"": 0.07693869697932366, ""rmse"": 0.1874235060709056, ""rmsle"": 0.1936020169508506}",209.35367512702942,0.03669428825378418,218.41388463974,382.30078125,1061,ok,,0.2.0,"{""mode"": ""best"", ""elapsed_time"": 205.61696767807007, ""n_init_feats"": 8, ""n_added_feats"": 11, ""initial_metric"": null, ""final_metric"": 0.1066223699421748, ""pct_gain"": 0.1988858259747743}"
42712,Bike-Sharing,openml_dataset,stress_test,regression,tabularaml,3,4500,13903,3476,12,22,10,37.656295062516165,rmse,False,38.562832417176665,0.023508059388726597,"{""mae"": 22.91590053007924, ""mse"": 1417.9965578352792, ""pearson"": 0.9779288535550876, ""r2"": 0.9563137724792035, ""rmse"": 37.656295062516165, ""rmsle"": 0.4495339626503572}","{""mae"": 0.04316814839352726, ""mse"": 0.046463489921229416, ""pearson"": 0.001103659342900663, ""r2"": 0.002230932529253473, ""rmse"": 0.023508059388726597, ""rmsle"": 0.06456191792727896}",3619.3946702480316,0.029532194137573242,3625.125001192093,692.84765625,843,ok,,0.2.0,"{""mode"": ""best"", ""elapsed_time"": 3617.822902917862, ""n_init_feats"": 12, ""n_added_feats"": 10, ""initial_metric"": null, ""final_metric"": 41.240767214880776, ""pct_gain"": 0.021616319247668898}"
361258,kin8nm,openml_task,ctr23,regression,tabularaml,4,4500,6553,1639,8,22,14,0.08630986514542886,rmse,False,0.1150664997294045,0.24991317761121626,"{""mae"": 0.0667710656006542, ""mse"": 0.007449392821422115, ""pearson"": 0.9463438823910258, ""r2"": 0.8946102749880283, ""rmse"": 0.08630986514542886, ""rmsle"": 0.05399477068002961}","{""mae"": 0.24733539221436388, ""mse"": 0.4373697588786974, ""pearson"": 0.048212896282515634, ""r2"": 0.10080969860019294, ""rmse"": 0.24991317761121637, ""rmsle"": 0.24993199044650835}",154.21963906288147,0.022080421447753906,161.38647055625916,378.328125,924,ok,,0.2.0,"{""mode"": ""best"", ""elapsed_time"": 150.43318462371826, ""n_init_feats"": 8, ""n_added_feats"": 14, ""initial_metric"": null, ""final_metric"": 0.09635259598310489, ""pct_gain"": 0.27199065013791257}"
361249,white_wine,openml_task,ctr23,regression,tabularaml,0,4500,3918,980,11,33,22,0.6774649581639517,rmse,False,0.6836595162800649,0.009060881869704877,"{""mae"": 0.4789405297259895, ""mse"": 0.45895876954008485, ""pearson"": 0.6960897925531924, ""r2"": 0.47927109215712493, ""rmse"": 0.6774649581639517, ""rmsle"": 0.10419918623608439}","{""mae"": 0.018280009406739513, ""mse"": 0.018039664159153, ""pearson"": 0.01028998034668309, ""r2"": 0.020366727081505755, ""rmse"": 0.009060881869704877, ""rmsle"": 0.011482197698752939}",571.6871509552002,0.03088545799255371,578.3516292572021,405.890625,628,ok,,0.2.0,"{""mode"": ""best"", ""elapsed_time"": 569.6166083812714, ""n_init_feats"": 11, ""n_added_feats"": 22, ""initial_metric"": null, ""final_metric"": 0.6381950657140287, ""pct_gain"": 0.028179170244984047}"
mfeat_factors,mfeat-factors,pmlb,pmlb,multiclass,tabularaml,4,4500,,,,,,,,,,,,,,,4680,,,timeout,wall-clock exceeded 4680s,,
1169,Airlines,openml_dataset,stress_test,classification,tabularaml,0,4500,431506,107877,7,27,20,0.7191526398828916,binary_roc_auc,True,0.7182467787626646,0.0012612115320412422,"{""accuracy"": 0.6656933359288203, ""binary_crossentropy"": 0.607876052588009, ""binary_roc_auc"": 0.7191526398828916, ""f1"": 0.5802802427307998, ""precision"": 0.6582873438777275, ""recall"": 0.5188021559526942}","{""accuracy"": 0.002093130346203728, ""binary_crossentropy"": 0.0008543933962549317, ""binary_roc_auc"": 0.0012612115320412422, ""f1"": 0.005171446063999223, ""precision"": 0.00141985479974157, ""recall"": 0.008128108698289517}",3961.2282450199127,0.19297242164611816,4061.1019854545593,1075.09765625,501,ok,,0.2.0,"{""mode"": ""best"", ""elapsed_time"": 3342.72358417511, ""n_init_feats"": 7, ""n_added_feats"": 20, ""initial_metric"": null, ""final_metric"": 0.7187228704625518, ""pct_gain"": -3.309564150622059e-05}"
361258,kin8nm,openml_task,ctr23,regression,tabularaml,2,4500,6553,1639,8,23,15,0.10494545871633239,rmse,False,0.114776588755677,0.08565448882848382,"{""mae"": 0.08124454208000266, ""mse"": 0.011013549305181426, ""pearson"": 0.920764444245116, ""r2"": 0.845064013356814, ""rmse"": 0.10494545871633239, ""rmsle"": 0.06615650715268118}","{""mae"": 0.0859062105769303, ""mse"": 0.16397228620049964, ""pearson"": 0.018724226476695416, ""r2"": 0.037300714326225635, ""rmse"": 0.08565448882848427, ""rmsle"": 0.09076697010593054}",263.2279009819031,0.02409648895263672,279.15550088882446,388.3828125,1127,ok,,0.2.0,"{""mode"": ""best"", ""elapsed_time"": 259.10582995414734, ""n_init_feats"": 8, ""n_added_feats"": 15, ""initial_metric"": null, ""final_metric"": 0.11711846851474861, ""pct_gain"": 0.09877131046542863}"
361234,abalone,openml_task,ctr23,regression,tabularaml,2,4500,3341,836,8,24,16,2.2831990093631434,rmse,False,2.285126134000224,0.0008433340323787385,"{""mae"": 1.5496468951827602, ""mse"": 5.212997716356839, ""pearson"": 0.7620681479868374, ""r2"": 0.5751046129669249, ""rmse"": 2.2831990093631434, ""rmsle"": 0.17983411892024637}","{""mae"": 0.001798637380747377, ""mse"": 0.001685956852466831, ""pearson"": 0.0009669450987370597, ""r2"": 0.0012492709850147935, ""rmse"": 0.0008433340323785443, ""rmsle"": 0.003545143795122264}",634.9123084545135,0.04296302795410156,637.9386675357819,377.734375,67,ok,,0.2.0,"{""mode"": ""best"", ""elapsed_time"": 631.853110074997, ""n_init_feats"": 8, ""n_added_feats"": 16, ""initial_metric"": null, ""final_metric"": 2.1206198130114315, ""pct_gain"": 0.051409294896201815}"
361234,abalone,openml_task,ctr23,regression,tabularaml,4,4500,3341,836,8,25,17,2.0707498023442388,rmse,False,2.0945985943041823,0.011385853129470838,"{""mae"": 1.4720895113557149, ""mse"": 4.288004743908704, ""pearson"": 0.7313148122478569, ""r2"": 0.5306822436999421, ""rmse"": 2.0707498023442388, ""rmsle"": 0.17278000736257734}","{""mae"": 0.01914144170388353, ""mse"": 0.022642068607455594, ""pearson"": 0.0014589066434336332, ""r2"": 0.020916308114626116, ""rmse"": 0.011385853129470838, ""rmsle"": 0.00697026039264793}",662.7913374900818,0.07133841514587402,669.3704991340637,375.7890625,46,ok,,0.2.0,"{""mode"": ""best"", ""elapsed_time"": 658.5724248886108, ""n_init_feats"": 8, ""n_added_feats"": 17, ""initial_metric"": null, ""final_metric"": 2.1549107842075075, ""pct_gain"": 0.043010001170260784}"
361249,white_wine,openml_task,ctr23,regression,tabularaml,2,4500,3918,980,11,32,21,0.6222108858924588,rmse,False,0.6249850944762445,0.004438839595223641,"{""mae"": 0.4230622289132099, ""mse"": 0.3871463865230783, ""pearson"": 0.7093585529835658, ""r2"": 0.5012530001827442, ""rmse"": 0.6222108858924588, ""rmsle"": 0.09276294203740544}","{""mae"": 0.023481537652353703, ""mse"": 0.008857975893495166, ""pearson"": 0.004694957048320091, ""r2"": 0.008972245216554112, ""rmse"": 0.004438839595223641, ""rmsle"": 0.004300892285289267}",688.3160417079926,0.04491996765136719,701.7908937931061,425.98828125,1024,ok,,0.2.0,"{""mode"": ""best"", ""elapsed_time"": 684.4613347053528, ""n_init_feats"": 11, ""n_added_feats"": 21, ""initial_metric"": null, ""final_metric"": 0.6566305302601319, ""pct_gain"": 0.014086105633647235}"
361236,auction_verification,openml_task,ctr23,regression,tabularaml,0,4500,1634,409,7,4430,4423,624.1610485022803,rmse,False,414.17281068138334,-0.5070063326354797,"{""mae"": 294.2662426566151, ""mse"": 389577.01446746587, ""pearson"": 0.9979319449984188, ""r2"": 0.9956730640148503, ""rmse"": 624.1610485022803, ""rmsle"": 0.34063986483692116}","{""mae"": -0.4424961633687295, ""mse"": -1.2710680866034376, ""pearson"": -0.001125732347265885, ""r2"": -0.00242631596554349, ""rmse"": -0.5070063326354797, ""rmsle"": 0.41350403721079587}",1038.7534737586975,34.56163167953491,1137.0381257534027,589.88671875,492,ok,,0.2.0,"{""mode"": ""best"", ""elapsed_time"": 902.4919080734253, ""n_init_feats"": 7, ""n_added_feats"": 28, ""initial_metric"": null, ""final_metric"": 817.3302394523839, ""pct_gain"": 0.6004713584151068}"
503_wind,wind,pmlb,pmlb,regression,tabularaml,0,4500,,,,,,,,,,,,,,,4680,,,timeout,wall-clock exceeded 4680s,,
361264,socmob,openml_task,ctr23,regression,tabularaml,2,4500,924,232,5,22,17,12.452837346025953,rmse,False,11.578882992120487,-0.07547829566117892,"{""mae"": 4.759128957551579, ""mse"": 155.0731579665787, ""pearson"": 0.9257501864525148, ""r2"": 0.8523236699603571, ""rmse"": 12.452837346025953, ""rmsle"": 0.4022528930601932}","{""mae"": -0.005954049850404215, ""mse"": -0.15665356443827375, ""pearson"": -0.010658728056840728, ""r2"": -0.022928191732354976, ""rmse"": -0.07547829566117875, ""rmsle"": 0.10226206670875321}",243.87765431404114,0.04386186599731445,254.891446352005,357.9609375,455,ok,,0.2.0,"{""mode"": ""best"", ""elapsed_time"": 243.3189299106598, ""n_init_feats"": 5, ""n_added_feats"": 17, ""initial_metric"": null, ""final_metric"": 13.972710832281427, ""pct_gain"": 0.19185685345549536}"
361236,auction_verification,openml_task,ctr23,regression,tabularaml,3,4500,1634,409,7,5897,5890,379.15835697362826,rmse,False,382.64486574383926,0.009111604734153256,"{""mae"": 177.17288404589192, ""mse"": 143761.05966294132, ""pearson"": 0.9993542060432941, ""r2"": 0.9986674131996449, ""rmse"": 379.15835697362826, ""rmsle"": 0.40313306015983247}","{""mae"": 0.09994994886740131, ""mse"": 0.01814018812747511, ""pearson"": 1.496687643995311e-05, ""r2"": 2.4653446264910448e-05, ""rmse"": 0.009111604734153256, ""rmsle"": 0.24807045433166264}",1008.6594145298004,46.82700037956238,1139.9294469356537,889.58203125,517,ok,,0.2.0,"{""mode"": ""best"", ""elapsed_time"": 809.9098546504974, ""n_init_feats"": 7, ""n_added_feats"": 30, ""initial_metric"": null, ""final_metric"": 730.465333322876, ""pct_gain"": 0.6446971572667026}"
361619,student_performance,openml_task,ctr23,regression,tabularaml,2,4500,519,130,30,106,76,3.371162693310068,rmse,False,3.0720746919135133,-0.09735700833831638,"{""mae"": 2.374796199798584, ""mse"": 11.364737904765592, ""pearson"": 0.3409698903041768, ""r2"": 0.05673389816842245, ""rmse"": 3.371162693310068, ""rmsle"": 0.5480413315675158}","{""mae"": -0.17843004613986693, ""mse"": -0.2041924037492197, ""pearson"": -0.32409276565853024, ""r2"": -0.7381692504458217, ""rmse"": -0.09735700833831638, ""rmsle"": -0.02352597187725948}",2443.4977836608887,0.16442251205444336,2453.9814324378967,363.4375,74,ok,,0.2.0,"{""mode"": ""best"", ""elapsed_time"": 2441.912937641144, ""n_init_feats"": 30, ""n_added_feats"": 76, ""initial_metric"": null, ""final_metric"": 2.5311801232882365, ""pct_gain"": 0.06271906556867471}"
581_fri_c3_500_25,Friedman-c3,pmlb,pmlb,regression,tabularaml,3,4500,,,,,,,,,,,,,,,4680,,,timeout,wall-clock exceeded 4680s,,
361264,socmob,openml_task,ctr23,regression,tabularaml,3,4500,924,232,5,307,302,21.51076605973891,rmse,False,20.99947311381067,-0.024347894023682867,"{""mae"": 6.163025460686889, ""mse"": 462.7130564768154, ""pearson"": 0.9056435270854352, ""r2"": 0.8102924954107886, ""rmse"": 21.51076605973891, ""rmsle"": 0.440334924842083}","{""mae"": 0.11466250170937912, ""mse"": -0.049288607990754296, ""pearson"": -0.007039441980481001, ""r2"": -0.01087787852664554, ""rmse"": -0.024347894023682867, ""rmsle"": 0.037019948599021184}",401.9487760066986,1.5374236106872559,417.1971161365509,370.05859375,410,ok,,0.2.0,"{""mode"": ""best"", ""elapsed_time"": 396.86780047416687, ""n_init_feats"": 5, ""n_added_feats"": 12, ""initial_metric"": null, ""final_metric"": 14.550101679309964, ""pct_gain"": 0.12677925632219492}"
361264,socmob,openml_task,ctr23,regression,tabularaml,1,4500,924,232,5,311,306,14.38285848050932,rmse,False,16.45763656541037,0.12606780303203968,"{""mae"": 4.915130921605782, ""mse"": 206.86661807035887, ""pearson"": 0.9701701740599683, ""r2"": 0.9088110246267721, ""rmse"": 14.38285848050932, ""rmsle"": 0.4094331523044818}","{""mae"": 0.07529827697490332, ""mse"": 0.23624251510275407, ""pearson"": 0.013517625871587226, ""r2"": 0.03203051077586193, ""rmse"": 0.12606780303203968, ""rmsle"": -0.015926755609038345}",464.4571394920349,1.285935401916504,478.52418541908264,376.90625,376,ok,,0.2.0,"{""mode"": ""best"", ""elapsed_time"": 457.5339004993439, ""n_init_feats"": 5, ""n_added_feats"": 14, ""initial_metric"": null, ""final_metric"": 15.015290852792756, ""pct_gain"": 0.07472555784621417}"
361264,socmob,openml_task,ctr23,regression,tabularaml,0,4500,924,232,5,317,312,25.44478810973353,rmse,False,30.67049396798381,0.17038218763953616,"{""mae"": 5.738295656240322, ""mse"": 647.4372419492369, ""pearson"": 0.8963715975268, ""r2"": 0.7259553575164027, ""rmse"": 25.44478810973353, ""rmsle"": 0.4022873277303661}","{""mae"": 0.3329725719877957, ""mse"": 0.31173428541423814, ""pearson"": 0.014511999690608327, ""r2"": 0.20624037874913836, ""rmse"": 0.17038218763953616, ""rmsle"": 0.5449645017602729}",479.13547134399414,1.4415147304534912,492.77659034729004,365.890625,268,ok,,0.2.0,"{""mode"": ""best"", ""elapsed_time"": 471.5525357723236, ""n_init_feats"": 5, ""n_added_feats"": 14, ""initial_metric"": null, ""final_metric"": 12.694485489411626, ""pct_gain"": 0.10631143678894564}"
42712,Bike-Sharing,openml_dataset,stress_test,regression,tabularaml,1,4500,13903,3476,12,737,725,38.2838366022489,rmse,False,37.71753657843619,-0.015014236749927948,"{""mae"": 23.37706579457137, ""mse"": 1465.6521449876923, ""pearson"": 0.9778952740377993, ""r2"": 0.9560681083100694, ""rmse"": 38.2838366022489, ""rmsle"": 0.4239155182913312}","{""mae"": -0.0016282872546611153, ""mse"": -0.030253900805038675, ""pearson"": -0.0006798521667981349, ""r2"": -0.0013475427711050073, ""rmse"": -0.015014236749927948, ""rmsle"": 0.10384214550075017}",4158.265426635742,10.41983151435852,4209.51084280014,804.63671875,755,ok,,0.2.0,"{""mode"": ""best"", ""elapsed_time"": 4037.1632404327393, ""n_init_feats"": 12, ""n_added_feats"": 575, ""initial_metric"": null, ""final_metric"": 42.71479699188548, ""pct_gain"": 0.006195275319812225}"
42712,Bike-Sharing,openml_dataset,stress_test,regression,tabularaml,2,4500,13903,3476,12,733,721,40.84223750402672,rmse,False,40.60308768292833,-0.005889941744478168,"{""mae"": 24.33203080182593, ""mse"": 1668.0883643353268, ""pearson"": 0.9748712522497304, ""r2"": 0.9501899621894114, ""rmse"": 40.84223750402672, ""rmsle"": 0.45685240818701667}","{""mae"": -0.004304196511473019, ""mse"": -0.01181457490270978, ""pearson"": -0.00031507290488311983, ""r2"": -0.0006117272839470321, ""rmse"": -0.005889941744478168, ""rmsle"": 0.05158560936352262}",4130.405433654785,8.985274314880371,4199.135296821594,773.3359375,1232,ok,,0.2.0,"{""mode"": ""best"", ""elapsed_time"": 4014.9769513607025, ""n_init_feats"": 12, ""n_added_feats"": 557, ""initial_metric"": null, ""final_metric"": 42.600893133610896, ""pct_gain"": 0.008796737086222505}"
yeast,yeast,pmlb,stress_test,multiclass,tabularaml,0,4500,1183,296,8,24,16,1.0497860453292929,categorical_crossentropy,False,1.044969775940518,-0.004609003532604494,"{""accuracy"": 0.914414414383522, ""categorical_crossentropy"": 1.0497860453292929, ""categorical_roc_auc"": 0.884321876356971, ""f1"": 0.5675304555491626, ""precision"": 0.6354526290320165, ""recall"": 0.5556936341223646}","{""accuracy"": 0.004950495049504987, ""categorical_crossentropy"": -0.004609003532604494, ""categorical_roc_auc"": -0.01166965660027717, ""f1"": 0.05941972544903156, ""precision"": 0.04392930428285862, ""recall"": 0.06932573386313116}",2537.961918115616,0.01819443702697754,3851.534712076187,366.265625,88,ok,,0.2.0,"{""mode"": ""best"", ""elapsed_time"": 2403.9141294956207, ""n_init_feats"": 8, ""n_added_feats"": 16, ""initial_metric"": null, ""final_metric"": 1.6463596884634046, ""pct_gain"": 0.04735792780380928}"
yeast,yeast,pmlb,stress_test,multiclass,tabularaml,1,4500,1183,296,8,21,13,1.0354223097800404,categorical_crossentropy,False,1.02670347067603,-0.008492071326367858,"{""accuracy"": 0.9196696696385998, ""categorical_crossentropy"": 1.0354223097800404, ""categorical_roc_auc"": 0.8321694320447806, ""f1"": 0.5204260209619408, ""precision"": 0.5157115529512422, ""recall"": 0.5336746976179716}","{""accuracy"": -0.0008156606851549814, ""categorical_crossentropy"": -0.008492071326368077, ""categorical_roc_auc"": -0.014244118202666387, ""f1"": -0.0073221077866654485, ""precision"": -0.008524798033866805, ""recall"": -0.005860265313887504}",3720.2479701042175,0.03351712226867676,3728.738804578781,372.40234375,106,ok,,0.2.0,"{""mode"": ""best"", ""elapsed_time"": 3636.678647994995, ""n_init_feats"": 8, ""n_added_feats"": 13, ""initial_metric"": null, ""final_metric"": 1.7987339065557215, ""pct_gain"": 0.058105615734139984}"
42712,Bike-Sharing,openml_dataset,stress_test,regression,tabularaml,0,4500,13903,3476,12,749,737,37.74823024604411,rmse,False,39.17820162052515,0.03649915808621219,"{""mae"": 22.851947648543568, ""mse"": 1424.9288867083594, ""pearson"": 0.9784792188999228, ""r2"": 0.9572979602950429, ""rmse"": 37.74823024604411, ""rmsle"": 0.43985981034852706}","{""mae"": 0.051015913860075986, ""mse"": 0.07166612763142208, ""pearson"": 0.0017251399696669074, ""r2"": 0.0034554876131917497, ""rmse"": 0.03649915808621219, ""rmsle"": 0.09960487140888725}",4323.2501537799835,11.828417539596558,4431.060033559799,817.45703125,701,ok,,0.2.0,"{""mode"": ""best"", ""elapsed_time"": 4182.109079360962, ""n_init_feats"": 12, ""n_added_feats"": 563, ""initial_metric"": null, ""final_metric"": 40.57026349087183, ""pct_gain"": 0.01863063780803192}"
1169,Airlines,openml_dataset,stress_test,classification,tabularaml,4,4500,,,,,,,,,,,,,,,4680,,,timeout,wall-clock exceeded 4680s,,
361247,naval_propulsion,openml_task,ctr23,regression,tabularaml,0,4500,9547,2387,14,26,12,0.0007701885889818365,rmse,False,0.0010528835527647,0.2684959443430879,"{""mae"": 0.0005580384354737217, ""mse"": 5.931904625978323e-07, ""pearson"": 0.9986382224022174, ""r2"": 0.997252673776072, ""rmse"": 0.0007701885889818365, ""rmsle"": 0.000389512257284065}","{""mae"": 0.21756642501502516, ""mse"": 0.4649018165575504, ""pearson"": 0.0012034113799059651, ""r2"": 0.0023992390260321617, ""rmse"": 0.26849594434312973, ""rmsle"": 0.2681383333375984}",776.6148457527161,0.09006166458129883,783.0587637424469,440.51171875,817,ok,,0.2.0,"{""mode"": ""best"", ""elapsed_time"": 765.8533256053925, ""n_init_feats"": 14, ""n_added_feats"": 12, ""initial_metric"": null, ""final_metric"": 0.0009798402413558804, ""pct_gain"": 0.342624826791908}"
42712,Bike-Sharing,openml_dataset,stress_test,regression,tabularaml,4,4500,,,,,,,,,,,,,,,4680,,,timeout,wall-clock exceeded 4680s,,
40927,Sleep,openml_dataset,stress_test,classification,tabularaml,0,4500,,,,,,,,,,,,,,,4680,,,timeout,wall-clock exceeded 4680s,,
40927,Sleep,openml_dataset,stress_test,classification,tabularaml,1,4500,,,,,,,,,,,,,,,4680,,,timeout,wall-clock exceeded 4680s,,
40927,Sleep,openml_dataset,stress_test,classification,tabularaml,2,4500,,,,,,,,,,,,,,,4680,,,timeout,wall-clock exceeded 4680s,,
40927,Sleep,openml_dataset,stress_test,classification,tabularaml,3,4500,,,,,,,,,,,,,,,4680,,,timeout,wall-clock exceeded 4680s,,
361247,naval_propulsion,openml_task,ctr23,regression,tabularaml,3,4500,9547,2387,14,31,17,0.000644574831551437,rmse,False,0.0010559527310474,0.3895798433021875,"{""mae"": 0.00042785200355539604, ""mse"": 4.154767134695633e-07, ""pearson"": 0.9990490730989753, ""r2"": 0.9980756661136378, ""rmse"": 0.000644574831551437, ""rmsle"": 0.00032651143687233836}","{""mae"": 0.4156982689165653, ""mse"": 0.6273872322970659, ""pearson"": 0.0016237694682360124, ""r2"": 0.0032569198303543166, ""rmse"": 0.38957984330222667, ""rmsle"": 0.3893934272532656}",903.413471698761,0.03996562957763672,909.8131909370422,420.5859375,548,ok,,0.2.0,"{""mode"": ""best"", ""elapsed_time"": 892.1468472480774, ""n_init_feats"": 14, ""n_added_feats"": 17, ""initial_metric"": null, ""final_metric"": 0.0008111484711900452, ""pct_gain"": 0.4444699641746145}"
40927,Sleep,openml_dataset,stress_test,classification,tabularaml,4,4500,,,,,,,,,,,,,,,4680,,,timeout,wall-clock exceeded 4680s,,
361247,naval_propulsion,openml_task,ctr23,regression,tabularaml,2,4500,9547,2387,14,26,12,0.0005500251975464683,rmse,False,0.0010092244105131,0.4550020869324496,"{""mae"": 0.0004158975625567533, ""mse"": 3.025277179360315e-07, ""pearson"": 0.9993037167548442, ""r2"": 0.9985963534552422, ""rmse"": 0.0005500251975464683, ""rmsle"": 0.00027852972180490785}","{""mae"": 0.4123853913014666, ""mse"": 0.7029772747520165, ""pearson"": 0.0016645977659381311, ""r2"": 0.0033378482440215955, ""rmse"": 0.4550020869324512, ""rmsle"": 0.45505373035005786}",963.3481850624084,0.044951438903808594,967.4547140598297,428.78515625,824,ok,,0.2.0,"{""mode"": ""best"", ""elapsed_time"": 956.3878364562988, ""n_init_feats"": 14, ""n_added_feats"": 12, ""initial_metric"": null, ""final_metric"": 0.0006514461388828544, ""pct_gain"": 0.5384419856428959}"
361236,auction_verification,openml_task,ctr23,regression,tabularaml,1,4500,1634,409,7,7380,7373,578.5467986038082,rmse,False,357.9549782401087,-0.6162557689468174,"{""mae"": 217.84380343660305, ""mse"": 334716.39817471534, ""pearson"": 0.9983204301742842, ""r2"": 0.9966207680632879, ""rmse"": 578.5467986038082, ""rmsle"": 0.20011624996284413}","{""mae"": 0.020163900760761216, ""mse"": -1.612282710653868, ""pearson"": -0.0010415726587928466, ""r2"": -0.0020883398988487062, ""rmse"": -0.6162557689468174, ""rmsle"": 0.6375704726023653}",2149.158064365387,92.25065612792969,2321.0062189102173,787.85546875,381,ok,,0.2.0,"{""mode"": ""best"", ""elapsed_time"": 1822.9247856140137, ""n_init_feats"": 7, ""n_added_feats"": 38, ""initial_metric"": null, ""final_metric"": 724.3817851250017, ""pct_gain"": 0.6337450470169907}"
361619,student_performance,openml_task,ctr23,regression,tabularaml,0,4500,519,130,30,92,62,2.4292650324000835,rmse,False,2.393496184224936,-0.014944184332063253,"{""mae"": 1.7755414999448336, ""mse"": 5.901328597641778, ""pearson"": 0.46198989278275765, ""r2"": 0.16928389001677513, ""rmse"": 2.4292650324000835, ""rmsle"": 0.29160705699878137}","{""mae"": -0.053417876894744365, ""mse"": -0.03011169730947734, ""pearson"": -0.01475484186830589, ""r2"": -0.12545047956850197, ""rmse"": -0.014944184332063442, ""rmsle"": 0.016163613527475598}",3609.329416036606,0.2434558868408203,3612.9762966632843,356.11328125,59,ok,,0.2.0,"{""mode"": ""best"", ""elapsed_time"": 3605.419140815735, ""n_init_feats"": 30, ""n_added_feats"": 62, ""initial_metric"": null, ""final_metric"": 2.9340414120638583, ""pct_gain"": 0.03369385199139272}"
361619,student_performance,openml_task,ctr23,regression,tabularaml,1,4500,519,130,30,86,56,3.5232755047417417,rmse,False,3.376023486576167,-0.04361700051882995,"{""mae"": 2.5697041511535645, ""mse"": 12.413470282313176, ""pearson"": 0.28248985107588404, ""r2"": 0.07578055425111963, ""rmse"": 3.5232755047417417, ""rmsle"": 0.5198899153222315}","{""mae"": -0.050496388074129164, ""mse"": -0.08913644377191957, ""pearson"": -0.31179216262345855, ""r2"": -0.4995339209812734, ""rmse"": -0.04361700051882995, ""rmsle"": -0.02354808334460129}",3615.047016620636,0.18859148025512695,3624.525703907013,363.20703125,18,ok,,0.2.0,"{""mode"": ""best"", ""elapsed_time"": 3609.964908838272, ""n_init_feats"": 30, ""n_added_feats"": 56, ""initial_metric"": null, ""final_metric"": 2.3576176658862407, ""pct_gain"": 0.09902209418882489}"
361247,naval_propulsion,openml_task,ctr23,regression,tabularaml,1,4500,9547,2387,14,30,16,0.000659073094824589,rmse,False,0.0009852558497326,0.33106401245578754,"{""mae"": 0.000467265767335993, ""mse"": 4.343773443216617e-07, ""pearson"": 0.9990100171860141, ""r2"": 0.9980129607402721, ""rmse"": 0.000659073094824589, ""rmsle"": 0.0003332891726653346}","{""mae"": 0.33064764585824374, ""mse"": 0.5525246445682906, ""pearson"": 0.0012217548259204143, ""r2"": 0.0024644600562330143, ""rmse"": 0.33106401245581846, ""rmsle"": 0.3315370593392116}",1211.4653820991516,0.1018972396850586,1223.6310348510742,432.31640625,546,ok,,0.2.0,"{""mode"": ""best"", ""elapsed_time"": 1203.2784855365753, ""n_init_feats"": 14, ""n_added_feats"": 16, ""initial_metric"": null, ""final_metric"": 0.0008433939635960638, ""pct_gain"": 0.42796652264187973}"
adult,adult-pmlb,pmlb,stress_test,classification,tabularaml,0,4500,39073,9769,14,29,15,0.9249687371896728,binary_roc_auc,True,0.9249504048595814,1.981979789953334e-05,"{""accuracy"": 0.8706111167971433, ""binary_crossentropy"": 0.28205496540546804, ""binary_roc_auc"": 0.9249687371896728, ""f1"": 0.9172449864912415, ""precision"": 0.8931531301786394, ""recall"": 0.9426725878065635}","{""accuracy"": -0.00023510050546615151, ""binary_crossentropy"": 0.0034783297628773672, ""binary_roc_auc"": 1.981979789953334e-05, ""f1"": 8.191572486281112e-05, ""precision"": -0.002281353792298232, ""recall"": 0.0025762129669385657}",4064.421853542328,0.04963803291320801,4140.035715341568,792.22265625,219,ok,,0.2.0,"{""mode"": ""best"", ""elapsed_time"": 3633.1947371959686, ""n_init_feats"": 14, ""n_added_feats"": 15, ""initial_metric"": null, ""final_metric"": 0.9297783218033266, ""pct_gain"": 0.000659514157595314}"
361619,student_performance,openml_task,ctr23,regression,tabularaml,3,4500,519,130,30,105,75,2.67127659579633,rmse,False,2.585733727162925,-0.03308262863062195,"{""mae"": 2.0649537269885725, ""mse"": 7.135718651249228, ""pearson"": 0.42692237489716334, ""r2"": 0.1707274382234204, ""rmse"": 2.67127659579633, ""rmsle"": 0.3176132771193221}","{""mae"": -0.06559602799122197, ""mse"": -0.06725971757835537, ""pearson"": -0.1402311084446801, ""r2"": -0.23436827131557295, ""rmse"": -0.03308262863062195, ""rmsle"": -0.02320384648418484}",3611.7736377716064,0.20798826217651367,3614.8102734088898,361.58203125,43,ok,,0.2.0,"{""mode"": ""best"", ""elapsed_time"": 3609.496233224869, ""n_init_feats"": 30, ""n_added_feats"": 75, ""initial_metric"": null, ""final_metric"": 2.773360510048973, ""pct_gain"": 0.0214243508804749}"
connect_4,connect-4,pmlb,stress_test,classification,tabularaml,4,4500,54045,13512,42,70,28,0.3575704172106347,categorical_crossentropy,False,0.3773907302255057,0.052519342494256716,"{""accuracy"": 0.9073416222610217, ""categorical_crossentropy"": 0.3575704172106347, ""categorical_roc_auc"": 0.9378798132158401, ""f1"": 0.7178114772969623, ""precision"": 0.7599845489541949, ""recall"": 0.6989221663970705}","{""accuracy"": 0.004698426573426652, ""categorical_crossentropy"": 0.052519342494256716, ""categorical_roc_auc"": 0.006680770741836337, ""f1"": 0.017077157000837766, ""precision"": 0.00480980229181917, ""recall"": 0.01954026261196286}",4158.109559774399,0.1662731170654297,4239.24436378479,882.375,1991,ok,,0.2.0,"{""mode"": ""best"", ""elapsed_time"": 3612.0522124767303, ""n_init_feats"": 42, ""n_added_feats"": 28, ""initial_metric"": null, ""final_metric"": 0.45988020429968, ""pct_gain"": 0.055613054588295574}"
connect_4,connect-4,pmlb,stress_test,classification,tabularaml,1,4500,54045,13512,42,73,31,0.3475873197261036,categorical_crossentropy,False,0.3711808067781468,0.06356332714731368,"{""accuracy"": 0.9092658377731576, ""categorical_crossentropy"": 0.3475873197261036, ""categorical_roc_auc"": 0.9410321792276579, ""f1"": 0.7252394711718312, ""precision"": 0.7679565365013549, ""recall"": 0.7050886098838559}","{""accuracy"": 0.0052364588447060285, ""categorical_crossentropy"": 0.06356332714731382, ""categorical_roc_auc"": 0.00790464800679838, ""f1"": 0.026913204658944777, ""precision"": 0.010377177572127461, ""recall"": 0.028329183257940052}",4331.8279004096985,0.06395649909973145,4404.869737863541,887.63671875,1999,ok,,0.2.0,"{""mode"": ""best"", ""elapsed_time"": 3608.283061027527, ""n_init_feats"": 42, ""n_added_feats"": 31, ""initial_metric"": null, ""final_metric"": 0.4531168457282046, ""pct_gain"": 0.0732324682160866}"
monk2,monk2,pmlb,stress_test,classification,tabularaml,4,4500,,,,,,,,,,,,,,,4680,,,timeout,wall-clock exceeded 4680s,,
adult,adult-pmlb,pmlb,stress_test,classification,tabularaml,3,4500,39073,9769,14,33,19,0.9344536027431842,binary_roc_auc,True,0.933418358507623,0.0011090892161328466,"{""accuracy"": 0.8755246186908838, ""binary_crossentropy"": 0.2654189446012448, ""binary_roc_auc"": 0.9344536027431842, ""f1"": 0.9202204385132506, ""precision"": 0.8978363845846911, ""recall"": 0.9437491589275417}","{""accuracy"": -0.001051156271899062, ""binary_crossentropy"": 0.010403262033310098, ""binary_roc_auc"": 0.0011090892161328466, ""f1"": -0.000646892248931722, ""precision"": -0.0005845203213757136, ""recall"": -0.0007124536905100877}",4288.948026418686,0.0423274040222168,4298.778139591217,843.3359375,324,ok,,0.2.0,"{""mode"": ""best"", ""elapsed_time"": 3606.1268367767334, ""n_init_feats"": 14, ""n_added_feats"": 19, ""initial_metric"": null, ""final_metric"": 0.928681560525014, ""pct_gain"": 0.0022076775212144656}"
connect_4,connect-4,pmlb,stress_test,classification,tabularaml,0,4500,,,,,,,,,,,,,,,4680,,,timeout,wall-clock exceeded 4680s,,
adult,adult-pmlb,pmlb,stress_test,classification,tabularaml,4,4500,39073,9769,14,28,14,0.9264667504485808,binary_roc_auc,True,0.9254260957294134,0.0011245141281079197,"{""accuracy"": 0.8705087521743571, ""binary_crossentropy"": 0.27827107847374716, ""binary_roc_auc"": 0.9264667504485808, ""f1"": 0.9169675040270641, ""precision"": 0.8950538185534405, ""recall"": 0.9399811600041179}","{""accuracy"": 0.0009416195856873864, ""binary_crossentropy"": 0.006456245509801595, ""binary_roc_auc"": 0.0011245141281079197, ""f1"": 0.00041758330426400973, ""precision"": 0.002040520343492894, ""recall"": -0.0012868172719474253}",4326.394103050232,0.043897390365600586,4331.975766181946,808.33203125,287,ok,,0.2.0,"{""mode"": ""best"", ""elapsed_time"": 3637.2902665138245, ""n_init_feats"": 14, ""n_added_feats"": 14, ""initial_metric"": null, ""final_metric"": 0.9299679649699042, ""pct_gain"": 0.0014392051800657779}"
connect_4,connect-4,pmlb,stress_test,classification,tabularaml,2,4500,,,,,,,,,,,,,,,4680,,,timeout,wall-clock exceeded 4680s,,
361255,california_housing,openml_task,ctr23,regression,tabularaml,1,4500,16512,4128,8,23,15,43606.86983766269,rmse,False,45517.10877486391,0.04196749285306357,"{""mae"": 27042.240236267564, ""mse"": 1901559097.0388565, ""pearson"": 0.9247397618425961, ""r2"": 0.8550299328250754, ""rmse"": 43606.86983766269, ""rmsle"": 0.21880077920435703}","{""mae"": 0.10001675980405417, ""mse"": 0.08217371524975516, ""pearson"": 0.0077008037321791446, ""r2"": 0.015413900734529843, ""rmse"": 0.04196749285306357, ""rmsle"": 0.047628399321126696}",440.6610963344574,0.030965566635131836,459.66117429733276,438.828125,880,ok,,0.2.0,"{""mode"": ""best"", ""elapsed_time"": 431.37553453445435, ""n_init_feats"": 8, ""n_added_feats"": 15, ""initial_metric"": null, ""final_metric"": 44945.00783319213, ""pct_gain"": 0.08122151841438016}"
connect_4,connect-4,pmlb,stress_test,classification,tabularaml,3,4500,54045,13512,42,74,32,0.34981089264514514,categorical_crossentropy,False,0.3754585806518425,0.06831029926701851,"{""accuracy"": 0.9107460035517237, ""categorical_crossentropy"": 0.34981089264514514, ""categorical_roc_auc"": 0.9393615204055265, ""f1"": 0.7250318148920977, ""precision"": 0.7696859579522427, ""recall"": 0.7070054704765849}","{""accuracy"": 0.007422365333187766, ""categorical_crossentropy"": 0.06831029926701851, ""categorical_roc_auc"": 0.007641482866458005, ""f1"": 0.025355986870189747, ""precision"": 0.017858199314323874, ""recall"": 0.026224461325578135}",4548.130994796753,0.08044052124023438,4656.462726593018,856.828125,1999,ok,,0.2.0,"{""mode"": ""best"", ""elapsed_time"": 3604.854657649994, ""n_init_feats"": 42, ""n_added_feats"": 32, ""initial_metric"": null, ""final_metric"": 0.45030964361126263, ""pct_gain"": 0.07827777380804549}"
361272,fifa,openml_task,ctr23,regression,tabularaml,0,4500,15342,3836,28,29,1,9548.595841088174,rmse,False,9479.019066269491,-0.007340081746039247,"{""mae"": 3860.678315463634, ""mse"": 91175682.53644636, ""pearson"": 0.8591363493347857, ""r2"": 0.7365241046864386, ""rmse"": 9548.595841088174, ""rmsle"": 0.7609111052600448}","{""mae"": -0.005428509128342749, ""mse"": -0.014734040292117102, ""pearson"": -0.0021329699799883662, ""r2"": -0.005167417462958189, ""rmse"": -0.007340081746039247, ""rmsle"": -0.01193520946785567}",312.6928405761719,0.021288156509399414,317.5147752761841,363.5390625,293,ok,,0.2.0,"{""mode"": ""best"", ""elapsed_time"": 309.20074939727783, ""n_init_feats"": 28, ""n_added_feats"": 1, ""initial_metric"": null, ""final_metric"": 9372.745184778196, ""pct_gain"": 0.010683125308958567}"
361260,miami_housing,openml_task,ctr23,regression,tabularaml,1,4500,11145,2787,15,45,30,82108.08618243902,rmse,False,82760.29173232896,0.007880657936771979,"{""mae"": 41488.85473851812, ""mse"": 6741737816.542832, ""pearson"": 0.9641358257163225, ""r2"": 0.9294565841669532, ""rmse"": 82108.08618243902, ""rmsle"": 0.1408480455475325}","{""mae"": -0.019109775716848652, ""mse"": 0.01569921110402753, ""pearson"": 0.0003157107149176213, ""r2"": 0.0012120022336453687, ""rmse"": 0.007880657936771979, ""rmsle"": -0.018296962269933877}",1539.237848997116,0.07635092735290527,1554.7531521320343,474.92578125,492,ok,,0.2.0,"{""mode"": ""best"", ""elapsed_time"": 1519.2780113220215, ""n_init_feats"": 15, ""n_added_feats"": 30, ""initial_metric"": null, ""final_metric"": 96222.2807786035, ""pct_gain"": -0.0007056842971549321}"
361255,california_housing,openml_task,ctr23,regression,tabularaml,3,4500,16512,4128,8,24,16,41926.48891016874,rmse,False,45009.684786055135,0.06850072135678746,"{""mae"": 26861.094568533492, ""mse"": 1757830472.334502, ""pearson"": 0.931261858808739, ""r2"": 0.8670938878171992, ""rmse"": 41926.48891016874, ""rmsle"": 0.20575182635777509}","{""mae"": 0.07962206500546129, ""mse"": 0.13230909388717463, ""pearson"": 0.011897251103328236, ""r2"": 0.023931751745869936, ""rmse"": 0.06850072135678746, ""rmsle"": 0.08216867704912997}",531.232257604599,0.022932767868041992,546.282773733139,423.64453125,519,ok,,0.2.0,"{""mode"": ""best"", ""elapsed_time"": 524.7323985099792, ""n_init_feats"": 8, ""n_added_feats"": 16, ""initial_metric"": null, ""final_metric"": 46108.2168906546, ""pct_gain"": 0.06891656668203267}"
adult,adult-pmlb,pmlb,stress_test,classification,tabularaml,1,4500,,,,,,,,,,,,,,,4680,,,timeout,wall-clock exceeded 4680s,,
361616,Moneyball,openml_task,ctr23,regression,tabularaml,1,4500,985,247,14,364,350,34.65065181064069,rmse,False,26.324811341646623,-0.31627350946376365,"{""mae"": 26.195476825420673, ""mse"": 1200.667670902257, ""pearson"": 0.9265480241641735, ""r2"": 0.8434465219686119, ""rmse"": 34.65065181064069, ""rmsle"": 0.047345303197227996}","{""mae"": -0.3055370659711034, ""mse"": -0.7325759517160526, ""pearson"": -0.030110588405517245, ""r2"": -0.07277010009582466, ""rmse"": -0.3162735094637635, ""rmsle"": -0.27297170066661414}",3668.091590642929,1.427809715270996,3684.5983860492706,412.03125,536,ok,,0.2.0,"{""mode"": ""best"", ""elapsed_time"": 3662.9795818328857, ""n_init_feats"": 14, ""n_added_feats"": 350, ""initial_metric"": null, ""final_metric"": 22.96749725769862, ""pct_gain"": 0.0402933746379188}"
361272,fifa,openml_task,ctr23,regression,tabularaml,4,4500,15342,3836,28,28,0,9815.746821087045,rmse,False,9824.912922483987,0.0009329447975020802,"{""mae"": 4005.172890672097, ""mse"": 96348885.65568042, ""pearson"": 0.882053314395728, ""r2"": 0.7652152791388979, ""rmse"": 9815.746821087045, ""rmsle"": 0.768130581123636}","{""mae"": 0.0004313311467276374, ""mse"": 0.001865019209009488, ""pearson"": 0.000307672352179173, ""r2"": 0.0005736266002294747, ""rmse"": 0.0009329447975022652, ""rmsle"": 0.0010121538440682233}",203.15214729309082,0.007577657699584961,206.99285578727722,354.75390625,61,ok,,0.2.0,"{""mode"": ""best"", ""elapsed_time"": 200.08811378479004, ""n_init_feats"": 28, ""n_added_feats"": 0, ""initial_metric"": null, ""final_metric"": 9444.703640037127, ""pct_gain"": 0.0}"
361616,Moneyball,openml_task,ctr23,regression,tabularaml,2,4500,985,247,14,356,342,24.723150216551524,rmse,False,25.264782928577777,0.021438249184939383,"{""mae"": 19.42815346659919, ""mse"": 611.2341566301716, ""pearson"": 0.9610324674023011, ""r2"": 0.9228787253003579, ""rmse"": 24.723150216551524, ""rmsle"": 0.034938361130834275}","{""mae"": -0.010891611409409505, ""mse"": 0.04241689984176338, ""pearson"": 0.0009946949819584455, ""r2"": 0.0037153744660081423, ""rmse"": 0.021438249184939383, ""rmsle"": 0.015948741916615553}",3682.6544222831726,1.423584222793579,3690.4699354171753,395.3125,350,ok,,0.2.0,"{""mode"": ""best"", ""elapsed_time"": 3675.257433652878, ""n_init_feats"": 14, ""n_added_feats"": 342, ""initial_metric"": null, ""final_metric"": 24.167578543972972, ""pct_gain"": 0.03148864653686159}"
361616,Moneyball,openml_task,ctr23,regression,tabularaml,0,4500,985,247,14,697,683,25.707968441899435,rmse,False,25.46265238302655,-0.009634348188973916,"{""mae"": 20.491515371963562, ""mse"": 660.8996414096973, ""pearson"": 0.9610380164281898, ""r2"": 0.9214951530835844, ""rmse"": 25.707968441899435, ""rmsle"": 0.0355208952310649}","{""mae"": 0.0017234183192134207, ""mse"": -0.01936151704297435, ""pearson"": -0.0008372553673760296, ""r2"": -0.0016155201741024073, ""rmse"": -0.009634348188973916, ""rmsle"": -0.0053220905475225636}",3717.7808532714844,4.201976299285889,3732.892158985138,423.94921875,213,ok,,0.2.0,"{""mode"": ""best"", ""elapsed_time"": 3707.2644114494324, ""n_init_feats"": 14, ""n_added_feats"": 683, ""initial_metric"": null, ""final_metric"": 24.386825185887073, ""pct_gain"": 0.0014609551512036727}"
adult,adult-pmlb,pmlb,stress_test,classification,tabularaml,2,4500,,,,,,,,,,,,,,,4680,,,timeout,wall-clock exceeded 4680s,,
361269,health_insurance,openml_task,ctr23,regression,tabularaml,0,4500,17817,4455,11,20,9,14.524942302185922,rmse,False,14.527705375012646,0.000190193341301957,"{""mae"": 11.088745992686746, ""mse"": 210.97394888183007, ""pearson"": 0.6331961153906343, ""r2"": 0.40076294673927915, ""rmse"": 14.524942302185922, ""rmsle"": 1.544662345410254}","{""mae"": 0.012091656892193653, ""mse"": 0.0003803505090968478, ""pearson"": 0.000196632257267308, ""r2"": 0.0005692558078782572, ""rmse"": 0.000190193341301957, ""rmsle"": 0.0077091557650242355}",3606.1321444511414,0.05770754814147949,3610.413135290146,564.21484375,112,ok,,0.2.0,"{""mode"": ""best"", ""elapsed_time"": 3602.0395238399506, ""n_init_feats"": 11, ""n_added_feats"": 9, ""initial_metric"": null, ""final_metric"": 14.540933963071017, ""pct_gain"": -0.0007853952157394673}"
361616,Moneyball,openml_task,ctr23,regression,tabularaml,3,4500,985,247,14,358,344,66.63023989297702,rmse,False,26.578251121081408,-1.5069459833693521,"{""mae"": 50.22674016913904, ""mse"": 4439.588868195666, ""pearson"": 0.8462699965472182, ""r2"": 0.42783394235600936, ""rmse"": 66.63023989297702, ""rmsle"": 0.09521990476509912}","{""mae"": -1.4248341378595508, ""mse"": -5.284778163531728, ""pearson"": -0.11280229651180097, ""r2"": -0.5293148968113083, ""rmse"": -1.5069459833693521, ""rmsle"": -1.4894157403005144}",3683.950077533722,1.8349025249481201,3701.7867426872253,417.47265625,469,ok,,0.2.0,"{""mode"": ""best"", ""elapsed_time"": 3678.2147011756897, ""n_init_feats"": 14, ""n_added_feats"": 344, ""initial_metric"": null, ""final_metric"": 22.924735313450654, ""pct_gain"": 0.022570525816287365}"
361269,health_insurance,openml_task,ctr23,regression,tabularaml,1,4500,17817,4455,11,17,6,14.389547784265908,rmse,False,14.387111879216642,-0.00016931160817514767,"{""mae"": 11.188280920535494, ""mse"": 207.0590854356719, ""pearson"": 0.6329030004411607, ""r2"": 0.4003942324069788, ""rmse"": 14.389547784265908, ""rmsle"": 1.5269731885921345}","{""mae"": 0.000578485891776855, ""mse"": -0.0003386518827710921, ""pearson"": -0.00027353448116626414, ""r2"": -0.0005067156454495611, ""rmse"": -0.00016931160817514767, ""rmsle"": -0.0018699462820971993}",3609.416389465332,0.09638571739196777,3612.749244451523,513.546875,82,ok,,0.2.0,"{""mode"": ""best"", ""elapsed_time"": 3603.5839972496033, ""n_init_feats"": 11, ""n_added_feats"": 6, ""initial_metric"": null, ""final_metric"": 14.55337167990714, ""pct_gain"": -0.0012868057304614357}"
361269,health_insurance,openml_task,ctr23,regression,tabularaml,3,4500,17817,4455,11,23,12,14.467682430813408,rmse,False,14.419612899623663,-0.0033336214726679045,"{""mae"": 11.116996887684136, ""mse"": 209.31383491886695, ""pearson"": 0.6291178715810284, ""r2"": 0.3955626046696352, ""rmse"": 14.467682430813408, ""rmsle"": 1.5309011303080071}","{""mae"": 0.0036846440998943566, ""mse"": -0.006678355977458464, ""pearson"": -0.00488896006031395, ""r2"": -0.0100353979008256, ""rmse"": -0.003333621472667781, ""rmsle"": 0.003434563688638271}",3608.675149202347,0.12354016304016113,3629.6732292175293,604.1640625,117,ok,,0.2.0,"{""mode"": ""best"", ""elapsed_time"": 3602.902714252472, ""n_init_feats"": 11, ""n_added_feats"": 12, ""initial_metric"": null, ""final_metric"": 14.545819593955528, ""pct_gain"": 0.0007285622403718913}"
361269,health_insurance,openml_task,ctr23,regression,tabularaml,2,4500,17817,4455,11,18,7,14.527884056000703,rmse,False,14.503672455738148,-0.0016693427362237821,"{""mae"": 11.240605529457097, ""mse"": 211.05941514459943, ""pearson"": 0.6347598585313733, ""r2"": 0.40198531490251876, ""rmse"": 14.527884056000703, ""rmsle"": 1.5858680297008267}","{""mae"": -0.0009221831474994558, ""mse"": -0.0033414721776184497, ""pearson"": -0.0026202652904577565, ""r2"": -0.004929971311433319, ""rmse"": -0.0016693427362237821, ""rmsle"": -0.0008873632228354768}",3620.5154049396515,0.13431811332702637,3640.5117366313934,537.48046875,87,ok,,0.2.0,"{""mode"": ""best"", ""elapsed_time"": 3613.803437948227, ""n_init_feats"": 11, ""n_added_feats"": 7, ""initial_metric"": null, ""final_metric"": 14.467695433036775, ""pct_gain"": 0.0006067904117291019}"
361616,Moneyball,openml_task,ctr23,regression,tabularaml,4,4500,985,247,14,369,355,24.546407117530205,rmse,False,27.94507721482447,0.12161963522832271,"{""mae"": 19.45781259884236, ""mse"": 602.5261023795375, ""pearson"": 0.9647240240749868, ""r2"": 0.9264508278239157, ""rmse"": 24.546407117530205, ""rmsle"": 0.03418796092231702}","{""mae"": 0.12986495005778187, ""mse"": 0.22844793478357514, ""pearson"": 0.011172339428595754, ""r2"": 0.02407175766203742, ""rmse"": 0.12161963522832271, ""rmsle"": 0.1333369620288609}",3725.4904820919037,2.5211524963378906,3806.719600915909,395.68359375,185,ok,,0.2.0,"{""mode"": ""best"", ""elapsed_time"": 3686.4124977588654, ""n_init_feats"": 14, ""n_added_feats"": 355, ""initial_metric"": null, ""final_metric"": 23.726001233141652, ""pct_gain"": 0.05240454397084908}"
361623,space_ga,openml_task,ctr23,regression,tabularaml,2,4500,2485,622,6,18,12,0.09733068835787047,rmse,False,0.1060711421132423,0.08240180676135701,"{""mae"": 0.07283459369646818, ""mse"": 0.0094732628962169, ""pearson"": 0.8778670074499236, ""r2"": 0.7689671280232546, ""rmse"": 0.09733068835787047, ""rmsle"": null}","{""mae"": 0.04823649180810118, ""mse"": 0.15801355576517906, ""pearson"": 0.029541940428289188, ""r2"": 0.059753027492351035, ""rmse"": 0.0824018067613575, ""rmsle"": null}",155.55003571510315,0.015534162521362305,3100.3344571590424,355.0390625,155,ok,,0.2.0,"{""mode"": ""best"", ""elapsed_time"": 154.45858335494995, ""n_init_feats"": 6, ""n_added_feats"": 12, ""initial_metric"": null, ""final_metric"": 0.10626156621395735, ""pct_gain"": 0.08933811551331107}"
361255,california_housing,openml_task,ctr23,regression,tabularaml,2,4500,16512,4128,8,23,15,44112.98400841488,rmse,False,46003.28373007682,0.041090538943985594,"{""mae"": 28032.1979251832, ""mse"": 1945955358.126667, ""pearson"": 0.9249654813331081, ""r2"": 0.8555367392505179, ""rmse"": 44112.98400841488, ""rmsle"": 0.2146442897434656}","{""mae"": 0.06783270268231506, ""mse"": 0.08049264549726395, ""pearson"": 0.007482834804146113, ""r2"": 0.015003314170908177, ""rmse"": 0.041090538943985594, ""rmsle"": 0.05977376962698226}",948.6387205123901,0.021290063858032227,957.6954417228699,481.34375,776,ok,,0.2.0,"{""mode"": ""best"", ""elapsed_time"": 940.1320562362671, ""n_init_feats"": 8, ""n_added_feats"": 15, ""initial_metric"": null, ""final_metric"": 45572.10435704417, ""pct_gain"": 0.05688204573597644}"
361255,california_housing,openml_task,ctr23,regression,tabularaml,0,4500,16512,4128,8,23,15,41398.94315028776,rmse,False,44111.22085081778,0.0614872508222527,"{""mae"": 26767.89078397529, ""mse"": 1713872493.960758, ""pearson"": 0.931973137786378, ""r2"": 0.8685635146646332, ""rmse"": 41398.94315028776, ""rmsle"": 0.20703662038195286}","{""mae"": 0.09233550383934201, ""mse"": 0.11919381963082674, ""pearson"": 0.010330164411243934, ""r2"": 0.020906125280749067, ""rmse"": 0.0614872508222527, ""rmsle"": 0.07387668710297246}",1043.7619698047638,0.03336691856384277,1060.0744388103485,483.0703125,913,ok,,0.2.0,"{""mode"": ""best"", ""elapsed_time"": 1034.7703168392181, ""n_init_feats"": 8, ""n_added_feats"": 15, ""initial_metric"": null, ""final_metric"": 45704.10419839786, ""pct_gain"": 0.06948158428192241}"
361622,cars,openml_task,ctr23,regression,tabularaml,2,4500,643,161,17,38,21,2282.0359012871136,rmse,False,2258.2078530791955,-0.010551751547328634,"{""mae"": 1715.5926273777172, ""mse"": 5207687.854763289, ""pearson"": 0.9751532020190847, ""r2"": 0.9476950861057813, ""rmse"": 2282.0359012871136, ""rmsle"": 0.10370631670081881}","{""mae"": -0.020194046709688575, ""mse"": -0.021214842555373807, ""pearson"": -0.0009095120032028492, ""r2"": -0.0011452463023797913, ""rmse"": -0.010551751547328634, ""rmsle"": 0.010045911516716218}",442.05111718177795,0.04634451866149902,3504.9437000751495,353.6640625,56,ok,,0.2.0,"{""mode"": ""best"", ""elapsed_time"": 439.80311846733093, ""n_init_feats"": 17, ""n_added_feats"": 21, ""initial_metric"": null, ""final_metric"": 2334.8342376361643, ""pct_gain"": 0.06346435175638482}"
361261,cps88wages,openml_task,ctr23,regression,tabularaml,0,4500,22524,5631,6,6,0,409.0199906674077,rmse,False,409.0199906674077,-0.0,"{""mae"": 229.96767823972783, ""mse"": 167297.3527655663, ""pearson"": 0.5114408946281759, ""r2"": 0.2610553364526227, ""rmse"": 409.0199906674077, ""rmsle"": 0.5504517274512748}","{""mae"": -0.0, ""mse"": -0.0, ""pearson"": 0.0, ""r2"": 0.0, ""rmse"": -0.0, ""rmsle"": -0.0}",690.0660500526428,0.010437965393066406,699.5831389427185,389.3125,60,ok,,0.2.0,"{""mode"": ""best"", ""elapsed_time"": 686.3912043571472, ""n_init_feats"": 6, ""n_added_feats"": 0, ""initial_metric"": null, ""final_metric"": 377.0507790585847, ""pct_gain"": 0.0}"
361264,socmob,openml_task,ctr23,regression,tabularaml,4,4500,924,232,5,321,316,15.280168919612095,rmse,False,12.067811008334504,-0.26619226213097064,"{""mae"": 8.458235140915574, ""mse"": 233.48356221187944, ""pearson"": 0.952036267308264, ""r2"": 0.7981146239000824, ""rmse"": 15.280168919612095, ""rmsle"": 1.1522040934140443}","{""mae"": -0.4127386791841585, ""mse"": -0.6032428446803447, ""pearson"": -0.0011617322261374585, ""r2"": -0.08690566918749462, ""rmse"": -0.26619226213097064, ""rmsle"": -0.4188985543820635}",279.0125253200531,1.2879526615142822,2844.524037361145,357.2265625,26,ok,,0.2.0,"{""mode"": ""best"", ""elapsed_time"": 274.149600982666, ""n_init_feats"": 5, ""n_added_feats"": 16, ""initial_metric"": null, ""final_metric"": 16.08142918248895, ""pct_gain"": 0.09221024873217953}"
361621,QSAR_fish_toxicity,openml_task,ctr23,regression,tabularaml,0,4500,,,,,,,,,,,,,,,4680,,,timeout,wall-clock exceeded 4680s,,
361241,physiochemical_protein,openml_task,ctr23,regression,tabularaml,0,4500,36584,9146,9,27,18,3.3505042140924335,rmse,False,3.5014669279300987,0.04311413386014965,"{""mae"": 2.2931607271674848, ""mse"": 11.225878488651155, ""pearson"": 0.836846191399383, ""r2"": 0.6998457137859273, ""rmse"": 3.3505042140924335, ""rmsle"": 0.425979814545146}","{""mae"": 0.06403578458782778, ""mse"": 0.08436943918178853, ""pearson"": 0.02034939797774654, ""r2"": 0.04114512588186941, ""rmse"": 0.04311413386014965, ""rmsle"": 0.05530942374941791}",633.9619100093842,0.044438838958740234,699.2227356433868,537.41796875,1999,ok,,0.2.0,"{""mode"": ""best"", ""elapsed_time"": 607.9288177490234, ""n_init_feats"": 9, ""n_added_feats"": 18, ""initial_metric"": null, ""final_metric"": 3.906747552811212, ""pct_gain"": 0.0521384638319079}"
361260,miami_housing,openml_task,ctr23,regression,tabularaml,0,4500,11145,2787,15,45,30,83158.18044560704,rmse,False,81836.91845938421,-0.01614506033580157,"{""mae"": 40947.05755797004, ""mse"": 6915282975.024141, ""pearson"": 0.9625929242101575, ""r2"": 0.9265816318838505, ""rmse"": 83158.18044560704, ""rmsle"": 0.13783679248869796}","{""mae"": 0.00011843683061029082, ""mse"": -0.03255078364484992, ""pearson"": -0.0012898899580367005, ""r2"": -0.002491653266446503, ""rmse"": -0.01614506033580157, ""rmsle"": 0.00356512583319045}",2527.1876027584076,0.0670783519744873,2544.5967886447906,517.57421875,724,ok,,0.2.0,"{""mode"": ""best"", ""elapsed_time"": 2510.378741979599, ""n_init_feats"": 15, ""n_added_feats"": 30, ""initial_metric"": null, ""final_metric"": 90893.81612041182, ""pct_gain"": 0.04636346778034943}"
361261,cps88wages,openml_task,ctr23,regression,tabularaml,3,4500,22524,5631,6,7,1,352.1245564847348,rmse,False,351.8919333259927,-0.0006610641981571448,"{""mae"": 228.5519678015108, ""mse"": 123991.70327957117, ""pearson"": 0.5740938892604033, ""r2"": 0.32557430588382463, ""rmse"": 352.1245564847348, ""rmsle"": 0.5552936617936478}","{""mae"": -0.000414150924951478, ""mse"": -0.0013225654021883785, ""pearson"": -0.00157008223066852, ""r2"": -0.0027286039351675346, ""rmse"": -0.0006610641981571448, ""rmsle"": -0.0005958102869684247}",776.135954618454,0.02789163589477539,780.2204329967499,384.28515625,51,ok,,0.2.0,"{""mode"": ""best"", ""elapsed_time"": 772.428435087204, ""n_init_feats"": 6, ""n_added_feats"": 1, ""initial_metric"": null, ""final_metric"": 399.0725912438862, ""pct_gain"": -0.00019526172127510124}"
361243,music_origin,openml_task,ctr23,regression,tabularaml,1,4500,847,212,116,152,36,17.745735487027005,rmse,False,18.12717492021004,0.02104240924810454,"{""mae"": 13.074968597259161, ""mse"": 314.9111279755296, ""pearson"": 0.5445236221116848, ""r2"": 0.25929113420125327, ""rmse"": 17.745735487027005, ""rmsle"": null}","{""mae"": 0.025067954369989067, ""mse"": 0.04164203550924392, ""pearson"": 0.028818544558507075, ""r2"": 0.14171721857323594, ""rmse"": 0.021042409248104344, ""rmsle"": null}",3632.390626192093,0.047112226486206055,3639.1750917434692,381.73046875,89,ok,,0.2.0,"{""mode"": ""best"", ""elapsed_time"": 3622.8526961803436, ""n_init_feats"": 116, ""n_added_feats"": 36, ""initial_metric"": null, ""final_metric"": 15.058957049849118, ""pct_gain"": 0.025223885286449196}"
361243,music_origin,openml_task,ctr23,regression,tabularaml,4,4500,847,212,116,147,31,17.136384754075245,rmse,False,17.683730484357103,0.030951938040790435,"{""mae"": 12.914817100470922, ""mse"": 293.65568243970245, ""pearson"": 0.5746123190708339, ""r2"": 0.3253942732988755, ""rmse"": 17.136384754075245, ""rmsle"": null}","{""mae"": 0.041288389111444994, ""mse"": 0.060945853613099996, ""pearson"": 0.015155164951136108, ""r2"": 0.1554723674088838, ""rmse"": 0.030951938040790435, ""rmsle"": null}",3623.04371714592,0.06659078598022461,3644.5184469223022,374.9921875,110,ok,,0.2.0,"{""mode"": ""best"", ""elapsed_time"": 3611.824547290802, ""n_init_feats"": 116, ""n_added_feats"": 31, ""initial_metric"": null, ""final_metric"": 15.458693725787523, ""pct_gain"": 0.03165211838791176}"
361269,health_insurance,openml_task,ctr23,regression,tabularaml,4,4500,,,,,,,,,,,,,,,4680,,,timeout,wall-clock exceeded 4680s,,
361260,miami_housing,openml_task,ctr23,regression,tabularaml,2,4500,11145,2787,15,45,30,73996.64949542863,rmse,False,74326.7670683617,0.004441435918091897,"{""mae"": 39517.32033492555, ""mse"": 5475504136.549317, ""pearson"": 0.9700805899349835, ""r2"": 0.9410414238429802, ""rmse"": 73996.64949542863, ""rmsle"": 0.13625009301295998}","{""mae"": -0.015637084709976407, ""mse"": 0.00886314548316957, ""pearson"": 0.0002676364748962608, ""r2"": 0.0005605777887032787, ""rmse"": 0.004441435918091897, ""rmsle"": 0.009115692170345958}",2933.4611506462097,0.04329705238342285,2950.1178698539734,523.78125,602,ok,,0.2.0,"{""mode"": ""best"", ""elapsed_time"": 2918.6005730628967, ""n_init_feats"": 15, ""n_added_feats"": 30, ""initial_metric"": null, ""final_metric"": 91281.53848914026, ""pct_gain"": 0.06451553310127266}"
361241,physiochemical_protein,openml_task,ctr23,regression,tabularaml,2,4500,36584,9146,9,27,18,3.4063560728538675,rmse,False,3.6063687530008783,0.055460961938675626,"{""mae"": 2.3160499145009017, ""mse"": 11.603261695068424, ""pearson"": 0.8298852145095107, ""r2"": 0.6885907688218184, ""rmse"": 3.4063560728538675, ""rmsle"": 0.4273754409712002}","{""mae"": 0.07857934110280984, ""mse"": 0.10784600557818788, ""pearson"": 0.02857817347329463, ""r2"": 0.057829607442628425, ""rmse"": 0.055460961938675626, ""rmsle"": 0.061413176465425316}",1018.8903625011444,0.02791571617126465,1045.8367457389832,610.59375,1998,ok,,0.2.0,"{""mode"": ""best"", ""elapsed_time"": 1002.673810005188, ""n_init_feats"": 9, ""n_added_feats"": 18, ""initial_metric"": null, ""final_metric"": 3.8808909571192403, ""pct_gain"": 0.05464709800937291}"
361241,physiochemical_protein,openml_task,ctr23,regression,tabularaml,1,4500,36584,9146,9,26,17,3.510169564368734,rmse,False,3.594181334595169,0.023374382760767975,"{""mae"": 2.4155191249753365, ""mse"": 12.321290370620588, ""pearson"": 0.8198613620374844, ""r2"": 0.6710803789919917, ""rmse"": 3.510169564368734, ""rmsle"": 0.4341615806318501}","{""mae"": 0.0342655687500401, ""mse"": 0.046202403752088964, ""pearson"": 0.012549941593570948, ""r2"": 0.024319751589839112, ""rmse"": 0.023374382760767975, ""rmsle"": 0.029256878975883235}",1139.6780569553375,0.056405067443847656,1175.024715423584,585.6796875,1297,ok,,0.2.0,"{""mode"": ""best"", ""elapsed_time"": 1102.800666809082, ""n_init_feats"": 9, ""n_added_feats"": 17, ""initial_metric"": null, ""final_metric"": 3.951203420859676, ""pct_gain"": 0.037935453216701776}"
361268,fps_benchmark,openml_task,ctr23,regression,tabularaml,2,4500,19699,4925,39,,,,,,,,,,,,2754.5452959537506,,,crash,ValueError: Input X contains infinity or a value too large for dtype('float64').,0.2.0,
361259,pumadyn32nh,openml_task,ctr23,regression,tabularaml,1,4500,6553,1639,32,38,6,0.021645600880418905,rmse,False,0.0216451215268377,-2.2146033258015084e-05,"{""mae"": 0.01711551651974231, ""mse"": 0.00046853203747439167, ""pearson"": 0.8000060101712427, ""r2"": 0.6398165865588917, ""rmse"": 0.021645600880418905, ""rmsle"": null}","{""mae"": -0.0012940859651530004, ""mse"": -4.429255695577245e-05, ""pearson"": -0.00306195399069491, ""r2"": -2.493267657882024e-05, ""rmse"": -2.2146033254488675e-05, ""rmsle"": null}",3621.4892070293427,0.03701162338256836,3628.7549271583557,460.55859375,180,ok,,0.2.0,"{""mode"": ""best"", ""elapsed_time"": 3612.709961414337, ""n_init_feats"": 32, ""n_added_feats"": 6, ""initial_metric"": null, ""final_metric"": 0.021700442243905806, ""pct_gain"": 0.007308908040682973}"
361259,pumadyn32nh,openml_task,ctr23,regression,tabularaml,2,4500,6553,1639,32,38,6,0.021440658314040278,rmse,False,0.0214196303314085,-0.0009817154781118548,"{""mae"": 0.017264285930100966, ""mse"": 0.00045970182893942445, ""pearson"": 0.8023131922448815, ""r2"": 0.6427798354759384, ""rmse"": 0.021440658314040278, ""rmsle"": null}","{""mae"": -0.0049031870720800935, ""mse"": -0.001964394721495693, ""pearson"": -0.00326833890564108, ""r2"": -0.001088371749194233, ""rmse"": -0.0009817154781079636, ""rmsle"": null}",3627.3151173591614,0.04017186164855957,3638.371812105179,471.05859375,72,ok,,0.2.0,"{""mode"": ""best"", ""elapsed_time"": 3620.397181034088, ""n_init_feats"": 32, ""n_added_feats"": 6, ""initial_metric"": null, ""final_metric"": 0.021991746000999107, ""pct_gain"": 0.008996092268846496}"
361241,physiochemical_protein,openml_task,ctr23,regression,tabularaml,3,4500,36584,9146,9,27,18,3.440322629737195,rmse,False,3.5876450868420884,0.04106383255278169,"{""mae"": 2.347727549328546, ""mse"": 11.835819796681848, ""pearson"": 0.826712295113248, ""r2"": 0.683139946776209, ""rmse"": 3.440322629737195, ""rmsle"": 0.4308280749230385}","{""mae"": 0.05387763499684033, ""mse"": 0.08044142676164048, ""pearson"": 0.02103004534074372, ""r2"": 0.04229091978602329, ""rmse"": 0.04106383255278169, ""rmsle"": 0.0488451287961702}",1103.8364434242249,0.06995534896850586,1135.65021109581,598.890625,1517,ok,,0.2.0,"{""mode"": ""best"", ""elapsed_time"": 1075.5866837501526, ""n_init_feats"": 9, ""n_added_feats"": 18, ""initial_metric"": null, ""final_metric"": 3.8769244903412803, ""pct_gain"": 0.053578572621120736}"
361256,cpu_activity,openml_task,ctr23,regression,tabularaml,1,4500,6553,1639,21,55,34,2.710471565215101,rmse,False,2.650394650174984,-0.0226671582800511,"{""mae"": 1.5572468415718093, ""mse"": 7.3466561058396, ""pearson"": 0.9902085189325585, ""r2"": 0.9804945810620396, ""rmse"": 2.710471565215101, ""rmsle"": 0.12401553860200819}","{""mae"": -0.03180705762716498, ""mse"": -0.04584811662459517, ""pearson"": -0.00043865286309051365, ""r2"": -0.00087133344865699, ""rmse"": -0.0226671582800511, ""rmsle"": -0.012689194616045825}",3616.312958717346,0.056412696838378906,3624.285596847534,460.53515625,312,ok,,0.2.0,"{""mode"": ""best"", ""elapsed_time"": 3608.291031599045, ""n_init_feats"": 21, ""n_added_feats"": 34, ""initial_metric"": null, ""final_metric"": 2.338708836010371, ""pct_gain"": 0.011907472940120909}"
361256,cpu_activity,openml_task,ctr23,regression,tabularaml,2,4500,6553,1639,21,48,27,2.1464015836064934,rmse,False,2.131964089762741,-0.0067719216815508585,"{""mae"": 1.533379174860267, ""mse"": 4.607039758108463, ""pearson"": 0.9933026304602695, ""r2"": 0.9866439031503107, ""rmse"": 2.1464015836064934, ""rmsle"": 0.04803721451847509}","{""mae"": -0.006919543535533189, ""mse"": -0.013589702286362701, ""pearson"": -9.811969999835765e-05, ""r2"": -0.0001814629891542813, ""rmse"": -0.0067719216815508585, ""rmsle"": 0.4345691478746499}",3614.1885464191437,0.04518842697143555,3627.683049917221,451.01953125,373,ok,,0.2.0,"{""mode"": ""best"", ""elapsed_time"": 3606.828630924225, ""n_init_feats"": 21, ""n_added_feats"": 27, ""initial_metric"": null, ""final_metric"": 2.2470921405249547, ""pct_gain"": 0.08610428110498586}"
361256,cpu_activity,openml_task,ctr23,regression,tabularaml,4,4500,6553,1639,21,55,34,2.094114013974421,rmse,False,2.0379178310186385,-0.027575293812358067,"{""mae"": 1.5445985733483116, ""mse"": 4.385313503524062, ""pearson"": 0.9930398677386435, ""r2"": 0.986120704373313, ""rmse"": 2.094114013974421, ""rmsle"": 0.05837608074844804}","{""mae"": -0.021312664319276635, ""mse"": -0.05591098445355424, ""pearson"": -0.00037041654583152384, ""r2"": -0.0007447039186337674, ""rmse"": -0.027575293812358067, ""rmsle"": 0.13722478458045873}",3623.834643125534,0.058895111083984375,3638.379039287567,454.01953125,572,ok,,0.2.0,"{""mode"": ""best"", ""elapsed_time"": 3610.2285211086273, ""n_init_feats"": 21, ""n_added_feats"": 34, ""initial_metric"": null, ""final_metric"": 2.4343646433417665, ""pct_gain"": 0.044846200376827405}"
361256,cpu_activity,openml_task,ctr23,regression,tabularaml,3,4500,6553,1639,21,54,33,2.1794195006644554,rmse,False,2.120862081706074,-0.027610196562746905,"{""mae"": 1.5471762092579486, ""mse"": 4.749869359876505, ""pearson"": 0.993555490500447, ""r2"": 0.9871479922784404, ""rmse"": 2.1794195006644554, ""rmsle"": 0.06292833817034517}","{""mae"": -0.02368226924627672, ""mse"": -0.05598271607972761, ""pearson"": -0.00034911909007579914, ""r2"": -0.000689741269781042, ""rmse"": -0.027610196562746905, ""rmsle"": -0.07788517145640303}",3624.3261041641235,0.06839799880981445,3643.3195497989655,461.9921875,503,ok,,0.2.0,"{""mode"": ""best"", ""elapsed_time"": 3613.9738459587097, ""n_init_feats"": 21, ""n_added_feats"": 33, ""initial_metric"": null, ""final_metric"": 2.390813932101578, ""pct_gain"": 0.0460554140330655}"
361251,grid_stability,openml_task,ctr23,regression,tabularaml,3,4500,8000,2000,12,32,20,0.006882610635316815,rmse,False,0.0076798959842674,0.10381460251334901,"{""mae"": 0.004942106502154944, ""mse"": 4.737032915737613e-05, ""pearson"": 0.9827944124058119, ""r2"": 0.9653735307500811, ""rmse"": 0.006882610635316815, ""rmsle"": null}","{""mae"": 0.12072808666770728, ""mse"": 0.1968517333316955, ""pearson"": 0.003961597206235016, ""r2"": 0.008869339183222188, ""rmse"": 0.10381460251335023, ""rmsle"": null}",377.25399374961853,0.04028058052062988,399.4541299343109,405.36328125,1031,ok,,0.2.0,"{""mode"": ""best"", ""elapsed_time"": 372.1381320953369, ""n_init_feats"": 12, ""n_added_feats"": 20, ""initial_metric"": null, ""final_metric"": 0.008053670777029513, ""pct_gain"": 0.08969491184167248}"
361241,physiochemical_protein,openml_task,ctr23,regression,tabularaml,4,4500,36584,9146,9,19,10,3.35695053501927,rmse,False,3.549025136579819,0.0541203835331666,"{""mae"": 2.2876852058463197, ""mse"": 11.269116894566164, ""pearson"": 0.8358161098742773, ""r2"": 0.698423290714959, ""rmse"": 3.35695053501927, ""rmsle"": 0.42037012901293075}","{""mae"": 0.06929602467797621, ""mse"": 0.10531175115255621, ""pearson"": 0.02642710709504045, ""r2"": 0.053547383996381495, ""rmse"": 0.0541203835331666, ""rmsle"": 0.05675477000083824}",1092.8761162757874,0.053528547286987305,1131.6822204589844,603.7734375,1988,ok,,0.2.0,"{""mode"": ""best"", ""elapsed_time"": 1072.4976885318756, ""n_init_feats"": 9, ""n_added_feats"": 10, ""initial_metric"": null, ""final_metric"": 3.9170265300260994, ""pct_gain"": 0.04718220164861767}"
361251,grid_stability,openml_task,ctr23,regression,tabularaml,2,4500,8000,2000,12,30,18,0.00740807541980784,rmse,False,0.007987283602096,0.07251629103743927,"{""mae"": 0.005309911967513599, ""mse"": 5.48795814255611e-05, ""pearson"": 0.9805575994574652, ""r2"": 0.9609884918187104, ""rmse"": 0.00740807541980784, ""rmsle"": null}","{""mae"": 0.08944099601661265, ""mse"": 0.13977396960906446, ""pearson"": 0.002894320179829587, ""r2"": 0.006639913459230449, ""rmse"": 0.07251629103744611, ""rmsle"": null}",610.6094026565552,0.04883933067321777,637.3015697002411,420.45703125,1427,ok,,0.2.0,"{""mode"": ""best"", ""elapsed_time"": 604.7343192100525, ""n_init_feats"": 12, ""n_added_feats"": 18, ""initial_metric"": null, ""final_metric"": 0.008397570598692065, ""pct_gain"": 0.0619783388178365}"
361259,pumadyn32nh,openml_task,ctr23,regression,tabularaml,4,4500,6553,1639,32,37,5,0.021111860139807512,rmse,False,0.0211439282455286,0.0015166578957658636,"{""mae"": 0.016772860736203883, ""mse"": 0.00044571063856279334, ""pearson"": 0.8144765240463574, ""r2"": 0.6577957799356239, ""rmse"": 0.021111860139807512, ""rmsle"": null}","{""mae"": -0.003972827988369387, ""mse"": 0.003031015540363152, ""pearson"": 0.002463014394514905, ""r2"": 0.0015841205351832704, ""rmse"": 0.0015166578957679934, ""rmsle"": null}",3614.2647998332977,0.05048251152038574,3798.5236501693726,463.19921875,46,ok,,0.2.0,"{""mode"": ""best"", ""elapsed_time"": 3606.4434309005737, ""n_init_feats"": 32, ""n_added_feats"": 5, ""initial_metric"": null, ""final_metric"": 0.021669949992666002, ""pct_gain"": 0.009742845178123738}"
361622,cars,openml_task,ctr23,regression,tabularaml,1,4500,,,,,,,,,,,,,,,4680,,,timeout,wall-clock exceeded 4680s,,
361243,music_origin,openml_task,ctr23,regression,tabularaml,2,4500,847,212,116,149,33,16.965133145569933,rmse,False,16.66930032011704,-0.017747165134212258,"{""mae"": 12.77729265815807, ""mse"": 287.81574264691557, ""pearson"": 0.5098160388701094, ""r2"": 0.25825713604784883, ""rmse"": 16.965133145569933, ""rmsle"": null}","{""mae"": -0.008191059996176189, ""mse"": -0.0358092921387255, ""pearson"": -0.04656340565526442, ""r2"": -0.09032410489994974, ""rmse"": -0.017747165134212258, ""rmsle"": null}",3633.213692188263,0.08272242546081543,4181.087478399277,380.52734375,118,ok,,0.2.0,"{""mode"": ""best"", ""elapsed_time"": 3613.954843521118, ""n_init_feats"": 116, ""n_added_feats"": 33, ""initial_metric"": null, ""final_metric"": 15.997395258674334, ""pct_gain"": -0.00672128515317988}"
361260,miami_housing,openml_task,ctr23,regression,tabularaml,4,4500,11145,2787,15,45,30,90599.44421003254,rmse,False,88190.74822868052,-0.02731234318486812,"{""mae"": 43423.28550524758, ""mse"": 8208259291.1668, ""pearson"": 0.9601945294537528, ""r2"": 0.9217096826144803, ""rmse"": 90599.44421003254, ""rmsle"": 0.14684080931864438}","{""mae"": -0.035918464416814955, ""mse"": -0.05537065045998424, ""pearson"": -0.0021495766227209636, ""r2"": -0.004436672862623759, ""rmse"": -0.02731234318486812, ""rmsle"": -0.014442592682521455}",3279.060393810272,0.04437112808227539,3289.9566938877106,533.6484375,296,ok,,0.2.0,"{""mode"": ""best"", ""elapsed_time"": 3268.292258501053, ""n_init_feats"": 15, ""n_added_feats"": 30, ""initial_metric"": null, ""final_metric"": 92279.97331572368, ""pct_gain"": 0.043473291963864055}"
361251,grid_stability,openml_task,ctr23,regression,tabularaml,1,4500,8000,2000,12,33,21,0.007098699633225922,rmse,False,0.0077135253019545,0.07970748064737529,"{""mae"": 0.005209048241825613, ""mse"": 5.0391536482761846e-05, ""pearson"": 0.9805673739137606, ""r2"": 0.9611814206843466, ""rmse"": 0.007098699633225922, ""rmsle"": null}","{""mae"": 0.07385909029563682, ""mse"": 0.15306167882360097, ""pearson"": 0.003187192893773391, ""r2"": 0.007352421444277585, ""rmse"": 0.07970748064737643, ""rmsle"": null}",499.71936106681824,0.036118268966674805,792.3257346153259,407.7890625,1345,ok,,0.2.0,"{""mode"": ""best"", ""elapsed_time"": 494.4926817417145, ""n_init_feats"": 12, ""n_added_feats"": 21, ""initial_metric"": null, ""final_metric"": 0.008277243739069358, ""pct_gain"": 0.10090874954814243}"
361251,grid_stability,openml_task,ctr23,regression,tabularaml,4,4500,8000,2000,12,33,21,0.0070206531702939985,rmse,False,0.0075534076987081,0.07053167916584474,"{""mae"": 0.005019832910225445, ""mse"": 4.9289570937559174e-05, ""pearson"": 0.9827326166220909, ""r2"": 0.9649976620006644, ""rmse"": 0.0070206531702939985, ""rmsle"": null}","{""mae"": 0.06897100182150337, ""mse"": 0.13608864056575184, ""pearson"": 0.0025238435684540204, ""r2"": 0.0057466144917890415, ""rmse"": 0.07053167916585339, ""rmsle"": null}",452.5038409233093,0.03399920463562012,464.80721950531006,408.69140625,1203,ok,,0.2.0,"{""mode"": ""best"", ""elapsed_time"": 447.4941222667694, ""n_init_feats"": 12, ""n_added_feats"": 21, ""initial_metric"": null, ""final_metric"": 0.008397126039983629, ""pct_gain"": 0.07503840258793491}"
361259,pumadyn32nh,openml_task,ctr23,regression,tabularaml,3,4500,6553,1639,32,41,9,0.02150181192900224,rmse,False,0.0217790391662821,0.012729084839934462,"{""mae"": 0.017262616088871734, ""mse"": 0.000462327916230183, ""pearson"": 0.7991353366626996, ""r2"": 0.6366536958355093, ""rmse"": 0.02150181192900224, ""rmsle"": null}","{""mae"": 0.0048901219799034655, ""mse"": 0.025296140079015175, ""pearson"": 0.00709844656623458, ""r2"": 0.015034179132642213, ""rmse"": 0.012729084839938709, ""rmsle"": null}",3625.2606592178345,0.05469870567321777,3926.894822359085,455.9921875,77,ok,,0.2.0,"{""mode"": ""best"", ""elapsed_time"": 3617.8972692489624, ""n_init_feats"": 32, ""n_added_feats"": 9, ""initial_metric"": null, ""final_metric"": 0.021470028638727056, ""pct_gain"": 0.013658457641218475}"
361243,music_origin,openml_task,ctr23,regression,tabularaml,3,4500,847,212,116,157,41,17.6960046464638,rmse,False,16.940780373483385,-0.044580252876811444,"{""mae"": 12.987772326491916, ""mse"": 313.1485804476684, ""pearson"": 0.49752310918601045, ""r2"": 0.2431597497193959, ""rmse"": 17.6960046464638, ""rmsle"": null}","{""mae"": -0.053234732131352124, ""mse"": -0.09114790470018362, ""pearson"": -0.10470449274129087, ""r2"": -0.20635005538718335, ""rmse"": -0.044580252876811444, ""rmsle"": null}",3623.8126780986786,0.06017470359802246,4206.527313709259,376.82421875,110,ok,,0.2.0,"{""mode"": ""best"", ""elapsed_time"": 3611.500997543335, ""n_init_feats"": 116, ""n_added_feats"": 41, ""initial_metric"": null, ""final_metric"": 14.707437092395093, ""pct_gain"": 0.06282424578963633}"
361260,miami_housing,openml_task,ctr23,regression,tabularaml,3,4500,11145,2787,15,45,30,82304.76133725423,rmse,False,81365.59974907698,-0.011542489591098958,"{""mae"": 41902.66868776911, ""mse"": 6774073738.782377, ""pearson"": 0.9607096811946357, ""r2"": 0.9225497739444789, ""rmse"": 82304.76133725423, ""rmsle"": 0.15054820948427503}","{""mae"": -0.03543066348571795, ""mse"": -0.023218208248158338, ""pearson"": -0.0008229797172889521, ""r2"": -0.0019013706440505888, ""rmse"": -0.011542489591098958, ""rmsle"": -0.015108586527186729}",1555.8001446723938,0.03676176071166992,3370.250249147415,467.83984375,531,ok,,0.2.0,"{""mode"": ""best"", ""elapsed_time"": 1543.7093932628632, ""n_init_feats"": 15, ""n_added_feats"": 30, ""initial_metric"": null, ""final_metric"": 90371.36778552092, ""pct_gain"": 0.04338207182988501}"
361236,auction_verification,openml_task,ctr23,regression,tabularaml,2,4500,,,,,,,,,,,,,,,4680,,,timeout,wall-clock exceeded 4680s,,
361267,brazilian_houses,openml_task,ctr23,regression,tabularaml,2,4500,8553,2139,9,24,15,12169.682645449937,rmse,False,11651.949629003002,-0.04443316637399802,"{""mae"": 1911.978832528434, ""mse"": 148101175.69096535, ""pearson"": 0.9590350098663168, ""r2"": 0.7790239350479312, ""rmse"": 12169.682645449937, ""rmsle"": 0.41029468012169446}","{""mae"": -0.011216384801155273, ""mse"": -0.09084063902201535, ""pearson"": 0.017216838501435038, ""r2"": -0.023076703600993214, ""rmse"": -0.04443316637399802, ""rmsle"": -0.061475037495521204}",3609.39444065094,0.10360956192016602,3730.729901075363,698.63671875,42,ok,,0.2.0,"{""mode"": ""best"", ""elapsed_time"": 3606.726505756378, ""n_init_feats"": 9, ""n_added_feats"": 15, ""initial_metric"": null, ""final_metric"": 9194.695930012198, ""pct_gain"": 0.0716273443900309}"
361251,grid_stability,openml_task,ctr23,regression,tabularaml,0,4500,8000,2000,12,31,19,0.006750538184400207,rmse,False,0.0078373610324452,0.13867204069657516,"{""mae"": 0.00487651672820341, ""mse"": 4.556976577904525e-05, ""pearson"": 0.9837913441626203, ""r2"": 0.9668799983277023, ""rmse"": 0.006750538184400207, ""rmsle"": null}","{""mae"": 0.14167386815080105, ""mse"": 0.25811414652221054, ""pearson"": 0.00576374879556795, ""r2"": 0.012061445881855759, ""rmse"": 0.1386720406965826, ""rmsle"": null}",882.3173470497131,0.03830456733703613,896.5730128288269,432.80078125,1508,ok,,0.2.0,"{""mode"": ""best"", ""elapsed_time"": 876.755537033081, ""n_init_feats"": 12, ""n_added_feats"": 19, ""initial_metric"": null, ""final_metric"": 0.00808287570096579, ""pct_gain"": 0.10859188420896744}"
361236,auction_verification,openml_task,ctr23,regression,tabularaml,4,4500,,,,,,,,,,,,,,,4680,,,timeout,wall-clock exceeded 4680s,,
361259,pumadyn32nh,openml_task,ctr23,regression,tabularaml,0,4500,6553,1639,32,41,9,0.021192412024392895,rmse,False,0.021355269191365,0.007626088227347489,"{""mae"": 0.016910377178301638, ""mse"": 0.0004491183274116325, ""pearson"": 0.8059730638843655, ""r2"": 0.6481723959748157, ""rmse"": 0.021192412024392895, ""rmsle"": null}","{""mae"": 0.006460880393778568, ""mse"": 0.015194019233043796, ""pearson"": 0.0032918771861897636, ""r2"": 0.008445273296365985, ""rmse"": 0.007626088227347489, ""rmsle"": null}",3625.294344186783,0.035429954528808594,4103.012626409531,460.375,68,ok,,0.2.0,"{""mode"": ""best"", ""elapsed_time"": 3618.971037387848, ""n_init_feats"": 32, ""n_added_feats"": 9, ""initial_metric"": null, ""final_metric"": 0.02180242519601632, ""pct_gain"": 0.012386770463783349}"
361243,music_origin,openml_task,ctr23,regression,tabularaml,0,4500,847,212,116,146,30,15.443278592463281,rmse,False,16.103940163070128,0.04102484012713165,"{""mae"": 11.639274148401224, ""mse"": 238.49485368443464, ""pearson"": 0.5858878933790304, ""r2"": 0.3378272076036032, ""rmse"": 15.443278592463281, ""rmsle"": null}","{""mae"": 0.04912438653685085, ""mse"": 0.08036664274680654, ""pearson"": 0.07134916973255749, ""r2"": 0.2066980792680867, ""rmse"": 0.04102484012713165, ""rmsle"": null}",3619.6919870376587,0.05728960037231445,4360.995920658112,374.8203125,160,ok,,0.2.0,"{""mode"": ""best"", ""elapsed_time"": 3609.783967256546, ""n_init_feats"": 116, ""n_added_feats"": 30, ""initial_metric"": null, ""final_metric"": 15.47370793448348, ""pct_gain"": 0.024509096788900564}"
361267,brazilian_houses,openml_task,ctr23,regression,tabularaml,3,4500,8553,2139,9,26,17,3567.1934209707933,rmse,False,3795.1599700420384,0.06006770488484044,"{""mae"": 1532.5488533851085, ""mse"": 12724868.902617311, ""pearson"": 0.9903845889079489, ""r2"": 0.9789724779798088, ""rmse"": 3567.1934209707933, ""rmsle"": 0.3531999988315051}","{""mae"": 0.01053654800614446, ""mse"": 0.1165272805995487, ""pearson"": 0.0023782536929156267, ""r2"": 0.0028410848204650117, ""rmse"": 0.06006770488484044, ""rmsle"": 0.020106401352259266}",3765.5415630340576,0.040084123611450195,3768.318055868149,917.80859375,133,ok,,0.2.0,"{""mode"": ""best"", ""elapsed_time"": 3763.0686299800873, ""n_init_feats"": 9, ""n_added_feats"": 17, ""initial_metric"": null, ""final_metric"": 9922.154986701771, ""pct_gain"": 0.15405555844618568}"
361255,california_housing,openml_task,ctr23,regression,tabularaml,4,4500,16512,4128,8,24,16,43618.157741852156,rmse,False,44128.21219700534,0.01155846633614129,"{""mae"": 28464.46189608315, ""mse"": 1902543684.7930973, ""pearson"": 0.9239824343928872, ""r2"": 0.8537432647534592, ""rmse"": 43618.157741852156, ""rmsle"": 0.21596801991424142}","{""mae"": 0.022364236740537485, ""mse"": 0.02298333452823875, ""pearson"": 0.002004007934357509, ""r2"": 0.004046256145584682, ""rmse"": 0.01155846633614129, ""rmsle"": 0.003699580638841218}",689.1064841747284,0.03206825256347656,2395.4639887809753,468.12890625,269,ok,,0.2.0,"{""mode"": ""best"", ""elapsed_time"": 682.0243630409241, ""n_init_feats"": 8, ""n_added_feats"": 16, ""initial_metric"": null, ""final_metric"": 44985.73530292904, ""pct_gain"": 0.07646906650288171}"
361247,naval_propulsion,openml_task,ctr23,regression,tabularaml,4,4500,9547,2387,14,28,14,0.000726514766108823,rmse,False,0.0009515053976627,0.23645754622785034,"{""mae"": 0.0005045509316404859, ""mse"": 5.278237053741578e-07, ""pearson"": 0.9987896288627488, ""r2"": 0.9975641541503555, ""rmse"": 0.000726514766108823, ""rmsle"": 0.0003677156047015987}","{""mae"": 0.2517738593725312, ""mse"": 0.4170029212877045, ""pearson"": 0.0008815960287495047, ""r2"": 0.0017496084437118782, ""rmse"": 0.23645754622791568, ""rmsle"": 0.23655889467975877}",1804.281456232071,0.043546199798583984,3552.3163294792175,444.328125,1134,ok,,0.2.0,"{""mode"": ""best"", ""elapsed_time"": 1798.5767476558685, ""n_init_feats"": 14, ""n_added_feats"": 14, ""initial_metric"": null, ""final_metric"": 0.0009475798874022678, ""pct_gain"": 0.33906613000312}"
361256,cpu_activity,openml_task,ctr23,regression,tabularaml,0,4500,6553,1639,21,58,37,2.823471704872545,rmse,False,2.5476069451252377,-0.10828387804294747,"{""mae"": 1.5532611044056435, ""mse"": 7.971992468215874, ""pearson"": 0.9883734157913965, ""r2"": 0.9768704415649851, ""rmse"": 2.823471704872545, ""rmsle"": 0.11625768345475353}","{""mae"": -0.0023218059816537758, ""mse"": -0.2282931543299149, ""pearson"": -0.002207848173625505, ""r2"": -0.0043814133378852, ""rmse"": -0.10828387804294747, ""rmsle"": 0.06887936824092344}",3472.9084498882294,0.07084465026855469,4134.4978630542755,456.06640625,398,ok,,0.2.0,"{""mode"": ""best"", ""elapsed_time"": 3459.673532962799, ""n_init_feats"": 21, ""n_added_feats"": 37, ""initial_metric"": null, ""final_metric"": 2.599814481484755, ""pct_gain"": 0.03416187274038788}"
361272,fifa,openml_task,ctr23,regression,tabularaml,3,4500,15342,3836,28,,,,,,,,,,,,2479.711032152176,,,crash,ValueError: Input X contains infinity or a value too large for dtype('float64').,0.2.0,
361244,solar_flare,openml_task,ctr23,regression,tabularaml,1,4500,852,214,9,56,47,0.7585700347213299,rmse,False,0.7501597138644418,-0.011211373660100176,"{""mae"": 0.47297889606974947, ""mse"": 0.5754284975771196, ""pearson"": 0.20404916644488416, ""r2"": 0.03173414627271587, ""rmse"": 0.7585700347213299, ""rmsle"": 0.3784615888115478}","{""mae"": -0.055249532281838626, ""mse"": -0.02254844221954656, ""pearson"": -0.1321873738237521, ""r2"": -0.40220791348300877, ""rmse"": -0.011211373660100176, ""rmsle"": -0.029565781195723277}",3271.103100538254,0.12598729133605957,3274.9859671592712,357.5,3,ok,,0.2.0,"{""mode"": ""best"", ""elapsed_time"": 3270.5320703983307, ""n_init_feats"": 9, ""n_added_feats"": 47, ""initial_metric"": null, ""final_metric"": 0.853133727931277, ""pct_gain"": -0.018373510076372727}"
361244,solar_flare,openml_task,ctr23,regression,tabularaml,0,4500,852,214,9,53,44,0.6442823178585458,rmse,False,0.6275326416597077,-0.026691322629111957,"{""mae"": 0.4429709371005263, ""mse"": 0.41509970510518024, ""pearson"": 0.28711250601648103, ""r2"": 0.026331382145214466, ""rmse"": 0.6442823178585458, ""rmsle"": 0.35547212795032573}","{""mae"": -0.06130568500289045, ""mse"": -0.05409507196191512, ""pearson"": -0.1382246292378963, ""r2"": -0.6548924049263035, ""rmse"": -0.026691322629111957, ""rmsle"": -0.04063893171281707}",3619.681508541107,0.12561774253845215,3623.490679502487,354.625,3,ok,,0.2.0,"{""mode"": ""best"", ""elapsed_time"": 3619.0916357040405, ""n_init_feats"": 9, ""n_added_feats"": 44, ""initial_metric"": null, ""final_metric"": 0.8547927472196573, ""pct_gain"": -0.009889626898837031}"
361267,brazilian_houses,openml_task,ctr23,regression,tabularaml,0,4500,,,,,,,,,,,,,,,4680,,,timeout,wall-clock exceeded 4680s,,
361244,solar_flare,openml_task,ctr23,regression,tabularaml,2,4500,852,214,9,70,61,0.6380390723719402,rmse,False,0.6380135646457703,-3.997991200093019e-05,"{""mae"": 0.391183604773517, ""mse"": 0.407093857873246, ""pearson"": 0.2622699131023595, ""r2"": -0.018479667586078996, ""rmse"": 0.6380390723719402, ""rmsle"": 0.3538517141566985}","{""mae"": 0.018053533507998046, ""mse"": -7.996142239532235e-05, ""pearson"": -0.09962412198217754, ""r2"": -0.004426107796310876, ""rmse"": -3.997991200093019e-05, ""rmsle"": 0.00025699828861590476}",3605.148355960846,0.15337491035461426,3608.1856701374054,357.40234375,25,ok,,0.2.0,"{""mode"": ""best"", ""elapsed_time"": 3604.4648761749268, ""n_init_feats"": 9, ""n_added_feats"": 61, ""initial_metric"": null, ""final_metric"": 0.8521654376867627, ""pct_gain"": -0.03932188021683945}"
361267,brazilian_houses,openml_task,ctr23,regression,tabularaml,1,4500,,,,,,,,,,,,,,,4680,,,timeout,wall-clock exceeded 4680s,,
361244,solar_flare,openml_task,ctr23,regression,tabularaml,4,4500,852,214,9,58,49,0.7050718323523064,rmse,False,0.702299499006531,-0.003947508647944575,"{""mae"": 0.46289887731877444, ""mse"": 0.49712628877663895, ""pearson"": 0.28854274296344923, ""r2"": 0.0636122436221378, ""rmse"": 0.7050718323523064, ""rmsle"": 0.3670254946566194}","{""mae"": -0.005857710791238313, ""mse"": -0.007910600120414798, ""pearson"": -0.18747411225814484, ""r2"": -0.10356675868510881, ""rmse"": -0.003947508647944575, ""rmsle"": -0.00721534684327782}",3602.900692462921,0.13239216804504395,3606.1089663505554,358.24609375,4,ok,,0.2.0,"{""mode"": ""best"", ""elapsed_time"": 3602.260755300522, ""n_init_feats"": 9, ""n_added_feats"": 49, ""initial_metric"": null, ""final_metric"": 0.8576957121728954, ""pct_gain"": -0.02914727647593362}"
361244,solar_flare,openml_task,ctr23,regression,tabularaml,3,4500,852,214,9,64,55,0.7647202700201324,rmse,False,0.765126371248072,0.000530763600890102,"{""mae"": 0.43367435107721347, ""mse"": 0.5847970913796643, ""pearson"": 0.31256035275690747, ""r2"": 0.03750700460653711, ""rmse"": 0.7647202700201324, ""rmsle"": 0.37634698634023495}","{""mae"": 0.008121891383195199, ""mse"": 0.0010612454917802445, ""pearson"": 0.004100670723966348, ""r2"": 0.028026343175213374, ""rmse"": 0.000530763600890102, ""rmsle"": 0.004546937983579893}",3622.060660839081,0.13766145706176758,3625.014867544174,355.7265625,24,ok,,0.2.0,"{""mode"": ""best"", ""elapsed_time"": 3621.3299753665924, ""n_init_feats"": 9, ""n_added_feats"": 55, ""initial_metric"": null, ""final_metric"": 0.8619544190744038, ""pct_gain"": -0.04091826844244563}"
361267,brazilian_houses,openml_task,ctr23,regression,tabularaml,4,4500,,,,,,,,,,,,,,,4680,,,timeout,wall-clock exceeded 4680s,,
361254,sarcos,openml_task,ctr23,regression,tabularaml,0,4500,39146,9787,21,46,25,2.367125553947649,rmse,False,2.382620916511604,0.006503494725733418,"{""mae"": 1.5699158236848207, ""mse"": 5.603283388151964, ""pearson"": 0.9930817303608755, ""r2"": 0.9861991596567816, ""rmse"": 2.367125553947649, ""rmsle"": null}","{""mae"": 0.0005695750660704453, ""mse"": 0.012964694007819088, ""pearson"": 9.806596702610488e-05, ""r2"": 0.00018384436476092658, ""rmse"": 0.006503494725733418, ""rmsle"": null}",3646.025853872299,0.05575251579284668,3685.0034952163696,684.9609375,1995,ok,,0.2.0,"{""mode"": ""best"", ""elapsed_time"": 3608.9250938892365, ""n_init_feats"": 21, ""n_added_feats"": 25, ""initial_metric"": null, ""final_metric"": 3.571260598506875, ""pct_gain"": 0.015808002301379527}"
361254,sarcos,openml_task,ctr23,regression,tabularaml,1,4500,39146,9787,21,58,37,2.4574276240098207,rmse,False,2.4185738528188203,-0.016064744579007497,"{""mae"": 1.598899625168902, ""mse"": 6.038950527246553, ""pearson"": 0.9927777495446175, ""r2"": 0.9855911894074447, ""rmse"": 2.4574276240098207, ""rmsle"": null}","{""mae"": -0.016127745488680713, ""mse"": -0.03238756517640378, ""pearson"": -0.0002339155710303387, ""r2"": -0.0004584243925322721, ""rmse"": -0.016064744579007497, ""rmsle"": null}",3665.942675113678,0.06075787544250488,3715.2760100364685,694.8203125,1997,ok,,0.2.0,"{""mode"": ""best"", ""elapsed_time"": 3615.0058505535126, ""n_init_feats"": 21, ""n_added_feats"": 37, ""initial_metric"": null, ""final_metric"": 3.5202911949635927, ""pct_gain"": 0.03623845992972558}"
361254,sarcos,openml_task,ctr23,regression,tabularaml,2,4500,39146,9787,21,46,25,2.4456654751415,rmse,False,2.455856621478499,0.0041497318075775416,"{""mae"": 1.6100309916977928, ""mse"": 5.9812796162990995, ""pearson"": 0.9932142457780394, ""r2"": 0.9864213347942584, ""rmse"": 2.4456654751415, ""rmsle"": null}","{""mae"": -0.00016670803528655623, ""mse"": 0.008282243341079918, ""pearson"": 6.480688002238664e-05, ""r2"": 0.00011497527341832821, ""rmse"": 0.0041497318075775416, ""rmsle"": null}",3677.4701828956604,0.0576021671295166,3761.8612859249115,668.80859375,1999,ok,,0.2.0,"{""mode"": ""best"", ""elapsed_time"": 3615.3989686965942, ""n_init_feats"": 21, ""n_added_feats"": 25, ""initial_metric"": null, ""final_metric"": 3.5574632248859492, ""pct_gain"": 0.016718743580554765}"
361254,sarcos,openml_task,ctr23,regression,tabularaml,3,4500,39146,9787,21,47,26,2.383388518019454,rmse,False,2.332981726923865,-0.02160616626948583,"{""mae"": 1.587962866607371, ""mse"": 5.68054082782697, ""pearson"": 0.9930538957202387, ""r2"": 0.9861411897181699, ""rmse"": 2.383388518019454, ""rmsle"": null}","{""mae"": -0.015247506848860401, ""mse"": -0.04367915895983651, ""pearson"": -0.00030347394952566113, ""r2"": -0.0005878124063788092, ""rmse"": -0.02160616626948583, ""rmsle"": null}",3685.424805879593,0.07766509056091309,3732.142843723297,695.9609375,1999,ok,,0.2.0,"{""mode"": ""best"", ""elapsed_time"": 3637.4051377773285, ""n_init_feats"": 21, ""n_added_feats"": 26, ""initial_metric"": null, ""final_metric"": 3.5979303666138898, ""pct_gain"": 0.013872513534679923}"
361268,fps_benchmark,openml_task,ctr23,regression,tabularaml,0,4500,,,,,,,,,,,,,,,4680,,,timeout,wall-clock exceeded 4680s,,
361268,fps_benchmark,openml_task,ctr23,regression,tabularaml,1,4500,,,,,,,,,,,,,,,4680,,,timeout,wall-clock exceeded 4680s,,
361254,sarcos,openml_task,ctr23,regression,tabularaml,4,4500,39146,9787,21,55,34,2.3811322854466046,rmse,False,2.3845787716343225,0.001445322850608034,"{""mae"": 1.5692669791244331, ""mse"": 5.669790960796171, ""pearson"": 0.9930833150865158, ""r2"": 0.9861859924535296, ""rmse"": 2.3811322854466046, ""rmsle"": null}","{""mae"": 0.003649509442358906, ""mse"": 0.002888556743073396, ""pearson"": 1.92770593834758e-05, ""r2"": 4.058034039154703e-05, ""rmse"": 0.001445322850608034, ""rmsle"": null}",3679.30180811882,0.08566069602966309,3769.421184539795,695.1875,1999,ok,,0.2.0,"{""mode"": ""best"", ""elapsed_time"": 3614.231714248657, ""n_init_feats"": 21, ""n_added_feats"": 34, ""initial_metric"": null, ""final_metric"": 3.5382124853958232, ""pct_gain"": 0.029044053362029885}"
361261,cps88wages,openml_task,ctr23,regression,tabularaml,2,4500,22524,5631,6,673,667,329.42253919317,rmse,False,329.20579738792026,-0.0006583778504797762,"{""mae"": 221.16183687389267, ""mse"": 108519.20932847563, ""pearson"": 0.5971733909638771, ""r2"": 0.35595586812877333, ""rmse"": 329.42253919317, ""rmsle"": 0.5448884549630972}","{""mae"": -0.003279716807131657, ""mse"": -0.001317189162353717, ""pearson"": -0.0006755577327505052, ""r2"": -0.00237445263018247, ""rmse"": -0.0006583778504797762, ""rmsle"": -0.0041122594153191055}",3246.6885097026825,16.975187301635742,3292.6154935359955,977.41015625,68,ok,,0.2.0,"{""mode"": ""best"", ""elapsed_time"": 3131.30028796196, ""n_init_feats"": 6, ""n_added_feats"": 15, ""initial_metric"": null, ""final_metric"": 404.3070774879889, ""pct_gain"": -0.0021235978417301848}"
361272,fifa,openml_task,ctr23,regression,tabularaml,2,4500,15342,3836,28,54,26,14379.768236809985,rmse,False,9989.946989366888,-0.4394238780361437,"{""mae"": 4666.547838367188, ""mse"": 206777734.54436934, ""pearson"": 0.7472001155318698, ""r2"": 0.5113772611387921, ""rmse"": 14379.768236809985, ""rmsle"": 0.9254811218924812}","{""mae"": -0.16554365512684163, ""mse"": -1.0719411006606108, ""pearson"": -0.14899019912854333, ""r2"": -0.33080826265883, ""rmse"": -0.4394238780361437, ""rmsle"": -0.2254044024336185}",3628.8781344890594,0.04864978790283203,3638.9137263298035,657.2578125,188,ok,,0.2.0,"{""mode"": ""best"", ""elapsed_time"": 3616.1926624774933, ""n_init_feats"": 28, ""n_added_feats"": 26, ""initial_metric"": null, ""final_metric"": 9175.603589497721, ""pct_gain"": 0.007192815589671817}"
361272,fifa,openml_task,ctr23,regression,tabularaml,1,4500,15342,3836,28,62,34,15032.883139571124,rmse,False,9441.799664199494,-0.5921629005295845,"{""mae"": 4921.92182588279, ""mse"": 225987575.4880018, ""pearson"": 0.6885496286291369, ""r2"": 0.4102927105682155, ""rmse"": 15032.883139571124, ""rmsle"": 0.8313801070651312}","{""mae"": -0.20426040448258087, ""mse"": -1.5349827018227806, ""pearson"": -0.21405919127306702, ""r2"": -0.46532767681671994, ""rmse"": -0.5921629005295845, ""rmsle"": -0.07581204487494828}",3630.4704394340515,0.0640265941619873,3648.606279850006,679.22265625,149,ok,,0.2.0,"{""mode"": ""best"", ""elapsed_time"": 3619.2263486385345, ""n_init_feats"": 28, ""n_added_feats"": 34, ""initial_metric"": null, ""final_metric"": 8945.754333572564, ""pct_gain"": 0.011313780022337178}"
361268,fps_benchmark,openml_task,ctr23,regression,tabularaml,3,4500,,,,,,,,,,,,,,,4680,,,timeout,wall-clock exceeded 4680s,,
361266,kings_county,openml_task,ctr23,regression,tabularaml,2,4500,17290,4323,21,22,1,123961.64614439648,rmse,False,122839.37932210756,-0.009136050902260974,"{""mae"": 64659.87260727504, ""mse"": 15366489714.828568, ""pearson"": 0.9443363584879195, ""r2"": 0.889931323407153, ""rmse"": 123961.64614439648, ""rmsle"": 0.16253347028245596}","{""mae"": -0.007867917337071567, ""mse"": -0.018355569230610793, ""pearson"": -0.0014482051523028148, ""r2"": -0.0022243778146510376, ""rmse"": -0.009136050902260974, ""rmsle"": -0.0035062313967215595}",3642.1549685001373,0.025388002395629883,3648.350603580475,478.59375,347,ok,,0.2.0,"{""mode"": ""best"", ""elapsed_time"": 3637.0497765541077, ""n_init_feats"": 21, ""n_added_feats"": 1, ""initial_metric"": null, ""final_metric"": 127314.11744210901, ""pct_gain"": 0.015036180576879827}"
361261,cps88wages,openml_task,ctr23,regression,tabularaml,4,4500,22524,5631,6,680,674,398.80200994753966,rmse,False,398.3970793678087,-0.0010163994685239743,"{""mae"": 231.06098401667995, ""mse"": 159043.04313819754, ""pearson"": 0.5169389308609187, ""r2"": 0.26622808109586815, ""rmse"": 398.80200994753966, ""rmsle"": 0.5630908133853951}","{""mae"": -0.006606529635084947, ""mse"": -0.0020338320049276427, ""pearson"": -0.0018820094016174075, ""r2"": -0.005563103594298917, ""rmse"": -0.0010163994685239743, ""rmsle"": -0.00970064083297372}",3444.0875458717346,10.82481861114502,3469.6397972106934,997.7890625,51,ok,,0.2.0,"{""mode"": ""best"", ""elapsed_time"": 3340.7393791675568, ""n_init_feats"": 6, ""n_added_feats"": 16, ""initial_metric"": null, ""final_metric"": 366.28464542757104, ""pct_gain"": -0.0029678753396946062}"
361242,superconductivity,openml_task,ctr23,regression,tabularaml,0,4500,17010,4253,81,104,23,9.547428445032274,rmse,False,9.551463462034931,0.00042245013224365244,"{""mae"": 5.508892424618604, ""mse"": 91.15338991301138, ""pearson"": 0.9600586007023743, ""r2"": 0.9216831575085946, ""rmse"": 9.547428445032274, ""rmsle"": 0.4108963175802976}","{""mae"": -0.009363757166720567, ""mse"": 0.0008447218003732698, ""pearson"": 3.8635123327127955e-05, ""r2"": 7.184316121423028e-05, ""rmse"": 0.00042245013224365244, ""rmsle"": -0.020650769027176632}",3636.078536748886,0.23714637756347656,3660.444397687912,688.33203125,937,ok,,0.2.0,"{""mode"": ""best"", ""elapsed_time"": 3601.789431333542, ""n_init_feats"": 81, ""n_added_feats"": 23, ""initial_metric"": null, ""final_metric"": 10.464622359233575, ""pct_gain"": 0.002335481122272623}"
361268,fps_benchmark,openml_task,ctr23,regression,tabularaml,4,4500,,,,,,,,,,,,,,,4680,,,timeout,wall-clock exceeded 4680s,,
361266,kings_county,openml_task,ctr23,regression,tabularaml,4,4500,17290,4323,21,21,0,124611.67759031786,rmse,False,124611.67759031786,-0.0,"{""mae"": 66838.47887751562, ""mse"": 15528070191.873327, ""pearson"": 0.9397443271833096, ""r2"": 0.8799430709428115, ""rmse"": 124611.67759031786, ""rmsle"": 0.17005911017834346}","{""mae"": -0.0, ""mse"": -0.0, ""pearson"": 0.0, ""r2"": 0.0, ""rmse"": -0.0, ""rmsle"": -0.0}",3714.182557106018,0.007747650146484375,3719.32963514328,817.13671875,281,ok,,0.2.0,"{""mode"": ""best"", ""elapsed_time"": 3709.7977821826935, ""n_init_feats"": 21, ""n_added_feats"": 0, ""initial_metric"": null, ""final_metric"": 128442.13735113246, ""pct_gain"": 0.0}"
361261,cps88wages,openml_task,ctr23,regression,tabularaml,1,4500,22524,5631,6,18,12,397.8042079097104,rmse,False,398.3818333491238,0.0014499291660902392,"{""mae"": 223.42297561062907, ""mse"": 158248.18783067208, ""pearson"": 0.5148516875219403, ""r2"": 0.2620289957123376, ""rmse"": 397.8042079097104, ""rmsle"": 0.5533340963277197}","{""mae"": -0.005157846136108834, ""mse"": 0.0028977560375938087, ""pearson"": 0.008736210583182538, ""r2"": 0.008252420418039301, ""rmse"": 0.0014499291660902392, ""rmsle"": -0.015070910843484765}",3607.7825870513916,0.10410451889038086,3611.0811960697174,496.26171875,42,ok,,0.2.0,"{""mode"": ""best"", ""elapsed_time"": 3603.1512730121613, ""n_init_feats"": 6, ""n_added_feats"": 12, ""initial_metric"": null, ""final_metric"": 377.8971196640979, ""pct_gain"": -0.0016850084824622347}"
361242,superconductivity,openml_task,ctr23,regression,tabularaml,1,4500,17010,4253,81,96,15,9.531838793599734,rmse,False,9.554719290682906,0.002394680198033992,"{""mae"": 5.409549899750945, ""mse"": 90.85595078717283, ""pearson"": 0.960112815608472, ""r2"": 0.9218099763235303, ""rmse"": 9.531838793599734, ""rmsle"": 0.40547828648923306}","{""mae"": -0.01145527956389315, ""mse"": 0.004783625902817079, ""pearson"": 0.00018937203088619558, ""r2"": 0.0004078746727713962, ""rmse"": 0.002394680198033992, ""rmsle"": -0.010420302413385516}",3657.6927378177643,0.03854727745056152,3703.720022916794,689.859375,828,ok,,0.2.0,"{""mode"": ""best"", ""elapsed_time"": 3620.492397546768, ""n_init_feats"": 81, ""n_added_feats"": 15, ""initial_metric"": null, ""final_metric"": 10.55507980656051, ""pct_gain"": -0.0008062339702647544}"
361242,superconductivity,openml_task,ctr23,regression,tabularaml,2,4500,17010,4253,81,94,13,9.187682877397714,rmse,False,9.199367035220108,0.0012701045384601844,"{""mae"": 5.355383943354589, ""mse"": 84.41351665562715, ""pearson"": 0.9632074987546387, ""r2"": 0.9277327688245921, ""rmse"": 9.187682877397714, ""rmsle"": 0.4118041914230921}","{""mae"": 0.007258122133721709, ""mse"": 0.002538595911381803, ""pearson"": 9.796457801252388e-05, ""r2"": 0.00019829058911071903, ""rmse"": 0.0012701045384601844, ""rmsle"": 0.0018372425881706532}",3665.1067414283752,0.04186511039733887,3690.7064459323883,692.390625,747,ok,,0.2.0,"{""mode"": ""best"", ""elapsed_time"": 3620.444000720978, ""n_init_feats"": 81, ""n_added_feats"": 13, ""initial_metric"": null, ""final_metric"": 10.468726090574972, ""pct_gain"": 0.00018658427165572526}"
361242,superconductivity,openml_task,ctr23,regression,tabularaml,3,4500,17010,4253,81,95,14,9.102521954443178,rmse,False,9.144032004297909,0.0045395783649073,"{""mae"": 5.259218101013851, ""mse"": 82.85590593112006, ""pearson"": 0.9646587567767702, ""r2"": 0.9304050044618684, ""rmse"": 9.102521954443178, ""rmsle"": 0.39675257822473337}","{""mae"": -0.002705937988788697, ""mse"": 0.009058548958082856, ""pearson"": 0.00035074373282955104, ""r2"": 0.0006842482223204467, ""rmse"": 0.004539578364907107, ""rmsle"": 0.00598330684358798}",3652.7861156463623,0.03389239311218262,3676.137715101242,698.55859375,941,ok,,0.2.0,"{""mode"": ""best"", ""elapsed_time"": 3616.3676948547363, ""n_init_feats"": 81, ""n_added_feats"": 14, ""initial_metric"": null, ""final_metric"": 10.50767784026096, ""pct_gain"": 0.0003720695087753991}"
