dataset_id,dataset_name,dataset_source,suite,task,framework,seed,time_budget_s,n_train,n_test,n_features_before,n_features_after,n_added,score_holdout,scorer_name,scorer_greater_is_better,score_nofe_same_seed,pct_improvement,all_metrics_json,metric_gains_json,wall_time_fit,wall_time_transform,wall_time_total,peak_rss_mb,n_boost_rounds,status,error_msg,adapter_version,internal_log_json
43,spambase,openml_task,amlb,classification,nofe,4,4500,3680,921,57,57,0,0.1504146624055279,binary_crossentropy,False,0.1504146624055279,-0.0,"{""accuracy"": 0.9467969598159957, ""binary_crossentropy"": 0.1504146624055279, ""binary_roc_auc"": 0.984739871836646, ""f1"": 0.9312762923107427, ""precision"": 0.9485714285443265, ""recall"": 0.9146005509389917}","{""accuracy"": 0.0, ""binary_crossentropy"": -0.0, ""binary_roc_auc"": 0.0, ""f1"": 0.0, ""precision"": 0.0, ""recall"": 0.0}",0.006873369216918945,0.0005366802215576172,6.416215896606445,355.484375,265,ok,,1.0.0,{}
31,credit-g,openml_task,amlb,classification,nofe,1,4500,800,200,20,20,0,0.45345808025449513,binary_crossentropy,False,0.45345808025449513,-0.0,"{""accuracy"": 0.7999999999599999, ""binary_crossentropy"": 0.45345808025449513, ""binary_roc_auc"": 0.8394047619047619, ""f1"": 0.6078431322914264, ""precision"": 0.7380952379195012, ""recall"": 0.5166666665805556}","{""accuracy"": 0.0, ""binary_crossentropy"": -0.0, ""binary_roc_auc"": 0.0, ""f1"": 0.0, ""precision"": 0.0, ""recall"": 0.0}",0.0036802291870117188,0.00011491775512695312,6.615424156188965,330.48046875,52,ok,,1.0.0,{}
15,breast-w,openml_task,amlb,classification,nofe,0,4500,559,140,9,9,0,0.1265942708971644,binary_crossentropy,False,0.1265942708971644,-0.0,"{""accuracy"": 0.9571428570744898, ""binary_crossentropy"": 0.1265942708971644, ""binary_roc_auc"": 0.9884510869565217, ""f1"": 0.9387755050145774, ""precision"": 0.919999999816, ""recall"": 0.9583333331336805}","{""accuracy"": 0.0, ""binary_crossentropy"": -0.0, ""binary_roc_auc"": 0.0, ""f1"": 0.0, ""precision"": 0.0, ""recall"": 0.0}",0.003968954086303711,6.580352783203125e-05,6.4549760818481445,328.76953125,128,ok,,1.0.0,{}
3913,kc2,openml_task,amlb,classification,nofe,4,4500,417,105,21,21,0,0.47445735227139224,binary_crossentropy,False,0.47445735227139224,-0.0,"{""accuracy"": 0.8095238094467121, ""binary_crossentropy"": 0.47445735227139224, ""binary_roc_auc"": 0.7453450164293538, ""f1"": 0.4117647010726644, ""precision"": 0.5833333328472222, ""recall"": 0.3181818180371901}","{""accuracy"": 0.0, ""binary_crossentropy"": -0.0, ""binary_roc_auc"": 0.0, ""f1"": 0.0, ""precision"": 0.0, ""recall"": 0.0}",0.0046138763427734375,6.437301635742188e-05,6.547893285751343,333.86328125,75,ok,,1.0.0,{}
29,credit-approval,openml_task,amlb,classification,nofe,4,4500,552,138,15,15,0,0.34591680983641604,binary_crossentropy,False,0.34591680983641604,-0.0,"{""accuracy"": 0.8333333332729468, ""binary_crossentropy"": 0.34591680983641604, ""binary_roc_auc"": 0.9293165850542899, ""f1"": 0.8516128981161292, ""precision"": 0.8461538460453649, ""recall"": 0.8571428570315399}","{""accuracy"": 0.0, ""binary_crossentropy"": -0.0, ""binary_roc_auc"": 0.0, ""f1"": 0.0, ""precision"": 0.0, ""recall"": 0.0}",0.0036163330078125,0.00012040138244628906,6.683749675750732,330.20703125,157,ok,,1.0.0,{}
37,diabetes,openml_task,amlb,classification,nofe,3,4500,614,154,8,8,0,0.5026635957954378,binary_crossentropy,False,0.5026635957954378,-0.0,"{""accuracy"": 0.7532467531978411, ""binary_crossentropy"": 0.5026635957954378, ""binary_roc_auc"": 0.8099999999999999, ""f1"": 0.6041666616189236, ""precision"": 0.6904761903117914, ""recall"": 0.5370370369375858}","{""accuracy"": 0.0, ""binary_crossentropy"": -0.0, ""binary_roc_auc"": 0.0, ""f1"": 0.0, ""precision"": 0.0, ""recall"": 0.0}",0.0019762516021728516,0.0017096996307373047,6.578808069229126,334.03515625,40,ok,,1.0.0,{}
3904,jm1,openml_task,amlb,classification,nofe,2,4500,8708,2177,21,21,0,0.43093656902370453,binary_crossentropy,False,0.43093656902370453,-0.0,"{""accuracy"": 0.8158015617785218, ""binary_crossentropy"": 0.43093656902370453, ""binary_roc_auc"": 0.7437871647395561, ""f1"": 0.20278329746182944, ""precision"": 0.6219512194363475, ""recall"": 0.12114014251493728}","{""accuracy"": 0.0, ""binary_crossentropy"": -0.0, ""binary_roc_auc"": 0.0, ""f1"": 0.0, ""precision"": 0.0, ""recall"": 0.0}",0.006294727325439453,0.0004937648773193359,6.950011968612671,346.6875,55,ok,,1.0.0,{}
3021,sick,openml_task,amlb,classification,nofe,4,4500,3017,755,27,27,0,0.04528639031641975,binary_crossentropy,False,0.04528639031641975,-0.0,"{""accuracy"": 0.9854304635631068, ""binary_crossentropy"": 0.04528639031641975, ""binary_roc_auc"": 0.9946648678481634, ""f1"": 0.8735632132065002, ""precision"": 0.926829268066627, ""recall"": 0.826086956342155}","{""accuracy"": 0.0, ""binary_crossentropy"": -0.0, ""binary_roc_auc"": 0.0, ""f1"": 0.0, ""precision"": 0.0, ""recall"": 0.0}",0.004479169845581055,0.00016832351684570312,7.177796363830566,334.765625,102,ok,,1.0.0,{}
37,diabetes,openml_task,amlb,classification,nofe,0,4500,614,154,8,8,0,0.4571434679356488,binary_crossentropy,False,0.4571434679356488,-0.0,"{""accuracy"": 0.798701298649435, ""binary_crossentropy"": 0.4571434679356488, ""binary_roc_auc"": 0.850925925925926, ""f1"": 0.6804123660580296, ""precision"": 0.7674418602866414, ""recall"": 0.6111111109979424}","{""accuracy"": 0.0, ""binary_crossentropy"": -0.0, ""binary_roc_auc"": 0.0, ""f1"": 0.0, ""precision"": 0.0, ""recall"": 0.0}",0.0017876625061035156,0.0010881423950195312,7.358941555023193,331.578125,48,ok,,1.0.0,{}
3903,pc3,openml_task,amlb,classification,nofe,0,4500,1250,313,37,37,0,0.26453822801936977,binary_crossentropy,False,0.26453822801936977,-0.0,"{""accuracy"": 0.8977635782460778, ""binary_crossentropy"": 0.26453822801936977, ""binary_roc_auc"": 0.8225645017793595, ""f1"": 0.3043478217202269, ""precision"": 0.49999999964285713, ""recall"": 0.21874999993164063}","{""accuracy"": 0.0, ""binary_crossentropy"": -0.0, ""binary_roc_auc"": 0.0, ""f1"": 0.0, ""precision"": 0.0, ""recall"": 0.0}",0.002451658248901367,9.036064147949219e-05,7.150022506713867,334.359375,83,ok,,1.0.0,{}
3,kr-vs-kp,openml_task,amlb,classification,nofe,3,4500,2556,640,36,36,0,0.03108604906368555,binary_crossentropy,False,0.03108604906368555,-0.0,"{""accuracy"": 0.9968749999844239, ""binary_crossentropy"": 0.03108604906368555, ""binary_roc_auc"": 0.9998140972956049, ""f1"": 0.9967213064427843, ""precision"": 0.9999999999671052, ""recall"": 0.9934640522551156}","{""accuracy"": 0.0, ""binary_crossentropy"": -0.0, ""binary_roc_auc"": 0.0, ""f1"": 0.0, ""precision"": 0.0, ""recall"": 0.0}",0.0047473907470703125,0.00025200843811035156,7.152930498123169,330.3984375,258,ok,,1.0.0,{}
31,credit-g,openml_task,amlb,classification,nofe,3,4500,800,200,20,20,0,0.5091846006270498,binary_crossentropy,False,0.5091846006270498,-0.0,"{""accuracy"": 0.75499999996225, ""binary_crossentropy"": 0.5091846006270498, ""binary_roc_auc"": 0.771547619047619, ""f1"": 0.524271839694599, ""precision"": 0.6279069765981612, ""recall"": 0.449999999925}","{""accuracy"": 0.0, ""binary_crossentropy"": -0.0, ""binary_roc_auc"": 0.0, ""f1"": 0.0, ""precision"": 0.0, ""recall"": 0.0}",0.004196643829345703,0.00012826919555664062,7.38913893699646,330.0859375,62,ok,,1.0.0,{}
37,diabetes,openml_task,amlb,classification,nofe,2,4500,614,154,8,8,0,0.5173654703834614,binary_crossentropy,False,0.5173654703834614,-0.0,"{""accuracy"": 0.7662337661840107, ""binary_crossentropy"": 0.5173654703834614, ""binary_roc_auc"": 0.7935185185185185, ""f1"": 0.5909090860330579, ""precision"": 0.7647058821280277, ""recall"": 0.4814814813923182}","{""accuracy"": 0.0, ""binary_crossentropy"": -0.0, ""binary_roc_auc"": 0.0, ""f1"": 0.0, ""precision"": 0.0, ""recall"": 0.0}",0.0018928050994873047,0.0014312267303466797,7.659309387207031,328.20703125,40,ok,,1.0.0,{}
3902,pc4,openml_task,amlb,classification,nofe,1,4500,1166,292,37,37,0,0.1927500172715143,binary_crossentropy,False,0.1927500172715143,-0.0,"{""accuracy"": 0.9075342465442625, ""binary_crossentropy"": 0.1927500172715143, ""binary_roc_auc"": 0.9491102430555555, ""f1"": 0.557377044160172, ""precision"": 0.679999999728, ""recall"": 0.47222222209104936}","{""accuracy"": 0.0, ""binary_crossentropy"": -0.0, ""binary_roc_auc"": 0.0, ""f1"": 0.0, ""precision"": 0.0, ""recall"": 0.0}",0.0033648014068603516,8.106231689453125e-05,8.30546498298645,335.74609375,98,ok,,1.0.0,{}
3904,jm1,openml_task,amlb,classification,nofe,4,4500,8708,2177,21,21,0,0.42870201140583986,binary_crossentropy,False,0.42870201140583986,-0.0,"{""accuracy"": 0.813045475421162, ""binary_crossentropy"": 0.42870201140583986, ""binary_roc_auc"": 0.7528602308204244, ""f1"": 0.2586520911324117, ""precision"": 0.554687499956665, ""recall"": 0.16864608075608917}","{""accuracy"": 0.0, ""binary_crossentropy"": -0.0, ""binary_roc_auc"": 0.0, ""f1"": 0.0, ""precision"": 0.0, ""recall"": 0.0}",0.010004997253417969,0.00041103363037109375,8.603997945785522,348.3671875,221,ok,,1.0.0,{}
3903,pc3,openml_task,amlb,classification,nofe,2,4500,1250,313,37,37,0,0.27122763107521847,binary_crossentropy,False,0.27122763107521847,-0.0,"{""accuracy"": 0.8977635782460778, ""binary_crossentropy"": 0.27122763107521847, ""binary_roc_auc"": 0.8256227758007118, ""f1"": 0.0, ""precision"": 0.0, ""recall"": 0.0}","{""accuracy"": 0.0, ""binary_crossentropy"": -0.0, ""binary_roc_auc"": 0.0, ""f1"": 0.0, ""precision"": 0.0, ""recall"": 0.0}",0.0038213729858398438,9.965896606445312e-05,8.483786344528198,336.9296875,17,ok,,1.0.0,{}
3021,sick,openml_task,amlb,classification,nofe,3,4500,3017,755,27,27,0,0.043680976952899506,binary_crossentropy,False,0.043680976952899506,-0.0,"{""accuracy"": 0.9867549668743476, ""binary_crossentropy"": 0.043680976952899506, ""binary_roc_auc"": 0.9941742809836267, ""f1"": 0.8863636311725207, ""precision"": 0.9285714283503401, ""recall"": 0.8478260867722117}","{""accuracy"": 0.0, ""binary_crossentropy"": -0.0, ""binary_roc_auc"": 0.0, ""f1"": 0.0, ""precision"": 0.0, ""recall"": 0.0}",0.0033273696899414062,0.0001823902130126953,7.737127780914307,331.375,135,ok,,1.0.0,{}
3917,kc1,openml_task,amlb,classification,nofe,4,4500,1687,422,21,21,0,0.3333425756226078,binary_crossentropy,False,0.3333425756226078,-0.0,"{""accuracy"": 0.8507109004537746, ""binary_crossentropy"": 0.3333425756226078, ""binary_roc_auc"": 0.8358758888170653, ""f1"": 0.2409638519669038, ""precision"": 0.5555555552469136, ""recall"": 0.15384615382248523}","{""accuracy"": 0.0, ""binary_crossentropy"": -0.0, ""binary_roc_auc"": 0.0, ""f1"": 0.0, ""precision"": 0.0, ""recall"": 0.0}",0.003919363021850586,6.532669067382812e-05,8.157350063323975,333.60546875,39,ok,,1.0.0,{}
29,credit-approval,openml_task,amlb,classification,nofe,2,4500,552,138,15,15,0,0.315853757041412,binary_crossentropy,False,0.315853757041412,-0.0,"{""accuracy"": 0.8695652173282923, ""binary_crossentropy"": 0.315853757041412, ""binary_roc_auc"": 0.9331488183947201, ""f1"": 0.8860759442581319, ""precision"": 0.8641975307575065, ""recall"": 0.9090909089728454}","{""accuracy"": 0.0, ""binary_crossentropy"": -0.0, ""binary_roc_auc"": 0.0, ""f1"": 0.0, ""precision"": 0.0, ""recall"": 0.0}",0.0038166046142578125,0.00010085105895996094,8.35066556930542,331.6015625,75,ok,,1.0.0,{}
3,kr-vs-kp,openml_task,amlb,classification,nofe,4,4500,2556,640,36,36,0,0.02190262126896414,binary_crossentropy,False,0.02190262126896414,-0.0,"{""accuracy"": 0.9953124999844483, ""binary_crossentropy"": 0.02190262126896414, ""binary_roc_auc"": 0.9999217251770969, ""f1"": 0.9951060308566168, ""precision"": 0.9934853419871829, ""recall"": 0.9967320261112179}","{""accuracy"": 0.0, ""binary_crossentropy"": -0.0, ""binary_roc_auc"": 0.0, ""f1"": 0.0, ""precision"": 0.0, ""recall"": 0.0}",0.00536346435546875,0.00023937225341796875,8.843854665756226,333.15625,374,ok,,1.0.0,{}
29,credit-approval,openml_task,amlb,classification,nofe,1,4500,552,138,15,15,0,0.31390044265899103,binary_crossentropy,False,0.31390044265899103,-0.0,"{""accuracy"": 0.8623188405172232, ""binary_crossentropy"": 0.31390044265899103, ""binary_roc_auc"": 0.9358100915477966, ""f1"": 0.8741721803166529, ""precision"": 0.8918918917713661, ""recall"": 0.8571428570315399}","{""accuracy"": 0.0, ""binary_crossentropy"": -0.0, ""binary_roc_auc"": 0.0, ""f1"": 0.0, ""precision"": 0.0, ""recall"": 0.0}",0.004785060882568359,0.00012445449829101562,9.363813161849976,329.76171875,56,ok,,1.0.0,{}
3918,pc1,openml_task,amlb,classification,nofe,0,4500,887,222,21,21,0,0.15845010005910923,binary_crossentropy,False,0.15845010005910923,-0.0,"{""accuracy"": 0.9414414413990342, ""binary_crossentropy"": 0.15845010005910923, ""binary_roc_auc"": 0.923671497584541, ""f1"": 0.3809523765079365, ""precision"": 0.6666666655555555, ""recall"": 0.26666666648888887}","{""accuracy"": 0.0, ""binary_crossentropy"": -0.0, ""binary_roc_auc"": 0.0, ""f1"": 0.0, ""precision"": 0.0, ""recall"": 0.0}",0.011308431625366211,0.00018262863159179688,8.713689088821411,331.34375,54,ok,,1.0.0,{}
29,credit-approval,openml_task,amlb,classification,nofe,3,4500,552,138,15,15,0,0.25762298217286234,binary_crossentropy,False,0.25762298217286234,-0.0,"{""accuracy"": 0.8840579709504305, ""binary_crossentropy"": 0.25762298217286234, ""binary_roc_auc"": 0.9618905684479454, ""f1"": 0.8888888837895449, ""precision"": 0.9552238804544443, ""recall"": 0.8311688310608872}","{""accuracy"": 0.0, ""binary_crossentropy"": -0.0, ""binary_roc_auc"": 0.0, ""f1"": 0.0, ""precision"": 0.0, ""recall"": 0.0}",0.011404991149902344,0.000331878662109375,8.83982515335083,336.1484375,53,ok,,1.0.0,{}
3902,pc4,openml_task,amlb,classification,nofe,0,4500,1166,292,37,37,0,0.20860542760434728,binary_crossentropy,False,0.20860542760434728,-0.0,"{""accuracy"": 0.9006849314760039, ""binary_crossentropy"": 0.20860542760434728, ""binary_roc_auc"": 0.9319661458333333, ""f1"": 0.4727272680330579, ""precision"": 0.6842105259556787, ""recall"": 0.36111111101080245}","{""accuracy"": 0.0, ""binary_crossentropy"": -0.0, ""binary_roc_auc"": 0.0, ""f1"": 0.0, ""precision"": 0.0, ""recall"": 0.0}",0.0026559829711914062,8.511543273925781e-05,8.710453510284424,334.81640625,47,ok,,1.0.0,{}
3021,sick,openml_task,amlb,classification,nofe,0,4500,3017,755,27,27,0,0.03666426456038126,binary_crossentropy,False,0.03666426456038126,-0.0,"{""accuracy"": 0.9827814569406254, ""binary_crossentropy"": 0.03666426456038126, ""binary_roc_auc"": 0.9970258171337463, ""f1"": 0.8539325790834491, ""precision"": 0.8837209300270417, ""recall"": 0.826086956342155}","{""accuracy"": 0.0, ""binary_crossentropy"": -0.0, ""binary_roc_auc"": 0.0, ""f1"": 0.0, ""precision"": 0.0, ""recall"": 0.0}",0.005049943923950195,0.0002994537353515625,8.796732664108276,331.89453125,354,ok,,1.0.0,{}
3904,jm1,openml_task,amlb,classification,nofe,1,4500,8708,2177,21,21,0,0.4279933997485949,binary_crossentropy,False,0.4279933997485949,-0.0,"{""accuracy"": 0.8199356913145617, ""binary_crossentropy"": 0.4279933997485949, ""binary_roc_auc"": 0.7423154545798862, ""f1"": 0.2974910357110649, ""precision"": 0.6058394160141722, ""recall"": 0.19714964370078028}","{""accuracy"": 0.0, ""binary_crossentropy"": -0.0, ""binary_roc_auc"": 0.0, ""f1"": 0.0, ""precision"": 0.0, ""recall"": 0.0}",0.008527994155883789,0.0009663105010986328,9.7908616065979,349.546875,209,ok,,1.0.0,{}
49,tic-tac-toe,openml_task,amlb,classification,nofe,2,4500,766,192,9,9,0,0.048641702952447,binary_crossentropy,False,0.048641702952447,-0.0,"{""accuracy"": 0.9895833332817925, ""binary_crossentropy"": 0.048641702952447, ""binary_roc_auc"": 0.9992835820895523, ""f1"": 0.992063486985072, ""precision"": 0.9842519684264369, ""recall"": 0.9999999999200001}","{""accuracy"": 0.0, ""binary_crossentropy"": -0.0, ""binary_roc_auc"": 0.0, ""f1"": 0.0, ""precision"": 0.0, ""recall"": 0.0}",0.0038912296295166016,0.00014543533325195312,10.542312622070312,334.89453125,702,ok,,1.0.0,{}
29,credit-approval,openml_task,amlb,classification,nofe,0,4500,552,138,15,15,0,0.23255187949246686,binary_crossentropy,False,0.23255187949246686,-0.0,"{""accuracy"": 0.9202898550057761, ""binary_crossentropy"": 0.23255187949246686, ""binary_roc_auc"": 0.9763678944006813, ""f1"": 0.9281045700422915, ""precision"": 0.9342105261928672, ""recall"": 0.9220779219581717}","{""accuracy"": 0.0, ""binary_crossentropy"": -0.0, ""binary_roc_auc"": 0.0, ""f1"": 0.0, ""precision"": 0.0, ""recall"": 0.0}",0.0057582855224609375,0.0001087188720703125,10.890857696533203,334.49609375,82,ok,,1.0.0,{}
3917,kc1,openml_task,amlb,classification,nofe,2,4500,1687,422,21,21,0,0.32809222824386014,binary_crossentropy,False,0.32809222824386014,-0.0,"{""accuracy"": 0.8459715639609959, ""binary_crossentropy"": 0.32809222824386014, ""binary_roc_auc"": 0.841973712561948, ""f1"": 0.26966291734881964, ""precision"": 0.49999999979166665, ""recall"": 0.18461538458698226}","{""accuracy"": 0.0, ""binary_crossentropy"": -0.0, ""binary_roc_auc"": 0.0, ""f1"": 0.0, ""precision"": 0.0, ""recall"": 0.0}",0.005110263824462891,0.0001595020294189453,10.223527908325195,333.3671875,62,ok,,1.0.0,{}
49,tic-tac-toe,openml_task,amlb,classification,nofe,1,4500,766,192,9,9,0,0.022896941321278064,binary_crossentropy,False,0.022896941321278064,-0.0,"{""accuracy"": 0.9999999999479167, ""binary_crossentropy"": 0.022896941321278064, ""binary_roc_auc"": 1.0, ""f1"": 0.99999999492, ""precision"": 0.9999999999200001, ""recall"": 0.9999999999200001}","{""accuracy"": 0.0, ""binary_crossentropy"": -0.0, ""binary_roc_auc"": 0.0, ""f1"": 0.0, ""precision"": 0.0, ""recall"": 0.0}",0.011768817901611328,0.00021719932556152344,10.915313482284546,332.98046875,755,ok,,1.0.0,{}
3904,jm1,openml_task,amlb,classification,nofe,3,4500,8708,2177,21,21,0,0.4372989283519556,binary_crossentropy,False,0.4372989283519556,-0.0,"{""accuracy"": 0.8125861276949353, ""binary_crossentropy"": 0.4372989283519556, ""binary_roc_auc"": 0.7290369226107706, ""f1"": 0.22137404263453472, ""precision"": 0.5631067960618343, ""recall"": 0.13776722089934043}","{""accuracy"": 0.0, ""binary_crossentropy"": -0.0, ""binary_roc_auc"": 0.0, ""f1"": 0.0, ""precision"": 0.0, ""recall"": 0.0}",0.007436513900756836,0.0005700588226318359,10.436277627944946,349.015625,119,ok,,1.0.0,{}
3,kr-vs-kp,openml_task,amlb,classification,nofe,0,4500,2556,640,36,36,0,0.022595040546588764,binary_crossentropy,False,0.022595040546588764,-0.0,"{""accuracy"": 0.9906249999845215, ""binary_crossentropy"": 0.022595040546588764, ""binary_roc_auc"": 0.9999804312942742, ""f1"": 0.9900990048688038, ""precision"": 0.9999999999666667, ""recall"": 0.9803921568307061}","{""accuracy"": 0.0, ""binary_crossentropy"": -0.0, ""binary_roc_auc"": 0.0, ""f1"": 0.0, ""precision"": 0.0, ""recall"": 0.0}",0.00809621810913086,0.0005347728729248047,10.892794370651245,337.5625,577,ok,,1.0.0,{}
3917,kc1,openml_task,amlb,classification,nofe,1,4500,1687,422,21,21,0,0.3282037836773171,binary_crossentropy,False,0.3282037836773171,-0.0,"{""accuracy"": 0.8696682464248894, ""binary_crossentropy"": 0.3282037836773171, ""binary_roc_auc"": 0.8274294333117863, ""f1"": 0.3209876510714831, ""precision"": 0.8124999994921874, ""recall"": 0.1999999999692308}","{""accuracy"": 0.0, ""binary_crossentropy"": -0.0, ""binary_roc_auc"": 0.0, ""f1"": 0.0, ""precision"": 0.0, ""recall"": 0.0}",0.00608372688293457,0.00011563301086425781,11.403159618377686,331.375,57,ok,,1.0.0,{}
3903,pc3,openml_task,amlb,classification,nofe,1,4500,1250,313,37,37,0,0.26507360558676424,binary_crossentropy,False,0.26507360558676424,-0.0,"{""accuracy"": 0.9105431309613244, ""binary_crossentropy"": 0.26507360558676424, ""binary_roc_auc"": 0.8307384341637011, ""f1"": 0.3636363595041322, ""precision"": 0.666666666111111, ""recall"": 0.249999999921875}","{""accuracy"": 0.0, ""binary_crossentropy"": -0.0, ""binary_roc_auc"": 0.0, ""f1"": 0.0, ""precision"": 0.0, ""recall"": 0.0}",0.0022051334381103516,6.103515625e-05,10.985410213470459,333.078125,153,ok,,1.0.0,{}
3913,kc2,openml_task,amlb,classification,nofe,3,4500,417,105,21,21,0,0.3906011115937006,binary_crossentropy,False,0.3906011115937006,-0.0,"{""accuracy"": 0.7999999999238095, ""binary_crossentropy"": 0.3906011115937006, ""binary_roc_auc"": 0.8628148959474261, ""f1"": 0.08695652083175803, ""precision"": 0.9999999900000002, ""recall"": 0.045454545433884296}","{""accuracy"": 0.0, ""binary_crossentropy"": -0.0, ""binary_roc_auc"": 0.0, ""f1"": 0.0, ""precision"": 0.0, ""recall"": 0.0}",0.004041433334350586,8.320808410644531e-05,11.803791284561157,329.796875,13,ok,,1.0.0,{}
37,diabetes,openml_task,amlb,classification,nofe,1,4500,614,154,8,8,0,0.4864241839205096,binary_crossentropy,False,0.4864241839205096,-0.0,"{""accuracy"": 0.7532467531978411, ""binary_crossentropy"": 0.4864241839205096, ""binary_roc_auc"": 0.8296296296296296, ""f1"": 0.6481481430281207, ""precision"": 0.6481481480281207, ""recall"": 0.6481481480281207}","{""accuracy"": 0.0, ""binary_crossentropy"": -0.0, ""binary_roc_auc"": 0.0, ""f1"": 0.0, ""precision"": 0.0, ""recall"": 0.0}",0.0018815994262695312,0.0011200904846191406,11.069149255752563,327.30859375,75,ok,,1.0.0,{}
3904,jm1,openml_task,amlb,classification,nofe,0,4500,8708,2177,21,21,0,0.4270242333059662,binary_crossentropy,False,0.4270242333059662,-0.0,"{""accuracy"": 0.8176389526834285, ""binary_crossentropy"": 0.4270242333059662, ""binary_roc_auc"": 0.7483849063137449, ""f1"": 0.2846846810114764, ""precision"": 0.5895522387619737, ""recall"": 0.18764845605254993}","{""accuracy"": 0.0, ""binary_crossentropy"": -0.0, ""binary_roc_auc"": 0.0, ""f1"": 0.0, ""precision"": 0.0, ""recall"": 0.0}",0.006710529327392578,0.0005154609680175781,11.448110342025757,350.19921875,94,ok,,1.0.0,{}
15,breast-w,openml_task,amlb,classification,nofe,3,4500,559,140,9,9,0,0.18369291051889636,binary_crossentropy,False,0.18369291051889636,-0.0,"{""accuracy"": 0.935714285647449, ""binary_crossentropy"": 0.18369291051889636, ""binary_roc_auc"": 0.9791666666666666, ""f1"": 0.9108910839407902, ""precision"": 0.8679245281381275, ""recall"": 0.9583333331336805}","{""accuracy"": 0.0, ""binary_crossentropy"": -0.0, ""binary_roc_auc"": 0.0, ""f1"": 0.0, ""precision"": 0.0, ""recall"": 0.0}",0.0022192001342773438,0.0014886856079101562,11.041905164718628,330.07421875,90,ok,,1.0.0,{}
3,kr-vs-kp,openml_task,amlb,classification,nofe,2,4500,2556,640,36,36,0,0.02870656663063187,binary_crossentropy,False,0.02870656663063187,-0.0,"{""accuracy"": 0.9890624999845459, ""binary_crossentropy"": 0.02870656663063187, ""binary_roc_auc"": 0.9998336660013307, ""f1"": 0.9886914327716025, ""precision"": 0.9776357827163694, ""recall"": 0.9999999999673203}","{""accuracy"": 0.0, ""binary_crossentropy"": -0.0, ""binary_roc_auc"": 0.0, ""f1"": 0.0, ""precision"": 0.0, ""recall"": 0.0}",0.0040340423583984375,0.00024962425231933594,11.36862301826477,334.484375,415,ok,,1.0.0,{}
3918,pc1,openml_task,amlb,classification,nofe,1,4500,887,222,21,21,0,0.21539352569930456,binary_crossentropy,False,0.21539352569930456,-0.0,"{""accuracy"": 0.9369369368947326, ""binary_crossentropy"": 0.21539352569930456, ""binary_roc_auc"": 0.8056360708534621, ""f1"": 0.22222221919753085, ""precision"": 0.6666666644444444, ""recall"": 0.13333333324444444}","{""accuracy"": 0.0, ""binary_crossentropy"": -0.0, ""binary_roc_auc"": 0.0, ""f1"": 0.0, ""precision"": 0.0, ""recall"": 0.0}",0.005602121353149414,8.153915405273438e-05,11.638961553573608,328.9453125,71,ok,,1.0.0,{}
3917,kc1,openml_task,amlb,classification,nofe,0,4500,1687,422,21,21,0,0.3301744084602213,binary_crossentropy,False,0.3301744084602213,-0.0,"{""accuracy"": 0.8554502369465533, ""binary_crossentropy"": 0.3301744084602213, ""binary_roc_auc"": 0.8382891618185736, ""f1"": 0.22784809829194042, ""precision"": 0.6428571423979591, ""recall"": 0.1384615384402367}","{""accuracy"": 0.0, ""binary_crossentropy"": -0.0, ""binary_roc_auc"": 0.0, ""f1"": 0.0, ""precision"": 0.0, ""recall"": 0.0}",0.005009889602661133,0.00010776519775390625,12.31733775138855,332.5390625,52,ok,,1.0.0,{}
3903,pc3,openml_task,amlb,classification,nofe,3,4500,1250,313,37,37,0,0.26300896426734216,binary_crossentropy,False,0.26300896426734216,-0.0,"{""accuracy"": 0.9009584664248895, ""binary_crossentropy"": 0.26300896426734216, ""binary_roc_auc"": 0.8426379003558718, ""f1"": 0.24390243547888166, ""precision"": 0.5555555549382716, ""recall"": 0.15624999995117186}","{""accuracy"": 0.0, ""binary_crossentropy"": -0.0, ""binary_roc_auc"": 0.0, ""f1"": 0.0, ""precision"": 0.0, ""recall"": 0.0}",0.004740715026855469,0.00012040138244628906,11.977952718734741,332.98828125,103,ok,,1.0.0,{}
3,kr-vs-kp,openml_task,amlb,classification,nofe,1,4500,2556,640,36,36,0,0.036474215674602205,binary_crossentropy,False,0.036474215674602205,-0.0,"{""accuracy"": 0.9937499999844727, ""binary_crossentropy"": 0.036474215674602205, ""binary_roc_auc"": 0.9979942076631052, ""f1"": 0.9934426179183016, ""precision"": 0.9967105262830029, ""recall"": 0.9901960783990131}","{""accuracy"": 0.0, ""binary_crossentropy"": -0.0, ""binary_roc_auc"": 0.0, ""f1"": 0.0, ""precision"": 0.0, ""recall"": 0.0}",0.003462553024291992,0.0002396106719970703,11.543312549591064,334.875,889,ok,,1.0.0,{}
219,electricity,openml_task,amlb,classification,nofe,4,4500,36249,9063,8,8,0,,binary_crossentropy,False,,0.0,"{""accuracy"": 0.9366655632782338, ""binary_crossentropy"": null, ""binary_roc_auc"": 0.9822684344496425, ""f1"": 0.9450927824479983, ""precision"": 0.9429280397004335, ""recall"": 0.9472674976012516}","{""accuracy"": 0.0, ""binary_crossentropy"": null, ""binary_roc_auc"": 0.0, ""f1"": 0.0, ""precision"": 0.0, ""recall"": 0.0}",0.018631696701049805,0.0007584095001220703,11.987716913223267,390.67578125,1999,ok,,1.0.0,{}
43,spambase,openml_task,amlb,classification,nofe,1,4500,3680,921,57,57,0,0.13628545383118118,binary_crossentropy,False,0.13628545383118118,-0.0,"{""accuracy"": 0.9500542888061884, ""binary_crossentropy"": 0.13628545383118118, ""binary_roc_auc"": 0.9873663319411119, ""f1"": 0.9362880836168769, ""precision"": 0.9415041782467547, ""recall"": 0.9311294765583711}","{""accuracy"": 0.0, ""binary_crossentropy"": -0.0, ""binary_roc_auc"": 0.0, ""f1"": 0.0, ""precision"": 0.0, ""recall"": 0.0}",0.004905223846435547,0.0006756782531738281,11.790798902511597,356.359375,280,ok,,1.0.0,{}
3917,kc1,openml_task,amlb,classification,nofe,3,4500,1687,422,21,21,0,0.32361222865165906,binary_crossentropy,False,0.32361222865165906,-0.0,"{""accuracy"": 0.860189573439332, ""binary_crossentropy"": 0.32361222865165906, ""binary_roc_auc"": 0.8409609997845292, ""f1"": 0.3058823492705883, ""precision"": 0.649999999675, ""recall"": 0.1999999999692308}","{""accuracy"": 0.0, ""binary_crossentropy"": -0.0, ""binary_roc_auc"": 0.0, ""f1"": 0.0, ""precision"": 0.0, ""recall"": 0.0}",0.00422978401184082,0.0001533031463623047,11.845086097717285,336.58984375,63,ok,,1.0.0,{}
49,tic-tac-toe,openml_task,amlb,classification,nofe,4,4500,766,192,9,9,0,0.024538181060260438,binary_crossentropy,False,0.024538181060260438,-0.0,"{""accuracy"": 0.9999999999479167, ""binary_crossentropy"": 0.024538181060260438, ""binary_roc_auc"": 1.0, ""f1"": 0.99999999492, ""precision"": 0.9999999999200001, ""recall"": 0.9999999999200001}","{""accuracy"": 0.0, ""binary_crossentropy"": -0.0, ""binary_roc_auc"": 0.0, ""f1"": 0.0, ""precision"": 0.0, ""recall"": 0.0}",0.005362987518310547,9.989738464355469e-05,12.474854946136475,340.16015625,1958,ok,,1.0.0,{}
49,tic-tac-toe,openml_task,amlb,classification,nofe,3,4500,766,192,9,9,0,0.030114101886321503,binary_crossentropy,False,0.030114101886321503,-0.0,"{""accuracy"": 0.9895833332817925, ""binary_crossentropy"": 0.030114101886321503, ""binary_roc_auc"": 1.0, ""f1"": 0.992063486985072, ""precision"": 0.9842519684264369, ""recall"": 0.9999999999200001}","{""accuracy"": 0.0, ""binary_crossentropy"": -0.0, ""binary_roc_auc"": 0.0, ""f1"": 0.0, ""precision"": 0.0, ""recall"": 0.0}",0.004238605499267578,0.00011539459228515625,12.354060411453247,334.38671875,921,ok,,1.0.0,{}
43,spambase,openml_task,amlb,classification,nofe,2,4500,3680,921,57,57,0,0.12703836472897587,binary_crossentropy,False,0.12703836472897587,-0.0,"{""accuracy"": 0.9500542888061884, ""binary_crossentropy"": 0.12703836472897587, ""binary_roc_auc"": 0.989247311827957, ""f1"": 0.935754184918971, ""precision"": 0.9490084985566853, ""recall"": 0.9228650137486814}","{""accuracy"": 0.0, ""binary_crossentropy"": -0.0, ""binary_roc_auc"": 0.0, ""f1"": 0.0, ""precision"": 0.0, ""recall"": 0.0}",0.00507044792175293,0.0005366802215576172,11.624179124832153,351.29296875,384,ok,,1.0.0,{}
43,spambase,openml_task,amlb,classification,nofe,3,4500,3680,921,57,57,0,0.12634149143334475,binary_crossentropy,False,0.12634149143334475,-0.0,"{""accuracy"": 0.9554831704565094, ""binary_crossentropy"": 0.12634149143334475, ""binary_roc_auc"": 0.9884327142391659, ""f1"": 0.9434482708360524, ""precision"": 0.9447513811893715, ""recall"": 0.942148760304624}","{""accuracy"": 0.0, ""binary_crossentropy"": -0.0, ""binary_roc_auc"": 0.0, ""f1"": 0.0, ""precision"": 0.0, ""recall"": 0.0}",0.007007598876953125,0.0004963874816894531,12.478936433792114,355.015625,294,ok,,1.0.0,{}
3021,sick,openml_task,amlb,classification,nofe,1,4500,3017,755,27,27,0,0.04373494989812275,binary_crossentropy,False,0.04373494989812275,-0.0,"{""accuracy"": 0.9880794701855884, ""binary_crossentropy"": 0.04373494989812275, ""binary_roc_auc"": 0.9905868645367022, ""f1"": 0.8988763992980684, ""precision"": 0.9302325579232017, ""recall"": 0.8695652172022684}","{""accuracy"": 0.0, ""binary_crossentropy"": -0.0, ""binary_roc_auc"": 0.0, ""f1"": 0.0, ""precision"": 0.0, ""recall"": 0.0}",0.004394054412841797,0.00022935867309570312,11.79241394996643,334.24609375,131,ok,,1.0.0,{}
3902,pc4,openml_task,amlb,classification,nofe,2,4500,1166,292,37,37,0,0.20615236394672276,binary_crossentropy,False,0.20615236394672276,-0.0,"{""accuracy"": 0.9178082191466503, ""binary_crossentropy"": 0.20615236394672276, ""binary_roc_auc"": 0.9399956597222223, ""f1"": 0.5862068916409037, ""precision"": 0.772727272376033, ""recall"": 0.47222222209104936}","{""accuracy"": 0.0, ""binary_crossentropy"": -0.0, ""binary_roc_auc"": 0.0, ""f1"": 0.0, ""precision"": 0.0, ""recall"": 0.0}",0.010442256927490234,0.00010323524475097656,11.866547584533691,334.6484375,162,ok,,1.0.0,{}
31,credit-g,openml_task,amlb,classification,nofe,0,4500,800,200,20,20,0,0.5007967171864585,binary_crossentropy,False,0.5007967171864585,-0.0,"{""accuracy"": 0.7649999999617499, ""binary_crossentropy"": 0.5007967171864585, ""binary_roc_auc"": 0.780952380952381, ""f1"": 0.5052631531346261, ""precision"": 0.6857142855183673, ""recall"": 0.39999999993333335}","{""accuracy"": 0.0, ""binary_crossentropy"": -0.0, ""binary_roc_auc"": 0.0, ""f1"": 0.0, ""precision"": 0.0, ""recall"": 0.0}",0.004717826843261719,0.0001404285430908203,12.028226852416992,328.5390625,98,ok,,1.0.0,{}
31,credit-g,openml_task,amlb,classification,nofe,2,4500,800,200,20,20,0,0.49857142820954325,binary_crossentropy,False,0.49857142820954325,-0.0,"{""accuracy"": 0.7649999999617499, ""binary_crossentropy"": 0.49857142820954325, ""binary_roc_auc"": 0.7966666666666666, ""f1"": 0.48351647891800514, ""precision"": 0.7096774191259105, ""recall"": 0.3666666666055555}","{""accuracy"": 0.0, ""binary_crossentropy"": -0.0, ""binary_roc_auc"": 0.0, ""f1"": 0.0, ""precision"": 0.0, ""recall"": 0.0}",0.00640869140625,0.0001838207244873047,12.165368556976318,331.0859375,38,ok,,1.0.0,{}
15,breast-w,openml_task,amlb,classification,nofe,2,4500,559,140,9,9,0,0.09637343035844553,binary_crossentropy,False,0.09637343035844553,-0.0,"{""accuracy"": 0.9714285713591836, ""binary_crossentropy"": 0.09637343035844553, ""binary_roc_auc"": 0.996376811594203, ""f1"": 0.9565217339319472, ""precision"": 0.9999999997727272, ""recall"": 0.9166666664756944}","{""accuracy"": 0.0, ""binary_crossentropy"": -0.0, ""binary_roc_auc"": 0.0, ""f1"": 0.0, ""precision"": 0.0, ""recall"": 0.0}",0.0024290084838867188,0.00136566162109375,12.119898796081543,329.28515625,120,ok,,1.0.0,{}
3913,kc2,openml_task,amlb,classification,nofe,1,4500,417,105,21,21,0,0.37624066053401856,binary_crossentropy,False,0.37624066053401856,-0.0,"{""accuracy"": 0.8285714284925171, ""binary_crossentropy"": 0.37624066053401856, ""binary_roc_auc"": 0.8170865279299013, ""f1"": 0.3999999958222223, ""precision"": 0.7499999990624999, ""recall"": 0.27272727260330576}","{""accuracy"": 0.0, ""binary_crossentropy"": -0.0, ""binary_roc_auc"": 0.0, ""f1"": 0.0, ""precision"": 0.0, ""recall"": 0.0}",0.003889799118041992,8.440017700195312e-05,12.151566505432129,330.046875,17,ok,,1.0.0,{}
3918,pc1,openml_task,amlb,classification,nofe,2,4500,887,222,21,21,0,0.16685453118538265,binary_crossentropy,False,0.16685453118538265,-0.0,"{""accuracy"": 0.9369369368947326, ""binary_crossentropy"": 0.16685453118538265, ""binary_roc_auc"": 0.8969404186795491, ""f1"": 0.22222221919753085, ""precision"": 0.6666666644444444, ""recall"": 0.13333333324444444}","{""accuracy"": 0.0, ""binary_crossentropy"": -0.0, ""binary_roc_auc"": 0.0, ""f1"": 0.0, ""precision"": 0.0, ""recall"": 0.0}",0.003072500228881836,6.794929504394531e-05,4.2321624755859375,333.74609375,49,ok,,1.0.0,{}
3903,pc3,openml_task,amlb,classification,nofe,4,4500,1250,313,37,37,0,0.2582307273801714,binary_crossentropy,False,0.2582307273801714,-0.0,"{""accuracy"": 0.8977635782460778, ""binary_crossentropy"": 0.2582307273801714, ""binary_roc_auc"": 0.822898131672598, ""f1"": 0.1111111090740741, ""precision"": 0.49999999875, ""recall"": 0.06249999998046875}","{""accuracy"": 0.0, ""binary_crossentropy"": -0.0, ""binary_roc_auc"": 0.0, ""f1"": 0.0, ""precision"": 0.0, ""recall"": 0.0}",0.0025768280029296875,7.534027099609375e-05,12.347986936569214,335.57421875,38,ok,,1.0.0,{}
37,diabetes,openml_task,amlb,classification,nofe,4,4500,614,154,8,8,0,0.5272407561734125,binary_crossentropy,False,0.5272407561734125,-0.0,"{""accuracy"": 0.7467532467047563, ""binary_crossentropy"": 0.5272407561734125, ""binary_roc_auc"": 0.7966666666666667, ""f1"": 0.6548672515310519, ""precision"": 0.6271186439615053, ""recall"": 0.6851851850582991}","{""accuracy"": 0.0, ""binary_crossentropy"": -0.0, ""binary_roc_auc"": 0.0, ""f1"": 0.0, ""precision"": 0.0, ""recall"": 0.0}",0.0021216869354248047,0.0015451908111572266,12.0568687915802,330.34375,31,ok,,1.0.0,{}
31,credit-g,openml_task,amlb,classification,nofe,4,4500,800,200,20,20,0,0.5135552299395204,binary_crossentropy,False,0.5135552299395204,-0.0,"{""accuracy"": 0.77499999996125, ""binary_crossentropy"": 0.5135552299395204, ""binary_roc_auc"": 0.7635714285714286, ""f1"": 0.4943820179674285, ""precision"": 0.7586206893935791, ""recall"": 0.3666666666055555}","{""accuracy"": 0.0, ""binary_crossentropy"": -0.0, ""binary_roc_auc"": 0.0, ""f1"": 0.0, ""precision"": 0.0, ""recall"": 0.0}",0.004113674163818359,0.0001609325408935547,12.67195725440979,331.1875,36,ok,,1.0.0,{}
3913,kc2,openml_task,amlb,classification,nofe,2,4500,417,105,21,21,0,0.39616136816995484,binary_crossentropy,False,0.39616136816995484,-0.0,"{""accuracy"": 0.8380952380154195, ""binary_crossentropy"": 0.39616136816995484, ""binary_roc_auc"": 0.8346111719605696, ""f1"": 0.5405405354273194, ""precision"": 0.6666666662222221, ""recall"": 0.45454545433884297}","{""accuracy"": 0.0, ""binary_crossentropy"": -0.0, ""binary_roc_auc"": 0.0, ""f1"": 0.0, ""precision"": 0.0, ""recall"": 0.0}",0.0031282901763916016,6.747245788574219e-05,12.424937725067139,329.48046875,43,ok,,1.0.0,{}
3918,pc1,openml_task,amlb,classification,nofe,4,4500,887,222,21,21,0,0.1600700859945301,binary_crossentropy,False,0.1600700859945301,-0.0,"{""accuracy"": 0.9459459459033357, ""binary_crossentropy"": 0.1600700859945301, ""binary_roc_auc"": 0.9156199677938808, ""f1"": 0.3333333301851852, ""precision"": 0.9999999966666667, ""recall"": 0.19999999986666667}","{""accuracy"": 0.0, ""binary_crossentropy"": -0.0, ""binary_roc_auc"": 0.0, ""f1"": 0.0, ""precision"": 0.0, ""recall"": 0.0}",0.004265785217285156,0.00015020370483398438,4.350200176239014,331.43359375,43,ok,,1.0.0,{}
3918,pc1,openml_task,amlb,classification,nofe,3,4500,887,222,21,21,0,0.23192627892435133,binary_crossentropy,False,0.23192627892435133,-0.0,"{""accuracy"": 0.9324324323904309, ""binary_crossentropy"": 0.23192627892435133, ""binary_roc_auc"": 0.8826086956521739, ""f1"": 0.0, ""precision"": 0.0, ""recall"": 0.0}","{""accuracy"": 0.0, ""binary_crossentropy"": -0.0, ""binary_roc_auc"": 0.0, ""f1"": 0.0, ""precision"": 0.0, ""recall"": 0.0}",0.005066394805908203,0.00012302398681640625,4.563406467437744,331.08984375,2,ok,,1.0.0,{}
3021,sick,openml_task,amlb,classification,nofe,2,4500,3017,755,27,27,0,0.03194412622771947,binary_crossentropy,False,0.03194412622771947,-0.0,"{""accuracy"": 0.9867549668743476, ""binary_crossentropy"": 0.03194412622771947, ""binary_roc_auc"": 0.9960139817256393, ""f1"": 0.880952375787982, ""precision"": 0.9736842102700831, ""recall"": 0.8043478259120983}","{""accuracy"": 0.0, ""binary_crossentropy"": -0.0, ""binary_roc_auc"": 0.0, ""f1"": 0.0, ""precision"": 0.0, ""recall"": 0.0}",0.0036814212799072266,0.00017118453979492188,12.93427586555481,336.35546875,104,ok,,1.0.0,{}
3902,pc4,openml_task,amlb,classification,nofe,3,4500,1166,292,37,37,0,0.18485396936669793,binary_crossentropy,False,0.18485396936669793,-0.0,"{""accuracy"": 0.9143835616125211, ""binary_crossentropy"": 0.18485396936669793, ""binary_roc_auc"": 0.949001736111111, ""f1"": 0.5901639293953239, ""precision"": 0.719999999712, ""recall"": 0.4999999998611111}","{""accuracy"": 0.0, ""binary_crossentropy"": -0.0, ""binary_roc_auc"": 0.0, ""f1"": 0.0, ""precision"": 0.0, ""recall"": 0.0}",0.0032525062561035156,0.00015878677368164062,13.220801591873169,332.1640625,74,ok,,1.0.0,{}
219,electricity,openml_task,amlb,classification,nofe,0,4500,36249,9063,8,8,0,,binary_crossentropy,False,,0.0,"{""accuracy"": 0.9394240317765205, ""binary_crossentropy"": null, ""binary_roc_auc"": 0.9848471046457623, ""f1"": 0.9473583227381392, ""precision"": 0.9474491752954595, ""recall"": 0.9472674976012516}","{""accuracy"": 0.0, ""binary_crossentropy"": null, ""binary_roc_auc"": 0.0, ""f1"": 0.0, ""precision"": 0.0, ""recall"": 0.0}",0.014720678329467773,0.00014400482177734375,12.986192464828491,392.1015625,1996,ok,,1.0.0,{}
10101,blood-transfusion,openml_task,amlb,classification,nofe,4,4500,598,150,4,4,0,0.5122701958318552,binary_crossentropy,False,0.5122701958318552,-0.0,"{""accuracy"": 0.779999999948, ""binary_crossentropy"": 0.5122701958318552, ""binary_roc_auc"": 0.7099171539961014, ""f1"": 0.3529411721799308, ""precision"": 0.5999999996, ""recall"": 0.24999999993055555}","{""accuracy"": 0.0, ""binary_crossentropy"": -0.0, ""binary_roc_auc"": 0.0, ""f1"": 0.0, ""precision"": 0.0, ""recall"": 0.0}",0.003693103790283203,5.173683166503906e-05,10.735890626907349,329.3046875,75,ok,,1.0.0,{}
9976,madelon,openml_task,amlb,classification,nofe,3,4500,2080,520,500,500,0,0.4321942936772337,binary_crossentropy,False,0.4321942936772337,-0.0,"{""accuracy"": 0.8269230769071746, ""binary_crossentropy"": 0.4321942936772337, ""binary_roc_auc"": 0.9059171597633137, ""f1"": 0.8269230718912723, ""precision"": 0.8269230768912722, ""recall"": 0.8269230768912722}","{""accuracy"": 0.0, ""binary_crossentropy"": -0.0, ""binary_roc_auc"": 0.0, ""f1"": 0.0, ""precision"": 0.0, ""recall"": 0.0}",0.007786989212036133,0.00027370452880859375,11.720526695251465,431.1015625,47,ok,,1.0.0,{}
219,electricity,openml_task,amlb,classification,nofe,1,4500,36249,9063,8,8,0,,binary_crossentropy,False,,0.0,"{""accuracy"": 0.9342381109997414, ""binary_crossentropy"": null, ""binary_roc_auc"": 0.9824918324918324, ""f1"": 0.9430319200603736, ""precision"": 0.9401562797771295, ""recall"": 0.9459252157220596}","{""accuracy"": 0.0, ""binary_crossentropy"": null, ""binary_roc_auc"": 0.0, ""f1"": 0.0, ""precision"": 0.0, ""recall"": 0.0}",0.01567244529724121,0.00011897087097167969,25.8311710357666,396.66796875,1997,ok,,1.0.0,{}
9977,nomao,openml_task,amlb,classification,nofe,0,4500,27572,6893,118,118,0,0.07335619736651688,binary_crossentropy,False,0.07335619736651688,-0.0,"{""accuracy"": 0.9709850573031031, ""binary_crossentropy"": 0.07335619736651688, ""binary_roc_auc"": 0.9958402765200163, ""f1"": 0.9797447792800029, ""precision"": 0.9771717171697432, ""recall"": 0.9823314378534072}","{""accuracy"": 0.0, ""binary_crossentropy"": -0.0, ""binary_roc_auc"": 0.0, ""f1"": 0.0, ""precision"": 0.0, ""recall"": 0.0}",0.033214569091796875,0.005095481872558594,11.84898042678833,566.23046875,601,ok,,1.0.0,{}
9978,ozone-level-8hr,openml_task,amlb,classification,nofe,1,4500,2027,507,72,72,0,0.15653968722462155,binary_crossentropy,False,0.15653968722462155,-0.0,"{""accuracy"": 0.9408284023483071, ""binary_crossentropy"": 0.15653968722462155, ""binary_roc_auc"": 0.9156578947368421, ""f1"": 0.16666666459876545, ""precision"": 0.7499999981250001, ""recall"": 0.09374999997070313}","{""accuracy"": 0.0, ""binary_crossentropy"": -0.0, ""binary_roc_auc"": 0.0, ""f1"": 0.0, ""precision"": 0.0, ""recall"": 0.0}",0.00884246826171875,0.0003955364227294922,11.651360034942627,345.41796875,45,ok,,1.0.0,{}
9910,Bioresponse,openml_task,amlb,classification,nofe,0,4500,3000,751,1776,1776,0,0.4286683178240168,binary_crossentropy,False,0.4286683178240168,-0.0,"{""accuracy"": 0.8122503328786651, ""binary_crossentropy"": 0.4286683178240168, ""binary_roc_auc"": 0.8878349808582366, ""f1"": 0.8323424444502822, ""precision"": 0.806451612884644, ""recall"": 0.859950859929731}","{""accuracy"": 0.0, ""binary_crossentropy"": -0.0, ""binary_roc_auc"": 0.0, ""f1"": 0.0, ""precision"": 0.0, ""recall"": 0.0}",0.018880844116210938,0.001016855239868164,17.052029609680176,726.97265625,181,ok,,1.0.0,{}
9978,ozone-level-8hr,openml_task,amlb,classification,nofe,2,4500,2027,507,72,72,0,0.15532825597634453,binary_crossentropy,False,0.15532825597634453,-0.0,"{""accuracy"": 0.9388560157605749, ""binary_crossentropy"": 0.15532825597634453, ""binary_roc_auc"": 0.9219078947368421, ""f1"": 0.24390243547888166, ""precision"": 0.5555555549382716, ""recall"": 0.15624999995117186}","{""accuracy"": 0.0, ""binary_crossentropy"": -0.0, ""binary_roc_auc"": 0.0, ""f1"": 0.0, ""precision"": 0.0, ""recall"": 0.0}",0.008887290954589844,0.0003426074981689453,12.142346858978271,345.53125,85,ok,,1.0.0,{}
10101,blood-transfusion,openml_task,amlb,classification,nofe,3,4500,598,150,4,4,0,0.5317196175456047,binary_crossentropy,False,0.5317196175456047,-0.0,"{""accuracy"": 0.7599999999493333, ""binary_crossentropy"": 0.5317196175456047, ""binary_roc_auc"": 0.6319444444444445, ""f1"": 0.0, ""precision"": 0.0, ""recall"": 0.0}","{""accuracy"": 0.0, ""binary_crossentropy"": -0.0, ""binary_roc_auc"": 0.0, ""f1"": 0.0, ""precision"": 0.0, ""recall"": 0.0}",0.0030765533447265625,5.888938903808594e-05,12.069979667663574,331.625,9,ok,,1.0.0,{}
9971,ilpd,openml_task,amlb,classification,nofe,3,4500,466,117,10,10,0,0.5316558431865822,binary_crossentropy,False,0.5316558431865822,-0.0,"{""accuracy"": 0.6581196580634087, ""binary_crossentropy"": 0.5316558431865822, ""binary_roc_auc"": 0.7236002834868887, ""f1"": 0.31034482262782404, ""precision"": 0.37499999984375, ""recall"": 0.2647058822750865}","{""accuracy"": 0.0, ""binary_crossentropy"": -0.0, ""binary_roc_auc"": 0.0, ""f1"": 0.0, ""precision"": 0.0, ""recall"": 0.0}",0.005683183670043945,8.20159912109375e-05,13.584741115570068,332.93359375,76,ok,,1.0.0,{}
10093,banknote-authentication,openml_task,amlb,classification,nofe,2,4500,1097,275,4,4,0,0.017674345215094613,binary_crossentropy,False,0.017674345215094613,-0.0,"{""accuracy"": 0.9927272726911736, ""binary_crossentropy"": 0.017674345215094613, ""binary_roc_auc"": 0.9999464266580949, ""f1"": 0.9918032736072294, ""precision"": 0.9918032786072293, ""recall"": 0.9918032786072293}","{""accuracy"": 0.0, ""binary_crossentropy"": -0.0, ""binary_roc_auc"": 0.0, ""f1"": 0.0, ""precision"": 0.0, ""recall"": 0.0}",0.0038330554962158203,7.772445678710938e-05,12.013956785202026,332.96484375,485,ok,,1.0.0,{}
10101,blood-transfusion,openml_task,amlb,classification,nofe,2,4500,598,150,4,4,0,0.46741827348868054,binary_crossentropy,False,0.46741827348868054,-0.0,"{""accuracy"": 0.8066666666128889, ""binary_crossentropy"": 0.46741827348868054, ""binary_roc_auc"": 0.7634015594541911, ""f1"": 0.4528301841509434, ""precision"": 0.7058823525259516, ""recall"": 0.3333333332407407}","{""accuracy"": 0.0, ""binary_crossentropy"": -0.0, ""binary_roc_auc"": 0.0, ""f1"": 0.0, ""precision"": 0.0, ""recall"": 0.0}",0.0040056705474853516,5.435943603515625e-05,12.113231658935547,329.921875,40,ok,,1.0.0,{}
9977,nomao,openml_task,amlb,classification,nofe,1,4500,27572,6893,118,118,0,0.07229359174488244,binary_crossentropy,False,0.07229359174488244,-0.0,"{""accuracy"": 0.9717104308704894, ""binary_crossentropy"": 0.07229359174488244, ""binary_roc_auc"": 0.9961038563204899, ""f1"": 0.9802371491482293, ""precision"": 0.9783532267833738, ""recall"": 0.9821283509322053}","{""accuracy"": 0.0, ""binary_crossentropy"": -0.0, ""binary_roc_auc"": 0.0, ""f1"": 0.0, ""precision"": 0.0, ""recall"": 0.0}",0.019434452056884766,0.003541231155395508,12.763031005859375,566.08203125,693,ok,,1.0.0,{}
14952,PhishingWebsites,openml_task,amlb,classification,nofe,0,4500,8844,2211,30,30,0,0.07669567806946943,binary_crossentropy,False,0.07669567806946943,-0.0,"{""accuracy"": 0.9669832654863547, ""binary_crossentropy"": 0.07669567806946943, ""binary_roc_auc"": 0.9961645584310084, ""f1"": 0.9704572997271368, ""precision"": 0.96693548386317, ""recall"": 0.9740048740781966}","{""accuracy"": 0.0, ""binary_crossentropy"": -0.0, ""binary_roc_auc"": 0.0, ""f1"": 0.0, ""precision"": 0.0, ""recall"": 0.0}",0.004938364028930664,0.00022530555725097656,12.098048686981201,345.04296875,776,ok,,1.0.0,{}
9977,nomao,openml_task,amlb,classification,nofe,2,4500,27572,6893,118,118,0,0.08210021520914056,binary_crossentropy,False,0.08210021520914056,-0.0,"{""accuracy"": 0.9683737124605131, ""binary_crossentropy"": 0.08210021520914056, ""binary_roc_auc"": 0.9947168004970628, ""f1"": 0.9778769992602457, ""precision"": 0.977281947259681, ""recall"": 0.9784727863505718}","{""accuracy"": 0.0, ""binary_crossentropy"": -0.0, ""binary_roc_auc"": 0.0, ""f1"": 0.0, ""precision"": 0.0, ""recall"": 0.0}",0.02414727210998535,0.0029268264770507812,12.801729917526245,561.82421875,486,ok,,1.0.0,{}
9976,madelon,openml_task,amlb,classification,nofe,1,4500,2080,520,500,500,0,0.4221446029197138,binary_crossentropy,False,0.4221446029197138,-0.0,"{""accuracy"": 0.8269230769071746, ""binary_crossentropy"": 0.4221446029197138, ""binary_roc_auc"": 0.8904289940828403, ""f1"": 0.8308270626404828, ""precision"": 0.8124999999701287, ""recall"": 0.8499999999673077}","{""accuracy"": 0.0, ""binary_crossentropy"": -0.0, ""binary_roc_auc"": 0.0, ""f1"": 0.0, ""precision"": 0.0, ""recall"": 0.0}",0.010632514953613281,0.0003161430358886719,13.292789459228516,432.05859375,153,ok,,1.0.0,{}
9910,Bioresponse,openml_task,amlb,classification,nofe,1,4500,3000,751,1776,1776,0,0.4458779928717172,binary_crossentropy,False,0.4458779928717172,-0.0,"{""accuracy"": 0.8029294274194018, ""binary_crossentropy"": 0.4458779928717172, ""binary_roc_auc"": 0.8738929204045482, ""f1"": 0.8250590966424951, ""precision"": 0.7949886104602508, ""recall"": 0.8574938574727888}","{""accuracy"": 0.0, ""binary_crossentropy"": -0.0, ""binary_roc_auc"": 0.0, ""f1"": 0.0, ""precision"": 0.0, ""recall"": 0.0}",0.02559971809387207,0.0012874603271484375,17.554565906524658,727.75,115,ok,,1.0.0,{}
9976,madelon,openml_task,amlb,classification,nofe,2,4500,2080,520,500,500,0,0.4151295755721199,binary_crossentropy,False,0.4151295755721199,-0.0,"{""accuracy"": 0.8230769230610947, ""binary_crossentropy"": 0.4151295755721199, ""binary_roc_auc"": 0.8960355029585798, ""f1"": 0.8270676641443834, ""precision"": 0.8088235293820285, ""recall"": 0.8461538461213017}","{""accuracy"": 0.0, ""binary_crossentropy"": -0.0, ""binary_roc_auc"": 0.0, ""f1"": 0.0, ""precision"": 0.0, ""recall"": 0.0}",0.006515026092529297,0.00028777122497558594,13.34647274017334,433.13671875,179,ok,,1.0.0,{}
14954,cylinder-bands,openml_task,amlb,classification,nofe,1,4500,432,108,35,35,0,0.4752561906180172,binary_crossentropy,False,0.4752561906180172,-0.0,"{""accuracy"": 0.8055555554809671, ""binary_crossentropy"": 0.4752561906180172, ""binary_roc_auc"": 0.8509817671809257, ""f1"": 0.8421052580541581, ""precision"": 0.7887323942551082, ""recall"": 0.9032258063059313}","{""accuracy"": 0.0, ""binary_crossentropy"": -0.0, ""binary_roc_auc"": 0.0, ""f1"": 0.0, ""precision"": 0.0, ""recall"": 0.0}",0.0027086734771728516,0.00015282630920410156,11.274593591690063,333.43359375,115,ok,,1.0.0,{}
9977,nomao,openml_task,amlb,classification,nofe,4,4500,27572,6893,118,118,0,0.07138354732680341,binary_crossentropy,False,0.07138354732680341,-0.0,"{""accuracy"": 0.9737414768591706, ""binary_crossentropy"": 0.07138354732680341, ""binary_roc_auc"": 0.9957554420900068, ""f1"": 0.9816038165245868, ""precision"": 0.9825025432329959, ""recall"": 0.9807067424837923}","{""accuracy"": 0.0, ""binary_crossentropy"": -0.0, ""binary_roc_auc"": 0.0, ""f1"": 0.0, ""precision"": 0.0, ""recall"": 0.0}",0.020646333694458008,0.003815174102783203,13.216320037841797,561.859375,582,ok,,1.0.0,{}
9977,nomao,openml_task,amlb,classification,nofe,3,4500,27572,6893,118,118,0,0.08160578670429798,binary_crossentropy,False,0.08160578670429798,-0.0,"{""accuracy"": 0.9709850573031031, ""binary_crossentropy"": 0.08160578670429798, ""binary_roc_auc"": 0.9949315940538954, ""f1"": 0.9796995483881867, ""precision"": 0.9793019480499608, ""recall"": 0.9800974817201866}","{""accuracy"": 0.0, ""binary_crossentropy"": -0.0, ""binary_roc_auc"": 0.0, ""f1"": 0.0, ""precision"": 0.0, ""recall"": 0.0}",0.026636600494384766,0.0035886764526367188,13.331851720809937,566.38671875,655,ok,,1.0.0,{}
14954,cylinder-bands,openml_task,amlb,classification,nofe,2,4500,432,108,35,35,0,0.36497988744263743,binary_crossentropy,False,0.36497988744263743,-0.0,"{""accuracy"": 0.814814814739369, ""binary_crossentropy"": 0.36497988744263743, ""binary_roc_auc"": 0.9119915848527349, ""f1"": 0.843749994873047, ""precision"": 0.8181818180578513, ""recall"": 0.8709677417950052}","{""accuracy"": 0.0, ""binary_crossentropy"": -0.0, ""binary_roc_auc"": 0.0, ""f1"": 0.0, ""precision"": 0.0, ""recall"": 0.0}",0.0035991668701171875,0.00019121170043945312,11.449623346328735,333.49609375,244,ok,,1.0.0,{}
9978,ozone-level-8hr,openml_task,amlb,classification,nofe,3,4500,2027,507,72,72,0,0.17092595605778507,binary_crossentropy,False,0.17092595605778507,-0.0,"{""accuracy"": 0.9428007889360395, ""binary_crossentropy"": 0.17092595605778507, ""binary_roc_auc"": 0.8767105263157895, ""f1"": 0.38297871889542784, ""precision"": 0.5999999996, ""recall"": 0.28124999991210936}","{""accuracy"": 0.0, ""binary_crossentropy"": -0.0, ""binary_roc_auc"": 0.0, ""f1"": 0.0, ""precision"": 0.0, ""recall"": 0.0}",0.0077288150787353516,0.00040268898010253906,13.000587940216064,347.4609375,54,ok,,1.0.0,{}
10101,blood-transfusion,openml_task,amlb,classification,nofe,0,4500,598,150,4,4,0,0.5313475094238918,binary_crossentropy,False,0.5313475094238918,-0.0,"{""accuracy"": 0.7599999999493333, ""binary_crossentropy"": 0.5313475094238918, ""binary_roc_auc"": 0.6437621832358674, ""f1"": 0.0, ""precision"": 0.0, ""recall"": 0.0}","{""accuracy"": 0.0, ""binary_crossentropy"": -0.0, ""binary_roc_auc"": 0.0, ""f1"": 0.0, ""precision"": 0.0, ""recall"": 0.0}",0.010865926742553711,7.104873657226562e-05,12.899775266647339,329.15234375,12,ok,,1.0.0,{}
10093,banknote-authentication,openml_task,amlb,classification,nofe,1,4500,1097,275,4,4,0,0.008799590331076284,binary_crossentropy,False,0.008799590331076284,-0.0,"{""accuracy"": 0.9999999999636363, ""binary_crossentropy"": 0.008799590331076284, ""binary_roc_auc"": 1.0, ""f1"": 0.9999999949180327, ""precision"": 0.9999999999180328, ""recall"": 0.9999999999180328}","{""accuracy"": 0.0, ""binary_crossentropy"": -0.0, ""binary_roc_auc"": 0.0, ""f1"": 0.0, ""precision"": 0.0, ""recall"": 0.0}",0.0077283382415771484,7.486343383789062e-05,13.19345474243164,333.85546875,639,ok,,1.0.0,{}
14952,PhishingWebsites,openml_task,amlb,classification,nofe,1,4500,8844,2211,30,30,0,0.07248446243973883,binary_crossentropy,False,0.07248446243973883,-0.0,"{""accuracy"": 0.9692446856582124, ""binary_crossentropy"": 0.07248446243973883, ""binary_roc_auc"": 0.9965831661665477, ""f1"": 0.972357718569334, ""precision"": 0.9731489015380542, ""recall"": 0.9715678310237892}","{""accuracy"": 0.0, ""binary_crossentropy"": -0.0, ""binary_roc_auc"": 0.0, ""f1"": 0.0, ""precision"": 0.0, ""recall"": 0.0}",0.0050809383392333984,0.0002536773681640625,12.821327924728394,343.23046875,777,ok,,1.0.0,{}
9910,Bioresponse,openml_task,amlb,classification,nofe,4,4500,3000,751,1776,1776,0,0.4298709363598481,binary_crossentropy,False,0.4298709363598481,-0.0,"{""accuracy"": 0.8229027962606804, ""binary_crossentropy"": 0.4298709363598481, ""binary_roc_auc"": 0.8800282840980517, ""f1"": 0.8383961067663721, ""precision"": 0.8293269230569873, ""recall"": 0.8476658476450205}","{""accuracy"": 0.0, ""binary_crossentropy"": -0.0, ""binary_roc_auc"": 0.0, ""f1"": 0.0, ""precision"": 0.0, ""recall"": 0.0}",0.031485795974731445,0.0009171962738037109,17.790982723236084,726.00390625,130,ok,,1.0.0,{}
9978,ozone-level-8hr,openml_task,amlb,classification,nofe,4,4500,2027,507,72,72,0,0.14240195190121147,binary_crossentropy,False,0.14240195190121147,-0.0,"{""accuracy"": 0.9487179486992363, ""binary_crossentropy"": 0.14240195190121147, ""binary_roc_auc"": 0.9140131578947368, ""f1"": 0.34999999662500003, ""precision"": 0.8749999989062499, ""recall"": 0.21874999993164063}","{""accuracy"": 0.0, ""binary_crossentropy"": -0.0, ""binary_roc_auc"": 0.0, ""f1"": 0.0, ""precision"": 0.0, ""recall"": 0.0}",0.004553318023681641,0.0003294944763183594,13.682212114334106,346.9375,117,ok,,1.0.0,{}
9910,Bioresponse,openml_task,amlb,classification,nofe,3,4500,3000,751,1776,1776,0,0.4422481188230643,binary_crossentropy,False,0.4422481188230643,-0.0,"{""accuracy"": 0.7962716378056421, ""binary_crossentropy"": 0.4422481188230643, ""binary_roc_auc"": 0.8763284955145422, ""f1"": 0.8167664620494677, ""precision"": 0.7967289719440016, ""recall"": 0.8378378378172521}","{""accuracy"": 0.0, ""binary_crossentropy"": -0.0, ""binary_roc_auc"": 0.0, ""f1"": 0.0, ""precision"": 0.0, ""recall"": 0.0}",0.025162935256958008,0.0009033679962158203,18.68343186378479,727.0546875,87,ok,,1.0.0,{}
14952,PhishingWebsites,openml_task,amlb,classification,nofe,3,4500,8844,2211,30,30,0,0.08408343989651275,binary_crossentropy,False,0.08408343989651275,-0.0,"{""accuracy"": 0.9678878335550978, ""binary_crossentropy"": 0.08408343989651275, ""binary_roc_auc"": 0.9954230839370679, ""f1"": 0.9712666886385021, ""precision"": 0.9677419354760667, ""recall"": 0.9748172217629991}","{""accuracy"": 0.0, ""binary_crossentropy"": -0.0, ""binary_roc_auc"": 0.0, ""f1"": 0.0, ""precision"": 0.0, ""recall"": 0.0}",0.005784749984741211,0.00028824806213378906,13.391843318939209,341.69921875,676,ok,,1.0.0,{}
9910,Bioresponse,openml_task,amlb,classification,nofe,2,4500,3000,751,1776,1776,0,0.43269807042010855,binary_crossentropy,False,0.43269807042010855,-0.0,"{""accuracy"": 0.798934753651146, ""binary_crossentropy"": 0.43269807042010855, ""binary_roc_auc"": 0.8845780241129078, ""f1"": 0.8178528297225575, ""precision"": 0.8033175355259877, ""recall"": 0.8329238329033679}","{""accuracy"": 0.0, ""binary_crossentropy"": -0.0, ""binary_roc_auc"": 0.0, ""f1"": 0.0, ""precision"": 0.0, ""recall"": 0.0}",0.02144169807434082,0.0008008480072021484,19.060211420059204,726.0546875,116,ok,,1.0.0,{}
14954,cylinder-bands,openml_task,amlb,classification,nofe,0,4500,432,108,35,35,0,0.31273259495921796,binary_crossentropy,False,0.31273259495921796,-0.0,"{""accuracy"": 0.8055555554809671, ""binary_crossentropy"": 0.31273259495921796, ""binary_roc_auc"": 0.9319775596072932, ""f1"": 0.8319999948672, ""precision"": 0.82539682526581, ""recall"": 0.8387096772840791}","{""accuracy"": 0.0, ""binary_crossentropy"": -0.0, ""binary_roc_auc"": 0.0, ""f1"": 0.0, ""precision"": 0.0, ""recall"": 0.0}",0.0027472972869873047,0.00015282630920410156,13.172722101211548,334.89453125,285,ok,,1.0.0,{}
10093,banknote-authentication,openml_task,amlb,classification,nofe,4,4500,1097,275,4,4,0,0.013706479198768978,binary_crossentropy,False,0.013706479198768978,-0.0,"{""accuracy"": 0.9963636363274049, ""binary_crossentropy"": 0.013706479198768978, ""binary_roc_auc"": 0.9998392799742849, ""f1"": 0.9959183622657226, ""precision"": 0.9918699186185472, ""recall"": 0.9999999999180328}","{""accuracy"": 0.0, ""binary_crossentropy"": -0.0, ""binary_roc_auc"": 0.0, ""f1"": 0.0, ""precision"": 0.0, ""recall"": 0.0}",0.011738777160644531,7.128715515136719e-05,14.194579839706421,337.53125,1393,ok,,1.0.0,{}
9946,wdbc,openml_task,amlb,classification,nofe,3,4500,455,114,30,30,0,0.05326927449871283,binary_crossentropy,False,0.05326927449871283,-0.0,"{""accuracy"": 0.9912280700884888, ""binary_crossentropy"": 0.05326927449871283, ""binary_roc_auc"": 0.9996693121693122, ""f1"": 0.9882352888858132, ""precision"": 0.9767441858193618, ""recall"": 0.9999999997619048}","{""accuracy"": 0.0, ""binary_crossentropy"": -0.0, ""binary_roc_auc"": 0.0, ""f1"": 0.0, ""precision"": 0.0, ""recall"": 0.0}",0.0027964115142822266,8.869171142578125e-05,18.930976390838623,333.34375,287,ok,,1.0.0,{}
9976,madelon,openml_task,amlb,classification,nofe,0,4500,2080,520,500,500,0,0.4355741875389448,binary_crossentropy,False,0.4355741875389448,-0.0,"{""accuracy"": 0.8153846153689349, ""binary_crossentropy"": 0.4355741875389448, ""binary_roc_auc"": 0.8942455621301775, ""f1"": 0.8188679194991813, ""precision"": 0.8037037036739368, ""recall"": 0.834615384583284}","{""accuracy"": 0.0, ""binary_crossentropy"": -0.0, ""binary_roc_auc"": 0.0, ""f1"": 0.0, ""precision"": 0.0, ""recall"": 0.0}",0.01066136360168457,0.0002684593200683594,15.860182046890259,430.3203125,87,ok,,1.0.0,{}
49,tic-tac-toe,openml_task,amlb,classification,nofe,0,4500,766,192,9,9,0,0.026322580301401406,binary_crossentropy,False,0.026322580301401406,-0.0,"{""accuracy"": 0.9947916666148545, ""binary_crossentropy"": 0.026322580301401406, ""binary_roc_auc"": 0.9998805970149254, ""f1"": 0.9960159311756958, ""precision"": 0.992063491984757, ""recall"": 0.9999999999200001}","{""accuracy"": 0.0, ""binary_crossentropy"": -0.0, ""binary_roc_auc"": 0.0, ""f1"": 0.0, ""precision"": 0.0, ""recall"": 0.0}",0.0036330223083496094,9.5367431640625e-05,29.56528878211975,335.3671875,1611,ok,,1.0.0,{}
14952,PhishingWebsites,openml_task,amlb,classification,nofe,2,4500,8844,2211,30,30,0,0.07495381673605825,binary_crossentropy,False,0.07495381673605825,-0.0,"{""accuracy"": 0.9715061058300701, ""binary_crossentropy"": 0.07495381673605825, ""binary_roc_auc"": 0.9961226976574545, ""f1"": 0.9744629054096319, ""precision"": 0.9724919093772453, ""recall"": 0.9764419171326041}","{""accuracy"": 0.0, ""binary_crossentropy"": -0.0, ""binary_roc_auc"": 0.0, ""f1"": 0.0, ""precision"": 0.0, ""recall"": 0.0}",0.004976987838745117,0.00023293495178222656,14.625224828720093,342.90234375,765,ok,,1.0.0,{}
9976,madelon,openml_task,amlb,classification,nofe,4,4500,2080,520,500,500,0,0.43731229288879636,binary_crossentropy,False,0.43731229288879636,-0.0,"{""accuracy"": 0.8096153845998151, ""binary_crossentropy"": 0.43731229288879636, ""binary_roc_auc"": 0.8800739644970414, ""f1"": 0.8170055402638369, ""precision"": 0.7864768682994137, ""recall"": 0.8499999999673077}","{""accuracy"": 0.0, ""binary_crossentropy"": -0.0, ""binary_roc_auc"": 0.0, ""f1"": 0.0, ""precision"": 0.0, ""recall"": 0.0}",0.008830547332763672,0.0003268718719482422,16.073601007461548,433.30859375,291,ok,,1.0.0,{}
125920,dresses-sales,openml_task,amlb,classification,nofe,1,4500,400,100,12,12,0,0.6755025538802147,binary_crossentropy,False,0.6755025538802147,-0.0,"{""accuracy"": 0.5599999999440001, ""binary_crossentropy"": 0.6755025538802147, ""binary_roc_auc"": 0.5619868637110017, ""f1"": 0.3333333286042241, ""precision"": 0.4583333331423611, ""recall"": 0.26190476184240363}","{""accuracy"": 0.0, ""binary_crossentropy"": -0.0, ""binary_roc_auc"": 0.0, ""f1"": 0.0, ""precision"": 0.0, ""recall"": 0.0}",0.003396272659301758,0.00011515617370605469,9.916747331619263,327.9375,19,ok,,1.0.0,{}
14965,bank-marketing,openml_task,amlb,classification,nofe,2,4500,36168,9043,16,16,0,0.19838881403712408,binary_crossentropy,False,0.19838881403712408,-0.0,"{""accuracy"": 0.9062258100177969, ""binary_crossentropy"": 0.19838881403712408, ""binary_roc_auc"": 0.9339189856216701, ""f1"": 0.535087714420519, ""precision"": 0.6370757180073489, ""recall"": 0.46124763704668015}","{""accuracy"": 0.0, ""binary_crossentropy"": -0.0, ""binary_roc_auc"": 0.0, ""f1"": 0.0, ""precision"": 0.0, ""recall"": 0.0}",0.016096830368041992,0.0009317398071289062,11.056283712387085,360.0078125,226,ok,,1.0.0,{}
167120,numerai28.6,openml_task,amlb,classification,nofe,4,4500,77056,19264,21,21,0,0.6925143302306904,binary_crossentropy,False,0.6925143302306904,-0.0,"{""accuracy"": 0.5191029900329531, ""binary_crossentropy"": 0.6925143302306904, ""binary_roc_auc"": 0.5224742302692433, ""f1"": 0.560155725728089, ""precision"": 0.520653133274033, ""recall"": 0.6061446773524392}","{""accuracy"": 0.0, ""binary_crossentropy"": -0.0, ""binary_roc_auc"": 0.0, ""f1"": 0.0, ""precision"": 0.0, ""recall"": 0.0}",0.0332796573638916,0.0005931854248046875,9.206237077713013,481.6484375,69,ok,,1.0.0,{}
146819,climate-model-crashes,openml_task,amlb,classification,nofe,3,4500,432,108,18,18,0,0.17929328311637854,binary_crossentropy,False,0.17929328311637854,-0.0,"{""accuracy"": 0.9444444443569959, ""binary_crossentropy"": 0.17929328311637854, ""binary_roc_auc"": 0.9315375982042648, ""f1"": 0.9705882302032873, ""precision"": 0.942857142767347, ""recall"": 0.9999999998989899}","{""accuracy"": 0.0, ""binary_crossentropy"": -0.0, ""binary_roc_auc"": 0.0, ""f1"": 0.0, ""precision"": 0.0, ""recall"": 0.0}",0.0034325122833251953,6.961822509765625e-05,9.911431312561035,330.9375,164,ok,,1.0.0,{}
125920,dresses-sales,openml_task,amlb,classification,nofe,0,4500,400,100,12,12,0,0.6437219141423702,binary_crossentropy,False,0.6437219141423702,-0.0,"{""accuracy"": 0.5999999999400001, ""binary_crossentropy"": 0.6437219141423702, ""binary_roc_auc"": 0.6642036124794746, ""f1"": 0.4285714236489796, ""precision"": 0.5357142855229592, ""recall"": 0.3571428570578231}","{""accuracy"": 0.0, ""binary_crossentropy"": -0.0, ""binary_roc_auc"": 0.0, ""f1"": 0.0, ""precision"": 0.0, ""recall"": 0.0}",0.006082296371459961,0.00011301040649414062,10.652549266815186,326.60546875,32,ok,,1.0.0,{}
146820,wilt,openml_task,amlb,classification,nofe,2,4500,3871,968,5,5,0,0.043496420626549355,binary_crossentropy,False,0.043496420626549355,-0.0,"{""accuracy"": 0.9886363636261505, ""binary_crossentropy"": 0.043496420626549355, ""binary_roc_auc"": 0.9934287873698353, ""f1"": 0.8932038783221793, ""precision"": 0.9019607841368704, ""recall"": 0.8846153844452662}","{""accuracy"": 0.0, ""binary_crossentropy"": -0.0, ""binary_roc_auc"": 0.0, ""f1"": 0.0, ""precision"": 0.0, ""recall"": 0.0}",0.004599332809448242,0.00010275840759277344,10.149900436401367,333.6875,361,ok,,1.0.0,{}
167125,Internet-Advertisements,openml_task,amlb,classification,nofe,0,4500,2623,656,1558,1558,0,0.11419002338090384,binary_crossentropy,False,0.11419002338090384,-0.0,"{""accuracy"": 0.9710365853510513, ""binary_crossentropy"": 0.11419002338090384, ""binary_roc_auc"": 0.9701954209065681, ""f1"": 0.9832893529425598, ""precision"": 0.9755671902098505, ""recall"": 0.9911347517554763}","{""accuracy"": 0.0, ""binary_crossentropy"": -0.0, ""binary_roc_auc"": 0.0, ""f1"": 0.0, ""precision"": 0.0, ""recall"": 0.0}",0.058902740478515625,0.14998745918273926,8.97047734260559,422.41796875,164,ok,,1.0.0,{}
146819,climate-model-crashes,openml_task,amlb,classification,nofe,0,4500,432,108,18,18,0,0.10585292326976303,binary_crossentropy,False,0.10585292326976303,-0.0,"{""accuracy"": 0.9814814813906036, ""binary_crossentropy"": 0.10585292326976303, ""binary_roc_auc"": 0.9797979797979798, ""f1"": 0.9899999949015, ""precision"": 0.9801980197049309, ""recall"": 0.9999999998989899}","{""accuracy"": 0.0, ""binary_crossentropy"": -0.0, ""binary_roc_auc"": 0.0, ""f1"": 0.0, ""precision"": 0.0, ""recall"": 0.0}",0.0036046504974365234,5.412101745605469e-05,10.678456544876099,333.57421875,65,ok,,1.0.0,{}
146820,wilt,openml_task,amlb,classification,nofe,0,4500,3871,968,5,5,0,0.06374647552121218,binary_crossentropy,False,0.06374647552121218,-0.0,"{""accuracy"": 0.9814049586675475, ""binary_crossentropy"": 0.06374647552121218, ""binary_roc_auc"": 0.9884111521666106, ""f1"": 0.8269230717640532, ""precision"": 0.8269230767640532, ""recall"": 0.8269230767640532}","{""accuracy"": 0.0, ""binary_crossentropy"": -0.0, ""binary_roc_auc"": 0.0, ""f1"": 0.0, ""precision"": 0.0, ""recall"": 0.0}",0.004191160202026367,9.34600830078125e-05,10.585038185119629,337.10546875,420,ok,,1.0.0,{}
14965,bank-marketing,openml_task,amlb,classification,nofe,0,4500,36168,9043,16,16,0,0.1940132602092769,binary_crossentropy,False,0.1940132602092769,-0.0,"{""accuracy"": 0.9110914519507783, ""binary_crossentropy"": 0.1940132602092769, ""binary_roc_auc"": 0.9374071540092305, ""f1"": 0.5709711797090901, ""precision"": 0.655637254893926, ""recall"": 0.5056710774999464}","{""accuracy"": 0.0, ""binary_crossentropy"": -0.0, ""binary_roc_auc"": 0.0, ""f1"": 0.0, ""precision"": 0.0, ""recall"": 0.0}",0.013335943222045898,0.0005180835723876953,12.505351543426514,370.50390625,418,ok,,1.0.0,{}
14965,bank-marketing,openml_task,amlb,classification,nofe,3,4500,36168,9043,16,16,0,0.1944320815110395,binary_crossentropy,False,0.1944320815110395,-0.0,"{""accuracy"": 0.9102067897811453, ""binary_crossentropy"": 0.1944320815110395, ""binary_roc_auc"": 0.9357109798263048, ""f1"": 0.5739769100599201, ""precision"": 0.645047169803714, ""recall"": 0.517013232509291}","{""accuracy"": 0.0, ""binary_crossentropy"": -0.0, ""binary_roc_auc"": 0.0, ""f1"": 0.0, ""precision"": 0.0, ""recall"": 0.0}",0.012721776962280273,0.0004837512969970703,12.217861413955688,359.203125,181,ok,,1.0.0,{}
146820,wilt,openml_task,amlb,classification,nofe,4,4500,3871,968,5,5,0,0.05756351395309537,binary_crossentropy,False,0.05756351395309537,-0.0,"{""accuracy"": 0.9834710743700055, ""binary_crossentropy"": 0.05756351395309537, ""binary_roc_auc"": 0.9875923748740342, ""f1"": 0.8399999948400001, ""precision"": 0.8749999998177084, ""recall"": 0.8076923075369823}","{""accuracy"": 0.0, ""binary_crossentropy"": -0.0, ""binary_roc_auc"": 0.0, ""f1"": 0.0, ""precision"": 0.0, ""recall"": 0.0}",0.004861116409301758,0.00010442733764648438,10.630147457122803,332.37890625,178,ok,,1.0.0,{}
14952,PhishingWebsites,openml_task,amlb,classification,nofe,4,4500,8844,2211,30,30,0,0.06633114232562975,binary_crossentropy,False,0.06633114232562975,-0.0,"{""accuracy"": 0.9751243781050425, ""binary_crossentropy"": 0.06633114232562975, ""binary_roc_auc"": 0.997211906696066, ""f1"": 0.9776149726070408, ""precision"": 0.9796084828631354, ""recall"": 0.9756295694478017}","{""accuracy"": 0.0, ""binary_crossentropy"": -0.0, ""binary_roc_auc"": 0.0, ""f1"": 0.0, ""precision"": 0.0, ""recall"": 0.0}",0.010295391082763672,0.0002377033233642578,25.26689863204956,346.390625,452,ok,,1.0.0,{}
167125,Internet-Advertisements,openml_task,amlb,classification,nofe,3,4500,2623,656,1558,1558,0,0.08058993675317984,binary_crossentropy,False,0.08058993675317984,-0.0,"{""accuracy"": 0.9801829268143265, ""binary_crossentropy"": 0.08058993675317984, ""binary_roc_auc"": 0.9847845359235277, ""f1"": 0.988526032052374, ""precision"": 0.9841827767841093, ""recall"": 0.9929078014008349}","{""accuracy"": 0.0, ""binary_crossentropy"": -0.0, ""binary_roc_auc"": 0.0, ""f1"": 0.0, ""precision"": 0.0, ""recall"": 0.0}",0.06336283683776855,0.1259300708770752,9.367420434951782,423.07421875,173,ok,,1.0.0,{}
146819,climate-model-crashes,openml_task,amlb,classification,nofe,4,4500,432,108,18,18,0,0.1701035792766898,binary_crossentropy,False,0.1701035792766898,-0.0,"{""accuracy"": 0.9444444443569959, ""binary_crossentropy"": 0.1701035792766898, ""binary_roc_auc"": 0.9461279461279462, ""f1"": 0.9705882302032873, ""precision"": 0.942857142767347, ""recall"": 0.9999999998989899}","{""accuracy"": 0.0, ""binary_crossentropy"": -0.0, ""binary_roc_auc"": 0.0, ""f1"": 0.0, ""precision"": 0.0, ""recall"": 0.0}",0.003365039825439453,5.793571472167969e-05,11.429992914199829,330.41015625,19,ok,,1.0.0,{}
125920,dresses-sales,openml_task,amlb,classification,nofe,4,4500,400,100,12,12,0,0.5984754026681185,binary_crossentropy,False,0.5984754026681185,-0.0,"{""accuracy"": 0.689999999931, ""binary_crossentropy"": 0.5984754026681185, ""binary_roc_auc"": 0.7159277504105089, ""f1"": 0.5633802766990678, ""precision"": 0.6896551721759809, ""recall"": 0.47619047607709747}","{""accuracy"": 0.0, ""binary_crossentropy"": -0.0, ""binary_roc_auc"": 0.0, ""f1"": 0.0, ""precision"": 0.0, ""recall"": 0.0}",0.002821683883666992,0.00014281272888183594,11.754154920578003,330.69921875,45,ok,,1.0.0,{}
146820,wilt,openml_task,amlb,classification,nofe,3,4500,3871,968,5,5,0,0.04979921166399481,binary_crossentropy,False,0.04979921166399481,-0.0,"{""accuracy"": 0.9834710743700055, ""binary_crossentropy"": 0.04979921166399481, ""binary_roc_auc"": 0.9874034262680551, ""f1"": 0.8431372497385621, ""precision"": 0.859999999828, ""recall"": 0.8269230767640532}","{""accuracy"": 0.0, ""binary_crossentropy"": -0.0, ""binary_roc_auc"": 0.0, ""f1"": 0.0, ""precision"": 0.0, ""recall"": 0.0}",0.0036041736602783203,5.888938903808594e-05,11.489240169525146,333.53125,269,ok,,1.0.0,{}
167141,churn,openml_task,amlb,classification,nofe,0,4500,4000,1000,20,20,0,0.1478118859734386,binary_crossentropy,False,0.1478118859734386,-0.0,"{""accuracy"": 0.95499999999045, ""binary_crossentropy"": 0.1478118859734386, ""binary_roc_auc"": 0.9309274350019402, ""f1"": 0.8249027187185273, ""precision"": 0.9137931033695006, ""recall"": 0.7517730495920728}","{""accuracy"": 0.0, ""binary_crossentropy"": -0.0, ""binary_roc_auc"": 0.0, ""f1"": 0.0, ""precision"": 0.0, ""recall"": 0.0}",0.004567146301269531,0.00011444091796875,9.654945135116577,339.69921875,69,ok,,1.0.0,{}
167120,numerai28.6,openml_task,amlb,classification,nofe,0,4500,77056,19264,21,21,0,0.6924404014316557,binary_crossentropy,False,0.6924404014316557,-0.0,"{""accuracy"": 0.5154692691027224, ""binary_crossentropy"": 0.6924404014316557, ""binary_roc_auc"": 0.5202134202502001, ""f1"": 0.6044580000686063, ""precision"": 0.5143516515213368, ""recall"": 0.732840115083505}","{""accuracy"": 0.0, ""binary_crossentropy"": -0.0, ""binary_roc_auc"": 0.0, ""f1"": 0.0, ""precision"": 0.0, ""recall"": 0.0}",0.02960801124572754,0.0008764266967773438,11.469778299331665,482.19921875,11,ok,,1.0.0,{}
146820,wilt,openml_task,amlb,classification,nofe,1,4500,3871,968,5,5,0,0.050808146011510597,binary_crossentropy,False,0.050808146011510597,-0.0,"{""accuracy"": 0.9845041322212345, ""binary_crossentropy"": 0.050808146011510597, ""binary_roc_auc"": 0.9931138730265369, ""f1"": 0.8484848433261911, ""precision"": 0.8936170210864645, ""recall"": 0.8076923075369823}","{""accuracy"": 0.0, ""binary_crossentropy"": -0.0, ""binary_roc_auc"": 0.0, ""f1"": 0.0, ""precision"": 0.0, ""recall"": 0.0}",0.004400491714477539,9.608268737792969e-05,11.549812078475952,335.19140625,208,ok,,1.0.0,{}
125920,dresses-sales,openml_task,amlb,classification,nofe,2,4500,400,100,12,12,0,0.6700004321336747,binary_crossentropy,False,0.6700004321336747,-0.0,"{""accuracy"": 0.5599999999440001, ""binary_crossentropy"": 0.6700004321336747, ""binary_roc_auc"": 0.578407224958949, ""f1"": 0.37142856652244904, ""precision"": 0.46428571411989794, ""recall"": 0.3095238094501134}","{""accuracy"": 0.0, ""binary_crossentropy"": -0.0, ""binary_roc_auc"": 0.0, ""f1"": 0.0, ""precision"": 0.0, ""recall"": 0.0}",0.0022878646850585938,0.0001125335693359375,12.172864198684692,330.12109375,20,ok,,1.0.0,{}
146819,climate-model-crashes,openml_task,amlb,classification,nofe,2,4500,432,108,18,18,0,0.11608579235137396,binary_crossentropy,False,0.11608579235137396,-0.0,"{""accuracy"": 0.9537037036153979, ""binary_crossentropy"": 0.11608579235137396, ""binary_roc_auc"": 0.9719416386083053, ""f1"": 0.9753694530350167, ""precision"": 0.9519230768315459, ""recall"": 0.9999999998989899}","{""accuracy"": 0.0, ""binary_crossentropy"": -0.0, ""binary_roc_auc"": 0.0, ""f1"": 0.0, ""precision"": 0.0, ""recall"": 0.0}",0.0035636425018310547,5.340576171875e-05,12.226706266403198,333.515625,185,ok,,1.0.0,{}
14965,bank-marketing,openml_task,amlb,classification,nofe,1,4500,36168,9043,16,16,0,0.1970229387218367,binary_crossentropy,False,0.1970229387218367,-0.0,"{""accuracy"": 0.9074422205010422, ""binary_crossentropy"": 0.1970229387218367, ""binary_roc_auc"": 0.9355591710828313, ""f1"": 0.5564387868006491, ""precision"": 0.6332931242384404, ""recall"": 0.49621928165882595}","{""accuracy"": 0.0, ""binary_crossentropy"": -0.0, ""binary_roc_auc"": 0.0, ""f1"": 0.0, ""precision"": 0.0, ""recall"": 0.0}",0.020441055297851562,0.001104116439819336,13.44253921508789,363.2578125,271,ok,,1.0.0,{}
167125,Internet-Advertisements,openml_task,amlb,classification,nofe,1,4500,2623,656,1558,1558,0,0.11137100230056293,binary_crossentropy,False,0.11137100230056293,-0.0,"{""accuracy"": 0.9634146341316553, ""binary_crossentropy"": 0.11137100230056293, ""binary_roc_auc"": 0.9607038236201048, ""f1"": 0.9790575866071837, ""precision"": 0.9639175257566337, ""recall"": 0.9946808510461936}","{""accuracy"": 0.0, ""binary_crossentropy"": -0.0, ""binary_roc_auc"": 0.0, ""f1"": 0.0, ""precision"": 0.0, ""recall"": 0.0}",0.054174184799194336,0.11492085456848145,10.743169784545898,420.33984375,204,ok,,1.0.0,{}
14965,bank-marketing,openml_task,amlb,classification,nofe,4,4500,36168,9043,16,16,0,0.19439299644897334,binary_crossentropy,False,0.19439299644897334,-0.0,"{""accuracy"": 0.9066681411026134, ""binary_crossentropy"": 0.19439299644897334, ""binary_roc_auc"": 0.9372663536190847, ""f1"": 0.5631469929691284, ""precision"": 0.6224256292834963, ""recall"": 0.5141776937569549}","{""accuracy"": 0.0, ""binary_crossentropy"": -0.0, ""binary_roc_auc"": 0.0, ""f1"": 0.0, ""precision"": 0.0, ""recall"": 0.0}",0.015167951583862305,0.0008344650268554688,12.857279300689697,364.56640625,241,ok,,1.0.0,{}
167141,churn,openml_task,amlb,classification,nofe,1,4500,4000,1000,20,20,0,0.15574571007164195,binary_crossentropy,False,0.15574571007164195,-0.0,"{""accuracy"": 0.9559999999904399, ""binary_crossentropy"": 0.15574571007164195, ""binary_roc_auc"": 0.9284505321213021, ""f1"": 0.8294573593200529, ""precision"": 0.9145299144517496, ""recall"": 0.7588652481731301}","{""accuracy"": 0.0, ""binary_crossentropy"": -0.0, ""binary_roc_auc"": 0.0, ""f1"": 0.0, ""precision"": 0.0, ""recall"": 0.0}",0.003358602523803711,0.000148773193359375,10.16828966140747,337.61328125,98,ok,,1.0.0,{}
167120,numerai28.6,openml_task,amlb,classification,nofe,1,4500,77056,19264,21,21,0,0.6922300620703801,binary_crossentropy,False,0.6922300620703801,-0.0,"{""accuracy"": 0.517857142856874, ""binary_crossentropy"": 0.6922300620703801, ""binary_roc_auc"": 0.5233681516941053, ""f1"": 0.5682811143160419, ""precision"": 0.5188423018158896, ""recall"": 0.6281339909570199}","{""accuracy"": 0.0, ""binary_crossentropy"": -0.0, ""binary_roc_auc"": 0.0, ""f1"": 0.0, ""precision"": 0.0, ""recall"": 0.0}",0.031177520751953125,0.0004420280456542969,12.518389225006104,477.8515625,55,ok,,1.0.0,{}
167141,churn,openml_task,amlb,classification,nofe,3,4500,4000,1000,20,20,0,0.13903284304775299,binary_crossentropy,False,0.13903284304775299,-0.0,"{""accuracy"": 0.96499999999035, ""binary_crossentropy"": 0.13903284304775299, ""binary_roc_auc"": 0.9331071095369017, ""f1"": 0.86486485983751, ""precision"": 0.9491525422924447, ""recall"": 0.7943262410784165}","{""accuracy"": 0.0, ""binary_crossentropy"": -0.0, ""binary_roc_auc"": 0.0, ""f1"": 0.0, ""precision"": 0.0, ""recall"": 0.0}",0.004883766174316406,0.00011944770812988281,10.606612205505371,333.84375,81,ok,,1.0.0,{}
167141,churn,openml_task,amlb,classification,nofe,2,4500,4000,1000,20,20,0,0.150998191474122,binary_crossentropy,False,0.150998191474122,-0.0,"{""accuracy"": 0.9599999999904, ""binary_crossentropy"": 0.150998191474122, ""binary_roc_auc"": 0.9240416449937664, ""f1"": 0.8412698362739355, ""precision"": 0.954954954868923, ""recall"": 0.7517730495920728}","{""accuracy"": 0.0, ""binary_crossentropy"": -0.0, ""binary_roc_auc"": 0.0, ""f1"": 0.0, ""precision"": 0.0, ""recall"": 0.0}",0.004799365997314453,0.0001895427703857422,10.452860593795776,338.16015625,258,ok,,1.0.0,{}
167141,churn,openml_task,amlb,classification,nofe,4,4500,4000,1000,20,20,0,0.14680916428286583,binary_crossentropy,False,0.14680916428286583,-0.0,"{""accuracy"": 0.9599999999904, ""binary_crossentropy"": 0.14680916428286583, ""binary_roc_auc"": 0.9229848330980276, ""f1"": 0.8425196800337901, ""precision"": 0.94690265478346, ""recall"": 0.7588652481731301}","{""accuracy"": 0.0, ""binary_crossentropy"": -0.0, ""binary_roc_auc"": 0.0, ""f1"": 0.0, ""precision"": 0.0, ""recall"": 0.0}",0.00436091423034668,0.000125885009765625,10.753157377243042,339.84375,91,ok,,1.0.0,{}
167125,Internet-Advertisements,openml_task,amlb,classification,nofe,4,4500,2623,656,1558,1558,0,0.0927350564265131,binary_crossentropy,False,0.0927350564265131,-0.0,"{""accuracy"": 0.977134146326568, ""binary_crossentropy"": 0.0927350564265131, ""binary_roc_auc"": 0.9799279216774592, ""f1"": 0.9867841359519649, ""precision"": 0.980735551646572, ""recall"": 0.9929078014008349}","{""accuracy"": 0.0, ""binary_crossentropy"": -0.0, ""binary_roc_auc"": 0.0, ""f1"": 0.0, ""precision"": 0.0, ""recall"": 0.0}",0.05700516700744629,0.11655402183532715,11.711955785751343,422.86328125,323,ok,,1.0.0,{}
167120,numerai28.6,openml_task,amlb,classification,nofe,3,4500,77056,19264,21,21,0,0.6922210489192426,binary_crossentropy,False,0.6922210489192426,-0.0,"{""accuracy"": 0.5190510797339498, ""binary_crossentropy"": 0.6922210489192426, ""binary_roc_auc"": 0.5263031676543621, ""f1"": 0.5720356548961246, ""precision"": 0.5195938575140391, ""recall"": 0.6362515413063745}","{""accuracy"": 0.0, ""binary_crossentropy"": -0.0, ""binary_roc_auc"": 0.0, ""f1"": 0.0, ""precision"": 0.0, ""recall"": 0.0}",0.04040408134460449,0.0031054019927978516,12.915879249572754,483.21875,58,ok,,1.0.0,{}
167125,Internet-Advertisements,openml_task,amlb,classification,nofe,2,4500,2623,656,1558,1558,0,0.08539300507108259,binary_crossentropy,False,0.08539300507108259,-0.0,"{""accuracy"": 0.9740853658388097, ""binary_crossentropy"": 0.08539300507108259, ""binary_roc_auc"": 0.9751483965464076, ""f1"": 0.9850220214145511, ""precision"": 0.9789842381614888, ""recall"": 0.9911347517554763}","{""accuracy"": 0.0, ""binary_crossentropy"": -0.0, ""binary_roc_auc"": 0.0, ""f1"": 0.0, ""precision"": 0.0, ""recall"": 0.0}",0.05504298210144043,0.13298463821411133,12.54190731048584,421.828125,318,ok,,1.0.0,{}
167120,numerai28.6,openml_task,amlb,classification,nofe,2,4500,77056,19264,21,21,0,0.6922187446384533,binary_crossentropy,False,0.6922187446384533,-0.0,"{""accuracy"": 0.5181686046508938, ""binary_crossentropy"": 0.6922187446384533, ""binary_roc_auc"": 0.5265157899779556, ""f1"": 0.5785123917611513, ""precision"": 0.5183075671273244, ""recall"": 0.654541718042895}","{""accuracy"": 0.0, ""binary_crossentropy"": -0.0, ""binary_roc_auc"": 0.0, ""f1"": 0.0, ""precision"": 0.0, ""recall"": 0.0}",0.029598474502563477,0.00038623809814453125,13.626654148101807,482.984375,35,ok,,1.0.0,{}
adult,adult,pmlb,pmlb,classification,nofe,0,4500,39073,9769,14,14,0,0.28303947001810104,binary_crossentropy,False,0.28303947001810104,-0.0,"{""accuracy"": 0.8708158460427159, ""binary_crossentropy"": 0.28303947001810104, ""binary_roc_auc"": 0.9249504048595814, ""f1"": 0.9171698558576766, ""precision"": 0.8951953875709222, ""recall"": 0.9402503027843625}","{""accuracy"": 0.0, ""binary_crossentropy"": -0.0, ""binary_roc_auc"": 0.0, ""f1"": 0.0, ""precision"": 0.0, ""recall"": 0.0}",0.01795792579650879,0.0008094310760498047,3.8309645652770996,359.9921875,320,ok,,1.0.0,{}
ionosphere,ionosphere,pmlb,pmlb,classification,nofe,3,4500,280,71,33,33,0,0.28520077510251546,binary_crossentropy,False,0.28520077510251546,-0.0,"{""accuracy"": 0.8873239435369967, ""binary_crossentropy"": 0.28520077510251546, ""binary_roc_auc"": 0.9443478260869566, ""f1"": 0.9148936118288818, ""precision"": 0.8958333331467013, ""recall"": 0.9347826084924385}","{""accuracy"": 0.0, ""binary_crossentropy"": -0.0, ""binary_roc_auc"": 0.0, ""f1"": 0.0, ""precision"": 0.0, ""recall"": 0.0}",0.002519845962524414,8.058547973632812e-05,8.957339763641357,316.11328125,72,ok,,1.0.0,{}
spambase,spambase,pmlb,pmlb,classification,nofe,4,4500,3680,921,57,57,0,0.1504146624055279,binary_crossentropy,False,0.1504146624055279,-0.0,"{""accuracy"": 0.9467969598159957, ""binary_crossentropy"": 0.1504146624055279, ""binary_roc_auc"": 0.984739871836646, ""f1"": 0.9312762923107427, ""precision"": 0.9485714285443265, ""recall"": 0.9146005509389917}","{""accuracy"": 0.0, ""binary_crossentropy"": -0.0, ""binary_roc_auc"": 0.0, ""f1"": 0.0, ""precision"": 0.0, ""recall"": 0.0}",0.005419731140136719,0.00047087669372558594,10.806349515914917,332.21484375,265,ok,,1.0.0,{}
ionosphere,ionosphere,pmlb,pmlb,classification,nofe,4,4500,280,71,33,33,0,0.29485734944677794,binary_crossentropy,False,0.29485734944677794,-0.0,"{""accuracy"": 0.9154929576175362, ""binary_crossentropy"": 0.29485734944677794, ""binary_roc_auc"": 0.948695652173913, ""f1"": 0.9374999948133681, ""precision"": 0.89999999982, ""recall"": 0.978260869352552}","{""accuracy"": 0.0, ""binary_crossentropy"": -0.0, ""binary_roc_auc"": 0.0, ""f1"": 0.0, ""precision"": 0.0, ""recall"": 0.0}",0.0024890899658203125,5.745887756347656e-05,8.907373189926147,317.5546875,236,ok,,1.0.0,{}
kr_vs_kp,kr-vs-kp,pmlb,pmlb,classification,nofe,4,4500,2556,640,36,36,0,0.02060549749717886,binary_crossentropy,False,0.02060549749717886,-0.0,"{""accuracy"": 0.9921874999844971, ""binary_crossentropy"": 0.02060549749717886, ""binary_roc_auc"": 0.9999804312942743, ""f1"": 0.9924585168406326, ""precision"": 0.9999999999696049, ""recall"": 0.9850299400902686}","{""accuracy"": 0.0, ""binary_crossentropy"": -0.0, ""binary_roc_auc"": 0.0, ""f1"": 0.0, ""precision"": 0.0, ""recall"": 0.0}",0.0043795108795166016,0.00033020973205566406,10.561431884765625,326.38671875,598,ok,,1.0.0,{}
sonar,sonar,pmlb,pmlb,classification,nofe,1,4500,166,42,60,60,0,0.3234129250936565,binary_crossentropy,False,0.3234129250936565,-0.0,"{""accuracy"": 0.8095238093310657, ""binary_crossentropy"": 0.3234129250936565, ""binary_roc_auc"": 0.9840909090909091, ""f1"": 0.7499999948437499, ""precision"": 0.9999999991666666, ""recall"": 0.5999999997}","{""accuracy"": 0.0, ""binary_crossentropy"": -0.0, ""binary_roc_auc"": 0.0, ""f1"": 0.0, ""precision"": 0.0, ""recall"": 0.0}",0.0022792816162109375,4.887580871582031e-05,9.086216449737549,317.0078125,147,ok,,1.0.0,{}
sonar,sonar,pmlb,pmlb,classification,nofe,2,4500,166,42,60,60,0,0.5011105138636638,binary_crossentropy,False,0.5011105138636638,-0.0,"{""accuracy"": 0.7857142855272109, ""binary_crossentropy"": 0.5011105138636638, ""binary_roc_auc"": 0.9068181818181817, ""f1"": 0.7272727220569329, ""precision"": 0.9230769223668639, ""recall"": 0.5999999997}","{""accuracy"": 0.0, ""binary_crossentropy"": -0.0, ""binary_roc_auc"": 0.0, ""f1"": 0.0, ""precision"": 0.0, ""recall"": 0.0}",0.0028443336486816406,7.581710815429688e-05,9.500016212463379,319.23046875,883,ok,,1.0.0,{}
sonar,sonar,pmlb,pmlb,classification,nofe,3,4500,166,42,60,60,0,0.4047865299674283,binary_crossentropy,False,0.4047865299674283,-0.0,"{""accuracy"": 0.8095238093310657, ""binary_crossentropy"": 0.4047865299674283, ""binary_roc_auc"": 0.9022727272727273, ""f1"": 0.7894736788088642, ""precision"": 0.8333333328703704, ""recall"": 0.749999999625}","{""accuracy"": 0.0, ""binary_crossentropy"": -0.0, ""binary_roc_auc"": 0.0, ""f1"": 0.0, ""precision"": 0.0, ""recall"": 0.0}",0.0022885799407958984,4.744529724121094e-05,9.519174575805664,320.13671875,610,ok,,1.0.0,{}
sonar,sonar,pmlb,pmlb,classification,nofe,4,4500,166,42,60,60,0,0.28511487994165646,binary_crossentropy,False,0.28511487994165646,-0.0,"{""accuracy"": 0.9047619045464852, ""binary_crossentropy"": 0.28511487994165646, ""binary_roc_auc"": 0.9659090909090909, ""f1"": 0.8947368366481995, ""precision"": 0.944444443919753, ""recall"": 0.8499999995749999}","{""accuracy"": 0.0, ""binary_crossentropy"": -0.0, ""binary_roc_auc"": 0.0, ""f1"": 0.0, ""precision"": 0.0, ""recall"": 0.0}",0.002238750457763672,6.413459777832031e-05,9.579622745513916,314.64453125,84,ok,,1.0.0,{}
breast_cancer,breast-cancer,pmlb,pmlb,classification,nofe,0,4500,228,58,9,9,0,0.5769896864377219,binary_crossentropy,False,0.5769896864377219,-0.0,"{""accuracy"": 0.7068965516022592, ""binary_crossentropy"": 0.5769896864377219, ""binary_roc_auc"": 0.659971305595409, ""f1"": 0.0, ""precision"": 0.0, ""recall"": 0.0}","{""accuracy"": 0.0, ""binary_crossentropy"": -0.0, ""binary_roc_auc"": 0.0, ""f1"": 0.0, ""precision"": 0.0, ""recall"": 0.0}",0.0023386478424072266,4.839897155761719e-05,2.24112606048584,317.8984375,11,ok,,1.0.0,{}
breast_cancer,breast-cancer,pmlb,pmlb,classification,nofe,2,4500,228,58,9,9,0,0.5214594880054737,binary_crossentropy,False,0.5214594880054737,-0.0,"{""accuracy"": 0.7413793102170035, ""binary_crossentropy"": 0.5214594880054737, ""binary_roc_auc"": 0.7101865136298422, ""f1"": 0.399999995328, ""precision"": 0.6249999992187499, ""recall"": 0.29411764688581316}","{""accuracy"": 0.0, ""binary_crossentropy"": -0.0, ""binary_roc_auc"": 0.0, ""f1"": 0.0, ""precision"": 0.0, ""recall"": 0.0}",0.002070188522338867,4.38690185546875e-05,2.535144805908203,315.40625,48,ok,,1.0.0,{}
breast_cancer,breast-cancer,pmlb,pmlb,classification,nofe,1,4500,228,58,9,9,0,0.5419790794237934,binary_crossentropy,False,0.5419790794237934,-0.0,"{""accuracy"": 0.7068965516022592, ""binary_crossentropy"": 0.5419790794237934, ""binary_roc_auc"": 0.7101865136298422, ""f1"": 0.45161289798126947, ""precision"": 0.49999999964285713, ""recall"": 0.4117647056401384}","{""accuracy"": 0.0, ""binary_crossentropy"": -0.0, ""binary_roc_auc"": 0.0, ""f1"": 0.0, ""precision"": 0.0, ""recall"": 0.0}",0.0021724700927734375,4.38690185546875e-05,2.790393352508545,313.75390625,64,ok,,1.0.0,{}
breast_cancer,breast-cancer,pmlb,pmlb,classification,nofe,3,4500,228,58,9,9,0,0.5392509010331384,binary_crossentropy,False,0.5392509010331384,-0.0,"{""accuracy"": 0.7586206895243758, ""binary_crossentropy"": 0.5392509010331384, ""binary_roc_auc"": 0.7094691535150646, ""f1"": 0.29999999715, ""precision"": 0.9999999966666667, ""recall"": 0.1764705881314879}","{""accuracy"": 0.0, ""binary_crossentropy"": -0.0, ""binary_roc_auc"": 0.0, ""f1"": 0.0, ""precision"": 0.0, ""recall"": 0.0}",0.002576589584350586,4.1484832763671875e-05,2.5107357501983643,315.98046875,15,ok,,1.0.0,{}
breast_cancer,breast-cancer,pmlb,pmlb,classification,nofe,4,4500,228,58,9,9,0,0.5579575595670733,binary_crossentropy,False,0.5579575595670733,-0.0,"{""accuracy"": 0.7068965516022592, ""binary_crossentropy"": 0.5579575595670733, ""binary_roc_auc"": 0.7166427546628407, ""f1"": 0.0, ""precision"": 0.0, ""recall"": 0.0}","{""accuracy"": 0.0, ""binary_crossentropy"": -0.0, ""binary_roc_auc"": 0.0, ""f1"": 0.0, ""precision"": 0.0, ""recall"": 0.0}",0.0021657943725585938,3.838539123535156e-05,2.699432134628296,315.9453125,10,ok,,1.0.0,{}
titanic,titanic,pmlb,pmlb,classification,nofe,0,4500,1679,420,8,8,0,0.4545095142442733,binary_crossentropy,False,0.4545095142442733,-0.0,"{""accuracy"": 0.8071428571236394, ""binary_crossentropy"": 0.4545095142442733, ""binary_roc_auc"": 0.8354132145816073, ""f1"": 0.639999995161284, ""precision"": 0.8089887639540463, ""recall"": 0.5294117646669549}","{""accuracy"": 0.0, ""binary_crossentropy"": -0.0, ""binary_roc_auc"": 0.0, ""f1"": 0.0, ""precision"": 0.0, ""recall"": 0.0}",0.002277851104736328,6.341934204101562e-05,2.5154616832733154,316.0390625,125,ok,,1.0.0,{}
adult,adult,pmlb,pmlb,classification,nofe,4,4500,39073,9769,14,14,0,0.2800793394514689,binary_crossentropy,False,0.2800793394514689,-0.0,"{""accuracy"": 0.869689835192067, ""binary_crossentropy"": 0.2800793394514689, ""binary_roc_auc"": 0.9254260957294134, ""f1"": 0.916584753537044, ""precision"": 0.8932311621955387, ""recall"": 0.9411923025152185}","{""accuracy"": 0.0, ""binary_crossentropy"": -0.0, ""binary_roc_auc"": 0.0, ""f1"": 0.0, ""precision"": 0.0, ""recall"": 0.0}",0.017813682556152344,0.0012750625610351562,18.109772443771362,357.203125,277,ok,,1.0.0,{}
titanic,titanic,pmlb,pmlb,classification,nofe,1,4500,1679,420,8,8,0,0.4594271385066566,binary_crossentropy,False,0.4594271385066566,-0.0,"{""accuracy"": 0.7999999999809524, ""binary_crossentropy"": 0.4594271385066566, ""binary_roc_auc"": 0.8149078293289147, ""f1"": 0.6181818134049587, ""precision"": 0.8095238094274377, ""recall"": 0.49999999996323524}","{""accuracy"": 0.0, ""binary_crossentropy"": -0.0, ""binary_roc_auc"": 0.0, ""f1"": 0.0, ""precision"": 0.0, ""recall"": 0.0}",0.0037598609924316406,0.00011110305786132812,2.635629892349243,317.296875,61,ok,,1.0.0,{}
adult,adult,pmlb,pmlb,classification,nofe,3,4500,39073,9769,14,14,0,0.2682091951380087,binary_crossentropy,False,0.2682091951380087,-0.0,"{""accuracy"": 0.8764459002959601, ""binary_crossentropy"": 0.2682091951380087, ""binary_roc_auc"": 0.933418358507623, ""f1"": 0.9208161073157647, ""precision"": 0.8983614951345387, ""recall"": 0.9444220158781531}","{""accuracy"": 0.0, ""binary_crossentropy"": -0.0, ""binary_roc_auc"": 0.0, ""f1"": 0.0, ""precision"": 0.0, ""recall"": 0.0}",0.022974252700805664,0.0021789073944091797,18.830202102661133,360.31640625,357,ok,,1.0.0,{}
spambase,spambase,pmlb,pmlb,classification,nofe,1,4500,3680,921,57,57,0,0.13628545383118118,binary_crossentropy,False,0.13628545383118118,-0.0,"{""accuracy"": 0.9500542888061884, ""binary_crossentropy"": 0.13628545383118118, ""binary_roc_auc"": 0.9873663319411119, ""f1"": 0.9362880836168769, ""precision"": 0.9415041782467547, ""recall"": 0.9311294765583711}","{""accuracy"": 0.0, ""binary_crossentropy"": -0.0, ""binary_roc_auc"": 0.0, ""f1"": 0.0, ""precision"": 0.0, ""recall"": 0.0}",0.0056455135345458984,0.00045371055603027344,17.816410064697266,333.7734375,280,ok,,1.0.0,{}
mushroom,mushroom,pmlb,pmlb,classification,nofe,2,4500,6499,1625,21,21,0,0.0006463095399102223,binary_crossentropy,False,0.0006463095399102223,-0.0,"{""accuracy"": 0.9999999999938463, ""binary_crossentropy"": 0.0006463095399102223, ""binary_roc_auc"": 1.0, ""f1"": 0.9999999949872285, ""precision"": 0.9999999999872285, ""recall"": 0.9999999999872285}","{""accuracy"": 0.0, ""binary_crossentropy"": -0.0, ""binary_roc_auc"": 0.0, ""f1"": 0.0, ""precision"": 0.0, ""recall"": 0.0}",0.006521940231323242,0.0006022453308105469,18.505350589752197,335.328125,1985,ok,,1.0.0,{}
chess,chess,pmlb,pmlb,classification,nofe,0,4500,2556,640,36,36,0,0.022820198655007572,binary_crossentropy,False,0.022820198655007572,-0.0,"{""accuracy"": 0.9937499999844727, ""binary_crossentropy"": 0.022820198655007572, ""binary_roc_auc"": 0.9996869007083872, ""f1"": 0.9940298457166407, ""precision"": 0.9910714285419324, ""recall"": 0.9970059879941016}","{""accuracy"": 0.0, ""binary_crossentropy"": -0.0, ""binary_roc_auc"": 0.0, ""f1"": 0.0, ""precision"": 0.0, ""recall"": 0.0}",0.004769086837768555,0.00028252601623535156,17.384037971496582,327.375,473,ok,,1.0.0,{}
spambase,spambase,pmlb,pmlb,classification,nofe,0,4500,3680,921,57,57,0,0.1166924022625758,binary_crossentropy,False,0.1166924022625758,-0.0,"{""accuracy"": 0.958740499446702, ""binary_crossentropy"": 0.1166924022625758, ""binary_roc_auc"": 0.9896965747405629, ""f1"": 0.948087426668421, ""precision"": 0.9403794037685533, ""recall"": 0.9559228649874402}","{""accuracy"": 0.0, ""binary_crossentropy"": -0.0, ""binary_roc_auc"": 0.0, ""f1"": 0.0, ""precision"": 0.0, ""recall"": 0.0}",0.0078012943267822266,0.0008938312530517578,18.227901697158813,332.33203125,282,ok,,1.0.0,{}
kr_vs_kp,kr-vs-kp,pmlb,pmlb,classification,nofe,1,4500,2556,640,36,36,0,0.02948454087971797,binary_crossentropy,False,0.02948454087971797,-0.0,"{""accuracy"": 0.9906249999845215, ""binary_crossentropy"": 0.02948454087971797, ""binary_roc_auc"": 0.9990509177722985, ""f1"": 0.9910714235421095, ""precision"": 0.9852071005625678, ""recall"": 0.9970059879941016}","{""accuracy"": 0.0, ""binary_crossentropy"": -0.0, ""binary_roc_auc"": 0.0, ""f1"": 0.0, ""precision"": 0.0, ""recall"": 0.0}",0.004925251007080078,0.0003135204315185547,17.75936460494995,324.8125,444,ok,,1.0.0,{}
chess,chess,pmlb,pmlb,classification,nofe,3,4500,2556,640,36,36,0,0.02669759867278252,binary_crossentropy,False,0.02669759867278252,-0.0,"{""accuracy"": 0.9937499999844727, ""binary_crossentropy"": 0.02669759867278252, ""binary_roc_auc"": 0.999740714649133, ""f1"": 0.9940476140182114, ""precision"": 0.9881656804441371, ""recall"": 0.9999999999700598}","{""accuracy"": 0.0, ""binary_crossentropy"": -0.0, ""binary_roc_auc"": 0.0, ""f1"": 0.0, ""precision"": 0.0, ""recall"": 0.0}",0.0043048858642578125,0.0003898143768310547,16.998472690582275,324.04296875,599,ok,,1.0.0,{}
titanic,titanic,pmlb,pmlb,classification,nofe,2,4500,1679,420,8,8,0,0.47935739677133304,binary_crossentropy,False,0.47935739677133304,-0.0,"{""accuracy"": 0.802380952361848, ""binary_crossentropy"": 0.47935739677133304, ""binary_roc_auc"": 0.7797224523612263, ""f1"": 0.5911330004455339, ""precision"": 0.8955223879260416, ""recall"": 0.44117647055579584}","{""accuracy"": 0.0, ""binary_crossentropy"": -0.0, ""binary_roc_auc"": 0.0, ""f1"": 0.0, ""precision"": 0.0, ""recall"": 0.0}",0.0025234222412109375,6.29425048828125e-05,2.3620216846466064,320.16796875,86,ok,,1.0.0,{}
kr_vs_kp,kr-vs-kp,pmlb,pmlb,classification,nofe,0,4500,2556,640,36,36,0,0.013169731170696152,binary_crossentropy,False,0.013169731170696152,-0.0,"{""accuracy"": 0.9968749999844239, ""binary_crossentropy"": 0.013169731170696152, ""binary_roc_auc"": 0.9999804312942743, ""f1"": 0.9969969919671023, ""precision"": 0.9999999999698795, ""recall"": 0.9940119760181433}","{""accuracy"": 0.0, ""binary_crossentropy"": -0.0, ""binary_roc_auc"": 0.0, ""f1"": 0.0, ""precision"": 0.0, ""recall"": 0.0}",0.0048296451568603516,0.0004329681396484375,18.14023494720459,326.3515625,643,ok,,1.0.0,{}
mushroom,mushroom,pmlb,pmlb,classification,nofe,0,4500,6499,1625,21,21,0,0.0005598739768605671,binary_crossentropy,False,0.0005598739768605671,-0.0,"{""accuracy"": 0.9999999999938463, ""binary_crossentropy"": 0.0005598739768605671, ""binary_roc_auc"": 1.0, ""f1"": 0.9999999949872285, ""precision"": 0.9999999999872285, ""recall"": 0.9999999999872285}","{""accuracy"": 0.0, ""binary_crossentropy"": -0.0, ""binary_roc_auc"": 0.0, ""f1"": 0.0, ""precision"": 0.0, ""recall"": 0.0}",0.004897356033325195,0.0003609657287597656,19.58708953857422,333.27734375,1979,ok,,1.0.0,{}
7592,adult,openml_task,amlb,classification,nofe,4,4500,39073,9769,14,14,0,0.27464015454618335,binary_crossentropy,False,0.27464015454618335,-0.0,"{""accuracy"": 0.8734773262351586, ""binary_crossentropy"": 0.27464015454618335, ""binary_roc_auc"": 0.929081251534649, ""f1"": 0.918812396472981, ""precision"": 0.8974720903363307, ""recall"": 0.9411923025152185}","{""accuracy"": 0.0, ""binary_crossentropy"": -0.0, ""binary_roc_auc"": 0.0, ""f1"": 0.0, ""precision"": 0.0, ""recall"": 0.0}",0.017338991165161133,0.00048732757568359375,52.40342473983765,358.4375,257,ok,,1.0.0,{}
mushroom,mushroom,pmlb,pmlb,classification,nofe,1,4500,6499,1625,21,21,0,0.0005454151054327667,binary_crossentropy,False,0.0005454151054327667,-0.0,"{""accuracy"": 0.9999999999938463, ""binary_crossentropy"": 0.0005454151054327667, ""binary_roc_auc"": 1.0, ""f1"": 0.9999999949872285, ""precision"": 0.9999999999872285, ""recall"": 0.9999999999872285}","{""accuracy"": 0.0, ""binary_crossentropy"": -0.0, ""binary_roc_auc"": 0.0, ""f1"": 0.0, ""precision"": 0.0, ""recall"": 0.0}",0.005653858184814453,0.0003211498260498047,19.82082438468933,335.23828125,1999,ok,,1.0.0,{}
chess,chess,pmlb,pmlb,classification,nofe,1,4500,2556,640,36,36,0,0.026616590781384807,binary_crossentropy,False,0.026616590781384807,-0.0,"{""accuracy"": 0.9906249999845215, ""binary_crossentropy"": 0.026616590781384807, ""binary_roc_auc"": 0.9995890571797581, ""f1"": 0.9910179590421853, ""precision"": 0.9910179640421851, ""recall"": 0.9910179640421851}","{""accuracy"": 0.0, ""binary_crossentropy"": -0.0, ""binary_roc_auc"": 0.0, ""f1"": 0.0, ""precision"": 0.0, ""recall"": 0.0}",0.0038008689880371094,0.00014209747314453125,18.244670629501343,327.42578125,532,ok,,1.0.0,{}
adult,adult,pmlb,pmlb,classification,nofe,1,4500,39073,9769,14,14,0,0.27542712289275856,binary_crossentropy,False,0.27542712289275856,-0.0,"{""accuracy"": 0.8719418568933647, ""binary_crossentropy"": 0.27542712289275856, ""binary_roc_auc"": 0.9292961743621586, ""f1"": 0.9180263366574144, ""precision"": 0.894636015324528, ""recall"": 0.9426725878065635}","{""accuracy"": 0.0, ""binary_crossentropy"": -0.0, ""binary_roc_auc"": 0.0, ""f1"": 0.0, ""precision"": 0.0, ""recall"": 0.0}",0.02245330810546875,0.002084016799926758,20.40162229537964,361.578125,280,ok,,1.0.0,{}
adult,adult,pmlb,pmlb,classification,nofe,2,4500,39073,9769,14,14,0,0.2821965927038329,binary_crossentropy,False,0.2821965927038329,-0.0,"{""accuracy"": 0.8702016583059983, ""binary_crossentropy"": 0.2821965927038329, ""binary_roc_auc"": 0.9253598748635723, ""f1"": 0.9167869749204656, ""precision"": 0.8947098757513837, ""recall"": 0.9399811600041179}","{""accuracy"": 0.0, ""binary_crossentropy"": -0.0, ""binary_roc_auc"": 0.0, ""f1"": 0.0, ""precision"": 0.0, ""recall"": 0.0}",0.023016929626464844,0.002056598663330078,20.363934993743896,360.53515625,344,ok,,1.0.0,{}
chess,chess,pmlb,pmlb,classification,nofe,2,4500,2556,640,36,36,0,0.03100978358275448,binary_crossentropy,False,0.03100978358275448,-0.0,"{""accuracy"": 0.9859374999845947, ""binary_crossentropy"": 0.03100978358275448, ""binary_roc_auc"": 0.999804312942742, ""f1"": 0.9863842612339532, ""precision"": 0.9969418959939773, ""recall"": 0.9760479041623937}","{""accuracy"": 0.0, ""binary_crossentropy"": -0.0, ""binary_roc_auc"": 0.0, ""f1"": 0.0, ""precision"": 0.0, ""recall"": 0.0}",0.0033304691314697266,0.0001633167266845703,18.440491437911987,330.765625,1174,ok,,1.0.0,{}
kr_vs_kp,kr-vs-kp,pmlb,pmlb,classification,nofe,2,4500,2556,640,36,36,0,0.021859622373830767,binary_crossentropy,False,0.021859622373830767,-0.0,"{""accuracy"": 0.9906249999845215, ""binary_crossentropy"": 0.021859622373830767, ""binary_roc_auc"": 0.9998728034127823, ""f1"": 0.9910447710898641, ""precision"": 0.9880952380658304, ""recall"": 0.9940119760181433}","{""accuracy"": 0.0, ""binary_crossentropy"": -0.0, ""binary_roc_auc"": 0.0, ""f1"": 0.0, ""precision"": 0.0, ""recall"": 0.0}",0.004505634307861328,0.00032019615173339844,19.088847160339355,325.50390625,869,ok,,1.0.0,{}
mushroom,mushroom,pmlb,pmlb,classification,nofe,4,4500,6499,1625,21,21,0,0.0006049472579649703,binary_crossentropy,False,0.0006049472579649703,-0.0,"{""accuracy"": 0.9999999999938463, ""binary_crossentropy"": 0.0006049472579649703, ""binary_roc_auc"": 1.0, ""f1"": 0.9999999949872285, ""precision"": 0.9999999999872285, ""recall"": 0.9999999999872285}","{""accuracy"": 0.0, ""binary_crossentropy"": -0.0, ""binary_roc_auc"": 0.0, ""f1"": 0.0, ""precision"": 0.0, ""recall"": 0.0}",0.006654977798461914,0.0006165504455566406,19.95405149459839,334.609375,1445,ok,,1.0.0,{}
ionosphere,ionosphere,pmlb,pmlb,classification,nofe,0,4500,280,71,33,33,0,0.2538662343482736,binary_crossentropy,False,0.2538662343482736,-0.0,"{""accuracy"": 0.9295774646578061, ""binary_crossentropy"": 0.2538662343482736, ""binary_roc_auc"": 0.9608695652173912, ""f1"": 0.9473684158581718, ""precision"": 0.9183673467513536, ""recall"": 0.978260869352552}","{""accuracy"": 0.0, ""binary_crossentropy"": -0.0, ""binary_roc_auc"": 0.0, ""f1"": 0.0, ""precision"": 0.0, ""recall"": 0.0}",0.003606081008911133,8.392333984375e-05,18.160523176193237,316.2734375,67,ok,,1.0.0,{}
ionosphere,ionosphere,pmlb,pmlb,classification,nofe,2,4500,280,71,33,33,0,0.1739506136075082,binary_crossentropy,False,0.1739506136075082,-0.0,"{""accuracy"": 0.9295774646578061, ""binary_crossentropy"": 0.1739506136075082, ""binary_roc_auc"": 0.98, ""f1"": 0.9462365539368713, ""precision"": 0.9361702125667722, ""recall"": 0.9565217389224953}","{""accuracy"": 0.0, ""binary_crossentropy"": -0.0, ""binary_roc_auc"": 0.0, ""f1"": 0.0, ""precision"": 0.0, ""recall"": 0.0}",0.002589702606201172,7.915496826171875e-05,17.94757843017578,320.39453125,77,ok,,1.0.0,{}
sonar,sonar,pmlb,pmlb,classification,nofe,0,4500,166,42,60,60,0,0.3194321178432022,binary_crossentropy,False,0.3194321178432022,-0.0,"{""accuracy"": 0.8333333331349206, ""binary_crossentropy"": 0.3194321178432022, ""binary_roc_auc"": 0.95, ""f1"": 0.7878787826262627, ""precision"": 0.9999999992307692, ""recall"": 0.649999999675}","{""accuracy"": 0.0, ""binary_crossentropy"": -0.0, ""binary_roc_auc"": 0.0, ""f1"": 0.0, ""precision"": 0.0, ""recall"": 0.0}",0.002300739288330078,6.842613220214844e-05,17.345612287521362,319.3359375,127,ok,,1.0.0,{}
chess,chess,pmlb,pmlb,classification,nofe,4,4500,2556,640,36,36,0,0.022662081547746026,binary_crossentropy,False,0.022662081547746026,-0.0,"{""accuracy"": 0.9953124999844483, ""binary_crossentropy"": 0.022662081547746026, ""binary_roc_auc"": 0.999902156471371, ""f1"": 0.9955156900375145, ""precision"": 0.9940298507165961, ""recall"": 0.9970059879941016}","{""accuracy"": 0.0, ""binary_crossentropy"": -0.0, ""binary_roc_auc"": 0.0, ""f1"": 0.0, ""precision"": 0.0, ""recall"": 0.0}",0.004431009292602539,0.00015807151794433594,18.479860544204712,326.90234375,419,ok,,1.0.0,{}
monk2,monk2,pmlb,stress_test,classification,nofe,1,4500,480,121,6,6,0,0.1393729846881238,binary_crossentropy,False,0.1393729846881238,-0.0,"{""accuracy"": 0.942148760252715, ""binary_crossentropy"": 0.1393729846881238, ""binary_roc_auc"": 0.9902439024390244, ""f1"": 0.913580241688767, ""precision"": 0.92499999976875, ""recall"": 0.9024390241701368}","{""accuracy"": 0.0, ""binary_crossentropy"": -0.0, ""binary_roc_auc"": 0.0, ""f1"": 0.0, ""precision"": 0.0, ""recall"": 0.0}",0.002660036087036133,4.8160552978515625e-05,4.793496370315552,325.4375,1018,ok,,1.0.0,{}
monk2,monk2,pmlb,stress_test,classification,nofe,2,4500,480,121,6,6,0,0.30290039424645554,binary_crossentropy,False,0.30290039424645554,-0.0,"{""accuracy"": 0.892561983397309, ""binary_crossentropy"": 0.30290039424645554, ""binary_roc_auc"": 0.9359756097560975, ""f1"": 0.8266666614897779, ""precision"": 0.9117647056141869, ""recall"": 0.7560975607911957}","{""accuracy"": 0.0, ""binary_crossentropy"": -0.0, ""binary_roc_auc"": 0.0, ""f1"": 0.0, ""precision"": 0.0, ""recall"": 0.0}",0.002655506134033203,5.817413330078125e-05,5.0477423667907715,321.19921875,492,ok,,1.0.0,{}
mushroom,mushroom,pmlb,pmlb,classification,nofe,3,4500,6499,1625,21,21,0,0.0006487982049461257,binary_crossentropy,False,0.0006487982049461257,-0.0,"{""accuracy"": 0.9999999999938463, ""binary_crossentropy"": 0.0006487982049461257, ""binary_roc_auc"": 1.0, ""f1"": 0.9999999949872285, ""precision"": 0.9999999999872285, ""recall"": 0.9999999999872285}","{""accuracy"": 0.0, ""binary_crossentropy"": -0.0, ""binary_roc_auc"": 0.0, ""f1"": 0.0, ""precision"": 0.0, ""recall"": 0.0}",0.006188631057739258,0.0005490779876708984,27.390494346618652,337.45703125,1999,ok,,1.0.0,{}
adult,adult-pmlb,pmlb,stress_test,classification,nofe,2,4500,39073,9769,14,14,0,0.2821965927038329,binary_crossentropy,False,0.2821965927038329,-0.0,"{""accuracy"": 0.8702016583059983, ""binary_crossentropy"": 0.2821965927038329, ""binary_roc_auc"": 0.9253598748635723, ""f1"": 0.9167869749204656, ""precision"": 0.8947098757513837, ""recall"": 0.9399811600041179}","{""accuracy"": 0.0, ""binary_crossentropy"": -0.0, ""binary_roc_auc"": 0.0, ""f1"": 0.0, ""precision"": 0.0, ""recall"": 0.0}",0.025601625442504883,0.001940011978149414,4.608080148696899,362.65234375,344,ok,,1.0.0,{}
monk2,monk2,pmlb,stress_test,classification,nofe,3,4500,480,121,6,6,0,0.1670984904523069,binary_crossentropy,False,0.1670984904523069,-0.0,"{""accuracy"": 0.9586776858711837, ""binary_crossentropy"": 0.1670984904523069, ""binary_roc_auc"": 0.9759146341463414, ""f1"": 0.9397590309188562, ""precision"": 0.9285714283503401, ""recall"": 0.9512195119631172}","{""accuracy"": 0.0, ""binary_crossentropy"": -0.0, ""binary_roc_auc"": 0.0, ""f1"": 0.0, ""precision"": 0.0, ""recall"": 0.0}",0.003137826919555664,5.5789947509765625e-05,5.748014211654663,328.34765625,1600,ok,,1.0.0,{}
10101,blood-transfusion,openml_task,amlb,classification,nofe,1,4500,598,150,4,4,0,0.4907065110405286,binary_crossentropy,False,0.4907065110405286,-0.0,"{""accuracy"": 0.7599999999493333, ""binary_crossentropy"": 0.4907065110405286, ""binary_roc_auc"": 0.7269736842105263, ""f1"": 0.30769230331360947, ""precision"": 0.4999999996875, ""recall"": 0.2222222221604938}","{""accuracy"": 0.0, ""binary_crossentropy"": -0.0, ""binary_roc_auc"": 0.0, ""f1"": 0.0, ""precision"": 0.0, ""recall"": 0.0}",0.0039038658142089844,5.435943603515625e-05,55.62308430671692,331.58203125,39,ok,,1.0.0,{}
monk2,monk2,pmlb,stress_test,classification,nofe,4,4500,480,121,6,6,0,0.08519051557282215,binary_crossentropy,False,0.08519051557282215,-0.0,"{""accuracy"": 0.9752066114896524, ""binary_crossentropy"": 0.08519051557282215, ""binary_roc_auc"": 0.998780487804878, ""f1"": 0.9638554164552185, ""precision"": 0.9523809521541949, ""recall"": 0.9756097558596074}","{""accuracy"": 0.0, ""binary_crossentropy"": -0.0, ""binary_roc_auc"": 0.0, ""f1"": 0.0, ""precision"": 0.0, ""recall"": 0.0}",0.0023076534271240234,4.00543212890625e-05,5.884913206100464,328.34765625,1611,ok,,1.0.0,{}
titanic,titanic,pmlb,pmlb,classification,nofe,4,4500,1679,420,8,8,0,0.4473991562745401,binary_crossentropy,False,0.4473991562745401,-0.0,"{""accuracy"": 0.8119047618854308, ""binary_crossentropy"": 0.4473991562745401, ""binary_roc_auc"": 0.8393356462303232, ""f1"": 0.6359446957234174, ""precision"": 0.851851851746685, ""recall"": 0.5073529411391652}","{""accuracy"": 0.0, ""binary_crossentropy"": -0.0, ""binary_roc_auc"": 0.0, ""f1"": 0.0, ""precision"": 0.0, ""recall"": 0.0}",0.0025479793548583984,6.341934204101562e-05,9.401938676834106,317.49609375,53,ok,,1.0.0,{}
titanic,titanic,pmlb,pmlb,classification,nofe,3,4500,1679,420,8,8,0,0.4510293778830341,binary_crossentropy,False,0.4510293778830341,-0.0,"{""accuracy"": 0.8047619047427438, ""binary_crossentropy"": 0.4510293778830341, ""binary_roc_auc"": 0.8310118061309031, ""f1"": 0.6371681367436761, ""precision"": 0.7999999999111111, ""recall"": 0.5294117646669549}","{""accuracy"": 0.0, ""binary_crossentropy"": -0.0, ""binary_roc_auc"": 0.0, ""f1"": 0.0, ""precision"": 0.0, ""recall"": 0.0}",0.003130674362182617,8.749961853027344e-05,9.667892456054688,318.07421875,73,ok,,1.0.0,{}
adult,adult-pmlb,pmlb,stress_test,classification,nofe,1,4500,39073,9769,14,14,0,0.27542712289275856,binary_crossentropy,False,0.27542712289275856,-0.0,"{""accuracy"": 0.8719418568933647, ""binary_crossentropy"": 0.27542712289275856, ""binary_roc_auc"": 0.9292961743621586, ""f1"": 0.9180263366574144, ""precision"": 0.894636015324528, ""recall"": 0.9426725878065635}","{""accuracy"": 0.0, ""binary_crossentropy"": -0.0, ""binary_roc_auc"": 0.0, ""f1"": 0.0, ""precision"": 0.0, ""recall"": 0.0}",0.01790595054626465,0.0010859966278076172,5.532330274581909,361.1484375,280,ok,,1.0.0,{}
adult,adult-pmlb,pmlb,stress_test,classification,nofe,0,4500,39073,9769,14,14,0,0.28303947001810104,binary_crossentropy,False,0.28303947001810104,-0.0,"{""accuracy"": 0.8708158460427159, ""binary_crossentropy"": 0.28303947001810104, ""binary_roc_auc"": 0.9249504048595814, ""f1"": 0.9171698558576766, ""precision"": 0.8951953875709222, ""recall"": 0.9402503027843625}","{""accuracy"": 0.0, ""binary_crossentropy"": -0.0, ""binary_roc_auc"": 0.0, ""f1"": 0.0, ""precision"": 0.0, ""recall"": 0.0}",0.017175912857055664,0.0009024143218994141,5.654238700866699,359.69140625,320,ok,,1.0.0,{}
monk1,monk1,pmlb,pmlb,classification,nofe,0,4500,444,112,6,6,0,0.022066819162059152,binary_crossentropy,False,0.022066819162059152,-0.0,"{""accuracy"": 0.9999999999107143, ""binary_crossentropy"": 0.022066819162059152, ""binary_roc_auc"": 1.0, ""f1"": 0.9999999948214284, ""precision"": 0.9999999998214285, ""recall"": 0.9999999998214285}","{""accuracy"": 0.0, ""binary_crossentropy"": -0.0, ""binary_roc_auc"": 0.0, ""f1"": 0.0, ""precision"": 0.0, ""recall"": 0.0}",0.0026569366455078125,3.838539123535156e-05,9.788172721862793,320.86328125,866,ok,,1.0.0,{}
monk1,monk1,pmlb,pmlb,classification,nofe,3,4500,444,112,6,6,0,0.030402247635769136,binary_crossentropy,False,0.030402247635769136,-0.0,"{""accuracy"": 0.9999999999107143, ""binary_crossentropy"": 0.030402247635769136, ""binary_roc_auc"": 1.0, ""f1"": 0.9999999948214284, ""precision"": 0.9999999998214285, ""recall"": 0.9999999998214285}","{""accuracy"": 0.0, ""binary_crossentropy"": -0.0, ""binary_roc_auc"": 0.0, ""f1"": 0.0, ""precision"": 0.0, ""recall"": 0.0}",0.002307891845703125,3.4332275390625e-05,9.680280208587646,323.859375,1318,ok,,1.0.0,{}
monk1,monk1,pmlb,pmlb,classification,nofe,2,4500,444,112,6,6,0,0.0193182694292448,binary_crossentropy,False,0.0193182694292448,-0.0,"{""accuracy"": 0.9999999999107143, ""binary_crossentropy"": 0.0193182694292448, ""binary_roc_auc"": 1.0, ""f1"": 0.9999999948214284, ""precision"": 0.9999999998214285, ""recall"": 0.9999999998214285}","{""accuracy"": 0.0, ""binary_crossentropy"": -0.0, ""binary_roc_auc"": 0.0, ""f1"": 0.0, ""precision"": 0.0, ""recall"": 0.0}",0.002434968948364258,5.0067901611328125e-05,9.891076803207397,322.69921875,1111,ok,,1.0.0,{}
monk1,monk1,pmlb,pmlb,classification,nofe,1,4500,444,112,6,6,0,0.018236226318484632,binary_crossentropy,False,0.018236226318484632,-0.0,"{""accuracy"": 0.9999999999107143, ""binary_crossentropy"": 0.018236226318484632, ""binary_roc_auc"": 1.0, ""f1"": 0.9999999948214284, ""precision"": 0.9999999998214285, ""recall"": 0.9999999998214285}","{""accuracy"": 0.0, ""binary_crossentropy"": -0.0, ""binary_roc_auc"": 0.0, ""f1"": 0.0, ""precision"": 0.0, ""recall"": 0.0}",0.0025272369384765625,3.886222839355469e-05,10.367000102996826,322.1875,1105,ok,,1.0.0,{}
monk1,monk1,pmlb,pmlb,classification,nofe,4,4500,444,112,6,6,0,0.022251679300032783,binary_crossentropy,False,0.022251679300032783,-0.0,"{""accuracy"": 0.9999999999107143, ""binary_crossentropy"": 0.022251679300032783, ""binary_roc_auc"": 1.0, ""f1"": 0.9999999948214284, ""precision"": 0.9999999998214285, ""recall"": 0.9999999998214285}","{""accuracy"": 0.0, ""binary_crossentropy"": -0.0, ""binary_roc_auc"": 0.0, ""f1"": 0.0, ""precision"": 0.0, ""recall"": 0.0}",0.0023920536041259766,3.886222839355469e-05,9.689457178115845,323.1953125,827,ok,,1.0.0,{}
monk2,monk2,pmlb,stress_test,classification,nofe,0,4500,480,121,6,6,0,0.23472217527371544,binary_crossentropy,False,0.23472217527371544,-0.0,"{""accuracy"": 0.9338842974434807, ""binary_crossentropy"": 0.23472217527371544, ""binary_roc_auc"": 0.9539634146341462, ""f1"": 0.9047618995493197, ""precision"": 0.8837209300270417, ""recall"": 0.926829268066627}","{""accuracy"": 0.0, ""binary_crossentropy"": -0.0, ""binary_roc_auc"": 0.0, ""f1"": 0.0, ""precision"": 0.0, ""recall"": 0.0}",0.0019876956939697266,3.9577484130859375e-05,9.058688879013062,331.4375,1985,ok,,1.0.0,{}
adult,adult-pmlb,pmlb,stress_test,classification,nofe,3,4500,39073,9769,14,14,0,0.2682091951380087,binary_crossentropy,False,0.2682091951380087,-0.0,"{""accuracy"": 0.8764459002959601, ""binary_crossentropy"": 0.2682091951380087, ""binary_roc_auc"": 0.933418358507623, ""f1"": 0.9208161073157647, ""precision"": 0.8983614951345387, ""recall"": 0.9444220158781531}","{""accuracy"": 0.0, ""binary_crossentropy"": -0.0, ""binary_roc_auc"": 0.0, ""f1"": 0.0, ""precision"": 0.0, ""recall"": 0.0}",0.018680572509765625,0.0011565685272216797,4.567889213562012,358.359375,357,ok,,1.0.0,{}
adult,adult-pmlb,pmlb,stress_test,classification,nofe,4,4500,39073,9769,14,14,0,0.2800793394514689,binary_crossentropy,False,0.2800793394514689,-0.0,"{""accuracy"": 0.869689835192067, ""binary_crossentropy"": 0.2800793394514689, ""binary_roc_auc"": 0.9254260957294134, ""f1"": 0.916584753537044, ""precision"": 0.8932311621955387, ""recall"": 0.9411923025152185}","{""accuracy"": 0.0, ""binary_crossentropy"": -0.0, ""binary_roc_auc"": 0.0, ""f1"": 0.0, ""precision"": 0.0, ""recall"": 0.0}",0.018528461456298828,0.0012500286102294922,4.119860649108887,361.60546875,277,ok,,1.0.0,{}
ionosphere,ionosphere,pmlb,pmlb,classification,nofe,1,4500,280,71,33,33,0,0.18626645987469728,binary_crossentropy,False,0.18626645987469728,-0.0,"{""accuracy"": 0.9577464787383456, ""binary_crossentropy"": 0.18626645987469728, ""binary_roc_auc"": 0.9704347826086956, ""f1"": 0.968421047432687, ""precision"": 0.9387755100124948, ""recall"": 0.9999999997826087}","{""accuracy"": 0.0, ""binary_crossentropy"": -0.0, ""binary_roc_auc"": 0.0, ""f1"": 0.0, ""precision"": 0.0, ""recall"": 0.0}",0.0031375885009765625,5.817413330078125e-05,35.295105934143066,321.56640625,519,ok,,1.0.0,{}
9971,ilpd,openml_task,amlb,classification,nofe,4,4500,466,117,10,10,0,0.5502187506510661,binary_crossentropy,False,0.5502187506510661,-0.0,"{""accuracy"": 0.6666666666096867, ""binary_crossentropy"": 0.5502187506510661, ""binary_roc_auc"": 0.7041105598866052, ""f1"": 0.33898304584889405, ""precision"": 0.39999999984, ""recall"": 0.29411764697231835}","{""accuracy"": 0.0, ""binary_crossentropy"": -0.0, ""binary_roc_auc"": 0.0, ""f1"": 0.0, ""precision"": 0.0, ""recall"": 0.0}",0.003994464874267578,6.937980651855469e-05,67.52247214317322,330.640625,30,ok,,1.0.0,{}
spambase,spambase,pmlb,pmlb,classification,nofe,3,4500,3680,921,57,57,0,0.12634149143334475,binary_crossentropy,False,0.12634149143334475,-0.0,"{""accuracy"": 0.9554831704565094, ""binary_crossentropy"": 0.12634149143334475, ""binary_roc_auc"": 0.9884327142391659, ""f1"": 0.9434482708360524, ""precision"": 0.9447513811893715, ""recall"": 0.942148760304624}","{""accuracy"": 0.0, ""binary_crossentropy"": -0.0, ""binary_roc_auc"": 0.0, ""f1"": 0.0, ""precision"": 0.0, ""recall"": 0.0}",0.005565643310546875,0.0004878044128417969,37.829641580581665,332.0546875,294,ok,,1.0.0,{}
kr_vs_kp,kr-vs-kp,pmlb,pmlb,classification,nofe,3,4500,2556,640,36,36,0,0.03176035382299447,binary_crossentropy,False,0.03176035382299447,-0.0,"{""accuracy"": 0.9890624999845459, ""binary_crossentropy"": 0.03176035382299447, ""binary_roc_auc"": 0.9994178310046573, ""f1"": 0.989536616794046, ""precision"": 0.988059701463043, ""recall"": 0.9910179640421851}","{""accuracy"": 0.0, ""binary_crossentropy"": -0.0, ""binary_roc_auc"": 0.0, ""f1"": 0.0, ""precision"": 0.0, ""recall"": 0.0}",0.0048618316650390625,0.0002014636993408203,37.391902923583984,329.12890625,1213,ok,,1.0.0,{}
219,electricity,openml_task,amlb,classification,nofe,2,4500,36249,9063,8,8,0,,binary_crossentropy,False,,0.0,"{""accuracy"": 0.9363345470584393, ""binary_crossentropy"": null, ""binary_roc_auc"": 0.982735462433449, ""f1"": 0.9446204000274658, ""precision"": 0.9456187548021798, ""recall"": 0.9436241610720161}","{""accuracy"": 0.0, ""binary_crossentropy"": null, ""binary_roc_auc"": 0.0, ""f1"": 0.0, ""precision"": 0.0, ""recall"": 0.0}",0.03240489959716797,0.0008730888366699219,82.08321380615234,393.08203125,1999,ok,,1.0.0,{}
7592,adult,openml_task,amlb,classification,nofe,1,4500,39073,9769,14,14,0,0.2675224734140665,binary_crossentropy,False,0.2675224734140665,-0.0,"{""accuracy"": 0.8781860988833265, ""binary_crossentropy"": 0.2675224734140665, ""binary_roc_auc"": 0.9339064531989139, ""f1"": 0.9219876703659322, ""precision"": 0.8988878946684151, ""recall"": 0.946306015339865}","{""accuracy"": 0.0, ""binary_crossentropy"": -0.0, ""binary_roc_auc"": 0.0, ""f1"": 0.0, ""precision"": 0.0, ""recall"": 0.0}",0.01576828956604004,0.0004153251647949219,73.46889281272888,360.84765625,262,ok,,1.0.0,{}
spambase,spambase,pmlb,pmlb,classification,nofe,2,4500,3680,921,57,57,0,0.12703836472897587,binary_crossentropy,False,0.12703836472897587,-0.0,"{""accuracy"": 0.9500542888061884, ""binary_crossentropy"": 0.12703836472897587, ""binary_roc_auc"": 0.989247311827957, ""f1"": 0.935754184918971, ""precision"": 0.9490084985566853, ""recall"": 0.9228650137486814}","{""accuracy"": 0.0, ""binary_crossentropy"": -0.0, ""binary_roc_auc"": 0.0, ""f1"": 0.0, ""precision"": 0.0, ""recall"": 0.0}",0.00462031364440918,0.00047135353088378906,39.042327642440796,334.7265625,384,ok,,1.0.0,{}
9957,qsar-biodeg,openml_task,amlb,classification,nofe,1,4500,844,211,41,41,0,0.29341187430998106,binary_crossentropy,False,0.29341187430998106,-0.0,"{""accuracy"": 0.8862559241286134, ""binary_crossentropy"": 0.29341187430998106, ""binary_roc_auc"": 0.9436619718309859, ""f1"": 0.8285714234540817, ""precision"": 0.8405797100231045, ""recall"": 0.8169014083356477}","{""accuracy"": 0.0, ""binary_crossentropy"": -0.0, ""binary_roc_auc"": 0.0, ""f1"": 0.0, ""precision"": 0.0, ""recall"": 0.0}",0.0033905506134033203,0.0001068115234375,71.4762191772461,335.11328125,204,ok,,1.0.0,{}
219,electricity,openml_task,amlb,classification,nofe,3,4500,36249,9063,8,8,0,,binary_crossentropy,False,,0.0,"{""accuracy"": 0.9329140461205638, ""binary_crossentropy"": null, ""binary_roc_auc"": 0.9817428037226695, ""f1"": 0.9417177864092376, ""precision"": 0.9415372819610092, ""recall"": 0.9418983700844834}","{""accuracy"": 0.0, ""binary_crossentropy"": null, ""binary_roc_auc"": 0.0, ""f1"": 0.0, ""precision"": 0.0, ""recall"": 0.0}",0.01864910125732422,0.0008192062377929688,84.07300782203674,390.96875,1997,ok,,1.0.0,{}
9971,ilpd,openml_task,amlb,classification,nofe,0,4500,466,117,10,10,0,0.5756632430940611,binary_crossentropy,False,0.5756632430940611,-0.0,"{""accuracy"": 0.7094017093410768, ""binary_crossentropy"": 0.5756632430940611, ""binary_roc_auc"": 0.7117292700212614, ""f1"": 0.0, ""precision"": 0.0, ""recall"": 0.0}","{""accuracy"": 0.0, ""binary_crossentropy"": -0.0, ""binary_roc_auc"": 0.0, ""f1"": 0.0, ""precision"": 0.0, ""recall"": 0.0}",0.013035297393798828,0.00010395050048828125,71.24052691459656,328.34375,3,ok,,1.0.0,{}
9946,wdbc,openml_task,amlb,classification,nofe,4,4500,455,114,30,30,0,0.21110341280189204,binary_crossentropy,False,0.21110341280189204,-0.0,"{""accuracy"": 0.9385964911457372, ""binary_crossentropy"": 0.21110341280189204, ""binary_roc_auc"": 0.9808201058201059, ""f1"": 0.9156626453824939, ""precision"": 0.926829268066627, ""recall"": 0.9047619045464852}","{""accuracy"": 0.0, ""binary_crossentropy"": -0.0, ""binary_roc_auc"": 0.0, ""f1"": 0.0, ""precision"": 0.0, ""recall"": 0.0}",0.0024089813232421875,6.866455078125e-05,74.17213487625122,331.6875,263,ok,,1.0.0,{}
3902,pc4,openml_task,amlb,classification,nofe,4,4500,1166,292,37,37,0,0.16524105971321873,binary_crossentropy,False,0.16524105971321873,-0.0,"{""accuracy"": 0.9178082191466503, ""binary_crossentropy"": 0.16524105971321873, ""binary_roc_auc"": 0.9645182291666666, ""f1"": 0.599999995, ""precision"": 0.7499999996875, ""recall"": 0.4999999998611111}","{""accuracy"": 0.0, ""binary_crossentropy"": -0.0, ""binary_roc_auc"": 0.0, ""f1"": 0.0, ""precision"": 0.0, ""recall"": 0.0}",0.003710031509399414,0.00012922286987304688,84.88702535629272,333.328125,69,ok,,1.0.0,{}
9952,phoneme,openml_task,amlb,classification,nofe,4,4500,4323,1081,5,5,0,0.2245167523478838,binary_crossentropy,False,0.2245167523478838,-0.0,"{""accuracy"": 0.9185938945335931, ""binary_crossentropy"": 0.2245167523478838, ""binary_roc_auc"": 0.9621822716236974, ""f1"": 0.8611987331431799, ""precision"": 0.8611987381431798, ""recall"": 0.8611987381431798}","{""accuracy"": 0.0, ""binary_crossentropy"": -0.0, ""binary_roc_auc"": 0.0, ""f1"": 0.0, ""precision"": 0.0, ""recall"": 0.0}",0.006425619125366211,6.842613220214844e-05,73.83960199356079,338.87109375,491,ok,,1.0.0,{}
15,breast-w,openml_task,amlb,classification,nofe,1,4500,559,140,9,9,0,0.16271854208981884,binary_crossentropy,False,0.16271854208981884,-0.0,"{""accuracy"": 0.9428571427897958, ""binary_crossentropy"": 0.16271854208981884, ""binary_roc_auc"": 0.9827898550724637, ""f1"": 0.9183673417534362, ""precision"": 0.89999999982, ""recall"": 0.9374999998046875}","{""accuracy"": 0.0, ""binary_crossentropy"": -0.0, ""binary_roc_auc"": 0.0, ""f1"": 0.0, ""precision"": 0.0, ""recall"": 0.0}",0.0033080577850341797,0.0028731822967529297,85.09475684165955,331.25,139,ok,,1.0.0,{}
43,spambase,openml_task,amlb,classification,nofe,0,4500,3680,921,57,57,0,0.1166924022625758,binary_crossentropy,False,0.1166924022625758,-0.0,"{""accuracy"": 0.958740499446702, ""binary_crossentropy"": 0.1166924022625758, ""binary_roc_auc"": 0.9896965747405629, ""f1"": 0.948087426668421, ""precision"": 0.9403794037685533, ""recall"": 0.9559228649874402}","{""accuracy"": 0.0, ""binary_crossentropy"": -0.0, ""binary_roc_auc"": 0.0, ""f1"": 0.0, ""precision"": 0.0, ""recall"": 0.0}",0.008194684982299805,0.0006589889526367188,85.28820562362671,354.94921875,282,ok,,1.0.0,{}
9946,wdbc,openml_task,amlb,classification,nofe,0,4500,455,114,30,30,0,0.11556967356897842,binary_crossentropy,False,0.11556967356897842,-0.0,"{""accuracy"": 0.9473684209695291, ""binary_crossentropy"": 0.11556967356897842, ""binary_roc_auc"": 0.9910714285714286, ""f1"": 0.930232552925906, ""precision"": 0.9090909088842976, ""recall"": 0.9523809521541949}","{""accuracy"": 0.0, ""binary_crossentropy"": -0.0, ""binary_roc_auc"": 0.0, ""f1"": 0.0, ""precision"": 0.0, ""recall"": 0.0}",0.002098560333251953,6.461143493652344e-05,75.67143154144287,336.28125,605,ok,,1.0.0,{}
9957,qsar-biodeg,openml_task,amlb,classification,nofe,2,4500,844,211,41,41,0,0.3336047239985617,binary_crossentropy,False,0.3336047239985617,-0.0,"{""accuracy"": 0.8672985781579479, ""binary_crossentropy"": 0.3336047239985617, ""binary_roc_auc"": 0.9174044265593562, ""f1"": 0.7941176419517734, ""precision"": 0.8307692306414202, ""recall"": 0.7605633801745686}","{""accuracy"": 0.0, ""binary_crossentropy"": -0.0, ""binary_roc_auc"": 0.0, ""f1"": 0.0, ""precision"": 0.0, ""recall"": 0.0}",0.00308990478515625,0.00010752677917480469,73.50117611885071,336.87890625,94,ok,,1.0.0,{}
9957,qsar-biodeg,openml_task,amlb,classification,nofe,3,4500,844,211,41,41,0,0.3618040181016682,binary_crossentropy,False,0.3618040181016682,-0.0,"{""accuracy"": 0.8530805686799487, ""binary_crossentropy"": 0.3618040181016682, ""binary_roc_auc"": 0.9099597585513078, ""f1"": 0.7633587735446653, ""precision"": 0.8333333331944445, ""recall"": 0.7042253520134895}","{""accuracy"": 0.0, ""binary_crossentropy"": -0.0, ""binary_roc_auc"": 0.0, ""f1"": 0.0, ""precision"": 0.0, ""recall"": 0.0}",0.014817953109741211,0.0001361370086669922,73.26839232444763,336.6484375,85,ok,,1.0.0,{}
10093,banknote-authentication,openml_task,amlb,classification,nofe,0,4500,1097,275,4,4,0,0.007810878899842713,binary_crossentropy,False,0.007810878899842713,-0.0,"{""accuracy"": 0.9963636363274049, ""binary_crossentropy"": 0.007810878899842713, ""binary_roc_auc"": 1.0, ""f1"": 0.9959183622657226, ""precision"": 0.9918699186185472, ""recall"": 0.9999999999180328}","{""accuracy"": 0.0, ""binary_crossentropy"": -0.0, ""binary_roc_auc"": 0.0, ""f1"": 0.0, ""precision"": 0.0, ""recall"": 0.0}",0.003622770309448242,5.626678466796875e-05,71.66031098365784,331.31640625,394,ok,,1.0.0,{}
9946,wdbc,openml_task,amlb,classification,nofe,2,4500,455,114,30,30,0,0.09957632718387206,binary_crossentropy,False,0.09957632718387206,-0.0,"{""accuracy"": 0.9736842104409049, ""binary_crossentropy"": 0.09957632718387206, ""binary_roc_auc"": 0.9927248677248677, ""f1"": 0.9647058771266437, ""precision"": 0.9534883718712818, ""recall"": 0.9761904759580499}","{""accuracy"": 0.0, ""binary_crossentropy"": -0.0, ""binary_roc_auc"": 0.0, ""f1"": 0.0, ""precision"": 0.0, ""recall"": 0.0}",0.006025791168212891,0.0001227855682373047,75.4806797504425,330.84375,113,ok,,1.0.0,{}
7592,adult,openml_task,amlb,classification,nofe,2,4500,39073,9769,14,14,0,0.2762772787145083,binary_crossentropy,False,0.2762772787145083,-0.0,"{""accuracy"": 0.8727607738756548, ""binary_crossentropy"": 0.2762772787145083, ""binary_roc_auc"": 0.9290137643854111, ""f1"": 0.9183686822020345, ""precision"": 0.8968701898397936, ""recall"": 0.9409231597349739}","{""accuracy"": 0.0, ""binary_crossentropy"": -0.0, ""binary_roc_auc"": 0.0, ""f1"": 0.0, ""precision"": 0.0, ""recall"": 0.0}",0.04067230224609375,0.0011589527130126953,76.97879147529602,360.328125,238,ok,,1.0.0,{}
9957,qsar-biodeg,openml_task,amlb,classification,nofe,4,4500,844,211,41,41,0,0.2714626444117453,binary_crossentropy,False,0.2714626444117453,-0.0,"{""accuracy"": 0.8672985781579479, ""binary_crossentropy"": 0.2714626444117453, ""binary_roc_auc"": 0.9511066398390342, ""f1"": 0.7878787827881084, ""precision"": 0.8524590162536952, ""recall"": 0.7323943660940291}","{""accuracy"": 0.0, ""binary_crossentropy"": -0.0, ""binary_roc_auc"": 0.0, ""f1"": 0.0, ""precision"": 0.0, ""recall"": 0.0}",0.004317283630371094,0.00014495849609375,73.2141466140747,330.578125,185,ok,,1.0.0,{}
10093,banknote-authentication,openml_task,amlb,classification,nofe,3,4500,1097,275,4,4,0,0.0068520525541283525,binary_crossentropy,False,0.0068520525541283525,-0.0,"{""accuracy"": 0.9999999999636363, ""binary_crossentropy"": 0.0068520525541283525, ""binary_roc_auc"": 1.0, ""f1"": 0.9999999949180327, ""precision"": 0.9999999999180328, ""recall"": 0.9999999999180328}","{""accuracy"": 0.0, ""binary_crossentropy"": -0.0, ""binary_roc_auc"": 0.0, ""f1"": 0.0, ""precision"": 0.0, ""recall"": 0.0}",0.0036649703979492188,6.699562072753906e-05,71.73630452156067,328.87890625,390,ok,,1.0.0,{}
7592,adult,openml_task,amlb,classification,nofe,3,4500,39073,9769,14,14,0,0.27184983276308017,binary_crossentropy,False,0.27184983276308017,-0.0,"{""accuracy"": 0.8754222540680976, ""binary_crossentropy"": 0.27184983276308017, ""binary_roc_auc"": 0.9313070036177716, ""f1"": 0.9202019489722777, ""precision"": 0.8973145780039676, ""recall"": 0.9442874444880308}","{""accuracy"": 0.0, ""binary_crossentropy"": -0.0, ""binary_roc_auc"": 0.0, ""f1"": 0.0, ""precision"": 0.0, ""recall"": 0.0}",0.022974014282226562,0.0008401870727539062,77.91250967979431,364.8046875,318,ok,,1.0.0,{}
9971,ilpd,openml_task,amlb,classification,nofe,1,4500,466,117,10,10,0,0.5687558274461418,binary_crossentropy,False,0.5687558274461418,-0.0,"{""accuracy"": 0.6410256409708526, ""binary_crossentropy"": 0.5687558274461418, ""binary_roc_auc"": 0.7119064493267186, ""f1"": 0.15999999558400013, ""precision"": 0.24999999984375, ""recall"": 0.11764705878892734}","{""accuracy"": 0.0, ""binary_crossentropy"": -0.0, ""binary_roc_auc"": 0.0, ""f1"": 0.0, ""precision"": 0.0, ""recall"": 0.0}",0.00871586799621582,8.416175842285156e-05,74.26695561408997,331.24609375,69,ok,,1.0.0,{}
9952,phoneme,openml_task,amlb,classification,nofe,2,4500,4323,1081,5,5,0,0.24242886397841681,binary_crossentropy,False,0.24242886397841681,-0.0,"{""accuracy"": 0.8954671600287192, ""binary_crossentropy"": 0.24242886397841681, ""binary_roc_auc"": 0.9559474457859183, ""f1"": 0.8220472390686093, ""precision"": 0.8207547169553222, ""recall"": 0.8233438485544686}","{""accuracy"": 0.0, ""binary_crossentropy"": -0.0, ""binary_roc_auc"": 0.0, ""f1"": 0.0, ""precision"": 0.0, ""recall"": 0.0}",0.004435539245605469,6.604194641113281e-05,76.4048330783844,339.91015625,326,ok,,1.0.0,{}
7592,adult,openml_task,amlb,classification,nofe,0,4500,39073,9769,14,14,0,0.2794654012064093,binary_crossentropy,False,0.2794654012064093,-0.0,"{""accuracy"": 0.8761388064276013, ""binary_crossentropy"": 0.2794654012064093, ""binary_roc_auc"": 0.9274963251880228, ""f1"": 0.9208840018028375, ""precision"": 0.8955869261084884, ""recall"": 0.9476517292410879}","{""accuracy"": 0.0, ""binary_crossentropy"": -0.0, ""binary_roc_auc"": 0.0, ""f1"": 0.0, ""precision"": 0.0, ""recall"": 0.0}",0.017827510833740234,0.00047016143798828125,79.31117296218872,363.23828125,306,ok,,1.0.0,{}
1169,Airlines,openml_dataset,stress_test,classification,nofe,2,4500,431506,107877,7,7,0,0.6065194112581329,binary_crossentropy,False,0.6065194112581329,-0.0,"{""accuracy"": 0.667992250433302, ""binary_crossentropy"": 0.6065194112581329, ""binary_roc_auc"": 0.7206045401098782, ""f1"": 0.5807757986221396, ""precision"": 0.6636794093254157, ""recall"": 0.5162841029695303}","{""accuracy"": 0.0, ""binary_crossentropy"": -0.0, ""binary_roc_auc"": 0.0, ""f1"": 0.0, ""precision"": 0.0, ""recall"": 0.0}",0.1132497787475586,0.0009334087371826172,24.819186449050903,564.32421875,331,ok,,1.0.0,{}
9952,phoneme,openml_task,amlb,classification,nofe,3,4500,4323,1081,5,5,0,0.24118379509948057,binary_crossentropy,False,0.24118379509948057,-0.0,"{""accuracy"": 0.900092506929694, ""binary_crossentropy"": 0.24118379509948057, ""binary_roc_auc"": 0.9566989281054388, ""f1"": 0.8296529918192539, ""precision"": 0.8296529968192539, ""recall"": 0.8296529968192539}","{""accuracy"": 0.0, ""binary_crossentropy"": -0.0, ""binary_roc_auc"": 0.0, ""f1"": 0.0, ""precision"": 0.0, ""recall"": 0.0}",0.004831790924072266,0.00010704994201660156,77.41331577301025,340.57421875,485,ok,,1.0.0,{}
9946,wdbc,openml_task,amlb,classification,nofe,1,4500,455,114,30,30,0,0.13154384225459867,binary_crossentropy,False,0.13154384225459867,-0.0,"{""accuracy"": 0.956140350793321, ""binary_crossentropy"": 0.13154384225459867, ""binary_roc_auc"": 0.9907407407407407, ""f1"": 0.9382715997134583, ""precision"": 0.9743589741091387, ""recall"": 0.9047619045464852}","{""accuracy"": 0.0, ""binary_crossentropy"": -0.0, ""binary_roc_auc"": 0.0, ""f1"": 0.0, ""precision"": 0.0, ""recall"": 0.0}",0.008225679397583008,8.797645568847656e-05,79.43919086456299,332.23046875,95,ok,,1.0.0,{}
1169,Airlines,openml_dataset,stress_test,classification,nofe,4,4500,431506,107877,7,7,0,0.6070509826205224,binary_crossentropy,False,0.6070509826205224,-0.0,"{""accuracy"": 0.6668798724472624, ""binary_crossentropy"": 0.6070509826205224, ""binary_roc_auc"": 0.7202049833069949, ""f1"": 0.5822658216790729, ""precision"": 0.6595475732755749, ""recall"": 0.5211953468044616}","{""accuracy"": 0.0, ""binary_crossentropy"": -0.0, ""binary_roc_auc"": 0.0, ""f1"": 0.0, ""precision"": 0.0, ""recall"": 0.0}",0.11582422256469727,0.0008215904235839844,35.25571250915527,567.828125,379,ok,,1.0.0,{}
9978,ozone-level-8hr,openml_task,amlb,classification,nofe,0,4500,2027,507,72,72,0,0.14963832658787185,binary_crossentropy,False,0.14963832658787185,-0.0,"{""accuracy"": 0.9487179486992363, ""binary_crossentropy"": 0.14963832658787185, ""binary_roc_auc"": 0.9125657894736843, ""f1"": 0.40909090493801653, ""precision"": 0.749999999375, ""recall"": 0.28124999991210936}","{""accuracy"": 0.0, ""binary_crossentropy"": -0.0, ""binary_roc_auc"": 0.0, ""f1"": 0.0, ""precision"": 0.0, ""recall"": 0.0}",0.004400014877319336,0.000339508056640625,86.59040331840515,344.81640625,72,ok,,1.0.0,{}
connect_4,connect-4,pmlb,stress_test,classification,nofe,1,4500,54045,13512,42,42,0,0.37118080677814685,categorical_crossentropy,False,0.37118080677814685,-0.0,"{""accuracy"": 0.9045293072817463, ""categorical_crossentropy"": 0.37118080677814685, ""categorical_roc_auc"": 0.9336519888945989, ""f1"": 0.7062324915889026, ""precision"": 0.760069163821283, ""recall"": 0.6856643002681327}","{""accuracy"": 0.0, ""categorical_crossentropy"": -0.0, ""categorical_roc_auc"": 0.0, ""f1"": 0.0, ""precision"": 0.0, ""recall"": 0.0}",0.03350663185119629,0.004274129867553711,36.84885215759277,574.25,1999,ok,,1.0.0,{}
connect_4,connect-4,pmlb,stress_test,classification,nofe,0,4500,54045,13512,42,42,0,0.3781857439327572,categorical_crossentropy,False,0.3781857439327572,-0.0,"{""accuracy"": 0.9009769094131875, ""categorical_crossentropy"": 0.3781857439327572, ""categorical_roc_auc"": 0.9312086272719958, ""f1"": 0.6979469975040381, ""precision"": 0.7465395972066977, ""recall"": 0.6799715494559465}","{""accuracy"": 0.0, ""categorical_crossentropy"": -0.0, ""categorical_roc_auc"": 0.0, ""f1"": 0.0, ""precision"": 0.0, ""recall"": 0.0}",0.02658987045288086,0.0014159679412841797,37.269726037979126,575.25,1999,ok,,1.0.0,{}
connect_4,connect-4,pmlb,stress_test,classification,nofe,4,4500,54045,13512,42,42,0,0.3773907302255057,categorical_crossentropy,False,0.3773907302255057,-0.0,"{""accuracy"": 0.9030984803624654, ""categorical_crossentropy"": 0.3773907302255057, ""categorical_roc_auc"": 0.9316556355046934, ""f1"": 0.7057591180335309, ""precision"": 0.7563466710025968, ""recall"": 0.6855267928374893}","{""accuracy"": 0.0, ""categorical_crossentropy"": -0.0, ""categorical_roc_auc"": 0.0, ""f1"": 0.0, ""precision"": 0.0, ""recall"": 0.0}",0.027812480926513672,0.0014791488647460938,36.63669681549072,574.84765625,1996,ok,,1.0.0,{}
connect_4,connect-4,pmlb,stress_test,classification,nofe,3,4500,54045,13512,42,42,0,0.3754585806518425,categorical_crossentropy,False,0.3754585806518425,-0.0,"{""accuracy"": 0.9040359186888908, ""categorical_crossentropy"": 0.3754585806518425, ""categorical_roc_auc"": 0.9322378409166977, ""f1"": 0.7071025323655586, ""precision"": 0.7561819106735482, ""recall"": 0.6889384312310615}","{""accuracy"": 0.0, ""categorical_crossentropy"": -0.0, ""categorical_roc_auc"": 0.0, ""f1"": 0.0, ""precision"": 0.0, ""recall"": 0.0}",0.027931690216064453,0.0015976428985595703,37.14703035354614,574.77734375,1998,ok,,1.0.0,{}
connect_4,connect-4,pmlb,stress_test,classification,nofe,2,4500,54045,13512,42,42,0,0.3749223361606752,categorical_crossentropy,False,0.3749223361606752,-0.0,"{""accuracy"": 0.9023583974731825, ""categorical_crossentropy"": 0.3749223361606752, ""categorical_roc_auc"": 0.93275677548136, ""f1"": 0.7040999316026326, ""precision"": 0.7525394615335489, ""recall"": 0.6848121407516912}","{""accuracy"": 0.0, ""categorical_crossentropy"": -0.0, ""categorical_roc_auc"": 0.0, ""f1"": 0.0, ""precision"": 0.0, ""recall"": 0.0}",0.03222846984863281,0.004746675491333008,37.70734763145447,576.56640625,1999,ok,,1.0.0,{}
14954,cylinder-bands,openml_task,amlb,classification,nofe,4,4500,432,108,35,35,0,0.47104873869870467,binary_crossentropy,False,0.47104873869870467,-0.0,"{""accuracy"": 0.7777777777057614, ""binary_crossentropy"": 0.47104873869870467, ""binary_roc_auc"": 0.8818373071528752, ""f1"": 0.823529406682526, ""precision"": 0.7567567566544924, ""recall"": 0.9032258063059313}","{""accuracy"": 0.0, ""binary_crossentropy"": -0.0, ""binary_roc_auc"": 0.0, ""f1"": 0.0, ""precision"": 0.0, ""recall"": 0.0}",0.003107309341430664,0.00017118453979492188,75.59167981147766,336.33984375,538,ok,,1.0.0,{}
14954,cylinder-bands,openml_task,amlb,classification,nofe,3,4500,432,108,35,35,0,0.5105437139670054,binary_crossentropy,False,0.5105437139670054,-0.0,"{""accuracy"": 0.7870370369641633, ""binary_crossentropy"": 0.5105437139670054, ""binary_roc_auc"": 0.8271388499298739, ""f1"": 0.8345323690388697, ""precision"": 0.7532467531489291, ""recall"": 0.9354838708168575}","{""accuracy"": 0.0, ""binary_crossentropy"": -0.0, ""binary_roc_auc"": 0.0, ""f1"": 0.0, ""precision"": 0.0, ""recall"": 0.0}",0.0032405853271484375,0.0002560615539550781,76.36727952957153,333.21484375,39,ok,,1.0.0,{}
1169,Airlines,openml_dataset,stress_test,classification,nofe,0,4500,431506,107877,7,7,0,0.6083958619948062,binary_crossentropy,False,0.6083958619948062,-0.0,"{""accuracy"": 0.6643028634462709, ""binary_crossentropy"": 0.6083958619948062, ""binary_roc_auc"": 0.7182467787626646, ""f1"": 0.5772947938414213, ""precision"": 0.657353996650454, ""recall"": 0.5146192745509095}","{""accuracy"": 0.0, ""binary_crossentropy"": -0.0, ""binary_roc_auc"": 0.0, ""f1"": 0.0, ""precision"": 0.0, ""recall"": 0.0}",0.11446094512939453,0.0007793903350830078,42.20347452163696,562.5,403,ok,,1.0.0,{}
125920,dresses-sales,openml_task,amlb,classification,nofe,3,4500,400,100,12,12,0,0.677971347272396,binary_crossentropy,False,0.677971347272396,-0.0,"{""accuracy"": 0.5599999999440001, ""binary_crossentropy"": 0.677971347272396, ""binary_roc_auc"": 0.5410509031198687, ""f1"": 0.2666666623777778, ""precision"": 0.4444444441975308, ""recall"": 0.190476190430839}","{""accuracy"": 0.0, ""binary_crossentropy"": -0.0, ""binary_roc_auc"": 0.0, ""f1"": 0.0, ""precision"": 0.0, ""recall"": 0.0}",0.00391697883605957,0.0001232624053955078,76.37943482398987,329.84375,17,ok,,1.0.0,{}
15,breast-w,openml_task,amlb,classification,nofe,4,4500,559,140,9,9,0,0.1749248612478758,binary_crossentropy,False,0.1749248612478758,-0.0,"{""accuracy"": 0.9499999999321428, ""binary_crossentropy"": 0.1749248612478758, ""binary_roc_auc"": 0.9875452898550725, ""f1"": 0.9263157842792243, ""precision"": 0.9361702125667722, ""recall"": 0.9166666664756944}","{""accuracy"": 0.0, ""binary_crossentropy"": -0.0, ""binary_roc_auc"": 0.0, ""f1"": 0.0, ""precision"": 0.0, ""recall"": 0.0}",0.002413034439086914,0.0015857219696044922,105.6437771320343,333.265625,583,ok,,1.0.0,{}
9971,ilpd,openml_task,amlb,classification,nofe,2,4500,466,117,10,10,0,0.5601887948747374,binary_crossentropy,False,0.5601887948747374,-0.0,"{""accuracy"": 0.6666666666096867, ""binary_crossentropy"": 0.5601887948747374, ""binary_roc_auc"": 0.6853295535081503, ""f1"": 0.13333332958024702, ""precision"": 0.2727272724793388, ""recall"": 0.0882352940916955}","{""accuracy"": 0.0, ""binary_crossentropy"": -0.0, ""binary_roc_auc"": 0.0, ""f1"": 0.0, ""precision"": 0.0, ""recall"": 0.0}",0.008409976959228516,8.344650268554688e-05,92.87830376625061,332.29296875,32,ok,,1.0.0,{}
1169,Airlines,openml_dataset,stress_test,classification,nofe,3,4500,431506,107877,7,7,0,0.6072407355305774,binary_crossentropy,False,0.6072407355305774,-0.0,"{""accuracy"": 0.6670189196955174, ""binary_crossentropy"": 0.6072407355305774, ""binary_roc_auc"": 0.7196859988099749, ""f1"": 0.5813354418720994, ""precision"": 0.6607057701476552, ""recall"": 0.5189894491497891}","{""accuracy"": 0.0, ""binary_crossentropy"": -0.0, ""binary_roc_auc"": 0.0, ""f1"": 0.0, ""precision"": 0.0, ""recall"": 0.0}",0.11323356628417969,0.001150369644165039,42.9667534828186,566.140625,409,ok,,1.0.0,{}
1169,Airlines,openml_dataset,stress_test,classification,nofe,1,4500,431506,107877,7,7,0,0.6067883571964006,binary_crossentropy,False,0.6067883571964006,-0.0,"{""accuracy"": 0.667120887677571, ""binary_crossentropy"": 0.6067883571964006, ""binary_roc_auc"": 0.7211090811266959, ""f1"": 0.5812440186751255, ""precision"": 0.6610434736477385, ""recall"": 0.5186356731108321}","{""accuracy"": 0.0, ""binary_crossentropy"": -0.0, ""binary_roc_auc"": 0.0, ""f1"": 0.0, ""precision"": 0.0, ""recall"": 0.0}",0.11369872093200684,0.0007240772247314453,43.76174187660217,562.6328125,369,ok,,1.0.0,{}
3913,kc2,openml_task,amlb,classification,nofe,0,4500,417,105,21,21,0,0.417824380419084,binary_crossentropy,False,0.417824380419084,-0.0,"{""accuracy"": 0.8095238094467121, ""binary_crossentropy"": 0.417824380419084, ""binary_roc_auc"": 0.7913472070098575, ""f1"": 0.4444444394444444, ""precision"": 0.5714285710204081, ""recall"": 0.36363636347107436}","{""accuracy"": 0.0, ""binary_crossentropy"": -0.0, ""binary_roc_auc"": 0.0, ""f1"": 0.0, ""precision"": 0.0, ""recall"": 0.0}",0.004931211471557617,0.0001246929168701172,143.32094168663025,331.5859375,43,ok,,1.0.0,{}
9957,qsar-biodeg,openml_task,amlb,classification,nofe,0,4500,844,211,41,41,0,0.3878659762759909,binary_crossentropy,False,0.3878659762759909,-0.0,"{""accuracy"": 0.8388625592019496, ""binary_crossentropy"": 0.3878659762759909, ""binary_roc_auc"": 0.9102112676056338, ""f1"": 0.7258064466011968, ""precision"": 0.8490566036133855, ""recall"": 0.6338028168121405}","{""accuracy"": 0.0, ""binary_crossentropy"": -0.0, ""binary_roc_auc"": 0.0, ""f1"": 0.0, ""precision"": 0.0, ""recall"": 0.0}",0.0061075687408447266,0.00011301040649414062,132.536607503891,335.09765625,27,ok,,1.0.0,{}
9952,phoneme,openml_task,amlb,classification,nofe,1,4500,4323,1081,5,5,0,0.2682097859069472,binary_crossentropy,False,0.2682097859069472,-0.0,"{""accuracy"": 0.8908418131277444, ""binary_crossentropy"": 0.2682097859069472, ""binary_roc_auc"": 0.9460047566353411, ""f1"": 0.8121019058026188, ""precision"": 0.8199356912919634, ""recall"": 0.804416403760113}","{""accuracy"": 0.0, ""binary_crossentropy"": -0.0, ""binary_roc_auc"": 0.0, ""f1"": 0.0, ""precision"": 0.0, ""recall"": 0.0}",0.013267278671264648,8.082389831542969e-05,133.07937026023865,342.4765625,283,ok,,1.0.0,{}
9952,phoneme,openml_task,amlb,classification,nofe,0,4500,4323,1081,5,5,0,0.24758177735020076,binary_crossentropy,False,0.24758177735020076,-0.0,"{""accuracy"": 0.8936170212683292, ""binary_crossentropy"": 0.24758177735020076, ""binary_roc_auc"": 0.9547252547607643, ""f1"": 0.8188976327694959, ""precision"": 0.8176100628673707, ""recall"": 0.820189274422076}","{""accuracy"": 0.0, ""binary_crossentropy"": -0.0, ""binary_roc_auc"": 0.0, ""f1"": 0.0, ""precision"": 0.0, ""recall"": 0.0}",0.010935306549072266,9.72747802734375e-05,133.25514483451843,341.41796875,442,ok,,1.0.0,{}
146819,climate-model-crashes,openml_task,amlb,classification,nofe,1,4500,432,108,18,18,0,0.14666924635983175,binary_crossentropy,False,0.14666924635983175,-0.0,"{""accuracy"": 0.935185185098594, ""binary_crossentropy"": 0.14666924635983175, ""binary_roc_auc"": 0.9775533108866443, ""f1"": 0.9658536534481856, ""precision"": 0.9339622640628338, ""recall"": 0.9999999998989899}","{""accuracy"": 0.0, ""binary_crossentropy"": -0.0, ""binary_roc_auc"": 0.0, ""f1"": 0.0, ""precision"": 0.0, ""recall"": 0.0}",0.0030059814453125,5.1975250244140625e-05,127.92298913002014,331.625,30,ok,,1.0.0,{}
40927,Sleep,openml_dataset,stress_test,classification,nofe,0,4500,,,,,,,,,,,,,,,4680,,,timeout,wall-clock exceeded 4680s,,
40927,Sleep,openml_dataset,stress_test,classification,nofe,1,4500,,,,,,,,,,,,,,,4680,,,timeout,wall-clock exceeded 4680s,,
40927,Sleep,openml_dataset,stress_test,classification,nofe,4,4500,,,,,,,,,,,,,,,4680,,,timeout,wall-clock exceeded 4680s,,
40927,Sleep,openml_dataset,stress_test,classification,nofe,3,4500,,,,,,,,,,,,,,,4680,,,timeout,wall-clock exceeded 4680s,,
40927,Sleep,openml_dataset,stress_test,classification,nofe,2,4500,,,,,,,,,,,,,,,4680,,,timeout,wall-clock exceeded 4680s,,
29,credit-approval,openml_task,amlb,classification,featuretools,1,4500,552,138,15,,,,,,,,,,1.0523626804351807,,4.652193546295166,,,featuretools_upstream_bug,_FeaturetoolsUpstreamBugError: boolean value of NA is ambiguous,upstream-1.x,
29,credit-approval,openml_task,amlb,classification,featuretools,2,4500,552,138,15,,,,,,,,,,1.3998432159423828,,4.286671876907349,,,featuretools_upstream_bug,_FeaturetoolsUpstreamBugError: boolean value of NA is ambiguous,upstream-1.x,
29,credit-approval,openml_task,amlb,classification,featuretools,4,4500,552,138,15,,,,,,,,,,1.2029750347137451,,5.116922378540039,,,featuretools_upstream_bug,_FeaturetoolsUpstreamBugError: boolean value of NA is ambiguous,upstream-1.x,
31,credit-g,openml_task,amlb,classification,featuretools,0,4500,800,200,20,216,196,0.5433124231966212,binary_crossentropy,False,0.5007967171864585,-0.08489613559973307,"{""accuracy"": 0.75499999996225, ""binary_crossentropy"": 0.5433124231966212, ""binary_roc_auc"": 0.7460714285714285, ""f1"": 0.49484535600382623, ""precision"": 0.6486486484733381, ""recall"": 0.39999999993333335}","{""accuracy"": -0.013071895424836557, ""binary_crossentropy"": -0.08489613559973307, ""binary_roc_auc"": -0.04466463414634156, ""f1"": -0.020618557015623266, ""precision"": -0.05405405403944492, ""recall"": 0.0}",1.328786849975586,1.1774349212646484,7.242838144302368,358.09765625,87,ok,,upstream-1.x,{}
31,credit-g,openml_task,amlb,classification,featuretools,1,4500,800,200,20,216,196,0.4746738233789802,binary_crossentropy,False,0.4534580802544951,-0.04678655877645437,"{""accuracy"": 0.779999999961, ""binary_crossentropy"": 0.4746738233789802, ""binary_roc_auc"": 0.8308333333333333, ""f1"": 0.5217391257844991, ""precision"": 0.749999999765625, ""recall"": 0.39999999993333335}","{""accuracy"": -0.024999999999999915, ""binary_crossentropy"": -0.04678655877645425, ""binary_roc_auc"": -0.010211317543610826, ""f1"": -0.14165497960359497, ""precision"": 0.016129032182459695, ""recall"": -0.22580645161290325}",1.2501883506774902,1.1333832740783691,7.074180841445923,356.96875,28,ok,,upstream-1.x,{}
31,credit-g,openml_task,amlb,classification,featuretools,2,4500,800,200,20,216,196,0.515082042766735,binary_crossentropy,False,0.4985714282095432,-0.03311584584075398,"{""accuracy"": 0.75499999996225, ""binary_crossentropy"": 0.515082042766735, ""binary_roc_auc"": 0.7641666666666667, ""f1"": 0.4731182748895827, ""precision"": 0.6666666664646465, ""recall"": 0.3666666666055555}","{""accuracy"": -0.013071895424836557, ""binary_crossentropy"": -0.03311584584075386, ""binary_roc_auc"": -0.040794979079497876, ""f1"": -0.02150537671785491, ""precision"": -0.06060606058769519, ""recall"": 0.0}",1.1173515319824219,1.3540458679199219,7.433288812637329,361.08203125,55,ok,,upstream-1.x,{}
15,breast-w,openml_task,amlb,classification,featuretools,3,4500,559,140,9,396,387,0.19872531682319408,binary_crossentropy,False,0.1836929105188963,-0.08183443912905616,"{""accuracy"": 0.935714285647449, ""binary_crossentropy"": 0.19872531682319408, ""binary_roc_auc"": 0.9756567028985508, ""f1"": 0.9090909039118457, ""precision"": 0.8823529410034602, ""recall"": 0.9374999998046875}","{""accuracy"": 0.0, ""binary_crossentropy"": -0.08183443912905583, ""binary_roc_auc"": -0.003584643848288531, ""f1"": -0.0019762846082063187, ""precision"": 0.016624040913193847, ""recall"": -0.02173913043478262}",1.1840007305145264,1.6950879096984863,6.616329908370972,358.140625,83,ok,,upstream-1.x,{}
29,credit-approval,openml_task,amlb,classification,featuretools,0,4500,552,138,15,197,182,0.24984709921198478,binary_crossentropy,False,0.2325518794924668,-0.0743714467380954,"{""accuracy"": 0.9202898550057761, ""binary_crossentropy"": 0.24984709921198478, ""binary_roc_auc"": 0.9670002129018521, ""f1"": 0.9271523127599669, ""precision"": 0.9459459458181155, ""recall"": 0.9090909089728454}","{""accuracy"": 0.0, ""binary_crossentropy"": -0.07437144673809513, ""binary_roc_auc"": -0.009594417793284031, ""f1"": -0.0010260236971801873, ""precision"": 0.012561857628679307, ""recall"": -0.014084507042253497}",1.3969438076019287,0.9478750228881836,7.885798692703247,356.51953125,69,ok,,upstream-1.x,{}
15,breast-w,openml_task,amlb,classification,featuretools,0,4500,559,140,9,396,387,0.14833767751863758,binary_crossentropy,False,0.1265942708971644,-0.17175664007051208,"{""accuracy"": 0.9571428570744898, ""binary_crossentropy"": 0.14833767751863758, ""binary_roc_auc"": 0.9898097826086956, ""f1"": 0.9361702075690358, ""precision"": 0.9565217389224953, ""recall"": 0.9166666664756944}","{""accuracy"": 0.0, ""binary_crossentropy"": -0.17175664007051208, ""binary_roc_auc"": 0.001374570446735317, ""f1"": -0.0027752081638529272, ""precision"": 0.039697542514999566, ""recall"": -0.04347826086956524}",1.4070453643798828,1.7923176288604736,8.425513505935669,361.39453125,239,ok,,upstream-1.x,{}
29,credit-approval,openml_task,amlb,classification,featuretools,3,4500,552,138,15,197,182,0.2408454220040121,binary_crossentropy,False,0.2576229821728623,0.06512446998068137,"{""accuracy"": 0.9057971013836379, ""binary_crossentropy"": 0.2408454220040121, ""binary_roc_auc"": 0.9679582712369598, ""f1"": 0.9115646207376559, ""precision"": 0.9571428570061226, ""recall"": 0.8701298700168664}","{""accuracy"": 0.024590163934426347, ""binary_crossentropy"": 0.06512446998068157, ""binary_roc_auc"": 0.006308100929614976, ""f1"": 0.025510204212970823, ""precision"": 0.0020089285778380345, ""recall"": 0.046875000000000056}",1.6216564178466797,0.7285432815551758,7.733908653259277,351.75390625,55,ok,,upstream-1.x,{}
15,breast-w,openml_task,amlb,classification,featuretools,2,4500,559,140,9,396,387,0.054768565161586076,binary_crossentropy,False,0.0963734303584455,0.4317047244465286,"{""accuracy"": 0.9714285713591836, ""binary_crossentropy"": 0.054768565161586076, ""binary_roc_auc"": 0.9990942028985508, ""f1"": 0.9565217339319472, ""precision"": 0.9999999997727272, ""recall"": 0.9166666664756944}","{""accuracy"": 0.0, ""binary_crossentropy"": 0.43170472444652874, ""binary_roc_auc"": 0.0027272727272726833, ""f1"": 0.0, ""precision"": 0.0, ""recall"": 0.0}",1.7351734638214111,1.1751856803894043,8.008326768875122,362.04296875,129,ok,,upstream-1.x,{}
15,breast-w,openml_task,amlb,classification,featuretools,4,4500,559,140,9,396,387,0.1711686804470706,binary_crossentropy,False,0.1749248612478758,0.0214731100771464,"{""accuracy"": 0.9571428570744898, ""binary_crossentropy"": 0.1711686804470706, ""binary_roc_auc"": 0.9864130434782609, ""f1"": 0.9387755050145774, ""precision"": 0.919999999816, ""recall"": 0.9583333331336805}","{""accuracy"": 0.007518796992481236, ""binary_crossentropy"": 0.0214731100771464, ""binary_roc_auc"": -0.0011465260261408405, ""f1"": 0.013450834960183797, ""precision"": -0.01727272726018176, ""recall"": 0.04545454545454548}",1.4367237091064453,1.1394436359405518,16.148763179779053,357.74609375,437,ok,,upstream-1.x,{}
3,kr-vs-kp,openml_task,amlb,classification,featuretools,4,4500,2556,640,36,565,529,0.021185594975167987,binary_crossentropy,False,0.0219026212689641,0.03273700827818894,"{""accuracy"": 0.9968749999844239, ""binary_crossentropy"": 0.021185594975167987, ""binary_roc_auc"": 0.9999902156471371, ""f1"": 0.9967213064427843, ""precision"": 0.9999999999671052, ""recall"": 0.9934640522551156}","{""accuracy"": 0.001569858712715867, ""binary_crossentropy"": 0.03273700827819063, ""binary_roc_auc"": 6.849583153928892e-05, ""f1"": 0.0016232195726691647, ""precision"": 0.006557377048856743, ""recall"": -0.0032786885245901453}",1.7979776859283447,2.3415024280548096,16.204934120178223,367.796875,244,ok,,upstream-1.x,{}
3,kr-vs-kp,openml_task,amlb,classification,featuretools,2,4500,2556,640,36,533,497,0.02127637210736566,binary_crossentropy,False,0.0287065666306318,0.2588325737058932,"{""accuracy"": 0.9937499999844727, ""binary_crossentropy"": 0.02127637210736566, ""binary_roc_auc"": 0.9998532347070564, ""f1"": 0.993485336987236, ""precision"": 0.9902597402275889, ""recall"": 0.9967320261112179}","{""accuracy"": 0.0047393364928910294, ""binary_crossentropy"": 0.258832573705895, ""binary_roc_auc"": 1.957196120829502e-05, ""f1"": 0.004848736478068436, ""precision"": 0.012912740853391946, ""recall"": -0.0032679738562091318}",2.780578374862671,3.643602132797241,15.829230070114136,368.83984375,308,ok,,upstream-1.x,{}
3,kr-vs-kp,openml_task,amlb,classification,featuretools,1,4500,2556,640,36,565,529,0.023441368201014258,binary_crossentropy,False,0.0364742156746022,0.3573167299842173,"{""accuracy"": 0.9953124999844483, ""binary_crossentropy"": 0.023441368201014258, ""binary_roc_auc"": 0.9991291925952018, ""f1"": 0.9950900113340531, ""precision"": 0.9967213114427305, ""recall"": 0.9934640522551156}","{""accuracy"": 0.0015723270440251686, ""binary_crossentropy"": 0.35731672998421743, ""binary_roc_auc"": 0.0011372660516279936, ""f1"": 0.0016582673080841833, ""precision"": 1.0820754314437567e-05, ""recall"": 0.003300330033003394}",3.1477341651916504,3.071439266204834,15.250797033309937,367.6640625,688,ok,,upstream-1.x,{}
15,breast-w,openml_task,amlb,classification,featuretools,1,4500,559,140,9,396,387,0.19764630399897995,binary_crossentropy,False,0.1627185420898188,-0.2146513941225051,"{""accuracy"": 0.9428571427897958, ""binary_crossentropy"": 0.19764630399897995, ""binary_roc_auc"": 0.987998188405797, ""f1"": 0.9166666614756944, ""precision"": 0.9166666664756944, ""recall"": 0.9166666664756944}","{""accuracy"": 0.0, ""binary_crossentropy"": -0.21465139412250492, ""binary_roc_auc"": 0.005299539170506838, ""f1"": -0.0018518518684414718, ""precision"": 0.018518518510030797, ""recall"": -0.022222222222222233}",2.0048346519470215,1.5445575714111328,16.112874507904053,359.4921875,289,ok,,upstream-1.x,{}
3,kr-vs-kp,openml_task,amlb,classification,autofeat,2,4500,2556,640,36,,,,,,,,,,,,16.020156145095825,,,autofeat_internal_nan,"_AutofeatInternalNaNError: Input X contains NaN.
LogisticRegressionCV does not accept missing values encoded as NaN natively. For supervised learning, you might want to consider sklearn.ensemble.HistGradientBoostingClassifier and Regressor which accept missing values encoded as NaNs natively. Alternatively, it is possible to preprocess the data, for instance by using an imputer transformer in a pipeline or drop samples with",upstream-2.1.x,
3,kr-vs-kp,openml_task,amlb,classification,featuretools,3,4500,2556,640,36,565,529,0.02573440590258542,binary_crossentropy,False,0.0310860490636855,0.17215578442073004,"{""accuracy"": 0.9890624999845459, ""binary_crossentropy"": 0.02573440590258542, ""binary_roc_auc"": 0.9997260381198387, ""f1"": 0.9885807453755898, ""precision"": 0.986970684006939, ""recall"": 0.9901960783990131}","{""accuracy"": -0.007836990595611342, ""binary_crossentropy"": 0.17215578442073143, ""binary_roc_auc"": -8.807554924894954e-05, ""f1"": -0.008167339269838132, ""precision"": -0.013029315960594806, ""recall"": -0.0032894736842106194}",2.293081045150757,3.801922559738159,17.0737087726593,365.6171875,527,ok,,upstream-1.x,{}
29,credit-approval,openml_task,amlb,classification,openfe,0,4500,552,138,15,256,241,0.41894929761579935,binary_crossentropy,False,0.2325518794924668,-0.8015304736738137,"{""accuracy"": 0.7898550724065322, ""binary_crossentropy"": 0.41894929761579935, ""binary_roc_auc"": 0.953800298062593, ""f1"": 0.841530049678402, ""precision"": 0.726415094271093, ""recall"": 0.99999999987013}","{""accuracy"": -0.14173228346456698, ""binary_crossentropy"": -0.8015304736738132, ""binary_roc_auc"": -0.023113824683820432, ""f1"": -0.09328099780819372, ""precision"": -0.22242891307229282, ""recall"": 0.08450704225352122}",11.241834878921509,2.480386734008789,18.433534145355225,346.75,65,ok,,upstream-0.0.12,{}
3,kr-vs-kp,openml_task,amlb,classification,featuretools,0,4500,2556,640,36,565,529,0.019122071794075168,binary_crossentropy,False,0.0225950405465887,0.15370491348987056,"{""accuracy"": 0.9937499999844727, ""binary_crossentropy"": 0.019122071794075168, ""binary_roc_auc"": 0.999794528589879, ""f1"": 0.9934210475991171, ""precision"": 0.9999999999668874, ""recall"": 0.9869281045429108}","{""accuracy"": 0.0031545741324921365, ""binary_crossentropy"": 0.1537049134898729, ""binary_roc_auc"": -0.00018590634234161922, ""f1"": 0.003355263174669621, ""precision"": 2.207123373028382e-13, ""recall"": 0.006666666666666629}",2.763967752456665,3.6420445442199707,18.624040126800537,370.89453125,1446,ok,,upstream-1.x,{}
29,credit-approval,openml_task,amlb,classification,openfe,4,4500,552,138,15,275,260,0.4080021403581444,binary_crossentropy,False,0.345916809836416,-0.17948052467033498,"{""accuracy"": 0.8333333332729468, ""binary_crossentropy"": 0.4080021403581444, ""binary_roc_auc"": 0.9210134128166916, ""f1"": 0.863905320380939, ""precision"": 0.7934782607833176, ""recall"": 0.9480519479288245}","{""accuracy"": 0.0, ""binary_crossentropy"": -0.1794805246703348, ""binary_roc_auc"": -0.008934707903779949, ""f1"": 0.014434283806647588, ""precision"": -0.0622529644085825, ""recall"": 0.10606060606060615}",13.606899976730347,2.6179161071777344,21.370110750198364,350.08203125,126,ok,,upstream-0.0.12,{}
29,credit-approval,openml_task,amlb,classification,openfe,1,4500,552,138,15,266,251,0.34280746400464274,binary_crossentropy,False,0.313900442658991,-0.0920897756651309,"{""accuracy"": 0.8550724637061541, ""binary_crossentropy"": 0.34280746400464274, ""binary_roc_auc"": 0.9223972748562912, ""f1"": 0.8684210475181788, ""precision"": 0.8799999998826668, ""recall"": 0.8571428570315399}","{""accuracy"": -0.008403361344537811, ""binary_crossentropy"": -0.0920897756651307, ""binary_roc_auc"": -0.014332840404959815, ""f1"": -0.006578947406437498, ""precision"": -0.013333333331555588, ""recall"": 0.0}",13.169958591461182,2.5558502674102783,20.81255578994751,352.12109375,50,ok,,upstream-0.0.12,{}
31,credit-g,openml_task,amlb,classification,featuretools,3,4500,800,200,20,216,196,0.4910595394577831,binary_crossentropy,False,0.5091846006270498,0.03559624770062988,"{""accuracy"": 0.7699999999614999, ""binary_crossentropy"": 0.4910595394577831, ""binary_roc_auc"": 0.7929761904761905, ""f1"": 0.5208333285373264, ""precision"": 0.6944444442515432, ""recall"": 0.41666666659722223}","{""accuracy"": 0.019867549668874104, ""binary_crossentropy"": 0.03559624770062988, ""binary_roc_auc"": 0.02777349174510111, ""f1"": -0.006558641713954305, ""precision"": 0.10596707813928888, ""recall"": -0.07407407407407406}",1.1974384784698486,1.4070634841918945,12.905476331710815,358.1328125,80,ok,,upstream-1.x,{}
37,diabetes,openml_task,amlb,classification,featuretools,0,4500,614,154,8,294,286,0.4491410129885008,binary_crossentropy,False,0.4571434679356488,0.017505346807830818,"{""accuracy"": 0.8051948051425197, ""binary_crossentropy"": 0.4491410129885008, ""binary_roc_auc"": 0.8616666666666667, ""f1"": 0.6938775459308621, ""precision"": 0.7727272725516529, ""recall"": 0.6296296295130316}","{""accuracy"": 0.008130081300812934, ""binary_crossentropy"": 0.017505346807830818, ""binary_roc_auc"": 0.01262241566920563, ""f1"": 0.01978973420316142, ""precision"": 0.006887052346919585, ""recall"": 0.03030303030303042}",1.013582706451416,0.5613768100738525,9.992612838745117,360.21875,46,ok,,upstream-1.x,{}
29,credit-approval,openml_task,amlb,classification,openfe,2,4500,552,138,15,289,274,0.34332114192184765,binary_crossentropy,False,0.315853757041412,-0.08696234972071068,"{""accuracy"": 0.8695652173282923, ""binary_crossentropy"": 0.34332114192184765, ""binary_roc_auc"": 0.9352778369171811, ""f1"": 0.8915662599789521, ""precision"": 0.8314606740638809, ""recall"": 0.9610389609141509}","{""accuracy"": 0.0, ""binary_crossentropy"": -0.08696234972071068, ""binary_roc_auc"": 0.0022815423226099896, ""f1"": 0.006196213492080562, ""precision"": -0.037881219893014864, ""recall"": 0.05714285714285717}",17.21747326850891,3.8222639560699463,30.37389898300171,351.56640625,168,ok,,upstream-0.0.12,{}
15,breast-w,openml_task,amlb,classification,openfe,1,4500,559,140,9,488,479,0.19472613587609625,binary_crossentropy,False,0.1627185420898188,-0.19670526404181768,"{""accuracy"": 0.9428571427897958, ""binary_crossentropy"": 0.19472613587609625, ""binary_roc_auc"": 0.9870923913043478, ""f1"": 0.9183673417534362, ""precision"": 0.89999999982, ""recall"": 0.9374999998046875}","{""accuracy"": 0.0, ""binary_crossentropy"": -0.19670526404181748, ""binary_roc_auc"": 0.0043778801843317745, ""f1"": 0.0, ""precision"": 0.0, ""recall"": 0.0}",20.78537607192993,5.074853897094727,32.58535695075989,352.89453125,199,ok,,upstream-0.0.12,{}
37,diabetes,openml_task,amlb,classification,featuretools,1,4500,614,154,8,294,286,0.5529618419210922,binary_crossentropy,False,0.4864241839205096,-0.13678937067704683,"{""accuracy"": 0.7207792207324168, ""binary_crossentropy"": 0.5529618419210922, ""binary_roc_auc"": 0.7907407407407407, ""f1"": 0.547368416031025, ""precision"": 0.6341463413087448, ""recall"": 0.4814814813923182}","{""accuracy"": -0.04310344827586212, ""binary_crossentropy"": -0.13678937067704683, ""binary_roc_auc"": -0.046874999999999965, ""f1"": -0.15548872288094057, ""precision"": -0.02160278751389476, ""recall"": -0.2571428571428572}",1.1950795650482178,0.5810112953186035,10.768874883651733,359.8125,74,ok,,upstream-1.x,{}
37,diabetes,openml_task,amlb,classification,featuretools,2,4500,614,154,8,294,286,0.5275453774669727,binary_crossentropy,False,0.5173654703834614,-0.01967643313336354,"{""accuracy"": 0.7532467531978411, ""binary_crossentropy"": 0.5275453774669727, ""binary_roc_auc"": 0.7898148148148149, ""f1"": 0.5777777728493828, ""precision"": 0.7222222220216049, ""recall"": 0.4814814813923182}","{""accuracy"": -0.01694915254237287, ""binary_crossentropy"": -0.01967643313336354, ""binary_roc_auc"": -0.00466744457409562, ""f1"": -0.02222222249420698, ""precision"": -0.05555555554012352, ""recall"": 0.0}",1.3429083824157715,0.7877631187438965,10.852848052978516,357.84765625,32,ok,,upstream-1.x,{}
15,breast-w,openml_task,amlb,classification,openfe,2,4500,559,140,9,561,552,0.0595358387941295,binary_crossentropy,False,0.0963734303584455,0.3822380445243518,"{""accuracy"": 0.9857142856438775, ""binary_crossentropy"": 0.0595358387941295, ""binary_roc_auc"": 0.9981884057971016, ""f1"": 0.9787233990493436, ""precision"": 0.9999999997826087, ""recall"": 0.9583333331336805}","{""accuracy"": 0.014705882352941242, ""binary_crossentropy"": 0.38223804452435195, ""binary_roc_auc"": 0.001818181818181826, ""f1"": 0.023210831839787522, ""precision"": 9.881429010619522e-12, ""recall"": 0.04545454545454548}",24.188082456588745,5.921264886856079,34.57082200050354,362.60546875,216,ok,,upstream-0.0.12,{}
31,credit-g,openml_task,amlb,classification,openfe,0,4500,800,200,20,412,392,0.5174151427950711,binary_crossentropy,False,0.5007967171864585,-0.0331839747312584,"{""accuracy"": 0.7499999999625, ""binary_crossentropy"": 0.5174151427950711, ""binary_roc_auc"": 0.7742857142857144, ""f1"": 0.5098039166243753, ""precision"": 0.6190476189002267, ""recall"": 0.4333333332611111}","{""accuracy"": -0.019607843137254832, ""binary_crossentropy"": -0.0331839747312584, ""binary_roc_auc"": -0.00853658536585357, ""f1"": 0.008986927824794922, ""precision"": -0.09722222217923279, ""recall"": 0.08333333333333331}",24.179974794387817,5.2955451011657715,34.68658375740051,362.1171875,102,ok,,upstream-0.0.12,{}
37,diabetes,openml_task,amlb,classification,featuretools,3,4500,614,154,8,294,286,0.5237560480736293,binary_crossentropy,False,0.5026635957954378,-0.04196136830799094,"{""accuracy"": 0.7272727272255017, ""binary_crossentropy"": 0.5237560480736293, ""binary_roc_auc"": 0.8011111111111111, ""f1"": 0.5227272678667356, ""precision"": 0.6764705880363322, ""recall"": 0.42592592584705075}","{""accuracy"": -0.034482758620689634, ""binary_crossentropy"": -0.04196136830799094, ""binary_roc_auc"": -0.01097393689986276, ""f1"": -0.13479623906086308, ""precision"": -0.02028397571411528, ""recall"": -0.20689655172413798}",0.9969162940979004,0.5804555416107178,8.132178544998169,359.74609375,39,ok,,upstream-1.x,{}
29,credit-approval,openml_task,amlb,classification,openfe,3,4500,552,138,15,266,251,0.26198238096591353,binary_crossentropy,False,0.2576229821728623,-0.016921622272527456,"{""accuracy"": 0.8840579709504305, ""binary_crossentropy"": 0.26198238096591353, ""binary_roc_auc"": 0.9644453906748989, ""f1"": 0.8918918867795836, ""precision"": 0.9295774646578061, ""recall"": 0.8571428570315399}","{""accuracy"": 0.0, ""binary_crossentropy"": -0.016921622272527238, ""binary_roc_auc"": 0.0026560424966800447, ""f1"": 0.0033783783831745464, ""precision"": -0.026848591541112844, ""recall"": 0.031249999999999944}",16.880510330200195,3.299957275390625,34.0038161277771,351.60546875,53,ok,,upstream-0.0.12,{}
37,diabetes,openml_task,amlb,classification,openfe,0,4500,614,154,8,330,322,0.49341007597841224,binary_crossentropy,False,0.4571434679356488,-0.07933309909585894,"{""accuracy"": 0.7727272726770956, ""binary_crossentropy"": 0.49341007597841224, ""binary_roc_auc"": 0.8287037037037037, ""f1"": 0.6464646413753699, ""precision"": 0.7111111109530864, ""recall"": 0.5925925924828532}","{""accuracy"": -0.032520325203252015, ""binary_crossentropy"": -0.07933309909585894, ""binary_roc_auc"": -0.02611534276387381, ""f1"": -0.04989286846642123, ""precision"": -0.0734006733910961, ""recall"": -0.030303030303030238}",12.42087984085083,3.755603313446045,23.229639291763306,353.73046875,44,ok,,upstream-0.0.12,{}
15,breast-w,openml_task,amlb,classification,openfe,3,4500,559,140,9,564,555,0.19517459361813963,binary_crossentropy,False,0.1836929105188963,-0.06250476987277209,"{""accuracy"": 0.9499999999321428, ""binary_crossentropy"": 0.19517459361813963, ""binary_roc_auc"": 0.9814311594202898, ""f1"": 0.9306930641348887, ""precision"": 0.8867924526628693, ""recall"": 0.9791666664626736}","{""accuracy"": 0.015267175572519033, ""binary_crossentropy"": -0.06250476987277176, ""binary_roc_auc"": 0.0023126734505087704, ""f1"": 0.02173913055381897, ""precision"": 0.02173913043478254, ""recall"": 0.02173913043478262}",32.222123861312866,6.575077772140503,45.870389223098755,361.1328125,90,ok,,upstream-0.0.12,{}
31,credit-g,openml_task,amlb,classification,openfe,2,4500,800,200,20,454,434,0.5548762921243906,binary_crossentropy,False,0.4985714282095432,-0.11293239188825556,"{""accuracy"": 0.74499999996275, ""binary_crossentropy"": 0.5548762921243906, ""binary_roc_auc"": 0.728452380952381, ""f1"": 0.3544303760038455, ""precision"": 0.7368421048753462, ""recall"": 0.23333333329444444}","{""accuracy"": -0.026143790849673113, ""binary_crossentropy"": -0.11293239188825543, ""binary_roc_auc"": -0.08562462641960544, ""f1"": -0.2669735335660609, ""precision"": 0.038277511750188724, ""recall"": -0.3636363636363636}",32.5926558971405,7.021533250808716,46.63141632080078,360.72265625,24,ok,,upstream-0.0.12,{}
37,diabetes,openml_task,amlb,classification,openfe,1,4500,614,154,8,300,292,0.5326510261466073,binary_crossentropy,False,0.4864241839205096,-0.09503401301620311,"{""accuracy"": 0.7402597402116714, ""binary_crossentropy"": 0.5326510261466073, ""binary_roc_auc"": 0.8116666666666666, ""f1"": 0.5918367296251563, ""precision"": 0.6590909089411157, ""recall"": 0.5370370369375858}","{""accuracy"": -0.017241379310344817, ""binary_crossentropy"": -0.09503401301620311, ""binary_roc_auc"": -0.02165178571428571, ""f1"": -0.08688046707945482, ""precision"": 0.016883116840318717, ""recall"": -0.1714285714285714}",15.027965068817139,3.5492374897003174,27.369964838027954,348.43359375,76,ok,,upstream-0.0.12,{}
15,breast-w,openml_task,amlb,classification,openfe,0,4500,559,140,9,537,528,0.15817586462445823,binary_crossentropy,False,0.1265942708971644,-0.2494709555454395,"{""accuracy"": 0.9499999999321428, ""binary_crossentropy"": 0.15817586462445823, ""binary_roc_auc"": 0.9859601449275363, ""f1"": 0.9263157842792243, ""precision"": 0.9361702125667722, ""recall"": 0.9166666664756944}","{""accuracy"": -0.007462686567164212, ""binary_crossentropy"": -0.2494709555454395, ""binary_roc_auc"": -0.00252004581901486, ""f1"": -0.013272311291462157, ""precision"": 0.017576318210876393, ""recall"": -0.04347826086956524}",34.20647692680359,6.758056640625,47.025158643722534,350.140625,116,ok,,upstream-0.0.12,{}
37,diabetes,openml_task,amlb,classification,openfe,3,4500,614,154,8,319,311,0.5158449282942267,binary_crossentropy,False,0.5026635957954378,-0.02622297021118088,"{""accuracy"": 0.7467532467047563, ""binary_crossentropy"": 0.5158449282942267, ""binary_roc_auc"": 0.8090740740740741, ""f1"": 0.5979381392709108, ""precision"": 0.6744186044943212, ""recall"": 0.5370370369375858}","{""accuracy"": -0.008620689655172336, ""binary_crossentropy"": -0.02622297021118088, ""binary_roc_auc"": -0.0011431184270689946, ""f1"": -0.01030927845525756, ""precision"": -0.02325581394808013, ""recall"": 0.0}",12.79105806350708,3.226970672607422,23.965269088745117,352.91796875,49,ok,,upstream-0.0.12,{}
15,breast-w,openml_task,amlb,classification,openfe,4,4500,559,140,9,559,550,0.13967698008262752,binary_crossentropy,False,0.1749248612478758,0.20150298198779507,"{""accuracy"": 0.9499999999321428, ""binary_crossentropy"": 0.13967698008262752, ""binary_roc_auc"": 0.9916213768115942, ""f1"": 0.9278350463556169, ""precision"": 0.9183673467513536, ""recall"": 0.9374999998046875}","{""accuracy"": 0.0, ""binary_crossentropy"": 0.20150298198779507, ""binary_roc_auc"": 0.004127493694106846, ""f1"": 0.0016401124780300248, ""precision"": -0.01901669757960697, ""recall"": 0.02272727272727274}",28.233768224716187,6.137714624404907,53.662912130355835,361.203125,360,ok,,upstream-0.0.12,{}
37,diabetes,openml_task,amlb,classification,openfe,2,4500,614,154,8,337,329,0.5202910520087975,binary_crossentropy,False,0.5173654703834614,-0.005654767843644063,"{""accuracy"": 0.7727272726770956, ""binary_crossentropy"": 0.5202910520087975, ""binary_roc_auc"": 0.8031481481481482, ""f1"": 0.6067415681252367, ""precision"": 0.7714285712081632, ""recall"": 0.4999999999074074}","{""accuracy"": 0.008474576271186508, ""binary_crossentropy"": -0.005654767843644063, ""binary_roc_auc"": 0.012135355892648806, ""f1"": 0.02679343145401062, ""precision"": 0.008791208799685936, ""recall"": 0.03846153846153849}",11.766268253326416,3.4018614292144775,32.707680463790894,354.1015625,38,ok,,upstream-0.0.12,{}
31,credit-g,openml_task,amlb,classification,openfe,1,4500,800,200,20,436,416,0.5123251254484057,binary_crossentropy,False,0.4534580802544951,-0.1298180532164573,"{""accuracy"": 0.7649999999617499, ""binary_crossentropy"": 0.5123251254484057, ""binary_roc_auc"": 0.7907142857142858, ""f1"": 0.5346534604176063, ""precision"": 0.658536585205235, ""recall"": 0.449999999925}","{""accuracy"": -0.04374999999999999, ""binary_crossentropy"": -0.12981805321645717, ""binary_roc_auc"": -0.05800595660190029, ""f1"": -0.12040881600144455, ""precision"": -0.10778914241273442, ""recall"": -0.1290322580645162}",27.273589849472046,7.12070631980896,54.6509153842926,363.44140625,43,ok,,upstream-0.0.12,{}
37,diabetes,openml_task,amlb,classification,featuretools,4,4500,614,154,8,294,286,0.5394613323370357,binary_crossentropy,False,0.5272407561734125,-0.023178360209323134,"{""accuracy"": 0.6883116882669927, ""binary_crossentropy"": 0.5394613323370357, ""binary_roc_auc"": 0.7805555555555557, ""f1"": 0.5789473633333334, ""precision"": 0.5499999999083334, ""recall"": 0.6111111109979424}","{""accuracy"": -0.07826086956521741, ""binary_crossentropy"": -0.023178360209323134, ""binary_roc_auc"": -0.020223152022315158, ""f1"": -0.1159317220707265, ""precision"": -0.1229729729704954, ""recall"": -0.10810810810810818}",1.2886483669281006,0.5235228538513184,18.262064218521118,356.1953125,30,ok,,upstream-1.x,{}
31,credit-g,openml_task,amlb,classification,openfe,4,4500,800,200,20,443,423,0.605582587979734,binary_crossentropy,False,0.5135552299395204,-0.17919661348021185,"{""accuracy"": 0.6699999999665, ""binary_crossentropy"": 0.605582587979734, ""binary_roc_auc"": 0.6257142857142857, ""f1"": 0.3773584855820577, ""precision"": 0.4347826086011342, ""recall"": 0.33333333327777775}","{""accuracy"": -0.13548387096774203, ""binary_crossentropy"": -0.17919661348021185, ""binary_roc_auc"": -0.18054256314312447, ""f1"": -0.23670669266348734, ""precision"": -0.4268774702826946, ""recall"": -0.0909090909090909}",30.352912664413452,7.085448741912842,50.28299522399902,361.15234375,45,ok,,upstream-0.0.12,{}
31,credit-g,openml_task,amlb,classification,openfe,3,4500,800,200,20,477,457,0.5088461393769831,binary_crossentropy,False,0.5091846006270498,0.0006647122667298844,"{""accuracy"": 0.779999999961, ""binary_crossentropy"": 0.5088461393769831, ""binary_roc_auc"": 0.7670238095238094, ""f1"": 0.568627446024606, ""precision"": 0.6904761903117914, ""recall"": 0.4833333332527778}","{""accuracy"": 0.033112582781456984, ""binary_crossentropy"": 0.0006647122667298844, ""binary_roc_auc"": -0.005863292701743653, ""f1"": 0.08460421287522371, ""precision"": 0.09964726630784414, ""recall"": 0.07407407407407406}",34.120527505874634,6.94663405418396,53.47223424911499,366.9921875,139,ok,,upstream-0.0.12,{}
31,credit-g,openml_task,amlb,classification,featuretools,4,4500,800,200,20,216,196,0.5332354631274938,binary_crossentropy,False,0.5135552299395204,-0.03832155149172773,"{""accuracy"": 0.74499999996275, ""binary_crossentropy"": 0.5332354631274938, ""binary_roc_auc"": 0.7378571428571429, ""f1"": 0.3544303760038455, ""precision"": 0.7368421048753462, ""recall"": 0.23333333329444444}","{""accuracy"": -0.03870967741935484, ""binary_crossentropy"": -0.03832155149172773, ""binary_roc_auc"": -0.0336763330215154, ""f1"": -0.2830840056419759, ""precision"": -0.028708134147569984, ""recall"": -0.3636363636363636}",1.1971724033355713,1.1562306880950928,79.9616014957428,355.9296875,24,ok,,upstream-1.x,{}
15,breast-w,openml_task,amlb,classification,tabularaml,0,4500,559,140,9,23,14,0.09339504458143243,binary_crossentropy,False,0.1265942708971644,0.2622490423970332,"{""accuracy"": 0.9642857142168367, ""binary_crossentropy"": 0.09339504458143243, ""binary_roc_auc"": 0.9963768115942029, ""f1"": 0.9473684158537395, ""precision"": 0.9574468083069262, ""recall"": 0.9374999998046875}","{""accuracy"": 0.007462686567164212, ""binary_crossentropy"": 0.2622490423970332, ""binary_roc_auc"": 0.008018327605956466, ""f1"": 0.009153318118402233, ""precision"": 0.040703052715669076, ""recall"": -0.02173913043478262}",103.21126341819763,0.024043798446655273,107.28467917442322,346.19140625,72,ok,,0.2.0,"{""mode"": ""best"", ""elapsed_time"": 84.98223781585693, ""n_init_feats"": 9, ""n_added_feats"": 14, ""initial_metric"": null, ""final_metric"": 0.11303169627609347, ""pct_gain"": 0.3591056245859311}"
37,diabetes,openml_task,amlb,classification,openfe,4,4500,614,154,8,283,275,0.5442015197757003,binary_crossentropy,False,0.5272407561734125,-0.03216891600980355,"{""accuracy"": 0.7272727272255017, ""binary_crossentropy"": 0.5442015197757003, ""binary_roc_auc"": 0.7718518518518518, ""f1"": 0.6111111059979424, ""precision"": 0.6111111109979424, ""recall"": 0.6111111109979424}","{""accuracy"": -0.026086956521739188, ""binary_crossentropy"": -0.03216891600980355, ""binary_roc_auc"": -0.031148303114830484, ""f1"": -0.06681681734856867, ""precision"": -0.02552552554081862, ""recall"": -0.10810810810810818}",11.972280025482178,3.377887487411499,72.56957697868347,350.90234375,26,ok,,upstream-0.0.12,{}
3,kr-vs-kp,openml_task,amlb,classification,openfe,2,4500,2556,640,36,740,704,0.5808935049921274,binary_crossentropy,False,0.0287065666306318,-19.235561865217132,"{""accuracy"": 0.6921874999891846, ""binary_crossentropy"": 0.5808935049921274, ""binary_roc_auc"": 0.9709991781143595, ""f1"": 0.7564894884792683, ""precision"": 0.608349900584327, ""recall"": 0.9999999999673203}","{""accuracy"": -0.30015797788309634, ""binary_crossentropy"": -19.235561865217083, ""binary_roc_auc"": -0.028839284840537473, ""f1"": -0.23485785007907026, ""precision"": -0.37773359840203313, ""recall"": 0.0}",86.27319979667664,28.81806993484497,121.28265690803528,424.625,9,ok,,upstream-0.0.12,{}
3,kr-vs-kp,openml_task,amlb,classification,openfe,4,4500,2556,640,36,678,642,0.1945472446430358,binary_crossentropy,False,0.0219026212689641,-7.882372673754269,"{""accuracy"": 0.9078124999858154, ""binary_crossentropy"": 0.1945472446430358, ""binary_roc_auc"": 0.9811602285624829, ""f1"": 0.9099236591159025, ""precision"": 0.8538681948179407, ""recall"": 0.9738562091185015}","{""accuracy"": -0.08791208791208799, ""binary_crossentropy"": -7.882372673754254, ""binary_roc_auc"": -0.018762965282398632, ""f1"": -0.08560130187070296, ""precision"": -0.14053266945033935, ""recall"": -0.02295081967213113}",85.90928792953491,28.248069763183594,122.58691453933716,428.140625,85,ok,,upstream-0.0.12,{}
37,diabetes,openml_task,amlb,classification,tabularaml,3,4500,614,154,8,21,13,0.5092106813008522,binary_crossentropy,False,0.5026635957954378,-0.01302478548313008,"{""accuracy"": 0.7467532467047563, ""binary_crossentropy"": 0.5092106813008522, ""binary_roc_auc"": 0.8088888888888889, ""f1"": 0.5806451562955255, ""precision"": 0.6923076921301775, ""recall"": 0.4999999999074074}","{""accuracy"": -0.008620689655172336, ""binary_crossentropy"": -0.01302478548313008, ""binary_roc_auc"": -0.0013717421124827937, ""f1"": -0.038932147067449845, ""precision"": 0.0026525198755355506, ""recall"": -0.06896551724137936}",92.90404677391052,0.020354747772216797,95.90372347831726,346.890625,43,ok,,0.2.0,"{""mode"": ""best"", ""elapsed_time"": 88.10523676872253, ""n_init_feats"": 8, ""n_added_feats"": 13, ""initial_metric"": null, ""final_metric"": 0.5392501999844914, ""pct_gain"": 0.11813420279667941}"
3,kr-vs-kp,openml_task,amlb,classification,openfe,3,4500,2556,640,36,678,642,0.5927416901569813,binary_crossentropy,False,0.0310860490636855,-18.067771814380166,"{""accuracy"": 0.6546874999897705, ""binary_crossentropy"": 0.5927416901569813, ""binary_roc_auc"": 0.9287356659230559, ""f1"": 0.7346938728853174, ""precision"": 0.5806451612793047, ""recall"": 0.9999999999673203}","{""accuracy"": -0.3432601880877743, ""binary_crossentropy"": -18.067771814380137, ""binary_roc_auc"": -0.07109164750207952, ""f1"": -0.26288936723207124, ""precision"": -0.4193548387015951, ""recall"": 0.006578947368421015}",80.51745676994324,27.98063635826111,122.0131664276123,418.86328125,9,ok,,upstream-0.0.12,{}
3,kr-vs-kp,openml_task,amlb,classification,openfe,0,4500,2556,640,36,715,679,0.5405347156338394,binary_crossentropy,False,0.0225950405465887,-22.922715009929334,"{""accuracy"": 0.6687499999895508, ""binary_crossentropy"": 0.5405347156338394, ""binary_roc_auc"": 0.9825300379632891, ""f1"": 0.7427184419148837, ""precision"": 0.5907335907221866, ""recall"": 0.9999999999673203}","{""accuracy"": -0.32492113564668773, ""binary_crossentropy"": -22.922715009929263, ""binary_roc_auc"": -0.01745073481927946, ""f1"": -0.24985436985334616, ""precision"": -0.4092664092581223, ""recall"": 0.02}",80.10880088806152,29.118815422058105,122.66987252235413,421.453125,10,ok,,upstream-0.0.12,{}
3,kr-vs-kp,openml_task,amlb,classification,openfe,1,4500,2556,640,36,706,670,0.6189469570759684,binary_crossentropy,False,0.0364742156746022,-15.969438427347866,"{""accuracy"": 0.6812499999893554, ""binary_crossentropy"": 0.6189469570759684, ""binary_roc_auc"": 0.7255733630777661, ""f1"": 0.7499999952941176, ""precision"": 0.5999999999882353, ""recall"": 0.9999999999673203}","{""accuracy"": -0.3144654088050315, ""binary_crossentropy"": -15.969438427347862, ""binary_roc_auc"": -0.2729683624349258, ""f1"": -0.2450495058630594, ""precision"": -0.3980198019721996, ""recall"": 0.009900990099009958}",82.89790344238281,29.404205322265625,124.3386709690094,427.56640625,7,ok,,upstream-0.0.12,{}
49,tic-tac-toe,openml_task,amlb,classification,featuretools,0,4500,766,192,9,45,36,0.02350377182392549,binary_crossentropy,False,0.0263225803014014,0.1070870881653588,"{""accuracy"": 0.9947916666148545, ""binary_crossentropy"": 0.02350377182392549, ""binary_roc_auc"": 0.9998805970149254, ""f1"": 0.9960159311756958, ""precision"": 0.992063491984757, ""recall"": 0.9999999999200001}","{""accuracy"": 0.0, ""binary_crossentropy"": 0.10708708816535904, ""binary_roc_auc"": 0.0, ""f1"": 0.0, ""precision"": 0.0, ""recall"": 0.0}",0.5402560234069824,0.2657477855682373,10.515541315078735,361.4375,1775,ok,,upstream-1.x,{}
49,tic-tac-toe,openml_task,amlb,classification,openfe,1,4500,766,192,9,52,43,0.5004788427613676,binary_crossentropy,False,0.022896941321278,-20.857890787197647,"{""accuracy"": 0.791666666625434, ""binary_crossentropy"": 0.5004788427613676, ""binary_roc_auc"": 0.872955223880597, ""f1"": 0.8275862018553064, ""precision"": 0.8971962615983929, ""recall"": 0.76799999993856}","{""accuracy"": -0.20833333333333343, ""binary_crossentropy"": -20.857890787197586, ""binary_roc_auc"": -0.127044776119403, ""f1"": -0.1724137939405557, ""precision"": -0.10280373832983145, ""recall"": -0.23200000000000004}",7.137540578842163,1.0682847499847412,10.50964641571045,338.46484375,33,ok,,upstream-0.0.12,{}
49,tic-tac-toe,openml_task,amlb,classification,featuretools,1,4500,766,192,9,45,36,0.02140415669903935,binary_crossentropy,False,0.022896941321278,0.06519580940059506,"{""accuracy"": 0.9999999999479167, ""binary_crossentropy"": 0.02140415669903935, ""binary_roc_auc"": 1.0, ""f1"": 0.99999999492, ""precision"": 0.9999999999200001, ""recall"": 0.9999999999200001}","{""accuracy"": 0.0, ""binary_crossentropy"": 0.06519580940059762, ""binary_roc_auc"": 0.0, ""f1"": 0.0, ""precision"": 0.0, ""recall"": 0.0}",0.48182010650634766,0.2470858097076416,10.677429437637329,347.109375,407,ok,,upstream-1.x,{}
37,diabetes,openml_task,amlb,classification,autofeat,0,4500,614,154,8,16,8,0.4628996512816324,binary_crossentropy,False,0.4571434679356488,-0.012591634245540368,"{""accuracy"": 0.7792207791701804, ""binary_crossentropy"": 0.4628996512816324, ""binary_roc_auc"": 0.8688888888888888, ""f1"": 0.6304347776228735, ""precision"": 0.763157894536011, ""recall"": 0.5370370369375858}","{""accuracy"": -0.024390243902439077, ""binary_crossentropy"": -0.012591634245540368, ""binary_roc_auc"": 0.0211099020674645, ""f1"": -0.07345191082387488, ""precision"": -0.005582137191513531, ""recall"": -0.12121212121212113}",131.66892337799072,0.022928476333618164,138.8020248413086,536.08203125,23,ok,,upstream-2.1.x,{}
49,tic-tac-toe,openml_task,amlb,classification,openfe,2,4500,766,192,9,50,41,0.43421884075117606,binary_crossentropy,False,0.048641702952447,-7.926884019165122,"{""accuracy"": 0.7708333332931857, ""binary_crossentropy"": 0.43421884075117606, ""binary_roc_auc"": 0.8988656716417911, ""f1"": 0.8119658069197897, ""precision"": 0.8715596329475633, ""recall"": 0.7599999999392001}","{""accuracy"": -0.2210526315789474, ""binary_crossentropy"": -7.926884019165122, ""binary_roc_auc"": -0.100489903214243, ""f1"": -0.18153846243510852, ""precision"": -0.11449541285555094, ""recall"": -0.24}",5.365022659301758,1.0606932640075684,11.17767882347107,340.265625,31,ok,,upstream-0.0.12,{}
37,diabetes,openml_task,amlb,classification,autofeat,2,4500,614,154,8,15,7,0.5102391654214302,binary_crossentropy,False,0.5173654703834614,0.01377421836202031,"{""accuracy"": 0.759740259690926, ""binary_crossentropy"": 0.5102391654214302, ""binary_roc_auc"": 0.8048148148148148, ""f1"": 0.6021505326349866, ""precision"": 0.7179487177646285, ""recall"": 0.5185185184224965}","{""accuracy"": -0.008474576271186363, ""binary_crossentropy"": 0.01377421836202031, ""binary_roc_auc"": 0.014235705950991773, ""f1"": 0.019023986714091286, ""precision"": -0.061143984185505505, ""recall"": 0.07692307692307687}",140.54292058944702,0.01728987693786621,145.20338487625122,531.79296875,45,ok,,upstream-2.1.x,{}
37,diabetes,openml_task,amlb,classification,autofeat,3,4500,614,154,8,15,7,0.4895645773110839,binary_crossentropy,False,0.5026635957954378,0.026059214540144843,"{""accuracy"": 0.7727272726770956, ""binary_crossentropy"": 0.4895645773110839, ""binary_roc_auc"": 0.8266666666666667, ""f1"": 0.631578942329086, ""precision"": 0.7317073168947055, ""recall"": 0.5555555554526749}","{""accuracy"": 0.0258620689655173, ""binary_crossentropy"": 0.026059214540144843, ""binary_roc_auc"": 0.020576131687242864, ""f1"": 0.04537205120969178, ""precision"": 0.05971404541016213, ""recall"": 0.03448275862068958}",133.98025941848755,0.019008636474609375,142.61201930046082,530.4921875,49,ok,,upstream-2.1.x,{}
37,diabetes,openml_task,amlb,classification,autofeat,1,4500,614,154,8,15,7,0.5240076019658477,binary_crossentropy,False,0.4864241839205096,-0.07726469877056914,"{""accuracy"": 0.7077922077462472, ""binary_crossentropy"": 0.5240076019658477, ""binary_roc_auc"": 0.8022222222222222, ""f1"": 0.5360824691805719, ""precision"": 0.6046511626500811, ""recall"": 0.4814814813923182}","{""accuracy"": -0.060344827586206934, ""binary_crossentropy"": -0.07726469877056914, ""binary_roc_auc"": -0.03303571428571432, ""f1"": -0.17290132673061864, ""precision"": -0.06710963459568879, ""recall"": -0.2571428571428572}",148.40464282035828,0.02176690101623535,151.00235724449158,532.21484375,70,ok,,upstream-2.1.x,{}
49,tic-tac-toe,openml_task,amlb,classification,featuretools,2,4500,766,192,9,45,36,0.02886520528742646,binary_crossentropy,False,0.048641702952447,0.40657494422747487,"{""accuracy"": 0.9947916666148545, ""binary_crossentropy"": 0.02886520528742646, ""binary_roc_auc"": 0.9998805970149254, ""f1"": 0.9960159311756958, ""precision"": 0.992063491984757, ""recall"": 0.9999999999200001}","{""accuracy"": 0.005263157894736808, ""binary_crossentropy"": 0.40657494422747487, ""binary_roc_auc"": 0.000597442944198813, ""f1"": 0.003984063764543396, ""precision"": 0.007936507935878086, ""recall"": 0.0}",0.6293764114379883,0.3100442886352539,10.941792011260986,351.94921875,933,ok,,upstream-1.x,{}
15,breast-w,openml_task,amlb,classification,tabularaml,1,4500,559,140,9,19,10,0.1909834725782275,binary_crossentropy,False,0.1627185420898188,-0.17370442314316442,"{""accuracy"": 0.9499999999321428, ""binary_crossentropy"": 0.1909834725782275, ""binary_roc_auc"": 0.9825634057971014, ""f1"": 0.9278350463556169, ""precision"": 0.9183673467513536, ""recall"": 0.9374999998046875}","{""accuracy"": 0.00757575757575761, ""binary_crossentropy"": -0.17370442314316423, ""binary_roc_auc"": -0.0002304147465437657, ""f1"": 0.010309278402805629, ""precision"": 0.02040816326114114, ""recall"": 0.0}",171.5205271244049,0.03584170341491699,182.42264938354492,347.05078125,138,ok,,0.2.0,"{""mode"": ""best"", ""elapsed_time"": 149.92978620529175, ""n_init_feats"": 9, ""n_added_feats"": 10, ""initial_metric"": null, ""final_metric"": 0.06990165891053116, ""pct_gain"": 0.47556659000903667}"
49,tic-tac-toe,openml_task,amlb,classification,openfe,3,4500,766,192,9,51,42,0.5826950448875626,binary_crossentropy,False,0.0301141018863215,-18.34957406623625,"{""accuracy"": 0.7291666666286892, ""binary_crossentropy"": 0.5826950448875626, ""binary_roc_auc"": 0.8422089552238806, ""f1"": 0.7968749949404907, ""precision"": 0.7786259541390361, ""recall"": 0.81599999993472}","{""accuracy"": -0.2631578947368421, ""binary_crossentropy"": -18.34957406623625, ""binary_roc_auc"": -0.15779104477611938, ""f1"": -0.19675000098811046, ""precision"": -0.20891603053244928, ""recall"": -0.18400000000000002}",6.434913635253906,1.1130964756011963,10.349837303161621,337.6484375,21,ok,,upstream-0.0.12,{}
49,tic-tac-toe,openml_task,amlb,classification,featuretools,3,4500,766,192,9,45,36,0.01837417534738961,binary_crossentropy,False,0.0301141018863215,0.38984813770137466,"{""accuracy"": 0.9947916666148545, ""binary_crossentropy"": 0.01837417534738961, ""binary_roc_auc"": 1.0, ""f1"": 0.9960159311756958, ""precision"": 0.992063491984757, ""recall"": 0.9999999999200001}","{""accuracy"": 0.005263157894736808, ""binary_crossentropy"": 0.3898481377013747, ""binary_roc_auc"": 0.0, ""f1"": 0.003984063764543396, ""precision"": 0.007936507935878086, ""recall"": 0.0}",0.5020124912261963,0.2487342357635498,10.675185441970825,358.4296875,1132,ok,,upstream-1.x,{}
15,breast-w,openml_task,amlb,classification,autofeat,0,4500,559,140,9,11,2,0.12741708435517338,binary_crossentropy,False,0.1265942708971644,-0.006499610544598507,"{""accuracy"": 0.9499999999321428, ""binary_crossentropy"": 0.12741708435517338, ""binary_roc_auc"": 0.9882246376811593, ""f1"": 0.9278350463556169, ""precision"": 0.9183673467513536, ""recall"": 0.9374999998046875}","{""accuracy"": -0.007462686567164212, ""binary_crossentropy"": -0.006499610544598507, ""binary_roc_auc"": -0.0002290950744559985, ""f1"": -0.011653966896793558, ""precision"": -0.0017746228967097494, ""recall"": -0.02173913043478262}",188.00160908699036,0.011232852935791016,197.70372223854065,523.43359375,89,ok,,upstream-2.1.x,{}
49,tic-tac-toe,openml_task,amlb,classification,openfe,0,4500,766,192,9,53,44,0.49049855877334875,binary_crossentropy,False,0.0263225803014014,-17.63413666734013,"{""accuracy"": 0.7760416666262479, ""binary_crossentropy"": 0.49049855877334875, ""binary_roc_auc"": 0.8580298507462687, ""f1"": 0.8170212715465823, ""precision"": 0.8727272726479339, ""recall"": 0.76799999993856}","{""accuracy"": -0.2198952879581151, ""binary_crossentropy"": -17.634136667340123, ""binary_roc_auc"": -0.14186768569381414, ""f1"": -0.17971063918408253, ""precision"": -0.1202909091010645, ""recall"": -0.23200000000000004}",6.570258855819702,1.5215113162994385,73.68206357955933,338.21875,29,ok,,upstream-0.0.12,{}
37,diabetes,openml_task,amlb,classification,autofeat,4,4500,614,154,8,16,8,0.533201705519255,binary_crossentropy,False,0.5272407561734125,-0.011305934292913388,"{""accuracy"": 0.7142857142393321, ""binary_crossentropy"": 0.533201705519255, ""binary_roc_auc"": 0.7866666666666667, ""f1"": 0.5769230718195266, ""precision"": 0.59999999988, ""recall"": 0.5555555554526749}","{""accuracy"": -0.043478260869565265, ""binary_crossentropy"": -0.011305934292913388, ""binary_roc_auc"": -0.012552301255230136, ""f1"": -0.11902286994699314, ""precision"": -0.04324324327243245, ""recall"": -0.18918918918918926}",153.66275024414062,0.026014328002929688,163.81868600845337,532.20703125,22,ok,,upstream-2.1.x,{}
49,tic-tac-toe,openml_task,amlb,classification,openfe,4,4500,766,192,9,51,42,0.5968908338497082,binary_crossentropy,False,0.0245381810602604,-23.32498286583977,"{""accuracy"": 0.7291666666286892, ""binary_crossentropy"": 0.5968908338497082, ""binary_roc_auc"": 0.816, ""f1"": 0.7570093408651412, ""precision"": 0.910112359448302, ""recall"": 0.64799999994816}","{""accuracy"": -0.2708333333333333, ""binary_crossentropy"": -23.324982865839733, ""binary_roc_auc"": -0.18400000000000005, ""f1"": -0.2429906552892514, ""precision"": -0.08988764047888906, ""recall"": -0.35200000000000004}",6.735291242599487,1.1755502223968506,10.802844047546387,338.6875,45,ok,,upstream-0.0.12,{}
49,tic-tac-toe,openml_task,amlb,classification,featuretools,4,4500,766,192,9,45,36,0.021621076375519504,binary_crossentropy,False,0.0245381810602604,0.118880233118222,"{""accuracy"": 0.9999999999479167, ""binary_crossentropy"": 0.021621076375519504, ""binary_roc_auc"": 1.0, ""f1"": 0.99999999492, ""precision"": 0.9999999999200001, ""recall"": 0.9999999999200001}","{""accuracy"": 0.0, ""binary_crossentropy"": 0.11888023311822336, ""binary_roc_auc"": 0.0, ""f1"": 0.0, ""precision"": 0.0, ""recall"": 0.0}",0.5725932121276855,0.29967761039733887,9.453045845031738,358.0234375,1969,ok,,upstream-1.x,{}
37,diabetes,openml_task,amlb,classification,tabularaml,2,4500,614,154,8,22,14,0.5025713537614067,binary_crossentropy,False,0.5173654703834614,0.02859509856946877,"{""accuracy"": 0.759740259690926, ""binary_crossentropy"": 0.5025713537614067, ""binary_roc_auc"": 0.8137037037037037, ""f1"": 0.5934065884506703, ""precision"": 0.7297297295325055, ""recall"": 0.4999999999074074}","{""accuracy"": -0.008474576271186363, ""binary_crossentropy"": 0.02859509856946877, ""binary_roc_auc"": 0.025437572928821484, ""f1"": 0.004226542587758844, ""precision"": -0.045738045715289125, ""recall"": 0.03846153846153849}",184.51416444778442,0.03107142448425293,189.23738288879395,351.10546875,38,ok,,0.2.0,"{""mode"": ""best"", ""elapsed_time"": 169.69622540473938, ""n_init_feats"": 8, ""n_added_feats"": 14, ""initial_metric"": null, ""final_metric"": 0.5413733356917299, ""pct_gain"": 0.12558829894366985}"
15,breast-w,openml_task,amlb,classification,autofeat,3,4500,559,140,9,15,6,0.20947685433285576,binary_crossentropy,False,0.1836929105188963,-0.14036439262203912,"{""accuracy"": 0.928571428505102, ""binary_crossentropy"": 0.20947685433285576, ""binary_roc_auc"": 0.9816576086956522, ""f1"": 0.8999999948280001, ""precision"": 0.8653846152181952, ""recall"": 0.9374999998046875}","{""accuracy"": -0.0076335877862595755, ""binary_crossentropy"": -0.14036439262203876, ""binary_roc_auc"": 0.0025439407955597493, ""f1"": -0.011956521811226856, ""precision"": -0.0029264214083002103, ""recall"": -0.02173913043478262}",207.4146008491516,0.01798391342163086,213.31084728240967,524.39453125,82,ok,,upstream-2.1.x,{}
15,breast-w,openml_task,amlb,classification,autofeat,2,4500,559,140,9,14,5,0.08995738321890323,binary_crossentropy,False,0.0963734303584455,0.06657485487108654,"{""accuracy"": 0.9642857142168367, ""binary_crossentropy"": 0.08995738321890323, ""binary_roc_auc"": 0.9959239130434783, ""f1"": 0.9462365539414961, ""precision"": 0.9777777775604938, ""recall"": 0.9166666664756944}","{""accuracy"": -0.007352941176470507, ""binary_crossentropy"": 0.0665748548710868, ""binary_roc_auc"": -0.0004545454545455401, ""f1"": -0.01075268823027375, ""precision"": -0.022222222217283972, ""recall"": 0.0}",218.20116019248962,0.023383617401123047,227.41255497932434,524.34375,167,ok,,upstream-2.1.x,{}
15,breast-w,openml_task,amlb,classification,autofeat,1,4500,559,140,9,14,5,0.16431740781491888,binary_crossentropy,False,0.1627185420898188,-0.00982595901220349,"{""accuracy"": 0.9499999999321428, ""binary_crossentropy"": 0.16431740781491888, ""binary_roc_auc"": 0.9821105072463768, ""f1"": 0.9292929241097847, ""precision"": 0.9019607841368704, ""recall"": 0.9583333331336805}","{""accuracy"": 0.00757575757575761, ""binary_crossentropy"": -0.009825959012203319, ""binary_roc_auc"": -0.0006912442396312972, ""f1"": 0.011896745299640521, ""precision"": 0.0021786492414028543, ""recall"": 0.022222222222222233}",234.08801412582397,0.023766279220581055,244.21134972572327,523.73828125,118,ok,,upstream-2.1.x,{}
15,breast-w,openml_task,amlb,classification,tabularaml,4,4500,559,140,9,18,9,0.21300717920296716,binary_crossentropy,False,0.1749248612478758,-0.21770672095104393,"{""accuracy"": 0.9428571427897958, ""binary_crossentropy"": 0.21300717920296716, ""binary_roc_auc"": 0.9821105072463768, ""f1"": 0.9166666614756944, ""precision"": 0.9166666664756944, ""recall"": 0.9166666664756944}","{""accuracy"": -0.007518796992481236, ""binary_crossentropy"": -0.21770672095104393, ""binary_roc_auc"": -0.005503324925475833, ""f1"": -0.010416666721314697, ""precision"": -0.020833333328993058, ""recall"": 0.0}",241.99304389953613,0.022308826446533203,246.2081220149994,346.078125,683,ok,,0.2.0,"{""mode"": ""best"", ""elapsed_time"": 233.30623507499695, ""n_init_feats"": 9, ""n_added_feats"": 9, ""initial_metric"": null, ""final_metric"": 0.11398912053938837, ""pct_gain"": 0.15904926495512756}"
15,breast-w,openml_task,amlb,classification,tabularaml,3,4500,559,140,9,17,8,0.1823169981229252,binary_crossentropy,False,0.1836929105188963,0.007490285782311438,"{""accuracy"": 0.935714285647449, ""binary_crossentropy"": 0.1823169981229252, ""binary_roc_auc"": 0.9816576086956522, ""f1"": 0.9090909039118457, ""precision"": 0.8823529410034602, ""recall"": 0.9374999998046875}","{""accuracy"": 0.0, ""binary_crossentropy"": 0.007490285782311738, ""binary_roc_auc"": 0.0025439407955597493, ""f1"": -0.0019762846082063187, ""precision"": 0.016624040913193847, ""recall"": -0.02173913043478262}",245.5647895336151,0.03433680534362793,248.631911277771,349.328125,82,ok,,0.2.0,"{""mode"": ""best"", ""elapsed_time"": 222.52410912513733, ""n_init_feats"": 9, ""n_added_feats"": 8, ""initial_metric"": null, ""final_metric"": 0.10820877112451088, ""pct_gain"": 0.13379043273641686}"
15,breast-w,openml_task,amlb,classification,autofeat,4,4500,559,140,9,18,9,0.13098726885592832,binary_crossentropy,False,0.1749248612478758,0.2511798041656645,"{""accuracy"": 0.9571428570744898, ""binary_crossentropy"": 0.13098726885592832, ""binary_roc_auc"": 0.9891304347826088, ""f1"": 0.9374999948046875, ""precision"": 0.9374999998046875, ""recall"": 0.9374999998046875}","{""accuracy"": 0.007518796992481236, ""binary_crossentropy"": 0.2511798041656645, ""binary_roc_auc"": 0.0016051364365971318, ""f1"": 0.012073863703149237, ""precision"": 0.001420454549893476, ""recall"": 0.02272727272727274}",248.68087148666382,0.022400617599487305,255.44930791854858,529.47265625,102,ok,,upstream-2.1.x,{}
29,credit-approval,openml_task,amlb,classification,autofeat,2,4500,552,138,15,26,11,0.318984455159069,binary_crossentropy,False,0.315853757041412,-0.009911859675129692,"{""accuracy"": 0.8695652173282923, ""binary_crossentropy"": 0.318984455159069, ""binary_roc_auc"": 0.9337875239514584, ""f1"": 0.8846153795027943, ""precision"": 0.8734177214084282, ""recall"": 0.896103895987519}","{""accuracy"": 0.0, ""binary_crossentropy"": -0.009911859675129692, ""binary_roc_auc"": 0.0006844626967829611, ""f1"": -0.0016483516619564386, ""precision"": 0.010669077754526591, ""recall"": -0.014285714285714261}",253.75211215019226,0.03128862380981445,257.6806540489197,537.00390625,77,ok,,upstream-2.1.x,{}
29,credit-approval,openml_task,amlb,classification,autofeat,3,4500,552,138,15,23,8,0.2858142207066218,binary_crossentropy,False,0.2576229821728623,-0.10942827497759312,"{""accuracy"": 0.8985507245725687, ""binary_crossentropy"": 0.2858142207066218, ""binary_roc_auc"": 0.961038961038961, ""f1"": 0.9041095839322576, ""precision"": 0.9565217389918085, ""recall"": 0.8571428570315399}","{""accuracy"": 0.016393442622950814, ""binary_crossentropy"": -0.10942827497759289, ""binary_roc_auc"": -0.0008853474988932328, ""f1"": 0.017123287758784023, ""precision"": 0.0013586956565059306, ""recall"": 0.031249999999999944}",266.3745765686035,0.028405427932739258,270.28503370285034,531.85546875,35,ok,,upstream-2.1.x,{}
29,credit-approval,openml_task,amlb,classification,autofeat,1,4500,552,138,15,18,3,0.3178434570630391,binary_crossentropy,False,0.313900442658991,-0.012561353436292173,"{""accuracy"": 0.8840579709504305, ""binary_crossentropy"": 0.3178434570630391, ""binary_roc_auc"": 0.931126250798382, ""f1"": 0.8947368369884005, ""precision"": 0.9066666665457779, ""recall"": 0.8831168830021927}","{""accuracy"": 0.025210084033613436, ""binary_crossentropy"": -0.012561353436291995, ""binary_roc_auc"": -0.005005118871573323, ""f1"": 0.023524721027267638, ""precision"": 0.016565656567488197, ""recall"": 0.03030303030303038}",261.29899644851685,0.019878625869750977,270.2654800415039,526.5390625,61,ok,,upstream-2.1.x,{}
37,diabetes,openml_task,amlb,classification,tabularaml,0,4500,614,154,8,20,12,0.5051089606259938,binary_crossentropy,False,0.4571434679356488,-0.1049243750697034,"{""accuracy"": 0.7662337661840107, ""binary_crossentropy"": 0.5051089606259938, ""binary_roc_auc"": 0.8144444444444445, ""f1"": 0.6170212715753737, ""precision"": 0.72499999981875, ""recall"": 0.5370370369375858}","{""accuracy"": -0.04065040650406508, ""binary_crossentropy"": -0.1049243750697034, ""binary_roc_auc"": -0.04287268770402607, ""f1"": -0.0931657001619655, ""precision"": -0.055303030319507604, ""recall"": -0.12121212121212113}",243.2436740398407,0.03280949592590332,253.18406462669373,356.3125,45,ok,,0.2.0,"{""mode"": ""best"", ""elapsed_time"": 226.47697401046753, ""n_init_feats"": 8, ""n_added_feats"": 12, ""initial_metric"": null, ""final_metric"": 0.603442808805202, ""pct_gain"": 0.07570425694531757}"
29,credit-approval,openml_task,amlb,classification,autofeat,0,4500,552,138,15,25,10,0.25506590109696425,binary_crossentropy,False,0.2325518794924668,-0.0968128989266103,"{""accuracy"": 0.913043478194707, ""binary_crossentropy"": 0.25506590109696425, ""binary_roc_auc"": 0.9648711943793911, ""f1"": 0.921052626458622, ""precision"": 0.933333333208889, ""recall"": 0.9090909089728454}","{""accuracy"": -0.007874015748031492, ""binary_crossentropy"": -0.09681289892661003, ""binary_roc_auc"": -0.011774967291757556, ""f1"": -0.007598220945456848, ""precision"": -0.0009389671379029741, ""recall"": -0.014084507042253497}",272.38871121406555,0.028476476669311523,278.10433173179626,535.7578125,78,ok,,upstream-2.1.x,{}
15,breast-w,openml_task,amlb,classification,tabularaml,2,4500,559,140,9,23,14,0.08755491011376892,binary_crossentropy,False,0.0963734303584455,0.09150364588951032,"{""accuracy"": 0.9642857142168367, ""binary_crossentropy"": 0.08755491011376892, ""binary_roc_auc"": 0.9966032608695653, ""f1"": 0.9473684158537395, ""precision"": 0.9574468083069262, ""recall"": 0.9374999998046875}","{""accuracy"": -0.007352941176470507, ""binary_crossentropy"": 0.09150364588951058, ""binary_roc_auc"": 0.00022727272727271434, ""f1"": -0.009569378042860918, ""precision"": -0.042553191475472235, ""recall"": 0.02272727272727274}",274.2546617984772,0.04037809371948242,285.024365901947,348.015625,153,ok,,0.2.0,"{""mode"": ""best"", ""elapsed_time"": 254.0209093093872, ""n_init_feats"": 9, ""n_added_feats"": 14, ""initial_metric"": null, ""final_metric"": 0.1394686020640254, ""pct_gain"": 0.29834023463979287}"
29,credit-approval,openml_task,amlb,classification,autofeat,4,4500,552,138,15,21,6,0.32139622621774755,binary_crossentropy,False,0.345916809836416,0.07088578213433518,"{""accuracy"": 0.8623188405172232, ""binary_crossentropy"": 0.32139622621774755, ""binary_roc_auc"": 0.9376197572918884, ""f1"": 0.8789808866095988, ""precision"": 0.8624999998921876, ""recall"": 0.896103895987519}","{""accuracy"": 0.03478260869565216, ""binary_crossentropy"": 0.07088578213433533, ""binary_roc_auc"": 0.008934707903780068, ""f1"": 0.03213665334803051, ""precision"": 0.019318181821448968, ""recall"": 0.045454545454545504}",240.7014560699463,0.024044513702392578,290.4232816696167,529.37890625,187,ok,,upstream-2.1.x,{}
43,spambase,openml_task,amlb,classification,openfe,1,4500,3680,921,57,2057,2000,0.12889068660986874,binary_crossentropy,False,0.1362854538311811,0.05425940196429449,"{""accuracy"": 0.958740499446702, ""binary_crossentropy"": 0.12889068660986874, ""binary_roc_auc"": 0.9879686404613091, ""f1"": 0.9472222171962578, ""precision"": 0.9551820728023759, ""recall"": 0.9393939393680607}","{""accuracy"": 0.009142857142857088, ""binary_crossentropy"": 0.054259401964295066, ""binary_roc_auc"": 0.0006100152503813363, ""f1"": 0.011678172317586675, ""precision"": 0.01452770457279522, ""recall"": 0.008875739644970347}",199.9318346977234,13.919230461120605,264.11729073524475,530.5625,194,ok,,upstream-0.0.12,{}
37,diabetes,openml_task,amlb,classification,tabularaml,1,4500,614,154,8,13,5,0.5343978081999178,binary_crossentropy,False,0.4864241839205096,-0.0986250804652589,"{""accuracy"": 0.7337662337185866, ""binary_crossentropy"": 0.5343978081999178, ""binary_roc_auc"": 0.8140740740740742, ""f1"": 0.5940594008469757, ""precision"": 0.6382978722046174, ""recall"": 0.5555555554526749}","{""accuracy"": -0.02586206896551715, ""binary_crossentropy"": -0.0986250804652589, ""binary_roc_auc"": -0.018749999999999854, ""f1"": -0.08345120288155836, ""precision"": -0.015197568416219434, ""recall"": -0.14285714285714288}",283.8259401321411,0.011502981185913086,286.7270448207855,355.32421875,103,ok,,0.2.0,"{""mode"": ""best"", ""elapsed_time"": 283.4929287433624, ""n_init_feats"": 8, ""n_added_feats"": 5, ""initial_metric"": null, ""final_metric"": 0.5849414336824377, ""pct_gain"": 0.09500703746521372}"
43,spambase,openml_task,amlb,classification,openfe,4,4500,3680,921,57,2057,2000,0.15352557099413686,binary_crossentropy,False,0.1504146624055279,-0.020682216340197918,"{""accuracy"": 0.9402823018356103, ""binary_crossentropy"": 0.15352557099413686, ""binary_roc_auc"": 0.9846756914205594, ""f1"": 0.92350486284683, ""precision"": 0.9325842696367251, ""recall"": 0.9146005509389917}","{""accuracy"": -0.006880733944954146, ""binary_crossentropy"": -0.020682216340197918, ""binary_roc_auc"": -6.517499486120683e-05, ""f1"": -0.008344923550700262, ""precision"": -0.016853932583796253, ""recall"": 0.0}",190.06343150138855,15.195165157318115,244.25570797920227,595.828125,128,ok,,upstream-0.0.12,{}
43,spambase,openml_task,amlb,classification,featuretools,3,4500,3680,921,57,15870,15813,0.12677089430738886,binary_crossentropy,False,0.1263414914333447,-0.0033987478632125406,"{""accuracy"": 0.9543973941264452, ""binary_crossentropy"": 0.12677089430738886, ""binary_roc_auc"": 0.9883092903620764, ""f1"": 0.942148755304624, ""precision"": 0.942148760304624, ""recall"": 0.942148760304624}","{""accuracy"": -0.0011363636363636586, ""binary_crossentropy"": -0.0033987478632120996, ""binary_roc_auc"": -0.00012486826398145628, ""f1"": -0.001377410475591616, ""precision"": -0.002754820936563217, ""recall"": 0.0}",26.779638051986694,31.470675468444824,284.97217297554016,1519.09375,172,ok,,upstream-1.x,{}
219,electricity,openml_task,amlb,classification,featuretools,0,4500,36249,9063,8,274,266,,binary_crossentropy,False,,0.0,"{""accuracy"": 0.9290521902229625, ""binary_crossentropy"": null, ""binary_roc_auc"": 0.9797061590685752, ""f1"": 0.9385453452802017, ""precision"": 0.9355945121933392, ""recall"": 0.9415148609761429}","{""accuracy"": -0.011040638947615646, ""binary_crossentropy"": null, ""binary_roc_auc"": -0.0052200443631666826, ""f1"": -0.009302686477135145, ""precision"": -0.012512188950318522, ""recall"": -0.006072874493927025}",1.6468851566314697,0.5985267162322998,136.65944004058838,601.28125,1592,ok,,upstream-1.x,{}
43,spambase,openml_task,amlb,classification,openfe,3,4500,3680,921,57,2057,2000,0.1288964104791648,binary_crossentropy,False,0.1263414914333447,-0.02022232773125082,"{""accuracy"": 0.9543973941264452, ""binary_crossentropy"": 0.1288964104791648, ""binary_roc_auc"": 0.9875588731893717, ""f1"": 0.9418282498217095, ""precision"": 0.947075208887268, ""recall"": 0.9366391184314975}","{""accuracy"": -0.0011363636363636586, ""binary_crossentropy"": -0.02022232773125037, ""binary_roc_auc"": -0.000884067308989043, ""f1"": -0.0017171275462800717, ""precision"": 0.0024597240545666025, ""recall"": -0.005847953216374342}",185.45820021629333,13.133995771408081,295.4536337852478,556.8984375,144,ok,,upstream-0.0.12,{}
43,spambase,openml_task,amlb,classification,featuretools,1,4500,3680,921,57,15849,15792,0.1307199725196884,binary_crossentropy,False,0.1362854538311811,0.0408369430121776,"{""accuracy"": 0.9543973941264452, ""binary_crossentropy"": 0.1307199725196884, ""binary_roc_auc"": 0.9875736840546224, ""f1"": 0.9416666616408564, ""precision"": 0.9495798319061742, ""recall"": 0.9338842974949343}","{""accuracy"": 0.004571428571428544, ""binary_crossentropy"": 0.04083694301217818, ""binary_roc_auc"": 0.00021000525013131104, ""f1"": 0.005744575967689495, ""precision"": 0.008577395455066182, ""recall"": 0.002958579881656782}",37.9521861076355,40.66301131248474,304.80551409721375,1517.1015625,118,ok,,upstream-1.x,{}
37,diabetes,openml_task,amlb,classification,tabularaml,4,4500,614,154,8,16,8,0.5374440544514687,binary_crossentropy,False,0.5272407561734125,-0.019352256362177536,"{""accuracy"": 0.6883116882669927, ""binary_crossentropy"": 0.5374440544514687, ""binary_roc_auc"": 0.7794444444444445, ""f1"": 0.555555550452675, ""precision"": 0.5555555554526749, ""recall"": 0.5555555554526749}","{""accuracy"": -0.07826086956521741, ""binary_crossentropy"": -0.019352256362177536, ""binary_roc_auc"": -0.02161785216178525, ""f1"": -0.15165165282916543, ""precision"": -0.1141141141280169, ""recall"": -0.18918918918918926}",328.9967551231384,0.03669142723083496,331.7184886932373,354.7265625,24,ok,,0.2.0,"{""mode"": ""best"", ""elapsed_time"": 311.8874583244324, ""n_init_feats"": 8, ""n_added_feats"": 8, ""initial_metric"": null, ""final_metric"": 0.5550880789776592, ""pct_gain"": 0.09223007334710233}"
3021,sick,openml_task,amlb,classification,featuretools,0,4500,3017,755,27,398,371,0.03347608722281482,binary_crossentropy,False,0.0366642645603812,0.08695598768429892,"{""accuracy"": 0.9854304635631068, ""binary_crossentropy"": 0.03347608722281482, ""binary_roc_auc"": 0.9973017722450481, ""f1"": 0.8764044891907589, ""precision"": 0.9069767439751216, ""recall"": 0.8478260867722117}","{""accuracy"": 0.002695417789757407, ""binary_crossentropy"": 0.0869559876843003, ""binary_roc_auc"": 0.0002767783005811904, ""f1"": 0.026315789627595093, ""precision"": 0.02631578947368412, ""recall"": 0.026315789473684206}",2.261878728866577,2.219937562942505,16.337982654571533,388.90234375,256,ok,,upstream-1.x,{}
43,spambase,openml_task,amlb,classification,openfe,0,4500,3680,921,57,2057,2000,0.1265344077144028,binary_crossentropy,False,0.1166924022625758,-0.08434144178196783,"{""accuracy"": 0.9554831704565094, ""binary_crossentropy"": 0.1265344077144028, ""binary_roc_auc"": 0.9885363902959211, ""f1"": 0.9442176820498868, ""precision"": 0.932795698899656, ""recall"": 0.9559228649874402}","{""accuracy"": -0.003397508493771185, ""binary_crossentropy"": -0.08434144178196783, ""binary_roc_auc"": -0.00117226276644027, ""f1"": -0.004081632674037846, ""precision"": -0.008064516128815464, ""recall"": 0.0}",205.43941044807434,14.649647951126099,340.30498456954956,563.42578125,191,ok,,upstream-0.0.12,{}
43,spambase,openml_task,amlb,classification,featuretools,0,4500,3680,921,57,15855,15798,0.12329061249316603,binary_crossentropy,False,0.1166924022625758,-0.05654361468832607,"{""accuracy"": 0.9565689467865737, ""binary_crossentropy"": 0.12329061249316603, ""binary_roc_auc"": 0.9890745184000317, ""f1"": 0.9447513761894097, ""precision"": 0.9473684210263886, ""recall"": 0.942148760304624}","{""accuracy"": -0.002265005662514085, ""binary_crossentropy"": -0.05654361468832607, ""binary_roc_auc"": -0.000628532376899775, ""f1"": -0.0035187160858510596, ""precision"": 0.007432124980435487, ""recall"": -0.014409221902017297}",29.84316849708557,34.8514199256897,341.60736203193665,1525.58203125,214,ok,,upstream-1.x,{}
3021,sick,openml_task,amlb,classification,featuretools,1,4500,3017,755,27,391,364,0.04635867041709913,binary_crossentropy,False,0.0437349498981227,-0.05999139189797149,"{""accuracy"": 0.9841059602518661, ""binary_crossentropy"": 0.04635867041709913, ""binary_roc_auc"": 0.9953394247869012, ""f1"": 0.8604651111032992, ""precision"": 0.92499999976875, ""recall"": 0.8043478259120983}","{""accuracy"": -0.0040214477211796724, ""binary_crossentropy"": -0.059991391897970314, ""binary_roc_auc"": 0.004797721855944217, ""f1"": -0.04273255836371338, ""precision"": -0.005625000017343687, ""recall"": -0.075}",2.0823700428009033,2.0518105030059814,10.49791669845581,387.6328125,148,ok,,upstream-1.x,{}
43,spambase,openml_task,amlb,classification,openfe,2,4500,3680,921,57,2057,2000,0.1292164352897713,binary_crossentropy,False,0.1270383647289758,-0.017144982662853088,"{""accuracy"": 0.9500542888061884, ""binary_crossentropy"": 0.1292164352897713, ""binary_roc_auc"": 0.9895139074024705, ""f1"": 0.9361111060854552, ""precision"": 0.9439775910099726, ""recall"": 0.9283746556218079}","{""accuracy"": 0.0, ""binary_crossentropy"": -0.017144982662852644, ""binary_roc_auc"": 0.000269493352497315, ""f1"": 0.0003814262038434078, ""precision"": -0.005301224967283323, ""recall"": 0.005970149253731418}",196.3669490814209,14.628243446350098,354.78323912620544,533.03515625,267,ok,,upstream-0.0.12,{}
219,electricity,openml_task,amlb,classification,openfe,2,4500,36249,9063,8,205,197,0.34743905706079126,binary_crossentropy,False,,0.0,"{""accuracy"": 0.8417742469371711, ""binary_crossentropy"": 0.34743905706079126, ""binary_roc_auc"": 0.9276026145992589, ""f1"": 0.8565713092704741, ""precision"": 0.8952540246688371, ""recall"": 0.8210930009571983}","{""accuracy"": -0.10098986566108885, ""binary_crossentropy"": null, ""binary_roc_auc"": -0.0561014127827139, ""f1"": -0.09321108326099206, ""precision"": -0.0532611370888883, ""recall"": -0.12985165616744565}",94.21544694900513,25.50540018081665,151.69997572898865,670.7578125,222,ok,,upstream-0.0.12,{}
219,electricity,openml_task,amlb,classification,openfe,0,4500,36249,9063,8,211,203,0.32729502566015406,binary_crossentropy,False,,0.0,"{""accuracy"": 0.8556769281685361, ""binary_crossentropy"": 0.32729502566015406, ""binary_roc_auc"": 0.936233936569507, ""f1"": 0.8703923850157742, ""precision"": 0.9005536190262445, ""recall"": 0.8421860019159306}","{""accuracy"": -0.08914728682170536, ""binary_crossentropy"": null, ""binary_roc_auc"": -0.049361132146233846, ""f1"": -0.08124268914417856, ""precision"": -0.049496645827561865, ""recall"": -0.11093117408906879}",121.03869223594666,26.9994957447052,220.17167115211487,587.23046875,351,ok,,upstream-0.0.12,{}
3021,sick,openml_task,amlb,classification,openfe,0,4500,3017,755,27,529,502,0.040762874423040524,binary_crossentropy,False,0.0366642645603812,-0.1117875924092096,"{""accuracy"": 0.9814569536293847, ""binary_crossentropy"": 0.040762874423040524, ""binary_roc_auc"": 0.9961366284417735, ""f1"": 0.8541666614973958, ""precision"": 0.819999999836, ""recall"": 0.8913043476323251}","{""accuracy"": -0.001347708894878647, ""binary_crossentropy"": -0.11178759240920791, ""binary_roc_auc"": -0.000891841190761725, ""f1"": 0.00027412282852351424, ""precision"": -0.0721052631276842, ""recall"": 0.07894736842105263}",51.085437059402466,17.474164247512817,79.720219373703,441.86328125,162,ok,,upstream-0.0.12,{}
219,electricity,openml_task,amlb,classification,featuretools,1,4500,36249,9063,8,276,268,,binary_crossentropy,False,,0.0,"{""accuracy"": 0.925631689285087, ""binary_crossentropy"": null, ""binary_roc_auc"": 0.9790729155662041, ""f1"": 0.9355763666289217, ""precision"": 0.9327234610235702, ""recall"": 0.9384467881094182}","{""accuracy"": -0.009212235738750336, ""binary_crossentropy"": null, ""binary_roc_auc"": -0.003479842592642272, ""f1"": -0.007905939632430012, ""precision"": -0.007905939590512844, ""recall"": -0.0079059395905128}",2.0468409061431885,0.8426113128662109,187.50640773773193,606.546875,1823,ok,,upstream-1.x,{}
219,electricity,openml_task,amlb,classification,featuretools,3,4500,36249,9063,8,276,268,,binary_crossentropy,False,,0.0,"{""accuracy"": 0.9259627055048814, ""binary_crossentropy"": null, ""binary_roc_auc"": 0.9790813621350533, ""f1"": 0.9358937563434544, ""precision"": 0.9325971058626569, ""recall"": 0.9392138063260993}","{""accuracy"": -0.007451212300413934, ""binary_crossentropy"": null, ""binary_roc_auc"": -0.002710935672280314, ""f1"": -0.006184474956122712, ""precision"": -0.009495296967669648, ""recall"": -0.0028501628664495036}",2.34560227394104,0.8326618671417236,147.30215716362,606.11328125,1827,ok,,upstream-1.x,{}
43,spambase,openml_task,amlb,classification,featuretools,2,4500,3680,921,57,15854,15797,0.12262472948203537,binary_crossentropy,False,0.1270383647289758,0.034742538258867764,"{""accuracy"": 0.9500542888061884, ""binary_crossentropy"": 0.12262472948203537, ""binary_roc_auc"": 0.9899779811803272, ""f1"": 0.9353932534026245, ""precision"": 0.9541547277663566, ""recall"": 0.9173553718755549}","{""accuracy"": 0.0, ""binary_crossentropy"": 0.03474253825886819, ""binary_roc_auc"": 0.0007386114105481427, ""f1"": -0.00038571189118196005, ""precision"": 0.005422743018105688, ""recall"": -0.005970149253731298}",33.088857650756836,39.79452180862427,388.3516802787781,1516.890625,179,ok,,upstream-1.x,{}
3021,sick,openml_task,amlb,classification,autofeat,3,4500,3017,755,27,,,,,,,,,,,,9.101866245269775,,,autofeat_internal_nan,"_AutofeatInternalNaNError: Input X contains NaN.
LogisticRegressionCV does not accept missing values encoded as NaN natively. For supervised learning, you might want to consider sklearn.ensemble.HistGradientBoostingClassifier and Regressor which accept missing values encoded as NaNs natively. Alternatively, it is possible to preprocess the data, for instance by using an imputer transformer in a pipeline or drop samples with",upstream-2.1.x,
3021,sick,openml_task,amlb,classification,openfe,1,4500,3017,755,27,517,490,0.04045003932181419,binary_crossentropy,False,0.0437349498981227,0.07510950816133254,"{""accuracy"": 0.9841059602518661, ""binary_crossentropy"": 0.04045003932181419, ""binary_roc_auc"": 0.9963819218740417, ""f1"": 0.8636363584504132, ""precision"": 0.9047619045464852, ""recall"": 0.826086956342155}","{""accuracy"": -0.0040214477211796724, ""binary_crossentropy"": 0.07510950816133356, ""binary_roc_auc"": 0.0058501253598288805, ""f1"": -0.03920454566965392, ""precision"": -0.027380952386337903, ""recall"": -0.049999999999999996}",45.57348155975342,15.696099281311035,70.82284116744995,448.34375,123,ok,,upstream-0.0.12,{}
3021,sick,openml_task,amlb,classification,featuretools,2,4500,3017,755,27,396,369,0.031081877364422385,binary_crossentropy,False,0.0319441262277194,0.026992407215972097,"{""accuracy"": 0.9854304635631068, ""binary_crossentropy"": 0.031081877364422385, ""binary_roc_auc"": 0.9983136076531551, ""f1"": 0.8735632132065002, ""precision"": 0.926829268066627, ""recall"": 0.826086956342155}","{""accuracy"": -0.0013422818791946844, ""binary_crossentropy"": 0.02699240721597421, ""binary_roc_auc"": 0.0023088289619505775, ""f1"": -0.008387698114636966, ""precision"": -0.04812129200540219, ""recall"": 0.02702702702702702}",1.8456103801727295,1.7868285179138184,13.15440034866333,368.28515625,110,ok,,upstream-1.x,{}
43,spambase,openml_task,amlb,classification,featuretools,4,4500,3680,921,57,15823,15766,0.15145580110192727,binary_crossentropy,False,0.1504146624055279,-0.006921789935560941,"{""accuracy"": 0.9402823018356103, ""binary_crossentropy"": 0.15145580110192727, ""binary_roc_auc"": 0.9853372434017594, ""f1"": 0.9232914873041828, ""precision"": 0.9350282485611574, ""recall"": 0.9118457300024285}","{""accuracy"": -0.006880733944954146, ""binary_crossentropy"": -0.006921789935560941, ""binary_roc_auc"": 0.0006066287983234104, ""f1"": -0.008574045181315146, ""precision"": -0.01427744877784525, ""recall"": -0.0030120481927710615}",34.205639600753784,38.64996147155762,342.417466878891,1772.12109375,127,ok,,upstream-1.x,{}
3021,sick,openml_task,amlb,classification,featuretools,3,4500,3017,755,27,375,348,0.0357156353338085,binary_crossentropy,False,0.0436809769528995,0.18235264352443176,"{""accuracy"": 0.9854304635631068, ""binary_crossentropy"": 0.0357156353338085, ""binary_roc_auc"": 0.9973937572821487, ""f1"": 0.8735632132065002, ""precision"": 0.926829268066627, ""recall"": 0.826086956342155}","{""accuracy"": -0.0013422818791946844, ""binary_crossentropy"": 0.1823526435244319, ""binary_roc_auc"": 0.003238341968911849, ""f1"": -0.014441497277012076, ""precision"": -0.0018761726136762014, ""recall"": -0.025641025641025637}",2.205254316329956,2.2027838230133057,10.845872402191162,365.625,128,ok,,upstream-1.x,{}
3021,sick,openml_task,amlb,classification,featuretools,4,4500,3017,755,27,398,371,0.044417298023221974,binary_crossentropy,False,0.0452863903164197,0.01919102598209542,"{""accuracy"": 0.9827814569406254, ""binary_crossentropy"": 0.044417298023221974, ""binary_roc_auc"": 0.9962286134788741, ""f1"": 0.8505747074646586, ""precision"": 0.9024390241701368, ""recall"": 0.8043478259120983}","{""accuracy"": -0.0026881720430107473, ""binary_crossentropy"": 0.019191025982096474, ""binary_roc_auc"": 0.0015721331689272234, ""f1"": -0.02631578962380988, ""precision"": -0.02631578947368428, ""recall"": -0.026315789473684206}",2.0870158672332764,1.9705896377563477,10.201066255569458,367.578125,103,ok,,upstream-1.x,{}
3021,sick,openml_task,amlb,classification,openfe,2,4500,3017,755,27,540,513,0.03407976043029744,binary_crossentropy,False,0.0319441262277194,-0.06685530189036275,"{""accuracy"": 0.9854304635631068, ""binary_crossentropy"": 0.03407976043029744, ""binary_roc_auc"": 0.9972711105660146, ""f1"": 0.8764044891907589, ""precision"": 0.9069767439751216, ""recall"": 0.8478260867722117}","{""accuracy"": -0.0013422818791946844, ""binary_crossentropy"": -0.06685530189036043, ""binary_roc_auc"": 0.0012621598325329615, ""f1"": -0.005162465897382058, ""precision"": -0.06851037080744896, ""recall"": 0.05405405405405404}",46.76644158363342,16.628777027130127,71.45553708076477,457.05859375,99,ok,,upstream-0.0.12,{}
219,electricity,openml_task,amlb,classification,openfe,3,4500,36249,9063,8,207,199,0.31335106033216326,binary_crossentropy,False,,0.0,"{""accuracy"": 0.8613042039050409, ""binary_crossentropy"": 0.31335106033216326, ""binary_roc_auc"": 0.9395157898513603, ""f1"": 0.8816495571880747, ""precision"": 0.8660747317779022, ""recall"": 0.8977948226253158}","{""accuracy"": -0.07675931401537556, ""binary_crossentropy"": null, ""binary_roc_auc"": -0.04301229783522594, ""f1"": -0.0637858072641939, ""precision"": -0.0801482337756563, ""recall"": -0.04682410423452766}",119.90663623809814,23.494199752807617,207.79074788093567,612.4296875,721,ok,,upstream-0.0.12,{}
219,electricity,openml_task,amlb,classification,openfe,4,4500,36249,9063,8,210,202,0.3190735007948556,binary_crossentropy,False,,0.0,"{""accuracy"": 0.8608628489453151, ""binary_crossentropy"": 0.3190735007948556, ""binary_roc_auc"": 0.9367862524741718, ""f1"": 0.8775846955135934, ""precision"": 0.8887141171826805, ""recall"": 0.8667305848497282}","{""accuracy"": -0.08092826010130764, ""binary_crossentropy"": null, ""binary_roc_auc"": -0.046303210385615245, ""f1"": -0.07143011584486351, ""precision"": -0.057495291512358354, ""recall"": -0.08502024291497975}",113.73126673698425,23.567031145095825,180.40977096557617,556.625,494,ok,,upstream-0.0.12,{}
3021,sick,openml_task,amlb,classification,openfe,3,4500,3017,755,27,491,464,0.03752899265104893,binary_crossentropy,False,0.0436809769528995,0.14083898142855547,"{""accuracy"": 0.9854304635631068, ""binary_crossentropy"": 0.03752899265104893, ""binary_roc_auc"": 0.9970258171337463, ""f1"": 0.8791208739282695, ""precision"": 0.888888888691358, ""recall"": 0.8695652172022684}","{""accuracy"": -0.0013422818791946844, ""binary_crossentropy"": 0.1408389814285556, ""binary_roc_auc"": 0.0028682457438934028, ""f1"": -0.008171315913165488, ""precision"": -0.04273504271984811, ""recall"": 0.025641025641025637}",48.36323857307434,14.770304679870605,71.83856344223022,439.71484375,159,ok,,upstream-0.0.12,{}
219,electricity,openml_task,amlb,classification,featuretools,2,4500,36249,9063,8,276,268,,binary_crossentropy,False,,0.0,"{""accuracy"": 0.9288315127430995, ""binary_crossentropy"": null, ""binary_roc_auc"": 0.9795373273561193, ""f1"": 0.9381769335585394, ""precision"": 0.9379072441530512, ""recall"": 0.9384467881094182}","{""accuracy"": -0.008013198208814508, ""binary_crossentropy"": null, ""binary_roc_auc"": -0.0032543193968094615, ""f1"": -0.006821223074093161, ""precision"": -0.008154989111591694, ""recall"": -0.005486689697215981}",2.448164463043213,1.1310787200927734,241.01961660385132,537.1953125,1725,ok,,upstream-1.x,{}
219,electricity,openml_task,amlb,classification,featuretools,4,4500,36249,9063,8,276,268,,binary_crossentropy,False,,0.0,"{""accuracy"": 0.9247489793656352, ""binary_crossentropy"": null, ""binary_roc_auc"": 0.9789154206939443, ""f1"": 0.9349112376018708, ""precision"": 0.9306479194358148, ""recall"": 0.9392138063260993}","{""accuracy"": -0.012722346566144502, ""binary_crossentropy"": null, ""binary_roc_auc"": -0.0034135411849784774, ""f1"": -0.010773063804122069, ""precision"": -0.013023390701712548, ""recall"": -0.008502024291497953}",2.323178291320801,0.984546422958374,187.61413407325745,607.828125,1948,ok,,upstream-1.x,{}
3021,sick,openml_task,amlb,classification,openfe,4,4500,3017,755,27,587,560,0.05161948865716113,binary_crossentropy,False,0.0452863903164197,-0.13984550979867366,"{""accuracy"": 0.9788079470069032, ""binary_crossentropy"": 0.05161948865716113, ""binary_roc_auc"": 0.9942969276997609, ""f1"": 0.826086951342155, ""precision"": 0.826086956342155, ""recall"": 0.826086956342155}","{""accuracy"": -0.006720430107526812, ""binary_crossentropy"": -0.1398455097986724, ""binary_roc_auc"": -0.0003699136868064646, ""f1"": -0.054347826404089125, ""precision"": -0.10869565215028357, ""recall"": 0.0}",52.2244029045105,17.811620950698853,87.71273303031921,455.8359375,179,ok,,upstream-0.0.12,{}
49,tic-tac-toe,openml_task,amlb,classification,autofeat,1,4500,766,192,9,24,15,0.03322088591266947,binary_crossentropy,False,0.022896941321278,-0.4508874983139118,"{""accuracy"": 0.9999999999479167, ""binary_crossentropy"": 0.03322088591266947, ""binary_roc_auc"": 1.0, ""f1"": 0.99999999492, ""precision"": 0.9999999999200001, ""recall"": 0.9999999999200001}","{""accuracy"": 0.0, ""binary_crossentropy"": -0.45088749831390784, ""binary_roc_auc"": 0.0, ""f1"": 0.0, ""precision"": 0.0, ""recall"": 0.0}",411.8651204109192,0.050087928771972656,419.54005193710327,544.01171875,620,ok,,upstream-2.1.x,{}
3902,pc4,openml_task,amlb,classification,featuretools,0,4500,1166,292,37,6530,6493,0.20826380984691825,binary_crossentropy,False,0.2086054276043472,0.001637626409591187,"{""accuracy"": 0.9041095890101332, ""binary_crossentropy"": 0.20826380984691825, ""binary_roc_auc"": 0.9346788194444444, ""f1"": 0.5172413744233056, ""precision"": 0.6818181815082645, ""recall"": 0.41666666655092593}","{""accuracy"": 0.003802281368821233, ""binary_crossentropy"": 0.0016376264095915856, ""binary_roc_auc"": 0.002910699732215678, ""f1"": 0.09416445676058365, ""precision"": -0.0034965034249841067, ""recall"": 0.1538461538461539}",13.278010129928589,18.0403254032135,70.56642603874207,542.72265625,43,ok,,upstream-1.x,{}
49,tic-tac-toe,openml_task,amlb,classification,autofeat,0,4500,766,192,9,34,25,0.014434176746362937,binary_crossentropy,False,0.0263225803014014,0.4516427880136633,"{""accuracy"": 0.9999999999479167, ""binary_crossentropy"": 0.014434176746362937, ""binary_roc_auc"": 1.0, ""f1"": 0.99999999492, ""precision"": 0.9999999999200001, ""recall"": 0.9999999999200001}","{""accuracy"": 0.005235602094240915, ""binary_crossentropy"": 0.4516427880136635, ""binary_roc_auc"": 0.00011941724385000873, ""f1"": 0.00400000001967989, ""precision"": 0.007999999999360007, ""recall"": 0.0}",435.36084032058716,0.04511833190917969,445.18708634376526,573.41015625,1999,ok,,upstream-2.1.x,{}
3902,pc4,openml_task,amlb,classification,featuretools,1,4500,1166,292,37,6517,6480,0.20998272824353117,binary_crossentropy,False,0.1927500172715143,-0.0894044587697353,"{""accuracy"": 0.9006849314760039, ""binary_crossentropy"": 0.20998272824353117, ""binary_roc_auc"": 0.9466145833333333, ""f1"": 0.5084745713415686, ""precision"": 0.6521739127599243, ""recall"": 0.41666666655092593}","{""accuracy"": -0.007547169811320758, ""binary_crossentropy"": -0.0894044587697353, ""binary_roc_auc"": -0.0026294729621584418, ""f1"": -0.08773679025889414, ""precision"": -0.0409207161458913, ""recall"": -0.11764705882352935}",10.784424066543579,15.254235982894897,85.19137835502625,512.23046875,81,ok,,upstream-1.x,{}
49,tic-tac-toe,openml_task,amlb,classification,autofeat,3,4500,766,192,9,47,38,0.01481833596502232,binary_crossentropy,False,0.0301141018863215,0.5079270163539846,"{""accuracy"": 0.9999999999479167, ""binary_crossentropy"": 0.01481833596502232, ""binary_roc_auc"": 1.0, ""f1"": 0.99999999492, ""precision"": 0.9999999999200001, ""recall"": 0.9999999999200001}","{""accuracy"": 0.010526315789473727, ""binary_crossentropy"": 0.5079270163539847, ""binary_roc_auc"": 0.0, ""f1"": 0.008000000039359864, ""precision"": 0.015999999998720038, ""recall"": 0.0}",438.8601586818695,0.11051583290100098,449.64735412597656,590.53125,1996,ok,,upstream-2.1.x,{}
49,tic-tac-toe,openml_task,amlb,classification,autofeat,4,4500,766,192,9,45,36,0.011877221797097567,binary_crossentropy,False,0.0245381810602604,0.5159697547291826,"{""accuracy"": 0.9999999999479167, ""binary_crossentropy"": 0.011877221797097567, ""binary_roc_auc"": 1.0, ""f1"": 0.99999999492, ""precision"": 0.9999999999200001, ""recall"": 0.9999999999200001}","{""accuracy"": 0.0, ""binary_crossentropy"": 0.5159697547291834, ""binary_roc_auc"": 0.0, ""f1"": 0.0, ""precision"": 0.0, ""recall"": 0.0}",457.5251591205597,0.06352686882019043,460.6466643810272,584.76171875,1995,ok,,upstream-2.1.x,{}
49,tic-tac-toe,openml_task,amlb,classification,autofeat,2,4500,766,192,9,46,37,0.01276765449802042,binary_crossentropy,False,0.048641702952447,0.7375162931589317,"{""accuracy"": 0.9999999999479167, ""binary_crossentropy"": 0.01276765449802042, ""binary_roc_auc"": 1.0, ""f1"": 0.99999999492, ""precision"": 0.9999999999200001, ""recall"": 0.9999999999200001}","{""accuracy"": 0.010526315789473727, ""binary_crossentropy"": 0.7375162931589317, ""binary_roc_auc"": 0.0007169315330385755, ""f1"": 0.008000000039359864, ""precision"": 0.015999999998720038, ""recall"": 0.0}",498.50286531448364,0.0989370346069336,508.7690134048462,585.76953125,1994,ok,,upstream-2.1.x,{}
29,credit-approval,openml_task,amlb,classification,tabularaml,0,4500,552,138,15,22,7,0.2595181213286908,binary_crossentropy,False,0.2325518794924668,-0.11595796127331456,"{""accuracy"": 0.9057971013836379, ""binary_crossentropy"": 0.2595181213286908, ""binary_roc_auc"": 0.9644453906748989, ""f1"": 0.9150326746191636, ""precision"": 0.9210526314577563, ""recall"": 0.9090909089728454}","{""accuracy"": -0.015748031496062985, ""binary_crossentropy"": -0.1159579612733143, ""binary_roc_auc"": -0.012211077191452238, ""f1"": -0.014084507118128151, ""precision"": -0.014084507042253584, ""recall"": -0.014084507042253497}",680.9625260829926,0.030750274658203125,683.9067747592926,348.92578125,68,ok,,0.2.0,"{""mode"": ""best"", ""elapsed_time"": 680.5871012210846, ""n_init_feats"": 15, ""n_added_feats"": 7, ""initial_metric"": null, ""final_metric"": 0.38095312498915995, ""pct_gain"": 0.19811668056790022}"
3902,pc4,openml_task,amlb,classification,featuretools,2,4500,1166,292,37,6514,6477,0.20536495363124493,binary_crossentropy,False,0.2061523639467227,0.0038195551115837154,"{""accuracy"": 0.9041095890101332, ""binary_crossentropy"": 0.20536495363124493, ""binary_roc_auc"": 0.9408637152777778, ""f1"": 0.5333333283555556, ""precision"": 0.6666666663888888, ""recall"": 0.4444444443209876}","{""accuracy"": -0.014925373134328365, ""binary_crossentropy"": 0.003819555111583984, ""binary_roc_auc"": 0.0009234676209164496, ""f1"": -0.09019607930119179, ""precision"": -0.13725490192810458, ""recall"": -0.05882352941176473}",16.42332148551941,23.094842195510864,137.65775156021118,537.046875,92,ok,,upstream-1.x,{}
31,credit-g,openml_task,amlb,classification,tabularaml,1,4500,800,200,20,28,8,0.4497474865615368,binary_crossentropy,False,0.4534580802544951,0.008182881405213428,"{""accuracy"": 0.7649999999617499, ""binary_crossentropy"": 0.4497474865615368, ""binary_roc_auc"": 0.8419047619047619, ""f1"": 0.5607476585203948, ""precision"": 0.6382978722046174, ""recall"": 0.49999999991666666}","{""accuracy"": -0.04374999999999999, ""binary_crossentropy"": 0.00818288140521355, ""binary_roc_auc"": 0.002978300950219896, ""f1"": -0.07747965103018062, ""precision"": -0.1352093342265513, ""recall"": -0.03225806451612913}",711.455855846405,0.049393415451049805,714.9345841407776,347.4609375,51,ok,,0.2.0,"{""mode"": ""best"", ""elapsed_time"": 710.777006149292, ""n_init_feats"": 20, ""n_added_feats"": 8, ""initial_metric"": null, ""final_metric"": 0.5556746644140047, ""pct_gain"": 0.10072762723124551}"
29,credit-approval,openml_task,amlb,classification,tabularaml,4,4500,552,138,15,22,7,0.31723721801519283,binary_crossentropy,False,0.345916809836416,0.0829089278280108,"{""accuracy"": 0.8695652173282923, ""binary_crossentropy"": 0.31723721801519283, ""binary_roc_auc"": 0.938684266553119, ""f1"": 0.8831168780021927, ""precision"": 0.8831168830021927, ""recall"": 0.8831168830021927}","{""accuracy"": 0.0434782608695652, ""binary_crossentropy"": 0.08290892782801094, ""binary_roc_auc"": 0.010080183276059576, ""f1"": 0.03699330993665571, ""precision"": 0.04368358913639694, ""recall"": 0.03030303030303038}",717.4891016483307,0.03188967704772949,721.9974927902222,347.859375,132,ok,,0.2.0,"{""mode"": ""best"", ""elapsed_time"": 717.0515220165253, ""n_init_feats"": 15, ""n_added_feats"": 7, ""initial_metric"": null, ""final_metric"": 0.35870754503873725, ""pct_gain"": 0.10896596458385606}"
3902,pc4,openml_task,amlb,classification,openfe,0,4500,1166,292,37,2000,1963,0.20225057938480623,binary_crossentropy,False,0.2086054276043472,0.030463484543623322,"{""accuracy"": 0.9075342465442625, ""binary_crossentropy"": 0.20225057938480623, ""binary_roc_auc"": 0.9351128472222221, ""f1"": 0.5263157846352725, ""precision"": 0.7142857139455782, ""recall"": 0.41666666655092593}","{""accuracy"": 0.007604562737642589, ""binary_crossentropy"": 0.03046348454362371, ""binary_roc_auc"": 0.003376411689370072, ""f1"": 0.11336032470728372, ""precision"": 0.04395604400837249, ""recall"": 0.1538461538461539}",203.45428609848022,32.41501259803772,264.52725076675415,483.78515625,46,ok,,upstream-0.0.12,{}
3902,pc4,openml_task,amlb,classification,openfe,1,4500,1166,292,37,2024,1987,0.2060556717947355,binary_crossentropy,False,0.1927500172715143,-0.06903062687915813,"{""accuracy"": 0.8972602739418746, ""binary_crossentropy"": 0.2060556717947355, ""binary_roc_auc"": 0.943359375, ""f1"": 0.48275861581450663, ""precision"": 0.6363636360743802, ""recall"": 0.3888888887808642}","{""accuracy"": -0.011320754716981199, ""binary_crossentropy"": -0.06903062687915813, ""binary_roc_auc"": -0.006059220304104174, ""f1"": -0.1338742402965244, ""precision"": -0.06417112304569754, ""recall"": -0.17647058823529407}",180.91071200370789,29.497398138046265,227.11079120635986,509.31640625,59,ok,,upstream-0.0.12,{}
3902,pc4,openml_task,amlb,classification,featuretools,3,4500,1166,292,37,6526,6489,0.1954031700000473,binary_crossentropy,False,0.1848539693666979,-0.05706775282938493,"{""accuracy"": 0.8938356164077453, ""binary_crossentropy"": 0.1954031700000473, ""binary_roc_auc"": 0.9449869791666666, ""f1"": 0.5373134277032747, ""precision"": 0.5806451611030177, ""recall"": 0.4999999998611111}","{""accuracy"": -0.02247191011235956, ""binary_crossentropy"": -0.05706775282938477, ""binary_roc_auc"": -0.004230505373885179, ""f1"": -0.08955223974159059, ""precision"": -0.19354838703433927, ""recall"": 0.0}",16.64481282234192,20.20289444923401,99.8655469417572,673.01171875,76,ok,,upstream-1.x,{}
3902,pc4,openml_task,amlb,classification,featuretools,4,4500,1166,292,37,6517,6480,0.1685254779127618,binary_crossentropy,False,0.1652410597132187,-0.019876525878273255,"{""accuracy"": 0.9109589040783918, ""binary_crossentropy"": 0.1685254779127618, ""binary_roc_auc"": 0.9623480902777778, ""f1"": 0.5666666616777778, ""precision"": 0.7083333330381945, ""recall"": 0.47222222209104936}","{""accuracy"": -0.007462686567164182, ""binary_crossentropy"": -0.019876525878273082, ""binary_roc_auc"": -0.002249971875351507, ""f1"": -0.05555555599999999, ""precision"": -0.055555555555555504, ""recall"": -0.05555555555555558}",11.237374067306519,12.035141706466675,77.30203366279602,513.765625,81,ok,,upstream-1.x,{}
3902,pc4,openml_task,amlb,classification,openfe,2,4500,1166,292,37,2025,1988,0.20823052795986607,binary_crossentropy,False,0.2061523639467227,-0.010080718810871565,"{""accuracy"": 0.9109589040783918, ""binary_crossentropy"": 0.20823052795986607, ""binary_roc_auc"": 0.934787326388889, ""f1"": 0.5357142809311225, ""precision"": 0.749999999625, ""recall"": 0.41666666655092593}","{""accuracy"": -0.007462686567164182, ""binary_crossentropy"": -0.010080718810871294, ""binary_roc_auc"": -0.0055408057254992885, ""f1"": -0.08613445428531696, ""precision"": -0.029411764749999972, ""recall"": -0.11764705882352935}",212.05204224586487,36.40245747566223,265.1053292751312,486.50390625,65,ok,,upstream-0.0.12,{}
29,credit-approval,openml_task,amlb,classification,tabularaml,3,4500,552,138,15,30,15,0.2848966455330019,binary_crossentropy,False,0.2576229821728623,-0.10586657731428366,"{""accuracy"": 0.8840579709504305, ""binary_crossentropy"": 0.2848966455330019, ""binary_roc_auc"": 0.9441132637853948, ""f1"": 0.893333328217778, ""precision"": 0.9178082190523551, ""recall"": 0.8701298700168664}","{""accuracy"": 0.0, ""binary_crossentropy"": -0.10586657731428341, ""binary_roc_auc"": -0.018481629039397963, ""f1"": 0.005000000010446056, ""precision"": -0.03916952053615831, ""recall"": 0.046875000000000056}",842.5403516292572,0.05872297286987305,846.5998532772064,348.2265625,48,ok,,0.2.0,"{""mode"": ""best"", ""elapsed_time"": 841.9436810016632, ""n_init_feats"": 15, ""n_added_feats"": 15, ""initial_metric"": null, ""final_metric"": 0.33845298931124235, ""pct_gain"": 0.22926838207641276}"
3902,pc4,openml_task,amlb,classification,tabularaml,3,4500,1166,292,37,,,,,,,,,,,,202.72315287590027,,,crash,ValueError: Input X contains infinity or a value too large for dtype('float64').,0.2.0,
3902,pc4,openml_task,amlb,classification,openfe,3,4500,1166,292,37,2034,1997,0.20027578616042763,binary_crossentropy,False,0.1848539693666979,-0.08342702537881246,"{""accuracy"": 0.9006849314760039, ""binary_crossentropy"": 0.20027578616042763, ""binary_roc_auc"": 0.9442274305555556, ""f1"": 0.49122806534933827, ""precision"": 0.6666666663492063, ""recall"": 0.3888888887808642}","{""accuracy"": -0.014981273408239707, ""binary_crossentropy"": -0.08342702537881229, ""binary_roc_auc"": -0.005030871255430964, ""f1"": -0.16764132661810482, ""precision"": -0.07407407414462083, ""recall"": -0.2222222222222222}",212.33373260498047,31.589929342269897,262.9093313217163,518.34765625,61,ok,,upstream-0.0.12,{}
3903,pc3,openml_task,amlb,classification,featuretools,0,4500,1250,313,37,6416,6379,0.250049059256947,binary_crossentropy,False,0.2645382280193697,0.054771549922689525,"{""accuracy"": 0.9073482427825128, ""binary_crossentropy"": 0.250049059256947, ""binary_roc_auc"": 0.86649243772242, ""f1"": 0.3255813913899405, ""precision"": 0.6363636357851239, ""recall"": 0.21874999993164063}","{""accuracy"": 0.010676156583629932, ""binary_crossentropy"": 0.05477154992268972, ""binary_roc_auc"": 0.05340363685526944, ""f1"": 0.06976744420149877, ""precision"": 0.27272727247933876, ""recall"": 0.0}",14.340762615203857,20.495429039001465,113.22974824905396,546.8203125,95,ok,,upstream-1.x,{}
29,credit-approval,openml_task,amlb,classification,tabularaml,2,4500,552,138,15,23,8,0.3085968754645707,binary_crossentropy,False,0.315853757041412,0.022975448020046287,"{""accuracy"": 0.8768115941393614, ""binary_crossentropy"": 0.3085968754645707, ""binary_roc_auc"": 0.9380455609963807, ""f1"": 0.8917197401111607, ""precision"": 0.874999999890625, ""recall"": 0.9090909089728454}","{""accuracy"": 0.00833333333333333, ""binary_crossentropy"": 0.022975448020046287, ""binary_roc_auc"": 0.005247547342003178, ""f1"": 0.006369426785143289, ""precision"": 0.012499999998437535, ""recall"": 0.0}",942.4549210071564,0.042694807052612305,947.0463893413544,348.5859375,103,ok,,0.2.0,"{""mode"": ""best"", ""elapsed_time"": 941.8971440792084, ""n_init_feats"": 15, ""n_added_feats"": 8, ""initial_metric"": null, ""final_metric"": 0.330735509066437, ""pct_gain"": 0.08580439446055733}"
43,spambase,openml_task,amlb,classification,tabularaml,3,4500,3680,921,57,72,15,0.12368072808228661,binary_crossentropy,False,0.1263414914333447,0.0210600913513978,"{""accuracy"": 0.9609120521068305, ""binary_crossentropy"": 0.12368072808228661, ""binary_roc_auc"": 0.9884228403289987, ""f1"": 0.9504132181143137, ""precision"": 0.9504132231143136, ""recall"": 0.9504132231143136}","{""accuracy"": 0.005681818181818177, ""binary_crossentropy"": 0.02106009135139823, ""binary_roc_auc"": -9.98946111851201e-06, ""f1"": 0.007382436847426878, ""precision"": 0.005992943792063355, ""recall"": 0.008771929824561337}",913.1434805393219,0.027695178985595703,917.4279315471649,391.87890625,230,ok,,0.2.0,"{""mode"": ""best"", ""elapsed_time"": 730.447172164917, ""n_init_feats"": 57, ""n_added_feats"": 15, ""initial_metric"": null, ""final_metric"": 0.17042359177603938, ""pct_gain"": -0.0059787334779610015}"
3902,pc4,openml_task,amlb,classification,openfe,4,4500,1166,292,37,1992,1955,0.17197894603524305,binary_crossentropy,False,0.1652410597132187,-0.040776102100278065,"{""accuracy"": 0.9212328766807797, ""binary_crossentropy"": 0.17197894603524305, ""binary_roc_auc"": 0.9610460069444444, ""f1"": 0.6101694865613331, ""precision"": 0.7826086953119092, ""recall"": 0.4999999998611111}","{""accuracy"": 0.003731343283582152, ""binary_crossentropy"": -0.04077610210027789, ""binary_roc_auc"": -0.0035999550005624804, ""f1"": 0.016949152743464715, ""precision"": 0.043478260850661636, ""recall"": 0.0}",238.17555356025696,28.499519109725952,282.09285712242126,508.89453125,64,ok,,upstream-0.0.12,{}
3903,pc3,openml_task,amlb,classification,openfe,0,4500,1250,313,37,1980,1943,0.2835389490141875,binary_crossentropy,False,0.2645382280193697,-0.07182599330568798,"{""accuracy"": 0.8913738018884545, ""binary_crossentropy"": 0.2835389490141875, ""binary_roc_auc"": 0.8330182384341637, ""f1"": 0.22727272320247935, ""precision"": 0.41666666631944443, ""recall"": 0.15624999995117186}","{""accuracy"": -0.007117437722419871, ""binary_crossentropy"": -0.07182599330568776, ""binary_roc_auc"": 0.012708713580747568, ""f1"": -0.25324675590613943, ""precision"": -0.16666666676587302, ""recall"": -0.28571428571428575}",209.2331895828247,29.570220947265625,275.42273354530334,516.546875,109,ok,,upstream-0.0.12,{}
3903,pc3,openml_task,amlb,classification,featuretools,1,4500,1250,313,37,6425,6388,0.2633354699316497,binary_crossentropy,False,0.2650736055867642,0.00655718116961126,"{""accuracy"": 0.9073482427825128, ""binary_crossentropy"": 0.2633354699316497, ""binary_roc_auc"": 0.8207295373665481, ""f1"": 0.25641025333333334, ""precision"": 0.7142857132653061, ""recall"": 0.15624999995117186}","{""accuracy"": -0.0035087719298245333, ""binary_crossentropy"": 0.006557181169611468, ""binary_roc_auc"": -0.012048192771084307, ""f1"": -0.2948717953205128, ""precision"": 0.07142857079081642, ""recall"": -0.37500000000000006}",15.052598476409912,20.258058547973633,132.01435232162476,556.390625,52,ok,,upstream-1.x,{}
31,credit-g,openml_task,amlb,classification,tabularaml,0,4500,800,200,20,35,15,0.5265829998161644,binary_crossentropy,False,0.5007967171864585,-0.05149051849735889,"{""accuracy"": 0.7699999999614999, ""binary_crossentropy"": 0.5265829998161644, ""binary_roc_auc"": 0.7619047619047619, ""f1"": 0.5306122400416494, ""precision"": 0.6842105261357341, ""recall"": 0.4333333332611111}","{""accuracy"": 0.006535947712418278, ""binary_crossentropy"": -0.05149051849735889, ""binary_roc_auc"": -0.02439024390243908, ""f1"": 0.050170068309471814, ""precision"": -0.0021929824336333922, ""recall"": 0.08333333333333331}",1049.009936094284,0.05639505386352539,1052.1867027282715,353.046875,111,ok,,0.2.0,"{""mode"": ""best"", ""elapsed_time"": 1048.422670841217, ""n_init_feats"": 20, ""n_added_feats"": 15, ""initial_metric"": null, ""final_metric"": 0.5376328183871646, ""pct_gain"": 0.10550523903510926}"
29,credit-approval,openml_task,amlb,classification,tabularaml,1,4500,552,138,15,19,4,0.31889527956482727,binary_crossentropy,False,0.313900442658991,-0.01591216904164258,"{""accuracy"": 0.8623188405172232, ""binary_crossentropy"": 0.31889527956482727, ""binary_roc_auc"": 0.9343197785820737, ""f1"": 0.8774193497257026, ""precision"": 0.8717948716831033, ""recall"": 0.8831168830021927}","{""accuracy"": 0.0, ""binary_crossentropy"": -0.015912169041642398, ""binary_roc_auc"": -0.0015925378227733787, ""f1"": 0.0037145650275366227, ""precision"": -0.02253302252624869, ""recall"": 0.03030303030303038}",1048.6490700244904,0.025293588638305664,1052.938642024994,351.875,59,ok,,0.2.0,"{""mode"": ""best"", ""elapsed_time"": 1048.1720614433289, ""n_init_feats"": 15, ""n_added_feats"": 4, ""initial_metric"": null, ""final_metric"": 0.3733310165668307, ""pct_gain"": 0.1279326625532762}"
3903,pc3,openml_task,amlb,classification,featuretools,2,4500,1250,313,37,6419,6382,0.24896578703777858,binary_crossentropy,False,0.2712276310752184,0.08207808308168296,"{""accuracy"": 0.9105431309613244, ""binary_crossentropy"": 0.24896578703777858, ""binary_roc_auc"": 0.8599310498220641, ""f1"": 0.2631578919390582, ""precision"": 0.8333333319444445, ""recall"": 0.15624999995117186}","{""accuracy"": 0.014234875444839867, ""binary_crossentropy"": 0.08207808308168314, ""binary_roc_auc"": 0.04155441810344837, ""f1"": 0.0, ""precision"": 0.0, ""recall"": 0.0}",11.523624658584595,14.851126909255981,68.14233136177063,520.03515625,32,ok,,upstream-1.x,{}
3903,pc3,openml_task,amlb,classification,openfe,1,4500,1250,313,37,2020,1983,0.2692384632116856,binary_crossentropy,False,0.2650736055867642,-0.015712079728580023,"{""accuracy"": 0.8913738018884545, ""binary_crossentropy"": 0.2692384632116856, ""binary_roc_auc"": 0.8301823843416369, ""f1"": 0.05555555354938278, ""precision"": 0.249999999375, ""recall"": 0.031249999990234374}","{""accuracy"": -0.02105263157894732, ""binary_crossentropy"": -0.01571207972857981, ""binary_roc_auc"": -0.000669344042838121, ""f1"": -0.8472222260030863, ""precision"": -0.6250000006249999, ""recall"": -0.875}",183.20011138916016,28.781296491622925,234.6281270980835,507.28515625,60,ok,,upstream-0.0.12,{}
43,spambase,openml_task,amlb,classification,tabularaml,1,4500,3680,921,57,59,2,0.1323405379014959,binary_crossentropy,False,0.1362854538311811,0.028945979330793525,"{""accuracy"": 0.9489685124761241, ""binary_crossentropy"": 0.1323405379014959, ""binary_roc_auc"": 0.9879439556858912, ""f1"": 0.9349930793448996, ""precision"": 0.9388888888628086, ""recall"": 0.9311294765583711}","{""accuracy"": -0.001142857142857165, ""binary_crossentropy"": 0.028945979330794118, ""binary_roc_auc"": 0.0005850146253657871, ""f1"": -0.0013831258718733945, ""precision"": -0.00277777777770056, ""recall"": 0.0}",1034.450490951538,0.011044740676879883,1037.7167508602142,409.75,256,ok,,0.2.0,"{""mode"": ""best"", ""elapsed_time"": 1032.9089195728302, ""n_init_feats"": 57, ""n_added_feats"": 2, ""initial_metric"": null, ""final_metric"": 0.15183312658564138, ""pct_gain"": 0.02698060747550272}"
3903,pc3,openml_task,amlb,classification,tabularaml,3,4500,1250,313,37,,,,,,,,,,,,59.15452027320862,,,crash,ValueError: Input X contains infinity or a value too large for dtype('float64').,0.2.0,
3903,pc3,openml_task,amlb,classification,featuretools,3,4500,1250,313,37,6370,6333,0.2656655442668869,binary_crossentropy,False,0.2630089642673421,-0.010100720357365556,"{""accuracy"": 0.9009584664248895, ""binary_crossentropy"": 0.2656655442668869, ""binary_roc_auc"": 0.8443616548042704, ""f1"": 0.16216215973703438, ""precision"": 0.5999999988, ""recall"": 0.09374999997070313}","{""accuracy"": 0.0, ""binary_crossentropy"": -0.010100720357365343, ""binary_roc_auc"": 0.002045664511020176, ""f1"": -0.3351351354132943, ""precision"": 0.07999999904000003, ""recall"": -0.3999999999999999}",11.90534496307373,17.341195344924927,115.83122444152832,523.01171875,69,ok,,upstream-1.x,{}
43,spambase,openml_task,amlb,classification,tabularaml,0,4500,3680,921,57,61,4,0.11715497133117701,binary_crossentropy,False,0.1166924022625758,-0.003964003308119124,"{""accuracy"": 0.9598262757767663, ""binary_crossentropy"": 0.11715497133117701, ""binary_roc_auc"": 0.9897607551566496, ""f1"": 0.9495225052064719, ""precision"": 0.9405405405151205, ""recall"": 0.9586776859240034}","{""accuracy"": 0.0011325028312571003, ""binary_crossentropy"": -0.003964003308119124, ""binary_roc_auc"": 6.484857856915794e-05, ""f1"": 0.0015136563334603754, ""precision"": 0.000171352909178354, ""recall"": 0.002881844380403436}",1133.1772265434265,0.015111684799194336,1136.8793542385101,407.828125,252,ok,,0.2.0,"{""mode"": ""best"", ""elapsed_time"": 1130.9331321716309, ""n_init_feats"": 57, ""n_added_feats"": 4, ""initial_metric"": null, ""final_metric"": 0.13902043337964257, ""pct_gain"": 0.06350963641625522}"
3903,pc3,openml_task,amlb,classification,openfe,2,4500,1250,313,37,2031,1994,0.27765506742813717,binary_crossentropy,False,0.2712276310752184,-0.02369757213687519,"{""accuracy"": 0.8977635782460778, ""binary_crossentropy"": 0.27765506742813717, ""binary_roc_auc"": 0.8014902135231318, ""f1"": 0.0, ""precision"": 0.0, ""recall"": 0.0}","{""accuracy"": 0.0, ""binary_crossentropy"": -0.023697572136874977, ""binary_roc_auc"": -0.02922952586206886, ""f1"": 0.0, ""precision"": 0.0, ""recall"": 0.0}",184.36036562919617,29.719919681549072,235.5939109325409,521.765625,15,ok,,upstream-0.0.12,{}
3903,pc3,openml_task,amlb,classification,featuretools,4,4500,1250,313,37,6419,6382,0.2746255163805553,binary_crossentropy,False,0.2582307273801714,-0.0634889161592581,"{""accuracy"": 0.8913738018884545, ""binary_crossentropy"": 0.2746255163805553, ""binary_roc_auc"": 0.8101089857651246, ""f1"": 0.05555555354938278, ""precision"": 0.249999999375, ""recall"": 0.031249999990234374}","{""accuracy"": -0.007117437722419871, ""binary_crossentropy"": -0.0634889161592581, ""binary_roc_auc"": -0.015541590648016837, ""f1"": -0.5000000088888885, ""precision"": -0.5, ""recall"": -0.5}",15.144361972808838,20.85784339904785,92.2738709449768,520.796875,39,ok,,upstream-1.x,{}
3904,jm1,openml_task,amlb,classification,featuretools,0,4500,8708,2177,21,,,,,,,,,,8.06661081314087,,13.58020806312561,,,featuretools_upstream_bug,_FeaturetoolsUpstreamBugError: Error converting datatype for uniq_Op from type float64 to type Int64. Please confirm the underlying data is consistent with logical type IntegerNullable.,upstream-1.x,
3903,pc3,openml_task,amlb,classification,tabularaml,1,4500,1250,313,37,,,,,,,,,,,,339.291873216629,,,crash,ValueError: Input X contains infinity or a value too large for dtype('float64').,0.2.0,
3021,sick,openml_task,amlb,classification,tabularaml,1,4500,3017,755,27,33,6,0.04475763988137994,binary_crossentropy,False,0.0437349498981227,-0.02338381513273754,"{""accuracy"": 0.9880794701855884, ""binary_crossentropy"": 0.04475763988137994, ""binary_roc_auc"": 0.9880419451769179, ""f1"": 0.896551718948342, ""precision"": 0.9512195119631172, ""recall"": 0.8478260867722117}","{""accuracy"": 0.0, ""binary_crossentropy"": -0.023383815132736404, ""binary_roc_auc"": -0.0025691026712478687, ""f1"": -0.002586206904021263, ""precision"": 0.022560975598155862, ""recall"": -0.024999999999999998}",881.4775576591492,0.06253218650817871,884.4310796260834,382.25390625,238,ok,,0.2.0,"{""mode"": ""best"", ""elapsed_time"": 879.7925770282745, ""n_init_feats"": 27, ""n_added_feats"": 6, ""initial_metric"": null, ""final_metric"": 0.04604525587104062, ""pct_gain"": 0.21448393489752757}"
3903,pc3,openml_task,amlb,classification,openfe,3,4500,1250,313,37,2037,2000,0.27273122426390217,binary_crossentropy,False,0.2630089642673421,-0.03696550809073424,"{""accuracy"": 0.8977635782460778, ""binary_crossentropy"": 0.27273122426390217, ""binary_roc_auc"": 0.824288256227758, ""f1"": 0.19999999670000004, ""precision"": 0.49999999937499995, ""recall"": 0.1249999999609375}","{""accuracy"": -0.0035460992907802363, ""binary_crossentropy"": -0.036965508090734026, ""binary_roc_auc"": -0.02177642866569873, ""f1"": -0.18000000161, ""precision"": -0.10000000012500004, ""recall"": -0.19999999999999996}",223.0226273536682,25.971832990646362,272.3967685699463,485.84375,59,ok,,upstream-0.0.12,{}
3903,pc3,openml_task,amlb,classification,openfe,4,4500,1250,313,37,1916,1879,0.27576998276963305,binary_crossentropy,False,0.2582307273801714,-0.06792086893532268,"{""accuracy"": 0.8945686900672661, ""binary_crossentropy"": 0.27576998276963305, ""binary_roc_auc"": 0.8202846975088969, ""f1"": 0.10810810571219874, ""precision"": 0.3999999992, ""recall"": 0.06249999998046875}","{""accuracy"": -0.0035587188612099356, ""binary_crossentropy"": -0.06792086893532268, ""binary_roc_auc"": -0.0031758902628556108, ""f1"": -0.027027030752373737, ""precision"": -0.19999999959999998, ""recall"": 0.0}",192.80694127082825,32.958712339401245,242.90446877479553,510.74609375,51,ok,,upstream-0.0.12,{}
3904,jm1,openml_task,amlb,classification,featuretools,1,4500,8708,2177,21,,,,,,,,,,8.832616090774536,,15.864230632781982,,,featuretools_upstream_bug,_FeaturetoolsUpstreamBugError: Error converting datatype for uniq_Op from type float64 to type Int64. Please confirm the underlying data is consistent with logical type IntegerNullable.,upstream-1.x,
3902,pc4,openml_task,amlb,classification,tabularaml,2,4500,1166,292,37,,,,,,,,,,,,766.7661170959473,,,crash,ValueError: Input X contains infinity or a value too large for dtype('float64').,0.2.0,
3,kr-vs-kp,openml_task,amlb,classification,autofeat,4,4500,2556,640,36,71,35,0.022588091070224435,binary_crossentropy,False,0.0219026212689641,-0.03129624499473223,"{""accuracy"": 0.9937499999844727, ""binary_crossentropy"": 0.022588091070224435, ""binary_roc_auc"": 0.9999608625885484, ""f1"": 0.993485336987236, ""precision"": 0.9902597402275889, ""recall"": 0.9967320261112179}","{""accuracy"": -0.001569858712715867, ""binary_crossentropy"": -0.03129624499473043, ""binary_roc_auc"": 3.914047516532382e-05, ""f1"": -0.001628664503204402, ""precision"": -0.0032467532466478803, ""recall"": 0.0}",1386.3706560134888,0.0811002254486084,1389.6589660644531,573.83203125,309,ok,,upstream-2.1.x,{}
3,kr-vs-kp,openml_task,amlb,classification,autofeat,1,4500,2556,640,36,69,33,0.03488490176601004,binary_crossentropy,False,0.0364742156746022,0.04357362808760352,"{""accuracy"": 0.9953124999844483, ""binary_crossentropy"": 0.03488490176601004, ""binary_roc_auc"": 0.9979942076631052, ""f1"": 0.9950738865930581, ""precision"": 0.9999999999669966, ""recall"": 0.9901960783990131}","{""accuracy"": 0.0015723270440251686, ""binary_crossentropy"": 0.0435736280876037, ""binary_roc_auc"": 0.0, ""f1"": 0.0016420361330730063, ""precision"": 0.0033003300328943042, ""recall"": 0.0}",1384.9042222499847,0.11899828910827637,1390.197270154953,575.62109375,505,ok,,upstream-2.1.x,{}
3904,jm1,openml_task,amlb,classification,featuretools,2,4500,8708,2177,21,,,,,,,,,,7.138278245925903,,12.385380506515503,,,featuretools_upstream_bug,_FeaturetoolsUpstreamBugError: Error converting datatype for uniq_Op from type float64 to type Int64. Please confirm the underlying data is consistent with logical type IntegerNullable.,upstream-1.x,
3021,sick,openml_task,amlb,classification,tabularaml,2,4500,3017,755,27,34,7,0.032600258109206026,binary_crossentropy,False,0.0319441262277194,-0.020539985248282294,"{""accuracy"": 0.9867549668743476, ""binary_crossentropy"": 0.032600258109206026, ""binary_roc_auc"": 0.9956767032562703, ""f1"": 0.8837209250513792, ""precision"": 0.9499999997624999, ""recall"": 0.826086956342155}","{""accuracy"": 0.0, ""binary_crossentropy"": -0.020539985248280077, ""binary_roc_auc"": -0.000338628247752686, ""f1"": 0.003142677560657951, ""precision"": -0.024324324311486567, ""recall"": 0.02702702702702702}",967.1474621295929,0.04753708839416504,972.415821313858,379.97265625,173,ok,,0.2.0,"{""mode"": ""best"", ""elapsed_time"": 965.856217622757, ""n_init_feats"": 27, ""n_added_feats"": 7, ""initial_metric"": null, ""final_metric"": 0.04255757907665704, ""pct_gain"": 0.4160947316650675}"
3903,pc3,openml_task,amlb,classification,tabularaml,0,4500,1250,313,37,,,,,,,,,,,,48.1598334312439,,,crash,ValueError: Input X contains infinity or a value too large for dtype('float64').,0.2.0,
3903,pc3,openml_task,amlb,classification,tabularaml,3,4500,1250,313,37,,,,,,,,,,,,53.93927049636841,,,crash,ValueError: Input X contains infinity or a value too large for dtype('float64').,0.2.0,
219,electricity,openml_task,amlb,classification,openfe,1,4500,36249,9063,8,210,202,0.31290836979499287,binary_crossentropy,False,,0.0,"{""accuracy"": 0.8586560741466858, ""binary_crossentropy"": 0.31290836979499287, ""binary_roc_auc"": 0.9385589854549586, ""f1"": 0.879707009743631, ""precision"": 0.8619801251364336, ""recall"": 0.8981783317336565}","{""accuracy"": -0.08090232668005187, ""binary_crossentropy"": null, ""binary_roc_auc"": -0.044715737662113286, ""f1"": -0.06715033602753179, ""precision"": -0.08315229746614895, ""recall"": -0.050476383539428266}",88.17153739929199,25.378954887390137,159.53265404701233,674.02734375,419,ok,,upstream-0.0.12,{}
3902,pc4,openml_task,amlb,classification,tabularaml,3,4500,1166,292,37,,,,,,,,,,,,193.71844267845154,,,crash,ValueError: Input X contains infinity or a value too large for dtype('float64').,0.2.0,
3902,pc4,openml_task,amlb,classification,tabularaml,0,4500,1166,292,37,,,,,,,,,,,,407.40535259246826,,,crash,ValueError: Input X contains infinity or a value too large for dtype('float64').,0.2.0,
3904,jm1,openml_task,amlb,classification,openfe,0,4500,8708,2177,21,1966,1945,0.44424016330841215,binary_crossentropy,False,0.4270242333059662,-0.04031604920676849,"{""accuracy"": 0.8066146072539889, ""binary_crossentropy"": 0.44424016330841215, ""binary_roc_auc"": 0.7149271719898929, ""f1"": 0.10993657309119517, ""precision"": 0.49999999990384614, ""recall"": 0.06175771971349744}","{""accuracy"": -0.013483146067415786, ""binary_crossentropy"": -0.04031604920676849, ""binary_roc_auc"": -0.044706586198607214, ""f1"": -0.6138303870071488, ""precision"": -0.15189873427702047, ""recall"": -0.6708860759493671}",258.9427282810211,103.51762962341309,435.05465388298035,971.64453125,25,ok,,upstream-0.0.12,{}
3904,jm1,openml_task,amlb,classification,openfe,2,4500,8708,2177,21,2020,1999,0.43698337012589605,binary_crossentropy,False,0.4309365690237045,-0.014031766011157349,"{""accuracy"": 0.8121267799687087, ""binary_crossentropy"": 0.43698337012589605, ""binary_roc_auc"": 0.7301839908234542, ""f1"": 0.18687872489784949, ""precision"": 0.5731707316374183, ""recall"": 0.11163895486670691}","{""accuracy"": -0.004504504504504387, ""binary_crossentropy"": -0.014031766011157219, ""binary_roc_auc"": -0.018289067842230326, ""f1"": -0.07843137360449384, ""precision"": -0.07843137254901957, ""recall"": -0.07843137254901954}",280.12754487991333,125.08776521682739,509.4633927345276,931.03515625,34,ok,,upstream-0.0.12,{}
3902,pc4,openml_task,amlb,classification,tabularaml,4,4500,1166,292,37,,,,,,,,,,,,518.1555771827698,,,crash,ValueError: Input X contains infinity or a value too large for dtype('float64').,0.2.0,
3904,jm1,openml_task,amlb,classification,openfe,1,4500,8708,2177,21,2017,1996,0.429687163054594,binary_crossentropy,False,0.4279933997485949,-0.003957451930319481,"{""accuracy"": 0.819476343588335, ""binary_crossentropy"": 0.429687163054594, ""binary_roc_auc"": 0.7413597898484463, ""f1"": 0.25708884362162804, ""precision"": 0.6296296295713306, ""recall"": 0.16152019001991638}","{""accuracy"": -0.0005602240896359074, ""binary_crossentropy"": -0.003957451930319481, ""binary_roc_auc"": -0.001287410528157184, ""f1"": -0.13580977992451868, ""precision"": 0.03926818382612772, ""recall"": -0.18072289156626503}",295.415256023407,121.80404877662659,535.3110914230347,931.4453125,47,ok,,upstream-0.0.12,{}
3904,jm1,openml_task,amlb,classification,featuretools,3,4500,8708,2177,21,2150,2129,0.4268645544073959,binary_crossentropy,False,0.4372989283519556,0.02386096390376174,"{""accuracy"": 0.8203950390407883, ""binary_crossentropy"": 0.4268645544073959, ""binary_roc_auc"": 0.7457309583971345, ""f1"": 0.285191952568138, ""precision"": 0.6190476189984884, ""recall"": 0.18527315914049233}","{""accuracy"": 0.00960994912379871, ""binary_crossentropy"": 0.02386096390376174, ""binary_roc_auc"": 0.02289875213258141, ""f1"": 0.28828090761733954, ""precision"": 0.09934318556956505, ""recall"": 0.34482758620689674}",7.1181800365448,5.962836742401123,128.60735988616943,600.53125,88,ok,,upstream-1.x,{}
3904,jm1,openml_task,amlb,classification,openfe,3,4500,8708,2177,21,2021,2000,0.45079450061280396,binary_crossentropy,False,0.4372989283519556,-0.030861205884288333,"{""accuracy"": 0.8075333027064422, ""binary_crossentropy"": 0.45079450061280396, ""binary_roc_auc"": 0.7139816523192961, ""f1"": 0.24231464373474948, ""precision"": 0.5075757575373049, ""recall"": 0.1591448931078588}","{""accuracy"": -0.006218202374222768, ""binary_crossentropy"": -0.030861205884288333, ""binary_roc_auc"": -0.02065090234052851, ""f1"": 0.0945937511507864, ""precision"": -0.09861546497554903, ""recall"": 0.15517241379310354}",291.11603808403015,127.23613214492798,505.86037611961365,962.94921875,66,ok,,upstream-0.0.12,{}
3904,jm1,openml_task,amlb,classification,featuretools,4,4500,8708,2177,21,2155,2134,0.42764164137384064,binary_crossentropy,False,0.4287020114058398,0.0024734430998396614,"{""accuracy"": 0.8125861276949353, ""binary_crossentropy"": 0.42764164137384064, ""binary_roc_auc"": 0.7524097901189812, ""f1"": 0.23018867596931294, ""precision"": 0.5596330274715934, ""recall"": 0.14489311163551322}","{""accuracy"": -0.000564971751412483, ""binary_crossentropy"": 0.0024734430998397906, ""binary_roc_auc"": -0.0005983058780410183, ""f1"": -0.1100451770503085, ""precision"": 0.008915880590989977, ""recall"": -0.14084507042253527}",6.832372426986694,9.216930866241455,152.18093252182007,825.09765625,114,ok,,upstream-1.x,{}
3902,pc4,openml_task,amlb,classification,tabularaml,2,4500,1166,292,37,53,16,0.19870137827620804,binary_crossentropy,False,0.2061523639467227,0.03614310080111558,"{""accuracy"": 0.9143835616125211, ""binary_crossentropy"": 0.19870137827620804, ""binary_roc_auc"": 0.9376085069444444, ""f1"": 0.5454545407338843, ""precision"": 0.7894736837950138, ""recall"": 0.41666666655092593}","{""accuracy"": -0.003731343283582031, ""binary_crossentropy"": 0.036143100801115845, ""binary_roc_auc"": -0.0025395359575206204, ""f1"": -0.06951871683552853, ""precision"": 0.021671826552061294, ""recall"": -0.11764705882352935}",759.4151127338409,0.03166794776916504,763.2398979663849,357.12109375,87,ok,,0.2.0,"{""mode"": ""best"", ""elapsed_time"": 687.3097541332245, ""n_init_feats"": 37, ""n_added_feats"": 16, ""initial_metric"": null, ""final_metric"": 0.23228590069067664, ""pct_gain"": 0.12213454255708926}"
3913,kc2,openml_task,amlb,classification,featuretools,0,4500,417,105,21,2165,2144,0.3662012947634572,binary_crossentropy,False,0.417824380419084,0.1235521144167032,"{""accuracy"": 0.8476190475383221, ""binary_crossentropy"": 0.3662012947634572, ""binary_roc_auc"": 0.834063526834611, ""f1"": 0.499999995390625, ""precision"": 0.7999999992, ""recall"": 0.36363636347107436}","{""accuracy"": 0.04705882352941176, ""binary_crossentropy"": 0.1235521144167032, ""binary_roc_auc"": 0.05397923875432525, ""f1"": 0.12500000228515643, ""precision"": 0.3999999996000001, ""recall"": 0.0}",4.31441068649292,5.2498698234558105,20.846785306930542,406.21484375,42,ok,,upstream-1.x,{}
3913,kc2,openml_task,amlb,classification,openfe,0,4500,417,105,21,2021,2000,0.4760287092732532,binary_crossentropy,False,0.417824380419084,-0.13930333312716078,"{""accuracy"": 0.7523809523092971, ""binary_crossentropy"": 0.4760287092732532, ""binary_roc_auc"": 0.7513691128148959, ""f1"": 0.07142856801020424, ""precision"": 0.16666666638888888, ""recall"": 0.045454545433884296}","{""accuracy"": -0.07058823529411763, ""binary_crossentropy"": -0.13930333312716078, ""binary_roc_auc"": -0.0505190311418684, ""f1"": -0.8392857201690047, ""precision"": -0.7083333336111111, ""recall"": -0.8750000000000001}",91.22072172164917,22.606016397476196,126.06553316116333,407.26953125,55,ok,,upstream-0.0.12,{}
49,tic-tac-toe,openml_task,amlb,classification,tabularaml,3,4500,766,192,9,21,12,0.038069143030270425,binary_crossentropy,False,0.0301141018863215,-0.2641633203599634,"{""accuracy"": 0.9895833332817925, ""binary_crossentropy"": 0.038069143030270425, ""binary_roc_auc"": 0.9997611940298508, ""f1"": 0.992063486985072, ""precision"": 0.9842519684264369, ""recall"": 0.9999999999200001}","{""accuracy"": 0.0, ""binary_crossentropy"": -0.26416332035996326, ""binary_roc_auc"": -0.00023880597014924732, ""f1"": 0.0, ""precision"": 0.0, ""recall"": 0.0}",842.1666107177734,0.04022693634033203,845.3920049667358,356.71875,1647,ok,,0.2.0,"{""mode"": ""best"", ""elapsed_time"": 841.6839466094971, ""n_init_feats"": 9, ""n_added_feats"": 12, ""initial_metric"": null, ""final_metric"": 0.04000944201335266, ""pct_gain"": 0.41729340002873344}"
3902,pc4,openml_task,amlb,classification,tabularaml,1,4500,1166,292,37,,,,,,,,,,,,863.5088212490082,,,crash,ValueError: Input X contains infinity or a value too large for dtype('float64').,0.2.0,
3913,kc2,openml_task,amlb,classification,featuretools,1,4500,417,105,21,2164,2143,0.45861649825459433,binary_crossentropy,False,0.3762406605340185,-0.21894453832729135,"{""accuracy"": 0.7904761904009071, ""binary_crossentropy"": 0.45861649825459433, ""binary_roc_auc"": 0.8069550930996714, ""f1"": 0.0, ""precision"": 0.0, ""recall"": 0.0}","{""accuracy"": -0.045977011494252866, ""binary_crossentropy"": -0.21894453832729116, ""binary_roc_auc"": -0.012399463806970419, ""f1"": -1.0, ""precision"": -1.0, ""recall"": -1.0}",5.293957471847534,6.741984605789185,24.845277547836304,419.05078125,3,ok,,upstream-1.x,{}
3913,kc2,openml_task,amlb,classification,openfe,1,4500,417,105,21,1932,1911,0.4346349688512938,binary_crossentropy,False,0.3762406605340185,-0.155204672016026,"{""accuracy"": 0.7904761904009071, ""binary_crossentropy"": 0.4346349688512938, ""binary_roc_auc"": 0.7949069003285871, ""f1"": 0.0, ""precision"": 0.0, ""recall"": 0.0}","{""accuracy"": -0.045977011494252866, ""binary_crossentropy"": -0.15520467201602584, ""binary_roc_auc"": -0.027144772117962287, ""f1"": -1.0, ""precision"": -1.0, ""recall"": -1.0}",73.19662952423096,24.66759443283081,108.01351642608643,404.44921875,11,ok,,upstream-0.0.12,{}
49,tic-tac-toe,openml_task,amlb,classification,tabularaml,0,4500,766,192,9,44,35,0.029590136531169264,binary_crossentropy,False,0.0263225803014014,-0.12413510348732426,"{""accuracy"": 0.9947916666148545, ""binary_crossentropy"": 0.029590136531169264, ""binary_roc_auc"": 0.9998805970149254, ""f1"": 0.9960159311756958, ""precision"": 0.992063491984757, ""recall"": 0.9999999999200001}","{""accuracy"": 0.0, ""binary_crossentropy"": -0.12413510348732397, ""binary_roc_auc"": 0.0, ""f1"": 0.0, ""precision"": 0.0, ""recall"": 0.0}",908.214359998703,0.10038995742797852,912.8495538234711,362.62109375,1737,ok,,0.2.0,"{""mode"": ""best"", ""elapsed_time"": 907.6105062961578, ""n_init_feats"": 9, ""n_added_feats"": 35, ""initial_metric"": null, ""final_metric"": 0.02003454130719439, ""pct_gain"": 0.7236186482153505}"
3021,sick,openml_task,amlb,classification,tabularaml,3,4500,3017,755,27,37,10,0.03835778341378819,binary_crossentropy,False,0.0436809769528995,0.12186525829885221,"{""accuracy"": 0.9880794701855884, ""binary_crossentropy"": 0.03835778341378819, ""binary_roc_auc"": 0.996167290120807, ""f1"": 0.896551718948342, ""precision"": 0.9512195119631172, ""recall"": 0.8478260867722117}","{""accuracy"": 0.0013422818791946844, ""binary_crossentropy"": 0.12186525829885235, ""binary_roc_auc"": 0.0020046878855168055, ""f1"": 0.011494252942603256, ""precision"": 0.024390243896490166, ""recall"": 0.0}",944.9812870025635,0.044706106185913086,948.2888314723969,382.5859375,157,ok,,0.2.0,"{""mode"": ""best"", ""elapsed_time"": 943.6632142066956, ""n_init_feats"": 27, ""n_added_feats"": 10, ""initial_metric"": null, ""final_metric"": 0.04135369893274603, ""pct_gain"": 0.21750100536504396}"
3913,kc2,openml_task,amlb,classification,featuretools,2,4500,417,105,21,2166,2145,0.3386555703800349,binary_crossentropy,False,0.3961613681699548,0.1451575100711225,"{""accuracy"": 0.866666666584127, ""binary_crossentropy"": 0.3386555703800349, ""binary_roc_auc"": 0.8811610076670319, ""f1"": 0.6315789421606649, ""precision"": 0.74999999953125, ""recall"": 0.5454545452066115}","{""accuracy"": 0.03409090909090915, ""binary_crossentropy"": 0.1451575100711226, ""binary_roc_auc"": 0.055774278215223225, ""f1"": 0.16842105404986127, ""precision"": 0.12500000004687506, ""recall"": 0.1999999999999999}",4.764947175979614,5.393276929855347,33.93831944465637,422.89453125,58,ok,,upstream-1.x,{}
3904,jm1,openml_task,amlb,classification,openfe,4,4500,8708,2177,21,2021,2000,0.43249820480803364,binary_crossentropy,False,0.4287020114058398,-0.008855086519759971,"{""accuracy"": 0.8135048231473886, ""binary_crossentropy"": 0.43249820480803364, ""binary_roc_auc"": 0.7398319436854436, ""f1"": 0.20392156573833145, ""precision"": 0.5842696628557, ""recall"": 0.12351543942699487}","{""accuracy"": 0.0005649717514123463, ""binary_crossentropy"": -0.00885508651975984, ""binary_roc_auc"": -0.017305054247298123, ""f1"": -0.2115990060411384, ""precision"": 0.05333122325876488, ""recall"": -0.26760563380281693}",282.23521900177,126.19563007354736,483.48153948783875,966.23046875,37,ok,,upstream-0.0.12,{}
3913,kc2,openml_task,amlb,classification,openfe,2,4500,417,105,21,1888,1867,0.43496027702376955,binary_crossentropy,False,0.3961613681699548,-0.0979371336307832,"{""accuracy"": 0.7904761904009071, ""binary_crossentropy"": 0.43496027702376955, ""binary_roc_auc"": 0.8181818181818182, ""f1"": 0.1538461511242604, ""precision"": 0.49999999875, ""recall"": 0.09090909086776859}","{""accuracy"": -0.05681818181818175, ""binary_crossentropy"": -0.09793713363078305, ""binary_roc_auc"": -0.01968503937007868, ""f1"": -0.7153846177278107, ""precision"": -0.2500000013749999, ""recall"": -0.7999999999999999}",57.66011166572571,22.31082582473755,93.91994118690491,399.796875,35,ok,,upstream-0.0.12,{}
3913,kc2,openml_task,amlb,classification,autofeat,0,4500,417,105,21,27,6,0.4157759234309196,binary_crossentropy,False,0.417824380419084,0.004902674626381848,"{""accuracy"": 0.8190476189696145, ""binary_crossentropy"": 0.4157759234309196, ""binary_roc_auc"": 0.7762869660460022, ""f1"": 0.4242424195408632, ""precision"": 0.6363636357851239, ""recall"": 0.3181818180371901}","{""accuracy"": 0.01176470588235287, ""binary_crossentropy"": 0.004902674626381848, ""binary_roc_auc"": -0.01903114186851193, ""f1"": -0.04545454529442127, ""precision"": 0.11363636341942145, ""recall"": -0.12499999999999994}",322.8645353317261,0.02272653579711914,326.0316264629364,531.10546875,24,ok,,upstream-2.1.x,{}
3913,kc2,openml_task,amlb,classification,featuretools,3,4500,417,105,21,2130,2109,0.37688268089578264,binary_crossentropy,False,0.3906011115937006,0.035121330407752976,"{""accuracy"": 0.8190476189696145, ""binary_crossentropy"": 0.37688268089578264, ""binary_roc_auc"": 0.8469331872946331, ""f1"": 0.38709676982310093, ""precision"": 0.6666666659259258, ""recall"": 0.27272727260330576}","{""accuracy"": 0.023809523809523805, ""binary_crossentropy"": 0.035121330407752976, ""binary_roc_auc"": -0.018406854966677298, ""f1"": 3.4516128994172735, ""precision"": -0.33333332740740756, ""recall"": 4.999999999999999}",5.662587881088257,6.061469793319702,32.2060706615448,422.20703125,22,ok,,upstream-1.x,{}
31,credit-g,openml_task,amlb,classification,tabularaml,2,4500,800,200,20,28,8,0.5114316067099571,binary_crossentropy,False,0.4985714282095432,-0.025794054317546982,"{""accuracy"": 0.72499999996375, ""binary_crossentropy"": 0.5114316067099571, ""binary_roc_auc"": 0.7720238095238096, ""f1"": 0.3956043910252385, ""precision"": 0.5806451611030177, ""recall"": 0.29999999995}","{""accuracy"": -0.052287581699346365, ""binary_crossentropy"": -0.025794054317546868, ""binary_roc_auc"": -0.030932456664674157, ""f1"": -0.18181818350740186, ""precision"": -0.18181818181818188, ""recall"": -0.1818181818181818}",1069.154379606247,0.04332733154296875,1072.6059556007385,354.0,42,ok,,0.2.0,"{""mode"": ""best"", ""elapsed_time"": 1068.6560802459717, ""n_init_feats"": 20, ""n_added_feats"": 8, ""initial_metric"": null, ""final_metric"": 0.5490038482302395, ""pct_gain"": 0.09854862096312807}"
3913,kc2,openml_task,amlb,classification,autofeat,2,4500,417,105,21,26,5,0.3775439071158568,binary_crossentropy,False,0.3961613681699548,0.04699464044184904,"{""accuracy"": 0.8380952380154195, ""binary_crossentropy"": 0.3775439071158568, ""binary_roc_auc"": 0.8515881708652793, ""f1"": 0.5641025588954636, ""precision"": 0.6470588231487889, ""recall"": 0.49999999977272724}","{""accuracy"": 0.0, ""binary_crossentropy"": 0.04699464044184918, ""binary_roc_auc"": 0.020341207349081326, ""f1"": 0.04358974382840213, ""precision"": -0.029411764629757673, ""recall"": 0.09999999999999995}",210.09886813163757,0.03773188591003418,212.73021173477173,532.95703125,45,ok,,upstream-2.1.x,{}
3913,kc2,openml_task,amlb,classification,tabularaml,0,4500,417,105,21,,,,,,,,,,,,342.10819697380066,,,crash,ValueError: Input X contains infinity or a value too large for dtype('float64').,0.2.0,
3913,kc2,openml_task,amlb,classification,openfe,3,4500,417,105,21,2002,1981,0.39299254694155283,binary_crossentropy,False,0.3906011115937006,-0.006122448904702022,"{""accuracy"": 0.7714285713551021, ""binary_crossentropy"": 0.39299254694155283, ""binary_roc_auc"": 0.8359802847754656, ""f1"": 0.14285713938775518, ""precision"": 0.33333333277777777, ""recall"": 0.09090909086776859}","{""accuracy"": -0.03571428571428564, ""binary_crossentropy"": -0.006122448904702022, ""binary_roc_auc"": -0.031101237702316653, ""f1"": 0.6428571201020415, ""precision"": -0.666666663888889, ""recall"": 1.0}",99.7644853591919,21.616007328033447,138.47204685211182,403.1484375,24,ok,,upstream-0.0.12,{}
3913,kc2,openml_task,amlb,classification,autofeat,1,4500,417,105,21,22,1,0.3780892286981855,binary_crossentropy,False,0.3762406605340185,-0.0049132599372519615,"{""accuracy"": 0.8285714284925171, ""binary_crossentropy"": 0.3780892286981855, ""binary_roc_auc"": 0.8239320920043811, ""f1"": 0.3999999958222223, ""precision"": 0.7499999990624999, ""recall"": 0.27272727260330576}","{""accuracy"": 0.0, ""binary_crossentropy"": -0.004913259937251813, ""binary_roc_auc"": 0.00837801608579094, ""f1"": 0.0, ""precision"": 0.0, ""recall"": 0.0}",301.96453070640564,0.023387908935546875,305.1735429763794,533.6875,18,ok,,upstream-2.1.x,{}
3913,kc2,openml_task,amlb,classification,featuretools,4,4500,417,105,21,2041,2020,0.5026128107726219,binary_crossentropy,False,0.4744573522713922,-0.05934244324898693,"{""accuracy"": 0.7999999999238095, ""binary_crossentropy"": 0.5026128107726219, ""binary_roc_auc"": 0.7705366922234392, ""f1"": 0.3999999951020409, ""precision"": 0.5384615380473372, ""recall"": 0.3181818180371901}","{""accuracy"": -0.011764705882353007, ""binary_crossentropy"": -0.059342443248986805, ""binary_roc_auc"": 0.03379867744305658, ""f1"": -0.02857142911953346, ""precision"": -0.07692307686390544, ""recall"": 0.0}",4.939723253250122,6.269625425338745,51.406439781188965,413.8984375,255,ok,,upstream-1.x,{}
3913,kc2,openml_task,amlb,classification,autofeat,3,4500,417,105,21,21,0,0.3906011115937006,binary_crossentropy,False,0.3906011115937006,-0.0,"{""accuracy"": 0.7999999999238095, ""binary_crossentropy"": 0.3906011115937006, ""binary_roc_auc"": 0.8628148959474261, ""f1"": 0.08695652083175803, ""precision"": 0.9999999900000002, ""recall"": 0.045454545433884296}","{""accuracy"": 0.0, ""binary_crossentropy"": -0.0, ""binary_roc_auc"": 0.0, ""f1"": 0.0, ""precision"": 0.0, ""recall"": 0.0}",171.86181497573853,0.01806807518005371,174.74379897117615,525.46875,13,ok,,upstream-2.1.x,{}
3913,kc2,openml_task,amlb,classification,openfe,4,4500,417,105,21,1889,1868,0.5529443892765336,binary_crossentropy,False,0.4744573522713922,-0.1654248514210954,"{""accuracy"": 0.8190476189696145, ""binary_crossentropy"": 0.5529443892765336, ""binary_roc_auc"": 0.7595837897042717, ""f1"": 0.4571428522122449, ""precision"": 0.6153846149112425, ""recall"": 0.36363636347107436}","{""accuracy"": 0.01176470588235287, ""binary_crossentropy"": -0.16542485142109525, ""binary_roc_auc"": 0.019103600293901537, ""f1"": 0.11020408262623896, ""precision"": 0.054945055012679496, ""recall"": 0.1428571428571428}",72.03348803520203,25.990801334381104,126.61447238922119,397.5703125,541,ok,,upstream-0.0.12,{}
3917,kc1,openml_task,amlb,classification,featuretools,0,4500,1687,422,21,2158,2137,0.3187184638003885,binary_crossentropy,False,0.3301744084602213,0.03469664627630577,"{""accuracy"": 0.8696682464248894, ""binary_crossentropy"": 0.3187184638003885, ""binary_roc_auc"": 0.8456582633053221, ""f1"": 0.30379746536132035, ""precision"": 0.8571428565306122, ""recall"": 0.18461538458698226}","{""accuracy"": 0.016620498614958453, ""binary_crossentropy"": 0.03469664627630577, ""binary_roc_auc"": 0.008790643876108438, ""f1"": 0.3333333375996251, ""precision"": 0.33333333333333337, ""recall"": 0.33333333333333326}",5.178576469421387,5.4013683795928955,47.38398766517639,534.625,56,ok,,upstream-1.x,{}
3917,kc1,openml_task,amlb,classification,openfe,0,4500,1687,422,21,1763,1742,0.3309549346557373,binary_crossentropy,False,0.3301744084602213,-0.0023639815064892653,"{""accuracy"": 0.8672985781785, ""binary_crossentropy"": 0.3309549346557373, ""binary_roc_auc"": 0.8330963154492566, ""f1"": 0.31707316736763835, ""precision"": 0.7647058819031142, ""recall"": 0.1999999999692308}","{""accuracy"": 0.013850415512465311, ""binary_crossentropy"": -0.0023639815064892653, ""binary_roc_auc"": -0.00619457653257947, ""f1"": 0.39159891938783875, ""precision"": 0.1895424838100732, ""recall"": 0.4444444444444444}",122.76493406295776,45.052581787109375,192.94297170639038,546.73828125,61,ok,,upstream-0.0.12,{}
3913,kc2,openml_task,amlb,classification,autofeat,4,4500,417,105,21,27,6,0.5333111320932706,binary_crossentropy,False,0.4744573522713922,-0.12404440470808378,"{""accuracy"": 0.7999999999238095, ""binary_crossentropy"": 0.5333111320932706, ""binary_roc_auc"": 0.7267250821467689, ""f1"": 0.3636363589715335, ""precision"": 0.5454545449586776, ""recall"": 0.27272727260330576}","{""accuracy"": -0.011764705882353007, ""binary_crossentropy"": -0.12404440470808366, ""binary_roc_auc"": -0.024981631153563583, ""f1"": -0.11688311789659121, ""precision"": -0.06493506500590329, ""recall"": -0.14285714285714296}",227.33597683906555,0.029740571975708008,230.5865442752838,534.484375,158,ok,,upstream-2.1.x,{}
3903,pc3,openml_task,amlb,classification,tabularaml,4,4500,1250,313,37,,,,,,,,,,,,1378.7674252986908,,,crash,ValueError: Input X contains infinity or a value too large for dtype('float64').,0.2.0,
3917,kc1,openml_task,amlb,classification,openfe,1,4500,1687,422,21,1786,1765,0.32467559243274313,binary_crossentropy,False,0.3282037836773171,0.010750001736856354,"{""accuracy"": 0.8554502369465533, ""binary_crossentropy"": 0.32467559243274313, ""binary_roc_auc"": 0.8399698340874812, ""f1"": 0.24691357701569888, ""precision"": 0.624999999609375, ""recall"": 0.15384615382248523}","{""accuracy"": -0.016348773841961855, ""binary_crossentropy"": 0.010750001736856354, ""binary_roc_auc"": 0.015155855316267751, ""f1"": -0.23076923304843308, ""precision"": -0.23076923076923067, ""recall"": -0.23076923076923073}",96.12808036804199,32.47715473175049,167.15051555633545,548.796875,70,ok,,upstream-0.0.12,{}
3913,kc2,openml_task,amlb,classification,tabularaml,2,4500,417,105,21,39,18,0.39785851296924407,binary_crossentropy,False,0.3961613681699548,-0.004283973490724627,"{""accuracy"": 0.8285714284925171, ""binary_crossentropy"": 0.39785851296924407, ""binary_roc_auc"": 0.81078860898138, ""f1"": 0.5263157843213296, ""precision"": 0.624999999609375, ""recall"": 0.45454545433884297}","{""accuracy"": -0.011363636363636296, ""binary_crossentropy"": -0.004283973490724486, ""binary_roc_auc"": -0.02854330708661419, ""f1"": -0.02631578979501418, ""precision"": -0.06249999996093736, ""recall"": 0.0}",422.8121073246002,0.03473472595214844,426.31311559677124,353.2734375,43,ok,,0.2.0,"{""mode"": ""best"", ""elapsed_time"": 392.8829641342163, ""n_init_feats"": 21, ""n_added_feats"": 18, ""initial_metric"": null, ""final_metric"": 0.5205616103536022, ""pct_gain"": 0.05948924854067825}"
3917,kc1,openml_task,amlb,classification,featuretools,1,4500,1687,422,21,2158,2137,0.3405591959124917,binary_crossentropy,False,0.3282037836773171,-0.03764555087311892,"{""accuracy"": 0.860189573439332, ""binary_crossentropy"": 0.3405591959124917, ""binary_roc_auc"": 0.8240249946132299, ""f1"": 0.3058823492705883, ""precision"": 0.649999999675, ""recall"": 0.1999999999692308}","{""accuracy"": -0.010899182561307903, ""binary_crossentropy"": -0.03764555087311892, ""binary_roc_auc"": -0.004114476185516121, ""f1"": -0.04705882531764702, ""precision"": -0.19999999989999995, ""recall"": 0.0}",5.452847003936768,5.308030605316162,49.23326802253723,438.54296875,43,ok,,upstream-1.x,{}
219,electricity,openml_task,amlb,classification,tabularaml,1,4500,36249,9063,8,28,20,,binary_crossentropy,False,,0.0,"{""accuracy"": 0.9489131634106267, ""binary_crossentropy"": null, ""binary_roc_auc"": 0.9886733255860772, ""f1"": 0.9557234338429985, ""precision"": 0.9532621136952437, ""recall"": 0.9581975071889585}","{""accuracy"": 0.015708042990433466, ""binary_crossentropy"": null, ""binary_roc_auc"": 0.006291648327057477, ""f1"": 0.013458201692486058, ""precision"": 0.013940058902995458, ""recall"": 0.012973849584431478}",1394.152634382248,0.04948902130126953,1430.4262511730194,477.12109375,1999,ok,,0.2.0,"{""mode"": ""best"", ""elapsed_time"": 785.4310488700867, ""n_init_feats"": 8, ""n_added_feats"": 20, ""initial_metric"": null, ""final_metric"": 0.2603790373700687, ""pct_gain"": 0.1000345051160347}"
49,tic-tac-toe,openml_task,amlb,classification,tabularaml,1,4500,766,192,9,29,20,0.03345759627821584,binary_crossentropy,False,0.022896941321278,-0.46122557632288985,"{""accuracy"": 0.9947916666148545, ""binary_crossentropy"": 0.03345759627821584, ""binary_roc_auc"": 1.0, ""f1"": 0.9960159311756958, ""precision"": 0.992063491984757, ""recall"": 0.9999999999200001}","{""accuracy"": -0.00520833333333341, ""binary_crossentropy"": -0.46122557632288586, ""binary_roc_auc"": 0.0, ""f1"": -0.003984063764543311, ""precision"": -0.007936507935878061, ""recall"": 0.0}",1435.1421418190002,0.07953977584838867,1439.002944946289,356.65625,546,ok,,0.2.0,"{""mode"": ""best"", ""elapsed_time"": 1434.5289223194122, ""n_init_feats"": 9, ""n_added_feats"": 20, ""initial_metric"": null, ""final_metric"": 0.037693101297434604, ""pct_gain"": 0.38576945404963064}"
3917,kc1,openml_task,amlb,classification,featuretools,2,4500,1687,422,21,2158,2137,0.34259688331617566,binary_crossentropy,False,0.3280922282438601,-0.0442090784958635,"{""accuracy"": 0.8578199051929426, ""binary_crossentropy"": 0.34259688331617566, ""binary_roc_auc"": 0.8191984486102133, ""f1"": 0.28571428214569167, ""precision"": 0.631578947036011, ""recall"": 0.18461538458698226}","{""accuracy"": 0.014005602240896295, ""binary_crossentropy"": -0.04420907849586333, ""binary_roc_auc"": -0.027049851571297124, ""f1"": 0.05952381200455883, ""precision"": 0.2631578945983379, ""recall"": 0.0}",6.431355953216553,7.1874096393585205,42.66868185997009,534.57421875,38,ok,,upstream-1.x,{}
3913,kc2,openml_task,amlb,classification,tabularaml,1,4500,417,105,21,43,22,0.39962858536413737,binary_crossentropy,False,0.3762406605340185,-0.06216214057492652,"{""accuracy"": 0.7999999999238095, ""binary_crossentropy"": 0.39962858536413737, ""binary_roc_auc"": 0.8012048192771084, ""f1"": 0.2758620651129608, ""precision"": 0.571428570612245, ""recall"": 0.18181818173553718}","{""accuracy"": -0.03448275862068972, ""binary_crossentropy"": -0.06216214057492636, ""binary_roc_auc"": -0.019436997319034775, ""f1"": -0.310344830014533, ""precision"": -0.23809523823129236, ""recall"": -0.3333333333333333}",598.1866941452026,0.06324458122253418,601.491949558258,354.734375,15,ok,,0.2.0,"{""mode"": ""best"", ""elapsed_time"": 551.2133431434631, ""n_init_feats"": 21, ""n_added_feats"": 22, ""initial_metric"": null, ""final_metric"": 0.37855704400636075, ""pct_gain"": 0.30012364441483946}"
3904,jm1,openml_task,amlb,classification,tabularaml,0,4500,8708,2177,21,29,8,0.429275897969387,binary_crossentropy,False,0.4270242333059662,-0.0052729201010178126,"{""accuracy"": 0.8217730822194682, ""binary_crossentropy"": 0.429275897969387, ""binary_roc_auc"": 0.744055670683209, ""f1"": 0.32167831778112627, ""precision"": 0.6092715231384588, ""recall"": 0.21852731590929864}","{""accuracy"": 0.005056179775280835, ""binary_crossentropy"": -0.0052729201010178126, ""binary_roc_auc"": -0.005784771437815377, ""f1"": 0.12994600425359215, ""precision"": 0.03344790008412901, ""recall"": 0.1645569620253164}",1497.4150381088257,0.01430654525756836,1502.061019897461,485.81640625,151,ok,,0.2.0,"{""mode"": ""best"", ""elapsed_time"": 1495.37757563591, ""n_init_feats"": 21, ""n_added_feats"": 8, ""initial_metric"": null, ""final_metric"": 0.42950305437380215, ""pct_gain"": 0.027351611099628956}"
3,kr-vs-kp,openml_task,amlb,classification,autofeat,0,4500,2556,640,36,75,39,0.02324047672186964,binary_crossentropy,False,0.0225950405465887,-0.02856539132780549,"{""accuracy"": 0.9890624999845459, ""binary_crossentropy"": 0.02324047672186964, ""binary_roc_auc"": 1.0, ""f1"": 0.9884297470341097, ""precision"": 0.9999999999665552, ""recall"": 0.9771241829746038}","{""accuracy"": -0.0015772870662460682, ""binary_crossentropy"": -0.028565391327802645, ""binary_roc_auc"": 1.9569088667573926e-05, ""f1"": -0.0016859504216098688, ""precision"": -1.1146639167608126e-13, ""recall"": -0.0033333333333333145}",1539.7425363063812,0.09082531929016113,1543.033314704895,587.203125,325,ok,,upstream-2.1.x,{}
3917,kc1,openml_task,amlb,classification,featuretools,3,4500,1687,422,21,2158,2137,0.32153041382492364,binary_crossentropy,False,0.323612228651659,0.006433053643891369,"{""accuracy"": 0.8672985781785, ""binary_crossentropy"": 0.32153041382492364, ""binary_roc_auc"": 0.834949364361129, ""f1"": 0.39130434359404537, ""precision"": 0.666666666419753, ""recall"": 0.2769230768804734}","{""accuracy"": 0.008264462809917293, ""binary_crossentropy"": 0.00643305364389154, ""binary_roc_auc"": -0.007148530579825365, ""f1"": 0.2792642155624724, ""precision"": 0.025641025773979028, ""recall"": 0.38461538461538464}",4.512334108352661,5.215312480926514,49.58182907104492,425.671875,66,ok,,upstream-1.x,{}
3917,kc1,openml_task,amlb,classification,openfe,2,4500,1687,422,21,1762,1741,0.32699081546216496,binary_crossentropy,False,0.3280922282438601,0.003357021858123618,"{""accuracy"": 0.8578199051929426, ""binary_crossentropy"": 0.32699081546216496, ""binary_roc_auc"": 0.8426632191338074, ""f1"": 0.28571428214569167, ""precision"": 0.631578947036011, ""recall"": 0.18461538458698226}","{""accuracy"": 0.014005602240896295, ""binary_crossentropy"": 0.0033570218581237864, ""binary_roc_auc"": 0.0008189169822907853, ""f1"": 0.05952381200455883, ""precision"": 0.2631578945983379, ""recall"": 0.0}",93.70160865783691,34.231910943984985,148.72341132164001,544.7734375,31,ok,,upstream-0.0.12,{}
43,spambase,openml_task,amlb,classification,tabularaml,4,4500,3680,921,57,69,12,0.14996738470640017,binary_crossentropy,False,0.1504146624055279,0.002973630974364943,"{""accuracy"": 0.9457111834859314, ""binary_crossentropy"": 0.14996738470640017, ""binary_roc_auc"": 0.9852681260305894, ""f1"": 0.9301675927403562, ""precision"": 0.9433427761772424, ""recall"": 0.9173553718755549}","{""accuracy"": -0.0011467889908257105, ""binary_crossentropy"": 0.002973630974364943, ""binary_roc_auc"": 0.0005364403423192073, ""f1"": -0.001190516261973694, ""precision"": -0.0055121335196739035, ""recall"": 0.0030120481927710615}",1581.5578572750092,0.03957796096801758,1586.6142196655273,415.17578125,323,ok,,0.2.0,"{""mode"": ""best"", ""elapsed_time"": 1377.4349370002747, ""n_init_feats"": 57, ""n_added_feats"": 12, ""initial_metric"": null, ""final_metric"": 0.14792200628716295, ""pct_gain"": 0.005310489003002467}"
3904,jm1,openml_task,amlb,classification,tabularaml,1,4500,8708,2177,21,33,12,0.4260191219085789,binary_crossentropy,False,0.4279933997485949,0.004612869827375199,"{""accuracy"": 0.8185576481358817, ""binary_crossentropy"": 0.4260191219085789, ""binary_roc_auc"": 0.7454698921647667, ""f1"": 0.2671614065887148, ""precision"": 0.6101694914737145, ""recall"": 0.17102137766814676}","{""accuracy"": -0.001680672268907587, ""binary_crossentropy"": 0.004612869827375199, ""binary_roc_auc"": 0.004249456973337147, ""f1"": -0.10195140519060022, ""precision"": 0.007147232987958866, ""recall"": -0.13253012048192764}",1585.6361148357391,0.02611994743347168,1590.1786074638367,470.75,100,ok,,0.2.0,"{""mode"": ""best"", ""elapsed_time"": 1191.3010139465332, ""n_init_feats"": 21, ""n_added_feats"": 12, ""initial_metric"": null, ""final_metric"": 0.4405850711842826, ""pct_gain"": 0.027243483598250944}"
43,spambase,openml_task,amlb,classification,tabularaml,2,4500,3680,921,57,71,14,0.1291687145648637,binary_crossentropy,False,0.1270383647289758,-0.016769342398517077,"{""accuracy"": 0.9478827361460599, ""binary_crossentropy"": 0.1291687145648637, ""binary_roc_auc"": 0.9891238879508674, ""f1"": 0.9327731042189817, ""precision"": 0.9487179486909197, ""recall"": 0.9173553718755549}","{""accuracy"": -0.00228571428571433, ""binary_crossentropy"": -0.016769342398516632, ""binary_roc_auc"": -0.0001247654409710436, ""f1"": -0.0031857519293353696, ""precision"": -0.00030616150035272236, ""recall"": -0.005970149253731298}",1604.3199999332428,0.029453277587890625,1609.2674293518066,415.59765625,190,ok,,0.2.0,"{""mode"": ""best"", ""elapsed_time"": 1474.2265796661377, ""n_init_feats"": 57, ""n_added_feats"": 14, ""initial_metric"": null, ""final_metric"": 0.16318934525391593, ""pct_gain"": -0.009748171046776761}"
3917,kc1,openml_task,amlb,classification,featuretools,4,4500,1687,422,21,2134,2113,0.3487761253226213,binary_crossentropy,False,0.3333425756226078,-0.04629936536365687,"{""accuracy"": 0.860189573439332, ""binary_crossentropy"": 0.3487761253226213, ""binary_roc_auc"": 0.8131006248653307, ""f1"": 0.3058823492705883, ""precision"": 0.649999999675, ""recall"": 0.1999999999692308}","{""accuracy"": 0.011142061281337049, ""binary_crossentropy"": -0.04629936536365687, ""binary_roc_auc"": -0.027247183770267868, ""f1"": 0.26941176767294134, ""precision"": 0.170000000065, ""recall"": 0.29999999999999993}",4.887709379196167,5.663820743560791,37.45160961151123,413.21484375,39,ok,,upstream-1.x,{}
3917,kc1,openml_task,amlb,classification,openfe,3,4500,1687,422,21,1830,1809,0.323842698845006,binary_crossentropy,False,0.323612228651659,-0.0007121801123129659,"{""accuracy"": 0.8530805687001639, ""binary_crossentropy"": 0.323842698845006, ""binary_roc_auc"": 0.8454212454212454, ""f1"": 0.27906976368577613, ""precision"": 0.5714285711564626, ""recall"": 0.18461538458698226}","{""accuracy"": -0.008264462809917422, ""binary_crossentropy"": -0.0007121801123127942, ""binary_roc_auc"": 0.005303748494709043, ""f1"": -0.08765653084837977, ""precision"": -0.12087912085818937, ""recall"": -0.07692307692307696}",117.67170405387878,38.40719437599182,184.70222520828247,530.94140625,45,ok,,upstream-0.0.12,{}
3903,pc3,openml_task,amlb,classification,tabularaml,2,4500,1250,313,37,50,13,0.2626504488884451,binary_crossentropy,False,0.2712276310752184,0.03162355602477191,"{""accuracy"": 0.8913738018884545, ""binary_crossentropy"": 0.2626504488884451, ""binary_roc_auc"": 0.8352980427046264, ""f1"": 0.0, ""precision"": 0.0, ""recall"": 0.0}","{""accuracy"": -0.007117437722419871, ""binary_crossentropy"": 0.031623556024772105, ""binary_roc_auc"": 0.011718750000000042, ""f1"": 0.0, ""precision"": 0.0, ""recall"": 0.0}",1631.3075456619263,0.032044172286987305,1635.2174773216248,378.18359375,25,ok,,0.2.0,"{""mode"": ""best"", ""elapsed_time"": 1563.771785736084, ""n_init_feats"": 37, ""n_added_feats"": 13, ""initial_metric"": null, ""final_metric"": 0.4116532531210443, ""pct_gain"": 0.03922775980548319}"
31,credit-g,openml_task,amlb,classification,autofeat,0,4500,800,200,20,22,2,0.5148440602282062,binary_crossentropy,False,0.5007967171864585,-0.02804999026484742,"{""accuracy"": 0.7649999999617499, ""binary_crossentropy"": 0.5148440602282062, ""binary_roc_auc"": 0.7673809523809524, ""f1"": 0.5346534604176063, ""precision"": 0.658536585205235, ""recall"": 0.449999999925}","{""accuracy"": 0.0, ""binary_crossentropy"": -0.02804999026484742, ""binary_roc_auc"": -0.0173780487804878, ""f1"": 0.058168317045571745, ""precision"": -0.039634146301308765, ""recall"": 0.12499999999999996}",1632.4067060947418,0.02888321876525879,1636.891459941864,578.93359375,82,ok,,upstream-2.1.x,{}
31,credit-g,openml_task,amlb,classification,autofeat,2,4500,800,200,20,27,7,0.5237177360244095,binary_crossentropy,False,0.4985714282095432,-0.050436720582186366,"{""accuracy"": 0.7399999999629999, ""binary_crossentropy"": 0.5237177360244095, ""binary_roc_auc"": 0.7563095238095239, ""f1"": 0.4583333285503472, ""precision"": 0.6111111109413581, ""recall"": 0.3666666666055555}","{""accuracy"": -0.03267973856209153, ""binary_crossentropy"": -0.05043672058218625, ""binary_roc_auc"": -0.05065750149432145, ""f1"": -0.05208333421026693, ""precision"": -0.13888888885030862, ""recall"": 0.0}",1650.3877730369568,0.04286837577819824,1654.6676795482635,582.42578125,54,ok,,upstream-2.1.x,{}
3918,pc1,openml_task,amlb,classification,featuretools,0,4500,887,222,21,2111,2090,0.1612100963950627,binary_crossentropy,False,0.1584501000591092,-0.017418709959311454,"{""accuracy"": 0.9414414413990342, ""binary_crossentropy"": 0.1612100963950627, ""binary_roc_auc"": 0.9128824476650563, ""f1"": 0.31578947002770086, ""precision"": 0.7499999981250001, ""recall"": 0.19999999986666667}","{""accuracy"": 0.0, ""binary_crossentropy"": -0.017418709959311277, ""binary_roc_auc"": -0.011680613668061371, ""f1"": -0.17105263150623262, ""precision"": 0.12499999906250013, ""recall"": -0.24999999999999994}",4.633096218109131,4.966477632522583,38.38368272781372,414.46484375,58,ok,,upstream-1.x,{}
3918,pc1,openml_task,amlb,classification,openfe,0,4500,887,222,21,1578,1557,0.17100607978834495,binary_crossentropy,False,0.1584501000591092,-0.07924248532851536,"{""accuracy"": 0.9369369368947326, ""binary_crossentropy"": 0.17100607978834495, ""binary_roc_auc"": 0.9167471819645733, ""f1"": 0.22222221919753085, ""precision"": 0.6666666644444444, ""recall"": 0.13333333324444444}","{""accuracy"": -0.004784688995215334, ""binary_crossentropy"": -0.07924248532851516, ""binary_roc_auc"": -0.007496513249651286, ""f1"": -0.416666667800926, ""precision"": -1.666666640811609e-09, ""recall"": -0.5}",62.99415707588196,17.966386079788208,100.04629564285278,437.92578125,43,ok,,upstream-0.0.12,{}
3918,pc1,openml_task,amlb,classification,featuretools,1,4500,887,222,21,2146,2125,0.2054305625859195,binary_crossentropy,False,0.2153935256993045,0.046254700929560875,"{""accuracy"": 0.9369369368947326, ""binary_crossentropy"": 0.2054305625859195, ""binary_roc_auc"": 0.8333333333333335, ""f1"": 0.12499999867187499, ""precision"": 0.9999999900000002, ""recall"": 0.06666666662222222}","{""accuracy"": 0.0, ""binary_crossentropy"": 0.046254700929561125, ""binary_roc_auc"": 0.03437937237657429, ""f1"": -0.4374999983203125, ""precision"": 0.4999999900000002, ""recall"": -0.5}",5.561976194381714,6.253178834915161,39.47516441345215,461.59375,73,ok,,upstream-1.x,{}
3917,kc1,openml_task,amlb,classification,openfe,4,4500,1687,422,21,1823,1802,0.35619893060860297,binary_crossentropy,False,0.3333425756226078,-0.06856716380529775,"{""accuracy"": 0.8436018957146065, ""binary_crossentropy"": 0.35619893060860297, ""binary_roc_auc"": 0.8148674854557207, ""f1"": 0.3265306077113703, ""precision"": 0.48484848470156106, ""recall"": 0.24615384611597635}","{""accuracy"": -0.008356545961002852, ""binary_crossentropy"": -0.06856716380529775, ""binary_roc_auc"": -0.025133400355734324, ""f1"": 0.35510204143075796, ""precision"": -0.1272727270523416, ""recall"": 0.5999999999999999}",109.02473044395447,32.23602604866028,163.29653978347778,553.27734375,75,ok,,upstream-0.0.12,{}
3,kr-vs-kp,openml_task,amlb,classification,autofeat,3,4500,2556,640,36,68,32,0.029703544198946476,binary_crossentropy,False,0.0310860490636855,0.04447348268371793,"{""accuracy"": 0.9968749999844239, ""binary_crossentropy"": 0.029703544198946476, ""binary_roc_auc"": 0.999804312942742, ""f1"": 0.9967213064427843, ""precision"": 0.9999999999671052, ""recall"": 0.9934640522551156}","{""accuracy"": 0.0, ""binary_crossentropy"": 0.044473482683719534, ""binary_roc_auc"": -9.78617213878451e-06, ""f1"": 0.0, ""precision"": 0.0, ""recall"": 0.0}",1714.0668303966522,0.12186551094055176,1718.4194028377533,569.96484375,254,ok,,upstream-2.1.x,{}
3918,pc1,openml_task,amlb,classification,featuretools,2,4500,887,222,21,2035,2014,0.18216492843117799,binary_crossentropy,False,0.1668545311853826,-0.0917589539644259,"{""accuracy"": 0.9414414413990342, ""binary_crossentropy"": 0.18216492843117799, ""binary_roc_auc"": 0.895330112721417, ""f1"": 0.23529411529411765, ""precision"": 0.999999995, ""recall"": 0.13333333324444444}","{""accuracy"": 0.004807692307692331, ""binary_crossentropy"": -0.09175895396442553, ""binary_roc_auc"": -0.0017953321364452505, ""f1"": 0.05882353323529422, ""precision"": 0.4999999975, ""recall"": 0.0}",5.015047073364258,4.2428178787231445,21.13153600692749,460.09765625,29,ok,,upstream-1.x,{}
3913,kc2,openml_task,amlb,classification,tabularaml,4,4500,417,105,21,46,25,0.4353846604980174,binary_crossentropy,False,0.4744573522713922,0.08235237916815968,"{""accuracy"": 0.7904761904009071, ""binary_crossentropy"": 0.4353846604980174, ""binary_roc_auc"": 0.7798466593647316, ""f1"": 0.3124999955078125, ""precision"": 0.49999999949999996, ""recall"": 0.22727272716942148}","{""accuracy"": -0.02352941176470588, ""binary_crossentropy"": 0.0823523791681598, ""binary_roc_auc"": 0.04628949301983829, ""f1"": -0.24107143061623096, ""precision"": -0.14285714300000008, ""recall"": -0.28571428571428575}",606.2472925186157,0.04261469841003418,609.4395895004272,356.125,36,ok,,0.2.0,"{""mode"": ""best"", ""elapsed_time"": 571.242030620575, ""n_init_feats"": 21, ""n_added_feats"": 25, ""initial_metric"": null, ""final_metric"": 0.44141558323817415, ""pct_gain"": 0.2331348988664618}"
3918,pc1,openml_task,amlb,classification,openfe,1,4500,887,222,21,1683,1662,0.22965931673932755,binary_crossentropy,False,0.2153935256993045,-0.06623128988537237,"{""accuracy"": 0.9414414413990342, ""binary_crossentropy"": 0.22965931673932755, ""binary_roc_auc"": 0.8310789049919485, ""f1"": 0.23529411529411765, ""precision"": 0.999999995, ""recall"": 0.13333333324444444}","{""accuracy"": 0.004807692307692331, ""binary_crossentropy"": -0.0662312898853721, ""binary_roc_auc"": 0.031581051369178555, ""f1"": 0.05882353323529422, ""precision"": 0.4999999975, ""recall"": 0.0}",70.76195502281189,25.116725206375122,115.86705756187439,438.92578125,107,ok,,upstream-0.0.12,{}
31,credit-g,openml_task,amlb,classification,autofeat,3,4500,800,200,20,24,4,0.49674591910094024,binary_crossentropy,False,0.5091846006270498,0.024428628656074123,"{""accuracy"": 0.78499999996075, ""binary_crossentropy"": 0.49674591910094024, ""binary_roc_auc"": 0.7891666666666667, ""f1"": 0.5473684162836566, ""precision"": 0.742857142644898, ""recall"": 0.4333333332611111}","{""accuracy"": 0.03973509933774835, ""binary_crossentropy"": 0.024428628656074123, ""binary_roc_auc"": 0.022835982101527576, ""f1"": 0.044054581688980146, ""precision"": 0.1830687830058957, ""recall"": -0.03703703703703703}",1759.6212437152863,0.037598371505737305,1762.4057416915894,580.64453125,30,ok,,upstream-2.1.x,{}
31,credit-g,openml_task,amlb,classification,autofeat,1,4500,800,200,20,28,8,0.4859738361649215,binary_crossentropy,False,0.4534580802544951,-0.07170620025599182,"{""accuracy"": 0.75499999996225, ""binary_crossentropy"": 0.4859738361649215, ""binary_roc_auc"": 0.7978571428571428, ""f1"": 0.5148514802235076, ""precision"": 0.6341463413087448, ""recall"": 0.4333333332611111}","{""accuracy"": -0.056249999999999946, ""binary_crossentropy"": -0.0717062002559917, ""binary_roc_auc"": -0.049496525315558086, ""f1"": -0.1529862675545285, ""precision"": -0.1408339889900405, ""recall"": -0.1612903225806452}",1760.8693444728851,0.03375554084777832,1764.3655488491058,585.55859375,46,ok,,upstream-2.1.x,{}
3918,pc1,openml_task,amlb,classification,featuretools,3,4500,887,222,21,2078,2057,0.18810195056302054,binary_crossentropy,False,0.2319262789243513,0.1889580109877294,"{""accuracy"": 0.9324324323904309, ""binary_crossentropy"": 0.18810195056302054, ""binary_roc_auc"": 0.909500805152979, ""f1"": 0.0, ""precision"": 0.0, ""recall"": 0.0}","{""accuracy"": 0.0, ""binary_crossentropy"": 0.1889580109877295, ""binary_roc_auc"": 0.030468892537858012, ""f1"": 0.0, ""precision"": 0.0, ""recall"": 0.0}",4.450425148010254,4.145544528961182,23.035089015960693,411.515625,15,ok,,upstream-1.x,{}
3918,pc1,openml_task,amlb,classification,tabularaml,2,4500,887,222,21,,,,,,,,,,,,69.867511510849,,,crash,ValueError: Input X contains infinity or a value too large for dtype('float64').,0.2.0,
3918,pc1,openml_task,amlb,classification,openfe,2,4500,887,222,21,1509,1488,0.1997381044920903,binary_crossentropy,False,0.1668545311853826,-0.19707929459927367,"{""accuracy"": 0.9324324323904309, ""binary_crossentropy"": 0.1997381044920903, ""binary_roc_auc"": 0.8669887278582931, ""f1"": 0.0, ""precision"": 0.0, ""recall"": 0.0}","{""accuracy"": -0.004807692307692331, ""binary_crossentropy"": -0.19707929459927329, ""binary_roc_auc"": -0.03339317773788151, ""f1"": -1.0, ""precision"": -1.0, ""recall"": -1.0}",65.42902731895447,19.32931423187256,95.3885703086853,429.21484375,30,ok,,upstream-0.0.12,{}
3918,pc1,openml_task,amlb,classification,featuretools,4,4500,887,222,21,2126,2105,0.14003294866179694,binary_crossentropy,False,0.1600700859945301,0.12517727599282893,"{""accuracy"": 0.9414414413990342, ""binary_crossentropy"": 0.14003294866179694, ""binary_roc_auc"": 0.9545893719806764, ""f1"": 0.31578947002770086, ""precision"": 0.7499999981250001, ""recall"": 0.19999999986666667}","{""accuracy"": -0.004761904761904668, ""binary_crossentropy"": 0.12517727599282893, ""binary_roc_auc"": 0.04256067534294773, ""f1"": -0.05263158096952902, ""precision"": -0.24999999937499998, ""recall"": 0.0}",4.048760652542114,4.778436183929443,25.305216789245605,393.35546875,39,ok,,upstream-1.x,{}
3918,pc1,openml_task,amlb,classification,openfe,3,4500,887,222,21,1544,1523,0.19282171843355303,binary_crossentropy,False,0.2319262789243513,0.1686077173839935,"{""accuracy"": 0.9324324323904309, ""binary_crossentropy"": 0.19282171843355303, ""binary_roc_auc"": 0.9375201288244767, ""f1"": 0.0, ""precision"": 0.0, ""recall"": 0.0}","{""accuracy"": 0.0, ""binary_crossentropy"": 0.1686077173839936, ""binary_roc_auc"": 0.0622149242838898, ""f1"": 0.0, ""precision"": 0.0, ""recall"": 0.0}",66.79585719108582,19.66230058670044,93.77082419395447,443.6171875,13,ok,,upstream-0.0.12,{}
31,credit-g,openml_task,amlb,classification,autofeat,4,4500,800,200,20,21,1,0.5072109941020608,binary_crossentropy,False,0.5135552299395204,0.012353560956251416,"{""accuracy"": 0.7499999999625, ""binary_crossentropy"": 0.5072109941020608, ""binary_roc_auc"": 0.776547619047619, ""f1"": 0.4186046468469443, ""precision"": 0.6923076920414201, ""recall"": 0.29999999995}","{""accuracy"": -0.03225806451612906, ""binary_crossentropy"": 0.012353560956251416, ""binary_roc_auc"": 0.0169940754599314, ""f1"": -0.15327695661753746, ""precision"": -0.08741258744889732, ""recall"": -0.1818181818181818}",1833.38299202919,0.028026580810546875,1836.6468341350555,581.4375,34,ok,,upstream-2.1.x,{}
31,credit-g,openml_task,amlb,classification,tabularaml,3,4500,800,200,20,52,32,0.5134831534512341,binary_crossentropy,False,0.5091846006270498,-0.00844203225881273,"{""accuracy"": 0.7699999999614999, ""binary_crossentropy"": 0.5134831534512341, ""binary_roc_auc"": 0.7676190476190475, ""f1"": 0.581818176753719, ""precision"": 0.639999999872, ""recall"": 0.5333333332444444}","{""accuracy"": 0.019867549668874104, ""binary_crossentropy"": -0.00844203225881273, ""binary_roc_auc"": -0.005091806819935292, ""f1"": 0.10976431061535209, ""precision"": 0.019259259292444337, ""recall"": 0.18518518518518515}",1841.6562881469727,0.07071805000305176,1844.8578362464905,356.39453125,65,ok,,0.2.0,"{""mode"": ""best"", ""elapsed_time"": 1841.1559326648712, ""n_init_feats"": 20, ""n_added_feats"": 32, ""initial_metric"": null, ""final_metric"": 0.5243859842574911, ""pct_gain"": 0.10012230033369898}"
49,tic-tac-toe,openml_task,amlb,classification,tabularaml,4,4500,766,192,9,46,37,0.03189546648983802,binary_crossentropy,False,0.0245381810602604,-0.29983010605023,"{""accuracy"": 0.9895833332817925, ""binary_crossentropy"": 0.03189546648983802, ""binary_roc_auc"": 0.9998805970149254, ""f1"": 0.9919999949206401, ""precision"": 0.99199999992064, ""recall"": 0.99199999992064}","{""accuracy"": -0.01041666666666671, ""binary_crossentropy"": -0.29983010605022803, ""binary_roc_auc"": -0.00011940298507462366, ""f1"": -0.008000000039999964, ""precision"": -0.008000000000000073, ""recall"": -0.008000000000000073}",1870.9957575798035,0.11266469955444336,1875.8335602283478,365.69140625,863,ok,,0.2.0,"{""mode"": ""best"", ""elapsed_time"": 1870.3362307548523, ""n_init_feats"": 9, ""n_added_feats"": 37, ""initial_metric"": null, ""final_metric"": 0.041097282949713716, ""pct_gain"": 0.4546400666355936}"
3918,pc1,openml_task,amlb,classification,openfe,4,4500,887,222,21,1741,1720,0.16735916517607802,binary_crossentropy,False,0.1600700859945301,-0.04553679806105059,"{""accuracy"": 0.9324324323904309, ""binary_crossentropy"": 0.16735916517607802, ""binary_roc_auc"": 0.9291465378421901, ""f1"": 0.0, ""precision"": 0.0, ""recall"": 0.0}","{""accuracy"": -0.014285714285714238, ""binary_crossentropy"": -0.04553679806105059, ""binary_roc_auc"": 0.014773126978544004, ""f1"": -1.0, ""precision"": -1.0, ""recall"": -1.0}",79.50541114807129,22.369633674621582,113.26242518424988,458.15234375,34,ok,,upstream-0.0.12,{}
7592,adult,openml_task,amlb,classification,featuretools,0,4500,39073,9769,14,155,141,0.27938872300080564,binary_crossentropy,False,0.2794654012064093,0.0002743745926065762,"{""accuracy"": 0.8735796908579448, ""binary_crossentropy"": 0.27938872300080564, ""binary_roc_auc"": 0.9273574369226827, ""f1"": 0.9192123976977624, ""precision"": 0.8943482688379655, ""recall"": 0.9454985869991314}","{""accuracy"": -0.002920901974529716, ""binary_crossentropy"": 0.0002743745926065762, ""binary_roc_auc"": -0.00014974535377483775, ""f1"": -0.0018152167936488332, ""precision"": -0.0013830676112091015, ""recall"": -0.0022720817949446657}",4.320869445800781,1.5932176113128662,42.24383497238159,502.55078125,217,ok,,upstream-1.x,{}
3913,kc2,openml_task,amlb,classification,tabularaml,3,4500,417,105,21,37,16,0.3814976438879967,binary_crossentropy,False,0.3906011115937006,0.02330630260769266,"{""accuracy"": 0.8285714284925171, ""binary_crossentropy"": 0.3814976438879967, ""binary_roc_auc"": 0.8077765607886089, ""f1"": 0.30769230485207105, ""precision"": 0.9999999975, ""recall"": 0.18181818173553718}","{""accuracy"": 0.03571428571428578, ""binary_crossentropy"": 0.02330630260769266, ""binary_roc_auc"": -0.06378927324658848, ""f1"": 2.538461542721894, ""precision"": 7.499999918396663e-09, ""recall"": 3.0}",824.0519053936005,0.03504300117492676,827.1823434829712,358.34765625,16,ok,,0.2.0,"{""mode"": ""best"", ""elapsed_time"": 790.1628592014313, ""n_init_feats"": 21, ""n_added_feats"": 16, ""initial_metric"": null, ""final_metric"": 0.45347909108924556, ""pct_gain"": 0.15402177390827446}"
49,tic-tac-toe,openml_task,amlb,classification,tabularaml,2,4500,766,192,9,27,18,0.06165597379132729,binary_crossentropy,False,0.048641702952447,-0.26755376660235924,"{""accuracy"": 0.9843749999487305, ""binary_crossentropy"": 0.06165597379132729, ""binary_roc_auc"": 0.9994029850746269, ""f1"": 0.9881422874127076, ""precision"": 0.976562499923706, ""recall"": 0.9999999999200001}","{""accuracy"": -0.005263157894736808, ""binary_crossentropy"": -0.26755376660235924, ""binary_roc_auc"": 0.00011948858883976259, ""f1"": -0.003952569189176669, ""precision"": -0.007812499999389741, ""recall"": 0.0}",1890.3604354858398,0.06093192100524902,1893.49902176857,359.10546875,927,ok,,0.2.0,"{""mode"": ""best"", ""elapsed_time"": 1889.8313789367676, ""n_init_feats"": 9, ""n_added_feats"": 18, ""initial_metric"": null, ""final_metric"": 0.04480219850799018, ""pct_gain"": 0.34898229210216014}"
7592,adult,openml_task,amlb,classification,featuretools,1,4500,39073,9769,14,155,141,0.26686799035105263,binary_crossentropy,False,0.2675224734140665,0.0024464601222524518,"{""accuracy"": 0.879516838979548, ""binary_crossentropy"": 0.26686799035105263, ""binary_roc_auc"": 0.9342271394692592, ""f1"": 0.922743677312255, ""precision"": 0.9006919528435409, ""recall"": 0.9459023011694981}","{""accuracy"": 0.0015153281268214093, ""binary_crossentropy"": 0.0024464601222524518, ""binary_roc_auc"": 0.00034338157665242386, ""f1"": 0.0008199751153101362, ""precision"": 0.0020069890648502188, ""recall"": -0.0004266211604096093}",3.8461410999298096,1.5780959129333496,46.465628147125244,504.1875,267,ok,,upstream-1.x,{}
3021,sick,openml_task,amlb,classification,tabularaml,0,4500,3017,755,27,43,16,0.03689743276272144,binary_crossentropy,False,0.0366642645603812,-0.006359549417832817,"{""accuracy"": 0.9827814569406254, ""binary_crossentropy"": 0.03689743276272144, ""binary_roc_auc"": 0.9969338320966457, ""f1"": 0.8539325790834491, ""precision"": 0.8837209300270417, ""recall"": 0.826086956342155}","{""accuracy"": 0.0, ""binary_crossentropy"": -0.006359549417831294, ""binary_roc_auc"": -9.225943352706348e-05, ""f1"": 0.0, ""precision"": 0.0, ""recall"": 0.0}",2032.6432938575745,0.062150001525878906,2037.0132784843445,410.23046875,240,ok,,0.2.0,"{""mode"": ""best"", ""elapsed_time"": 1980.3045270442963, ""n_init_feats"": 27, ""n_added_feats"": 16, ""initial_metric"": null, ""final_metric"": 0.03950884914956674, ""pct_gain"": 0.3291045593016348}"
3917,kc1,openml_task,amlb,classification,tabularaml,3,4500,1687,422,21,26,5,0.32506030840331346,binary_crossentropy,False,0.323612228651659,-0.0044747374278404865,"{""accuracy"": 0.8649289099321107, ""binary_crossentropy"": 0.32506030840331346, ""binary_roc_auc"": 0.8414350355526827, ""f1"": 0.34482758234905536, ""precision"": 0.6818181815082645, ""recall"": 0.23076923073372782}","{""accuracy"": 0.005509641873278238, ""binary_crossentropy"": -0.004474737427840314, ""binary_roc_auc"": 0.0005636834148967454, ""f1"": 0.1273209558228398, ""precision"": 0.048951048998728534, ""recall"": 0.15384615384615377}",539.3012397289276,0.011980772018432617,543.0001153945923,369.265625,57,ok,,0.2.0,"{""mode"": ""best"", ""elapsed_time"": 538.5246806144714, ""n_init_feats"": 21, ""n_added_feats"": 5, ""initial_metric"": null, ""final_metric"": 0.42333726893431345, ""pct_gain"": 0.0630770859466361}"
3917,kc1,openml_task,amlb,classification,tabularaml,4,4500,1687,422,21,,,,,,,,,,,,457.8934404850006,,,crash,ValueError: Input X contains infinity or a value too large for dtype('float64').,0.2.0,
3918,pc1,openml_task,amlb,classification,tabularaml,0,4500,887,222,21,,,,,,,,,,,,418.3814625740051,,,crash,ValueError: Input X contains infinity or a value too large for dtype('float64').,0.2.0,
7592,adult,openml_task,amlb,classification,featuretools,2,4500,39073,9769,14,155,141,0.2768512009866131,binary_crossentropy,False,0.2762772787145083,-0.00207734155619019,"{""accuracy"": 0.8721465861389373, ""binary_crossentropy"": 0.2768512009866131, ""binary_roc_auc"": 0.9291625526845841, ""f1"": 0.9180069535785347, ""precision"": 0.8961804665458906, ""recall"": 0.9409231597349739}","{""accuracy"": -0.0007037297677691161, ""binary_crossentropy"": -0.00207734155619019, ""binary_roc_auc"": 0.00016015726017958075, ""f1"": -0.0003938817062364015, ""precision"": -0.0007690335811320121, ""recall"": 0.0}",2.5764570236206055,1.0328309535980225,21.0189208984375,504.23046875,223,ok,,upstream-1.x,{}
3918,pc1,openml_task,amlb,classification,tabularaml,1,4500,887,222,21,26,5,0.21154186524333315,binary_crossentropy,False,0.2153935256993045,0.017881969494980915,"{""accuracy"": 0.9324324323904309, ""binary_crossentropy"": 0.21154186524333315, ""binary_roc_auc"": 0.8165861513687601, ""f1"": 0.11764705660899655, ""precision"": 0.4999999975, ""recall"": 0.06666666662222222}","{""accuracy"": -0.004807692307692331, ""binary_crossentropy"": 0.017881969494981168, ""binary_roc_auc"": 0.013591844893064278, ""f1"": -0.4705882380536332, ""precision"": -0.25000000125, ""recall"": -0.5}",412.34539341926575,0.012619733810424805,417.27785897254944,358.296875,66,ok,,0.2.0,"{""mode"": ""best"", ""elapsed_time"": 411.72796058654785, ""n_init_feats"": 21, ""n_added_feats"": 5, ""initial_metric"": null, ""final_metric"": 0.26953922245508677, ""pct_gain"": 0.18818152997427268}"
7592,adult,openml_task,amlb,classification,featuretools,3,4500,39073,9769,14,155,141,0.27248456952565464,binary_crossentropy,False,0.2718498327630801,-0.002334880092156274,"{""accuracy"": 0.8754222540680976, ""binary_crossentropy"": 0.27248456952565464, ""binary_roc_auc"": 0.9312047800126144, ""f1"": 0.9202542378434412, ""precision"": 0.8968071519784204, ""recall"": 0.9449603014386423}","{""accuracy"": 0.0, ""binary_crossentropy"": -0.0023348800921560693, ""binary_roc_auc"": -0.00010976359542032315, ""f1"": 5.682325626661045e-05, ""precision"": -0.0005654940173556, ""recall"": 0.0007125552230298732}",3.3360788822174072,1.4730582237243652,26.711014986038208,504.578125,295,ok,,upstream-1.x,{}
3021,sick,openml_task,amlb,classification,tabularaml,4,4500,3017,755,27,44,17,0.0456283135456804,binary_crossentropy,False,0.0452863903164197,-0.007550242509320265,"{""accuracy"": 0.9827814569406254, ""binary_crossentropy"": 0.0456283135456804, ""binary_roc_auc"": 0.9949408229594653, ""f1"": 0.847058818364014, ""precision"": 0.9230769228402367, ""recall"": 0.7826086954820416}","{""accuracy"": -0.0026881720430107473, ""binary_crossentropy"": -0.0075502425093191845, ""binary_roc_auc"": 0.0002774352651047648, ""f1"": -0.030340557433959737, ""precision"": -0.004048583008408616, ""recall"": -0.05263157894736841}",2192.9427914619446,0.06460356712341309,2197.5975472927094,400.8828125,86,ok,,0.2.0,"{""mode"": ""best"", ""elapsed_time"": 2145.8241004943848, ""n_init_feats"": 27, ""n_added_feats"": 17, ""initial_metric"": null, ""final_metric"": 0.0492233249059494, ""pct_gain"": 0.21974387182969027}"
3918,pc1,openml_task,amlb,classification,tabularaml,4,4500,887,222,21,,,,,,,,,,,,402.2813084125519,,,crash,ValueError: Input X contains infinity or a value too large for dtype('float64').,0.2.0,
3021,sick,openml_task,amlb,classification,autofeat,2,4500,3017,755,27,38,11,0.03342918173521017,binary_crossentropy,False,0.0319441262277194,-0.04648915725239399,"{""accuracy"": 0.9907284768080699, ""binary_crossentropy"": 0.03342918173521017, ""binary_roc_auc"": 0.9960753050837063, ""f1"": 0.9176470536415224, ""precision"": 0.9999999997435898, ""recall"": 0.8478260867722117}","{""accuracy"": 0.004026845637583941, ""binary_crossentropy"": -0.04648915725239172, ""binary_roc_auc"": 6.156877231867018e-05, ""f1"": 0.0416534183482033, ""precision"": 0.02702702703395705, ""recall"": 0.05405405405405404}",2215.544275045395,0.061376094818115234,2219.5068187713623,549.703125,82,ok,,upstream-2.1.x,{}
7592,adult,openml_task,amlb,classification,featuretools,4,4500,39073,9769,14,155,141,0.2757947299850605,binary_crossentropy,False,0.2746401545461833,-0.004203957140881418,"{""accuracy"": 0.8743986078402349, ""binary_crossentropy"": 0.2757947299850605, ""binary_roc_auc"": 0.928863738582009, ""f1"": 0.9194617606729422, ""precision"": 0.8974884674514384, ""recall"": 0.9425380164164412}","{""accuracy"": 0.0010547287003398298, ""binary_crossentropy"": -0.004203957140881215, ""binary_roc_auc"": -0.00023411617905405693, ""f1"": 0.0007067429678287927, ""precision"": 1.8248049475918102e-05, ""recall"": 0.0014297969688303676}",3.5236434936523438,1.6317527294158936,25.723958253860474,505.58984375,270,ok,,upstream-1.x,{}
7592,adult,openml_task,amlb,classification,openfe,0,4500,39073,9769,14,557,543,0.29735261219683684,binary_crossentropy,False,0.2794654012064093,-0.06400510014195393,"{""accuracy"": 0.8647763332983265, ""binary_crossentropy"": 0.29735261219683684, ""binary_roc_auc"": 0.9176131271685822, ""f1"": 0.9138796481752977, ""precision"": 0.8863176530084897, ""recall"": 0.9432108733670527}","{""accuracy"": -0.012968804766911984, ""binary_crossentropy"": -0.06400510014195393, ""binary_roc_auc"": -0.010655781323378362, ""f1"": -0.007606119352521294, ""precision"": -0.010349942400650732, ""recall"": -0.00468616870207327}",293.454065322876,113.23019528388977,461.3928117752075,1048.25,112,ok,,upstream-0.0.12,{}
7592,adult,openml_task,amlb,classification,openfe,1,4500,39073,9769,14,542,528,0.2910322145217978,binary_crossentropy,False,0.2675224734140665,-0.08787949964615997,"{""accuracy"": 0.8663118026401204, ""binary_crossentropy"": 0.2910322145217978, ""binary_roc_auc"": 0.9216473333971079, ""f1"": 0.9148075618658278, ""precision"": 0.8877073047209929, ""recall"": 0.9436145875374194}","{""accuracy"": -0.013521389439328527, ""binary_crossentropy"": -0.08787949964615997, ""binary_roc_auc"": -0.013126710667663473, ""f1"": -0.0077876404759888735, ""precision"": -0.012438247320647865, ""recall"": -0.0028441410693970434}",269.92368507385254,112.34896731376648,422.3105957508087,1043.64453125,80,ok,,upstream-0.0.12,{}
3021,sick,openml_task,amlb,classification,autofeat,1,4500,3017,755,27,43,16,0.037331486074774316,binary_crossentropy,False,0.0437349498981227,0.14641525457934165,"{""accuracy"": 0.9880794701855884, ""binary_crossentropy"": 0.037331486074774316, ""binary_roc_auc"": 0.9953700864659348, ""f1"": 0.9010988959014612, ""precision"": 0.9111111109086419, ""recall"": 0.8913043476323251}","{""accuracy"": 0.0, ""binary_crossentropy"": 0.1464152545793426, ""binary_roc_auc"": 0.004828674900176224, ""f1"": 0.0024725274855679196, ""precision"": -0.0205555555454321, ""recall"": 0.024999999999999998}",2318.54331946373,0.06994342803955078,2322.5772490501404,559.82421875,170,ok,,upstream-2.1.x,{}
3917,kc1,openml_task,amlb,classification,tabularaml,0,4500,1687,422,21,37,16,0.34337647238379937,binary_crossentropy,False,0.3301744084602213,-0.039985121757759264,"{""accuracy"": 0.8507109004537746, ""binary_crossentropy"": 0.34337647238379937, ""binary_roc_auc"": 0.8133591898297781, ""f1"": 0.22222221899710415, ""precision"": 0.5624999996484374, ""recall"": 0.1384615384402367}","{""accuracy"": -0.0055401662049861505, ""binary_crossentropy"": -0.039985121757759264, ""binary_roc_auc"": -0.029739108083793882, ""f1"": -0.024691359449609544, ""precision"": -0.12499999992187498, ""recall"": 0.0}",1119.9138350486755,0.023858308792114258,1123.8569922447205,379.74609375,74,ok,,0.2.0,"{""mode"": ""best"", ""elapsed_time"": 1027.3160979747772, ""n_init_feats"": 21, ""n_added_feats"": 16, ""initial_metric"": null, ""final_metric"": 0.41697970014057917, ""pct_gain"": 0.1065788104022058}"
3917,kc1,openml_task,amlb,classification,tabularaml,1,4500,1687,422,21,36,15,0.32058873297470086,binary_crossentropy,False,0.3282037836773171,0.023202202659866982,"{""accuracy"": 0.8720379146712787, ""binary_crossentropy"": 0.32058873297470086, ""binary_roc_auc"": 0.8344106873518639, ""f1"": 0.3720930194780964, ""precision"": 0.7619047615419501, ""recall"": 0.24615384611597635}","{""accuracy"": 0.002724795640326912, ""binary_crossentropy"": 0.023202202659866982, ""binary_roc_auc"": 0.008437280279159366, ""f1"": 0.15921288010931084, ""precision"": -0.062271062131519235, ""recall"": 0.23076923076923073}",973.1987588405609,0.02058863639831543,975.9380493164062,376.08203125,78,ok,,0.2.0,"{""mode"": ""best"", ""elapsed_time"": 904.5806512832642, ""n_init_feats"": 21, ""n_added_feats"": 15, ""initial_metric"": null, ""final_metric"": 0.4208043880816181, ""pct_gain"": 0.10000813113855545}"
7592,adult,openml_task,amlb,classification,openfe,2,4500,39073,9769,14,538,524,0.29921727741392834,binary_crossentropy,False,0.2762772787145083,-0.08303252010501064,"{""accuracy"": 0.8612959361235937, ""binary_crossentropy"": 0.29921727741392834, ""binary_roc_auc"": 0.9166989856724639, ""f1"": 0.9115477461619517, ""precision"": 0.8851419878284925, ""recall"": 0.9395774458337511}","{""accuracy"": -0.013136288998357894, ""binary_crossentropy"": -0.08303252010501064, ""binary_roc_auc"": -0.01325575484997686, ""f1"": -0.007427230667021231, ""precision"": -0.01307681105266313, ""recall"": -0.0014302059496566922}",307.8983037471771,117.80886936187744,499.7532277107239,987.9375,78,ok,,upstream-0.0.12,{}
3918,pc1,openml_task,amlb,classification,autofeat,0,4500,887,222,21,25,4,0.16917452684326753,binary_crossentropy,False,0.1584501000591092,-0.06768330711156147,"{""accuracy"": 0.9369369368947326, ""binary_crossentropy"": 0.16917452684326753, ""binary_roc_auc"": 0.9091787439613527, ""f1"": 0.29999999595000004, ""precision"": 0.5999999988, ""recall"": 0.19999999986666667}","{""accuracy"": -0.004784688995215334, ""binary_crossentropy"": -0.06768330711156127, ""binary_roc_auc"": -0.015690376569037608, ""f1"": -0.2125000014437499, ""precision"": -0.10000000029999999, ""recall"": -0.24999999999999994}",784.1413908004761,0.019489288330078125,787.180433511734,551.69921875,40,ok,,upstream-2.1.x,{}
3021,sick,openml_task,amlb,classification,autofeat,0,4500,3017,755,27,43,16,0.03622174312126212,binary_crossentropy,False,0.0366642645603812,0.012069557222136783,"{""accuracy"": 0.9854304635631068, ""binary_crossentropy"": 0.03622174312126212, ""binary_roc_auc"": 0.996964493775679, ""f1"": 0.8764044891907589, ""precision"": 0.9069767439751216, ""recall"": 0.8478260867722117}","{""accuracy"": 0.002695417789757407, ""binary_crossentropy"": 0.01206955722213828, ""binary_roc_auc"": -6.150628901826503e-05, ""f1"": 0.026315789627595093, ""precision"": 0.02631578947368412, ""recall"": 0.026315789473684206}",2425.521624803543,0.04788661003112793,2428.467576980591,555.8125,142,ok,,upstream-2.1.x,{}
3918,pc1,openml_task,amlb,classification,autofeat,1,4500,887,222,21,22,1,0.19862778666261416,binary_crossentropy,False,0.2153935256993045,0.07783771114873618,"{""accuracy"": 0.9324324323904309, ""binary_crossentropy"": 0.19862778666261416, ""binary_roc_auc"": 0.8458937198067633, ""f1"": 0.11764705660899655, ""precision"": 0.4999999975, ""recall"": 0.06666666662222222}","{""accuracy"": -0.004807692307692331, ""binary_crossentropy"": 0.07783771114873642, ""binary_roc_auc"": 0.04997001798920656, ""f1"": -0.4705882380536332, ""precision"": -0.25000000125, ""recall"": -0.5}",815.5950040817261,0.021213054656982422,818.5786626338959,555.5078125,60,ok,,upstream-2.1.x,{}
3,kr-vs-kp,openml_task,amlb,classification,tabularaml,4,4500,2556,640,36,48,12,0.024673680835024924,binary_crossentropy,False,0.0219026212689641,-0.12651725709138747,"{""accuracy"": 0.9937499999844727, ""binary_crossentropy"": 0.024673680835024924, ""binary_roc_auc"": 0.9998825877656451, ""f1"": 0.9934426179183016, ""precision"": 0.9967105262830029, ""recall"": 0.9901960783990131}","{""accuracy"": -0.001569858712715867, ""binary_crossentropy"": -0.1265172570913855, ""binary_roc_auc"": -3.914047516554588e-05, ""f1"": -0.0016715936661375304, ""precision"": 0.003246333045406614, ""recall"": -0.006557377049180402}",2462.1536412239075,0.09003186225891113,2466.189469099045,411.16796875,309,ok,,0.2.0,"{""mode"": ""best"", ""elapsed_time"": 2460.210403442383, ""n_init_feats"": 36, ""n_added_feats"": 12, ""initial_metric"": null, ""final_metric"": 0.017191235162211858, ""pct_gain"": 0.47877507590145185}"
7592,adult,openml_task,amlb,classification,openfe,3,4500,39073,9769,14,540,526,0.29531431073074643,binary_crossentropy,False,0.2718498327630801,-0.08631411588218946,"{""accuracy"": 0.8609888422552349, ""binary_crossentropy"": 0.29531431073074643, ""binary_roc_auc"": 0.9200397578451723, ""f1"": 0.9116230589115204, ""precision"": 0.8826717076233362, ""recall"": 0.9425380164164412}","{""accuracy"": -0.01648737137511697, ""binary_crossentropy"": -0.08631411588218924, ""binary_roc_auc"": -0.012098315301861102, ""f1"": -0.009322834047828934, ""precision"": -0.016318547296092903, ""recall"": -0.0018526435798774353}",273.4345717430115,106.32832288742065,418.9349539279938,960.8515625,97,ok,,upstream-0.0.12,{}
3904,jm1,openml_task,amlb,classification,tabularaml,4,4500,8708,2177,21,30,9,0.42971998103113557,binary_crossentropy,False,0.4287020114058398,-0.002374538952960696,"{""accuracy"": 0.818098300409655, ""binary_crossentropy"": 0.42971998103113557, ""binary_roc_auc"": 0.7453427407355304, ""f1"": 0.2773722592027413, ""precision"": 0.5984251968032737, ""recall"": 0.18052256531637714}","{""accuracy"": 0.006214689265536629, ""binary_crossentropy"": -0.0023745389529605657, ""binary_roc_auc"": -0.009985239991627478, ""f1"": 0.07237586206386457, ""precision"": 0.07885105910990545, ""recall"": 0.07042253521126764}",1934.564269542694,0.02028965950012207,1939.032038450241,520.71875,188,ok,,0.2.0,"{""mode"": ""best"", ""elapsed_time"": 1932.0401821136475, ""n_init_feats"": 21, ""n_added_feats"": 9, ""initial_metric"": null, ""final_metric"": 0.43667208898571735, ""pct_gain"": 0.03429109732304548}"
3021,sick,openml_task,amlb,classification,autofeat,4,4500,3017,755,27,45,18,0.04451007188092732,binary_crossentropy,False,0.0452863903164197,0.017142422482078527,"{""accuracy"": 0.9801324503181439, ""binary_crossentropy"": 0.04451007188092732, ""binary_roc_auc"": 0.9956460415772368, ""f1"": 0.8275862017228168, ""precision"": 0.8780487802736466, ""recall"": 0.7826086954820416}","{""accuracy"": -0.0053763440860214945, ""binary_crossentropy"": 0.017142422482079582, ""binary_roc_auc"": 0.0009864364981503862, ""f1"": -0.05263157924761989, ""precision"": -0.05263157894736844, ""recall"": -0.05263157894736841}",2502.5384151935577,0.06110978126525879,2505.777362346649,560.1875,102,ok,,upstream-2.1.x,{}
219,electricity,openml_task,amlb,classification,tabularaml,2,4500,36249,9063,8,32,24,,binary_crossentropy,False,,0.0,"{""accuracy"": 0.951561293168982, ""binary_crossentropy"": null, ""binary_roc_auc"": 0.988789434762589, ""f1"": 0.9578573435630148, ""precision"": 0.9590542099174182, ""recall"": 0.9566634707555961}","{""accuracy"": 0.016262078717888317, ""binary_crossentropy"": null, ""binary_roc_auc"": 0.00616032753529532, ""f1"": 0.014012976572561911, ""precision"": 0.014208109819108876, ""recall"": 0.013818329607803338}",2497.1221249103546,0.2013857364654541,2524.8367240428925,528.08984375,1998,ok,,0.2.0,"{""mode"": ""best"", ""elapsed_time"": 1641.043889284134, ""n_init_feats"": 8, ""n_added_feats"": 24, ""initial_metric"": null, ""final_metric"": 0.26272362431758667, ""pct_gain"": 0.08460239936947737}"
7592,adult,openml_task,amlb,classification,openfe,4,4500,39073,9769,14,540,526,0.29467737899685836,binary_crossentropy,False,0.2746401545461833,-0.07295810215292327,"{""accuracy"": 0.8631384993337463, ""binary_crossentropy"": 0.29467737899685836, ""binary_roc_auc"": 0.9183932440787723, ""f1"": 0.9127910719064956, ""precision"": 0.8856962025305245, ""recall"": 0.9415960166855852}","{""accuracy"": -0.011836399859369526, ""binary_crossentropy"": -0.07295810215292305, ""binary_roc_auc"": -0.01150384580274584, ""f1"": -0.006553377587850682, ""precision"": -0.013121174388156328, ""recall"": 0.0004289390906490631}",289.0583426952362,111.41879081726074,447.4279055595398,980.33984375,100,ok,,upstream-0.0.12,{}
3918,pc1,openml_task,amlb,classification,autofeat,4,4500,887,222,21,24,3,0.1618201859203075,binary_crossentropy,False,0.1600700859945301,-0.010933335325609861,"{""accuracy"": 0.9414414413990342, ""binary_crossentropy"": 0.1618201859203075, ""binary_roc_auc"": 0.9114331723027376, ""f1"": 0.23529411529411765, ""precision"": 0.999999995, ""recall"": 0.13333333324444444}","{""accuracy"": -0.004761904761904668, ""binary_crossentropy"": -0.010933335325609861, ""binary_roc_auc"": -0.004572634540977716, ""f1"": -0.2941176474509804, ""precision"": -1.666666699100538e-09, ""recall"": -0.33333333333333337}",782.9167597293854,0.02921438217163086,785.659948348999,554.1796875,37,ok,,upstream-2.1.x,{}
3918,pc1,openml_task,amlb,classification,autofeat,2,4500,887,222,21,23,2,0.16831802020294104,binary_crossentropy,False,0.1668545311853826,-0.008771047493654455,"{""accuracy"": 0.9414414413990342, ""binary_crossentropy"": 0.16831802020294104, ""binary_roc_auc"": 0.8930756843800322, ""f1"": 0.3809523765079365, ""precision"": 0.6666666655555555, ""recall"": 0.26666666648888887}","{""accuracy"": 0.004807692307692331, ""binary_crossentropy"": -0.00877104749365412, ""binary_roc_auc"": -0.0043087971274686256, ""f1"": 0.7142857176190478, ""precision"": 1.6666666435893868e-09, ""recall"": 1.0}",865.4668772220612,0.0166628360748291,868.21169257164,556.15234375,70,ok,,upstream-2.1.x,{}
31,credit-g,openml_task,amlb,classification,tabularaml,4,4500,800,200,20,57,37,0.5397511248104274,binary_crossentropy,False,0.5135552299395204,-0.051008914608837705,"{""accuracy"": 0.699999999965, ""binary_crossentropy"": 0.5397511248104274, ""binary_roc_auc"": 0.7246428571428571, ""f1"": 0.3478260823440454, ""precision"": 0.49999999984375, ""recall"": 0.2666666666222222}","{""accuracy"": -0.09677419354838718, ""binary_crossentropy"": -0.051008914608837705, ""binary_roc_auc"": -0.050982226379794195, ""f1"": -0.29644269066646894, ""precision"": -0.3409090908877841, ""recall"": -0.2727272727272727}",2608.891592502594,0.07686614990234375,2612.650943994522,365.10546875,43,ok,,0.2.0,"{""mode"": ""best"", ""elapsed_time"": 2591.8247604370117, ""n_init_feats"": 20, ""n_added_feats"": 37, ""initial_metric"": null, ""final_metric"": 0.5502942854518581, ""pct_gain"": 0.008750274819605197}"
3904,jm1,openml_task,amlb,classification,tabularaml,2,4500,8708,2177,21,36,15,0.4279455879500386,binary_crossentropy,False,0.4309365690237045,0.0069406527286416725,"{""accuracy"": 0.8176389526834285, ""binary_crossentropy"": 0.4279455879500386, ""binary_roc_auc"": 0.7461570509525536, ""f1"": 0.23506743430711943, ""precision"": 0.6224489795283216, ""recall"": 0.14489311163551322}","{""accuracy"": 0.00225225225225233, ""binary_crossentropy"": 0.0069406527286418, ""binary_roc_auc"": 0.0031862424163064625, ""f1"": 0.15920510835645596, ""precision"": 0.0008003201479775395, ""recall"": 0.19607843137254902}",2580.937589406967,0.021799325942993164,2584.698055267334,531.23828125,72,ok,,0.2.0,"{""mode"": ""best"", ""elapsed_time"": 2260.616803407669, ""n_init_feats"": 21, ""n_added_feats"": 15, ""initial_metric"": null, ""final_metric"": 0.4344971481422147, ""pct_gain"": 0.019084908320436064}"
3918,pc1,openml_task,amlb,classification,autofeat,3,4500,887,222,21,24,3,0.24175812606070493,binary_crossentropy,False,0.2319262789243513,-0.042392122108597004,"{""accuracy"": 0.9324324323904309, ""binary_crossentropy"": 0.24175812606070493, ""binary_roc_auc"": 0.87487922705314, ""f1"": 0.0, ""precision"": 0.0, ""recall"": 0.0}","{""accuracy"": 0.0, ""binary_crossentropy"": -0.04239212210859688, ""binary_roc_auc"": -0.008757525998905398, ""f1"": 0.0, ""precision"": 0.0, ""recall"": 0.0}",907.3340837955475,0.01974630355834961,910.0623667240143,560.69921875,2000,ok,,upstream-2.1.x,{}
3904,jm1,openml_task,amlb,classification,tabularaml,3,4500,8708,2177,21,33,12,0.4362035158826539,binary_crossentropy,False,0.4372989283519556,0.0025049511862057314,"{""accuracy"": 0.814423518599842, ""binary_crossentropy"": 0.4362035158826539, ""binary_roc_auc"": 0.7294643678409687, ""f1"": 0.22307691998557694, ""precision"": 0.5858585857994083, ""recall"": 0.13776722089934043}","{""accuracy"": 0.0022611644997174323, ""binary_crossentropy"": 0.0025049511862057314, ""binary_roc_auc"": 0.0005863149271882902, ""f1"": 0.007692308144064958, ""precision"": 0.04040404039995925, ""recall"": 0.0}",2271.638012647629,0.022366762161254883,2274.876609325409,518.51171875,94,ok,,0.2.0,"{""mode"": ""best"", ""elapsed_time"": 1961.6377942562103, ""n_init_feats"": 21, ""n_added_feats"": 12, ""initial_metric"": null, ""final_metric"": 0.43420257132092877, ""pct_gain"": 0.026318117051920335}"
219,electricity,openml_task,amlb,classification,tabularaml,0,4500,36249,9063,8,32,24,,binary_crossentropy,False,,0.0,"{""accuracy"": 0.9535473904877484, ""binary_crossentropy"": null, ""binary_roc_auc"": 0.9904091826910619, ""f1"": 0.9596781867422531, ""precision"": 0.9586681974723332, ""recall"": 0.9606903163931723}","{""accuracy"": 0.01503406154568946, ""binary_crossentropy"": null, ""binary_roc_auc"": 0.005647656391598203, ""f1"": 0.013004439511869092, ""precision"": 0.011841291828002424, ""recall"": 0.014170040485830038}",2696.7425343990326,0.15086936950683594,2719.712860584259,530.12890625,1997,ok,,0.2.0,"{""mode"": ""best"", ""elapsed_time"": 1735.809238910675, ""n_init_feats"": 8, ""n_added_feats"": 24, ""initial_metric"": null, ""final_metric"": 0.25742197384558596, ""pct_gain"": 0.11493959427033366}"
9946,wdbc,openml_task,amlb,classification,openfe,0,4500,455,114,30,1558,1528,0.14613388995119175,binary_crossentropy,False,0.1155696735689784,-0.2644657152550572,"{""accuracy"": 0.9385964911457372, ""binary_crossentropy"": 0.14613388995119175, ""binary_roc_auc"": 0.988425925925926, ""f1"": 0.921348309415478, ""precision"": 0.8723404253463105, ""recall"": 0.9761904759580499}","{""accuracy"": -0.009259259259259259, ""binary_crossentropy"": -0.264465715255057, ""binary_roc_auc"": -0.0026693360026692516, ""f1"": -0.009550561827237717, ""precision"": -0.040425531900973366, ""recall"": 0.025000000000000057}",60.299715995788574,8.946737051010132,85.89753484725952,415.453125,255,ok,,upstream-0.0.12,{}
9946,wdbc,openml_task,amlb,classification,featuretools,0,4500,455,114,30,3446,3416,0.15255988005185173,binary_crossentropy,False,0.1155696735689784,-0.3200684517015228,"{""accuracy"": 0.9298245613219452, ""binary_crossentropy"": 0.15255988005185173, ""binary_roc_auc"": 0.9894179894179895, ""f1"": 0.9111111059308643, ""precision"": 0.8541666664887153, ""recall"": 0.9761904759580499}","{""accuracy"": -0.018518518518518517, ""binary_crossentropy"": -0.32006845170152265, ""binary_roc_auc"": -0.0016683350016682543, ""f1"": -0.020555555634876547, ""precision"": -0.06041666664887153, ""recall"": 0.025000000000000057}",9.416761636734009,9.284370422363281,45.19528412818909,412.6953125,225,ok,,upstream-1.x,{}
219,electricity,openml_task,amlb,classification,tabularaml,3,4500,36249,9063,8,32,24,,binary_crossentropy,False,,0.0,"{""accuracy"": 0.9471477435717233, ""binary_crossentropy"": null, ""binary_roc_auc"": 0.988015041370746, ""f1"": 0.9540791820368056, ""precision"": 0.9539877300595208, ""recall"": 0.9541706615513822}","{""accuracy"": 0.015257244234180992, ""binary_crossentropy"": null, ""binary_roc_auc"": 0.006388880696953218, ""f1"": 0.013126433211696997, ""precision"": 0.013223531704002336, ""recall"": 0.013029315960912032}",2768.9830417633057,0.15014982223510742,2805.7982013225555,517.359375,1982,ok,,0.2.0,"{""mode"": ""best"", ""elapsed_time"": 1297.5872876644135, ""n_init_feats"": 8, ""n_added_feats"": 24, ""initial_metric"": null, ""final_metric"": 0.2562049261811339, ""pct_gain"": 0.10075330543064871}"
9946,wdbc,openml_task,amlb,classification,openfe,1,4500,455,114,30,1553,1523,0.08671558247225587,binary_crossentropy,False,0.1315438422545986,0.34078569558261157,"{""accuracy"": 0.9824561402646969, ""binary_crossentropy"": 0.08671558247225587, ""binary_roc_auc"": 0.9976851851851851, ""f1"": 0.975609750862582, ""precision"": 0.99999999975, ""recall"": 0.9523809521541949}","{""accuracy"": 0.027522935779816512, ""binary_crossentropy"": 0.340785695582612, ""binary_roc_auc"": 0.007009345794392499, ""f1"": 0.0397946086831643, ""precision"": 0.026315789480263117, ""recall"": 0.05263157894736841}",52.00364542007446,8.786273956298828,79.05843114852905,388.703125,76,ok,,upstream-0.0.12,{}
9946,wdbc,openml_task,amlb,classification,featuretools,1,4500,455,114,30,3453,3423,0.09812247389600727,binary_crossentropy,False,0.1315438422545986,0.25407018516233854,"{""accuracy"": 0.9736842104409049, ""binary_crossentropy"": 0.09812247389600727, ""binary_roc_auc"": 0.9940476190476191, ""f1"": 0.9638554164552185, ""precision"": 0.9756097558596074, ""recall"": 0.9523809521541949}","{""accuracy"": 0.018348623853211007, ""binary_crossentropy"": 0.25407018516233904, ""binary_roc_auc"": 0.0033377837116155503, ""f1"": 0.02726696273187142, ""precision"": 0.0012836970600206784, ""recall"": 0.05263157894736841}",8.582216501235962,11.696004390716553,57.51712727546692,424.40625,70,ok,,upstream-1.x,{}
3917,kc1,openml_task,amlb,classification,autofeat,1,4500,1687,422,21,24,3,0.3268843984884603,binary_crossentropy,False,0.3282037836773171,0.004020018215737623,"{""accuracy"": 0.8696682464248894, ""binary_crossentropy"": 0.3268843984884603, ""binary_roc_auc"": 0.8266537384184443, ""f1"": 0.3529411727889274, ""precision"": 0.749999999625, ""recall"": 0.23076923073372782}","{""accuracy"": 0.0, ""binary_crossentropy"": 0.004020018215737623, ""binary_roc_auc"": -0.0009374755865733971, ""f1"": 0.0995475109736491, ""precision"": -0.07692307680769227, ""recall"": 0.15384615384615377}",1579.0897805690765,0.026313304901123047,1582.7490241527557,590.20703125,53,ok,,upstream-2.1.x,{}
9946,wdbc,openml_task,amlb,classification,openfe,2,4500,455,114,30,1544,1514,0.08149014040317158,binary_crossentropy,False,0.099576327183872,0.1816313906346785,"{""accuracy"": 0.9824561402646969, ""binary_crossentropy"": 0.08149014040317158, ""binary_roc_auc"": 0.9933862433862434, ""f1"": 0.9761904709580499, ""precision"": 0.9761904759580499, ""recall"": 0.9761904759580499}","{""accuracy"": 0.009009009009009007, ""binary_crossentropy"": 0.1816313906346791, ""binary_roc_auc"": 0.0006662225183211542, ""f1"": 0.011904761962902966, ""precision"": 0.023809523803854857, ""recall"": 0.0}",49.134992837905884,7.78075098991394,71.13264012336731,414.36328125,279,ok,,upstream-0.0.12,{}
3917,kc1,openml_task,amlb,classification,autofeat,2,4500,1687,422,21,25,4,0.3384848750324399,binary_crossentropy,False,0.3280922282438601,-0.03167599197398638,"{""accuracy"": 0.8364928909754386, ""binary_crossentropy"": 0.3384848750324399, ""binary_roc_auc"": 0.8357897004955829, ""f1"": 0.18823529047474058, ""precision"": 0.3999999998, ""recall"": 0.12307692305798817}","{""accuracy"": -0.011204481792717089, ""binary_crossentropy"": -0.0316759919739862, ""binary_roc_auc"": -0.007344661684921796, ""f1"": -0.301960787469896, ""precision"": -0.20000000006666663, ""recall"": -0.3333333333333333}",1592.1447172164917,0.0256960391998291,1595.7611336708069,595.8046875,34,ok,,upstream-2.1.x,{}
3,kr-vs-kp,openml_task,amlb,classification,tabularaml,1,4500,2556,640,36,54,18,0.025365656129494596,binary_crossentropy,False,0.0364742156746022,0.3045592438288601,"{""accuracy"": 0.9968749999844239, ""binary_crossentropy"": 0.025365656129494596, ""binary_roc_auc"": 0.9988552307150405, ""f1"": 0.9967213064427843, ""precision"": 0.9999999999671052, ""recall"": 0.9934640522551156}","{""accuracy"": 0.003144654088050337, ""binary_crossentropy"": 0.30455924382886024, ""binary_roc_auc"": 0.0008627535564073208, ""f1"": 0.003300330049613793, ""precision"": 0.0033003300330032423, ""recall"": 0.003300330033003394}",3033.7940571308136,0.08790230751037598,3038.154376268387,414.8125,623,ok,,0.2.0,"{""mode"": ""best"", ""elapsed_time"": 3032.067066669464, ""n_init_feats"": 36, ""n_added_feats"": 18, ""initial_metric"": null, ""final_metric"": 0.012306442765339005, ""pct_gain"": 0.5433116820169988}"
9946,wdbc,openml_task,amlb,classification,featuretools,2,4500,455,114,30,3449,3419,0.08237082485554806,binary_crossentropy,False,0.099576327183872,0.1727870751504344,"{""accuracy"": 0.9736842104409049, ""binary_crossentropy"": 0.08237082485554806, ""binary_roc_auc"": 0.9923941798941799, ""f1"": 0.9647058771266437, ""precision"": 0.9534883718712818, ""recall"": 0.9761904759580499}","{""accuracy"": 0.0, ""binary_crossentropy"": 0.17278707515043498, ""binary_roc_auc"": -0.0003331112591605212, ""f1"": 0.0, ""precision"": 0.0, ""recall"": 0.0}",7.852070331573486,10.481370687484741,52.55962061882019,425.5546875,279,ok,,upstream-1.x,{}
3,kr-vs-kp,openml_task,amlb,classification,tabularaml,2,4500,2556,640,36,56,20,0.01974434995188403,binary_crossentropy,False,0.0287065666306318,0.31220092580435904,"{""accuracy"": 0.9968749999844239, ""binary_crossentropy"": 0.01974434995188403, ""binary_roc_auc"": 0.9999412938828225, ""f1"": 0.9967426659773579, ""precision"": 0.9935064934742368, ""recall"": 0.9999999999673203}","{""accuracy"": 0.007898894154818384, ""binary_crossentropy"": 0.3122009258043607, ""binary_roc_auc"": 0.00010764578664590021, ""f1"": 0.008143322515888856, ""precision"": 0.016233766233239216, ""recall"": 0.0}",3136.6165306568146,0.10082340240478516,3140.5917208194733,416.5234375,461,ok,,0.2.0,"{""mode"": ""best"", ""elapsed_time"": 3135.2205691337585, ""n_init_feats"": 36, ""n_added_feats"": 20, ""initial_metric"": null, ""final_metric"": 0.014886581252457273, ""pct_gain"": 0.5255014554943788}"
3917,kc1,openml_task,amlb,classification,autofeat,3,4500,1687,422,21,25,4,0.32418577918579794,binary_crossentropy,False,0.323612228651659,-0.0017723388777014105,"{""accuracy"": 0.860189573439332, ""binary_crossentropy"": 0.32418577918579794, ""binary_roc_auc"": 0.8347985347985348, ""f1"": 0.3058823492705883, ""precision"": 0.649999999675, ""recall"": 0.1999999999692308}","{""accuracy"": 0.0, ""binary_crossentropy"": -0.0017723388777012385, ""binary_roc_auc"": -0.007327884393655973, ""f1"": 0.0, ""precision"": 0.0, ""recall"": 0.0}",1676.6906235218048,0.021329641342163086,1680.1645634174347,592.2421875,54,ok,,upstream-2.1.x,{}
9946,wdbc,openml_task,amlb,classification,openfe,3,4500,455,114,30,1549,1519,0.032913513882177586,binary_crossentropy,False,0.0532692744987128,0.38212948849204037,"{""accuracy"": 0.9824561402646969, ""binary_crossentropy"": 0.032913513882177586, ""binary_roc_auc"": 1.0, ""f1"": 0.976744180822066, ""precision"": 0.9545454543285123, ""recall"": 0.9999999997619048}","{""accuracy"": -0.008849557522123892, ""binary_crossentropy"": 0.38212948849204076, ""binary_roc_auc"": 0.00033079722130330286, ""f1"": -0.011627907030827509, ""precision"": -0.02272727272210752, ""recall"": 0.0}",53.69581937789917,8.797102212905884,76.75822138786316,397.1484375,300,ok,,upstream-0.0.12,{}
3917,kc1,openml_task,amlb,classification,autofeat,0,4500,1687,422,21,24,3,0.33233766186258523,binary_crossentropy,False,0.3301744084602213,-0.006551850618745262,"{""accuracy"": 0.8554502369465533, ""binary_crossentropy"": 0.33233766186258523, ""binary_roc_auc"": 0.8307692307692308, ""f1"": 0.24691357701569888, ""precision"": 0.624999999609375, ""recall"": 0.15384615382248523}","{""accuracy"": 0.0, ""binary_crossentropy"": -0.006551850618745262, ""binary_roc_auc"": -0.00897056933556095, ""f1"": 0.083676268824197, ""precision"": -0.027777777690972064, ""recall"": 0.11111111111111116}",1974.9960420131683,0.019755840301513672,1979.0597195625305,597.82421875,52,ok,,upstream-2.1.x,{}
9946,wdbc,openml_task,amlb,classification,featuretools,3,4500,455,114,30,3440,3410,0.0360110649464268,binary_crossentropy,False,0.0532692744987128,0.3239805631800566,"{""accuracy"": 0.9824561402646969, ""binary_crossentropy"": 0.0360110649464268, ""binary_roc_auc"": 0.9996693121693122, ""f1"": 0.976744180822066, ""precision"": 0.9545454543285123, ""recall"": 0.9999999997619048}","{""accuracy"": -0.008849557522123892, ""binary_crossentropy"": 0.323980563180057, ""binary_roc_auc"": 0.0, ""f1"": -0.011627907030827509, ""precision"": -0.02272727272210752, ""recall"": 0.0}",7.9882519245147705,10.677268743515015,50.52411508560181,410.2265625,250,ok,,upstream-1.x,{}
3917,kc1,openml_task,amlb,classification,autofeat,4,4500,1687,422,21,42,21,0.31480758862075575,binary_crossentropy,False,0.3333425756226078,0.055603419296898694,"{""accuracy"": 0.8696682464248894, ""binary_crossentropy"": 0.31480758862075575, ""binary_roc_auc"": 0.8479422538246068, ""f1"": 0.4210526271689751, ""precision"": 0.6666666664444444, ""recall"": 0.30769230764497046}","{""accuracy"": 0.022284122562674098, ""binary_crossentropy"": 0.055603419296898694, ""binary_roc_auc"": 0.014435594050472973, ""f1"": 0.747368427803878, ""precision"": 0.20000000026666656, ""recall"": 1.0}",1687.6003506183624,0.0554201602935791,1691.782310962677,594.81640625,62,ok,,upstream-2.1.x,{}
9946,wdbc,openml_task,amlb,classification,openfe,4,4500,455,114,30,1524,1494,0.24639683395773254,binary_crossentropy,False,0.211103412801892,-0.16718545990045805,"{""accuracy"": 0.9122807016743614, ""binary_crossentropy"": 0.24639683395773254, ""binary_roc_auc"": 0.9751984126984127, ""f1"": 0.87499999479375, ""precision"": 0.9210526313365651, ""recall"": 0.8333333331349206}","{""accuracy"": -0.02803738317757009, ""binary_crossentropy"": -0.16718545990045774, ""binary_roc_auc"": -0.005731625084288734, ""f1"": -0.04440789497507361, ""precision"": -0.006232686999744851, ""recall"": -0.07894736842105256}",52.90944981575012,9.259238243103027,77.92964124679565,387.16796875,251,ok,,upstream-0.0.12,{}
9946,wdbc,openml_task,amlb,classification,featuretools,4,4500,455,114,30,3452,3422,0.25313130900898967,binary_crossentropy,False,0.211103412801892,-0.1990867681828449,"{""accuracy"": 0.9122807016743614, ""binary_crossentropy"": 0.25313130900898967, ""binary_roc_auc"": 0.9771825396825397, ""f1"": 0.87499999479375, ""precision"": 0.9210526313365651, ""recall"": 0.8333333331349206}","{""accuracy"": -0.02803738317757009, ""binary_crossentropy"": -0.19908676818284457, ""binary_roc_auc"": -0.003708698583951587, ""f1"": -0.04440789497507361, ""precision"": -0.006232686999744851, ""recall"": -0.07894736842105256}",8.434809446334839,10.641662120819092,53.59848880767822,412.27734375,234,ok,,upstream-1.x,{}
9952,phoneme,openml_task,amlb,classification,openfe,0,4500,4323,1081,5,92,87,0.232205709405329,binary_crossentropy,False,0.2475817773502007,0.06210500671510442,"{""accuracy"": 0.9130434782524234, ""binary_crossentropy"": 0.232205709405329, ""binary_roc_auc"": 0.9601838241366211, ""f1"": 0.8517350107460021, ""precision"": 0.8517350157460021, ""recall"": 0.8517350157460021}","{""accuracy"": 0.021739130434782677, ""binary_crossentropy"": 0.06210500671510463, ""binary_roc_auc"": 0.005717424304675559, ""f1"": 0.04009949065971877, ""precision"": 0.041737442368253955, ""recall"": 0.03846153846153855}",7.89066743850708,0.8197369575500488,17.63807487487793,351.109375,314,ok,,upstream-0.0.12,{}
3903,pc3,openml_task,amlb,classification,tabularaml,1,4500,1250,313,37,51,14,0.27144612040751565,binary_crossentropy,False,0.2650736055867642,-0.024040548309762225,"{""accuracy"": 0.8977635782460778, ""binary_crossentropy"": 0.27144612040751565, ""binary_roc_auc"": 0.8042704626334519, ""f1"": 0.33333332875000005, ""precision"": 0.4999999996875, ""recall"": 0.249999999921875}","{""accuracy"": -0.014035087719298255, ""binary_crossentropy"": -0.024040548309762013, ""binary_roc_auc"": -0.03186077643908975, ""f1"": -0.08333333552083315, ""precision"": -0.24999999984374993, ""recall"": 0.0}",3412.3803124427795,0.042284488677978516,3417.1412024497986,393.8125,97,ok,,0.2.0,"{""mode"": ""best"", ""elapsed_time"": 3329.66823887825, ""n_init_feats"": 37, ""n_added_feats"": 14, ""initial_metric"": null, ""final_metric"": 0.39543312844218265, ""pct_gain"": 0.15857220248739026}"
9946,wdbc,openml_task,amlb,classification,tabularaml,2,4500,455,114,30,38,8,0.09767363520988606,binary_crossentropy,False,0.099576327183872,0.01910787461032308,"{""accuracy"": 0.9473684209695291, ""binary_crossentropy"": 0.09767363520988606, ""binary_roc_auc"": 0.9917328042328043, ""f1"": 0.9285714233503402, ""precision"": 0.9285714283503401, ""recall"": 0.9285714283503401}","{""accuracy"": -0.027027027027027025, ""binary_crossentropy"": 0.019107874610323764, ""binary_roc_auc"": -0.0009993337774815635, ""f1"": -0.03745644619055214, ""precision"": -0.02613240418657708, ""recall"": -0.048780487804878044}",373.76202058792114,0.01217031478881836,376.5924108028412,347.65625,189,ok,,0.2.0,"{""mode"": ""best"", ""elapsed_time"": 373.39167380332947, ""n_init_feats"": 30, ""n_added_feats"": 8, ""initial_metric"": null, ""final_metric"": 0.07541228682446831, ""pct_gain"": 0.4510368501049923}"
9952,phoneme,openml_task,amlb,classification,featuretools,0,4500,4323,1081,5,110,105,0.23160634997104898,binary_crossentropy,False,0.2475817773502007,0.0645258611119619,"{""accuracy"": 0.9037927844504738, ""binary_crossentropy"": 0.23160634997104898, ""binary_roc_auc"": 0.960530662130246, ""f1"": 0.8349206298943311, ""precision"": 0.8402555910274678, ""recall"": 0.8296529968192539}","{""accuracy"": 0.011387163561076719, ""binary_crossentropy"": 0.06452586111196211, ""binary_roc_auc"": 0.0060807099639742694, ""f1"": 0.019566544685989347, ""precision"": 0.027697222904374395, ""recall"": 0.011538461538461603}",0.5840399265289307,0.2377326488494873,11.950682401657104,363.19140625,355,ok,,upstream-1.x,{}
9952,phoneme,openml_task,amlb,classification,openfe,1,4500,4323,1081,5,92,87,0.2386391780142751,binary_crossentropy,False,0.2682097859069472,0.11025178590214216,"{""accuracy"": 0.9019426456900839, ""binary_crossentropy"": 0.2386391780142751, ""binary_roc_auc"": 0.9578839579169902, ""f1"": 0.8328075659516466, ""precision"": 0.8328075709516465, ""recall"": 0.8328075709516465}","{""accuracy"": 0.012461059190031175, ""binary_crossentropy"": 0.11025178590214216, ""binary_roc_auc"": 0.01255723208401182, ""f1"": 0.02549638167461753, ""precision"": 0.015698645389373142, ""recall"": 0.035294117647058885}",7.088149070739746,0.833052396774292,15.128148794174194,351.4140625,287,ok,,upstream-0.0.12,{}
9946,wdbc,openml_task,amlb,classification,tabularaml,0,4500,455,114,30,44,14,0.1041911733730861,binary_crossentropy,False,0.1155696735689784,0.09845576131268538,"{""accuracy"": 0.964912280617113, ""binary_crossentropy"": 0.1041911733730861, ""binary_roc_auc"": 0.9884259259259259, ""f1"": 0.9523809471541951, ""precision"": 0.9523809521541949, ""recall"": 0.9523809521541949}","{""accuracy"": 0.018518518518518517, ""binary_crossentropy"": 0.09845576131268549, ""binary_roc_auc"": -0.002669336002669364, ""f1"": 0.023809523928854822, ""precision"": 0.04761904760770963, ""recall"": 0.0}",694.0686211585999,0.03226780891418457,697.1060373783112,353.44140625,793,ok,,0.2.0,"{""mode"": ""best"", ""elapsed_time"": 675.3790106773376, ""n_init_feats"": 30, ""n_added_feats"": 14, ""initial_metric"": null, ""final_metric"": 0.13302786530613225, ""pct_gain"": 0.22544541282281533}"
9952,phoneme,openml_task,amlb,classification,featuretools,1,4500,4323,1081,5,110,105,0.24601670046092675,binary_crossentropy,False,0.2682097859069472,0.08274524872750223,"{""accuracy"": 0.9019426456900839, ""binary_crossentropy"": 0.24601670046092675, ""binary_roc_auc"": 0.955662543148298, ""f1"": 0.8333333283071772, ""precision"": 0.8307210031087549, ""recall"": 0.835962145084039}","{""accuracy"": 0.012461059190031175, ""binary_crossentropy"": 0.08274524872750223, ""binary_roc_auc"": 0.010209025319604933, ""f1"": 0.02614379101053205, ""precision"": 0.013153850882862701, ""recall"": 0.03921568627450975}",0.5523257255554199,0.25051140785217285,13.122679471969604,243.484375,347,ok,,upstream-1.x,{}
9946,wdbc,openml_task,amlb,classification,tabularaml,1,4500,455,114,30,45,15,0.06422313296321877,binary_crossentropy,False,0.1315438422545986,0.5117739313185249,"{""accuracy"": 0.9736842104409049, ""binary_crossentropy"": 0.06422313296321877, ""binary_roc_auc"": 0.9983465608465609, ""f1"": 0.9629629577320531, ""precision"": 0.9999999997435898, ""recall"": 0.9285714283503401}","{""accuracy"": 0.018348623853211007, ""binary_crossentropy"": 0.5117739313185252, ""binary_roc_auc"": 0.007676902536715743, ""f1"": 0.02631578961372737, ""precision"": 0.026315789473684223, ""recall"": 0.026315789473684268}",587.1381735801697,0.034948110580444336,589.9597554206848,251.3515625,147,ok,,0.2.0,"{""mode"": ""best"", ""elapsed_time"": 554.1372389793396, ""n_init_feats"": 30, ""n_added_feats"": 15, ""initial_metric"": null, ""final_metric"": 0.07939720318054101, ""pct_gain"": 0.5070864069329343}"
3917,kc1,openml_task,amlb,classification,tabularaml,2,4500,1687,422,21,38,17,0.34151751463305896,binary_crossentropy,False,0.3280922282438601,-0.040919245362984656,"{""accuracy"": 0.8436018957146065, ""binary_crossentropy"": 0.34151751463305896, ""binary_roc_auc"": 0.8379659556130143, ""f1"": 0.2826086914437619, ""precision"": 0.481481481303155, ""recall"": 0.1999999999692308}","{""accuracy"": -0.002801120448179338, ""binary_crossentropy"": -0.04091924536298448, ""binary_roc_auc"": -0.00475995495956622, ""f1"": 0.04800724631409506, ""precision"": -0.03703703699245542, ""recall"": 0.08333333333333337}",2079.9977452754974,0.04354357719421387,2083.599431037903,285.33203125,144,ok,,0.2.0,"{""mode"": ""best"", ""elapsed_time"": 1984.7428827285767, ""n_init_feats"": 21, ""n_added_feats"": 17, ""initial_metric"": null, ""final_metric"": 0.4516973268907834, ""pct_gain"": 0.03864591758894414}"
9952,phoneme,openml_task,amlb,classification,openfe,2,4500,4323,1081,5,91,86,0.21986367527140419,binary_crossentropy,False,0.2424288639784168,0.09307962895466754,"{""accuracy"": 0.9010175763098889, ""binary_crossentropy"": 0.21986367527140419, ""binary_roc_auc"": 0.9644202024873239, ""f1"": 0.832550855694123, ""precision"": 0.8260869564960842, ""recall"": 0.8391167192164316}","{""accuracy"": 0.0061983471074379655, ""binary_crossentropy"": 0.09307962895466765, ""binary_roc_auc"": 0.008863203451984556, ""f1"": 0.01277738811873443, ""precision"": 0.006496751624580998, ""recall"": 0.01915708812260534}",8.056589126586914,0.9184978008270264,17.557676315307617,359.90625,314,ok,,upstream-0.0.12,{}
9952,phoneme,openml_task,amlb,classification,featuretools,2,4500,4323,1081,5,110,105,0.22624044070584504,binary_crossentropy,False,0.2424288639784168,0.06677597298815453,"{""accuracy"": 0.9074930619712536, ""binary_crossentropy"": 0.22624044070584504, ""binary_roc_auc"": 0.963429236791253, ""f1"": 0.8422712883488244, ""precision"": 0.8422712933488242, ""recall"": 0.8422712933488242}","{""accuracy"": 0.013429752066115633, ""binary_crossentropy"": 0.06677597298815464, ""binary_roc_auc"": 0.00782657146929631, ""f1"": 0.02460205243573248, ""precision"": 0.026215598825091217, ""recall"": 0.022988505747126433}",1.0627100467681885,0.35357141494750977,14.116318225860596,356.71484375,396,ok,,upstream-1.x,{}
9952,phoneme,openml_task,amlb,classification,tabularaml,0,4500,4323,1081,5,15,10,0.23827100308907617,binary_crossentropy,False,0.2475817773502007,0.03760686412697725,"{""accuracy"": 0.9047178538306687, ""binary_crossentropy"": 0.23827100308907617, ""binary_roc_auc"": 0.9582101507919466, ""f1"": 0.8367670314236704, ""precision"": 0.8407643311834151, ""recall"": 0.8328075709516465}","{""accuracy"": 0.012422360248447227, ""binary_crossentropy"": 0.03760686412697747, ""binary_roc_auc"": 0.0036501559100953515, ""f1"": 0.021821285028924206, ""precision"": 0.028319451248975613, ""recall"": 0.015384615384615472}",183.44684886932373,0.01574873924255371,188.3307909965515,259.1796875,515,ok,,0.2.0,"{""mode"": ""best"", ""elapsed_time"": 169.5534052848816, ""n_init_feats"": 5, ""n_added_feats"": 10, ""initial_metric"": null, ""final_metric"": 0.2576682354704657, ""pct_gain"": 0.09149169885219544}"
9952,phoneme,openml_task,amlb,classification,openfe,3,4500,4323,1081,5,92,87,0.24051468667245657,binary_crossentropy,False,0.2411837950994805,0.0027742677601866246,"{""accuracy"": 0.9028677150702789, ""binary_crossentropy"": 0.24051468667245657, ""binary_roc_auc"": 0.9570870563363998, ""f1"": 0.8341232177224732, ""precision"": 0.8354430379482455, ""recall"": 0.8328075709516465}","{""accuracy"": 0.0030832476875642086, ""binary_crossentropy"": 0.002774267760186854, ""binary_roc_auc"": 0.00040569527106048945, ""f1"": 0.0053880669958377, ""precision"": 0.00697887086672336, ""recall"": 0.003802281368821314}",8.13671326637268,0.9126873016357422,17.434311389923096,357.125,252,ok,,upstream-0.0.12,{}
9910,Bioresponse,openml_task,amlb,classification,openfe,0,4500,,,,,,,,,,,,,,,1425.5249428749084,,,crash,"45/.netrc.
wandb: Currently logged in as: ionutb to https://api.wandb.ai. Use `wandb login --relogin` to force relogin
wandb: Using an existing wandb-core service via WANDB_SERVICE.
wandb: WARNING Using a boolean value for 'reinit' is deprecated. Use 'return_previous' or 'finish_previous' instead.
wandb: Tracking run with wandb version 0.26.0
wandb: Run data is saved locally in /home/ionutionut045/tabularaml-refactored/wandb/run-20260428_223040-h1mau8un
wandb: Run `wandb offline` to turn off syncing.
wandb: Syncing run openfe_classification_Bioresponse_seed0
wandb: ⭐️ View project at https://wandb.ai/ionutb/tabularaml-targeted-benchmark-binary-all-1h
wandb: 🚀 View run at https://wandb.ai/ionutb/tabularaml-targeted-benchmark-binary-all-1h/runs/h1mau8un

  0%|          | 0/4 [00:00<?, ?it/s]",,
3,kr-vs-kp,openml_task,amlb,classification,tabularaml,0,4500,2556,640,36,63,27,0.02023370916540763,binary_crossentropy,False,0.0225950405465887,0.10450662287205206,"{""accuracy"": 0.9921874999844971, ""binary_crossentropy"": 0.02023370916540763, ""binary_roc_auc"": 0.9999902156471371, ""f1"": 0.9917627626777112, ""precision"": 0.9999999999667774, ""recall"": 0.9836601306868085}","{""accuracy"": 0.0015772870662460682, ""binary_crossentropy"": 0.10450662287205453, ""binary_roc_auc"": 9.784544333786963e-06, ""f1"": 0.0016803953955371828, ""precision"": 1.1068923555881775e-13, ""recall"": 0.0033333333333333145}",3665.419190645218,0.13779044151306152,3670.539712190628,336.17578125,872,ok,,0.2.0,"{""mode"": ""best"", ""elapsed_time"": 3662.9797103405, ""n_init_feats"": 36, ""n_added_feats"": 27, ""initial_metric"": null, ""final_metric"": 0.018483755726691965, ""pct_gain"": 0.3688746715991401}"
9952,phoneme,openml_task,amlb,classification,featuretools,3,4500,4323,1081,5,110,105,0.24350208841876694,binary_crossentropy,False,0.2411837950994805,-0.00961214379403147,"{""accuracy"": 0.9065679925910587, ""binary_crossentropy"": 0.24350208841876694, ""binary_roc_auc"": 0.9557822848365732, ""f1"": 0.8409448768632897, ""precision"": 0.8396226414830307, ""recall"": 0.8422712933488242}","{""accuracy"": 0.007194244604316528, ""binary_crossentropy"": -0.009612143794031238, ""binary_roc_auc"": -0.0009581313848451511, ""f1"": 0.013610371029067292, ""precision"": 0.012016643948733634, ""recall"": 0.015209125475285122}",0.8841240406036377,0.25611042976379395,10.720659017562866,367.28515625,271,ok,,upstream-1.x,{}
3,kr-vs-kp,openml_task,amlb,classification,tabularaml,3,4500,2556,640,36,93,57,0.020866126436430932,binary_crossentropy,False,0.0310860490636855,0.328762352729907,"{""accuracy"": 0.9968749999844239, ""binary_crossentropy"": 0.020866126436430932, ""binary_roc_auc"": 0.9999706469414112, ""f1"": 0.996732021111218, ""precision"": 0.9967320261112179, ""recall"": 0.9967320261112179}","{""accuracy"": 0.0, ""binary_crossentropy"": 0.3287623527299081, ""binary_roc_auc"": 0.000156578754220219, ""f1"": 1.0749914107734671e-05, ""precision"": -0.0032679738559947846, ""recall"": 0.0032894736842105075}",3676.4712212085724,0.2048797607421875,3682.526417016983,326.578125,172,ok,,0.2.0,"{""mode"": ""best"", ""elapsed_time"": 3672.7122230529785, ""n_init_feats"": 36, ""n_added_feats"": 57, ""initial_metric"": null, ""final_metric"": 0.010751155205177103, ""pct_gain"": 0.48640484849177607}"
9952,phoneme,openml_task,amlb,classification,tabularaml,1,4500,4323,1081,5,15,10,0.2544418721645225,binary_crossentropy,False,0.2682097859069472,0.05133263014945078,"{""accuracy"": 0.9028677150702789, ""binary_crossentropy"": 0.2544418721645225, ""binary_roc_auc"": 0.9513518423703899, ""f1"": 0.8372092973010757, ""precision"": 0.8231707316822204, ""recall"": 0.8517350157460021}","{""accuracy"": 0.01349948078920047, ""binary_crossentropy"": 0.05133263014945078, ""binary_roc_auc"": 0.005652282081611122, ""f1"": 0.0309165528600044, ""precision"": 0.003945480632950127, ""recall"": 0.05882352941176476}",201.8853440284729,0.016466379165649414,206.18207693099976,248.09375,290,ok,,0.2.0,"{""mode"": ""best"", ""elapsed_time"": 188.59405064582825, ""n_init_feats"": 5, ""n_added_feats"": 10, ""initial_metric"": null, ""final_metric"": 0.2574704467766534, ""pct_gain"": 0.05382499282197902}"
9952,phoneme,openml_task,amlb,classification,openfe,4,4500,4323,1081,5,92,87,0.22191689575286155,binary_crossentropy,False,0.2245167523478838,0.011579788892517992,"{""accuracy"": 0.9093432007316435, ""binary_crossentropy"": 0.22191689575286155, ""binary_roc_auc"": 0.9635035592184584, ""f1"": 0.8434504742070963, ""precision"": 0.8543689320111855, ""recall"": 0.8328075709516465}","{""accuracy"": -0.010070493454179213, ""binary_crossentropy"": 0.011579788892517992, ""binary_roc_auc"": 0.0013732196421903818, ""f1"": -0.020608784306157122, ""precision"": -0.007930580746924938, ""recall"": -0.0329670329670329}",7.761319637298584,0.8797245025634766,20.660446166992188,363.859375,342,ok,,upstream-0.0.12,{}
9952,phoneme,openml_task,amlb,classification,featuretools,4,4500,4323,1081,5,110,105,0.22890674781137343,binary_crossentropy,False,0.2245167523478838,-0.01955308642932551,"{""accuracy"": 0.9074930619712536, ""binary_crossentropy"": 0.22890674781137343, ""binary_roc_auc"": 0.9605224040827787, ""f1"": 0.841772146872146, ""precision"": 0.8444444444176367, ""recall"": 0.8391167192164316}","{""accuracy"": -0.012084592145015127, ""binary_crossentropy"": -0.01955308642932551, ""binary_roc_auc"": -0.0017251071755018763, ""f1"": -0.0225576112962118, ""precision"": -0.019454619454815837, ""recall"": -0.025641025641025657}",0.5770940780639648,0.2369678020477295,16.803032875061035,350.4453125,281,ok,,upstream-1.x,{}
219,electricity,openml_task,amlb,classification,tabularaml,4,4500,36249,9063,8,27,19,,binary_crossentropy,False,,0.0,"{""accuracy"": 0.9484718084509008, ""binary_crossentropy"": null, ""binary_roc_auc"": 0.9874096790204173, ""f1"": 0.9552810445050249, ""precision"": 0.9540933435329876, ""recall"": 0.9564717162014258}","{""accuracy"": 0.01260454706090228, ""binary_crossentropy"": null, ""binary_roc_auc"": 0.005234052516057289, ""f1"": 0.010780171265975354, ""precision"": 0.011841098538231287, ""recall"": 0.009716599190283474}",3672.312350988388,0.0910634994506836,3719.7553536891937,446.3828125,1997,ok,,0.2.0,"{""mode"": ""best"", ""elapsed_time"": 2462.7598378658295, ""n_init_feats"": 8, ""n_added_feats"": 19, ""initial_metric"": null, ""final_metric"": 0.2660701638457909, ""pct_gain"": 0.06922213958757047}"
9946,wdbc,openml_task,amlb,classification,tabularaml,4,4500,455,114,30,38,8,0.2637676523950894,binary_crossentropy,False,0.211103412801892,-0.24947128468557586,"{""accuracy"": 0.9385964911457372, ""binary_crossentropy"": 0.2637676523950894, ""binary_roc_auc"": 0.9748677248677248, ""f1"": 0.9135802416948637, ""precision"": 0.9487179484746877, ""recall"": 0.8809523807426304}","{""accuracy"": 0.0, ""binary_crossentropy"": -0.24947128468557553, ""binary_roc_auc"": -0.006068779501011668, ""f1"": -0.002274204040244823, ""precision"": 0.023616734130246713, ""recall"": -0.026315789473684147}",493.5487587451935,0.023880481719970703,496.9560194015503,247.53125,258,ok,,0.2.0,"{""mode"": ""best"", ""elapsed_time"": 466.7897183895111, ""n_init_feats"": 30, ""n_added_feats"": 8, ""initial_metric"": null, ""final_metric"": 0.13403687098383513, ""pct_gain"": -0.1292984689095288}"
9957,qsar-biodeg,openml_task,amlb,classification,featuretools,0,4500,844,211,41,7437,7396,0.34966294612223503,binary_crossentropy,False,0.3878659762759909,0.09849544041102493,"{""accuracy"": 0.8530805686799487, ""binary_crossentropy"": 0.34966294612223503, ""binary_roc_auc"": 0.9293259557344065, ""f1"": 0.7519999949721602, ""precision"": 0.8703703702091906, ""recall"": 0.6619718308926801}","{""accuracy"": 0.016949152542372847, ""binary_crossentropy"": 0.09849544041102493, ""binary_roc_auc"": 0.02100027631942533, ""f1"": 0.03608888911585516, ""precision"": 0.025102880662017935, ""recall"": 0.044444444444444516}",14.14255952835083,15.425302982330322,74.44807934761047,570.84765625,29,ok,,upstream-1.x,{}
9957,qsar-biodeg,openml_task,amlb,classification,openfe,0,4500,844,211,41,2037,1996,0.33753085305905456,binary_crossentropy,False,0.3878659762759909,0.12977452598502673,"{""accuracy"": 0.8578199051726152, ""binary_crossentropy"": 0.33753085305905456, ""binary_roc_auc"": 0.9358651911468813, ""f1"": 0.7580645111121229, ""precision"": 0.8867924526628693, ""recall"": 0.6619718308926801}","{""accuracy"": 0.022598870056497217, ""binary_crossentropy"": 0.12977452598502673, ""binary_roc_auc"": 0.028184581376070772, ""f1"": 0.044444444744165736, ""precision"": 0.04444444444444443, ""recall"": 0.044444444444444516}",144.57180190086365,21.162312507629395,187.60837054252625,378.0859375,33,ok,,upstream-0.0.12,{}
9952,phoneme,openml_task,amlb,classification,tabularaml,4,4500,4323,1081,5,15,10,0.228487225070129,binary_crossentropy,False,0.2245167523478838,-0.017684527683230738,"{""accuracy"": 0.9056429232108637, ""binary_crossentropy"": 0.228487225070129, ""binary_roc_auc"": 0.9611458866665564, ""f1"": 0.8365384565129335, ""precision"": 0.8501628664218188, ""recall"": 0.8233438485544686}","{""accuracy"": -0.014098690835850922, ""binary_crossentropy"": -0.017684527683230738, ""binary_roc_auc"": -0.0010771191568433945, ""f1"": -0.02863482687699967, ""precision"": -0.012814547017515738, ""recall"": -0.043956043956043946}",187.29332613945007,0.015389442443847656,192.218088388443,272.33984375,332,ok,,0.2.0,"{""mode"": ""best"", ""elapsed_time"": 184.63358283042908, ""n_init_feats"": 5, ""n_added_feats"": 10, ""initial_metric"": null, ""final_metric"": 0.2760688923207978, ""pct_gain"": 0.05408531334731143}"
9952,phoneme,openml_task,amlb,classification,tabularaml,3,4500,4323,1081,5,15,10,0.2536470314114688,binary_crossentropy,False,0.2411837950994805,-0.051675264114853285,"{""accuracy"": 0.8936170212683292, ""binary_crossentropy"": 0.2536470314114688, ""binary_roc_auc"": 0.9516119708656086, ""f1"": 0.8194662430120586, ""precision"": 0.8156249999745117, ""recall"": 0.8233438485544686}","{""accuracy"": -0.007194244604316651, ""binary_crossentropy"": -0.05167526411485304, ""binary_roc_auc"": -0.005317197595176542, ""f1"": -0.012278324682296256, ""precision"": -0.01690826996168654, ""recall"": -0.007604562737642628}",235.90915441513062,0.011115074157714844,239.2845094203949,281.84375,289,ok,,0.2.0,"{""mode"": ""best"", ""elapsed_time"": 233.03453516960144, ""n_init_feats"": 5, ""n_added_feats"": 10, ""initial_metric"": null, ""final_metric"": 0.2593417799320262, ""pct_gain"": 0.03471811341300685}"
3918,pc1,openml_task,amlb,classification,tabularaml,3,4500,887,222,21,35,14,0.2390102229274071,binary_crossentropy,False,0.2319262789243513,-0.030543947136608855,"{""accuracy"": 0.9324324323904309, ""binary_crossentropy"": 0.2390102229274071, ""binary_roc_auc"": 0.887278582930757, ""f1"": 0.0, ""precision"": 0.0, ""recall"": 0.0}","{""accuracy"": 0.0, ""binary_crossentropy"": -0.03054394713660873, ""binary_roc_auc"": 0.005291005291005465, ""f1"": 0.0, ""precision"": 0.0, ""recall"": 0.0}",2202.3905107975006,0.04564404487609863,2204.9156806468964,283.05078125,2000,ok,,0.2.0,"{""mode"": ""best"", ""elapsed_time"": 2145.9532577991486, ""n_init_feats"": 21, ""n_added_feats"": 14, ""initial_metric"": null, ""final_metric"": 0.25826986168047006, ""pct_gain"": 0.15670534743793327}"
9952,phoneme,openml_task,amlb,classification,tabularaml,2,4500,4323,1081,5,15,10,0.2256713164514404,binary_crossentropy,False,0.2424288639784168,0.06912356578327364,"{""accuracy"": 0.8936170212683292, ""binary_crossentropy"": 0.2256713164514404, ""binary_roc_auc"": 0.9628759476109469, ""f1"": 0.8194662430120586, ""precision"": 0.8156249999745117, ""recall"": 0.8233438485544686}","{""accuracy"": -0.0020661157024794044, ""binary_crossentropy"": 0.06912356578327375, ""binary_roc_auc"": 0.007247785278962077, ""f1"": -0.003139717444310152, ""precision"": -0.006249999999804797, ""recall"": 0.0}",445.9870343208313,0.014044523239135742,450.1660125255585,257.44140625,492,ok,,0.2.0,"{""mode"": ""best"", ""elapsed_time"": 433.17440462112427, ""n_init_feats"": 5, ""n_added_feats"": 10, ""initial_metric"": null, ""final_metric"": 0.27386436278986054, ""pct_gain"": 0.04537797538421303}"
9957,qsar-biodeg,openml_task,amlb,classification,featuretools,1,4500,844,211,41,7440,7399,0.2688913397641049,binary_crossentropy,False,0.293411874309981,0.08357035516555435,"{""accuracy"": 0.8862559241286134, ""binary_crossentropy"": 0.2688913397641049, ""binary_roc_auc"": 0.9442655935613682, ""f1"": 0.8260869514062172, ""precision"": 0.8507462685297394, ""recall"": 0.802816901295378}","{""accuracy"": 0.0, ""binary_crossentropy"": 0.08357035516555453, ""binary_roc_auc"": 0.0006396588486140885, ""f1"": -0.0029985007659417444, ""precision"": 0.012094698914818567, ""recall"": -0.01724137931034479}",16.73671817779541,16.892553091049194,89.17733263969421,568.41015625,72,ok,,upstream-1.x,{}
9957,qsar-biodeg,openml_task,amlb,classification,openfe,1,4500,844,211,41,2037,1996,0.2617412424862597,binary_crossentropy,False,0.293411874309981,0.10793916196541599,"{""accuracy"": 0.8957345971139462, ""binary_crossentropy"": 0.2617412424862597, ""binary_roc_auc"": 0.9459758551307846, ""f1"": 0.8382352890041092, ""precision"": 0.8769230767881657, ""recall"": 0.802816901295378}","{""accuracy"": 0.010695187165775421, ""binary_crossentropy"": 0.10793916196541616, ""binary_roc_auc"": 0.0024520255863539077, ""f1"": 0.011663286080687483, ""precision"": 0.04323607426125272, ""recall"": -0.01724137931034479}",186.4027829170227,21.913057804107666,238.71726274490356,371.4609375,78,ok,,upstream-0.0.12,{}
9946,wdbc,openml_task,amlb,classification,autofeat,1,4500,455,114,30,33,3,0.10813649910453119,binary_crossentropy,False,0.1315438422545986,0.17794328300646176,"{""accuracy"": 0.9736842104409049, ""binary_crossentropy"": 0.10813649910453119, ""binary_roc_auc"": 0.9904100529100529, ""f1"": 0.9638554164552185, ""precision"": 0.9756097558596074, ""recall"": 0.9523809521541949}","{""accuracy"": 0.018348623853211007, ""binary_crossentropy"": 0.17794328300646228, ""binary_roc_auc"": -0.00033377837116151023, ""f1"": 0.02726696273187142, ""precision"": 0.0012836970600206784, ""recall"": 0.05263157894736841}",1374.886864900589,0.021008014678955078,1378.1528840065002,461.1640625,61,ok,,upstream-2.1.x,{}
9957,qsar-biodeg,openml_task,amlb,classification,openfe,2,4500,844,211,41,2036,1995,0.33098617427368865,binary_crossentropy,False,0.3336047239985617,0.007849258528138725,"{""accuracy"": 0.8672985781579479, ""binary_crossentropy"": 0.33098617427368865, ""binary_roc_auc"": 0.9189134808853118, ""f1"": 0.7878787827881084, ""precision"": 0.8524590162536952, ""recall"": 0.7323943660940291}","{""accuracy"": 0.0, ""binary_crossentropy"": 0.007849258528138725, ""binary_roc_auc"": 0.0016449172058338325, ""f1"": -0.007856341219584492, ""precision"": 0.026108075278051444, ""recall"": -0.03703703703703695}",190.38330006599426,19.28887367248535,233.57407021522522,453.4375,57,ok,,upstream-0.0.12,{}
9957,qsar-biodeg,openml_task,amlb,classification,featuretools,2,4500,844,211,41,7421,7380,0.3494075708868097,binary_crossentropy,False,0.3336047239985617,-0.04736997335899862,"{""accuracy"": 0.8530805686799487, ""binary_crossentropy"": 0.3494075708868097, ""binary_roc_auc"": 0.9141851106639839, ""f1"": 0.7633587735446653, ""precision"": 0.8333333331944445, ""recall"": 0.7042253520134895}","{""accuracy"": -0.016393442622950786, ""binary_crossentropy"": -0.04736997335899862, ""binary_roc_auc"": -0.0035091567057791897, ""f1"": -0.038733390095086244, ""precision"": 0.0030864197402263125, ""recall"": -0.07407407407407404}",21.114606618881226,28.809815883636475,108.48194670677185,665.01953125,45,ok,,upstream-1.x,{}
9946,wdbc,openml_task,amlb,classification,autofeat,0,4500,455,114,30,38,8,0.11096724828077417,binary_crossentropy,False,0.1155696735689784,0.03982381489947922,"{""accuracy"": 0.964912280617113, ""binary_crossentropy"": 0.11096724828077417, ""binary_roc_auc"": 0.9940476190476191, ""f1"": 0.953488366873986, ""precision"": 0.931818181606405, ""recall"": 0.9761904759580499}","{""accuracy"": 0.018518518518518517, ""binary_crossentropy"": 0.03982381489947933, ""binary_roc_auc"": 0.003003003003002992, ""f1"": 0.025000000134302237, ""precision"": 0.024999999999999953, ""recall"": 0.025000000000000057}",1541.3861129283905,0.028983116149902344,1544.125587940216,417.1796875,442,ok,,upstream-2.1.x,{}
9946,wdbc,openml_task,amlb,classification,autofeat,2,4500,455,114,30,36,6,0.10209553716745097,binary_crossentropy,False,0.099576327183872,-0.0252992860333877,"{""accuracy"": 0.9736842104409049, ""binary_crossentropy"": 0.10209553716745097, ""binary_roc_auc"": 0.9930555555555556, ""f1"": 0.9647058771266437, ""precision"": 0.9534883718712818, ""recall"": 0.9761904759580499}","{""accuracy"": 0.0, ""binary_crossentropy"": -0.025299286033386985, ""binary_roc_auc"": 0.00033311125916063303, ""f1"": 0.0, ""precision"": 0.0, ""recall"": 0.0}",1255.727927684784,0.025160551071166992,1258.6711695194244,461.1171875,136,ok,,upstream-2.1.x,{}
9957,qsar-biodeg,openml_task,amlb,classification,featuretools,3,4500,844,211,41,7437,7396,0.3719784753017516,binary_crossentropy,False,0.3618040181016682,-0.028121459936977157,"{""accuracy"": 0.8483412321872824, ""binary_crossentropy"": 0.3719784753017516, ""binary_roc_auc"": 0.9007042253521126, ""f1"": 0.7538461487727812, ""precision"": 0.830508474435507, ""recall"": 0.6901408449732197}","{""accuracy"": -0.0055555555555555, ""binary_crossentropy"": -0.028121459936977157, ""binary_roc_auc"": -0.010171365395246084, ""f1"": -0.012461538534118235, ""precision"": -0.0033898305112899166, ""recall"": -0.019999999999999952}",12.354030847549438,16.895321130752563,94.42062830924988,505.9375,53,ok,,upstream-1.x,{}
9957,qsar-biodeg,openml_task,amlb,classification,tabularaml,3,4500,844,211,41,,,,,,,,,,,,83.42448496818542,,,crash,ValueError: Input X contains infinity or a value too large for dtype('float64').,0.2.0,
9957,qsar-biodeg,openml_task,amlb,classification,openfe,3,4500,844,211,41,2012,1971,0.38132011863486887,binary_crossentropy,False,0.3618040181016682,-0.053941082897859344,"{""accuracy"": 0.8578199051726152, ""binary_crossentropy"": 0.38132011863486887, ""binary_roc_auc"": 0.9075452716297788, ""f1"": 0.7727272676388889, ""precision"": 0.8360655736334318, ""recall"": 0.7183098590537592}","{""accuracy"": 0.00555555555555563, ""binary_crossentropy"": -0.053941082897859344, ""binary_roc_auc"": -0.0026533996683248636, ""f1"": 0.012272727345126156, ""precision"": 0.00327868852733126, ""recall"": 0.019999999999999952}",138.0756905078888,17.953784465789795,187.34675240516663,369.9921875,85,ok,,upstream-0.0.12,{}
7592,adult,openml_task,amlb,classification,tabularaml,3,4500,39073,9769,14,19,5,0.27088859397946435,binary_crossentropy,False,0.2718498327630801,0.00353591824517872,"{""accuracy"": 0.8754222540680976, ""binary_crossentropy"": 0.27088859397946435, ""binary_roc_auc"": 0.9317753845789014, ""f1"": 0.9202124122314765, ""precision"": 0.8972129890042224, ""recall"": 0.9444220158781531}","{""accuracy"": 0.0, ""binary_crossentropy"": 0.0035359182451789235, ""binary_roc_auc"": 0.0005029286361106449, ""f1"": 1.1370611864635797e-05, ""precision"": -0.00011321447598811624, ""recall"": 0.00014251104460597465}",2369.4832389354706,0.09146642684936523,2374.3998115062714,445.6015625,299,ok,,0.2.0,"{""mode"": ""best"", ""elapsed_time"": 2361.8545286655426, ""n_init_feats"": 14, ""n_added_feats"": 5, ""initial_metric"": null, ""final_metric"": 0.27729359897358097, ""pct_gain"": 0.005786003951605663}"
9957,qsar-biodeg,openml_task,amlb,classification,openfe,4,4500,844,211,41,2038,1997,0.2730126092828351,binary_crossentropy,False,0.2714626444117453,-0.005709680145673717,"{""accuracy"": 0.8720379146506143, ""binary_crossentropy"": 0.2730126092828351, ""binary_roc_auc"": 0.9523138832997988, ""f1"": 0.7906976693467941, ""precision"": 0.879310344675981, ""recall"": 0.7183098590537592}","{""accuracy"": 0.005464480874317014, ""binary_crossentropy"": -0.005709680145673717, ""binary_roc_auc"": 0.0012693039983076263, ""f1"": 0.003577817578372057, ""precision"": 0.03149867373130664, ""recall"": -0.019230769230769336}",136.56894421577454,16.434964418411255,216.43378376960754,469.54296875,167,ok,,upstream-0.0.12,{}
9946,wdbc,openml_task,amlb,classification,tabularaml,3,4500,455,114,30,48,18,0.08861191272827502,binary_crossentropy,False,0.0532692744987128,-0.6634713643493727,"{""accuracy"": 0.964912280617113, ""binary_crossentropy"": 0.08861191272827502, ""binary_roc_auc"": 0.9957010582010581, ""f1"": 0.9523809471541951, ""precision"": 0.9523809521541949, ""recall"": 0.9523809521541949}","{""accuracy"": -0.026548672566371678, ""binary_crossentropy"": -0.6634713643493716, ""binary_roc_auc"": -0.00396956665564019, ""f1"": -0.03628117932526188, ""precision"": -0.024943310662995457, ""recall"": -0.04761904761904772}",1431.266283750534,0.043975830078125,1434.150821685791,250.30078125,364,ok,,0.2.0,"{""mode"": ""best"", ""elapsed_time"": 1406.443201303482, ""n_init_feats"": 30, ""n_added_feats"": 18, ""initial_metric"": null, ""final_metric"": 0.09278501476904834, ""pct_gain"": 0.3792948756579808}"
9957,qsar-biodeg,openml_task,amlb,classification,tabularaml,2,4500,844,211,41,,,,,,,,,,,,402.7237582206726,,,crash,ValueError: Input X contains infinity or a value too large for dtype('float64').,0.2.0,
9946,wdbc,openml_task,amlb,classification,autofeat,4,4500,455,114,30,41,11,0.15029632896103226,binary_crossentropy,False,0.211103412801892,0.2880440587567552,"{""accuracy"": 0.9385964911457372, ""binary_crossentropy"": 0.15029632896103226, ""binary_roc_auc"": 0.9874338624338624, ""f1"": 0.9135802416948637, ""precision"": 0.9487179484746877, ""recall"": 0.8809523807426304}","{""accuracy"": 0.0, ""binary_crossentropy"": 0.28804405875675543, ""binary_roc_auc"": 0.006743088334457081, ""f1"": -0.002274204040244823, ""precision"": 0.023616734130246713, ""recall"": -0.026315789473684147}",1389.0959243774414,0.03336215019226074,1391.9518783092499,455.87109375,86,ok,,upstream-2.1.x,{}
9971,ilpd,openml_task,amlb,classification,featuretools,0,4500,466,117,10,333,323,0.550019268042002,binary_crossentropy,False,0.5756632430940611,0.04454683421201004,"{""accuracy"": 0.6923076922485207, ""binary_crossentropy"": 0.550019268042002, ""binary_roc_auc"": 0.77462792345854, ""f1"": 0.0, ""precision"": 0.0, ""recall"": 0.0}","{""accuracy"": -0.024096385542168707, ""binary_crossentropy"": 0.04454683421201004, ""binary_roc_auc"": 0.08837440876275844, ""f1"": 0.0, ""precision"": 0.0, ""recall"": 0.0}",1.107222557067871,0.7223415374755859,6.012360572814941,355.46875,7,ok,,upstream-1.x,{}
9971,ilpd,openml_task,amlb,classification,openfe,0,4500,466,117,10,458,448,0.49885029727831864,binary_crossentropy,False,0.5756632430940611,0.13343382044490126,"{""accuracy"": 0.7264957264336329, ""binary_crossentropy"": 0.49885029727831864, ""binary_roc_auc"": 0.8068745570517364, ""f1"": 0.15789473487534628, ""precision"": 0.7499999981250001, ""recall"": 0.0882352940916955}","{""accuracy"": 0.024096385542168707, ""binary_crossentropy"": 0.13343382044490126, ""binary_roc_auc"": 0.1336818521284543, ""f1"": 0.0, ""precision"": 0.0, ""recall"": 0.0}",18.30432438850403,5.106612920761108,29.260753870010376,342.46484375,20,ok,,upstream-0.0.12,{}
9971,ilpd,openml_task,amlb,classification,openfe,1,4500,466,117,10,464,454,0.5738307321364553,binary_crossentropy,False,0.5687558274461418,-0.008922817921885874,"{""accuracy"": 0.6666666666096867, ""binary_crossentropy"": 0.5738307321364553, ""binary_roc_auc"": 0.7069454287739192, ""f1"": 0.17021276188320517, ""precision"": 0.30769230745562126, ""recall"": 0.11764705878892734}","{""accuracy"": 0.039999999999999966, ""binary_crossentropy"": -0.008922817921885874, ""binary_roc_auc"": -0.00696864111498261, ""f1"": 0.06382979113173365, ""precision"": 0.2307692305917159, ""recall"": 0.0}",18.19760751724243,4.908466100692749,29.063814878463745,352.203125,61,ok,,upstream-0.0.12,{}
9971,ilpd,openml_task,amlb,classification,featuretools,1,4500,466,117,10,332,322,0.5454353956330535,binary_crossentropy,False,0.5687558274461418,0.0410025369195828,"{""accuracy"": 0.6837606837022427, ""binary_crossentropy"": 0.5454353956330535, ""binary_roc_auc"": 0.7331679659815734, ""f1"": 0.24489795483548527, ""precision"": 0.39999999973333333, ""recall"": 0.176470588183391}","{""accuracy"": 0.06666666666666667, ""binary_crossentropy"": 0.0410025369195828, ""binary_roc_auc"": 0.029865604778496833, ""f1"": 0.53061225996668, ""precision"": 0.5999999999333334, ""recall"": 0.5}",1.1360397338867188,1.0171456336975098,8.694270610809326,345.98046875,43,ok,,upstream-1.x,{}
9957,qsar-biodeg,openml_task,amlb,classification,featuretools,4,4500,844,211,41,7433,7392,0.2892896158646095,binary_crossentropy,False,0.2714626444117453,-0.06567007218063077,"{""accuracy"": 0.8720379146506143, ""binary_crossentropy"": 0.2892896158646095, ""binary_roc_auc"": 0.9521126760563381, ""f1"": 0.7938931246850418, ""precision"": 0.8666666665222222, ""recall"": 0.7323943660940291}","{""accuracy"": 0.005464480874317014, ""binary_crossentropy"": -0.06567007218063077, ""binary_roc_auc"": 0.001057753331923061, ""f1"": 0.007633587841584114, ""precision"": 0.016666666663888906, ""recall"": 0.0}",18.474754571914673,25.867199897766113,215.76408123970032,661.28515625,180,ok,,upstream-1.x,{}
43,spambase,openml_task,amlb,classification,autofeat,3,4500,,,,,,,,,,,,,,,4680,,,timeout,wall-clock exceeded 4680s,,
3904,jm1,openml_task,amlb,classification,autofeat,0,4500,,,,,,,,,,,,,,,4680,,,timeout,wall-clock exceeded 4680s,,
3902,pc4,openml_task,amlb,classification,autofeat,3,4500,,,,,,,,,,,,,,,4680,,,timeout,wall-clock exceeded 4680s,,
3903,pc3,openml_task,amlb,classification,autofeat,4,4500,,,,,,,,,,,,,,,4680,,,timeout,wall-clock exceeded 4680s,,
3902,pc4,openml_task,amlb,classification,autofeat,2,4500,,,,,,,,,,,,,,,4680,,,timeout,wall-clock exceeded 4680s,,
3902,pc4,openml_task,amlb,classification,autofeat,1,4500,,,,,,,,,,,,,,,4680,,,timeout,wall-clock exceeded 4680s,,
219,electricity,openml_task,amlb,classification,autofeat,4,4500,,,,,,,,,,,,,,,4680,,,timeout,wall-clock exceeded 4680s,,
219,electricity,openml_task,amlb,classification,autofeat,2,4500,,,,,,,,,,,,,,,4680,,,timeout,wall-clock exceeded 4680s,,
3903,pc3,openml_task,amlb,classification,autofeat,2,4500,,,,,,,,,,,,,,,4680,,,timeout,wall-clock exceeded 4680s,,
3903,pc3,openml_task,amlb,classification,autofeat,0,4500,,,,,,,,,,,,,,,4680,,,timeout,wall-clock exceeded 4680s,,
3902,pc4,openml_task,amlb,classification,autofeat,4,4500,,,,,,,,,,,,,,,4680,,,timeout,wall-clock exceeded 4680s,,
3902,pc4,openml_task,amlb,classification,autofeat,0,4500,,,,,,,,,,,,,,,4680,,,timeout,wall-clock exceeded 4680s,,
3903,pc3,openml_task,amlb,classification,autofeat,3,4500,,,,,,,,,,,,,,,4680,,,timeout,wall-clock exceeded 4680s,,
3903,pc3,openml_task,amlb,classification,autofeat,1,4500,,,,,,,,,,,,,,,4680,,,timeout,wall-clock exceeded 4680s,,
219,electricity,openml_task,amlb,classification,autofeat,0,4500,,,,,,,,,,,,,,,4680,,,timeout,wall-clock exceeded 4680s,,
43,spambase,openml_task,amlb,classification,autofeat,0,4500,,,,,,,,,,,,,,,4680,,,timeout,wall-clock exceeded 4680s,,
43,spambase,openml_task,amlb,classification,autofeat,4,4500,,,,,,,,,,,,,,,4680,,,timeout,wall-clock exceeded 4680s,,
43,spambase,openml_task,amlb,classification,autofeat,1,4500,,,,,,,,,,,,,,,4680,,,timeout,wall-clock exceeded 4680s,,
219,electricity,openml_task,amlb,classification,autofeat,1,4500,,,,,,,,,,,,,,,4680,,,timeout,wall-clock exceeded 4680s,,
219,electricity,openml_task,amlb,classification,autofeat,3,4500,,,,,,,,,,,,,,,4680,,,timeout,wall-clock exceeded 4680s,,
3904,jm1,openml_task,amlb,classification,autofeat,1,4500,,,,,,,,,,,,,,,4680,,,timeout,wall-clock exceeded 4680s,,
43,spambase,openml_task,amlb,classification,autofeat,2,4500,,,,,,,,,,,,,,,4680,,,timeout,wall-clock exceeded 4680s,,
9971,ilpd,openml_task,amlb,classification,openfe,2,4500,466,117,10,426,416,0.5324250941093152,binary_crossentropy,False,0.5601887948747374,0.049561328286886586,"{""accuracy"": 0.6923076922485207, ""binary_crossentropy"": 0.5324250941093152, ""binary_roc_auc"": 0.7285613040396881, ""f1"": 0.3076923030473373, ""precision"": 0.4444444441975308, ""recall"": 0.23529411757785468}","{""accuracy"": 0.03846153846153843, ""binary_crossentropy"": 0.049561328286886586, ""binary_roc_auc"": 0.06308169596690782, ""f1"": 1.3076923378122938, ""precision"": 0.6296296302057613, ""recall"": 1.6666666666666667}",17.81989812850952,4.038951396942139,26.341244220733643,343.5,42,ok,,upstream-0.0.12,{}
9971,ilpd,openml_task,amlb,classification,featuretools,4,4500,466,117,10,326,316,0.5649650664602079,binary_crossentropy,False,0.5502187506510661,-0.026800823839050865,"{""accuracy"": 0.6410256409708526, ""binary_crossentropy"": 0.5649650664602079, ""binary_roc_auc"": 0.7122608079376329, ""f1"": 0.2499999951403062, ""precision"": 0.3181818180371901, ""recall"": 0.20588235288062284}","{""accuracy"": -0.03846153846153843, ""binary_crossentropy"": -0.026800823839050865, ""binary_roc_auc"": 0.011575239053850123, ""f1"": -0.2625000034610968, ""precision"": -0.204545454588843, ""recall"": -0.3}",1.1663541793823242,1.1525819301605225,7.638148546218872,355.5390625,58,ok,,upstream-1.x,{}
9971,ilpd,openml_task,amlb,classification,featuretools,3,4500,466,117,10,333,323,0.5367854372876831,binary_crossentropy,False,0.5316558431865822,-0.00964833579248505,"{""accuracy"": 0.6581196580634087, ""binary_crossentropy"": 0.5367854372876831, ""binary_roc_auc"": 0.7331679659815733, ""f1"": 0.35483870460978156, ""precision"": 0.39285714271683675, ""recall"": 0.3235294116695502}","{""accuracy"": 0.0, ""binary_crossentropy"": -0.00964833579248505, ""binary_roc_auc"": 0.013222331047992204, ""f1"": 0.14336917756580747, ""precision"": 0.04761904768140597, ""recall"": 0.2222222222222222}",1.3201313018798828,0.8806755542755127,8.310184001922607,359.60546875,64,ok,,upstream-1.x,{}
9971,ilpd,openml_task,amlb,classification,featuretools,2,4500,466,117,10,334,324,0.5161040598510677,binary_crossentropy,False,0.5601887948747374,0.07869620996886846,"{""accuracy"": 0.7350427349799109, ""binary_crossentropy"": 0.5161040598510677, ""binary_roc_auc"": 0.7579730687455706, ""f1"": 0.3673469343773428, ""precision"": 0.5999999996, ""recall"": 0.2647058822750865}","{""accuracy"": 0.10256410256410253, ""binary_crossentropy"": 0.07869620996886846, ""binary_roc_auc"": 0.10599793174767325, ""f1"": 1.7551020853810904, ""precision"": 1.2000000005333333, ""recall"": 2.0}",1.1531836986541748,1.0506887435913086,7.699856758117676,357.5234375,29,ok,,upstream-1.x,{}
9971,ilpd,openml_task,amlb,classification,openfe,4,4500,466,117,10,489,479,0.5616191093865622,binary_crossentropy,False,0.5502187506510661,-0.02071968416562736,"{""accuracy"": 0.6837606837022427, ""binary_crossentropy"": 0.5616191093865622, ""binary_roc_auc"": 0.6917080085046067, ""f1"": 0.13953488034613312, ""precision"": 0.3333333329629629, ""recall"": 0.0882352940916955}","{""accuracy"": 0.025641025641025675, ""binary_crossentropy"": -0.02071968416562736, ""binary_roc_auc"": -0.017614494212380396, ""f1"": -0.5883720969091399, ""precision"": -0.1666666672592594, ""recall"": -0.7}",23.29504370689392,5.996273756027222,39.17600703239441,355.65625,27,ok,,upstream-0.0.12,{}
9971,ilpd,openml_task,amlb,classification,openfe,3,4500,466,117,10,470,460,0.5461091715046483,binary_crossentropy,False,0.5316558431865822,-0.027185496977588538,"{""accuracy"": 0.7094017093410768, ""binary_crossentropy"": 0.5461091715046483, ""binary_roc_auc"": 0.7345854004252304, ""f1"": 0.14999999737500005, ""precision"": 0.49999999916666665, ""recall"": 0.0882352940916955}","{""accuracy"": 0.07792207792207785, ""binary_crossentropy"": -0.027185496977588538, ""binary_roc_auc"": 0.015181194906954102, ""f1"": -0.5166666674027777, ""precision"": 0.3333333316666667, ""recall"": -0.6666666666666666}",25.101773977279663,5.777191877365112,40.09019446372986,355.6015625,13,ok,,upstream-0.0.12,{}
9946,wdbc,openml_task,amlb,classification,autofeat,3,4500,455,114,30,38,8,0.06480320857576373,binary_crossentropy,False,0.0532692744987128,-0.216521328394094,"{""accuracy"": 0.9736842104409049, ""binary_crossentropy"": 0.06480320857576373, ""binary_roc_auc"": 1.0, ""f1"": 0.9655172361632977, ""precision"": 0.9333333331259259, ""recall"": 0.9999999997619048}","{""accuracy"": -0.017699115044247784, ""binary_crossentropy"": -0.21652132839409322, ""binary_roc_auc"": 0.00033079722130330286, ""f1"": -0.02298850585282082, ""precision"": -0.04444444443456793, ""recall"": 0.0}",1576.4154272079468,0.029068708419799805,1579.1147701740265,450.0703125,94,ok,,upstream-2.1.x,{}
3904,jm1,openml_task,amlb,classification,autofeat,2,4500,,,,,,,,,,,,,,,4680,,,timeout,wall-clock exceeded 4680s,,
9910,Bioresponse,openml_task,amlb,classification,autofeat,0,4500,,,,,,,,,,,,,,,2451.129546403885,,,crash,"/api.wandb.ai from /home/ionutionut045/.netrc.
wandb: Currently logged in as: ionutb to https://api.wandb.ai. Use `wandb login --relogin` to force relogin
wandb: Using an existing wandb-core service via WANDB_SERVICE.
wandb: WARNING Using a boolean value for 'reinit' is deprecated. Use 'return_previous' or 'finish_previous' instead.
wandb: Tracking run with wandb version 0.26.0
wandb: Run data is saved locally in /home/ionutionut045/tabularaml-refactored/wandb/run-20260428_223137-9blmq37c
wandb: Run `wandb offline` to turn off syncing.
wandb: Syncing run autofeat_classification_Bioresponse_seed0
wandb: ⭐️ View project at https://wandb.ai/ionutb/tabularaml-targeted-benchmark-binary-all-1h
wandb: 🚀 View run at https://wandb.ai/ionutb/tabularaml-targeted-benchmark-binary-all-1h/runs/9blmq37c
",,
9971,ilpd,openml_task,amlb,classification,autofeat,1,4500,466,117,10,14,4,0.5985082531363791,binary_crossentropy,False,0.5687558274461418,-0.05231142127164346,"{""accuracy"": 0.6324786324245745, ""binary_crossentropy"": 0.5985082531363791, ""binary_roc_auc"": 0.6842664776754075, ""f1"": 0.1224489752936278, ""precision"": 0.19999999986666667, ""recall"": 0.0882352940916955}","{""accuracy"": -0.013333333333333437, ""binary_crossentropy"": -0.05231142127164346, ""binary_roc_auc"": -0.03882528621204583, ""f1"": -0.23469388329237803, ""precision"": -0.2000000000333333, ""recall"": -0.25}",174.47469115257263,0.02111530303955078,177.19974660873413,392.16796875,72,ok,,upstream-2.1.x,{}
9971,ilpd,openml_task,amlb,classification,autofeat,0,4500,466,117,10,22,12,0.5510074222444469,binary_crossentropy,False,0.5756632430940611,0.04283028514569515,"{""accuracy"": 0.7008547007947988, ""binary_crossentropy"": 0.5510074222444469, ""binary_roc_auc"": 0.7381289865343728, ""f1"": 0.10256410027613416, ""precision"": 0.3999999992, ""recall"": 0.05882352939446367}","{""accuracy"": -0.012048192771084276, ""binary_crossentropy"": 0.04283028514569515, ""binary_roc_auc"": 0.03709235748070711, ""f1"": 0.0, ""precision"": 0.0, ""recall"": 0.0}",211.90350365638733,0.026964187622070312,214.83471584320068,406.56640625,17,ok,,upstream-2.1.x,{}
3904,jm1,openml_task,amlb,classification,autofeat,3,4500,,,,,,,,,,,,,,,4680,,,timeout,wall-clock exceeded 4680s,,
3904,jm1,openml_task,amlb,classification,autofeat,4,4500,,,,,,,,,,,,,,,4680,,,timeout,wall-clock exceeded 4680s,,
7592,adult,openml_task,amlb,classification,autofeat,0,4500,,,,,,,,,,,,,,,4680,,,timeout,wall-clock exceeded 4680s,,
7592,adult,openml_task,amlb,classification,tabularaml,0,4500,,,,,,,,,,,,,,,4680,,,timeout,wall-clock exceeded 4680s,,
7592,adult,openml_task,amlb,classification,autofeat,1,4500,,,,,,,,,,,,,,,4680,,,timeout,wall-clock exceeded 4680s,,
7592,adult,openml_task,amlb,classification,tabularaml,1,4500,,,,,,,,,,,,,,,4680,,,timeout,wall-clock exceeded 4680s,,
7592,adult,openml_task,amlb,classification,autofeat,2,4500,,,,,,,,,,,,,,,4680,,,timeout,wall-clock exceeded 4680s,,
9957,qsar-biodeg,openml_task,amlb,classification,tabularaml,1,4500,844,211,41,51,10,0.27798848314281394,binary_crossentropy,False,0.293411874309981,0.052565667982723524,"{""accuracy"": 0.8862559241286134, ""binary_crossentropy"": 0.27798848314281394, ""binary_roc_auc"": 0.9438631790744466, ""f1"": 0.8285714234540817, ""precision"": 0.8405797100231045, ""recall"": 0.8169014083356477}","{""accuracy"": 0.0, ""binary_crossentropy"": 0.0525656679827237, ""binary_roc_auc"": 0.00021321961620465694, ""f1"": 0.0, ""precision"": 0.0, ""recall"": 0.0}",2590.263638496399,0.027350664138793945,2660.000230550766,243.66796875,144,ok,,0.2.0,"{""mode"": ""best"", ""elapsed_time"": 852.1432189941406, ""n_init_feats"": 41, ""n_added_feats"": 10, ""initial_metric"": null, ""final_metric"": 0.371322864952726, ""pct_gain"": 0.07844793178382976}"
9910,Bioresponse,openml_task,amlb,classification,autofeat,1,4500,,,,,,,,,,,,,,,4332.248618364334,,,crash,"/api.wandb.ai from /home/ionutionut045/.netrc.
wandb: Currently logged in as: ionutb to https://api.wandb.ai. Use `wandb login --relogin` to force relogin
wandb: Using an existing wandb-core service via WANDB_SERVICE.
wandb: WARNING Using a boolean value for 'reinit' is deprecated. Use 'return_previous' or 'finish_previous' instead.
wandb: Tracking run with wandb version 0.26.0
wandb: Run data is saved locally in /home/ionutionut045/tabularaml-refactored/wandb/run-20260428_223249-rcq0n82b
wandb: Run `wandb offline` to turn off syncing.
wandb: Syncing run autofeat_classification_Bioresponse_seed1
wandb: ⭐️ View project at https://wandb.ai/ionutb/tabularaml-targeted-benchmark-binary-all-1h
wandb: 🚀 View run at https://wandb.ai/ionutb/tabularaml-targeted-benchmark-binary-all-1h/runs/rcq0n82b
",,
7592,adult,openml_task,amlb,classification,tabularaml,2,4500,,,,,,,,,,,,,,,4680,,,timeout,wall-clock exceeded 4680s,,
7592,adult,openml_task,amlb,classification,autofeat,3,4500,,,,,,,,,,,,,,,4680,,,timeout,wall-clock exceeded 4680s,,
9971,ilpd,openml_task,amlb,classification,autofeat,3,4500,466,117,10,19,9,0.5619018815903583,binary_crossentropy,False,0.5316558431865822,-0.05689025859753662,"{""accuracy"": 0.6581196580634087, ""binary_crossentropy"": 0.5619018815903583, ""binary_roc_auc"": 0.6842664776754075, ""f1"": 0.35483870460978156, ""precision"": 0.39285714271683675, ""recall"": 0.3235294116695502}","{""accuracy"": 0.0, ""binary_crossentropy"": -0.05689025859753662, ""binary_roc_auc"": -0.054358472086189935, ""f1"": 0.14336917756580747, ""precision"": 0.04761904768140597, ""recall"": 0.2222222222222222}",2046.5371508598328,0.06267547607421875,2063.734908103943,348.7578125,44,ok,,upstream-2.1.x,{}
9910,Bioresponse,openml_task,amlb,classification,autofeat,2,4500,,,,,,,,,,,,,,,4293.983824014664,,,crash,"/api.wandb.ai from /home/ionutionut045/.netrc.
wandb: Currently logged in as: ionutb to https://api.wandb.ai. Use `wandb login --relogin` to force relogin
wandb: Using an existing wandb-core service via WANDB_SERVICE.
wandb: WARNING Using a boolean value for 'reinit' is deprecated. Use 'return_previous' or 'finish_previous' instead.
wandb: Tracking run with wandb version 0.26.0
wandb: Run data is saved locally in /home/ionutionut045/tabularaml-refactored/wandb/run-20260428_223431-9rvbx14d
wandb: Run `wandb offline` to turn off syncing.
wandb: Syncing run autofeat_classification_Bioresponse_seed2
wandb: ⭐️ View project at https://wandb.ai/ionutb/tabularaml-targeted-benchmark-binary-all-1h
wandb: 🚀 View run at https://wandb.ai/ionutb/tabularaml-targeted-benchmark-binary-all-1h/runs/9rvbx14d
",,
9910,Bioresponse,openml_task,amlb,classification,tabularaml,1,4500,3000,751,1776,1779,3,0.44256319612830125,binary_crossentropy,False,0.4458779928717172,0.0074343134140052594,"{""accuracy"": 0.8042609853421536, ""binary_crossentropy"": 0.44256319612830125, ""binary_roc_auc"": 0.8748285812239301, ""f1"": 0.8260354979457583, ""precision"": 0.7968036529498447, ""recall"": 0.8574938574727888}","{""accuracy"": 0.0016583747927030863, ""binary_crossentropy"": 0.0074343134140052594, ""binary_roc_auc"": 0.0010706813129333491, ""f1"": 0.001183431959282106, ""precision"": 0.002283105022778947, ""recall"": 0.0}",4346.537527322769,0.4794344902038574,4367.078604459763,611.0234375,159,ok,,0.2.0,"{""mode"": ""best"", ""elapsed_time"": 4298.063938140869, ""n_init_feats"": 1776, ""n_added_feats"": 3, ""initial_metric"": null, ""final_metric"": 0.500943890422841, ""pct_gain"": 0.01622693062563164}"
9910,Bioresponse,openml_task,amlb,classification,tabularaml,4,4500,3000,751,1776,1779,3,0.4243082079959515,binary_crossentropy,False,0.4298709363598481,0.01294046164414334,"{""accuracy"": 0.8189081224924246, ""binary_crossentropy"": 0.4243082079959515, ""binary_roc_auc"": 0.8835280841094796, ""f1"": 0.8337408262755783, ""precision"": 0.82968369827665, ""recall"": 0.8378378378172521}","{""accuracy"": -0.004854368932038915, ""binary_crossentropy"": 0.01294046164414334, ""binary_roc_auc"": 0.003976917645340099, ""f1"": -0.005552602705597989, ""precision"": 0.0004301985257485635, ""recall"": -0.011594202898550822}",4077.6789865493774,0.31620073318481445,4129.519344329834,684.296875,145,ok,,0.2.0,"{""mode"": ""best"", ""elapsed_time"": 4054.267660140991, ""n_init_feats"": 1776, ""n_added_feats"": 3, ""initial_metric"": null, ""final_metric"": 0.4952613567670084, ""pct_gain"": 0.011004936519346689}"
9910,Bioresponse,openml_task,amlb,classification,tabularaml,3,4500,3000,751,1776,1778,2,0.4345569269974702,binary_crossentropy,False,0.4422481188230643,0.017391123892312562,"{""accuracy"": 0.8029294274194018, ""binary_crossentropy"": 0.4345569269974702, ""binary_roc_auc"": 0.8805425404262613, ""f1"": 0.8216867419700102, ""precision"": 0.8061465720849611, ""recall"": 0.8378378378172521}","{""accuracy"": 0.00836120401337802, ""binary_crossentropy"": 0.017391123892312562, ""binary_roc_auc"": 0.0048087502954526976, ""f1"": 0.006024096420654158, ""precision"": 0.011820330968987797, ""recall"": 0.0}",4176.46160030365,0.24814343452453613,4240.317380189896,717.7734375,135,ok,,0.2.0,"{""mode"": ""best"", ""elapsed_time"": 4156.540369749069, ""n_init_feats"": 1776, ""n_added_feats"": 2, ""initial_metric"": null, ""final_metric"": 0.49796545153431737, ""pct_gain"": -0.003944191699889337}"
9971,ilpd,openml_task,amlb,classification,autofeat,4,4500,466,117,10,14,4,0.5609153246459289,binary_crossentropy,False,0.5502187506510661,-0.01944058428071687,"{""accuracy"": 0.6410256409708526, ""binary_crossentropy"": 0.5609153246459289, ""binary_roc_auc"": 0.6824946846208363, ""f1"": 0.2499999951403062, ""precision"": 0.3181818180371901, ""recall"": 0.20588235288062284}","{""accuracy"": -0.03846153846153843, ""binary_crossentropy"": -0.01944058428071687, ""binary_roc_auc"": -0.030699547055863047, ""f1"": -0.2625000034610968, ""precision"": -0.204545454588843, ""recall"": -0.3}",2022.316926240921,0.031491994857788086,2096.1612963676453,400.328125,35,ok,,upstream-2.1.x,{}
9910,Bioresponse,openml_task,amlb,classification,autofeat,3,4500,,,,,,,,,,,,,,,4282.871690750122,,,crash,"/api.wandb.ai from /home/ionutionut045/.netrc.
wandb: Currently logged in as: ionutb to https://api.wandb.ai. Use `wandb login --relogin` to force relogin
wandb: Using an existing wandb-core service via WANDB_SERVICE.
wandb: WARNING Using a boolean value for 'reinit' is deprecated. Use 'return_previous' or 'finish_previous' instead.
wandb: Tracking run with wandb version 0.26.0
wandb: Run data is saved locally in /home/ionutionut045/tabularaml-refactored/wandb/run-20260428_223516-u63aag9f
wandb: Run `wandb offline` to turn off syncing.
wandb: Syncing run autofeat_classification_Bioresponse_seed3
wandb: ⭐️ View project at https://wandb.ai/ionutb/tabularaml-targeted-benchmark-binary-all-1h
wandb: 🚀 View run at https://wandb.ai/ionutb/tabularaml-targeted-benchmark-binary-all-1h/runs/u63aag9f
",,
9957,qsar-biodeg,openml_task,amlb,classification,tabularaml,4,4500,844,211,41,49,8,0.27881916507061183,binary_crossentropy,False,0.2714626444117453,-0.02709956898418933,"{""accuracy"": 0.8530805686799487, ""binary_crossentropy"": 0.27881916507061183, ""binary_roc_auc"": 0.9488933601609658, ""f1"": 0.7596899174136172, ""precision"": 0.8448275860612366, ""recall"": 0.6901408449732197}","{""accuracy"": -0.016393442622950786, ""binary_crossentropy"": -0.02709956898418933, ""binary_roc_auc"": -0.0023270573302305703, ""f1"": -0.03577817551417965, ""precision"": -0.008952254650313247, ""recall"": -0.0576923076923077}",2332.1832637786865,0.022432804107666016,2344.9509620666504,237.64453125,189,ok,,0.2.0,"{""mode"": ""best"", ""elapsed_time"": 2294.1214094161987, ""n_init_feats"": 41, ""n_added_feats"": 8, ""initial_metric"": null, ""final_metric"": 0.4494883002027488, ""pct_gain"": 0.010574688016711452}"
9977,nomao,openml_task,amlb,classification,featuretools,2,4500,,,,,,,,,,,,,,,112.69236254692078,,,crash,":33: UserWarning: Could not infer format, so each element will be parsed individually, falling back to `dateutil`. To ensure parsing is consistent and as-expected, please specify a format.
  pd.to_datetime(
/home/ionutionut045/venv/lib/python3.11/site-packages/featuretools/synthesis/dfs.py:321: UnusedPrimitiveWarning: Some specified primitives were not used during DFS:
  groupby_trans_primitives: ['cum_count', 'cum_max', 'cum_mean', 'cum_min', 'cum_sum']
This may be caused by a using a value of max_depth that is too small, not setting interesting values, or it may indicate no compatible columns for the primitive were found in the data. If the DFS call contained multiple instances of a primitive in the list above, none of them were used.
  warnings.warn(warning_msg, UnusedPrimitiveWarning)
",,
9910,Bioresponse,openml_task,amlb,classification,autofeat,4,4500,,,,,,,,,,,,,,,4254.350182294846,,,crash,"/api.wandb.ai from /home/ionutionut045/.netrc.
wandb: Currently logged in as: ionutb to https://api.wandb.ai. Use `wandb login --relogin` to force relogin
wandb: Using an existing wandb-core service via WANDB_SERVICE.
wandb: WARNING Using a boolean value for 'reinit' is deprecated. Use 'return_previous' or 'finish_previous' instead.
wandb: Tracking run with wandb version 0.26.0
wandb: Run data is saved locally in /home/ionutionut045/tabularaml-refactored/wandb/run-20260428_223623-pwij7h1u
wandb: Run `wandb offline` to turn off syncing.
wandb: Syncing run autofeat_classification_Bioresponse_seed4
wandb: ⭐️ View project at https://wandb.ai/ionutb/tabularaml-targeted-benchmark-binary-all-1h
wandb: 🚀 View run at https://wandb.ai/ionutb/tabularaml-targeted-benchmark-binary-all-1h/runs/pwij7h1u
",,
9910,Bioresponse,openml_task,amlb,classification,tabularaml,2,4500,3000,751,1776,1780,4,0.44727399933106016,binary_crossentropy,False,0.4326980704201085,-0.033686142618569635,"{""accuracy"": 0.7976031957283941, ""binary_crossentropy"": 0.44727399933106016, ""binary_roc_auc"": 0.8745143134678017, ""f1"": 0.8181818131657072, ""precision"": 0.7972027971842144, ""recall"": 0.8402948402741942}","{""accuracy"": -0.0016666666666666017, ""binary_crossentropy"": -0.0336861426185695, ""binary_roc_auc"": -0.01137684904075968, ""f1"": 0.00040225261953460566, ""precision"": -0.007611857168995566, ""recall"": 0.008849557522123935}",4295.9292685985565,0.45967769622802734,4373.288506031036,669.921875,80,ok,,0.2.0,"{""mode"": ""best"", ""elapsed_time"": 4244.038455724716, ""n_init_feats"": 1776, ""n_added_feats"": 4, ""initial_metric"": null, ""final_metric"": 0.4942402179398588, ""pct_gain"": 0.020625723967768978}"
9977,nomao,openml_task,amlb,classification,featuretools,3,4500,,,,,,,,,,,,,,,95.0713746547699,,,crash,":33: UserWarning: Could not infer format, so each element will be parsed individually, falling back to `dateutil`. To ensure parsing is consistent and as-expected, please specify a format.
  pd.to_datetime(
/home/ionutionut045/venv/lib/python3.11/site-packages/featuretools/synthesis/dfs.py:321: UnusedPrimitiveWarning: Some specified primitives were not used during DFS:
  groupby_trans_primitives: ['cum_count', 'cum_max', 'cum_mean', 'cum_min', 'cum_sum']
This may be caused by a using a value of max_depth that is too small, not setting interesting values, or it may indicate no compatible columns for the primitive were found in the data. If the DFS call contained multiple instances of a primitive in the list above, none of them were used.
  warnings.warn(warning_msg, UnusedPrimitiveWarning)
",,
9971,ilpd,openml_task,amlb,classification,tabularaml,0,4500,466,117,10,29,19,0.5407375362184312,binary_crossentropy,False,0.5756632430940611,0.060670378549639616,"{""accuracy"": 0.7264957264336329, ""binary_crossentropy"": 0.5407375362184312, ""binary_roc_auc"": 0.7501771793054571, ""f1"": 0.23809523489795922, ""precision"": 0.6249999992187499, ""recall"": 0.14705882348615917}","{""accuracy"": 0.024096385542168707, ""binary_crossentropy"": 0.060670378549639616, ""binary_roc_auc"": 0.05402041324371439, ""f1"": 0.0, ""precision"": 0.0, ""recall"": 0.0}",2249.0491003990173,0.047682762145996094,2256.562504053116,239.49609375,19,ok,,0.2.0,"{""mode"": ""best"", ""elapsed_time"": 2231.7772564888, ""n_init_feats"": 10, ""n_added_feats"": 19, ""initial_metric"": null, ""final_metric"": 0.5933794802425904, ""pct_gain"": 0.08140320889702941}"
7592,adult,openml_task,amlb,classification,autofeat,4,4500,,,,,,,,,,,,,,,4680,,,timeout,wall-clock exceeded 4680s,,
9971,ilpd,openml_task,amlb,classification,tabularaml,4,4500,466,117,10,23,13,0.5443408608946025,binary_crossentropy,False,0.5502187506510661,0.010682823421608777,"{""accuracy"": 0.6752136751559646, ""binary_crossentropy"": 0.5443408608946025, ""binary_roc_auc"": 0.715450035435861, ""f1"": 0.2083333291145834, ""precision"": 0.3571428568877551, ""recall"": 0.14705882348615917}","{""accuracy"": 0.012820512820512754, ""binary_crossentropy"": 0.010682823421608777, ""binary_roc_auc"": 0.016104680422747868, ""f1"": -0.3854166700494791, ""precision"": -0.1071428574234694, ""recall"": -0.5}",2204.6782777309418,0.055559635162353516,2212.6487913131714,261.71484375,27,ok,,0.2.0,"{""mode"": ""best"", ""elapsed_time"": 2190.9543538093567, ""n_init_feats"": 10, ""n_added_feats"": 13, ""initial_metric"": null, ""final_metric"": 0.5505457609086593, ""pct_gain"": 0.0517280113166943}"
7592,adult,openml_task,amlb,classification,tabularaml,4,4500,,,,,,,,,,,,,,,4680,,,timeout,wall-clock exceeded 4680s,,
9910,Bioresponse,openml_task,amlb,classification,featuretools,0,4500,,,,,,,,,,,,,,,4680,,,timeout,wall-clock exceeded 4680s,,
9977,nomao,openml_task,amlb,classification,featuretools,4,4500,,,,,,,,,,,,,,,199.7942762374878,,,crash,":33: UserWarning: Could not infer format, so each element will be parsed individually, falling back to `dateutil`. To ensure parsing is consistent and as-expected, please specify a format.
  pd.to_datetime(
/home/ionutionut045/venv/lib/python3.11/site-packages/featuretools/synthesis/dfs.py:321: UnusedPrimitiveWarning: Some specified primitives were not used during DFS:
  groupby_trans_primitives: ['cum_count', 'cum_max', 'cum_mean', 'cum_min', 'cum_sum']
This may be caused by a using a value of max_depth that is too small, not setting interesting values, or it may indicate no compatible columns for the primitive were found in the data. If the DFS call contained multiple instances of a primitive in the list above, none of them were used.
  warnings.warn(warning_msg, UnusedPrimitiveWarning)
",,
9910,Bioresponse,openml_task,amlb,classification,tabularaml,0,4500,,,,,,,,,,,,,,,4680,,,timeout,wall-clock exceeded 4680s,,
9910,Bioresponse,openml_task,amlb,classification,openfe,1,4500,,,,,,,,,,,,,,,4680,,,timeout,wall-clock exceeded 4680s,,
9977,nomao,openml_task,amlb,classification,featuretools,1,4500,,,,,,,,,,,,,,,465.7966456413269,,,crash,":33: UserWarning: Could not infer format, so each element will be parsed individually, falling back to `dateutil`. To ensure parsing is consistent and as-expected, please specify a format.
  pd.to_datetime(
/home/ionutionut045/venv/lib/python3.11/site-packages/featuretools/synthesis/dfs.py:321: UnusedPrimitiveWarning: Some specified primitives were not used during DFS:
  groupby_trans_primitives: ['cum_count', 'cum_max', 'cum_mean', 'cum_min', 'cum_sum']
This may be caused by a using a value of max_depth that is too small, not setting interesting values, or it may indicate no compatible columns for the primitive were found in the data. If the DFS call contained multiple instances of a primitive in the list above, none of them were used.
  warnings.warn(warning_msg, UnusedPrimitiveWarning)
",,
9957,qsar-biodeg,openml_task,amlb,classification,tabularaml,0,4500,844,211,41,59,18,0.35961089622211684,binary_crossentropy,False,0.3878659762759909,0.07284753441165152,"{""accuracy"": 0.8530805686799487, ""binary_crossentropy"": 0.35961089622211684, ""binary_roc_auc"": 0.9169517102615694, ""f1"": 0.7596899174136172, ""precision"": 0.8448275860612366, ""recall"": 0.6901408449732197}","{""accuracy"": 0.016949152542372847, ""binary_crossentropy"": 0.07284753441165152, ""binary_roc_auc"": 0.0074053605968500014, ""f1"": 0.04668389344168802, ""precision"": -0.004980842895692911, ""recall"": 0.08888888888888903}",3189.1268672943115,0.03586101531982422,3200.274718761444,257.41796875,38,ok,,0.2.0,"{""mode"": ""best"", ""elapsed_time"": 3049.8436431884766, ""n_init_feats"": 41, ""n_added_feats"": 18, ""initial_metric"": null, ""final_metric"": 0.3632167852929828, ""pct_gain"": -0.0018723004823101399}"
9971,ilpd,openml_task,amlb,classification,autofeat,2,4500,466,117,10,10,0,0.5645969364250827,binary_crossentropy,False,0.5601887948747374,-0.007869028425195468,"{""accuracy"": 0.6666666666096867, ""binary_crossentropy"": 0.5645969364250827, ""binary_roc_auc"": 0.690644932671864, ""f1"": 0.2040816283215328, ""precision"": 0.3333333331111111, ""recall"": 0.14705882348615917}","{""accuracy"": 0.0, ""binary_crossentropy"": -0.007869028425195468, ""binary_roc_auc"": 0.007755946225439562, ""f1"": 0.5306122554953953, ""precision"": 0.22222222251851853, ""recall"": 0.6666666666666666}",2010.1879720687866,0.012703895568847656,2363.4362716674805,343.60546875,42,ok,,upstream-2.1.x,{}
9910,Bioresponse,openml_task,amlb,classification,featuretools,1,4500,,,,,,,,,,,,,,,4680,,,timeout,wall-clock exceeded 4680s,,
9977,nomao,openml_task,amlb,classification,autofeat,0,4500,,,,,,,,,,,,,,,2278.56738114357,,,crash,"ttps://api.wandb.ai from /home/ionutionut045/.netrc.
wandb: Currently logged in as: ionutb to https://api.wandb.ai. Use `wandb login --relogin` to force relogin
wandb: Using an existing wandb-core service via WANDB_SERVICE.
wandb: WARNING Using a boolean value for 'reinit' is deprecated. Use 'return_previous' or 'finish_previous' instead.
wandb: Tracking run with wandb version 0.26.0
wandb: Run data is saved locally in /home/ionutionut045/tabularaml-refactored/wandb/run-20260428_231342-i6c5zscg
wandb: Run `wandb offline` to turn off syncing.
wandb: Syncing run autofeat_classification_nomao_seed0
wandb: ⭐️ View project at https://wandb.ai/ionutb/tabularaml-targeted-benchmark-binary-all-1h
wandb: 🚀 View run at https://wandb.ai/ionutb/tabularaml-targeted-benchmark-binary-all-1h/runs/i6c5zscg
",,
9971,ilpd,openml_task,amlb,classification,tabularaml,1,4500,466,117,10,22,12,0.5725375196745253,binary_crossentropy,False,0.5687558274461418,-0.00664906106608909,"{""accuracy"": 0.6581196580634087, ""binary_crossentropy"": 0.5725375196745253, ""binary_roc_auc"": 0.7172218284904323, ""f1"": 0.16666666246527786, ""precision"": 0.28571428551020406, ""recall"": 0.11764705878892734}","{""accuracy"": 0.0266666666666667, ""binary_crossentropy"": -0.00664906106608909, ""binary_roc_auc"": 0.007466401194624091, ""f1"": 0.041666669157985864, ""precision"": 0.142857142755102, ""recall"": 0.0}",2400.432565689087,0.03564572334289551,2448.309648990631,244.16796875,71,ok,,0.2.0,"{""mode"": ""best"", ""elapsed_time"": 2387.3466033935547, ""n_init_feats"": 10, ""n_added_feats"": 12, ""initial_metric"": null, ""final_metric"": 0.650511513263091, ""pct_gain"": -0.028720531227014366}"
9910,Bioresponse,openml_task,amlb,classification,openfe,2,4500,,,,,,,,,,,,,,,4680,,,timeout,wall-clock exceeded 4680s,,
9910,Bioresponse,openml_task,amlb,classification,featuretools,2,4500,,,,,,,,,,,,,,,4680,,,timeout,wall-clock exceeded 4680s,,
9977,nomao,openml_task,amlb,classification,autofeat,2,4500,,,,,,,,,,,,,,,527.9292895793915,,,crash,"ttps://api.wandb.ai from /home/ionutionut045/.netrc.
wandb: Currently logged in as: ionutb to https://api.wandb.ai. Use `wandb login --relogin` to force relogin
wandb: Using an existing wandb-core service via WANDB_SERVICE.
wandb: WARNING Using a boolean value for 'reinit' is deprecated. Use 'return_previous' or 'finish_previous' instead.
wandb: Tracking run with wandb version 0.26.0
wandb: Run data is saved locally in /home/ionutionut045/tabularaml-refactored/wandb/run-20260428_234455-89qmime0
wandb: Run `wandb offline` to turn off syncing.
wandb: Syncing run autofeat_classification_nomao_seed2
wandb: ⭐️ View project at https://wandb.ai/ionutb/tabularaml-targeted-benchmark-binary-all-1h
wandb: 🚀 View run at https://wandb.ai/ionutb/tabularaml-targeted-benchmark-binary-all-1h/runs/89qmime0
",,
9910,Bioresponse,openml_task,amlb,classification,openfe,3,4500,,,,,,,,,,,,,,,4680,,,timeout,wall-clock exceeded 4680s,,
10093,banknote-authentication,openml_task,amlb,classification,openfe,0,4500,1097,275,4,56,52,0.00293986077346331,binary_crossentropy,False,0.0078108788998427,0.6236197217802832,"{""accuracy"": 0.9999999999636363, ""binary_crossentropy"": 0.00293986077346331, ""binary_roc_auc"": 1.0, ""f1"": 0.9999999949180327, ""precision"": 0.9999999999180328, ""recall"": 0.9999999999180328}","{""accuracy"": 0.003649635036496378, ""binary_crossentropy"": 0.6236197217802839, ""binary_roc_auc"": 0.0, ""f1"": 0.004098360675893502, ""precision"": 0.008196721310803479, ""recall"": 0.0}",6.517408132553101,5.340075492858887,16.73098587989807,236.50390625,464,ok,,upstream-0.0.12,{}
10093,banknote-authentication,openml_task,amlb,classification,featuretools,0,4500,1097,275,4,70,66,0.0030582708075896584,binary_crossentropy,False,0.0078108788998427,0.608460091776452,"{""accuracy"": 0.9999999999636363, ""binary_crossentropy"": 0.0030582708075896584, ""binary_roc_auc"": 1.0, ""f1"": 0.9999999949180327, ""precision"": 0.9999999999180328, ""recall"": 0.9999999999180328}","{""accuracy"": 0.003649635036496378, ""binary_crossentropy"": 0.6084600917764527, ""binary_roc_auc"": 0.0, ""f1"": 0.004098360675893502, ""precision"": 0.008196721310803479, ""recall"": 0.0}",0.8062028884887695,0.15209603309631348,6.475873947143555,352.02734375,646,ok,,upstream-1.x,{}
10093,banknote-authentication,openml_task,amlb,classification,openfe,1,4500,1097,275,4,57,53,0.005301201782580888,binary_crossentropy,False,0.0087995903310762,0.39756266108668437,"{""accuracy"": 0.9999999999636363, ""binary_crossentropy"": 0.005301201782580888, ""binary_roc_auc"": 1.0, ""f1"": 0.9999999949180327, ""precision"": 0.9999999999180328, ""recall"": 0.9999999999180328}","{""accuracy"": 0.0, ""binary_crossentropy"": 0.3975626610866901, ""binary_roc_auc"": 0.0, ""f1"": 0.0, ""precision"": 0.0, ""recall"": 0.0}",6.149698972702026,0.7088124752044678,11.317346572875977,335.99609375,458,ok,,upstream-0.0.12,{}
9971,ilpd,openml_task,amlb,classification,tabularaml,3,4500,466,117,10,20,10,0.5467466340105758,binary_crossentropy,False,0.5316558431865822,-0.028384510426037988,"{""accuracy"": 0.6752136751559646, ""binary_crossentropy"": 0.5467466340105758, ""binary_roc_auc"": 0.6973777462792345, ""f1"": 0.2083333291145834, ""precision"": 0.3571428568877551, ""recall"": 0.14705882348615917}","{""accuracy"": 0.025974025974025837, ""binary_crossentropy"": -0.028384510426037988, ""binary_roc_auc"": -0.03623898139079329, ""f1"": -0.32870370657214487, ""precision"": -0.047619047902494306, ""recall"": -0.4444444444444444}",2498.387320995331,0.05122685432434082,2516.9918296337128,248.3671875,19,ok,,0.2.0,"{""mode"": ""best"", ""elapsed_time"": 2477.3400835990906, ""n_init_feats"": 10, ""n_added_feats"": 10, ""initial_metric"": null, ""final_metric"": 0.6356005790144211, ""pct_gain"": 0.069350922773916}"
9910,Bioresponse,openml_task,amlb,classification,featuretools,3,4500,,,,,,,,,,,,,,,4680,,,timeout,wall-clock exceeded 4680s,,
10093,banknote-authentication,openml_task,amlb,classification,featuretools,1,4500,1097,275,4,70,66,0.004988670773560774,binary_crossentropy,False,0.0087995903310762,0.4330792018870436,"{""accuracy"": 0.9999999999636363, ""binary_crossentropy"": 0.004988670773560774, ""binary_roc_auc"": 1.0, ""f1"": 0.9999999949180327, ""precision"": 0.9999999999180328, ""recall"": 0.9999999999180328}","{""accuracy"": 0.0, ""binary_crossentropy"": 0.43307920188704896, ""binary_roc_auc"": 0.0, ""f1"": 0.0, ""precision"": 0.0, ""recall"": 0.0}",0.49016737937927246,0.17440533638000488,5.330208778381348,340.984375,552,ok,,upstream-1.x,{}
10093,banknote-authentication,openml_task,amlb,classification,openfe,2,4500,1097,275,4,54,50,0.006428233986424113,binary_crossentropy,False,0.0176743452150946,0.636295777399768,"{""accuracy"": 0.9999999999636363, ""binary_crossentropy"": 0.006428233986424113, ""binary_roc_auc"": 1.0, ""f1"": 0.9999999949180327, ""precision"": 0.9999999999180328, ""recall"": 0.9999999999180328}","{""accuracy"": 0.007326007326007269, ""binary_crossentropy"": 0.6362957773997682, ""binary_roc_auc"": 5.357621216187642e-05, ""f1"": 0.008264462851580915, ""precision"": 0.00826446280991732, ""recall"": 0.00826446280991732}",7.835694074630737,0.7213578224182129,12.578370571136475,338.1484375,167,ok,,upstream-0.0.12,{}
10093,banknote-authentication,openml_task,amlb,classification,tabularaml,0,4500,1097,275,4,12,8,0.018042133039376827,binary_crossentropy,False,0.0078108788998427,-1.309872329442999,"{""accuracy"": 0.9963636363274049, ""binary_crossentropy"": 0.018042133039376827, ""binary_roc_auc"": 0.9997857066323798, ""f1"": 0.9959183622657226, ""precision"": 0.9918699186185472, ""recall"": 0.9999999999180328}","{""accuracy"": 0.0, ""binary_crossentropy"": -1.3098723294429953, ""binary_roc_auc"": -0.0002142933676202441, ""f1"": 0.0, ""precision"": 0.0, ""recall"": 0.0}",69.80506420135498,0.021947860717773438,80.91359829902649,343.30078125,400,ok,,0.2.0,"{""mode"": ""best"", ""elapsed_time"": 69.26338076591492, ""n_init_feats"": 4, ""n_added_feats"": 8, ""initial_metric"": null, ""final_metric"": 0.0038299347272581614, ""pct_gain"": 0.8123981439828389}"
9910,Bioresponse,openml_task,amlb,classification,openfe,4,4500,,,,,,,,,,,,,,,4680,,,timeout,wall-clock exceeded 4680s,,
10093,banknote-authentication,openml_task,amlb,classification,featuretools,2,4500,1097,275,4,70,66,0.004896930589986203,binary_crossentropy,False,0.0176743452150946,0.722935671427079,"{""accuracy"": 0.9999999999636363, ""binary_crossentropy"": 0.004896930589986203, ""binary_roc_auc"": 1.0, ""f1"": 0.9999999949180327, ""precision"": 0.9999999999180328, ""recall"": 0.9999999999180328}","{""accuracy"": 0.007326007326007269, ""binary_crossentropy"": 0.7229356714270793, ""binary_roc_auc"": 5.357621216187642e-05, ""f1"": 0.008264462851580915, ""precision"": 0.00826446280991732, ""recall"": 0.00826446280991732}",0.6710610389709473,0.20127129554748535,26.154358625411987,351.59765625,353,ok,,upstream-1.x,{}
9971,ilpd,openml_task,amlb,classification,tabularaml,2,4500,466,117,10,26,16,0.5512435033153265,binary_crossentropy,False,0.5601887948747374,0.01596835145803151,"{""accuracy"": 0.6666666666096867, ""binary_crossentropy"": 0.5512435033153265, ""binary_roc_auc"": 0.7218284904323176, ""f1"": 0.17021276188320517, ""precision"": 0.30769230745562126, ""recall"": 0.11764705878892734}","{""accuracy"": 0.0, ""binary_crossentropy"": 0.01596835145803151, ""binary_roc_auc"": 0.05325749741468462, ""f1"": 0.27659575005784404, ""precision"": 0.1282051283629191, ""recall"": 0.3333333333333333}",2588.4146842956543,0.051894426345825195,2608.0595865249634,251.19140625,48,ok,,0.2.0,"{""mode"": ""best"", ""elapsed_time"": 2573.1533584594727, ""n_init_feats"": 10, ""n_added_feats"": 16, ""initial_metric"": null, ""final_metric"": 0.6122694688915853, ""pct_gain"": 0.07726904009517284}"
9910,Bioresponse,openml_task,amlb,classification,featuretools,4,4500,,,,,,,,,,,,,,,4680,,,timeout,wall-clock exceeded 4680s,,
10093,banknote-authentication,openml_task,amlb,classification,tabularaml,2,4500,1097,275,4,12,8,0.013269718841713091,binary_crossentropy,False,0.0176743452150946,0.2492101585534145,"{""accuracy"": 0.9999999999636363, ""binary_crossentropy"": 0.013269718841713091, ""binary_roc_auc"": 0.9999999999999999, ""f1"": 0.9999999949180327, ""precision"": 0.9999999999180328, ""recall"": 0.9999999999180328}","{""accuracy"": 0.007326007326007269, ""binary_crossentropy"": 0.24921015855341508, ""binary_roc_auc"": 5.357621216176539e-05, ""f1"": 0.008264462851580915, ""precision"": 0.00826446280991732, ""recall"": 0.00826446280991732}",35.53581213951111,0.02142477035522461,46.337583780288696,339.37890625,241,ok,,0.2.0,"{""mode"": ""best"", ""elapsed_time"": 34.98018145561218, ""n_init_feats"": 4, ""n_added_feats"": 8, ""initial_metric"": null, ""final_metric"": 0.012410931926025047, ""pct_gain"": 0.5226052564304381}"
10093,banknote-authentication,openml_task,amlb,classification,openfe,3,4500,1097,275,4,56,52,0.002755800330619836,binary_crossentropy,False,0.0068520525541283,0.5978138946176804,"{""accuracy"": 0.9999999999636363, ""binary_crossentropy"": 0.002755800330619836, ""binary_roc_auc"": 1.0, ""f1"": 0.9999999949180327, ""precision"": 0.9999999999180328, ""recall"": 0.9999999999180328}","{""accuracy"": 0.0, ""binary_crossentropy"": 0.5978138946176836, ""binary_roc_auc"": 0.0, ""f1"": 0.0, ""precision"": 0.0, ""recall"": 0.0}",6.536516427993774,0.5908353328704834,26.120017051696777,338.80859375,352,ok,,upstream-0.0.12,{}
10093,banknote-authentication,openml_task,amlb,classification,featuretools,3,4500,1097,275,4,70,66,0.003022120681548999,binary_crossentropy,False,0.0068520525541283,0.5589466575634773,"{""accuracy"": 0.9999999999636363, ""binary_crossentropy"": 0.003022120681548999, ""binary_roc_auc"": 1.0, ""f1"": 0.9999999949180327, ""precision"": 0.9999999999180328, ""recall"": 0.9999999999180328}","{""accuracy"": 0.0, ""binary_crossentropy"": 0.5589466575634807, ""binary_roc_auc"": 0.0, ""f1"": 0.0, ""precision"": 0.0, ""recall"": 0.0}",0.6202373504638672,0.19733071327209473,20.32848858833313,348.1953125,545,ok,,upstream-1.x,{}
10093,banknote-authentication,openml_task,amlb,classification,openfe,4,4500,1097,275,4,56,52,0.004040855747562918,binary_crossentropy,False,0.0137064791987689,0.7051864531391939,"{""accuracy"": 0.9999999999636363, ""binary_crossentropy"": 0.004040855747562918, ""binary_roc_auc"": 1.0, ""f1"": 0.9999999949180327, ""precision"": 0.9999999999180328, ""recall"": 0.9999999999180328}","{""accuracy"": 0.003649635036496378, ""binary_crossentropy"": 0.7051864531391957, ""binary_roc_auc"": 0.0001607458607939802, ""f1"": 0.004098360675893502, ""precision"": 0.008196721310803479, ""recall"": 0.0}",7.259076118469238,0.5561845302581787,19.52973222732544,319.9375,495,ok,,upstream-0.0.12,{}
9977,nomao,openml_task,amlb,classification,autofeat,1,4500,,,,,,,,,,,,,,,811.3783524036407,,,crash,"ttps://api.wandb.ai from /home/ionutionut045/.netrc.
wandb: Currently logged in as: ionutb to https://api.wandb.ai. Use `wandb login --relogin` to force relogin
wandb: Using an existing wandb-core service via WANDB_SERVICE.
wandb: WARNING Using a boolean value for 'reinit' is deprecated. Use 'return_previous' or 'finish_previous' instead.
wandb: Tracking run with wandb version 0.26.0
wandb: Run data is saved locally in /home/ionutionut045/tabularaml-refactored/wandb/run-20260428_234249-gqf77yvq
wandb: Run `wandb offline` to turn off syncing.
wandb: Syncing run autofeat_classification_nomao_seed1
wandb: ⭐️ View project at https://wandb.ai/ionutb/tabularaml-targeted-benchmark-binary-all-1h
wandb: 🚀 View run at https://wandb.ai/ionutb/tabularaml-targeted-benchmark-binary-all-1h/runs/gqf77yvq
",,
10093,banknote-authentication,openml_task,amlb,classification,featuretools,4,4500,1097,275,4,70,66,0.003954112887308425,binary_crossentropy,False,0.0137064791987689,0.7115150557654821,"{""accuracy"": 0.9999999999636363, ""binary_crossentropy"": 0.003954112887308425, ""binary_roc_auc"": 1.0, ""f1"": 0.9999999949180327, ""precision"": 0.9999999999180328, ""recall"": 0.9999999999180328}","{""accuracy"": 0.003649635036496378, ""binary_crossentropy"": 0.7115150557654839, ""binary_roc_auc"": 0.0001607458607939802, ""f1"": 0.004098360675893502, ""precision"": 0.008196721310803479, ""recall"": 0.0}",0.6299898624420166,0.1972060203552246,24.467831134796143,276.59375,527,ok,,upstream-1.x,{}
10101,blood-transfusion,openml_task,amlb,classification,openfe,0,4500,598,150,4,74,70,0.5322084964315097,binary_crossentropy,False,0.5313475094238918,-0.0016203840092361742,"{""accuracy"": 0.7466666666168889, ""binary_crossentropy"": 0.5322084964315097, ""binary_roc_auc"": 0.6301169590643274, ""f1"": 0.04999999817500006, ""precision"": 0.249999999375, ""recall"": 0.027777777770061726}","{""accuracy"": -0.017543859649122834, ""binary_crossentropy"": -0.0016203840092361742, ""binary_roc_auc"": -0.02119606358819085, ""f1"": 0.0, ""precision"": 0.0, ""recall"": 0.0}",8.71503233909607,1.2462308406829834,13.6563081741333,338.06640625,12,ok,,upstream-0.0.12,{}
9978,ozone-level-8hr,openml_task,amlb,classification,featuretools,0,4500,2027,507,72,23923,23851,0.13246452824085864,binary_crossentropy,False,0.1496383265878718,0.11476871426337573,"{""accuracy"": 0.9566074950501655, ""binary_crossentropy"": 0.13246452824085864, ""binary_roc_auc"": 0.9488157894736842, ""f1"": 0.5217391259735351, ""precision"": 0.8571428565306122, ""recall"": 0.3749999998828125}","{""accuracy"": 0.008316008316008315, ""binary_crossentropy"": 0.11476871426337606, ""binary_roc_auc"": 0.03972316343450352, ""f1"": 0.27536232088216794, ""precision"": 0.14285714299319727, ""recall"": 0.3333333333333335}",48.51762318611145,151.5823678970337,559.3334929943085,1300.984375,64,ok,,upstream-1.x,{}
10101,blood-transfusion,openml_task,amlb,classification,featuretools,0,4500,598,150,4,62,58,0.5245744916796684,binary_crossentropy,False,0.5313475094238918,0.012746870219768074,"{""accuracy"": 0.7599999999493333, ""binary_crossentropy"": 0.5245744916796684, ""binary_roc_auc"": 0.6700779727095516, ""f1"": 0.0, ""precision"": 0.0, ""recall"": 0.0}","{""accuracy"": 0.0, ""binary_crossentropy"": 0.012746870219768074, ""binary_roc_auc"": 0.04087812263436786, ""f1"": 0.0, ""precision"": 0.0, ""recall"": 0.0}",0.8208997249603271,0.19952988624572754,4.115010499954224,349.37890625,7,ok,,upstream-1.x,{}
9978,ozone-level-8hr,openml_task,amlb,classification,featuretools,1,4500,2027,507,72,23922,23850,0.15696965135299626,binary_crossentropy,False,0.1565396872246215,-0.002746678085269183,"{""accuracy"": 0.9408284023483071, ""binary_crossentropy"": 0.15696965135299626, ""binary_roc_auc"": 0.9224342105263158, ""f1"": 0.2105263130193906, ""precision"": 0.6666666655555555, ""recall"": 0.1249999999609375}","{""accuracy"": 0.0, ""binary_crossentropy"": -0.0027466780852688274, ""binary_roc_auc"": 0.0074004885759448216, ""f1"": 0.26315789378885807, ""precision"": -0.11111111037037047, ""recall"": 0.33333333333333326}",131.91253185272217,98.25229215621948,565.5056209564209,1307.84375,52,ok,,upstream-1.x,{}
10093,banknote-authentication,openml_task,amlb,classification,tabularaml,4,4500,1097,275,4,12,8,0.006616959132317623,binary_crossentropy,False,0.0137064791987689,0.5172385966987094,"{""accuracy"": 0.9963636363274049, ""binary_crossentropy"": 0.006616959132317623, ""binary_roc_auc"": 0.9999999999999999, ""f1"": 0.9959183622657226, ""precision"": 0.9918699186185472, ""recall"": 0.9999999999180328}","{""accuracy"": 0.0, ""binary_crossentropy"": 0.5172385966987121, ""binary_roc_auc"": 0.00016074586079386916, ""f1"": 0.0, ""precision"": 0.0, ""recall"": 0.0}",54.420636892318726,0.02410411834716797,74.86680817604065,341.2890625,522,ok,,0.2.0,"{""mode"": ""best"", ""elapsed_time"": 53.999778270721436, ""n_init_feats"": 4, ""n_added_feats"": 8, ""initial_metric"": null, ""final_metric"": 0.006731728823140426, ""pct_gain"": 0.7429595888412769}"
10093,banknote-authentication,openml_task,amlb,classification,autofeat,1,4500,1097,275,4,21,17,0.028753040424198843,binary_crossentropy,False,0.0087995903310762,-2.2675430721650778,"{""accuracy"": 0.9854545454187107, ""binary_crossentropy"": 0.028753040424198843, ""binary_roc_auc"": 0.9995178399228544, ""f1"": 0.9836065522964258, ""precision"": 0.9836065572964258, ""recall"": 0.9836065572964258}","{""accuracy"": -0.014545454545454544, ""binary_crossentropy"": -2.267543072165047, ""binary_roc_auc"": -0.00048216007714563247, ""f1"": -0.01639344270491785, ""precision"": -0.016393442622950748, ""recall"": -0.016393442622950748}",256.81299901008606,0.03285551071166992,262.88911628723145,413.08203125,355,ok,,upstream-2.1.x,{}
10101,blood-transfusion,openml_task,amlb,classification,featuretools,1,4500,598,150,4,62,58,0.4842854422330856,binary_crossentropy,False,0.4907065110405286,0.013085354815910817,"{""accuracy"": 0.779999999948, ""binary_crossentropy"": 0.4842854422330856, ""binary_roc_auc"": 0.7344054580896686, ""f1"": 0.3265306082132445, ""precision"": 0.6153846149112425, ""recall"": 0.2222222221604938}","{""accuracy"": 0.026315789473684174, ""binary_crossentropy"": 0.013085354815910817, ""binary_roc_auc"": 0.010222892575833737, ""f1"": 0.06122449179508538, ""precision"": 0.2307692305917159, ""recall"": 0.0}",0.5537259578704834,0.20796537399291992,9.898045301437378,340.04296875,27,ok,,upstream-1.x,{}
10093,banknote-authentication,openml_task,amlb,classification,autofeat,0,4500,1097,275,4,23,19,0.014469565174043634,binary_crossentropy,False,0.0078108788998427,-0.8524887352094309,"{""accuracy"": 0.9963636363274049, ""binary_crossentropy"": 0.014469565174043634, ""binary_roc_auc"": 0.9998392799742848, ""f1"": 0.9959183622657226, ""precision"": 0.9918699186185472, ""recall"": 0.9999999999180328}","{""accuracy"": 0.0, ""binary_crossentropy"": -0.8524887352094278, ""binary_roc_auc"": -0.00016072002571521082, ""f1"": 0.0, ""precision"": 0.0, ""recall"": 0.0}",294.11771392822266,0.03728628158569336,305.98512744903564,427.27734375,1971,ok,,upstream-2.1.x,{}
10101,blood-transfusion,openml_task,amlb,classification,autofeat,0,4500,598,150,4,12,8,0.5274269221226374,binary_crossentropy,False,0.5313475094238918,0.007378574721287746,"{""accuracy"": 0.7599999999493333, ""binary_crossentropy"": 0.5274269221226374, ""binary_roc_auc"": 0.650219298245614, ""f1"": 0.0, ""precision"": 0.0, ""recall"": 0.0}","{""accuracy"": 0.0, ""binary_crossentropy"": 0.007378574721287746, ""binary_roc_auc"": 0.010030280090840213, ""f1"": 0.0, ""precision"": 0.0, ""recall"": 0.0}",83.32477307319641,0.027437210083007812,86.90421938896179,477.2109375,10,ok,,upstream-2.1.x,{}
10093,banknote-authentication,openml_task,amlb,classification,tabularaml,3,4500,1097,275,4,12,8,0.00995234533346692,binary_crossentropy,False,0.0068520525541283,-0.4524619090188855,"{""accuracy"": 0.9963636363274049, ""binary_crossentropy"": 0.00995234533346692, ""binary_roc_auc"": 0.999946426658095, ""f1"": 0.9958847685806704, ""precision"": 0.9999999999173554, ""recall"": 0.9918032786072293}","{""accuracy"": -0.0036363636363636637, ""binary_crossentropy"": -0.4524619090188743, ""binary_roc_auc"": -5.357334190503327e-05, ""f1"": -0.004115226358275722, ""precision"": -6.773470673793283e-13, ""recall"": -0.008196721311475374}",129.71478462219238,0.025870084762573242,167.6061143875122,243.05078125,529,ok,,0.2.0,"{""mode"": ""best"", ""elapsed_time"": 129.12892532348633, ""n_init_feats"": 4, ""n_added_feats"": 8, ""initial_metric"": null, ""final_metric"": 0.011664943824945331, ""pct_gain"": 0.6007690374716654}"
10101,blood-transfusion,openml_task,amlb,classification,openfe,1,4500,598,150,4,59,55,0.4969388398528099,binary_crossentropy,False,0.4907065110405286,-0.012700725733322427,"{""accuracy"": 0.7599999999493333, ""binary_crossentropy"": 0.4969388398528099, ""binary_roc_auc"": 0.726608187134503, ""f1"": 0.33333332876543215, ""precision"": 0.4999999997222222, ""recall"": 0.24999999993055555}","{""accuracy"": 0.0, ""binary_crossentropy"": -0.012700725733322427, ""binary_roc_auc"": -0.0005027652086474232, ""f1"": 0.08333333390432114, ""precision"": 6.944445023370633e-11, ""recall"": 0.12500000000000006}",8.578886032104492,1.1175613403320312,39.20075082778931,321.625,40,ok,,upstream-0.0.12,{}
10101,blood-transfusion,openml_task,amlb,classification,featuretools,2,4500,598,150,4,62,58,0.49545170220235984,binary_crossentropy,False,0.4674182734886805,-0.05997503799850532,"{""accuracy"": 0.7866666666142221, ""binary_crossentropy"": 0.49545170220235984, ""binary_roc_auc"": 0.7169834307992202, ""f1"": 0.4482758572057075, ""precision"": 0.5909090906404958, ""recall"": 0.36111111101080245}","{""accuracy"": -0.02479338842975217, ""binary_crossentropy"": -0.0599750379985052, ""binary_roc_auc"": -0.06080434088732856, ""f1"": -0.010057472104637305, ""precision"": -0.16287878776687337, ""recall"": 0.08333333333333337}",0.5530364513397217,0.21617627143859863,20.676740884780884,348.4765625,40,ok,,upstream-1.x,{}
10101,blood-transfusion,openml_task,amlb,classification,openfe,2,4500,598,150,4,51,47,0.48864986672997474,binary_crossentropy,False,0.4674182734886805,-0.04542311339868578,"{""accuracy"": 0.7999999999466666, ""binary_crossentropy"": 0.48864986672997474, ""binary_roc_auc"": 0.7194200779727095, ""f1"": 0.42307691865384617, ""precision"": 0.6874999995703125, ""recall"": 0.30555555547067903}","{""accuracy"": -0.008264462809917435, ""binary_crossentropy"": -0.045423113398685655, ""binary_roc_auc"": -0.05761251196935862, ""f1"": -0.06570512862980767, ""precision"": -0.02604166670247396, ""recall"": -0.0833333333333332}",8.476321458816528,1.0873456001281738,29.686243772506714,334.7421875,30,ok,,upstream-0.0.12,{}
10093,banknote-authentication,openml_task,amlb,classification,autofeat,2,4500,1097,275,4,15,11,0.024243644641564144,binary_crossentropy,False,0.0176743452150946,-0.3716855898491277,"{""accuracy"": 0.9927272726911736, ""binary_crossentropy"": 0.024243644641564144, ""binary_roc_auc"": 0.9996785599485696, ""f1"": 0.9918032736072294, ""precision"": 0.9918032786072293, ""recall"": 0.9918032786072293}","{""accuracy"": 0.0, ""binary_crossentropy"": -0.37168558984912664, ""binary_roc_auc"": -0.000267881060808938, ""f1"": 0.0, ""precision"": 0.0, ""recall"": 0.0}",280.3073625564575,0.029918670654296875,284.29677629470825,392.890625,256,ok,,upstream-2.1.x,{}
9978,ozone-level-8hr,openml_task,amlb,classification,featuretools,2,4500,2027,507,72,23897,23825,0.15625138712369083,binary_crossentropy,False,0.1553282559763445,-0.005943098643217305,"{""accuracy"": 0.9408284023483071, ""binary_crossentropy"": 0.15625138712369083, ""binary_roc_auc"": 0.9286184210526316, ""f1"": 0.2105263130193906, ""precision"": 0.6666666655555555, ""recall"": 0.1249999999609375}","{""accuracy"": 0.0021008403361343943, ""binary_crossentropy"": -0.005943098643217125, ""binary_roc_auc"": 0.007278955255833898, ""f1"": -0.13684210407313027, ""precision"": 0.19999999933333334, ""recall"": -0.19999999999999996}",59.88405203819275,72.32675099372864,530.3856501579285,1119.80859375,72,ok,,upstream-1.x,{}
9978,ozone-level-8hr,openml_task,amlb,classification,featuretools,3,4500,2027,507,72,23877,23805,0.17935534914187662,binary_crossentropy,False,0.170925956057785,-0.04931605051980462,"{""accuracy"": 0.9428007889360395, ""binary_crossentropy"": 0.17935534914187662, ""binary_roc_auc"": 0.8870394736842104, ""f1"": 0.40816326060807995, ""precision"": 0.5882352937716263, ""recall"": 0.31249999990234373}","{""accuracy"": 0.0, ""binary_crossentropy"": -0.04931605051980412, ""binary_roc_auc"": 0.011781479813897513, ""f1"": 0.06575963746833864, ""precision"": -0.01960784306036129, ""recall"": 0.11111111111111109}",73.4147572517395,80.18913912773132,491.77578043937683,1131.03515625,55,ok,,upstream-1.x,{}
9952,phoneme,openml_task,amlb,classification,autofeat,0,4500,4323,1081,5,74,69,0.22465828786551795,binary_crossentropy,False,0.2475817773502007,0.09258956668793045,"{""accuracy"": 0.9148936170128132, ""binary_crossentropy"": 0.22465828786551795, ""binary_roc_auc"": 0.9622442069797017, ""f1"": 0.8535031796866507, ""precision"": 0.8617363343774361, ""recall"": 0.8454258674812168}","{""accuracy"": 0.023809523809523822, ""binary_crossentropy"": 0.09258956668793066, ""binary_roc_auc"": 0.007875514114080386, ""f1"": 0.042258696975493136, ""precision"": 0.053969824387084885, ""recall"": 0.03076923076923081}",4187.977077960968,0.11298871040344238,4203.392328977585,498.18359375,346,ok,,upstream-2.1.x,{}
10101,blood-transfusion,openml_task,amlb,classification,featuretools,3,4500,598,150,4,62,58,0.5272641999522845,binary_crossentropy,False,0.5317196175456047,0.00837926126157666,"{""accuracy"": 0.7599999999493333, ""binary_crossentropy"": 0.5272641999522845, ""binary_roc_auc"": 0.6427875243664717, ""f1"": 0.0, ""precision"": 0.0, ""recall"": 0.0}","{""accuracy"": 0.0, ""binary_crossentropy"": 0.00837926126157666, ""binary_roc_auc"": 0.017158280316174834, ""f1"": 0.0, ""precision"": 0.0, ""recall"": 0.0}",0.547926664352417,0.18842148780822754,20.862951040267944,344.09375,11,ok,,upstream-1.x,{}
10101,blood-transfusion,openml_task,amlb,classification,autofeat,1,4500,598,150,4,8,4,0.4874658058583736,binary_crossentropy,False,0.4907065110405286,0.00660416177336459,"{""accuracy"": 0.7666666666155555, ""binary_crossentropy"": 0.4874658058583736, ""binary_roc_auc"": 0.7355019493177388, ""f1"": 0.22222221892345687, ""precision"": 0.5555555549382716, ""recall"": 0.13888888885030864}","{""accuracy"": 0.008771929824561344, ""binary_crossentropy"": 0.00660416177336459, ""binary_roc_auc"": 0.011731188201776465, ""f1"": -0.2777777782209874, ""precision"": 0.11111111057098766, ""recall"": -0.37499999999999994}",84.65238404273987,0.01990222930908203,88.1773521900177,516.02734375,25,ok,,upstream-2.1.x,{}
10101,blood-transfusion,openml_task,amlb,classification,featuretools,4,4500,598,150,4,62,58,0.5078504747649034,binary_crossentropy,False,0.5122701958318552,0.008627714637535677,"{""accuracy"": 0.7933333332804444, ""binary_crossentropy"": 0.5078504747649034, ""binary_roc_auc"": 0.6920077972709552, ""f1"": 0.3921568584390619, ""precision"": 0.6666666662222221, ""recall"": 0.2777777777006173}","{""accuracy"": 0.01709401709401712, ""binary_crossentropy"": 0.008627714637535677, ""binary_roc_auc"": -0.025227389737429298, ""f1"": 0.11111111241830059, ""precision"": 0.11111111111111109, ""recall"": 0.11111111111111116}",0.5792732238769531,0.21796631813049316,4.908222675323486,346.12109375,35,ok,,upstream-1.x,{}
10101,blood-transfusion,openml_task,amlb,classification,openfe,3,4500,598,150,4,67,63,0.5316943580905596,binary_crossentropy,False,0.5317196175456047,4.7505215552612983e-05,"{""accuracy"": 0.7666666666155555, ""binary_crossentropy"": 0.5316943580905596, ""binary_roc_auc"": 0.6452241715399609, ""f1"": 0.14634146120166566, ""precision"": 0.5999999988, ""recall"": 0.08333333331018518}","{""accuracy"": 0.008771929824561344, ""binary_crossentropy"": 4.7505215552612983e-05, ""binary_roc_auc"": 0.02101407364565231, ""f1"": 0.0, ""precision"": 0.0, ""recall"": 0.0}",8.381678104400635,1.0096971988677979,54.05290174484253,335.75,14,ok,,upstream-0.0.12,{}
10101,blood-transfusion,openml_task,amlb,classification,openfe,4,4500,598,150,4,71,67,0.5072259513537088,binary_crossentropy,False,0.5122701958318552,0.00984684355871062,"{""accuracy"": 0.7933333332804444, ""binary_crossentropy"": 0.5072259513537088, ""binary_roc_auc"": 0.6856725146198831, ""f1"": 0.3921568584390619, ""precision"": 0.6666666662222221, ""recall"": 0.2777777777006173}","{""accuracy"": 0.01709401709401712, ""binary_crossentropy"": 0.00984684355871062, ""binary_roc_auc"": -0.034151364338424604, ""f1"": 0.11111111241830059, ""precision"": 0.11111111111111109, ""recall"": 0.11111111111111116}",7.179846286773682,1.1658709049224854,26.916346549987793,338.94140625,38,ok,,upstream-0.0.12,{}
10101,blood-transfusion,openml_task,amlb,classification,autofeat,2,4500,598,150,4,4,0,0.46741827348868054,binary_crossentropy,False,0.4674182734886805,-1.1876119180565616e-16,"{""accuracy"": 0.8066666666128889, ""binary_crossentropy"": 0.46741827348868054, ""binary_roc_auc"": 0.7634015594541911, ""f1"": 0.4528301841509434, ""precision"": 0.7058823525259516, ""recall"": 0.3333333332407407}","{""accuracy"": 0.0, ""binary_crossentropy"": -0.0, ""binary_roc_auc"": 0.0, ""f1"": 0.0, ""precision"": 0.0, ""recall"": 0.0}",65.54885053634644,0.006051778793334961,85.09178113937378,515.6796875,40,ok,,upstream-2.1.x,{}
10101,blood-transfusion,openml_task,amlb,classification,tabularaml,2,4500,598,150,4,12,8,0.47257587855060895,binary_crossentropy,False,0.4674182734886805,-0.011034239255203988,"{""accuracy"": 0.7866666666142221, ""binary_crossentropy"": 0.47257587855060895, ""binary_roc_auc"": 0.7517056530214425, ""f1"": 0.4482758572057075, ""precision"": 0.5909090906404958, ""recall"": 0.36111111101080245}","{""accuracy"": -0.02479338842975217, ""binary_crossentropy"": -0.011034239255203868, ""binary_roc_auc"": -0.015320778806255982, ""f1"": -0.010057472104637305, ""precision"": -0.16287878776687337, ""recall"": 0.08333333333333337}",75.30496382713318,0.021225452423095703,84.51348519325256,337.109375,46,ok,,0.2.0,"{""mode"": ""best"", ""elapsed_time"": 74.99599695205688, ""n_init_feats"": 4, ""n_added_feats"": 8, ""initial_metric"": null, ""final_metric"": 0.5752376724326178, ""pct_gain"": 0.01817683722179887}"
10093,banknote-authentication,openml_task,amlb,classification,autofeat,4,4500,1097,275,4,14,10,0.03498677090039233,binary_crossentropy,False,0.0137064791987689,-1.5525716993416372,"{""accuracy"": 0.9890909090549421, ""binary_crossentropy"": 0.03498677090039233, ""binary_roc_auc"": 0.9994106932390443, ""f1"": 0.9878542459328953, ""precision"": 0.9759999999219201, ""recall"": 0.9999999999180328}","{""accuracy"": -0.007299270072992645, ""binary_crossentropy"": -1.5525716993416225, ""binary_roc_auc"": -0.00042865562878428035, ""f1"": -0.008097166031241155, ""precision"": -0.015999999998719965, ""recall"": 0.0}",254.11531376838684,0.031856536865234375,258.5344579219818,414.2578125,1376,ok,,upstream-2.1.x,{}
10093,banknote-authentication,openml_task,amlb,classification,autofeat,3,4500,1097,275,4,17,13,0.008255638206081295,binary_crossentropy,False,0.0068520525541283,-0.20484163553406315,"{""accuracy"": 0.9999999999636363, ""binary_crossentropy"": 0.008255638206081295, ""binary_roc_auc"": 1.0, ""f1"": 0.9999999949180327, ""precision"": 0.9999999999180328, ""recall"": 0.9999999999180328}","{""accuracy"": 0.0, ""binary_crossentropy"": -0.20484163553405385, ""binary_roc_auc"": 0.0, ""f1"": 0.0, ""precision"": 0.0, ""recall"": 0.0}",294.24070620536804,0.026874303817749023,304.7598702907562,404.76953125,345,ok,,upstream-2.1.x,{}
10101,blood-transfusion,openml_task,amlb,classification,autofeat,4,4500,598,150,4,6,2,0.502774746393164,binary_crossentropy,False,0.5122701958318552,0.01853601774210561,"{""accuracy"": 0.779999999948, ""binary_crossentropy"": 0.502774746393164, ""binary_roc_auc"": 0.7051656920077972, ""f1"": 0.3529411721799308, ""precision"": 0.5999999996, ""recall"": 0.24999999993055555}","{""accuracy"": 0.0, ""binary_crossentropy"": 0.01853601774210561, ""binary_roc_auc"": -0.006692980950746714, ""f1"": 0.0, ""precision"": 0.0, ""recall"": 0.0}",52.51981019973755,0.0116729736328125,56.034693002700806,516.2109375,38,ok,,upstream-2.1.x,{}
10101,blood-transfusion,openml_task,amlb,classification,autofeat,3,4500,598,150,4,10,6,0.5294840423266093,binary_crossentropy,False,0.5317196175456047,0.00420442493604946,"{""accuracy"": 0.753333333283111, ""binary_crossentropy"": 0.5294840423266093, ""binary_roc_auc"": 0.6461988304093567, ""f1"": 0.21276595377093713, ""precision"": 0.45454545413223135, ""recall"": 0.13888888885030864}","{""accuracy"": -0.00877192982456149, ""binary_crossentropy"": 0.00420442493604946, ""binary_roc_auc"": 0.02255639097744337, ""f1"": 0.0, ""precision"": 0.0, ""recall"": 0.0}",68.4477436542511,0.019862890243530273,86.71033954620361,526.05078125,16,ok,,upstream-2.1.x,{}
9978,ozone-level-8hr,openml_task,amlb,classification,featuretools,4,4500,2027,507,72,23926,23854,0.1475786198062833,binary_crossentropy,False,0.1424019519012114,-0.03635250666130697,"{""accuracy"": 0.9447731755237717, ""binary_crossentropy"": 0.1475786198062833, ""binary_roc_auc"": 0.9196052631578948, ""f1"": 0.3636363595041322, ""precision"": 0.666666666111111, ""recall"": 0.249999999921875}","{""accuracy"": -0.004158004158004157, ""binary_crossentropy"": -0.036352506661306565, ""binary_roc_auc"": 0.006118189016051374, ""f1"": 0.038961037173216195, ""precision"": -0.2380952377777778, ""recall"": 0.14285714285714282}",57.384384632110596,86.07949542999268,518.2386655807495,1303.8359375,55,ok,,upstream-1.x,{}
10101,blood-transfusion,openml_task,amlb,classification,tabularaml,1,4500,598,150,4,10,6,0.4891421594719092,binary_crossentropy,False,0.4907065110405286,0.003187957635414766,"{""accuracy"": 0.7599999999493333, ""binary_crossentropy"": 0.4891421594719092, ""binary_roc_auc"": 0.7309941520467836, ""f1"": 0.33333332876543215, ""precision"": 0.4999999997222222, ""recall"": 0.24999999993055555}","{""accuracy"": 0.0, ""binary_crossentropy"": 0.003187957635414766, ""binary_roc_auc"": 0.005530417295123182, ""f1"": 0.08333333390432114, ""precision"": 6.944445023370633e-11, ""recall"": 0.12500000000000006}",184.78799700737,0.016765356063842773,189.64427614212036,342.5625,39,ok,,0.2.0,"{""mode"": ""best"", ""elapsed_time"": 184.4603147506714, ""n_init_feats"": 4, ""n_added_feats"": 6, ""initial_metric"": null, ""final_metric"": 0.5208322108343215, ""pct_gain"": 0.07618077164079413}"
14952,PhishingWebsites,openml_task,amlb,classification,featuretools,0,4500,8844,2211,30,3528,3498,0.07405191997885932,binary_crossentropy,False,0.0766956780694694,0.03447075711639738,"{""accuracy"": 0.9701492537269555, ""binary_crossentropy"": 0.07405191997885932, ""binary_roc_auc"": 0.9965342595202175, ""f1"": 0.9732360047244801, ""precision"": 0.9716599190204724, ""recall"": 0.9748172217629991}","{""accuracy"": 0.0032740879326473163, ""binary_crossentropy"": 0.03447075711639773, ""binary_roc_auc"": 0.0003711245156035022, ""f1"": 0.0028632944469835276, ""precision"": 0.004885987985906851, ""recall"": 0.0008340283569641776}",15.608451843261719,16.298351049423218,122.1456823348999,1076.66015625,387,ok,,upstream-1.x,{}
14952,PhishingWebsites,openml_task,amlb,classification,featuretools,1,4500,8844,2211,30,3528,3498,0.07057825259722682,binary_crossentropy,False,0.0724844624397388,0.02629818554696109,"{""accuracy"": 0.9692446856582124, ""binary_crossentropy"": 0.07057825259722682, ""binary_roc_auc"": 0.9968036605381388, ""f1"": 0.9724249747163763, ""precision"": 0.9708502024212887, ""recall"": 0.9740048740781966}","{""accuracy"": 0.0, ""binary_crossentropy"": 0.02629818554696146, ""binary_roc_auc"": 0.00022125034726329905, ""f1"": 6.91681114449837e-05, ""precision"": -0.0023621247613108596, ""recall"": 0.002508361204013272}",19.39930748939514,16.86668038368225,116.01371574401855,1070.984375,352,ok,,upstream-1.x,{}
10101,blood-transfusion,openml_task,amlb,classification,tabularaml,4,4500,598,150,4,9,5,0.5144937815020482,binary_crossentropy,False,0.5122701958318552,-0.0043406500871716585,"{""accuracy"": 0.7666666666155555, ""binary_crossentropy"": 0.5144937815020482, ""binary_roc_auc"": 0.7173489278752436, ""f1"": 0.3137254859207997, ""precision"": 0.5333333329777777, ""recall"": 0.2222222221604938}","{""accuracy"": -0.01709401709401712, ""binary_crossentropy"": -0.0043406500871716585, ""binary_roc_auc"": 0.010468508666552084, ""f1"": -0.11111111241830074, ""precision"": -0.11111111111111109, ""recall"": -0.11111111111111116}",181.06028127670288,0.010151386260986328,184.5588834285736,343.26171875,75,ok,,0.2.0,"{""mode"": ""best"", ""elapsed_time"": 180.80634760856628, ""n_init_feats"": 4, ""n_added_feats"": 5, ""initial_metric"": null, ""final_metric"": 0.5663356590886987, ""pct_gain"": 0.06420096514217517}"
9952,phoneme,openml_task,amlb,classification,autofeat,4,4500,4323,1081,5,87,82,0.2232855597688855,binary_crossentropy,False,0.2245167523478838,0.005483744825822974,"{""accuracy"": 0.9167437557732032, ""binary_crossentropy"": 0.2232855597688855, ""binary_roc_auc"": 0.9634003336251177, ""f1"": 0.8575949316817717, ""precision"": 0.8603174602901487, ""recall"": 0.8548895898783946}","{""accuracy"": -0.002014098690835794, ""binary_crossentropy"": 0.005483744825822974, ""binary_roc_auc"": 0.0012659368576442113, ""f1"": -0.004184633955806105, ""precision"": -0.0010233153092296349, ""recall"": -0.007326007326007368}",4062.9972956180573,0.12943577766418457,4070.0253641605377,542.75,285,ok,,upstream-2.1.x,{}
9978,ozone-level-8hr,openml_task,amlb,classification,openfe,1,4500,2027,507,72,3460,3388,0.1613341520009544,binary_crossentropy,False,0.1565396872246215,-0.030627790698554626,"{""accuracy"": 0.9428007889360395, ""binary_crossentropy"": 0.1613341520009544, ""binary_roc_auc"": 0.9042763157894737, ""f1"": 0.25641025333333334, ""precision"": 0.7142857132653061, ""recall"": 0.15624999995117186}","{""accuracy"": 0.0020964360587002687, ""binary_crossentropy"": -0.03062779069855426, ""binary_roc_auc"": -0.012429946831441347, ""f1"": 0.538461539088319, ""precision"": -0.04761904659863957, ""recall"": 0.6666666666666665}",818.7377018928528,77.053955078125,921.5790503025055,534.12890625,36,ok,,upstream-0.0.12,{}
9952,phoneme,openml_task,amlb,classification,autofeat,3,4500,4323,1081,5,77,72,0.23595768869015588,binary_crossentropy,False,0.2411837950994805,0.021668563624554618,"{""accuracy"": 0.900092506929694, ""binary_crossentropy"": 0.23595768869015588, ""binary_roc_auc"": 0.9583257634564883, ""f1"": 0.8312499949744631, ""precision"": 0.8235294117392096, ""recall"": 0.8391167192164316}","{""accuracy"": 0.0, ""binary_crossentropy"": 0.021668563624554844, ""binary_roc_auc"": 0.0017004674127431198, ""f1"": 0.0019249049553925837, ""precision"": -0.007380899127130328, ""recall"": 0.01140684410646381}",4144.856584072113,0.10991835594177246,4155.5114731788635,503.47265625,205,ok,,upstream-2.1.x,{}
9978,ozone-level-8hr,openml_task,amlb,classification,openfe,0,4500,2027,507,72,3474,3402,0.13555485053865984,binary_crossentropy,False,0.1496383265878718,0.09411677055170582,"{""accuracy"": 0.9487179486992363, ""binary_crossentropy"": 0.13555485053865984, ""binary_roc_auc"": 0.9454605263157895, ""f1"": 0.40909090493801653, ""precision"": 0.749999999375, ""recall"": 0.28124999991210936}","{""accuracy"": 0.0, ""binary_crossentropy"": 0.09411677055170617, ""binary_roc_auc"": 0.03604642779900505, ""f1"": 0.0, ""precision"": 0.0, ""recall"": 0.0}",847.9346578121185,71.57099914550781,1005.2734415531158,537.48828125,43,ok,,upstream-0.0.12,{}
9978,ozone-level-8hr,openml_task,amlb,classification,openfe,3,4500,2027,507,72,3423,3351,0.17806903438420352,binary_crossentropy,False,0.170925956057785,-0.04179048338336435,"{""accuracy"": 0.9388560157605749, ""binary_crossentropy"": 0.17806903438420352, ""binary_roc_auc"": 0.8770394736842105, ""f1"": 0.3404255274241738, ""precision"": 0.5333333329777777, ""recall"": 0.249999999921875}","{""accuracy"": -0.0041841004184100415, ""binary_crossentropy"": -0.04179048338336384, ""binary_roc_auc"": 0.0003752063634999103, ""f1"": -0.11111111237194658, ""precision"": -0.11111111111111109, ""recall"": -0.11111111111111109}",722.4415438175201,35.34502100944519,820.946188211441,515.1171875,59,ok,,upstream-0.0.12,{}
14952,PhishingWebsites,openml_task,amlb,classification,featuretools,3,4500,8844,2211,30,3528,3498,0.0854653090740732,binary_crossentropy,False,0.0840834398965127,-0.016434498627330946,"{""accuracy"": 0.9683401175894694, ""binary_crossentropy"": 0.0854653090740732, ""binary_roc_auc"": 0.9956800510618544, ""f1"": 0.9717057346850676, ""precision"": 0.9670152855915768, ""recall"": 0.9764419171326041}","{""accuracy"": 0.00046728971962621486, ""binary_crossentropy"": -0.016434498627330273, ""binary_roc_auc"": 0.00025814864948697243, ""f1"": 0.00045203449444042163, ""precision"": -0.000750871547312279, ""recall"": 0.0016666666666666345}",12.248921155929565,12.992050647735596,106.24594473838806,1078.70703125,449,ok,,upstream-1.x,{}
9978,ozone-level-8hr,openml_task,amlb,classification,openfe,4,4500,2027,507,72,3292,3220,0.15171524083000265,binary_crossentropy,False,0.1424019519012114,-0.06540141342481144,"{""accuracy"": 0.9428007889360395, ""binary_crossentropy"": 0.15171524083000265, ""binary_roc_auc"": 0.92125, ""f1"": 0.38297871889542784, ""precision"": 0.5999999996, ""recall"": 0.28124999991210936}","{""accuracy"": -0.006237006237006178, ""binary_crossentropy"": -0.06540141342481103, ""binary_roc_auc"": 0.007917656373713436, ""f1"": 0.09422492168124832, ""precision"": -0.3142857138857143, ""recall"": 0.28571428571428564}",650.5711863040924,79.02971172332764,782.769017457962,540.18359375,87,ok,,upstream-0.0.12,{}
14952,PhishingWebsites,openml_task,amlb,classification,openfe,2,4500,8844,2211,30,896,866,0.12581294562276082,binary_crossentropy,False,0.0749538167360582,-0.6785395474362241,"{""accuracy"": 0.9516056083177223, ""binary_crossentropy"": 0.12581294562276082, ""binary_roc_auc"": 0.9919656327193754, ""f1"": 0.9570798184989114, ""precision"": 0.9453248811335554, ""recall"": 0.9691307879693817}","{""accuracy"": -0.020484171322160134, ""binary_crossentropy"": -0.6785395474362232, ""binary_roc_auc"": -0.004173245874082702, ""f1"": -0.017838633789157076, ""precision"": -0.027935479957963697, ""recall"": -0.007487520798668797}",180.96657586097717,88.90661764144897,294.1276161670685,562.703125,345,ok,,upstream-0.0.12,{}
14952,PhishingWebsites,openml_task,amlb,classification,openfe,1,4500,8844,2211,30,900,870,0.11216804224096288,binary_crossentropy,False,0.0724844624397388,-0.5474770518470177,"{""accuracy"": 0.9583898688332955, ""binary_crossentropy"": 0.11216804224096288, ""binary_roc_auc"": 0.9933810242212238, ""f1"": 0.96302250303139, ""precision"": 0.953062848043333, ""recall"": 0.9731925263933942}","{""accuracy"": -0.011199253383107765, ""binary_crossentropy"": -0.5474770518470171, ""binary_roc_auc"": -0.003213120644653594, ""f1"": -0.009600597968903017, ""precision"": -0.020640267345496056, ""recall"": 0.0016722408026755527}",203.90173506736755,91.6635103225708,326.92695212364197,561.8125,525,ok,,upstream-0.0.12,{}
14952,PhishingWebsites,openml_task,amlb,classification,openfe,0,4500,8844,2211,30,888,858,0.10258358773499669,binary_crossentropy,False,0.0766956780694694,-0.33754065831556423,"{""accuracy"": 0.9620081411082677, ""binary_crossentropy"": 0.10258358773499669, ""binary_roc_auc"": 0.993744093900761, ""f1"": 0.9659090859012542, ""precision"": 0.9651257096434297, ""recall"": 0.9666937449149742}","{""accuracy"": -0.005144995322731579, ""binary_crossentropy"": -0.33754065831556374, ""binary_roc_auc"": -0.002429783824130089, ""f1"": -0.0046866707346746445, ""precision"": -0.0018716597435329688, ""recall"": -0.007506255212677143}",205.21667957305908,103.96229028701782,356.81293630599976,562.11328125,323,ok,,upstream-0.0.12,{}
9952,phoneme,openml_task,amlb,classification,autofeat,2,4500,4323,1081,5,82,77,0.21628599709627883,binary_crossentropy,False,0.2424288639784168,0.10783727008870295,"{""accuracy"": 0.9056429232108637, ""binary_crossentropy"": 0.21628599709627883, ""binary_roc_auc"": 0.965196458949246, ""f1"": 0.8370606978494729, ""precision"": 0.8478964401020098, ""recall"": 0.8264984226868612}","{""accuracy"": 0.011363636363636352, ""binary_crossentropy"": 0.10783727008870306, ""binary_roc_auc"": 0.009675231838423682, ""f1"": 0.018263498820182193, ""precision"": 0.033069225903900684, ""recall"": 0.0038314176245210943}",4369.945421218872,0.13905787467956543,4390.256364583969,504.37109375,314,ok,,upstream-2.1.x,{}
10101,blood-transfusion,openml_task,amlb,classification,tabularaml,3,4500,598,150,4,12,8,0.5170556353529294,binary_crossentropy,False,0.5317196175456047,0.027578411081320652,"{""accuracy"": 0.7599999999493333, ""binary_crossentropy"": 0.5170556353529294, ""binary_roc_auc"": 0.6624025341130604, ""f1"": 0.0, ""precision"": 0.0, ""recall"": 0.0}","{""accuracy"": 0.0, ""binary_crossentropy"": 0.027578411081320652, ""binary_roc_auc"": 0.04819741661846903, ""f1"": 0.0, ""precision"": 0.0, ""recall"": 0.0}",392.7968716621399,0.014658927917480469,400.05232667922974,333.5859375,9,ok,,0.2.0,"{""mode"": ""best"", ""elapsed_time"": 392.52377676963806, ""n_init_feats"": 4, ""n_added_feats"": 8, ""initial_metric"": null, ""final_metric"": 0.5300274415157162, ""pct_gain"": 0.04283334502245996}"
14954,cylinder-bands,openml_task,amlb,classification,featuretools,0,4500,432,108,35,,,,,,,,,,,,10.959475755691528,,,featuretools_upstream_bug,_FeaturetoolsUpstreamBugError: boolean value of NA is ambiguous,upstream-1.x,
14954,cylinder-bands,openml_task,amlb,classification,featuretools,1,4500,432,108,35,,,,,,,,,,,,5.944662809371948,,,featuretools_upstream_bug,_FeaturetoolsUpstreamBugError: boolean value of NA is ambiguous,upstream-1.x,
9978,ozone-level-8hr,openml_task,amlb,classification,openfe,2,4500,2027,507,72,3390,3318,0.14534510708853962,binary_crossentropy,False,0.1553282559763445,0.06427129967470473,"{""accuracy"": 0.9408284023483071, ""binary_crossentropy"": 0.14534510708853962, ""binary_roc_auc"": 0.9365131578947368, ""f1"": 0.2857142819501134, ""precision"": 0.5999999993999999, ""recall"": 0.18749999994140626}","{""accuracy"": 0.0021008403361343943, ""binary_crossentropy"": 0.0642712996747049, ""binary_roc_auc"": 0.01584243202740306, ""f1"": 0.17142857302403616, ""precision"": 0.08000000011999993, ""recall"": 0.20000000000000015}",784.136123418808,102.91761708259583,976.5227987766266,565.3984375,83,ok,,upstream-0.0.12,{}
9952,phoneme,openml_task,amlb,classification,autofeat,1,4500,,,,,,,,,,,,,,,4680,,,timeout,wall-clock exceeded 4680s,,
9957,qsar-biodeg,openml_task,amlb,classification,autofeat,0,4500,,,,,,,,,,,,,,,4680,,,timeout,wall-clock exceeded 4680s,,
9957,qsar-biodeg,openml_task,amlb,classification,autofeat,1,4500,,,,,,,,,,,,,,,4680,,,timeout,wall-clock exceeded 4680s,,
9957,qsar-biodeg,openml_task,amlb,classification,autofeat,2,4500,,,,,,,,,,,,,,,4680,,,timeout,wall-clock exceeded 4680s,,
9977,nomao,openml_task,amlb,classification,featuretools,0,4500,,,,,,,,,,,,,,,3821.8807237148285,,,crash,"k/type_sys/utils.py:33: UserWarning: Could not infer format, so each element will be parsed individually, falling back to `dateutil`. To ensure parsing is consistent and as-expected, please specify a format.
  pd.to_datetime(
/home/ionutionut045/venv/lib/python3.11/site-packages/woodwork/type_sys/utils.py:33: UserWarning: Could not infer format, so each element will be parsed individually, falling back to `dateutil`. To ensure parsing is consistent and as-expected, please specify a format.
  pd.to_datetime(
/home/ionutionut045/venv/lib/python3.11/site-packages/woodwork/type_sys/utils.py:33: UserWarning: Could not infer format, so each element will be parsed individually, falling back to `dateutil`. To ensure parsing is consistent and as-expected, please specify a format.
  pd.to_datetime(
",,
14954,cylinder-bands,openml_task,amlb,classification,featuretools,2,4500,432,108,35,,,,,,,,,,,,7.342864990234375,,,featuretools_upstream_bug,_FeaturetoolsUpstreamBugError: boolean value of NA is ambiguous,upstream-1.x,
14954,cylinder-bands,openml_task,amlb,classification,autofeat,3,4500,432,108,35,,,,,,,,,,,,20.212409019470215,,,autofeat_internal_nan,"_AutofeatInternalNaNError: Input X contains NaN.
LogisticRegressionCV does not accept missing values encoded as NaN natively. For supervised learning, you might want to consider sklearn.ensemble.HistGradientBoostingClassifier and Regressor which accept missing values encoded as NaNs natively. Alternatively, it is possible to preprocess the data, for instance by using an imputer transformer in a pipeline or drop samples with",upstream-2.1.x,
14954,cylinder-bands,openml_task,amlb,classification,featuretools,3,4500,432,108,35,,,,,,,,,,,,10.835042476654053,,,featuretools_upstream_bug,_FeaturetoolsUpstreamBugError: boolean value of NA is ambiguous,upstream-1.x,
14952,PhishingWebsites,openml_task,amlb,classification,featuretools,4,4500,8844,2211,30,3528,3498,0.05865549261170003,binary_crossentropy,False,0.0663311423256297,0.11571713443813068,"{""accuracy"": 0.9769335142425286, ""binary_crossentropy"": 0.05865549261170003, ""binary_roc_auc"": 0.9978725608846299, ""f1"": 0.9792429742350289, ""precision"": 0.981239804233432, ""recall"": 0.9772542648174066}","{""accuracy"": 0.0018552875695732412, ""binary_crossentropy"": 0.11571713443813142, ""binary_roc_auc"": 0.0006625013040135483, ""f1"": 0.0016652789427382658, ""precision"": 0.0016652789342214826, ""recall"": 0.0016652789342214498}",13.292797565460205,15.175199747085571,953.7555668354034,1076.01953125,254,ok,,upstream-1.x,{}
9976,madelon,openml_task,amlb,classification,tabularaml,3,4500,2080,520,500,503,3,0.4361171554057644,binary_crossentropy,False,0.4321942936772337,-0.009076616202296058,"{""accuracy"": 0.8230769230610947, ""binary_crossentropy"": 0.4361171554057644, ""binary_roc_auc"": 0.9046005917159764, ""f1"": 0.8237547842405426, ""precision"": 0.8206106869915797, ""recall"": 0.8269230768912722}","{""accuracy"": -0.0046511627906976865, ""binary_crossentropy"": -0.009076616202296058, ""binary_roc_auc"": -0.001453298497713896, ""f1"": -0.0038314176474523627, ""precision"": -0.00763358778596827, ""recall"": 0.0}",4060.821539402008,0.045832157135009766,4091.0481057167053,386.21484375,44,ok,,0.2.0,"{""mode"": ""best"", ""elapsed_time"": 4038.8889191150665, ""n_init_feats"": 500, ""n_added_feats"": 3, ""initial_metric"": null, ""final_metric"": 0.4452468827511208, ""pct_gain"": 0.03152274725913286}"
14952,PhishingWebsites,openml_task,amlb,classification,openfe,3,4500,8844,2211,30,882,852,0.11833608799034458,binary_crossentropy,False,0.0840834398965127,-0.40736497146155043,"{""accuracy"": 0.9588421528676669, ""binary_crossentropy"": 0.11833608799034458, ""binary_roc_auc"": 0.9925732356305642, ""f1"": 0.9634097255918732, ""precision"": 0.9538216560433613, ""recall"": 0.9731925263933942}","{""accuracy"": -0.00934579439252338, ""binary_crossentropy"": -0.4073649714615495, ""binary_roc_auc"": -0.0028629517965688155, ""f1"": -0.008089398245133435, ""precision"": -0.014384288747244863, ""recall"": -0.0016666666666666345}",204.80672812461853,847.4665336608887,1090.3579041957855,448.734375,435,ok,,upstream-0.0.12,{}
9976,madelon,openml_task,amlb,classification,tabularaml,4,4500,2080,520,500,501,1,0.43623129557639073,binary_crossentropy,False,0.4373122928887963,0.0024719115606486267,"{""accuracy"": 0.7980769230615754, ""binary_crossentropy"": 0.43623129557639073, ""binary_roc_auc"": 0.8809171597633135, ""f1"": 0.8066298292334042, ""precision"": 0.7738515900786624, ""recall"": 0.8423076922752958}","{""accuracy"": -0.014251781472684123, ""binary_crossentropy"": 0.0024719115606487534, ""binary_roc_auc"": 0.0009580959104431197, ""f1"": -0.012699682583648113, ""precision"": -0.016052955566322823, ""recall"": -0.009049773755656187}",4021.9557757377625,0.3351860046386719,4071.0983893871307,419.7890625,290,ok,,0.2.0,"{""mode"": ""best"", ""elapsed_time"": 3999.968641757965, ""n_init_feats"": 500, ""n_added_feats"": 1, ""initial_metric"": null, ""final_metric"": 0.46328213858200595, ""pct_gain"": 0.015067299248242225}"
14954,cylinder-bands,openml_task,amlb,classification,autofeat,4,4500,432,108,35,,,,,,,,,,,,25.114577293395996,,,autofeat_internal_nan,"_AutofeatInternalNaNError: Input X contains NaN.
LogisticRegressionCV does not accept missing values encoded as NaN natively. For supervised learning, you might want to consider sklearn.ensemble.HistGradientBoostingClassifier and Regressor which accept missing values encoded as NaNs natively. Alternatively, it is possible to preprocess the data, for instance by using an imputer transformer in a pipeline or drop samples with",upstream-2.1.x,
14954,cylinder-bands,openml_task,amlb,classification,featuretools,4,4500,432,108,35,,,,,,,,,,,,10.208945512771606,,,featuretools_upstream_bug,_FeaturetoolsUpstreamBugError: boolean value of NA is ambiguous,upstream-1.x,
14954,cylinder-bands,openml_task,amlb,classification,openfe,1,4500,432,108,35,1950,1915,0.5089025378509648,binary_crossentropy,False,0.4752561906180172,-0.07079623137406024,"{""accuracy"": 0.7685185184473594, ""binary_crossentropy"": 0.5089025378509648, ""binary_roc_auc"": 0.8183730715287518, ""f1"": 0.8175182431008581, ""precision"": 0.7466666665671112, ""recall"": 0.9032258063059313}","{""accuracy"": -0.04597701149425292, ""binary_crossentropy"": -0.07079623137406024, ""binary_roc_auc"": -0.038318912237329944, ""f1"": -0.029197080433998202, ""precision"": -0.0533333333262222, ""recall"": 0.0}",869.9322211742401,36.11588144302368,937.243284702301,311.81640625,230,ok,,upstream-0.0.12,{}
10093,banknote-authentication,openml_task,amlb,classification,tabularaml,1,4500,1097,275,4,12,8,0.020771718841702255,binary_crossentropy,False,0.0087995903310762,-1.360532486193803,"{""accuracy"": 0.9890909090549421, ""binary_crossentropy"": 0.020771718841702255, ""binary_roc_auc"": 0.9998928533161898, ""f1"": 0.9876543159064508, ""precision"": 0.9917355371081211, ""recall"": 0.9836065572964258}","{""accuracy"": -0.01090909090909088, ""binary_crossentropy"": -1.3605324861937806, ""binary_roc_auc"": -0.00010714668381017756, ""f1"": -0.012345679074322238, ""precision"": -0.00826446281058908, ""recall"": -0.016393442622950748}",39.10061025619507,0.031165122985839844,1649.487334728241,286.3515625,462,ok,,0.2.0,"{""mode"": ""best"", ""elapsed_time"": 38.48729634284973, ""n_init_feats"": 4, ""n_added_feats"": 8, ""initial_metric"": null, ""final_metric"": 0.005280691210820383, ""pct_gain"": 0.7879153281806306}"
14954,cylinder-bands,openml_task,amlb,classification,openfe,0,4500,432,108,35,1885,1850,0.43030489415482237,binary_crossentropy,False,0.3127325949592179,-0.3759515352435091,"{""accuracy"": 0.7870370369641633, ""binary_crossentropy"": 0.43030489415482237, ""binary_roc_auc"": 0.8860448807854138, ""f1"": 0.813008124949435, ""precision"": 0.8196721310131685, ""recall"": 0.8064516127731529}","{""accuracy"": -0.02298850574712646, ""binary_crossentropy"": -0.3759515352435089, ""binary_roc_auc"": -0.04928517682468029, ""f1"": -0.022826766868906556, ""precision"": -0.006935687268724317, ""recall"": -0.03846153846153852}",874.4359223842621,35.945021867752075,1001.4836974143982,309.58203125,98,ok,,upstream-0.0.12,{}
14965,bank-marketing,openml_task,amlb,classification,featuretools,0,4500,36168,9043,16,272,256,0.19543619731924225,binary_crossentropy,False,0.1940132602092769,-0.007334226064911601,"{""accuracy"": 0.9094327103827164, ""binary_crossentropy"": 0.19543619731924225, ""binary_roc_auc"": 0.9358855746774729, ""f1"": 0.5608579039317354, ""precision"": 0.6480793060638403, ""recall"": 0.49432892249060184}","{""accuracy"": -0.0018206092972448476, ""binary_crossentropy"": -0.007334226064911601, ""binary_roc_auc"": -0.0016231787065522846, ""f1"": -0.017712410252488354, ""precision"": -0.011527637841916764, ""recall"": -0.02242990654205609}",4.628445386886597,2.234090805053711,39.60430574417114,482.1328125,221,ok,,upstream-1.x,{}
14952,PhishingWebsites,openml_task,amlb,classification,openfe,4,4500,8844,2211,30,897,867,0.07991029039555848,binary_crossentropy,False,0.0663311423256297,-0.2047175367984268,"{""accuracy"": 0.9656264133832401, ""binary_crossentropy"": 0.07991029039555848, ""binary_roc_auc"": 0.9959726620136276, ""f1"": 0.9692058296761301, ""precision"": 0.9668552950608986, ""recall"": 0.9715678310237892}","{""accuracy"": -0.0097402597402598, ""binary_crossentropy"": -0.2047175367984258, ""binary_roc_auc"": -0.0012427094723971377, ""f1"": -0.008601692042917162, ""precision"": -0.013018657989733404, ""recall"": -0.004163197335553682}",969.5220239162445,105.02183961868286,1120.5971446037292,463.875,587,ok,,upstream-0.0.12,{}
14965,bank-marketing,openml_task,amlb,classification,featuretools,1,4500,36168,9043,16,271,255,0.1964776362073538,binary_crossentropy,False,0.1970229387218367,0.002767710795608291,"{""accuracy"": 0.9065575583314093, ""binary_crossentropy"": 0.1964776362073538, ""binary_roc_auc"": 0.9350741525047556, ""f1"": 0.5429962092682085, ""precision"": 0.634639696578576, ""recall"": 0.4744801512242488}","{""accuracy"": -0.0009748964172555638, ""binary_crossentropy"": 0.002767710795608291, ""binary_roc_auc"": -0.0005184264053703133, ""f1"": -0.024158232408152683, ""precision"": 0.0021263018475921117, ""recall"": -0.04380952380952383}",4.684798240661621,2.2917520999908447,44.06218695640564,483.4296875,207,ok,,upstream-1.x,{}
9957,qsar-biodeg,openml_task,amlb,classification,autofeat,3,4500,,,,,,,,,,,,,,,4680,,,timeout,wall-clock exceeded 4680s,,
14954,cylinder-bands,openml_task,amlb,classification,openfe,3,4500,432,108,35,1983,1948,0.5618728486890042,binary_crossentropy,False,0.5105437139670054,-0.10053817786368058,"{""accuracy"": 0.7222222221553498, ""binary_crossentropy"": 0.5618728486890042, ""binary_roc_auc"": 0.758765778401122, ""f1"": 0.769230764123077, ""precision"": 0.7352941175389274, ""recall"": 0.8064516127731529}","{""accuracy"": -0.0823529411764706, ""binary_crossentropy"": -0.10053817786368058, ""binary_roc_auc"": -0.08266214497668511, ""f1"": -0.07824933739957929, ""precision"": -0.023833671416373412, ""recall"": -0.1379310344827587}",152.28881764411926,37.017030239105225,216.311687707901,414.9921875,55,ok,,upstream-0.0.12,{}
14954,cylinder-bands,openml_task,amlb,classification,openfe,4,4500,432,108,35,1963,1928,0.48014103886843834,binary_crossentropy,False,0.4710487386987046,-0.01930224926374212,"{""accuracy"": 0.7962962962225653, ""binary_crossentropy"": 0.48014103886843834, ""binary_roc_auc"": 0.8429172510518934, ""f1"": 0.8333333282254364, ""precision"": 0.7857142856020409, ""recall"": 0.8870967740504683}","{""accuracy"": 0.023809523809523832, ""binary_crossentropy"": -0.019302249263741997, ""binary_roc_auc"": -0.044135188866799256, ""f1"": 0.011904761947000847, ""precision"": 0.03826530611443157, ""recall"": -0.01785714285714282}",136.60006403923035,35.73864984512329,202.87200212478638,416.96484375,51,ok,,upstream-0.0.12,{}
14965,bank-marketing,openml_task,amlb,classification,featuretools,2,4500,36168,9043,16,272,256,0.2013036439826358,binary_crossentropy,False,0.198388814037124,-0.014692511569560422,"{""accuracy"": 0.9067787238738175, ""binary_crossentropy"": 0.2013036439826358, ""binary_roc_auc"": 0.9319693233887262, ""f1"": 0.5425935924993723, ""precision"": 0.6369426751511218, ""recall"": 0.4725897920560247}","{""accuracy"": 0.0006101281269066626, ""binary_crossentropy"": -0.014692511569559997, ""binary_roc_auc"": -0.0020876138754649023, ""f1"": 0.0140273788326125, ""precision"": -0.0002088336636706136, ""recall"": 0.024590163934426125}",4.627185821533203,2.017275810241699,41.985249519348145,485.70703125,209,ok,,upstream-1.x,{}
3903,pc3,openml_task,amlb,classification,tabularaml,3,4500,1250,313,37,,,,,,,,,,,,43.79014801979065,,,crash,ValueError: Input X contains infinity or a value too large for dtype('float64').,0.2.0,
9977,nomao,openml_task,amlb,classification,featuretools,0,4500,,,,,,,,,,,,,,,77.50229930877686,,,crash,":33: UserWarning: Could not infer format, so each element will be parsed individually, falling back to `dateutil`. To ensure parsing is consistent and as-expected, please specify a format.
  pd.to_datetime(
/home/ionutionut045/venv/lib/python3.11/site-packages/featuretools/synthesis/dfs.py:321: UnusedPrimitiveWarning: Some specified primitives were not used during DFS:
  groupby_trans_primitives: ['cum_count', 'cum_max', 'cum_mean', 'cum_min', 'cum_sum']
This may be caused by a using a value of max_depth that is too small, not setting interesting values, or it may indicate no compatible columns for the primitive were found in the data. If the DFS call contained multiple instances of a primitive in the list above, none of them were used.
  warnings.warn(warning_msg, UnusedPrimitiveWarning)
",,
9977,nomao,openml_task,amlb,classification,featuretools,4,4500,,,,,,,,,,,,,,,106.36101984977722,,,crash,":33: UserWarning: Could not infer format, so each element will be parsed individually, falling back to `dateutil`. To ensure parsing is consistent and as-expected, please specify a format.
  pd.to_datetime(
/home/ionutionut045/venv/lib/python3.11/site-packages/featuretools/synthesis/dfs.py:321: UnusedPrimitiveWarning: Some specified primitives were not used during DFS:
  groupby_trans_primitives: ['cum_count', 'cum_max', 'cum_mean', 'cum_min', 'cum_sum']
This may be caused by a using a value of max_depth that is too small, not setting interesting values, or it may indicate no compatible columns for the primitive were found in the data. If the DFS call contained multiple instances of a primitive in the list above, none of them were used.
  warnings.warn(warning_msg, UnusedPrimitiveWarning)
",,
10101,blood-transfusion,openml_task,amlb,classification,tabularaml,0,4500,598,150,4,12,8,0.5296071411172549,binary_crossentropy,False,0.5313475094238918,0.0032753862129207985,"{""accuracy"": 0.7599999999493333, ""binary_crossentropy"": 0.5296071411172549, ""binary_roc_auc"": 0.6554580896686161, ""f1"": 0.0, ""precision"": 0.0, ""recall"": 0.0}","{""accuracy"": 0.0, ""binary_crossentropy"": 0.0032753862129207985, ""binary_roc_auc"": 0.018168054504163686, ""f1"": 0.0, ""precision"": 0.0, ""recall"": 0.0}",106.3701913356781,0.012636661529541016,109.99067950248718,243.71875,9,ok,,0.2.0,"{""mode"": ""best"", ""elapsed_time"": 106.1181993484497, ""n_init_feats"": 4, ""n_added_feats"": 8, ""initial_metric"": null, ""final_metric"": 0.5147310151225162, ""pct_gain"": 0.0390722835618252}"
3902,pc4,openml_task,amlb,classification,tabularaml,0,4500,1166,292,37,,,,,,,,,,,,189.89388728141785,,,crash,ValueError: Input X contains infinity or a value too large for dtype('float64').,0.2.0,
14952,PhishingWebsites,openml_task,amlb,classification,featuretools,2,4500,8844,2211,30,3528,3498,0.07586222640867125,binary_crossentropy,False,0.0749538167360582,-0.012119591932348347,"{""accuracy"": 0.9724106738988132, ""binary_crossentropy"": 0.07586222640867125, ""binary_roc_auc"": 0.9961442497388883, ""f1"": 0.9753734305998978, ""precision"": 0.969502407696874, ""recall"": 0.9813160032414191}","{""accuracy"": 0.0009310986964618036, ""binary_crossentropy"": -0.012119591932347785, ""binary_roc_auc"": 2.1635970633348814e-05, ""f1"": 0.0009343867121172303, ""precision"": -0.0030740632919873364, ""recall"": 0.004991680532445941}",12.72158145904541,13.507387161254883,104.89115619659424,970.33984375,489,ok,,upstream-1.x,{}
9977,nomao,openml_task,amlb,classification,featuretools,3,4500,,,,,,,,,,,,,,,244.57527041435242,,,crash,":33: UserWarning: Could not infer format, so each element will be parsed individually, falling back to `dateutil`. To ensure parsing is consistent and as-expected, please specify a format.
  pd.to_datetime(
/home/ionutionut045/venv/lib/python3.11/site-packages/featuretools/synthesis/dfs.py:321: UnusedPrimitiveWarning: Some specified primitives were not used during DFS:
  groupby_trans_primitives: ['cum_count', 'cum_max', 'cum_mean', 'cum_min', 'cum_sum']
This may be caused by a using a value of max_depth that is too small, not setting interesting values, or it may indicate no compatible columns for the primitive were found in the data. If the DFS call contained multiple instances of a primitive in the list above, none of them were used.
  warnings.warn(warning_msg, UnusedPrimitiveWarning)
",,
9977,nomao,openml_task,amlb,classification,autofeat,4,4500,,,,,,,,,,,,,,,267.16543650627136,,,crash,"ionutionut045/.netrc.
wandb: Currently logged in as: ionutb to https://api.wandb.ai. Use `wandb login --relogin` to force relogin
wandb: Using an existing wandb-core service via WANDB_SERVICE.
wandb: WARNING Using a boolean value for 'reinit' is deprecated. Use 'return_previous' or 'finish_previous' instead.
wandb: setting up run wcf161w6
wandb: Tracking run with wandb version 0.26.0
wandb: Run data is saved locally in /home/ionutionut045/tabularaml-refactored/wandb/run-20260429_061718-wcf161w6
wandb: Run `wandb offline` to turn off syncing.
wandb: Syncing run autofeat_classification_nomao_seed4
wandb: ⭐️ View project at https://wandb.ai/ionutb/tabularaml-targeted-benchmark-binary-all-1h
wandb: 🚀 View run at https://wandb.ai/ionutb/tabularaml-targeted-benchmark-binary-all-1h/runs/wcf161w6
",,
3902,pc4,openml_task,amlb,classification,tabularaml,3,4500,1166,292,37,,,,,,,,,,,,283.9908447265625,,,crash,ValueError: Input X contains infinity or a value too large for dtype('float64').,0.2.0,
9977,nomao,openml_task,amlb,classification,autofeat,0,4500,,,,,,,,,,,,,,,292.70867681503296,,,crash,"ionutionut045/.netrc.
wandb: Currently logged in as: ionutb to https://api.wandb.ai. Use `wandb login --relogin` to force relogin
wandb: Using an existing wandb-core service via WANDB_SERVICE.
wandb: WARNING Using a boolean value for 'reinit' is deprecated. Use 'return_previous' or 'finish_previous' instead.
wandb: setting up run u4ez639y
wandb: Tracking run with wandb version 0.26.0
wandb: Run data is saved locally in /home/ionutionut045/tabularaml-refactored/wandb/run-20260429_061717-u4ez639y
wandb: Run `wandb offline` to turn off syncing.
wandb: Syncing run autofeat_classification_nomao_seed0
wandb: ⭐️ View project at https://wandb.ai/ionutb/tabularaml-targeted-benchmark-binary-all-1h
wandb: 🚀 View run at https://wandb.ai/ionutb/tabularaml-targeted-benchmark-binary-all-1h/runs/u4ez639y
",,
9977,nomao,openml_task,amlb,classification,autofeat,1,4500,,,,,,,,,,,,,,,499.1698462963104,,,crash,"ttps://api.wandb.ai from /home/ionutionut045/.netrc.
wandb: Currently logged in as: ionutb to https://api.wandb.ai. Use `wandb login --relogin` to force relogin
wandb: Using an existing wandb-core service via WANDB_SERVICE.
wandb: WARNING Using a boolean value for 'reinit' is deprecated. Use 'return_previous' or 'finish_previous' instead.
wandb: Tracking run with wandb version 0.26.0
wandb: Run data is saved locally in /home/ionutionut045/tabularaml-refactored/wandb/run-20260429_061720-jtqmqote
wandb: Run `wandb offline` to turn off syncing.
wandb: Syncing run autofeat_classification_nomao_seed1
wandb: ⭐️ View project at https://wandb.ai/ionutb/tabularaml-targeted-benchmark-binary-all-1h
wandb: 🚀 View run at https://wandb.ai/ionutb/tabularaml-targeted-benchmark-binary-all-1h/runs/jtqmqote
",,
3918,pc1,openml_task,amlb,classification,tabularaml,4,4500,887,222,21,29,8,0.1663776142354887,binary_crossentropy,False,0.1600700859945301,-0.03940479073131836,"{""accuracy"": 0.9459459459033357, ""binary_crossentropy"": 0.1663776142354887, ""binary_roc_auc"": 0.9011272141706925, ""f1"": 0.39999999585, ""precision"": 0.7999999984, ""recall"": 0.26666666648888887}","{""accuracy"": 0.0, ""binary_crossentropy"": -0.03940479073131836, ""binary_roc_auc"": -0.01582835033415389, ""f1"": 0.19999999888333336, ""precision"": -0.19999999893333334, ""recall"": 0.33333333333333326}",541.5706977844238,0.025276660919189453,544.7211856842041,265.38671875,43,ok,,0.2.0,"{""mode"": ""best"", ""elapsed_time"": 511.5874192714691, ""n_init_feats"": 21, ""n_added_feats"": 8, ""initial_metric"": null, ""final_metric"": 0.35265511354196605, ""pct_gain"": -0.005269675947879908}"
3913,kc2,openml_task,amlb,classification,tabularaml,0,4500,417,105,21,35,14,0.4182554997148968,binary_crossentropy,False,0.417824380419084,-0.00103181938636606,"{""accuracy"": 0.8095238094467121, ""binary_crossentropy"": 0.4182554997148968, ""binary_roc_auc"": 0.7886089813800657, ""f1"": 0.4117647010726644, ""precision"": 0.5833333328472222, ""recall"": 0.3181818180371901}","{""accuracy"": 0.0, ""binary_crossentropy"": -0.00103181938636606, ""binary_roc_auc"": -0.003460207612456574, ""f1"": -0.07352941216371092, ""precision"": 0.020833333211805635, ""recall"": -0.12499999999999994}",610.5508279800415,0.0701897144317627,618.0916669368744,257.1953125,24,ok,,0.2.0,"{""mode"": ""best"", ""elapsed_time"": 590.0979578495026, ""n_init_feats"": 21, ""n_added_feats"": 14, ""initial_metric"": null, ""final_metric"": 0.4693443132413163, ""pct_gain"": 0.11580714394291078}"
9977,nomao,openml_task,amlb,classification,autofeat,3,4500,,,,,,,,,,,,,,,715.6910257339478,,,crash,"ttps://api.wandb.ai from /home/ionutionut045/.netrc.
wandb: Currently logged in as: ionutb to https://api.wandb.ai. Use `wandb login --relogin` to force relogin
wandb: Using an existing wandb-core service via WANDB_SERVICE.
wandb: WARNING Using a boolean value for 'reinit' is deprecated. Use 'return_previous' or 'finish_previous' instead.
wandb: Tracking run with wandb version 0.26.0
wandb: Run data is saved locally in /home/ionutionut045/tabularaml-refactored/wandb/run-20260429_061720-fetreyzy
wandb: Run `wandb offline` to turn off syncing.
wandb: Syncing run autofeat_classification_nomao_seed3
wandb: ⭐️ View project at https://wandb.ai/ionutb/tabularaml-targeted-benchmark-binary-all-1h
wandb: 🚀 View run at https://wandb.ai/ionutb/tabularaml-targeted-benchmark-binary-all-1h/runs/fetreyzy
",,
3902,pc4,openml_task,amlb,classification,tabularaml,4,4500,1166,292,37,,,,,,,,,,,,722.0687954425812,,,crash,ValueError: Input X contains infinity or a value too large for dtype('float64').,0.2.0,
9957,qsar-biodeg,openml_task,amlb,classification,tabularaml,3,4500,844,211,41,49,8,0.3713961813943152,binary_crossentropy,False,0.3618040181016682,-0.026512041914226542,"{""accuracy"": 0.843601895694616, ""binary_crossentropy"": 0.3713961813943152, ""binary_roc_auc"": 0.9074446680080482, ""f1"": 0.7441860414470285, ""precision"": 0.8275862067538644, ""recall"": 0.6760563379329498}","{""accuracy"": -0.01111111111111113, ""binary_crossentropy"": -0.026512041914226542, ""binary_roc_auc"": -0.0027639579878386334, ""f1"": -0.025116279215090447, ""precision"": -0.006896551729845502, ""recall"": -0.04000000000000006}",814.9673640727997,0.025478363037109375,818.4375548362732,263.52734375,96,ok,,0.2.0,"{""mode"": ""best"", ""elapsed_time"": 766.3876547813416, ""n_init_feats"": 41, ""n_added_feats"": 8, ""initial_metric"": null, ""final_metric"": 0.4056554423711134, ""pct_gain"": 0.037366987457944145}"
9977,nomao,openml_task,amlb,classification,featuretools,1,4500,,,,,,,,,,,,,,,853.8910956382751,,,crash,"k/type_sys/utils.py:33: UserWarning: Could not infer format, so each element will be parsed individually, falling back to `dateutil`. To ensure parsing is consistent and as-expected, please specify a format.
  pd.to_datetime(
/home/ionutionut045/venv/lib/python3.11/site-packages/woodwork/type_sys/utils.py:33: UserWarning: Could not infer format, so each element will be parsed individually, falling back to `dateutil`. To ensure parsing is consistent and as-expected, please specify a format.
  pd.to_datetime(
/home/ionutionut045/venv/lib/python3.11/site-packages/woodwork/type_sys/utils.py:33: UserWarning: Could not infer format, so each element will be parsed individually, falling back to `dateutil`. To ensure parsing is consistent and as-expected, please specify a format.
  pd.to_datetime(
",,
9957,qsar-biodeg,openml_task,amlb,classification,tabularaml,2,4500,844,211,41,51,10,0.33921228640964385,binary_crossentropy,False,0.3336047239985617,-0.016809001814693424,"{""accuracy"": 0.8578199051726152, ""binary_crossentropy"": 0.33921228640964385, ""binary_roc_auc"": 0.9168008048289739, ""f1"": 0.7826086905429532, ""precision"": 0.8059701491334373, ""recall"": 0.7605633801745686}","{""accuracy"": -0.010928961748633772, ""binary_crossentropy"": -0.016809001814693424, ""binary_roc_auc"": -0.0006579668823336055, ""f1"": -0.014492753719126, ""precision"": -0.029850746264201374, ""recall"": 0.0}",884.0277917385101,0.032154083251953125,888.3297698497772,258.48046875,98,ok,,0.2.0,"{""mode"": ""best"", ""elapsed_time"": 819.1707367897034, ""n_init_feats"": 41, ""n_added_feats"": 10, ""initial_metric"": null, ""final_metric"": 0.39241856015393733, ""pct_gain"": 0.04833851794392172}"
14954,cylinder-bands,openml_task,amlb,classification,openfe,2,4500,432,108,35,1877,1842,0.4742347094083757,binary_crossentropy,False,0.3649798874426374,-0.2993447741224084,"{""accuracy"": 0.8055555554809671, ""binary_crossentropy"": 0.4742347094083757, ""binary_roc_auc"": 0.8572931276297335, ""f1"": 0.8235294066351245, ""precision"": 0.8596491226562019, ""recall"": 0.7903225805176899}","{""accuracy"": -0.011363636363636308, ""binary_crossentropy"": -0.2993447741224082, ""binary_roc_auc"": -0.05997693194925026, ""f1"": -0.023965141760937073, ""precision"": 0.05068226118344094, ""recall"": -0.09259259259259266}",129.58220100402832,31.99914240837097,185.90498161315918,303.37109375,126,ok,,upstream-0.0.12,{}
3917,kc1,openml_task,amlb,classification,tabularaml,4,4500,1687,422,21,29,8,0.33906604764956577,binary_crossentropy,False,0.3333425756226078,-0.017169940012216743,"{""accuracy"": 0.8554502369465533, ""binary_crossentropy"": 0.33906604764956577, ""binary_roc_auc"": 0.8270846800258567, ""f1"": 0.2988505708653719, ""precision"": 0.5909090906404958, ""recall"": 0.1999999999692308}","{""accuracy"": 0.0055710306406685246, ""binary_crossentropy"": -0.017169940012216743, ""binary_roc_auc"": -0.010517361379630176, ""f1"": 0.24022988687290242, ""precision"": 0.06363636374380152, ""recall"": 0.29999999999999993}",951.0928902626038,0.020254850387573242,953.7588443756104,279.6796875,46,ok,,0.2.0,"{""mode"": ""best"", ""elapsed_time"": 950.4837491512299, ""n_init_feats"": 21, ""n_added_feats"": 8, ""initial_metric"": null, ""final_metric"": 0.39889379503402106, ""pct_gain"": 0.11049056338087436}"
3903,pc3,openml_task,amlb,classification,tabularaml,3,4500,1250,313,37,,,,,,,,,,,,57.80938410758972,,,crash,ValueError: Input X contains infinity or a value too large for dtype('float64').,0.2.0,
9977,nomao,openml_task,amlb,classification,featuretools,1,4500,,,,,,,,,,,,,,,94.61998748779297,,,crash,":33: UserWarning: Could not infer format, so each element will be parsed individually, falling back to `dateutil`. To ensure parsing is consistent and as-expected, please specify a format.
  pd.to_datetime(
/home/ionutionut045/venv/lib/python3.11/site-packages/featuretools/synthesis/dfs.py:321: UnusedPrimitiveWarning: Some specified primitives were not used during DFS:
  groupby_trans_primitives: ['cum_count', 'cum_max', 'cum_mean', 'cum_min', 'cum_sum']
This may be caused by a using a value of max_depth that is too small, not setting interesting values, or it may indicate no compatible columns for the primitive were found in the data. If the DFS call contained multiple instances of a primitive in the list above, none of them were used.
  warnings.warn(warning_msg, UnusedPrimitiveWarning)
",,
9977,nomao,openml_task,amlb,classification,featuretools,2,4500,,,,,,,,,,,,,,,138.16628074645996,,,crash,":33: UserWarning: Could not infer format, so each element will be parsed individually, falling back to `dateutil`. To ensure parsing is consistent and as-expected, please specify a format.
  pd.to_datetime(
/home/ionutionut045/venv/lib/python3.11/site-packages/featuretools/synthesis/dfs.py:321: UnusedPrimitiveWarning: Some specified primitives were not used during DFS:
  groupby_trans_primitives: ['cum_count', 'cum_max', 'cum_mean', 'cum_min', 'cum_sum']
This may be caused by a using a value of max_depth that is too small, not setting interesting values, or it may indicate no compatible columns for the primitive were found in the data. If the DFS call contained multiple instances of a primitive in the list above, none of them were used.
  warnings.warn(warning_msg, UnusedPrimitiveWarning)
",,
3902,pc4,openml_task,amlb,classification,tabularaml,4,4500,1166,292,37,,,,,,,,,,,,134.34688186645508,,,crash,ValueError: Input X contains infinity or a value too large for dtype('float64').,0.2.0,
9977,nomao,openml_task,amlb,classification,featuretools,4,4500,,,,,,,,,,,,,,,229.2655119895935,,,crash,":33: UserWarning: Could not infer format, so each element will be parsed individually, falling back to `dateutil`. To ensure parsing is consistent and as-expected, please specify a format.
  pd.to_datetime(
/home/ionutionut045/venv/lib/python3.11/site-packages/featuretools/synthesis/dfs.py:321: UnusedPrimitiveWarning: Some specified primitives were not used during DFS:
  groupby_trans_primitives: ['cum_count', 'cum_max', 'cum_mean', 'cum_min', 'cum_sum']
This may be caused by a using a value of max_depth that is too small, not setting interesting values, or it may indicate no compatible columns for the primitive were found in the data. If the DFS call contained multiple instances of a primitive in the list above, none of them were used.
  warnings.warn(warning_msg, UnusedPrimitiveWarning)
",,
9977,nomao,openml_task,amlb,classification,featuretools,3,4500,,,,,,,,,,,,,,,255.96574211120605,,,crash,":33: UserWarning: Could not infer format, so each element will be parsed individually, falling back to `dateutil`. To ensure parsing is consistent and as-expected, please specify a format.
  pd.to_datetime(
/home/ionutionut045/venv/lib/python3.11/site-packages/featuretools/synthesis/dfs.py:321: UnusedPrimitiveWarning: Some specified primitives were not used during DFS:
  groupby_trans_primitives: ['cum_count', 'cum_max', 'cum_mean', 'cum_min', 'cum_sum']
This may be caused by a using a value of max_depth that is too small, not setting interesting values, or it may indicate no compatible columns for the primitive were found in the data. If the DFS call contained multiple instances of a primitive in the list above, none of them were used.
  warnings.warn(warning_msg, UnusedPrimitiveWarning)
",,
3902,pc4,openml_task,amlb,classification,tabularaml,3,4500,1166,292,37,,,,,,,,,,,,253.25326871871948,,,crash,ValueError: Input X contains infinity or a value too large for dtype('float64').,0.2.0,
9977,nomao,openml_task,amlb,classification,autofeat,2,4500,,,,,,,,,,,,,,,273.2740499973297,,,crash,"ionutionut045/.netrc.
wandb: Currently logged in as: ionutb to https://api.wandb.ai. Use `wandb login --relogin` to force relogin
wandb: Using an existing wandb-core service via WANDB_SERVICE.
wandb: WARNING Using a boolean value for 'reinit' is deprecated. Use 'return_previous' or 'finish_previous' instead.
wandb: setting up run fcpaoao2
wandb: Tracking run with wandb version 0.26.0
wandb: Run data is saved locally in /home/ionutionut045/tabularaml-refactored/wandb/run-20260429_090408-fcpaoao2
wandb: Run `wandb offline` to turn off syncing.
wandb: Syncing run autofeat_classification_nomao_seed2
wandb: ⭐️ View project at https://wandb.ai/ionutb/tabularaml-targeted-benchmark-binary-all-1h
wandb: 🚀 View run at https://wandb.ai/ionutb/tabularaml-targeted-benchmark-binary-all-1h/runs/fcpaoao2
",,
9977,nomao,openml_task,amlb,classification,autofeat,3,4500,,,,,,,,,,,,,,,288.2837727069855,,,crash,"ionutionut045/.netrc.
wandb: Currently logged in as: ionutb to https://api.wandb.ai. Use `wandb login --relogin` to force relogin
wandb: Using an existing wandb-core service via WANDB_SERVICE.
wandb: WARNING Using a boolean value for 'reinit' is deprecated. Use 'return_previous' or 'finish_previous' instead.
wandb: setting up run 1czcjorr
wandb: Tracking run with wandb version 0.26.0
wandb: Run data is saved locally in /home/ionutionut045/tabularaml-refactored/wandb/run-20260429_090411-1czcjorr
wandb: Run `wandb offline` to turn off syncing.
wandb: Syncing run autofeat_classification_nomao_seed3
wandb: ⭐️ View project at https://wandb.ai/ionutb/tabularaml-targeted-benchmark-binary-all-1h
wandb: 🚀 View run at https://wandb.ai/ionutb/tabularaml-targeted-benchmark-binary-all-1h/runs/1czcjorr
",,
3903,pc3,openml_task,amlb,classification,tabularaml,0,4500,1250,313,37,,,,,,,,,,,,403.7804002761841,,,crash,ValueError: Input X contains infinity or a value too large for dtype('float64').,0.2.0,
3918,pc1,openml_task,amlb,classification,tabularaml,0,4500,887,222,21,,,,,,,,,,,,481.4954333305359,,,crash,ValueError: Input X contains infinity or a value too large for dtype('float64').,0.2.0,
3903,pc3,openml_task,amlb,classification,tabularaml,4,4500,1250,313,37,,,,,,,,,,,,484.1799809932709,,,crash,ValueError: Input X contains infinity or a value too large for dtype('float64').,0.2.0,
9977,nomao,openml_task,amlb,classification,autofeat,1,4500,,,,,,,,,,,,,,,629.8235132694244,,,crash,"ionutionut045/.netrc.
wandb: Currently logged in as: ionutb to https://api.wandb.ai. Use `wandb login --relogin` to force relogin
wandb: Using an existing wandb-core service via WANDB_SERVICE.
wandb: WARNING Using a boolean value for 'reinit' is deprecated. Use 'return_previous' or 'finish_previous' instead.
wandb: setting up run crdzts7t
wandb: Tracking run with wandb version 0.26.0
wandb: Run data is saved locally in /home/ionutionut045/tabularaml-refactored/wandb/run-20260429_090412-crdzts7t
wandb: Run `wandb offline` to turn off syncing.
wandb: Syncing run autofeat_classification_nomao_seed1
wandb: ⭐️ View project at https://wandb.ai/ionutb/tabularaml-targeted-benchmark-binary-all-1h
wandb: 🚀 View run at https://wandb.ai/ionutb/tabularaml-targeted-benchmark-binary-all-1h/runs/crdzts7t
",,
9977,nomao,openml_task,amlb,classification,tabularaml,4,4500,27572,6893,118,118,0,0.07138354732680341,binary_crossentropy,False,0.0713835473268034,-1.9441157420042597e-16,"{""accuracy"": 0.9737414768591706, ""binary_crossentropy"": 0.07138354732680341, ""binary_roc_auc"": 0.9957554420900068, ""f1"": 0.9816038165245868, ""precision"": 0.9825025432329959, ""recall"": 0.9807067424837923}","{""accuracy"": 0.0, ""binary_crossentropy"": -0.0, ""binary_roc_auc"": 0.0, ""f1"": 0.0, ""precision"": 0.0, ""recall"": 0.0}",621.6234765052795,0.04880189895629883,660.8693902492523,584.890625,582,ok,,0.2.0,"{""mode"": ""best"", ""elapsed_time"": 580.6846075057983, ""n_init_feats"": 118, ""n_added_feats"": 0, ""initial_metric"": null, ""final_metric"": 0.08324516620849715, ""pct_gain"": 0.0}"
9977,nomao,openml_task,amlb,classification,autofeat,0,4500,,,,,,,,,,,,,,,819.9857716560364,,,crash,"ionutionut045/.netrc.
wandb: Currently logged in as: ionutb to https://api.wandb.ai. Use `wandb login --relogin` to force relogin
wandb: Using an existing wandb-core service via WANDB_SERVICE.
wandb: WARNING Using a boolean value for 'reinit' is deprecated. Use 'return_previous' or 'finish_previous' instead.
wandb: setting up run 0agt6l5j
wandb: Tracking run with wandb version 0.26.0
wandb: Run data is saved locally in /home/ionutionut045/tabularaml-refactored/wandb/run-20260429_090409-0agt6l5j
wandb: Run `wandb offline` to turn off syncing.
wandb: Syncing run autofeat_classification_nomao_seed0
wandb: ⭐️ View project at https://wandb.ai/ionutb/tabularaml-targeted-benchmark-binary-all-1h
wandb: 🚀 View run at https://wandb.ai/ionutb/tabularaml-targeted-benchmark-binary-all-1h/runs/0agt6l5j
",,
3902,pc4,openml_task,amlb,classification,tabularaml,0,4500,1166,292,37,46,9,0.20596106270047493,binary_crossentropy,False,0.2086054276043472,0.012676395500541417,"{""accuracy"": 0.9109589040783918, ""binary_crossentropy"": 0.20596106270047493, ""binary_roc_auc"": 0.9332682291666666, ""f1"": 0.5517241330321048, ""precision"": 0.7272727269421487, ""recall"": 0.4444444443209876}","{""accuracy"": 0.011406844106463821, ""binary_crossentropy"": 0.012676395500541811, ""binary_roc_auc"": 0.0013971358714635397, ""f1"": 0.1671087545420007, ""precision"": 0.06293706301335025, ""recall"": 0.23076923076923073}",836.1195182800293,0.0214383602142334,853.8223750591278,257.6484375,64,ok,,0.2.0,"{""mode"": ""best"", ""elapsed_time"": 744.4646179676056, ""n_init_feats"": 37, ""n_added_feats"": 9, ""initial_metric"": null, ""final_metric"": 0.25948066265353603, ""pct_gain"": 0.02045680903475373}"
9977,nomao,openml_task,amlb,classification,autofeat,4,4500,,,,,,,,,,,,,,,1051.0671608448029,,,crash,"ionutionut045/.netrc.
wandb: Currently logged in as: ionutb to https://api.wandb.ai. Use `wandb login --relogin` to force relogin
wandb: Using an existing wandb-core service via WANDB_SERVICE.
wandb: WARNING Using a boolean value for 'reinit' is deprecated. Use 'return_previous' or 'finish_previous' instead.
wandb: setting up run 9bd5hne7
wandb: Tracking run with wandb version 0.26.0
wandb: Run data is saved locally in /home/ionutionut045/tabularaml-refactored/wandb/run-20260429_090408-9bd5hne7
wandb: Run `wandb offline` to turn off syncing.
wandb: Syncing run autofeat_classification_nomao_seed4
wandb: ⭐️ View project at https://wandb.ai/ionutb/tabularaml-targeted-benchmark-binary-all-1h
wandb: 🚀 View run at https://wandb.ai/ionutb/tabularaml-targeted-benchmark-binary-all-1h/runs/9bd5hne7
",,
14965,bank-marketing,openml_task,amlb,classification,openfe,0,4500,36168,9043,16,620,604,0.2029538626857417,binary_crossentropy,False,0.1940132602092769,-0.04608242996803835,"{""accuracy"": 0.9053411478481639, ""binary_crossentropy"": 0.2029538626857417, ""binary_roc_auc"": 0.9314250609306438, ""f1"": 0.5136363588350983, ""precision"": 0.6438746438654719, ""recall"": 0.42722117201864634}","{""accuracy"": -0.0063114455637820165, ""binary_crossentropy"": -0.04608242996803835, ""binary_roc_auc"": -0.006381531283393378, ""f1"": -0.10041631331235297, ""precision"": -0.017940730092217153, ""recall"": -0.15514018691588785}",355.15332198143005,152.54782271385193,571.381454706192,823.53125,84,ok,,upstream-0.0.12,{}
3918,pc1,openml_task,amlb,classification,tabularaml,2,4500,887,222,21,32,11,0.18717473834702694,binary_crossentropy,False,0.1668545311853826,-0.12178396964879375,"{""accuracy"": 0.9414414413990342, ""binary_crossentropy"": 0.18717473834702694, ""binary_roc_auc"": 0.865378421900161, ""f1"": 0.23529411529411765, ""precision"": 0.999999995, ""recall"": 0.13333333324444444}","{""accuracy"": 0.004807692307692331, ""binary_crossentropy"": -0.12178396964879337, ""binary_roc_auc"": -0.03518850987432676, ""f1"": 0.05882353323529422, ""precision"": 0.4999999975, ""recall"": 0.0}",1114.5029788017273,0.04923677444458008,1130.3587262630463,261.15234375,46,ok,,0.2.0,"{""mode"": ""best"", ""elapsed_time"": 1048.979436635971, ""n_init_feats"": 21, ""n_added_feats"": 11, ""initial_metric"": null, ""final_metric"": 0.25988876296130237, ""pct_gain"": 0.1672201329117896}"
14965,bank-marketing,openml_task,amlb,classification,openfe,1,4500,36168,9043,16,613,597,0.20377175427052452,binary_crossentropy,False,0.1970229387218367,-0.034253958409462174,"{""accuracy"": 0.9057834789329804, ""binary_crossentropy"": 0.20377175427052452, ""binary_roc_auc"": 0.9319090733688994, ""f1"": 0.5017543812409015, ""precision"": 0.6579754601126078, ""recall"": 0.4054820415840692}","{""accuracy"": -0.0018279307823542892, ""binary_crossentropy"": -0.034253958409462174, ""binary_roc_auc"": -0.0039015145452608786, ""f1"": -0.09827568971991679, ""precision"": 0.03897458369510772, ""recall"": -0.18285714285714288}",324.1148543357849,156.6537675857544,532.9223277568817,846.48828125,87,ok,,upstream-0.0.12,{}
9977,nomao,openml_task,amlb,classification,featuretools,0,4500,,,,,,,,,,,,,,,1257.803505897522,,,crash,"k/type_sys/utils.py:33: UserWarning: Could not infer format, so each element will be parsed individually, falling back to `dateutil`. To ensure parsing is consistent and as-expected, please specify a format.
  pd.to_datetime(
/home/ionutionut045/venv/lib/python3.11/site-packages/woodwork/type_sys/utils.py:33: UserWarning: Could not infer format, so each element will be parsed individually, falling back to `dateutil`. To ensure parsing is consistent and as-expected, please specify a format.
  pd.to_datetime(
/home/ionutionut045/venv/lib/python3.11/site-packages/woodwork/type_sys/utils.py:33: UserWarning: Could not infer format, so each element will be parsed individually, falling back to `dateutil`. To ensure parsing is consistent and as-expected, please specify a format.
  pd.to_datetime(
",,
14954,cylinder-bands,openml_task,amlb,classification,tabularaml,1,4500,432,108,35,47,12,0.4551435264249988,binary_crossentropy,False,0.4752561906180172,0.04231962589874774,"{""accuracy"": 0.8055555554809671, ""binary_crossentropy"": 0.4551435264249988, ""binary_roc_auc"": 0.8713183730715287, ""f1"": 0.8444444393525379, ""precision"": 0.7808219177012573, ""recall"": 0.9193548385613943}","{""accuracy"": 0.0, ""binary_crossentropy"": 0.04231962589874774, ""binary_roc_auc"": 0.023897816234033736, ""f1"": 0.0027777778086611757, ""precision"": -0.010029354203616414, ""recall"": 0.01785714285714282}",1139.3517158031464,0.06519389152526855,1167.987910747528,250.796875,137,ok,,0.2.0,"{""mode"": ""best"", ""elapsed_time"": 1138.5052509307861, ""n_init_feats"": 35, ""n_added_feats"": 12, ""initial_metric"": null, ""final_metric"": 0.4119151255206909, ""pct_gain"": 0.17722471964898404}"
14954,cylinder-bands,openml_task,amlb,classification,autofeat,0,4500,432,108,35,46,11,0.4010981809244388,binary_crossentropy,False,0.3127325949592179,-0.28255956491117995,"{""accuracy"": 0.8055555554809671, ""binary_crossentropy"": 0.4010981809244388, ""binary_roc_auc"": 0.8958625525946704, ""f1"": 0.8346456641626885, ""precision"": 0.8153846152591717, ""recall"": 0.8548387095395421}","{""accuracy"": 0.0, ""binary_crossentropy"": -0.28255956491117973, ""binary_roc_auc"": -0.038750940556809735, ""f1"": 0.0031798909997719097, ""precision"": -0.012130177509968008, ""recall"": 0.019230769230769194}",1265.0841126441956,0.051939964294433594,1289.5428264141083,427.66796875,159,ok,,upstream-2.1.x,{}
9977,nomao,openml_task,amlb,classification,tabularaml,3,4500,27572,6893,118,119,1,0.08138829942523589,binary_crossentropy,False,0.0816057867042979,0.002665096286003424,"{""accuracy"": 0.970839982589626, ""binary_crossentropy"": 0.08138829942523589, ""binary_roc_auc"": 0.9949113781897231, ""f1"": 0.9796042567940573, ""precision"": 0.9789089434171996, ""recall"": 0.9803005686413885}","{""accuracy"": -0.000149409831166791, ""binary_crossentropy"": 0.0026650962860044415, ""binary_roc_auc"": -2.0318848344100132e-05, ""f1"": -9.726614071246645e-05, ""precision"": -0.0004013109884482866, ""recall"": 0.0002072109407376647}",1379.2698340415955,0.13696932792663574,1442.8618412017822,641.6328125,613,ok,,0.2.0,"{""mode"": ""best"", ""elapsed_time"": 1359.555626630783, ""n_init_feats"": 118, ""n_added_feats"": 1, ""initial_metric"": null, ""final_metric"": 0.0802163416779031, ""pct_gain"": -1.5082230615105602e-05}"
14954,cylinder-bands,openml_task,amlb,classification,autofeat,2,4500,432,108,35,39,4,0.35505804995557777,binary_crossentropy,False,0.3649798874426374,0.027184614353904596,"{""accuracy"": 0.814814814739369, ""binary_crossentropy"": 0.35505804995557777, ""binary_roc_auc"": 0.9214586255259467, ""f1"": 0.8412698361375663, ""precision"": 0.8281249998706055, ""recall"": 0.8548387095395421}","{""accuracy"": 0.0, ""binary_crossentropy"": 0.027184614353904745, ""binary_roc_auc"": 0.010380622837370264, ""f1"": -0.002939447408060557, ""precision"": 0.012152777772985377, ""recall"": -0.018518518518518608}",1221.8772180080414,0.03370094299316406,1226.8843088150024,401.8515625,292,ok,,upstream-2.1.x,{}
14965,bank-marketing,openml_task,amlb,classification,featuretools,3,4500,36168,9043,16,272,256,0.19691801576758103,binary_crossentropy,False,0.1944320815110395,-0.012785617667732403,"{""accuracy"": 0.9119761141204114, ""binary_crossentropy"": 0.19691801576758103, ""binary_roc_auc"": 0.9336914796528937, ""f1"": 0.5814931601465612, ""precision"": 0.6552132701344169, ""recall"": 0.5226843100139633}","{""accuracy"": 0.0019438707325963212, ""binary_crossentropy"": -0.012785617667732403, ""binary_roc_auc"": -0.0021582520852603485, ""f1"": 0.013095039112037405, ""precision"": 0.015760243291659398, ""recall"": 0.010968921389396771}",3.94063663482666,1.788210153579712,69.5584409236908,490.0,143,ok,,upstream-1.x,{}
14954,cylinder-bands,openml_task,amlb,classification,tabularaml,0,4500,432,108,35,51,16,0.34436451247030936,binary_crossentropy,False,0.3127325949592179,-0.10114685204213024,"{""accuracy"": 0.814814814739369, ""binary_crossentropy"": 0.34436451247030936, ""binary_roc_auc"": 0.9211079943899019, ""f1"": 0.8412698361375663, ""precision"": 0.8281249998706055, ""recall"": 0.8548387095395421}","{""accuracy"": 0.011494252873563161, ""binary_crossentropy"": -0.10114685204213003, ""binary_roc_auc"": -0.011662904439428192, ""f1"": 0.011141636211002563, ""precision"": 0.003305288464026845, ""recall"": 0.019230769230769194}",1315.658614397049,0.08833575248718262,1381.7590777873993,256.86328125,142,ok,,0.2.0,"{""mode"": ""best"", ""elapsed_time"": 1314.9255890846252, ""n_init_feats"": 35, ""n_added_feats"": 16, ""initial_metric"": null, ""final_metric"": 0.3821008243578999, ""pct_gain"": 0.22776846058217529}"
14965,bank-marketing,openml_task,amlb,classification,featuretools,4,4500,36168,9043,16,272,256,0.19640867827327263,binary_crossentropy,False,0.1943929964489733,-0.010369107226702192,"{""accuracy"": 0.9062258100177969, ""binary_crossentropy"": 0.19640867827327263, ""binary_roc_auc"": 0.9353778883610929, ""f1"": 0.5541535176652503, ""precision"": 0.6244075829309904, ""recall"": 0.49810964082705006}","{""accuracy"": -0.00048786437370412, ""binary_crossentropy"": -0.010369107226701903, ""binary_roc_auc"": -0.0020148650921905315, ""f1"": -0.015970031654543672, ""precision"": 0.003184241705753048, ""recall"": -0.03124999999999996}",3.94675350189209,1.7921853065490723,35.96481370925903,460.4375,159,ok,,upstream-1.x,{}
14954,cylinder-bands,openml_task,amlb,classification,autofeat,1,4500,432,108,35,36,1,0.4287850130996149,binary_crossentropy,False,0.4752561906180172,0.09778131970879066,"{""accuracy"": 0.824074073997771, ""binary_crossentropy"": 0.4287850130996149, ""binary_roc_auc"": 0.8776297335203366, ""f1"": 0.8527131731698818, ""precision"": 0.8208955222655381, ""recall"": 0.8870967740504683}","{""accuracy"": 0.02298850574712646, ""binary_crossentropy"": 0.09778131970879066, ""binary_roc_auc"": 0.03131437989287182, ""f1"": 0.01259689927626773, ""precision"": 0.04077825159039556, ""recall"": -0.01785714285714282}",1282.0750579833984,0.03892254829406738,1323.6425020694733,402.24609375,198,ok,,upstream-2.1.x,{}
125920,dresses-sales,openml_task,amlb,classification,openfe,0,4500,400,100,12,127,115,0.6720524874329566,binary_crossentropy,False,0.6437219141423702,-0.044010577654997496,"{""accuracy"": 0.579999999942, ""binary_crossentropy"": 0.6720524874329566, ""binary_roc_auc"": 0.6110426929392446, ""f1"": 0.0, ""precision"": 0.0, ""recall"": 0.0}","{""accuracy"": -0.03333333333333343, ""binary_crossentropy"": -0.044010577654997496, ""binary_roc_auc"": -0.08003708281829428, ""f1"": -1.0, ""precision"": -1.0, ""recall"": -1.0}",12.54179072380066,2.123058795928955,33.0788996219635,217.9765625,1,ok,,upstream-0.0.12,{}
14965,bank-marketing,openml_task,amlb,classification,openfe,2,4500,36168,9043,16,615,599,0.20978366051773822,binary_crossentropy,False,0.198388814037124,-0.05743694036339136,"{""accuracy"": 0.9009178369999989, ""binary_crossentropy"": 0.20978366051773822, ""binary_roc_auc"": 0.927161632219201, ""f1"": 0.48327565844354525, ""precision"": 0.6198224851979316, ""recall"": 0.3960302457429487}","{""accuracy"": -0.005857230018303838, ""binary_crossentropy"": -0.05743694036339091, ""binary_roc_auc"": -0.007235481349563739, ""f1"": -0.09682908910193222, ""precision"": -0.02708191871349622, ""recall"": -0.1413934426229509}",319.22476530075073,133.10088801383972,548.5548379421234,934.9765625,102,ok,,upstream-0.0.12,{}
125920,dresses-sales,openml_task,amlb,classification,featuretools,0,4500,400,100,12,17,5,0.67129534304142,binary_crossentropy,False,0.6437219141423702,-0.04283437971159616,"{""accuracy"": 0.579999999942, ""binary_crossentropy"": 0.67129534304142, ""binary_roc_auc"": 0.7013546798029557, ""f1"": 0.0, ""precision"": 0.0, ""recall"": 0.0}","{""accuracy"": -0.03333333333333343, ""binary_crossentropy"": -0.04283437971159616, ""binary_roc_auc"": 0.055933250927070535, ""f1"": -1.0, ""precision"": -1.0, ""recall"": -1.0}",0.8606400489807129,0.36391496658325195,21.596110343933105,344.0625,2000,ok,,upstream-1.x,{}
125920,dresses-sales,openml_task,amlb,classification,openfe,1,4500,400,100,12,121,109,0.6817326945066452,binary_crossentropy,False,0.6755025538802147,-0.009222971239180887,"{""accuracy"": 0.5599999999440001, ""binary_crossentropy"": 0.6817326945066452, ""binary_roc_auc"": 0.5270935960591133, ""f1"": 0.11999999726400006, ""precision"": 0.37499999953124996, ""recall"": 0.07142857141156463}","{""accuracy"": 0.0, ""binary_crossentropy"": -0.009222971239180887, ""binary_roc_auc"": -0.06208911614317026, ""f1"": -0.6400000031005618, ""precision"": -0.18181818250000004, ""recall"": -0.7272727272727273}",8.655166625976562,1.8912510871887207,24.100378036499023,334.21875,4,ok,,upstream-0.0.12,{}
3902,pc4,openml_task,amlb,classification,tabularaml,1,4500,1166,292,37,55,18,0.20480642096643425,binary_crossentropy,False,0.1927500172715143,-0.06254942990711582,"{""accuracy"": 0.9041095890101332, ""binary_crossentropy"": 0.20480642096643425, ""binary_roc_auc"": 0.9421657986111112, ""f1"": 0.5483870917273673, ""precision"": 0.6538461535946746, ""recall"": 0.47222222209104936}","{""accuracy"": -0.0037735849056604403, ""binary_crossentropy"": -0.06254942990711582, ""binary_roc_auc"": -0.007316794329484252, ""f1"": -0.01612903245118439, ""precision"": -0.03846153844674548, ""recall"": 0.0}",1723.3909776210785,0.05412459373474121,1732.4133796691895,275.03125,109,ok,,0.2.0,"{""mode"": ""best"", ""elapsed_time"": 1624.241756439209, ""n_init_feats"": 37, ""n_added_feats"": 18, ""initial_metric"": null, ""final_metric"": 0.2762317129311833, ""pct_gain"": 0.017120511173060706}"
9910,Bioresponse,openml_task,amlb,classification,openfe,0,4500,,,,,,,,,,,,,,,2339.4447989463806,,,crash,"ged in as: ionutb to https://api.wandb.ai. Use `wandb login --relogin` to force relogin
wandb: Using an existing wandb-core service via WANDB_SERVICE.
wandb: WARNING Using a boolean value for 'reinit' is deprecated. Use 'return_previous' or 'finish_previous' instead.
wandb: setting up run ufvbktsk
wandb: Tracking run with wandb version 0.26.0
wandb: Run data is saved locally in /home/ionutionut045/tabularaml-refactored/wandb/run-20260429_090409-ufvbktsk
wandb: Run `wandb offline` to turn off syncing.
wandb: Syncing run openfe_classification_Bioresponse_seed0
wandb: ⭐️ View project at https://wandb.ai/ionutb/tabularaml-targeted-benchmark-binary-all-1h
wandb: 🚀 View run at https://wandb.ai/ionutb/tabularaml-targeted-benchmark-binary-all-1h/runs/ufvbktsk

  0%|          | 0/4 [00:00<?, ?it/s]",,
125920,dresses-sales,openml_task,amlb,classification,featuretools,1,4500,400,100,12,,,,,,,,,,1.4164886474609375,,618.8844532966614,,,featuretools_upstream_bug,_FeaturetoolsUpstreamBugError: boolean value of NA is ambiguous,upstream-1.x,
125920,dresses-sales,openml_task,amlb,classification,openfe,2,4500,400,100,12,150,138,0.6707306686043739,binary_crossentropy,False,0.6700004321336747,-0.0010899044771863072,"{""accuracy"": 0.539999999946, ""binary_crossentropy"": 0.6707306686043739, ""binary_roc_auc"": 0.57183908045977, ""f1"": 0.3783783733674215, ""precision"": 0.43749999986328125, ""recall"": 0.33333333325396824}","{""accuracy"": -0.03571428571428582, ""binary_crossentropy"": -0.0010899044771863072, ""binary_roc_auc"": -0.011355571327182387, ""f1"": 0.01871101867592201, ""precision"": -0.05769230765024034, ""recall"": 0.07692307692307691}",11.798437595367432,2.6571366786956787,29.435725688934326,329.95703125,14,ok,,upstream-0.0.12,{}
14965,bank-marketing,openml_task,amlb,classification,openfe,3,4500,36168,9043,16,598,582,0.20077539456574764,binary_crossentropy,False,0.1944320815110395,-0.032624827165407794,"{""accuracy"": 0.9074422205010422, ""binary_crossentropy"": 0.20077539456574764, ""binary_roc_auc"": 0.9323181579828909, ""f1"": 0.5347415182176746, ""precision"": 0.6491228070087838, ""recall"": 0.45463137995789576}","{""accuracy"": -0.003037298019681752, ""binary_crossentropy"": -0.032624827165407794, ""binary_roc_auc"": -0.003625929284322117, ""f1"": -0.06835709094665428, ""precision"": 0.00631835530153549, ""recall"": -0.12065813528336373}",352.86249113082886,149.95483541488647,1188.7982687950134,832.80859375,78,ok,,upstream-0.0.12,{}
125920,dresses-sales,openml_task,amlb,classification,featuretools,2,4500,400,100,12,,,,,,,,,,0.9468903541564941,,25.32632613182068,,,featuretools_upstream_bug,_FeaturetoolsUpstreamBugError: boolean value of NA is ambiguous,upstream-1.x,
125920,dresses-sales,openml_task,amlb,classification,autofeat,0,4500,400,100,12,18,6,0.8012648126110434,binary_crossentropy,False,0.6437219141423702,-0.24473751010724465,"{""accuracy"": 0.539999999946, ""binary_crossentropy"": 0.8012648126110434, ""binary_roc_auc"": 0.557471264367816, ""f1"": 0.43902438513979775, ""precision"": 0.4499999998875, ""recall"": 0.4285714284693877}","{""accuracy"": -0.10000000000000012, ""binary_crossentropy"": -0.24473751010724465, ""binary_roc_auc"": -0.16069221260815836, ""f1"": 0.024390243758715048, ""precision"": -0.15999999991, ""recall"": 0.19999999999999996}",861.2865977287292,0.03854942321777344,883.4944567680359,399.61328125,133,ok,,upstream-2.1.x,{}
9978,ozone-level-8hr,openml_task,amlb,classification,tabularaml,0,4500,,,,,,,,,,,,,,,4680,,,timeout,wall-clock exceeded 4680s,,
9957,qsar-biodeg,openml_task,amlb,classification,autofeat,4,4500,,,,,,,,,,,,,,,4680,,,timeout,wall-clock exceeded 4680s,,
9978,ozone-level-8hr,openml_task,amlb,classification,tabularaml,1,4500,,,,,,,,,,,,,,,4680,,,timeout,wall-clock exceeded 4680s,,
9976,madelon,openml_task,amlb,classification,tabularaml,2,4500,,,,,,,,,,,,,,,4680,,,timeout,wall-clock exceeded 4680s,,
9977,nomao,openml_task,amlb,classification,tabularaml,1,4500,,,,,,,,,,,,,,,4680,,,timeout,wall-clock exceeded 4680s,,
9977,nomao,openml_task,amlb,classification,tabularaml,0,4500,,,,,,,,,,,,,,,4680,,,timeout,wall-clock exceeded 4680s,,
9978,ozone-level-8hr,openml_task,amlb,classification,tabularaml,4,4500,,,,,,,,,,,,,,,4680,,,timeout,wall-clock exceeded 4680s,,
9978,ozone-level-8hr,openml_task,amlb,classification,autofeat,2,4500,,,,,,,,,,,,,,,4680,,,timeout,wall-clock exceeded 4680s,,
9978,ozone-level-8hr,openml_task,amlb,classification,tabularaml,2,4500,,,,,,,,,,,,,,,4680,,,timeout,wall-clock exceeded 4680s,,
9976,madelon,openml_task,amlb,classification,tabularaml,1,4500,,,,,,,,,,,,,,,4680,,,timeout,wall-clock exceeded 4680s,,
9977,nomao,openml_task,amlb,classification,tabularaml,2,4500,,,,,,,,,,,,,,,4680,,,timeout,wall-clock exceeded 4680s,,
9976,madelon,openml_task,amlb,classification,tabularaml,0,4500,,,,,,,,,,,,,,,4680,,,timeout,wall-clock exceeded 4680s,,
14952,PhishingWebsites,openml_task,amlb,classification,tabularaml,0,4500,,,,,,,,,,,,,,,4680,,,timeout,wall-clock exceeded 4680s,,
14952,PhishingWebsites,openml_task,amlb,classification,tabularaml,3,4500,,,,,,,,,,,,,,,4680,,,timeout,wall-clock exceeded 4680s,,
14952,PhishingWebsites,openml_task,amlb,classification,tabularaml,1,4500,,,,,,,,,,,,,,,4680,,,timeout,wall-clock exceeded 4680s,,
14952,PhishingWebsites,openml_task,amlb,classification,tabularaml,2,4500,,,,,,,,,,,,,,,4680,,,timeout,wall-clock exceeded 4680s,,
14952,PhishingWebsites,openml_task,amlb,classification,autofeat,2,4500,,,,,,,,,,,,,,,4680,,,timeout,wall-clock exceeded 4680s,,
9978,ozone-level-8hr,openml_task,amlb,classification,autofeat,3,4500,,,,,,,,,,,,,,,4680,,,timeout,wall-clock exceeded 4680s,,
9977,nomao,openml_task,amlb,classification,openfe,1,4500,,,,,,,,,,,,,,,4680,,,timeout,wall-clock exceeded 4680s,,
9978,ozone-level-8hr,openml_task,amlb,classification,autofeat,1,4500,,,,,,,,,,,,,,,4680,,,timeout,wall-clock exceeded 4680s,,
9978,ozone-level-8hr,openml_task,amlb,classification,tabularaml,3,4500,,,,,,,,,,,,,,,4680,,,timeout,wall-clock exceeded 4680s,,
14952,PhishingWebsites,openml_task,amlb,classification,autofeat,3,4500,,,,,,,,,,,,,,,4680,,,timeout,wall-clock exceeded 4680s,,
9978,ozone-level-8hr,openml_task,amlb,classification,autofeat,4,4500,,,,,,,,,,,,,,,4680,,,timeout,wall-clock exceeded 4680s,,
9977,nomao,openml_task,amlb,classification,openfe,4,4500,,,,,,,,,,,,,,,4680,,,timeout,wall-clock exceeded 4680s,,
9977,nomao,openml_task,amlb,classification,openfe,2,4500,,,,,,,,,,,,,,,4680,,,timeout,wall-clock exceeded 4680s,,
9978,ozone-level-8hr,openml_task,amlb,classification,autofeat,0,4500,,,,,,,,,,,,,,,4680,,,timeout,wall-clock exceeded 4680s,,
14952,PhishingWebsites,openml_task,amlb,classification,autofeat,0,4500,,,,,,,,,,,,,,,4680,,,timeout,wall-clock exceeded 4680s,,
9977,nomao,openml_task,amlb,classification,openfe,3,4500,,,,,,,,,,,,,,,4680,,,timeout,wall-clock exceeded 4680s,,
14952,PhishingWebsites,openml_task,amlb,classification,autofeat,1,4500,,,,,,,,,,,,,,,4680,,,timeout,wall-clock exceeded 4680s,,
9977,nomao,openml_task,amlb,classification,openfe,0,4500,,,,,,,,,,,,,,,4680,,,timeout,wall-clock exceeded 4680s,,
9976,madelon,openml_task,amlb,classification,featuretools,0,4500,,,,,,,,,,,,,,,4680,,,timeout,wall-clock exceeded 4680s,,
9976,madelon,openml_task,amlb,classification,featuretools,2,4500,,,,,,,,,,,,,,,4680,,,timeout,wall-clock exceeded 4680s,,
9976,madelon,openml_task,amlb,classification,featuretools,3,4500,,,,,,,,,,,,,,,4680,,,timeout,wall-clock exceeded 4680s,,
9976,madelon,openml_task,amlb,classification,openfe,0,4500,,,,,,,,,,,,,,,4680,,,timeout,wall-clock exceeded 4680s,,
9976,madelon,openml_task,amlb,classification,openfe,2,4500,,,,,,,,,,,,,,,4680,,,timeout,wall-clock exceeded 4680s,,
9976,madelon,openml_task,amlb,classification,openfe,1,4500,,,,,,,,,,,,,,,4680,,,timeout,wall-clock exceeded 4680s,,
9976,madelon,openml_task,amlb,classification,openfe,4,4500,,,,,,,,,,,,,,,4680,,,timeout,wall-clock exceeded 4680s,,
9976,madelon,openml_task,amlb,classification,openfe,3,4500,,,,,,,,,,,,,,,4680,,,timeout,wall-clock exceeded 4680s,,
9976,madelon,openml_task,amlb,classification,featuretools,4,4500,,,,,,,,,,,,,,,4680,,,timeout,wall-clock exceeded 4680s,,
9910,Bioresponse,openml_task,amlb,classification,autofeat,0,4500,,,,,,,,,,,,,,,4680,,,timeout,wall-clock exceeded 4680s,,
9976,madelon,openml_task,amlb,classification,autofeat,1,4500,,,,,,,,,,,,,,,4680,,,timeout,wall-clock exceeded 4680s,,
9976,madelon,openml_task,amlb,classification,autofeat,3,4500,,,,,,,,,,,,,,,4680,,,timeout,wall-clock exceeded 4680s,,
9976,madelon,openml_task,amlb,classification,autofeat,0,4500,,,,,,,,,,,,,,,4680,,,timeout,wall-clock exceeded 4680s,,
9976,madelon,openml_task,amlb,classification,autofeat,4,4500,,,,,,,,,,,,,,,4680,,,timeout,wall-clock exceeded 4680s,,
9976,madelon,openml_task,amlb,classification,featuretools,1,4500,,,,,,,,,,,,,,,4680,,,timeout,wall-clock exceeded 4680s,,
9976,madelon,openml_task,amlb,classification,autofeat,2,4500,,,,,,,,,,,,,,,4680,,,timeout,wall-clock exceeded 4680s,,
9910,Bioresponse,openml_task,amlb,classification,autofeat,4,4500,,,,,,,,,,,,,,,4680,,,timeout,wall-clock exceeded 4680s,,
9910,Bioresponse,openml_task,amlb,classification,autofeat,3,4500,,,,,,,,,,,,,,,4680,,,timeout,wall-clock exceeded 4680s,,
9910,Bioresponse,openml_task,amlb,classification,autofeat,2,4500,,,,,,,,,,,,,,,4680,,,timeout,wall-clock exceeded 4680s,,
9910,Bioresponse,openml_task,amlb,classification,autofeat,1,4500,,,,,,,,,,,,,,,4680,,,timeout,wall-clock exceeded 4680s,,
125920,dresses-sales,openml_task,amlb,classification,openfe,3,4500,400,100,12,170,158,0.6733146107196808,binary_crossentropy,False,0.677971347272396,0.006868633271081688,"{""accuracy"": 0.569999999943, ""binary_crossentropy"": 0.6733146107196808, ""binary_roc_auc"": 0.5841543513957307, ""f1"": 0.27118643648376906, ""precision"": 0.470588235017301, ""recall"": 0.190476190430839}","{""accuracy"": 0.01785714285714271, ""binary_crossentropy"": 0.006868633271081688, ""binary_roc_auc"": 0.07966616084977222, ""f1"": 0.016949153170066057, ""precision"": 0.05882352937716269, ""recall"": 0.0}",2231.444025039673,2.0674543380737305,2240.5725951194763,229.296875,16,ok,,upstream-0.0.12,{}
125920,dresses-sales,openml_task,amlb,classification,autofeat,1,4500,400,100,12,12,0,0.6810031035542488,binary_crossentropy,False,0.6755025538802147,-0.008142899893476075,"{""accuracy"": 0.5599999999440001, ""binary_crossentropy"": 0.6810031035542488, ""binary_roc_auc"": 0.5383825944170771, ""f1"": 0.24137930626634962, ""precision"": 0.4374999997265625, ""recall"": 0.16666666662698412}","{""accuracy"": 0.0, ""binary_crossentropy"": -0.008142899893476075, ""binary_roc_auc"": -0.042001460920380006, ""f1"": -0.27586207092736903, ""precision"": -0.045454545653409006, ""recall"": -0.36363636363636365}",782.2813353538513,0.01407170295715332,3054.6541249752045,338.25,12,ok,,upstream-2.1.x,{}
14954,cylinder-bands,openml_task,amlb,classification,tabularaml,4,4500,432,108,35,56,21,0.46052001803225184,binary_crossentropy,False,0.4710487386987046,0.022351658759428766,"{""accuracy"": 0.7685185184473594, ""binary_crossentropy"": 0.46052001803225184, ""binary_roc_auc"": 0.8607994389901823, ""f1"": 0.8175182431008581, ""precision"": 0.7466666665671112, ""recall"": 0.9032258063059313}","{""accuracy"": -0.011904761904761987, ""binary_crossentropy"": 0.02235165875942888, ""binary_roc_auc"": -0.023856858846918582, ""f1"": -0.007299270108499362, ""precision"": -0.013333333331555468, ""recall"": 0.0}",4288.861546754837,0.06177234649658203,4298.96742939949,247.82421875,158,ok,,0.2.0,"{""mode"": ""best"", ""elapsed_time"": 4288.3824808597565, ""n_init_feats"": 35, ""n_added_feats"": 21, ""initial_metric"": null, ""final_metric"": 0.4379893179758696, ""pct_gain"": 0.11559286676922712}"
146820,wilt,openml_task,amlb,classification,openfe,0,4500,3871,968,5,63,58,0.06261709833575156,binary_crossentropy,False,0.0637464755212121,0.017716700040690536,"{""accuracy"": 0.9772727272626315, ""binary_crossentropy"": 0.06261709833575156, ""binary_roc_auc"": 0.992190124286194, ""f1"": 0.7799999948520001, ""precision"": 0.8124999998307292, ""recall"": 0.7499999998557693}","{""accuracy"": -0.004210526315789516, ""binary_crossentropy"": 0.01771670004069182, ""binary_roc_auc"": 0.0038232795242140764, ""f1"": -0.05674418638719723, ""precision"": -0.01744186048086231, ""recall"": -0.09302325581395338}",4.421987771987915,0.623028039932251,19.451276063919067,350.1328125,126,ok,,upstream-0.0.12,{}
146819,climate-model-crashes,openml_task,amlb,classification,featuretools,0,4500,432,108,18,1449,1431,0.10485136374093902,binary_crossentropy,False,0.105852923269763,0.009461803206620371,"{""accuracy"": 0.9629629628737998, ""binary_crossentropy"": 0.10485136374093902, ""binary_roc_auc"": 0.9831649831649831, ""f1"": 0.9799999949025, ""precision"": 0.9702970296069013, ""recall"": 0.9898989897990002}","{""accuracy"": -0.018867924528301907, ""binary_crossentropy"": 0.009461803206620632, ""binary_roc_auc"": 0.0034364261168384723, ""f1"": -0.010101010152020234, ""precision"": -0.010101010101010078, ""recall"": -0.010101010101010064}",2.51114559173584,4.045642375946045,19.716137647628784,380.03515625,117,ok,,upstream-1.x,{}
146820,wilt,openml_task,amlb,classification,openfe,1,4500,3871,968,5,68,63,0.042324590056886116,binary_crossentropy,False,0.0508081460115105,0.16697235818646972,"{""accuracy"": 0.9845041322212345, ""binary_crossentropy"": 0.042324590056886116, ""binary_roc_auc"": 0.9946044675848169, ""f1"": 0.8514851433506518, ""precision"": 0.8775510202290712, ""recall"": 0.8269230767640532}","{""accuracy"": 0.0, ""binary_crossentropy"": 0.1669723581864713, ""binary_roc_auc"": 0.001500930153898087, ""f1"": 0.003536067907470315, ""precision"": -0.01797862001090821, ""recall"": 0.023809523809523676}",4.554570436477661,0.6418807506561279,19.71821665763855,355.74609375,271,ok,,upstream-0.0.12,{}
146820,wilt,openml_task,amlb,classification,featuretools,1,4500,3871,968,5,103,98,0.03868340565492895,binary_crossentropy,False,0.0508081460115105,0.23863772462460472,"{""accuracy"": 0.9865702479236924, ""binary_crossentropy"": 0.03868340565492895, ""binary_roc_auc"": 0.994184581793752, ""f1"": 0.8737864025977944, ""precision"": 0.8823529410034602, ""recall"": 0.8653846152181952}","{""accuracy"": 0.002098635886673627, ""binary_crossentropy"": 0.23863772462460617, ""binary_roc_auc"": 0.0010781329274478335, ""f1"": 0.0298196950371173, ""precision"": -0.01260504200032957, ""recall"": 0.0714285714285713}",0.41185832023620605,0.17058253288269043,19.952374696731567,360.734375,151,ok,,upstream-1.x,{}
146820,wilt,openml_task,amlb,classification,openfe,2,4500,3871,968,5,64,59,0.04550916499152468,binary_crossentropy,False,0.0434964206265493,-0.04627379301520832,"{""accuracy"": 0.9865702479236924, ""binary_crossentropy"": 0.04550916499152468, ""binary_roc_auc"": 0.9933658045011756, ""f1"": 0.8737864025977944, ""precision"": 0.8823529410034602, ""recall"": 0.8653846152181952}","{""accuracy"": -0.0020898641588297535, ""binary_crossentropy"": -0.04627379301520699, ""binary_roc_auc"": -6.339948012422714e-05, ""f1"": -0.02173913055646295, ""precision"": -0.021739130434782625, ""recall"": -0.021739130434782615}",4.591995000839233,0.5850369930267334,20.946606397628784,351.703125,211,ok,,upstream-0.0.12,{}
125920,dresses-sales,openml_task,amlb,classification,featuretools,4,4500,400,100,12,,,,,,,,,,0.5177395343780518,,21.121000051498413,,,featuretools_upstream_bug,_FeaturetoolsUpstreamBugError: boolean value of NA is ambiguous,upstream-1.x,
146819,climate-model-crashes,openml_task,amlb,classification,featuretools,1,4500,432,108,18,1449,1431,0.17367307738297516,binary_crossentropy,False,0.1466692463598317,-0.18411379135946118,"{""accuracy"": 0.9259259258401921, ""binary_crossentropy"": 0.17367307738297516, ""binary_roc_auc"": 0.9753086419753086, ""f1"": 0.9611650434579132, ""precision"": 0.9252336447733427, ""recall"": 0.9999999998989899}","{""accuracy"": -0.00990099009900997, ""binary_crossentropy"": -0.18411379135946074, ""binary_roc_auc"": -0.002296211251435235, ""f1"": -0.004854368954896701, ""precision"": -0.009345794391649917, ""recall"": 0.0}",2.5671238899230957,3.0298256874084473,21.339597463607788,369.44140625,13,ok,,upstream-1.x,{}
146819,climate-model-crashes,openml_task,amlb,classification,openfe,1,4500,432,108,18,574,556,0.16996529660429116,binary_crossentropy,False,0.1466692463598317,-0.15883391251159762,"{""accuracy"": 0.9259259258401921, ""binary_crossentropy"": 0.16996529660429116, ""binary_roc_auc"": 0.9719416386083052, ""f1"": 0.9611650434579132, ""precision"": 0.9252336447733427, ""recall"": 0.9999999998989899}","{""accuracy"": -0.00990099009900997, ""binary_crossentropy"": -0.15883391251159718, ""binary_roc_auc"": -0.005740528128588031, ""f1"": -0.004854368954896701, ""precision"": -0.009345794391649917, ""recall"": 0.0}",17.216519355773926,3.73012638092041,30.886284589767456,356.2578125,15,ok,,upstream-0.0.12,{}
14965,bank-marketing,openml_task,amlb,classification,tabularaml,0,4500,36168,9043,16,29,13,0.1913701508901265,binary_crossentropy,False,0.1940132602092769,0.013623343663723572,"{""accuracy"": 0.911644365806799, ""binary_crossentropy"": 0.1913701508901265, ""binary_roc_auc"": 0.9390133082705877, ""f1"": 0.5805774228767673, ""precision"": 0.6528925619757627, ""recall"": 0.5226843100139633}","{""accuracy"": 0.0006068697657482825, ""binary_crossentropy"": 0.013623343663723572, ""binary_roc_auc"": 0.001713400900012146, ""f1"": 0.01682439238451861, ""precision"": -0.004186297983642369, ""recall"": 0.03364485981308408}",4091.9405512809753,0.20041465759277344,4101.822143793106,358.65234375,300,ok,,0.2.0,"{""mode"": ""best"", ""elapsed_time"": 4081.680157661438, ""n_init_feats"": 16, ""n_added_feats"": 13, ""initial_metric"": null, ""final_metric"": 0.19709610802508876, ""pct_gain"": 0.01350407829697347}"
14952,PhishingWebsites,openml_task,amlb,classification,autofeat,4,4500,,,,,,,,,,,,,,,4680,,,timeout,wall-clock exceeded 4680s,,
14965,bank-marketing,openml_task,amlb,classification,openfe,4,4500,36168,9043,16,618,602,0.2068484020434867,binary_crossentropy,False,0.1943929964489733,-0.06407332477012805,"{""accuracy"": 0.9009178369999989, ""binary_crossentropy"": 0.2068484020434867, ""binary_roc_auc"": 0.9298101473343806, ""f1"": 0.47663550929155946, ""precision"": 0.6238532109996353, ""recall"": 0.38563327031771616}","{""accuracy"": -0.006342236858153437, ""binary_crossentropy"": -0.06407332477012774, ""binary_roc_auc"": -0.007955269338233812, ""f1"": -0.15362149626591629, ""precision"": 0.002293577977793668, ""recall"": -0.25}",284.6209559440613,2951.786033153534,3293.134631872177,883.03125,64,ok,,upstream-0.0.12,{}
14954,cylinder-bands,openml_task,amlb,classification,tabularaml,2,4500,432,108,35,83,48,0.42301063664113087,binary_crossentropy,False,0.3649798874426374,-0.1589971151701174,"{""accuracy"": 0.7870370369641633, ""binary_crossentropy"": 0.42301063664113087, ""binary_roc_auc"": 0.8934081346423562, ""f1"": 0.8188976326691053, ""precision"": 0.7999999998769232, ""recall"": 0.8387096772840791}","{""accuracy"": -0.03409090909090906, ""binary_crossentropy"": -0.1589971151701172, ""binary_roc_auc"": -0.020376778162245267, ""f1"": -0.02945465167994587, ""precision"": -0.022222222224501372, ""recall"": -0.03703703703703709}",4431.073198080063,0.09341216087341309,4454.06486082077,256.19140625,319,ok,,0.2.0,"{""mode"": ""best"", ""elapsed_time"": 4418.398026227951, ""n_init_feats"": 35, ""n_added_feats"": 48, ""initial_metric"": null, ""final_metric"": 0.3582695564785752, ""pct_gain"": 0.2691545750339219}"
146820,wilt,openml_task,amlb,classification,featuretools,2,4500,3871,968,5,105,100,0.04136441886279018,binary_crossentropy,False,0.0434964206265493,0.04901556801797596,"{""accuracy"": 0.9855371900724634, ""binary_crossentropy"": 0.04136441886279018, ""binary_roc_auc"": 0.9925260329190461, ""f1"": 0.8653846102181952, ""precision"": 0.8653846152181952, ""recall"": 0.8653846152181952}","{""accuracy"": -0.003134796238244574, ""binary_crossentropy"": 0.04901556801797718, ""binary_roc_auc"": -0.0009087258817809615, ""f1"": -0.031145485122882125, ""precision"": -0.040551839461265164, ""recall"": -0.021739130434782615}",0.5440518856048584,0.16698813438415527,54.205846309661865,358.05859375,100,ok,,upstream-1.x,{}
146819,climate-model-crashes,openml_task,amlb,classification,featuretools,4,4500,432,108,18,1449,1431,0.20473663253640687,binary_crossentropy,False,0.1701035792766898,-0.2035997914152241,"{""accuracy"": 0.9166666665817902, ""binary_crossentropy"": 0.20473663253640687, ""binary_roc_auc"": 0.9349046015712683, ""f1"": 0.9565217340474691, ""precision"": 0.9166666665817902, ""recall"": 0.9999999998989899}","{""accuracy"": -0.029411764705882325, ""binary_crossentropy"": -0.2035997914152241, ""binary_roc_auc"": -0.011862396204033161, ""f1"": -0.014492753691101362, ""precision"": -0.027777777775205754, ""recall"": 0.0}",2.5726380348205566,2.496842384338379,75.20942950248718,375.8359375,8,ok,,upstream-1.x,{}
14965,bank-marketing,openml_task,amlb,classification,tabularaml,1,4500,36168,9043,16,21,5,0.197771013576142,binary_crossentropy,False,0.1970229387218367,-0.0037968921748824215,"{""accuracy"": 0.9066681411026134, ""binary_crossentropy"": 0.197771013576142, ""binary_roc_auc"": 0.9348905615798998, ""f1"": 0.5515409089927962, ""precision"": 0.629854368924395, ""recall"": 0.4905482041541537}","{""accuracy"": -0.0008530343650986031, ""binary_crossentropy"": -0.0037968921748824215, ""binary_roc_auc"": -0.0007146629776047212, ""f1"": -0.008802186195563708, ""precision"": -0.00542995839119635, ""recall"": -0.01142857142857138}",3833.616792201996,0.041892290115356445,3907.756016731262,323.2265625,291,ok,,0.2.0,"{""mode"": ""best"", ""elapsed_time"": 3826.143704891205, ""n_init_feats"": 16, ""n_added_feats"": 5, ""initial_metric"": null, ""final_metric"": 0.1976885758119765, ""pct_gain"": -0.0036636664232077344}"
146819,climate-model-crashes,openml_task,amlb,classification,featuretools,3,4500,432,108,18,1449,1431,0.12910053636706262,binary_crossentropy,False,0.1792932831163785,0.2799477251846405,"{""accuracy"": 0.9444444443569959, ""binary_crossentropy"": 0.12910053636706262, ""binary_roc_auc"": 0.9719416386083053, ""f1"": 0.9699999949035001, ""precision"": 0.9603960395088718, ""recall"": 0.9797979796990104}","{""accuracy"": 0.0, ""binary_crossentropy"": 0.2799477251846407, ""binary_roc_auc"": 0.043373493975903656, ""f1"": -0.0006060606150808553, ""precision"": 0.01860186018217665, ""recall"": -0.020202020202020127}",3.3792428970336914,2.5755839347839355,76.64419078826904,368.953125,42,ok,,upstream-1.x,{}
125920,dresses-sales,openml_task,amlb,classification,openfe,4,4500,400,100,12,127,115,0.6184084156155586,binary_crossentropy,False,0.5984754026681185,-0.03330631945536089,"{""accuracy"": 0.6699999999330001, ""binary_crossentropy"": 0.6184084156155586, ""binary_roc_auc"": 0.6912972085385879, ""f1"": 0.5217391255198489, ""precision"": 0.666666666419753, ""recall"": 0.4285714284693877}","{""accuracy"": -0.02898550724637674, ""binary_crossentropy"": -0.03330631945536089, ""binary_roc_auc"": -0.03440366972477045, ""f1"": -0.07391304399792055, ""precision"": -0.03333333335802472, ""recall"": -0.09999999999999999}",8.528859615325928,2.0874998569488525,76.87281966209412,337.44921875,32,ok,,upstream-0.0.12,{}
146819,climate-model-crashes,openml_task,amlb,classification,openfe,4,4500,432,108,18,539,521,0.14258502651419905,binary_crossentropy,False,0.1701035792766898,0.16177527174621747,"{""accuracy"": 0.9629629628737998, ""binary_crossentropy"": 0.14258502651419905, ""binary_roc_auc"": 0.9573512906846241, ""f1"": 0.9799999949025, ""precision"": 0.9702970296069013, ""recall"": 0.9898989897990002}","{""accuracy"": 0.019607843137254923, ""binary_crossentropy"": 0.16177527174621747, ""binary_roc_auc"": 0.011862396204033277, ""f1"": 0.009696969740959465, ""precision"": 0.029102910287147517, ""recall"": -0.010101010101010064}",18.251506567001343,3.033208131790161,77.03413987159729,356.0625,32,ok,,upstream-0.0.12,{}
146819,climate-model-crashes,openml_task,amlb,classification,featuretools,2,4500,432,108,18,1449,1431,0.107260873929287,binary_crossentropy,False,0.1160857923513739,0.07602065888799914,"{""accuracy"": 0.9629629628737998, ""binary_crossentropy"": 0.107260873929287, ""binary_roc_auc"": 0.9820426487093155, ""f1"": 0.9801980147068916, ""precision"": 0.9611650484503724, ""recall"": 0.9999999998989899}","{""accuracy"": 0.00970873786407762, ""binary_crossentropy"": 0.07602065888799969, ""binary_roc_auc"": 0.01039260969976912, ""f1"": 0.004950495073277227, ""precision"": 0.009708737863135173, ""recall"": 0.0}",3.542246103286743,4.1411213874816895,77.36964583396912,371.9765625,49,ok,,upstream-1.x,{}
146820,wilt,openml_task,amlb,classification,featuretools,3,4500,3871,968,5,105,100,0.05188124752183751,binary_crossentropy,False,0.0497992116639948,-0.041808610784656995,"{""accuracy"": 0.9803719008163184, ""binary_crossentropy"": 0.05188124752183751, ""binary_roc_auc"": 0.990951461202553, ""f1"": 0.8118811829624547, ""precision"": 0.8367346937067889, ""recall"": 0.7884615383099113}","{""accuracy"": -0.003151260504201741, ""binary_crossentropy"": -0.04180861078465685, ""binary_roc_auc"": 0.003593298179962608, ""f1"": -0.03707114919403594, ""precision"": -0.027052681541702556, ""recall"": -0.046511627906976626}",0.6083247661590576,0.25795507431030273,76.14461016654968,369.5078125,103,ok,,upstream-1.x,{}
146820,wilt,openml_task,amlb,classification,openfe,3,4500,3871,968,5,64,59,0.05755710965066341,binary_crossentropy,False,0.0497992116639948,-0.15578355012952194,"{""accuracy"": 0.9803719008163184, ""binary_crossentropy"": 0.05755710965066341, ""binary_roc_auc"": 0.989040980853208, ""f1"": 0.8155339754246397, ""precision"": 0.8235294116032296, ""recall"": 0.8076923075369823}","{""accuracy"": -0.003151260504201741, ""binary_crossentropy"": -0.15578355012952178, ""binary_roc_auc"": 0.0016584453138289567, ""f1"": -0.032738767410029096, ""precision"": -0.0424076607349588, ""recall"": -0.023255813953488243}",5.6853108406066895,0.5662405490875244,77.67950177192688,358.6953125,124,ok,,upstream-0.0.12,{}
14952,PhishingWebsites,openml_task,amlb,classification,tabularaml,4,4500,,,,,,,,,,,,,,,4680,,,timeout,wall-clock exceeded 4680s,,
146820,wilt,openml_task,amlb,classification,featuretools,0,4500,3871,968,5,103,98,0.06477645765972581,binary_crossentropy,False,0.0637464755212121,-0.01615747584618979,"{""accuracy"": 0.9783057851138605, ""binary_crossentropy"": 0.06477645765972581, ""binary_roc_auc"": 0.9930928787369835, ""f1"": 0.7920792027683561, ""precision"": 0.8163265304456476, ""recall"": 0.7692307690828403}","{""accuracy"": -0.0031578947368421655, ""binary_crossentropy"": -0.01615747584618846, ""binary_roc_auc"": 0.004736618521665306, ""f1"": -0.04213677207163374, ""precision"": -0.012814428108443136, ""recall"": -0.069767441860465}",0.4540839195251465,0.17677712440490723,90.44012355804443,359.859375,185,ok,,upstream-1.x,{}
146819,climate-model-crashes,openml_task,amlb,classification,openfe,0,4500,432,108,18,523,505,0.09147101063475323,binary_crossentropy,False,0.105852923269763,0.13586693868017138,"{""accuracy"": 0.9722222221322017, ""binary_crossentropy"": 0.09147101063475323, ""binary_roc_auc"": 0.9854096520763187, ""f1"": 0.9849246180167168, ""precision"": 0.979999999902, ""recall"": 0.9898989897990002}","{""accuracy"": -0.009433962264151009, ""binary_crossentropy"": 0.1358669386801716, ""binary_roc_auc"": 0.005727376861397454, ""f1"": -0.005126643344365053, ""precision"": -0.00020202020301009392, ""recall"": -0.010101010101010064}",17.659268617630005,3.1492016315460205,108.97541880607605,354.36328125,114,ok,,upstream-0.0.12,{}
167120,numerai28.6,openml_task,amlb,classification,featuretools,4,4500,77056,19264,21,2007,1986,0.692327535230097,binary_crossentropy,False,0.6925143302306904,0.0002697344913153651,"{""accuracy"": 0.5175456810628543, ""binary_crossentropy"": 0.692327535230097, ""binary_roc_auc"": 0.5232524081386185, ""f1"": 0.5579337849813361, ""precision"": 0.519394261423557, ""recall"": 0.60265104808816}","{""accuracy"": -0.0030000000000000196, ""binary_crossentropy"": 0.0002697344913153651, ""binary_roc_auc"": 0.0014894090929119326, ""f1"": -0.003966648281359434, ""precision"": -0.0024178704976953063, ""recall"": -0.005763688760806949}",13.928494453430176,4.487252950668335,140.65274310112,2361.4453125,35,ok,,upstream-1.x,{}
146820,wilt,openml_task,amlb,classification,tabularaml,0,4500,3871,968,5,15,10,0.06515807678370639,binary_crossentropy,False,0.0637464755212121,-0.022143989153166094,"{""accuracy"": 0.9783057851138605, ""binary_crossentropy"": 0.06515807678370639, ""binary_roc_auc"": 0.9896288209606986, ""f1"": 0.7835051495036668, ""precision"": 0.8444444442567901, ""recall"": 0.7307692306286983}","{""accuracy"": -0.0031578947368421655, ""binary_crossentropy"": -0.022143989153164758, ""binary_roc_auc"": 0.0012319456244690038, ""f1"": -0.05250539468896922, ""precision"": 0.021188630460407754, ""recall"": -0.11627906976744176}",168.76358556747437,0.021282434463500977,202.26467752456665,353.1640625,113,ok,,0.2.0,"{""mode"": ""best"", ""elapsed_time"": 118.75595211982727, ""n_init_feats"": 5, ""n_added_feats"": 10, ""initial_metric"": null, ""final_metric"": 0.044874581793315035, ""pct_gain"": 0.3015905471336423}"
125920,dresses-sales,openml_task,amlb,classification,featuretools,3,4500,400,100,12,,,,,,,,,,0.6779470443725586,,202.37413263320923,,,featuretools_upstream_bug,_FeaturetoolsUpstreamBugError: boolean value of NA is ambiguous,upstream-1.x,
146820,wilt,openml_task,amlb,classification,openfe,4,4500,3871,968,5,64,59,0.05369243512150431,binary_crossentropy,False,0.0575635139530953,0.06724882769917898,"{""accuracy"": 0.9834710743700055, ""binary_crossentropy"": 0.05369243512150431, ""binary_roc_auc"": 0.9898387638562312, ""f1"": 0.8461538409911242, ""precision"": 0.8461538459911242, ""recall"": 0.8461538459911242}","{""accuracy"": 0.0, ""binary_crossentropy"": 0.0672488276991801, ""binary_roc_auc"": 0.002274611509109213, ""f1"": 0.007326007367769439, ""precision"": -0.03296703295153576, ""recall"": 0.04761904761904749}",5.270375967025757,0.5223817825317383,201.64727520942688,354.82421875,95,ok,,upstream-0.0.12,{}
125920,dresses-sales,openml_task,amlb,classification,autofeat,3,4500,400,100,12,14,2,0.7372862225770951,binary_crossentropy,False,0.677971347272396,-0.08748876415402175,"{""accuracy"": 0.49999999995000005, ""binary_crossentropy"": 0.7372862225770951, ""binary_roc_auc"": 0.5344827586206896, ""f1"": 0.41860464606814496, ""precision"": 0.4090909089979339, ""recall"": 0.4285714284693877}","{""accuracy"": -0.10714285714285716, ""binary_crossentropy"": -0.08748876415402175, ""binary_roc_auc"": -0.012139605462822648, ""f1"": 0.5697674480026366, ""precision"": -0.07954545424328505, ""recall"": 1.25}",196.74533033370972,0.01808643341064453,202.61813616752625,519.0546875,77,ok,,upstream-2.1.x,{}
167120,numerai28.6,openml_task,amlb,classification,featuretools,3,4500,77056,19264,21,2007,1986,0.6920007026547015,binary_crossentropy,False,0.6922210489192426,0.0003183177756370937,"{""accuracy"": 0.517493770763851, ""binary_crossentropy"": 0.6920007026547015, ""binary_roc_auc"": 0.527057441143157, ""f1"": 0.5734085957264665, ""precision"": 0.5181222526328952, ""recall"": 0.6419030004103555}","{""accuracy"": -0.00300030003000302, ""binary_crossentropy"": 0.0003183177756370937, ""binary_roc_auc"": 0.001433153997830805, ""f1"": 0.002400096599907232, ""precision"": -0.002832221474258052, ""recall"": 0.008882428940568439}",11.08095383644104,5.469716310501099,176.56089806556702,2358.88671875,32,ok,,upstream-1.x,{}
167120,numerai28.6,openml_task,amlb,classification,featuretools,2,4500,77056,19264,21,2010,1989,0.691848110475661,binary_crossentropy,False,0.6922187446384533,0.0005354292492988674,"{""accuracy"": 0.5227367109631837, ""binary_crossentropy"": 0.691848110475661, ""binary_roc_auc"": 0.5297765738665734, ""f1"": 0.5733246655492992, ""precision"": 0.5227657413671947, ""recall"": 0.6347102342780161}","{""accuracy"": 0.008815868563414146, ""binary_crossentropy"": 0.0005354292492988674, ""binary_roc_auc"": 0.006193135990763657, ""f1"": -0.008967355385524726, ""precision"": 0.008601406814450584, ""recall"": -0.030298273155415927}",15.098387241363525,4.6612725257873535,202.8137080669403,2354.5390625,32,ok,,upstream-1.x,{}
146820,wilt,openml_task,amlb,classification,tabularaml,4,4500,3871,968,5,15,10,0.057722680643955526,binary_crossentropy,False,0.0575635139530953,-0.0027650621014887983,"{""accuracy"": 0.9834710743700055, ""binary_crossentropy"": 0.057722680643955526, ""binary_roc_auc"": 0.9858708431306684, ""f1"": 0.8431372497385621, ""precision"": 0.859999999828, ""recall"": 0.8269230767640532}","{""accuracy"": 0.0, ""binary_crossentropy"": -0.002765062101487589, ""binary_roc_auc"": -0.0017431602219340088, ""f1"": 0.003734827283135344, ""precision"": -0.017142857134666692, ""recall"": 0.023809523809523676}",229.1179449558258,0.018371105194091797,239.41382122039795,352.4921875,163,ok,,0.2.0,"{""mode"": ""best"", ""elapsed_time"": 159.07353687286377, ""n_init_feats"": 5, ""n_added_feats"": 10, ""initial_metric"": null, ""final_metric"": 0.0398302784000519, ""pct_gain"": 0.3437544673961564}"
167120,numerai28.6,openml_task,amlb,classification,featuretools,0,4500,77056,19264,21,2014,1993,0.6924613025348844,binary_crossentropy,False,0.6924404014316557,-3.018469630800838e-05,"{""accuracy"": 0.5181686046508938, ""binary_crossentropy"": 0.6924613025348844, ""binary_roc_auc"": 0.5259145422544503, ""f1"": 0.5671516458535143, ""precision"": 0.5192110655733272, ""recall"": 0.6248458692965219}","{""accuracy"": 0.005236656596173233, ""binary_crossentropy"": -3.018469630800838e-05, ""binary_roc_auc"": 0.010959198248880664, ""f1"": -0.06171868717240519, ""precision"": 0.009447649361321893, ""recall"": -0.14736399326977004}",12.00253701210022,4.670608758926392,239.7787048816681,2356.03125,63,ok,,upstream-1.x,{}
14954,cylinder-bands,openml_task,amlb,classification,tabularaml,3,4500,,,,,,,,,,,,,,,4680,,,timeout,wall-clock exceeded 4680s,,
146820,wilt,openml_task,amlb,classification,tabularaml,1,4500,3871,968,5,14,9,0.04186941202646237,binary_crossentropy,False,0.0508081460115105,0.17593111905762268,"{""accuracy"": 0.9865702479236924, ""binary_crossentropy"": 0.04186941202646237, ""binary_roc_auc"": 0.9932608330534096, ""f1"": 0.8761904710240362, ""precision"": 0.8679245281381275, ""recall"": 0.8846153844452662}","{""accuracy"": 0.002098635886673627, ""binary_crossentropy"": 0.17593111905762426, ""binary_roc_auc"": 0.00014797902925763344, ""f1"": 0.03265306141384306, ""precision"": -0.028751123067351496, ""recall"": 0.09523809523809511}",272.68701243400574,0.012274742126464844,286.3897693157196,367.9765625,73,ok,,0.2.0,"{""mode"": ""best"", ""elapsed_time"": 271.94775676727295, ""n_init_feats"": 5, ""n_added_feats"": 9, ""initial_metric"": null, ""final_metric"": 0.05664194825794722, ""pct_gain"": 0.30557472187554274}"
125920,dresses-sales,openml_task,amlb,classification,tabularaml,2,4500,400,100,12,18,6,0.6823966577649117,binary_crossentropy,False,0.6700004321336747,-0.018501817367132332,"{""accuracy"": 0.579999999942, ""binary_crossentropy"": 0.6823966577649117, ""binary_roc_auc"": 0.5008210180623973, ""f1"": 0.0, ""precision"": 0.0, ""recall"": 0.0}","{""accuracy"": 0.03571428571428562, ""binary_crossentropy"": -0.018501817367132332, ""binary_roc_auc"": -0.13413768630234207, ""f1"": -1.0, ""precision"": -1.0, ""recall"": -1.0}",2576.405914068222,0.025066852569580078,2582.3639981746674,243.03125,3,ok,,0.2.0,"{""mode"": ""best"", ""elapsed_time"": 2576.1332194805145, ""n_init_feats"": 12, ""n_added_feats"": 6, ""initial_metric"": null, ""final_metric"": 0.6862709341092486, ""pct_gain"": 0.07084691548725534}"
167120,numerai28.6,openml_task,amlb,classification,openfe,3,4500,77056,19264,21,1067,1046,0.6923653996933214,binary_crossentropy,False,0.6922210489192426,-0.00020853277187134035,"{""accuracy"": 0.516092192690762, ""binary_crossentropy"": 0.6923653996933214, ""binary_roc_auc"": 0.524050372474986, ""f1"": 0.5879232556397536, ""precision"": 0.5159038013960311, ""recall"": 0.683312782572253}","{""accuracy"": -0.005700570057005652, ""binary_crossentropy"": -0.00020853277187134035, ""binary_roc_auc"": -0.004280413491365547, ""f1"": 0.027773794531241153, ""precision"": -0.007101808585002925, ""recall"": 0.07396640826873391}",185.0171046257019,30.66578483581543,292.068861246109,3419.625,25,ok,,upstream-0.0.12,{}
167120,numerai28.6,openml_task,amlb,classification,openfe,1,4500,77056,19264,21,1107,1086,0.691831223016908,binary_crossentropy,False,0.6922300620703801,0.0005761654619262891,"{""accuracy"": 0.5222176079731509, ""binary_crossentropy"": 0.691831223016908, ""binary_roc_auc"": 0.528774460191116, ""f1"": 0.5691414611937926, ""precision"": 0.5226999140150277, ""recall"": 0.6246403616927407}","{""accuracy"": 0.008420208500401061, ""binary_crossentropy"": 0.0005761654619262891, ""binary_roc_auc"": 0.01032983852668679, ""f1"": 0.0015139459258402294, ""precision"": 0.007435037940501076, ""recall"": -0.00556191722558485}",190.86873817443848,38.18690085411072,326.0434846878052,2917.19140625,38,ok,,upstream-0.0.12,{}
167120,numerai28.6,openml_task,amlb,classification,openfe,4,4500,77056,19264,21,1092,1071,0.6922317279094329,binary_crossentropy,False,0.6925143302306904,0.0004080815499708154,"{""accuracy"": 0.5206083887040487, ""binary_crossentropy"": 0.6922317279094329, ""binary_roc_auc"": 0.52294685787239, ""f1"": 0.596495822436877, ""precision"": 0.5188901558338891, ""recall"": 0.7013974517049923}","{""accuracy"": 0.0028999999999999907, ""binary_crossentropy"": 0.0004080815499708154, ""binary_roc_auc"": 0.0009045950513255866, ""f1"": 0.06487498929258154, ""precision"": -0.003386088217807699, ""recall"": 0.1571452788608239}",183.28778457641602,34.67007303237915,305.22638297080994,2897.76171875,11,ok,,upstream-0.0.12,{}
167141,churn,openml_task,amlb,classification,featuretools,0,4500,4000,1000,20,1788,1768,0.1468398216702044,binary_crossentropy,False,0.1478118859734386,0.006576360871336744,"{""accuracy"": 0.95799999999042, ""binary_crossentropy"": 0.1468398216702044, ""binary_roc_auc"": 0.9278643317728845, ""f1"": 0.8333333283380576, ""precision"": 0.9459459458607257, ""recall"": 0.7446808510110156}","{""accuracy"": 0.0031413612565444143, ""binary_crossentropy"": 0.006576360871336744, ""binary_roc_auc"": -0.003290378083066475, ""f1"": 0.0102201258745118, ""precision"": 0.035186129521732425, ""recall"": -0.009433962264150891}",4.355950355529785,4.949570894241333,55.23779797554016,481.98828125,94,ok,,upstream-1.x,{}
14965,bank-marketing,openml_task,amlb,classification,tabularaml,3,4500,36168,9043,16,25,9,0.19236768938468202,binary_crossentropy,False,0.1944320815110395,0.010617548864950385,"{""accuracy"": 0.9129713590612484, ""binary_crossentropy"": 0.19236768938468202, ""binary_roc_auc"": 0.9372489533186634, ""f1"": 0.5924391457388769, ""precision"": 0.6552119129363664, ""recall"": 0.5406427221120923}","{""accuracy"": 0.00303729801968163, ""binary_crossentropy"": 0.010617548864950385, ""binary_roc_auc"": 0.001643641600362664, ""f1"": 0.03216546755692561, ""precision"": 0.015758139262506132, ""recall"": 0.04570383912248644}",3624.7916026115417,0.3828752040863037,3635.9475240707397,339.29296875,160,ok,,0.2.0,"{""mode"": ""best"", ""elapsed_time"": 3609.788233280182, ""n_init_feats"": 16, ""n_added_feats"": 9, ""initial_metric"": null, ""final_metric"": 0.1933217059470427, ""pct_gain"": 0.009371679771971429}"
167141,churn,openml_task,amlb,classification,openfe,0,4500,4000,1000,20,796,776,0.17957202454569052,binary_crossentropy,False,0.1478118859734386,-0.21486863768154013,"{""accuracy"": 0.94199999999058, ""binary_crossentropy"": 0.17957202454569052, ""binary_roc_auc"": 0.9208299275918724, ""f1"": 0.7883211628299324, ""precision"": 0.8120300751269149, ""recall"": 0.7659574467541874}","{""accuracy"": -0.013612565445026183, ""binary_crossentropy"": -0.21486863768154013, ""binary_roc_auc"": -0.01084671804741335, ""f1"": -0.04434650905918185, ""precision"": -0.11136331393544874, ""recall"": 0.01886792452830193}",58.39016366004944,18.78855609893799,100.35886645317078,498.31640625,204,ok,,upstream-0.0.12,{}
146819,climate-model-crashes,openml_task,amlb,classification,tabularaml,0,4500,432,108,18,31,13,0.09701500206978785,binary_crossentropy,False,0.105852923269763,0.0834924622483215,"{""accuracy"": 0.9722222221322017, ""binary_crossentropy"": 0.09701500206978785, ""binary_roc_auc"": 0.9876543209876543, ""f1"": 0.985074621768768, ""precision"": 0.970588235198962, ""recall"": 0.9999999998989899}","{""accuracy"": -0.009433962264151009, ""binary_crossentropy"": 0.08349246224832174, ""binary_roc_auc"": 0.008018327605956435, ""f1"": -0.0049751244021188626, ""precision"": -0.009803921567666274, ""recall"": 0.0}",407.6840307712555,0.027794837951660156,413.563499212265,353.66796875,41,ok,,0.2.0,"{""mode"": ""best"", ""elapsed_time"": 399.9253716468811, ""n_init_feats"": 18, ""n_added_feats"": 13, ""initial_metric"": null, ""final_metric"": 0.2514357566137183, ""pct_gain"": -0.15884602401520598}"
146819,climate-model-crashes,openml_task,amlb,classification,tabularaml,3,4500,432,108,18,28,10,0.19784068300699195,binary_crossentropy,False,0.1792932831163785,-0.10344726566568825,"{""accuracy"": 0.935185185098594, ""binary_crossentropy"": 0.19784068300699195, ""binary_roc_auc"": 0.8787878787878788, ""f1"": 0.9655172362872189, ""precision"": 0.9423076922170859, ""recall"": 0.9898989897990002}","{""accuracy"": -0.009803921568627402, ""binary_crossentropy"": -0.10344726566568792, ""binary_roc_auc"": -0.05662650602409637, ""f1"": -0.005224660425777427, ""precision"": -0.0005827505836657802, ""recall"": -0.010101010101010064}",429.3181006908417,0.04352879524230957,442.7904555797577,349.359375,40,ok,,0.2.0,"{""mode"": ""best"", ""elapsed_time"": 415.14894795417786, ""n_init_feats"": 18, ""n_added_feats"": 10, ""initial_metric"": null, ""final_metric"": 0.20500828044925642, ""pct_gain"": 0.14135348150968488}"
146819,climate-model-crashes,openml_task,amlb,classification,openfe,3,4500,432,108,18,540,522,0.08969385730893852,binary_crossentropy,False,0.1792932831163785,0.4997366563324147,"{""accuracy"": 0.9537037036153979, ""binary_crossentropy"": 0.08969385730893852, ""binary_roc_auc"": 0.9809203142536476, ""f1"": 0.9753694530350167, ""precision"": 0.9519230768315459, ""recall"": 0.9999999998989899}","{""accuracy"": 0.00980392156862752, ""binary_crossentropy"": 0.4997366563324149, ""binary_roc_auc"": 0.05301204819277108, ""f1"": 0.004926108397922681, ""precision"": 0.009615384614460003, ""recall"": 0.0}",17.3388569355011,3.3148128986358643,452.88883113861084,357.68359375,186,ok,,upstream-0.0.12,{}
146820,wilt,openml_task,amlb,classification,tabularaml,2,4500,3871,968,5,10,5,0.03908069482797657,binary_crossentropy,False,0.0434964206265493,0.10151929135698731,"{""accuracy"": 0.9886363636261505, ""binary_crossentropy"": 0.03908069482797657, ""binary_roc_auc"": 0.9923370843130668, ""f1"": 0.8932038783221793, ""precision"": 0.9019607841368704, ""recall"": 0.8846153844452662}","{""accuracy"": 0.0, ""binary_crossentropy"": 0.10151929135698846, ""binary_roc_auc"": -0.0010989243221538663, ""f1"": 0.0, ""precision"": 0.0, ""recall"": 0.0}",455.8321270942688,0.007647991180419922,466.91002082824707,379.84765625,86,ok,,0.2.0,"{""mode"": ""best"", ""elapsed_time"": 455.1511187553406, ""n_init_feats"": 5, ""n_added_feats"": 5, ""initial_metric"": null, ""final_metric"": 0.059405152995972856, ""pct_gain"": 0.22781786144206392}"
167141,churn,openml_task,amlb,classification,openfe,1,4500,4000,1000,20,768,748,0.19316517625088453,binary_crossentropy,False,0.1557457100716419,-0.2402600120544569,"{""accuracy"": 0.9429999999905699, ""binary_crossentropy"": 0.19316517625088453, ""binary_roc_auc"": 0.9134982950651839, ""f1"": 0.7927272676728596, ""precision"": 0.8134328357601915, ""recall"": 0.7730496453352447}","{""accuracy"": -0.013598326359832642, ""binary_crossentropy"": -0.24026001205445646, ""binary_roc_auc"": -0.016104505882457446, ""f1"": -0.04428207337542075, ""precision"": -0.11054540381236692, ""recall"": 0.018691588785046773}",55.590675354003906,18.23347306251526,108.1367199420929,496.515625,270,ok,,upstream-0.0.12,{}
14965,bank-marketing,openml_task,amlb,classification,autofeat,0,4500,,,,,,,,,,,,,,,4680,,,timeout,wall-clock exceeded 4680s,,
125920,dresses-sales,openml_task,amlb,classification,tabularaml,3,4500,400,100,12,20,8,0.6649048486351967,binary_crossentropy,False,0.677971347272396,0.019272936370789515,"{""accuracy"": 0.5999999999400001, ""binary_crossentropy"": 0.6649048486351967, ""binary_roc_auc"": 0.5919540229885057, ""f1"": 0.41176470103806234, ""precision"": 0.5384615382544379, ""recall"": 0.33333333325396824}","{""accuracy"": 0.07142857142857144, ""binary_crossentropy"": 0.019272936370789515, ""binary_roc_auc"": 0.09408194233687392, ""f1"": 0.5441176537272926, ""precision"": 0.21153846174556226, ""recall"": 0.75}",471.75437688827515,0.03504061698913574,480.5135612487793,338.91015625,16,ok,,0.2.0,"{""mode"": ""best"", ""elapsed_time"": 471.4086833000183, ""n_init_feats"": 12, ""n_added_feats"": 8, ""initial_metric"": null, ""final_metric"": 0.7279557406696352, ""pct_gain"": 0.01257418961329393}"
125920,dresses-sales,openml_task,amlb,classification,tabularaml,0,4500,400,100,12,18,6,0.6722978115081787,binary_crossentropy,False,0.6437219141423702,-0.044391680224029784,"{""accuracy"": 0.579999999942, ""binary_crossentropy"": 0.6722978115081787, ""binary_roc_auc"": 0.6974548440065681, ""f1"": 0.0, ""precision"": 0.0, ""recall"": 0.0}","{""accuracy"": -0.03333333333333343, ""binary_crossentropy"": -0.044391680224029784, ""binary_roc_auc"": 0.05006180469715688, ""f1"": -1.0, ""precision"": -1.0, ""recall"": -1.0}",3558.5167229175568,0.03709697723388672,3579.251710176468,243.1953125,2000,ok,,0.2.0,"{""mode"": ""best"", ""elapsed_time"": 3558.1089119911194, ""n_init_feats"": 12, ""n_added_feats"": 6, ""initial_metric"": null, ""final_metric"": 0.708197674024685, ""pct_gain"": 0.06852647930081833}"
167141,churn,openml_task,amlb,classification,featuretools,2,4500,4000,1000,20,1707,1687,0.13717286964110098,binary_crossentropy,False,0.150998191474122,0.09155951934292135,"{""accuracy"": 0.96299999999037, ""binary_crossentropy"": 0.13717286964110098, ""binary_roc_auc"": 0.9251314822612472, ""f1"": 0.854901955773318, ""precision"": 0.956140350793321, ""recall"": 0.7730496453352447}","{""accuracy"": 0.003125000000000028, ""binary_crossentropy"": 0.09155951934292135, ""binary_roc_auc"": 0.0011794244051502134, ""f1"": 0.016204217614363112, ""precision"": 0.0012413108266041129, ""recall"": 0.028301886792452824}",5.192184686660767,6.051178455352783,55.19364047050476,476.04296875,172,ok,,upstream-1.x,{}
167141,churn,openml_task,amlb,classification,openfe,2,4500,4000,1000,20,749,729,0.16974787271482636,binary_crossentropy,False,0.150998191474122,-0.1241715616436219,"{""accuracy"": 0.95299999999047, ""binary_crossentropy"": 0.16974787271482636, ""binary_roc_auc"": 0.9177750807057522, ""f1"": 0.8265682606298934, ""precision"": 0.8615384614721893, ""recall"": 0.7943262410784165}","{""accuracy"": -0.007291666666666616, ""binary_crossentropy"": -0.1241715616436219, ""binary_roc_auc"": -0.006781690329613307, ""f1"": -0.017475457944809657, ""precision"": -0.09782293177331708, ""recall"": 0.05660377358490565}",52.495394706726074,17.348608016967773,115.04970240592957,508.76171875,275,ok,,upstream-0.0.12,{}
167141,churn,openml_task,amlb,classification,featuretools,3,4500,4000,1000,20,1757,1737,0.1301079929554835,binary_crossentropy,False,0.1390328430477529,0.06419238718440093,"{""accuracy"": 0.96499999999035, ""binary_crossentropy"": 0.1301079929554835, ""binary_roc_auc"": 0.9378875320965332, ""f1"": 0.86486485983751, ""precision"": 0.9491525422924447, ""recall"": 0.7943262410784165}","{""accuracy"": 0.0, ""binary_crossentropy"": 0.06419238718440148, ""binary_roc_auc"": 0.0051231230699807055, ""f1"": 0.0, ""precision"": 0.0, ""recall"": 0.0}",4.179738759994507,5.176957845687866,49.536012411117554,464.2265625,78,ok,,upstream-1.x,{}
146820,wilt,openml_task,amlb,classification,autofeat,0,4500,3871,968,5,12,7,0.054764938807982784,binary_crossentropy,False,0.0637464755212121,0.14089463989645426,"{""accuracy"": 0.9783057851138605, ""binary_crossentropy"": 0.054764938807982784, ""binary_roc_auc"": 0.9935757473967081, ""f1"": 0.7920792027683561, ""precision"": 0.8163265304456476, ""recall"": 0.7692307690828403}","{""accuracy"": -0.0031578947368421655, ""binary_crossentropy"": 0.14089463989645537, ""binary_roc_auc"": 0.005225148683092687, ""f1"": -0.04213677207163374, ""precision"": -0.012814428108443136, ""recall"": -0.069767441860465}",559.7912545204163,0.017661571502685547,564.0816369056702,524.71875,85,ok,,upstream-2.1.x,{}
146820,wilt,openml_task,amlb,classification,autofeat,3,4500,3871,968,5,14,9,0.05713403876777666,binary_crossentropy,False,0.0497992116639948,-0.1472880163901268,"{""accuracy"": 0.9803719008163184, ""binary_crossentropy"": 0.05713403876777666, ""binary_roc_auc"": 0.9833725226738327, ""f1"": 0.8190476138920635, ""precision"": 0.8113207545639017, ""recall"": 0.8269230767640532}","{""accuracy"": -0.003151260504201741, ""binary_crossentropy"": -0.14728801639012665, ""binary_roc_auc"": -0.004082326926348071, ""f1"": -0.028571428737098552, ""precision"": -0.05660377357422573, ""recall"": 0.0}",564.300600528717,0.02089715003967285,571.0434446334839,533.21484375,121,ok,,upstream-2.1.x,{}
167141,churn,openml_task,amlb,classification,featuretools,4,4500,4000,1000,20,1674,1654,0.1323982866872102,binary_crossentropy,False,0.1468091642828658,0.09816061324270817,"{""accuracy"": 0.96599999999034, ""binary_crossentropy"": 0.1323982866872102, ""binary_roc_auc"": 0.9243471296823784, ""f1"": 0.8671874949838259, ""precision"": 0.9652173912204159, ""recall"": 0.7872340424973593}","{""accuracy"": 0.006250000000000056, ""binary_crossentropy"": 0.09816061324270835, ""binary_roc_auc"": 0.001475968548451917, ""f1"": 0.02927862165670297, ""precision"": 0.019341731005225845, ""recall"": 0.037383177570093545}",3.397064208984375,4.32143497467041,53.678168296813965,481.04296875,88,ok,,upstream-1.x,{}
167141,churn,openml_task,amlb,classification,openfe,3,4500,4000,1000,20,807,787,0.1814969651332358,binary_crossentropy,False,0.1390328430477529,-0.30542511506362535,"{""accuracy"": 0.93599999999064, ""binary_crossentropy"": 0.1814969651332358, ""binary_roc_auc"": 0.9216885872571602, ""f1"": 0.7730496403352447, ""precision"": 0.7730496453352447, ""recall"": 0.7730496453352447}","{""accuracy"": -0.030051813471502625, ""binary_crossentropy"": -0.3054251150636246, ""binary_roc_auc"": -0.012237097073891628, ""f1"": -0.10616134816659738, ""precision"": -0.18553698073848782, ""recall"": -0.02678571428571428}",62.82033371925354,19.174863576889038,116.85952997207642,505.16015625,131,ok,,upstream-0.0.12,{}
167141,churn,openml_task,amlb,classification,openfe,4,4500,4000,1000,20,736,716,0.1886017351373739,binary_crossentropy,False,0.1468091642828658,-0.2846727658907172,"{""accuracy"": 0.9429999999905699, ""binary_crossentropy"": 0.1886017351373739, ""binary_roc_auc"": 0.9143652110734072, ""f1"": 0.7956989196747216, ""precision"": 0.8043478260286704, ""recall"": 0.7872340424973593}","{""accuracy"": -0.017708333333333375, ""binary_crossentropy"": -0.284672765890717, ""binary_roc_auc"": -0.009338855542932789, ""f1"": -0.055572304681584014, ""precision"": -0.15054855748333437, ""recall"": 0.037383177570093545}",53.829257011413574,15.735639572143555,100.0415256023407,498.0,260,ok,,upstream-0.0.12,{}
146820,wilt,openml_task,amlb,classification,autofeat,1,4500,3871,968,5,10,5,0.04253121155209157,binary_crossentropy,False,0.0508081460115105,0.16290565803254858,"{""accuracy"": 0.9834710743700055, ""binary_crossentropy"": 0.04253121155209157, ""binary_roc_auc"": 0.9959690964057776, ""f1"": 0.8431372497385621, ""precision"": 0.859999999828, ""recall"": 0.8269230767640532}","{""accuracy"": -0.0010493179433368135, ""binary_crossentropy"": 0.16290565803255017, ""binary_roc_auc"": 0.002875021139861187, ""f1"": -0.006302521052309728, ""precision"": -0.03761904760676188, ""recall"": 0.023809523809523676}",609.2812824249268,0.015540361404418945,621.5164775848389,531.5625,217,ok,,upstream-2.1.x,{}
146820,wilt,openml_task,amlb,classification,autofeat,2,4500,3871,968,5,13,8,0.03756414861032861,binary_crossentropy,False,0.0434964206265493,0.1363852917267347,"{""accuracy"": 0.9855371900724634, ""binary_crossentropy"": 0.03756414861032861, ""binary_roc_auc"": 0.9957171649311388, ""f1"": 0.8653846102181952, ""precision"": 0.8653846152181952, ""recall"": 0.8653846152181952}","{""accuracy"": -0.003134796238244574, ""binary_crossentropy"": 0.1363852917267358, ""binary_roc_auc"": 0.0023035144445150762, ""f1"": -0.031145485122882125, ""precision"": -0.040551839461265164, ""recall"": -0.021739130434782615}",648.4730741977692,0.018392324447631836,654.1353313922882,525.81640625,120,ok,,upstream-2.1.x,{}
146820,wilt,openml_task,amlb,classification,autofeat,4,4500,3871,968,5,14,9,0.0543365574277149,binary_crossentropy,False,0.0575635139530953,0.056059060744794616,"{""accuracy"": 0.9814049586675475, ""binary_crossentropy"": 0.0543365574277149, ""binary_roc_auc"": 0.9818399395364461, ""f1"": 0.8235294066051518, ""precision"": 0.839999999832, ""recall"": 0.8076923075369823}","{""accuracy"": -0.0021008403361344186, ""binary_crossentropy"": 0.056059060744795754, ""binary_roc_auc"": -0.005824706107438084, ""f1"": -0.019607843257172297, ""precision"": -0.03999999999200002, ""recall"": 0.0}",650.9958755970001,0.024985313415527344,658.8222830295563,535.94921875,119,ok,,upstream-2.1.x,{}
adult,adult,pmlb,pmlb,classification,featuretools,0,4500,39073,9769,14,877,863,0.2853773549690083,binary_crossentropy,False,0.283039470018101,-0.008259925552990178,"{""accuracy"": 0.8694851059464944, ""binary_crossentropy"": 0.2853773549690083, ""binary_roc_auc"": 0.9239846910941943, ""f1"": 0.9163989196627292, ""precision"": 0.8936061381062742, ""recall"": 0.9403848741744848}","{""accuracy"": -0.001528153285529666, ""binary_crossentropy"": -0.00825992555298998, ""binary_roc_auc"": -0.001044070860786982, ""f1"": -0.0008405598919585761, ""precision"": -0.0017753101576633097, ""recall"": 0.00014312294260771777}",4.997384071350098,3.101044178009033,86.36241579055786,1034.63671875,191,ok,,upstream-1.x,{}
adult,adult,pmlb,pmlb,classification,featuretools,1,4500,39073,9769,14,877,863,0.278205905382953,binary_crossentropy,False,0.2754271228927585,-0.01008899363653606,"{""accuracy"": 0.8715323984022196, ""binary_crossentropy"": 0.278205905382953, ""binary_roc_auc"": 0.9279514677318181, ""f1"": 0.917731886185334, ""precision"": 0.8946830265837236, ""recall"": 0.9419997308559521}","{""accuracy"": -0.0004695938013618241, ""binary_crossentropy"": -0.010088993636535856, ""binary_roc_auc"": -0.00144701621231083, ""f1"": -0.00032074294638707504, ""precision"": 5.254791713090363e-05, ""recall"": -0.000713775874375417}",3.7974374294281006,1.7581193447113037,75.34632396697998,1032.61328125,221,ok,,upstream-1.x,{}
146819,climate-model-crashes,openml_task,amlb,classification,tabularaml,4,4500,432,108,18,31,13,0.1977051438211843,binary_crossentropy,False,0.1701035792766898,-0.16226327900836177,"{""accuracy"": 0.9444444443569959, ""binary_crossentropy"": 0.1977051438211843, ""binary_roc_auc"": 0.8069584736251403, ""f1"": 0.9705882302032873, ""precision"": 0.942857142767347, ""recall"": 0.9999999998989899}","{""accuracy"": 0.0, ""binary_crossentropy"": -0.16226327900836177, ""binary_roc_auc"": -0.1470937129300119, ""f1"": 0.0, ""precision"": 0.0, ""recall"": 0.0}",719.496176481247,0.06167483329772949,742.1062235832214,355.14453125,17,ok,,0.2.0,"{""mode"": ""best"", ""elapsed_time"": 696.6788995265961, ""n_init_feats"": 18, ""n_added_feats"": 13, ""initial_metric"": null, ""final_metric"": 0.12645739368140266, ""pct_gain"": 0.2856124639019304}"
14965,bank-marketing,openml_task,amlb,classification,autofeat,1,4500,,,,,,,,,,,,,,,4680,,,timeout,wall-clock exceeded 4680s,,
adult,adult,pmlb,pmlb,classification,featuretools,2,4500,39073,9769,14,877,863,0.28351419362684893,binary_crossentropy,False,0.2821965927038329,-0.004669088702991029,"{""accuracy"": 0.8709182106655021, ""binary_crossentropy"": 0.28351419362684893, ""binary_roc_auc"": 0.9244866573445185, ""f1"": 0.9175116061755564, ""precision"": 0.8926934826872547, ""recall"": 0.9437491589275417}","{""accuracy"": 0.0008234325373485828, ""binary_crossentropy"": -0.004669088702991029, ""binary_roc_auc"": -0.0009436518080952255, ""f1"": 0.0007904030869915851, ""precision"": -0.0022536837010272846, ""recall"": 0.004008589835361514}",4.247070074081421,2.615379810333252,78.853999376297,1033.01953125,172,ok,,upstream-1.x,{}
146819,climate-model-crashes,openml_task,amlb,classification,tabularaml,1,4500,432,108,18,34,16,0.20839556227265685,binary_crossentropy,False,0.1466692463598317,-0.42085384253893693,"{""accuracy"": 0.9166666665817902, ""binary_crossentropy"": 0.20839556227265685, ""binary_roc_auc"": 0.9051627384960719, ""f1"": 0.9565217340474691, ""precision"": 0.9166666665817902, ""recall"": 0.9999999998989899}","{""accuracy"": -0.019801980198019823, ""binary_crossentropy"": -0.4208538425389364, ""binary_roc_auc"": -0.07405281285878305, ""f1"": -0.009661835794067491, ""precision"": -0.018518518516803802, ""recall"": 0.0}",917.4592270851135,0.03011488914489746,923.2588484287262,357.265625,9,ok,,0.2.0,"{""mode"": ""best"", ""elapsed_time"": 907.466112613678, ""n_init_feats"": 18, ""n_added_feats"": 16, ""initial_metric"": null, ""final_metric"": 0.15513493003637407, ""pct_gain"": 0.16520099230694124}"
146820,wilt,openml_task,amlb,classification,featuretools,4,4500,3871,968,5,105,100,0.05244533807306968,binary_crossentropy,False,0.0575635139530953,0.08891354138310736,"{""accuracy"": 0.9834710743700055, ""binary_crossentropy"": 0.05244533807306968, ""binary_roc_auc"": 0.9905105811219348, ""f1"": 0.8431372497385621, ""precision"": 0.859999999828, ""recall"": 0.8269230767640532}","{""accuracy"": 0.0, ""binary_crossentropy"": 0.08891354138310846, ""binary_roc_auc"": 0.002954869156693151, ""f1"": 0.003734827283135344, ""precision"": -0.017142857134666692, ""recall"": 0.023809523809523676}",0.7266354560852051,0.2552633285522461,988.1115379333496,369.69140625,93,ok,,upstream-1.x,{}
14965,bank-marketing,openml_task,amlb,classification,autofeat,2,4500,,,,,,,,,,,,,,,4680,,,timeout,wall-clock exceeded 4680s,,
14965,bank-marketing,openml_task,amlb,classification,tabularaml,2,4500,,,,,,,,,,,,,,,4680,,,timeout,wall-clock exceeded 4680s,,
adult,adult,pmlb,pmlb,classification,featuretools,3,4500,39073,9769,14,877,863,0.27081963172898577,binary_crossentropy,False,0.2682091951380087,-0.009732837793401611,"{""accuracy"": 0.8780837342605403, ""binary_crossentropy"": 0.27081963172898577, ""binary_roc_auc"": 0.9319107330065631, ""f1"": 0.9218247406532475, ""precision"": 0.8997949769337522, ""recall"": 0.9449603014386423}","{""accuracy"": 0.0018687222611539441, ""binary_crossentropy"": -0.009732837793401611, ""binary_roc_auc"": -0.0016151658978191827, ""f1"": 0.001095368911848239, ""precision"": 0.0015956625556384344, ""recall"": 0.0005699629524081642}",4.241801023483276,2.5435609817504883,89.5181291103363,1034.98828125,312,ok,,upstream-1.x,{}
167141,churn,openml_task,amlb,classification,tabularaml,3,4500,4000,1000,20,22,2,0.14006954148318618,binary_crossentropy,False,0.1390328430477529,-0.007456500296675986,"{""accuracy"": 0.96499999999035, ""binary_crossentropy"": 0.14006954148318618, ""binary_roc_auc"": 0.9305063615122319, ""f1"": 0.8638132245520751, ""precision"": 0.9568965516416469, ""recall"": 0.7872340424973593}","{""accuracy"": 0.0, ""binary_crossentropy"": -0.007456500296675383, ""binary_roc_auc"": -0.002787191307502256, ""f1"": -0.0012159533058523487, ""precision"": 0.008158866993600852, ""recall"": -0.00892857142857138}",644.1892259120941,0.013854503631591797,654.9871492385864,368.16015625,116,ok,,0.2.0,"{""mode"": ""best"", ""elapsed_time"": 642.9810299873352, ""n_init_feats"": 20, ""n_added_feats"": 2, ""initial_metric"": null, ""final_metric"": 0.17558949089063186, ""pct_gain"": 0.04435296004468368}"
146819,climate-model-crashes,openml_task,amlb,classification,autofeat,4,4500,432,108,18,21,3,0.1724665525748774,binary_crossentropy,False,0.1701035792766898,-0.01389137905407623,"{""accuracy"": 0.9444444443569959, ""binary_crossentropy"": 0.1724665525748774, ""binary_roc_auc"": 0.9478114478114478, ""f1"": 0.9705882302032873, ""precision"": 0.942857142767347, ""recall"": 0.9999999998989899}","{""accuracy"": 0.0, ""binary_crossentropy"": -0.01389137905407623, ""binary_roc_auc"": 0.0017793594306049153, ""f1"": 0.0, ""precision"": 0.0, ""recall"": 0.0}",1186.6013267040253,0.01660466194152832,1190.6013505458832,579.8515625,20,ok,,upstream-2.1.x,{}
146819,climate-model-crashes,openml_task,amlb,classification,autofeat,0,4500,432,108,18,22,4,0.10634876366842676,binary_crossentropy,False,0.105852923269763,-0.0046842390682033195,"{""accuracy"": 0.9629629628737998, ""binary_crossentropy"": 0.10634876366842676, ""binary_roc_auc"": 0.9865319865319866, ""f1"": 0.9801980147068916, ""precision"": 0.9611650484503724, ""recall"": 0.9999999998989899}","{""accuracy"": -0.018867924528301907, ""binary_crossentropy"": -0.004684239068203057, ""binary_roc_auc"": 0.006872852233677058, ""f1"": -0.009900990146554168, ""precision"": -0.01941747572627008, ""recall"": 0.0}",1227.615332365036,0.017953872680664062,1232.5715878009796,584.03515625,39,ok,,upstream-2.1.x,{}
14965,bank-marketing,openml_task,amlb,classification,autofeat,3,4500,,,,,,,,,,,,,,,4680,,,timeout,wall-clock exceeded 4680s,,
146819,climate-model-crashes,openml_task,amlb,classification,autofeat,1,4500,432,108,18,20,2,0.13951794713459634,binary_crossentropy,False,0.1466692463598317,0.04875800075832314,"{""accuracy"": 0.9259259258401921, ""binary_crossentropy"": 0.13951794713459634, ""binary_roc_auc"": 0.9831649831649831, ""f1"": 0.9611650434579132, ""precision"": 0.9252336447733427, ""recall"": 0.9999999998989899}","{""accuracy"": -0.00990099009900997, ""binary_crossentropy"": 0.048758000758323504, ""binary_roc_auc"": 0.00574052812858769, ""f1"": -0.004854368954896701, ""precision"": -0.009345794391649917, ""recall"": 0.0}",1240.4724519252777,0.015073537826538086,1246.1451497077942,577.125,20,ok,,upstream-2.1.x,{}
167141,churn,openml_task,amlb,classification,tabularaml,4,4500,4000,1000,20,26,6,0.14653189704427497,binary_crossentropy,False,0.1468091642828658,0.001888623506204369,"{""accuracy"": 0.96099999999039, ""binary_crossentropy"": 0.14653189704427497, ""binary_roc_auc"": 0.9234637009882843, ""f1"": 0.8458497973703698, ""precision"": 0.9553571427718431, ""recall"": 0.7588652481731301}","{""accuracy"": 0.001041666666666676, ""binary_crossentropy"": 0.0018886235062045577, ""binary_roc_auc"": 0.0005188253079407774, ""f1"": 0.003952569198675778, ""precision"": 0.008928571427774168, ""recall"": 0.0}",680.4622871875763,0.019089460372924805,684.9139051437378,369.91015625,124,ok,,0.2.0,"{""mode"": ""best"", ""elapsed_time"": 679.1862514019012, ""n_init_feats"": 20, ""n_added_feats"": 6, ""initial_metric"": null, ""final_metric"": 0.1725953535543933, ""pct_gain"": 0.028991887808522705}"
adult,adult,pmlb,pmlb,classification,featuretools,4,4500,39073,9769,14,877,863,0.28171880534546695,binary_crossentropy,False,0.2800793394514689,-0.005853576694407084,"{""accuracy"": 0.8691780120781357, ""binary_crossentropy"": 0.28171880534546695, ""binary_roc_auc"": 0.9248505987045459, ""f1"": 0.9162845489129525, ""precision"": 0.8926611359273865, ""recall"": 0.9411923025152185}","{""accuracy"": -0.0005885122410545846, ""binary_crossentropy"": -0.005853576694407084, ""binary_roc_auc"": -0.0006218724839544051, ""f1"": -0.00032752522113536767, ""precision"": -0.0006381620931708863, ""recall"": 0.0}",4.896301031112671,2.728313684463501,65.40710830688477,1032.5546875,186,ok,,upstream-1.x,{}
mushroom,mushroom,pmlb,pmlb,classification,featuretools,0,4500,6499,1625,21,2050,2029,0.00036461988086095796,binary_crossentropy,False,0.0005598739768605,0.34874651094596637,"{""accuracy"": 0.9999999999938463, ""binary_crossentropy"": 0.00036461988086095796, ""binary_roc_auc"": 1.0, ""f1"": 0.9999999949872285, ""precision"": 0.9999999999872285, ""recall"": 0.9999999999872285}","{""accuracy"": 0.0, ""binary_crossentropy"": 0.3487465109460443, ""binary_roc_auc"": 0.0, ""f1"": 0.0, ""precision"": 0.0, ""recall"": 0.0}",4.600725173950195,5.3005406856536865,57.77306938171387,585.015625,625,ok,,upstream-1.x,{}
167141,churn,openml_task,amlb,classification,tabularaml,2,4500,4000,1000,20,23,3,0.14742308572202456,binary_crossentropy,False,0.150998191474122,0.02367648060679015,"{""accuracy"": 0.96199999999038, ""binary_crossentropy"": 0.14742308572202456, ""binary_roc_auc"": 0.9289541690403652, ""f1"": 0.8492063442098136, ""precision"": 0.9639639638771205, ""recall"": 0.7588652481731301}","{""accuracy"": 0.002083333333333352, ""binary_crossentropy"": 0.02367648060679015, ""binary_roc_auc"": 0.00531634485654805, ""f1"": 0.009433962319426108, ""precision"": 0.009433962264151014, ""recall"": 0.009433962264150891}",845.4237043857574,0.03641343116760254,850.3100209236145,376.55078125,276,ok,,0.2.0,"{""mode"": ""best"", ""elapsed_time"": 843.4367442131042, ""n_init_feats"": 20, ""n_added_feats"": 3, ""initial_metric"": null, ""final_metric"": 0.1849318747558327, ""pct_gain"": 0.09035509476878763}"
125920,dresses-sales,openml_task,amlb,classification,autofeat,2,4500,400,100,12,12,0,0.6796814012527466,binary_crossentropy,False,0.6700004321336747,-0.014449198321024979,"{""accuracy"": 0.579999999942, ""binary_crossentropy"": 0.6796814012527466, ""binary_roc_auc"": 0.5090311986863711, ""f1"": 0.0, ""precision"": 0.0, ""recall"": 0.0}","{""accuracy"": 0.03571428571428562, ""binary_crossentropy"": -0.014449198321024979, ""binary_roc_auc"": -0.1199432221433639, ""f1"": -1.0, ""precision"": -1.0, ""recall"": -1.0}",2519.380488395691,0.02259206771850586,3635.749212026596,332.1953125,2,ok,,upstream-2.1.x,{}
146819,climate-model-crashes,openml_task,amlb,classification,autofeat,3,4500,432,108,18,23,5,0.17278719113393756,binary_crossentropy,False,0.1792932831163785,0.03628742733333658,"{""accuracy"": 0.935185185098594, ""binary_crossentropy"": 0.17278719113393756, ""binary_roc_auc"": 0.9427609427609428, ""f1"": 0.9651741242583105, ""precision"": 0.9509803920636294, ""recall"": 0.9797979796990104}","{""accuracy"": -0.009803921568627402, ""binary_crossentropy"": 0.036287427333336876, ""binary_roc_auc"": 0.012048192771084402, ""f1"": -0.005578169790749318, ""precision"": 0.008615567436271546, ""recall"": -0.020202020202020127}",1366.1708815097809,0.01835322380065918,1371.106688261032,578.57421875,109,ok,,upstream-2.1.x,{}
mushroom,mushroom,pmlb,pmlb,classification,featuretools,1,4500,6499,1625,21,2050,2029,0.00038173388228796495,binary_crossentropy,False,0.0005454151054327,0.30010394195973,"{""accuracy"": 0.9999999999938463, ""binary_crossentropy"": 0.00038173388228796495, ""binary_roc_auc"": 1.0, ""f1"": 0.9999999949872285, ""precision"": 0.9999999999872285, ""recall"": 0.9999999999872285}","{""accuracy"": 0.0, ""binary_crossentropy"": 0.3001039419598157, ""binary_roc_auc"": 0.0, ""f1"": 0.0, ""precision"": 0.0, ""recall"": 0.0}",5.322721481323242,6.035258054733276,55.72714710235596,707.5546875,685,ok,,upstream-1.x,{}
14965,bank-marketing,openml_task,amlb,classification,autofeat,4,4500,,,,,,,,,,,,,,,4680,,,timeout,wall-clock exceeded 4680s,,
14965,bank-marketing,openml_task,amlb,classification,tabularaml,4,4500,,,,,,,,,,,,,,,4680,,,timeout,wall-clock exceeded 4680s,,
mushroom,mushroom,pmlb,pmlb,classification,featuretools,2,4500,6499,1625,21,2050,2029,0.00042203554615844043,binary_crossentropy,False,0.0006463095399102,0.34700709165289556,"{""accuracy"": 0.9999999999938463, ""binary_crossentropy"": 0.00042203554615844043, ""binary_roc_auc"": 1.0, ""f1"": 0.9999999949872285, ""precision"": 0.9999999999872285, ""recall"": 0.9999999999872285}","{""accuracy"": 0.0, ""binary_crossentropy"": 0.34700709165291815, ""binary_roc_auc"": 0.0, ""f1"": 0.0, ""precision"": 0.0, ""recall"": 0.0}",5.859878301620483,6.151849031448364,64.18897414207458,584.859375,682,ok,,upstream-1.x,{}
125920,dresses-sales,openml_task,amlb,classification,tabularaml,1,4500,400,100,12,27,15,0.6732996611297131,binary_crossentropy,False,0.6755025538802147,0.0032611168349369504,"{""accuracy"": 0.589999999941, ""binary_crossentropy"": 0.6732996611297131, ""binary_roc_auc"": 0.5862068965517242, ""f1"": 0.4383561593769938, ""precision"": 0.5161290320915712, ""recall"": 0.380952380861678}","{""accuracy"": 0.053571428571428534, ""binary_crossentropy"": 0.0032611168349369504, ""binary_roc_auc"": 0.0430971512052593, ""f1"": 0.3150684967882891, ""precision"": 0.12609970685081828, ""recall"": 0.4545454545454545}",2760.509532213211,0.04559946060180664,3937.233520269394,248.9765625,28,ok,,0.2.0,"{""mode"": ""best"", ""elapsed_time"": 2760.1818594932556, ""n_init_feats"": 12, ""n_added_feats"": 15, ""initial_metric"": null, ""final_metric"": 0.6995081369918499, ""pct_gain"": 0.049659288411734205}"
167120,numerai28.6,openml_task,amlb,classification,tabularaml,2,4500,77056,19264,21,29,8,0.6924839762373645,binary_crossentropy,False,0.6922187446384533,-0.00038316153811993427,"{""accuracy"": 0.5159364617937521, ""binary_crossentropy"": 0.6924839762373645, ""binary_roc_auc"": 0.5234279261204045, ""f1"": 0.5780352002834688, ""precision"": 0.5164550820728419, ""recall"": 0.6562885326750346}","{""accuracy"": -0.004307753957122793, ""binary_crossentropy"": -0.00038316153811993427, ""binary_roc_auc"": -0.0058647127328895375, ""f1"": -0.0008248595613135366, ""precision"": -0.003574103817835007, ""recall"": 0.002668759811617054}",1598.7236363887787,0.022143840789794922,1611.8580906391144,838.39453125,33,ok,,0.2.0,"{""mode"": ""best"", ""elapsed_time"": 1586.6848590373993, ""n_init_feats"": 21, ""n_added_feats"": 8, ""initial_metric"": null, ""final_metric"": 0.6945170237680394, ""pct_gain"": 0.00023175094464927747}"
mushroom,mushroom,pmlb,pmlb,classification,openfe,0,4500,6499,1625,21,2021,2000,0.00524419489214555,binary_crossentropy,False,0.0005598739768605,-8.366741639881951,"{""accuracy"": 0.9999999999938463, ""binary_crossentropy"": 0.00524419489214555, ""binary_roc_auc"": 1.0, ""f1"": 0.9999999949872285, ""precision"": 0.9999999999872285, ""recall"": 0.9999999999872285}","{""accuracy"": 0.0, ""binary_crossentropy"": -8.36674163988083, ""binary_roc_auc"": 0.0, ""f1"": 0.0, ""precision"": 0.0, ""recall"": 0.0}",268.86142683029175,77.43011140823364,401.9852685928345,846.984375,314,ok,,upstream-0.0.12,{}
mushroom,mushroom,pmlb,pmlb,classification,openfe,1,4500,6499,1625,21,2021,2000,0.0006099575223275818,binary_crossentropy,False,0.0005454151054327,-0.11833632081692674,"{""accuracy"": 0.9999999999938463, ""binary_crossentropy"": 0.0006099575223275818, ""binary_roc_auc"": 1.0, ""f1"": 0.9999999949872285, ""precision"": 0.9999999999872285, ""recall"": 0.9999999999872285}","{""accuracy"": 0.0, ""binary_crossentropy"": -0.1183363208167898, ""binary_roc_auc"": 0.0, ""f1"": 0.0, ""precision"": 0.0, ""recall"": 0.0}",228.06168365478516,77.86768198013306,353.32988691329956,847.4140625,517,ok,,upstream-0.0.12,{}
adult,adult,pmlb,pmlb,classification,openfe,1,4500,39073,9769,14,1242,1228,0.3007027272086208,binary_crossentropy,False,0.2754271228927585,-0.0917687555618976,"{""accuracy"": 0.860681748386876, ""binary_crossentropy"": 0.3007027272086208, ""binary_roc_auc"": 0.9167884601061445, ""f1"": 0.9116176325138255, ""precision"": 0.8808985943764045, ""recall"": 0.9445565872682754}","{""accuracy"": -0.012913829537450098, ""binary_crossentropy"": -0.09176875556189738, ""binary_roc_auc"": -0.013459341167092485, ""f1"": -0.006980958919896899, ""precision"": -0.015355318490213295, ""recall"": 0.0019985724482512617}",672.0720121860504,292.5032126903534,1056.0762956142426,1931.96484375,87,ok,,upstream-0.0.12,{}
167120,numerai28.6,openml_task,amlb,classification,tabularaml,0,4500,77056,19264,21,28,7,0.6921668949388463,binary_crossentropy,False,0.6924404014316557,0.0003949892181969022,"{""accuracy"": 0.5193625415279696, ""binary_crossentropy"": 0.6921668949388463, ""binary_roc_auc"": 0.5251239567449182, ""f1"": 0.5859678884788411, ""precision"": 0.5187237748392695, ""recall"": 0.6732429099869777}","{""accuracy"": 0.007552870090634492, ""binary_crossentropy"": 0.0003949892181969022, ""binary_roc_auc"": 0.009439465234011667, ""f1"": -0.03058957212522057, ""precision"": 0.008500261066530896, ""recall"": -0.08132361189007291}",1701.988712310791,0.02858710289001465,1726.0243837833405,845.1796875,25,ok,,0.2.0,"{""mode"": ""best"", ""elapsed_time"": 1685.5832242965698, ""n_init_feats"": 21, ""n_added_feats"": 7, ""initial_metric"": null, ""final_metric"": 0.6946803976747254, ""pct_gain"": 0.0002607028958683191}"
adult,adult,pmlb,pmlb,classification,openfe,3,4500,39073,9769,14,1222,1208,0.28915117164461324,binary_crossentropy,False,0.2682091951380087,-0.07808075519494656,"{""accuracy"": 0.8699969290604258, ""binary_crossentropy"": 0.28915117164461324, ""binary_roc_auc"": 0.9224168020150942, ""f1"": 0.917403741102209, ""precision"": 0.8877281308988197, ""recall"": 0.9491320145324329}","{""accuracy"": -0.00735809390329356, ""binary_crossentropy"": -0.07808075519494656, ""binary_roc_auc"": -0.011786308242445948, ""f1"": -0.003705806388968292, ""precision"": -0.01183639803498754, ""recall"": 0.0049871758335708494}",587.5318856239319,289.19302201271057,948.9432492256165,1878.78515625,93,ok,,upstream-0.0.12,{}
adult,adult,pmlb,pmlb,classification,tabularaml,1,4500,39073,9769,14,18,4,0.2732987932181209,binary_crossentropy,False,0.2754271228927585,0.007727378670205634,"{""accuracy"": 0.8713276691566472, ""binary_crossentropy"": 0.2732987932181209, ""binary_roc_auc"": 0.9298835284042907, ""f1"": 0.9176007816294508, ""precision"": 0.8945552147227831, ""recall"": 0.9418651594658298}","{""accuracy"": -0.0007043907020426724, ""binary_crossentropy"": 0.0077273786702058336, ""binary_roc_auc"": 0.0006320418165233516, ""f1"": -0.0004635542696008783, ""precision"": -9.031673257146689e-05, ""recall"": -0.0008565310492505239}",1186.3783299922943,0.013747692108154297,1192.145726442337,592.6015625,304,ok,,0.2.0,"{""mode"": ""best"", ""elapsed_time"": 1178.7516121864319, ""n_init_feats"": 14, ""n_added_feats"": 4, ""initial_metric"": null, ""final_metric"": 0.2774246321305155, ""pct_gain"": 0.009956275698980966}"
adult,adult,pmlb,pmlb,classification,tabularaml,3,4500,39073,9769,14,19,5,0.2659938031824052,binary_crossentropy,False,0.2682091951380087,0.008259940359105168,"{""accuracy"": 0.8773671819010365, ""binary_crossentropy"": 0.2659938031824052, ""binary_roc_auc"": 0.9342467380827479, ""f1"": 0.9214013858954824, ""precision"": 0.898988605811165, ""recall"": 0.9449603014386423}","{""accuracy"": 0.001051156271899062, ""binary_crossentropy"": 0.008259940359105168, ""binary_roc_auc"": 0.0008874686977973904, ""f1"": 0.000635608537978129, ""precision"": 0.0006980605023954597, ""recall"": 0.0005699629524081642}",790.2610046863556,0.01372218132019043,795.8042001724243,559.72265625,355,ok,,0.2.0,"{""mode"": ""best"", ""elapsed_time"": 784.5641405582428, ""n_init_feats"": 14, ""n_added_feats"": 5, ""initial_metric"": null, ""final_metric"": 0.27728889030890247, ""pct_gain"": 0.0111918852572694}"
mushroom,mushroom,pmlb,pmlb,classification,featuretools,4,4500,6499,1625,21,2050,2029,0.0003929068450905526,binary_crossentropy,False,0.0006049472579649,0.3505105777116363,"{""accuracy"": 0.9999999999938463, ""binary_crossentropy"": 0.0003929068450905526, ""binary_roc_auc"": 1.0, ""f1"": 0.9999999949872285, ""precision"": 0.9999999999872285, ""recall"": 0.9999999999872285}","{""accuracy"": 0.0, ""binary_crossentropy"": 0.35051057771171185, ""binary_roc_auc"": 0.0, ""f1"": 0.0, ""precision"": 0.0, ""recall"": 0.0}",5.275769472122192,5.0674684047698975,62.06768536567688,708.36328125,771,ok,,upstream-1.x,{}
mushroom,mushroom,pmlb,pmlb,classification,openfe,3,4500,6499,1625,21,2021,2000,0.00396737755720432,binary_crossentropy,False,0.0006487982049461,-5.114963831525885,"{""accuracy"": 0.9999999999938463, ""binary_crossentropy"": 0.00396737755720432, ""binary_roc_auc"": 1.0, ""f1"": 0.9999999949872285, ""precision"": 0.9999999999872285, ""recall"": 0.9999999999872285}","{""accuracy"": 0.0, ""binary_crossentropy"": -5.1149638315256425, ""binary_roc_auc"": 0.0, ""f1"": 0.0, ""precision"": 0.0, ""recall"": 0.0}",235.10594058036804,80.50143480300903,349.8777732849121,842.5,100,ok,,upstream-0.0.12,{}
mushroom,mushroom,pmlb,pmlb,classification,openfe,4,4500,6499,1625,21,2021,2000,0.0005877787679827844,binary_crossentropy,False,0.0006049472579649,0.028380143485354392,"{""accuracy"": 0.9999999999938463, ""binary_crossentropy"": 0.0005877787679827844, ""binary_roc_auc"": 1.0, ""f1"": 0.9999999949872285, ""precision"": 0.9999999999872285, ""recall"": 0.9999999999872285}","{""accuracy"": 0.0, ""binary_crossentropy"": 0.028380143485467406, ""binary_roc_auc"": 0.0, ""f1"": 0.0, ""precision"": 0.0, ""recall"": 0.0}",248.73357820510864,78.5537281036377,355.989045381546,850.71875,369,ok,,upstream-0.0.12,{}
mushroom,mushroom,pmlb,pmlb,classification,featuretools,3,4500,6499,1625,21,2049,2028,0.00038786345750962096,binary_crossentropy,False,0.0006487982049461,0.4021816728949746,"{""accuracy"": 0.9999999999938463, ""binary_crossentropy"": 0.00038786345750962096, ""binary_roc_auc"": 1.0, ""f1"": 0.9999999949872285, ""precision"": 0.9999999999872285, ""recall"": 0.9999999999872285}","{""accuracy"": 0.0, ""binary_crossentropy"": 0.40218167289499823, ""binary_roc_auc"": 0.0, ""f1"": 0.0, ""precision"": 0.0, ""recall"": 0.0}",4.774859189987183,5.4957115650177,480.7929697036743,580.65234375,604,ok,,upstream-1.x,{}
adult,adult,pmlb,pmlb,classification,openfe,2,4500,39073,9769,14,1230,1216,0.3014392297967013,binary_crossentropy,False,0.2821965927038329,-0.06818876481993408,"{""accuracy"": 0.8595557375362273, ""binary_crossentropy"": 0.3014392297967013, ""binary_roc_auc"": 0.9141207751173931, ""f1"": 0.9107003334576802, ""precision"": 0.8818857935196245, ""recall"": 0.9414614452954629}","{""accuracy"": -0.012233854840606913, ""binary_crossentropy"": -0.06818876481993408, ""binary_roc_auc"": -0.01214565279031167, ""f1"": -0.006639101153584132, ""precision"": -0.014333229775729794, ""recall"": 0.0015748031496062584}",729.3904485702515,312.79100704193115,1408.6020390987396,1954.47265625,98,ok,,upstream-0.0.12,{}
spambase,spambase,pmlb,pmlb,classification,openfe,0,4500,3680,921,57,2057,2000,0.12517718217414578,binary_crossentropy,False,0.1166924022625758,-0.07271064565521522,"{""accuracy"": 0.9576547231166378, ""binary_crossentropy"": 0.12517718217414578, ""binary_roc_auc"": 0.9889708423432764, ""f1"": 0.9467939922461097, ""precision"": 0.9378378378124909, ""recall"": 0.9559228649874402}","{""accuracy"": -0.0011325028312571003, ""binary_crossentropy"": -0.07271064565521522, ""binary_roc_auc"": -0.0007332877730498496, ""f1"": -0.001364256487248716, ""precision"": -0.0027027027026295934, ""recall"": 0.0}",202.01724481582642,14.822601318359375,296.8952889442444,524.0390625,235,ok,,upstream-0.0.12,{}
spambase,spambase,pmlb,pmlb,classification,featuretools,0,4500,3680,921,57,15855,15798,0.12284622126940907,binary_crossentropy,False,0.1166924022625758,-0.052735387116174356,"{""accuracy"": 0.9576547231166378, ""binary_crossentropy"": 0.12284622126940907, ""binary_roc_auc"": 0.9891238879508674, ""f1"": 0.9463548780551305, ""precision"": 0.945054945028982, ""recall"": 0.9476584021777504}","{""accuracy"": -0.0011325028312571003, ""binary_crossentropy"": -0.052735387116174356, ""binary_roc_auc"": -0.0005786488549237412, ""f1"": -0.0018274143971919396, ""precision"": 0.004971973271311066, ""recall"": -0.008645533141210424}",31.496554851531982,45.932103633880615,293.5216865539551,1690.0234375,213,ok,,upstream-1.x,{}
mushroom,mushroom,pmlb,pmlb,classification,tabularaml,1,4500,6499,1625,21,37,16,0.0004279637686861231,binary_crossentropy,False,0.0005454151054327,0.21534302144675277,"{""accuracy"": 0.9999999999938463, ""binary_crossentropy"": 0.0004279637686861231, ""binary_roc_auc"": 1.0, ""f1"": 0.9999999949872285, ""precision"": 0.9999999999872285, ""recall"": 0.9999999999872285}","{""accuracy"": 0.0, ""binary_crossentropy"": 0.21534302144684886, ""binary_roc_auc"": 0.0, ""f1"": 0.0, ""precision"": 0.0, ""recall"": 0.0}",945.63556432724,0.04486870765686035,951.5292522907257,438.80859375,1354,ok,,0.2.0,"{""mode"": ""best"", ""elapsed_time"": 849.7831499576569, ""n_init_feats"": 21, ""n_added_feats"": 16, ""initial_metric"": null, ""final_metric"": 2.2320153246047694e-05, ""pct_gain"": 0.1265367125034114}"
146819,climate-model-crashes,openml_task,amlb,classification,openfe,2,4500,432,108,18,569,551,0.1195905035904919,binary_crossentropy,False,0.1160857923513739,-0.030190699207270664,"{""accuracy"": 0.9444444443569959, ""binary_crossentropy"": 0.1195905035904919, ""binary_roc_auc"": 0.9854096520763187, ""f1"": 0.9705882302032873, ""precision"": 0.942857142767347, ""recall"": 0.9999999998989899}","{""accuracy"": -0.009708737864077738, ""binary_crossentropy"": -0.030190699207270046, ""binary_roc_auc"": 0.01385681293302534, ""f1"": -0.004901960807621966, ""precision"": -0.009523809522902438, ""recall"": 0.0}",17.116461038589478,3.78334379196167,26.208895683288574,352.3125,58,ok,,upstream-0.0.12,{}
167141,churn,openml_task,amlb,classification,featuretools,1,4500,4000,1000,20,1751,1731,0.1477013072706759,binary_crossentropy,False,0.1557457100716419,0.05165087884132171,"{""accuracy"": 0.96099999999039, ""binary_crossentropy"": 0.1477013072706759, ""binary_roc_auc"": 0.9303082092817808, ""f1"": 0.8494208443946871, ""precision"": 0.9322033897515082, ""recall"": 0.7801418439163019}","{""accuracy"": 0.005230125523012599, ""binary_crossentropy"": 0.05165087884132205, ""binary_roc_auc"": 0.002000835904778158, ""f1"": 0.02406812701137433, ""precision"": 0.01932520196493917, ""recall"": 0.02803738317757009}",3.1890501976013184,3.861809492111206,39.718196868896484,478.6953125,96,ok,,upstream-1.x,{}
3903,pc3,openml_task,amlb,classification,tabularaml,3,4500,1250,313,37,,,,,,,,,,,,49.322444677352905,,,crash,ValueError: Input X contains infinity or a value too large for dtype('float64').,0.2.0,
3903,pc3,openml_task,amlb,classification,tabularaml,4,4500,1250,313,37,,,,,,,,,,,,51.72180461883545,,,crash,ValueError: Input X contains infinity or a value too large for dtype('float64').,0.2.0,
9977,nomao,openml_task,amlb,classification,featuretools,2,4500,,,,,,,,,,,,,,,91.46433019638062,,,crash,":33: UserWarning: Could not infer format, so each element will be parsed individually, falling back to `dateutil`. To ensure parsing is consistent and as-expected, please specify a format.
  pd.to_datetime(
/home/ionutionut045/venv/lib/python3.11/site-packages/featuretools/synthesis/dfs.py:321: UnusedPrimitiveWarning: Some specified primitives were not used during DFS:
  groupby_trans_primitives: ['cum_count', 'cum_max', 'cum_mean', 'cum_min', 'cum_sum']
This may be caused by a using a value of max_depth that is too small, not setting interesting values, or it may indicate no compatible columns for the primitive were found in the data. If the DFS call contained multiple instances of a primitive in the list above, none of them were used.
  warnings.warn(warning_msg, UnusedPrimitiveWarning)
",,
9977,nomao,openml_task,amlb,classification,featuretools,1,4500,,,,,,,,,,,,,,,118.23772716522217,,,crash,":33: UserWarning: Could not infer format, so each element will be parsed individually, falling back to `dateutil`. To ensure parsing is consistent and as-expected, please specify a format.
  pd.to_datetime(
/home/ionutionut045/venv/lib/python3.11/site-packages/featuretools/synthesis/dfs.py:321: UnusedPrimitiveWarning: Some specified primitives were not used during DFS:
  groupby_trans_primitives: ['cum_count', 'cum_max', 'cum_mean', 'cum_min', 'cum_sum']
This may be caused by a using a value of max_depth that is too small, not setting interesting values, or it may indicate no compatible columns for the primitive were found in the data. If the DFS call contained multiple instances of a primitive in the list above, none of them were used.
  warnings.warn(warning_msg, UnusedPrimitiveWarning)
",,
3902,pc4,openml_task,amlb,classification,tabularaml,4,4500,1166,292,37,,,,,,,,,,,,169.36553049087524,,,crash,ValueError: Input X contains infinity or a value too large for dtype('float64').,0.2.0,
9977,nomao,openml_task,amlb,classification,featuretools,3,4500,,,,,,,,,,,,,,,260.92579889297485,,,crash,":33: UserWarning: Could not infer format, so each element will be parsed individually, falling back to `dateutil`. To ensure parsing is consistent and as-expected, please specify a format.
  pd.to_datetime(
/home/ionutionut045/venv/lib/python3.11/site-packages/featuretools/synthesis/dfs.py:321: UnusedPrimitiveWarning: Some specified primitives were not used during DFS:
  groupby_trans_primitives: ['cum_count', 'cum_max', 'cum_mean', 'cum_min', 'cum_sum']
This may be caused by a using a value of max_depth that is too small, not setting interesting values, or it may indicate no compatible columns for the primitive were found in the data. If the DFS call contained multiple instances of a primitive in the list above, none of them were used.
  warnings.warn(warning_msg, UnusedPrimitiveWarning)
",,
9977,nomao,openml_task,amlb,classification,featuretools,0,4500,,,,,,,,,,,,,,,284.8422222137451,,,crash,":33: UserWarning: Could not infer format, so each element will be parsed individually, falling back to `dateutil`. To ensure parsing is consistent and as-expected, please specify a format.
  pd.to_datetime(
/home/ionutionut045/venv/lib/python3.11/site-packages/featuretools/synthesis/dfs.py:321: UnusedPrimitiveWarning: Some specified primitives were not used during DFS:
  groupby_trans_primitives: ['cum_count', 'cum_max', 'cum_mean', 'cum_min', 'cum_sum']
This may be caused by a using a value of max_depth that is too small, not setting interesting values, or it may indicate no compatible columns for the primitive were found in the data. If the DFS call contained multiple instances of a primitive in the list above, none of them were used.
  warnings.warn(warning_msg, UnusedPrimitiveWarning)
",,
167120,numerai28.6,openml_task,amlb,classification,featuretools,1,4500,77056,19264,21,2014,1993,0.692031254925366,binary_crossentropy,False,0.6922300620703801,0.00028719808038886696,"{""accuracy"": 0.5167670265778048, ""binary_crossentropy"": 0.692031254925366, ""binary_roc_auc"": 0.5237616711588576, ""f1"": 0.564857658761903, ""precision"": 0.5181373810131908, ""recall"": 0.6208384710227899}","{""accuracy"": -0.0021050521251002115, ""binary_crossentropy"": 0.00028719808038886696, ""binary_roc_auc"": 0.0007518979966176899, ""f1"": -0.00602422897382265, ""precision"": -0.0013586417303131427, ""recall"": -0.011614591853427099}",12.36243224143982,6.4261794090271,291.27783966064453,2243.375,35,ok,,upstream-1.x,{}
9977,nomao,openml_task,amlb,classification,autofeat,1,4500,,,,,,,,,,,,,,,305.04117226600647,,,crash,"ionutionut045/.netrc.
wandb: Currently logged in as: ionutb to https://api.wandb.ai. Use `wandb login --relogin` to force relogin
wandb: Using an existing wandb-core service via WANDB_SERVICE.
wandb: WARNING Using a boolean value for 'reinit' is deprecated. Use 'return_previous' or 'finish_previous' instead.
wandb: setting up run 6ccspj3r
wandb: Tracking run with wandb version 0.26.0
wandb: Run data is saved locally in /home/ionutionut045/tabularaml-refactored/wandb/run-20260429_221614-6ccspj3r
wandb: Run `wandb offline` to turn off syncing.
wandb: Syncing run autofeat_classification_nomao_seed1
wandb: ⭐️ View project at https://wandb.ai/ionutb/tabularaml-targeted-benchmark-binary-all-1h
wandb: 🚀 View run at https://wandb.ai/ionutb/tabularaml-targeted-benchmark-binary-all-1h/runs/6ccspj3r
",,
9977,nomao,openml_task,amlb,classification,autofeat,2,4500,,,,,,,,,,,,,,,326.2651445865631,,,crash,"ttps://api.wandb.ai from /home/ionutionut045/.netrc.
wandb: Currently logged in as: ionutb to https://api.wandb.ai. Use `wandb login --relogin` to force relogin
wandb: Using an existing wandb-core service via WANDB_SERVICE.
wandb: WARNING Using a boolean value for 'reinit' is deprecated. Use 'return_previous' or 'finish_previous' instead.
wandb: Tracking run with wandb version 0.26.0
wandb: Run data is saved locally in /home/ionutionut045/tabularaml-refactored/wandb/run-20260429_221614-ap7ncfro
wandb: Run `wandb offline` to turn off syncing.
wandb: Syncing run autofeat_classification_nomao_seed2
wandb: ⭐️ View project at https://wandb.ai/ionutb/tabularaml-targeted-benchmark-binary-all-1h
wandb: 🚀 View run at https://wandb.ai/ionutb/tabularaml-targeted-benchmark-binary-all-1h/runs/ap7ncfro
",,
3918,pc1,openml_task,amlb,classification,tabularaml,0,4500,887,222,21,,,,,,,,,,,,335.8897559642792,,,crash,ValueError: Input X contains infinity or a value too large for dtype('float64').,0.2.0,
125920,dresses-sales,openml_task,amlb,classification,autofeat,4,4500,400,100,12,16,4,0.6253756807744503,binary_crossentropy,False,0.5984754026681185,-0.04494800953624019,"{""accuracy"": 0.659999999934, ""binary_crossentropy"": 0.6253756807744503, ""binary_roc_auc"": 0.7064860426929392, ""f1"": 0.41379309931034486, ""precision"": 0.74999999953125, ""recall"": 0.2857142856462585}","{""accuracy"": -0.04347826086956519, ""binary_crossentropy"": -0.04494800953624019, ""binary_roc_auc"": -0.013188073394495282, ""f1"": -0.2655172422172415, ""precision"": 0.08749999969531251, ""recall"": -0.39999999999999997}",331.91372179985046,0.026599645614624023,393.78966212272644,396.265625,23,ok,,upstream-2.1.x,{}
167120,numerai28.6,openml_task,amlb,classification,openfe,0,4500,77056,19264,21,1095,1074,0.6922553959952364,binary_crossentropy,False,0.6924404014316557,0.00026717885905674666,"{""accuracy"": 0.5139119601326235, ""binary_crossentropy"": 0.6922553959952364, ""binary_roc_auc"": 0.5216521513446648, ""f1"": 0.5920536676775862, ""precision"": 0.5139162002718848, ""recall"": 0.6982120838463849}","{""accuracy"": -0.003021148036253797, ""binary_crossentropy"": 0.00026717885905674666, ""binary_roc_auc"": 0.0027656554761173163, ""f1"": -0.020521413215826782, ""precision"": -0.0008466022188594576, ""recall"": -0.04725182277061121}",272.9046721458435,49.728769063949585,399.19886803627014,2789.8203125,20,ok,,upstream-0.0.12,{}
146820,wilt,openml_task,amlb,classification,tabularaml,3,4500,3871,968,5,14,9,0.04900388717494423,binary_crossentropy,False,0.0497992116639948,0.01597062408169799,"{""accuracy"": 0.9803719008163184, ""binary_crossentropy"": 0.04900388717494423, ""binary_roc_auc"": 0.9914973127309372, ""f1"": 0.8190476138920635, ""precision"": 0.8113207545639017, ""recall"": 0.8269230767640532}","{""accuracy"": -0.003151260504201741, ""binary_crossentropy"": 0.01597062408169813, ""binary_roc_auc"": 0.0041461132845722224, ""f1"": -0.028571428737098552, ""precision"": -0.05660377357422573, ""recall"": 0.0}",401.3757026195526,0.014895200729370117,403.66707706451416,264.6171875,109,ok,,0.2.0,"{""mode"": ""best"", ""elapsed_time"": 352.35128903388977, ""n_init_feats"": 5, ""n_added_feats"": 9, ""initial_metric"": null, ""final_metric"": 0.03428932813612208, ""pct_gain"": 0.38563093657948755}"
167120,numerai28.6,openml_task,amlb,classification,openfe,2,4500,77056,19264,21,1089,1068,0.6922434692168948,binary_crossentropy,False,0.6922187446384533,-3.5717869001664455e-05,"{""accuracy"": 0.517338039866841, ""binary_crossentropy"": 0.6922434692168948, ""binary_roc_auc"": 0.5253064385282171, ""f1"": 0.5690582078764507, ""precision"": 0.5183215130019264, ""recall"": 0.6308055898061746}","{""accuracy"": -0.0016028851933480657, ""binary_crossentropy"": -3.5717869001664455e-05, ""binary_roc_auc"": -0.0022968949322280953, ""f1"": -0.016342232282906693, ""precision"": 2.6906561830287276e-05, ""recall"": -0.03626373626373621}",279.9094114303589,34.77298307418823,419.70749282836914,2776.84375,40,ok,,upstream-0.0.12,{}
mushroom,mushroom,pmlb,pmlb,classification,openfe,2,4500,6499,1625,21,2021,2000,0.000699262026983958,binary_crossentropy,False,0.0006463095399102,-0.08193053607272363,"{""accuracy"": 0.9999999999938463, ""binary_crossentropy"": 0.000699262026983958, ""binary_roc_auc"": 1.0, ""f1"": 0.9999999949872285, ""precision"": 0.9999999999872285, ""recall"": 0.9999999999872285}","{""accuracy"": 0.0, ""binary_crossentropy"": -0.08193053607268624, ""binary_roc_auc"": 0.0, ""f1"": 0.0, ""precision"": 0.0, ""recall"": 0.0}",369.6119511127472,80.95198822021484,477.4052963256836,744.5078125,369,ok,,upstream-0.0.12,{}
125920,dresses-sales,openml_task,amlb,classification,tabularaml,4,4500,400,100,12,19,7,0.6112265627086163,binary_crossentropy,False,0.5984754026681185,-0.02130607203512573,"{""accuracy"": 0.679999999932, ""binary_crossentropy"": 0.6112265627086163, ""binary_roc_auc"": 0.7196223316912972, ""f1"": 0.5294117598269897, ""precision"": 0.6923076920414201, ""recall"": 0.4285714284693877}","{""accuracy"": -0.01449275362318845, ""binary_crossentropy"": -0.02130607203512573, ""binary_roc_auc"": 0.005160550458715707, ""f1"": -0.060294117982093415, ""precision"": 0.0038461538062129976, ""recall"": -0.09999999999999999}",601.6845088005066,0.02692866325378418,604.8063790798187,244.8046875,24,ok,,0.2.0,"{""mode"": ""best"", ""elapsed_time"": 601.4207367897034, ""n_init_feats"": 12, ""n_added_feats"": 7, ""initial_metric"": null, ""final_metric"": 0.7325785145201921, ""pct_gain"": 0.02043011088161943}"
3902,pc4,openml_task,amlb,classification,tabularaml,3,4500,1166,292,37,43,6,0.18545499046680786,binary_crossentropy,False,0.1848539693666979,-0.0032513291554897568,"{""accuracy"": 0.9041095890101332, ""binary_crossentropy"": 0.18545499046680786, ""binary_roc_auc"": 0.9495442708333333, ""f1"": 0.5483870917273673, ""precision"": 0.6538461535946746, ""recall"": 0.47222222209104936}","{""accuracy"": -0.011235955056179841, ""binary_crossentropy"": -0.003251329155489606, ""binary_roc_auc"": 0.0005716899153898796, ""f1"": -0.07078853109636965, ""precision"": -0.09188034186637081, ""recall"": -0.05555555555555558}",614.7121140956879,0.022774934768676758,617.6876518726349,256.5625,88,ok,,0.2.0,"{""mode"": ""best"", ""elapsed_time"": 613.7766244411469, ""n_init_feats"": 37, ""n_added_feats"": 6, ""initial_metric"": null, ""final_metric"": 0.2346181361500927, ""pct_gain"": 0.14866256044667422}"
spambase,spambase,pmlb,pmlb,classification,openfe,1,4500,3680,921,57,2057,2000,0.13139560259619512,binary_crossentropy,False,0.1362854538311811,0.03587948014645136,"{""accuracy"": 0.958740499446702, ""binary_crossentropy"": 0.13139560259619512, ""binary_roc_auc"": 0.9875638101444553, ""f1"": 0.9472222171962578, ""precision"": 0.9551820728023759, ""recall"": 0.9393939393680607}","{""accuracy"": 0.009142857142857088, ""binary_crossentropy"": 0.03587948014645195, ""binary_roc_auc"": 0.00020000500012506885, ""f1"": 0.011678172317586675, ""precision"": 0.01452770457279522, ""recall"": 0.008875739644970347}",211.30730724334717,15.173728466033936,290.81764101982117,471.37890625,181,ok,,upstream-0.0.12,{}
146819,climate-model-crashes,openml_task,amlb,classification,tabularaml,2,4500,432,108,18,36,18,0.131304942377567,binary_crossentropy,False,0.1160857923513739,-0.1311026071142891,"{""accuracy"": 0.9259259258401921, ""binary_crossentropy"": 0.131304942377567, ""binary_roc_auc"": 0.9775533108866442, ""f1"": 0.960784308635621, ""precision"": 0.9333333332444445, ""recall"": 0.9898989897990002}","{""accuracy"": -0.029126213592233097, ""binary_crossentropy"": -0.13110260711428842, ""binary_roc_auc"": 0.005773672055427225, ""f1"": -0.014953456204735174, ""precision"": -0.019528619527721662, ""recall"": -0.010101010101010064}",662.4183523654938,0.04307913780212402,664.9386715888977,258.80078125,106,ok,,0.2.0,"{""mode"": ""best"", ""elapsed_time"": 643.0084328651428, ""n_init_feats"": 18, ""n_added_feats"": 18, ""initial_metric"": null, ""final_metric"": 0.17183625474981626, ""pct_gain"": 0.16376759047181288}"
spambase,spambase,pmlb,pmlb,classification,openfe,2,4500,3680,921,57,2057,2000,0.1299099049570234,binary_crossentropy,False,0.1270383647289758,-0.02260372474231499,"{""accuracy"": 0.9522258414663167, ""binary_crossentropy"": 0.1299099049570234, ""binary_roc_auc"": 0.9893756726601302, ""f1"": 0.938718657927119, ""precision"": 0.9492957746211466, ""recall"": 0.9283746556218079}","{""accuracy"": 0.0022857142857142135, ""binary_crossentropy"": -0.022603724742314545, ""binary_roc_auc"": 0.0001297560586098225, ""f1"": 0.0031680040078096473, ""precision"": 0.0003027117933065146, ""recall"": 0.005970149253731418}",193.11615777015686,15.016143321990967,255.93682551383972,437.72265625,258,ok,,upstream-0.0.12,{}
9977,nomao,openml_task,amlb,classification,autofeat,3,4500,,,,,,,,,,,,,,,705.3594052791595,,,crash,"ttps://api.wandb.ai from /home/ionutionut045/.netrc.
wandb: Currently logged in as: ionutb to https://api.wandb.ai. Use `wandb login --relogin` to force relogin
wandb: Using an existing wandb-core service via WANDB_SERVICE.
wandb: WARNING Using a boolean value for 'reinit' is deprecated. Use 'return_previous' or 'finish_previous' instead.
wandb: Tracking run with wandb version 0.26.0
wandb: Run data is saved locally in /home/ionutionut045/tabularaml-refactored/wandb/run-20260429_221615-p5zbtvat
wandb: Run `wandb offline` to turn off syncing.
wandb: Syncing run autofeat_classification_nomao_seed3
wandb: ⭐️ View project at https://wandb.ai/ionutb/tabularaml-targeted-benchmark-binary-all-1h
wandb: 🚀 View run at https://wandb.ai/ionutb/tabularaml-targeted-benchmark-binary-all-1h/runs/p5zbtvat
",,
spambase,spambase,pmlb,pmlb,classification,featuretools,1,4500,3680,921,57,15849,15792,0.13199559665869276,binary_crossentropy,False,0.1362854538311811,0.03147699957621486,"{""accuracy"": 0.9554831704565094, ""binary_crossentropy"": 0.13199559665869276, ""binary_roc_auc"": 0.9873465841207777, ""f1"": 0.9434482708360524, ""precision"": 0.9447513811893715, ""recall"": 0.942148760304624}","{""accuracy"": 0.005714285714285709, ""binary_crossentropy"": 0.03147699957621545, ""binary_roc_auc"": -2.0000500012371952e-05, ""f1"": 0.00764741893490279, ""precision"": 0.003448952237964235, ""recall"": 0.011834319526627248}",28.92678141593933,40.883694887161255,325.5719110965729,1389.765625,188,ok,,upstream-1.x,{}
3903,pc3,openml_task,amlb,classification,tabularaml,3,4500,1250,313,37,,,,,,,,,,,,47.981135845184326,,,crash,ValueError: Input X contains infinity or a value too large for dtype('float64').,0.2.0,
9977,nomao,openml_task,amlb,classification,featuretools,0,4500,,,,,,,,,,,,,,,84.30038166046143,,,crash,":33: UserWarning: Could not infer format, so each element will be parsed individually, falling back to `dateutil`. To ensure parsing is consistent and as-expected, please specify a format.
  pd.to_datetime(
/home/ionutionut045/venv/lib/python3.11/site-packages/featuretools/synthesis/dfs.py:321: UnusedPrimitiveWarning: Some specified primitives were not used during DFS:
  groupby_trans_primitives: ['cum_count', 'cum_max', 'cum_mean', 'cum_min', 'cum_sum']
This may be caused by a using a value of max_depth that is too small, not setting interesting values, or it may indicate no compatible columns for the primitive were found in the data. If the DFS call contained multiple instances of a primitive in the list above, none of them were used.
  warnings.warn(warning_msg, UnusedPrimitiveWarning)
",,
9977,nomao,openml_task,amlb,classification,featuretools,3,4500,,,,,,,,,,,,,,,104.56112599372864,,,crash,":33: UserWarning: Could not infer format, so each element will be parsed individually, falling back to `dateutil`. To ensure parsing is consistent and as-expected, please specify a format.
  pd.to_datetime(
/home/ionutionut045/venv/lib/python3.11/site-packages/featuretools/synthesis/dfs.py:321: UnusedPrimitiveWarning: Some specified primitives were not used during DFS:
  groupby_trans_primitives: ['cum_count', 'cum_max', 'cum_mean', 'cum_min', 'cum_sum']
This may be caused by a using a value of max_depth that is too small, not setting interesting values, or it may indicate no compatible columns for the primitive were found in the data. If the DFS call contained multiple instances of a primitive in the list above, none of them were used.
  warnings.warn(warning_msg, UnusedPrimitiveWarning)
",,
9977,nomao,openml_task,amlb,classification,featuretools,2,4500,,,,,,,,,,,,,,,205.21923780441284,,,crash,":33: UserWarning: Could not infer format, so each element will be parsed individually, falling back to `dateutil`. To ensure parsing is consistent and as-expected, please specify a format.
  pd.to_datetime(
/home/ionutionut045/venv/lib/python3.11/site-packages/featuretools/synthesis/dfs.py:321: UnusedPrimitiveWarning: Some specified primitives were not used during DFS:
  groupby_trans_primitives: ['cum_count', 'cum_max', 'cum_mean', 'cum_min', 'cum_sum']
This may be caused by a using a value of max_depth that is too small, not setting interesting values, or it may indicate no compatible columns for the primitive were found in the data. If the DFS call contained multiple instances of a primitive in the list above, none of them were used.
  warnings.warn(warning_msg, UnusedPrimitiveWarning)
",,
9977,nomao,openml_task,amlb,classification,featuretools,4,4500,,,,,,,,,,,,,,,230.8326587677002,,,crash,":33: UserWarning: Could not infer format, so each element will be parsed individually, falling back to `dateutil`. To ensure parsing is consistent and as-expected, please specify a format.
  pd.to_datetime(
/home/ionutionut045/venv/lib/python3.11/site-packages/featuretools/synthesis/dfs.py:321: UnusedPrimitiveWarning: Some specified primitives were not used during DFS:
  groupby_trans_primitives: ['cum_count', 'cum_max', 'cum_mean', 'cum_min', 'cum_sum']
This may be caused by a using a value of max_depth that is too small, not setting interesting values, or it may indicate no compatible columns for the primitive were found in the data. If the DFS call contained multiple instances of a primitive in the list above, none of them were used.
  warnings.warn(warning_msg, UnusedPrimitiveWarning)
",,
3918,pc1,openml_task,amlb,classification,tabularaml,0,4500,887,222,21,,,,,,,,,,,,233.42759466171265,,,crash,ValueError: Input X contains infinity or a value too large for dtype('float64').,0.2.0,
9977,nomao,openml_task,amlb,classification,featuretools,1,4500,,,,,,,,,,,,,,,249.217679977417,,,crash,":33: UserWarning: Could not infer format, so each element will be parsed individually, falling back to `dateutil`. To ensure parsing is consistent and as-expected, please specify a format.
  pd.to_datetime(
/home/ionutionut045/venv/lib/python3.11/site-packages/featuretools/synthesis/dfs.py:321: UnusedPrimitiveWarning: Some specified primitives were not used during DFS:
  groupby_trans_primitives: ['cum_count', 'cum_max', 'cum_mean', 'cum_min', 'cum_sum']
This may be caused by a using a value of max_depth that is too small, not setting interesting values, or it may indicate no compatible columns for the primitive were found in the data. If the DFS call contained multiple instances of a primitive in the list above, none of them were used.
  warnings.warn(warning_msg, UnusedPrimitiveWarning)
",,
3902,pc4,openml_task,amlb,classification,tabularaml,4,4500,1166,292,37,,,,,,,,,,,,245.42543601989746,,,crash,ValueError: Input X contains infinity or a value too large for dtype('float64').,0.2.0,
9977,nomao,openml_task,amlb,classification,autofeat,1,4500,,,,,,,,,,,,,,,275.4120967388153,,,crash,"ionutionut045/.netrc.
wandb: Currently logged in as: ionutb to https://api.wandb.ai. Use `wandb login --relogin` to force relogin
wandb: Using an existing wandb-core service via WANDB_SERVICE.
wandb: WARNING Using a boolean value for 'reinit' is deprecated. Use 'return_previous' or 'finish_previous' instead.
wandb: setting up run 4k0lfxsd
wandb: Tracking run with wandb version 0.26.0
wandb: Run data is saved locally in /home/ionutionut045/tabularaml-refactored/wandb/run-20260430_051830-4k0lfxsd
wandb: Run `wandb offline` to turn off syncing.
wandb: Syncing run autofeat_classification_nomao_seed1
wandb: ⭐️ View project at https://wandb.ai/ionutb/tabularaml-targeted-benchmark-binary-all-1h
wandb: 🚀 View run at https://wandb.ai/ionutb/tabularaml-targeted-benchmark-binary-all-1h/runs/4k0lfxsd
",,
9977,nomao,openml_task,amlb,classification,autofeat,0,4500,,,,,,,,,,,,,,,291.604309797287,,,crash,"ttps://api.wandb.ai from /home/ionutionut045/.netrc.
wandb: Currently logged in as: ionutb to https://api.wandb.ai. Use `wandb login --relogin` to force relogin
wandb: Using an existing wandb-core service via WANDB_SERVICE.
wandb: WARNING Using a boolean value for 'reinit' is deprecated. Use 'return_previous' or 'finish_previous' instead.
wandb: Tracking run with wandb version 0.26.0
wandb: Run data is saved locally in /home/ionutionut045/tabularaml-refactored/wandb/run-20260430_051828-n2xfdkry
wandb: Run `wandb offline` to turn off syncing.
wandb: Syncing run autofeat_classification_nomao_seed0
wandb: ⭐️ View project at https://wandb.ai/ionutb/tabularaml-targeted-benchmark-binary-all-1h
wandb: 🚀 View run at https://wandb.ai/ionutb/tabularaml-targeted-benchmark-binary-all-1h/runs/n2xfdkry
",,
spambase,spambase,pmlb,pmlb,classification,featuretools,2,4500,3680,921,57,15854,15797,0.12431139249288115,binary_crossentropy,False,0.1270383647289758,0.021465737865190567,"{""accuracy"": 0.9511400651362525, ""binary_crossentropy"": 0.12431139249288115, ""binary_roc_auc"": 0.9900619094167481, ""f1"": 0.9372384886984938, ""precision"": 0.9491525423460692, ""recall"": 0.9256198346852446}","{""accuracy"": 0.0011428571428570484, ""binary_crossentropy"": 0.021465737865190994, ""binary_roc_auc"": 0.000823451910408394, ""f1"": 0.0015862112117097599, ""precision"": 0.00015178345568336843, ""recall"": 0.002985074626865649}",43.21142077445984,37.60197067260742,295.49649000167847,1388.48046875,184,ok,,upstream-1.x,{}
spambase,spambase,pmlb,pmlb,classification,openfe,3,4500,3680,921,57,2057,2000,0.12842027117058596,binary_crossentropy,False,0.1263414914333447,-0.01645365836399038,"{""accuracy"": 0.9543973941264452, ""binary_crossentropy"": 0.12842027117058596, ""binary_roc_auc"": 0.9874700079978673, ""f1"": 0.942148755304624, ""precision"": 0.942148760304624, ""recall"": 0.942148760304624}","{""accuracy"": -0.0011363636363636586, ""binary_crossentropy"": -0.016453658363989935, ""binary_roc_auc"": -0.0009739724590556511, ""f1"": -0.001377410475591616, ""precision"": -0.002754820936563217, ""recall"": 0.0}",213.44167137145996,15.367323398590088,290.19197726249695,493.19921875,145,ok,,upstream-0.0.12,{}
spambase,spambase,pmlb,pmlb,classification,featuretools,3,4500,3680,921,57,15870,15813,0.12727635256594944,binary_crossentropy,False,0.1263414914333447,-0.007399478366122948,"{""accuracy"": 0.953311617796381, ""binary_crossentropy"": 0.12727635256594944, ""binary_roc_auc"": 0.9880081361019778, ""f1"": 0.9406896501464731, ""precision"": 0.9419889502502212, ""recall"": 0.9393939393680607}","{""accuracy"": -0.0022727272727273173, ""binary_crossentropy"": -0.007399478366122505, ""binary_roc_auc"": -0.0004295468280963534, ""f1"": -0.002923976623683596, ""precision"": -0.002923976608187226, ""recall"": -0.0029239766081872298}",35.79740643501282,49.71794629096985,341.39909267425537,1660.328125,175,ok,,upstream-1.x,{}
3903,pc3,openml_task,amlb,classification,tabularaml,3,4500,1250,313,37,,,,,,,,,,,,40.61996293067932,,,crash,ValueError: Input X contains infinity or a value too large for dtype('float64').,0.2.0,
9977,nomao,openml_task,amlb,classification,featuretools,3,4500,,,,,,,,,,,,,,,93.05349397659302,,,crash,":33: UserWarning: Could not infer format, so each element will be parsed individually, falling back to `dateutil`. To ensure parsing is consistent and as-expected, please specify a format.
  pd.to_datetime(
/home/ionutionut045/venv/lib/python3.11/site-packages/featuretools/synthesis/dfs.py:321: UnusedPrimitiveWarning: Some specified primitives were not used during DFS:
  groupby_trans_primitives: ['cum_count', 'cum_max', 'cum_mean', 'cum_min', 'cum_sum']
This may be caused by a using a value of max_depth that is too small, not setting interesting values, or it may indicate no compatible columns for the primitive were found in the data. If the DFS call contained multiple instances of a primitive in the list above, none of them were used.
  warnings.warn(warning_msg, UnusedPrimitiveWarning)
",,
9977,nomao,openml_task,amlb,classification,featuretools,4,4500,,,,,,,,,,,,,,,123.21320581436157,,,crash,":33: UserWarning: Could not infer format, so each element will be parsed individually, falling back to `dateutil`. To ensure parsing is consistent and as-expected, please specify a format.
  pd.to_datetime(
/home/ionutionut045/venv/lib/python3.11/site-packages/featuretools/synthesis/dfs.py:321: UnusedPrimitiveWarning: Some specified primitives were not used during DFS:
  groupby_trans_primitives: ['cum_count', 'cum_max', 'cum_mean', 'cum_min', 'cum_sum']
This may be caused by a using a value of max_depth that is too small, not setting interesting values, or it may indicate no compatible columns for the primitive were found in the data. If the DFS call contained multiple instances of a primitive in the list above, none of them were used.
  warnings.warn(warning_msg, UnusedPrimitiveWarning)
",,
9977,nomao,openml_task,amlb,classification,featuretools,0,4500,,,,,,,,,,,,,,,209.92608857154846,,,crash,":33: UserWarning: Could not infer format, so each element will be parsed individually, falling back to `dateutil`. To ensure parsing is consistent and as-expected, please specify a format.
  pd.to_datetime(
/home/ionutionut045/venv/lib/python3.11/site-packages/featuretools/synthesis/dfs.py:321: UnusedPrimitiveWarning: Some specified primitives were not used during DFS:
  groupby_trans_primitives: ['cum_count', 'cum_max', 'cum_mean', 'cum_min', 'cum_sum']
This may be caused by a using a value of max_depth that is too small, not setting interesting values, or it may indicate no compatible columns for the primitive were found in the data. If the DFS call contained multiple instances of a primitive in the list above, none of them were used.
  warnings.warn(warning_msg, UnusedPrimitiveWarning)
",,
9977,nomao,openml_task,amlb,classification,featuretools,2,4500,,,,,,,,,,,,,,,247.89361119270325,,,crash,":33: UserWarning: Could not infer format, so each element will be parsed individually, falling back to `dateutil`. To ensure parsing is consistent and as-expected, please specify a format.
  pd.to_datetime(
/home/ionutionut045/venv/lib/python3.11/site-packages/featuretools/synthesis/dfs.py:321: UnusedPrimitiveWarning: Some specified primitives were not used during DFS:
  groupby_trans_primitives: ['cum_count', 'cum_max', 'cum_mean', 'cum_min', 'cum_sum']
This may be caused by a using a value of max_depth that is too small, not setting interesting values, or it may indicate no compatible columns for the primitive were found in the data. If the DFS call contained multiple instances of a primitive in the list above, none of them were used.
  warnings.warn(warning_msg, UnusedPrimitiveWarning)
",,
9977,nomao,openml_task,amlb,classification,autofeat,4,4500,,,,,,,,,,,,,,,263.6220257282257,,,crash,"ttps://api.wandb.ai from /home/ionutionut045/.netrc.
wandb: Currently logged in as: ionutb to https://api.wandb.ai. Use `wandb login --relogin` to force relogin
wandb: Using an existing wandb-core service via WANDB_SERVICE.
wandb: WARNING Using a boolean value for 'reinit' is deprecated. Use 'return_previous' or 'finish_previous' instead.
wandb: Tracking run with wandb version 0.26.0
wandb: Run data is saved locally in /home/ionutionut045/tabularaml-refactored/wandb/run-20260430_053709-c1mmal0n
wandb: Run `wandb offline` to turn off syncing.
wandb: Syncing run autofeat_classification_nomao_seed4
wandb: ⭐️ View project at https://wandb.ai/ionutb/tabularaml-targeted-benchmark-binary-all-1h
wandb: 🚀 View run at https://wandb.ai/ionutb/tabularaml-targeted-benchmark-binary-all-1h/runs/c1mmal0n
",,
9977,nomao,openml_task,amlb,classification,autofeat,3,4500,,,,,,,,,,,,,,,282.2277855873108,,,crash,"ttps://api.wandb.ai from /home/ionutionut045/.netrc.
wandb: Currently logged in as: ionutb to https://api.wandb.ai. Use `wandb login --relogin` to force relogin
wandb: Using an existing wandb-core service via WANDB_SERVICE.
wandb: WARNING Using a boolean value for 'reinit' is deprecated. Use 'return_previous' or 'finish_previous' instead.
wandb: Tracking run with wandb version 0.26.0
wandb: Run data is saved locally in /home/ionutionut045/tabularaml-refactored/wandb/run-20260430_053708-hjf6rtb0
wandb: Run `wandb offline` to turn off syncing.
wandb: Syncing run autofeat_classification_nomao_seed3
wandb: ⭐️ View project at https://wandb.ai/ionutb/tabularaml-targeted-benchmark-binary-all-1h
wandb: 🚀 View run at https://wandb.ai/ionutb/tabularaml-targeted-benchmark-binary-all-1h/runs/hjf6rtb0
",,
9977,nomao,openml_task,amlb,classification,autofeat,0,4500,,,,,,,,,,,,,,,311.95850110054016,,,crash,"ionutionut045/.netrc.
wandb: Currently logged in as: ionutb to https://api.wandb.ai. Use `wandb login --relogin` to force relogin
wandb: Using an existing wandb-core service via WANDB_SERVICE.
wandb: WARNING Using a boolean value for 'reinit' is deprecated. Use 'return_previous' or 'finish_previous' instead.
wandb: setting up run z3sey306
wandb: Tracking run with wandb version 0.26.0
wandb: Run data is saved locally in /home/ionutionut045/tabularaml-refactored/wandb/run-20260430_053709-z3sey306
wandb: Run `wandb offline` to turn off syncing.
wandb: Syncing run autofeat_classification_nomao_seed0
wandb: ⭐️ View project at https://wandb.ai/ionutb/tabularaml-targeted-benchmark-binary-all-1h
wandb: 🚀 View run at https://wandb.ai/ionutb/tabularaml-targeted-benchmark-binary-all-1h/runs/z3sey306
",,
3903,pc3,openml_task,amlb,classification,tabularaml,0,4500,1250,313,37,,,,,,,,,,,,384.5536062717438,,,crash,ValueError: Input X contains infinity or a value too large for dtype('float64').,0.2.0,
3902,pc4,openml_task,amlb,classification,tabularaml,4,4500,1166,292,37,,,,,,,,,,,,530.9953091144562,,,crash,ValueError: Input X contains infinity or a value too large for dtype('float64').,0.2.0,
spambase,spambase,pmlb,pmlb,classification,openfe,4,4500,3680,921,57,2057,2000,0.15149722769508217,binary_crossentropy,False,0.1504146624055279,-0.007197205859064519,"{""accuracy"": 0.9457111834859314, ""binary_crossentropy"": 0.15149722769508217, ""binary_roc_auc"": 0.9857716954491148, ""f1"": 0.9303621119663489, ""precision"": 0.9408450703960325, ""recall"": 0.9201101928121181}","{""accuracy"": -0.0011467889908257105, ""binary_crossentropy"": -0.007197205859064519, ""binary_roc_auc"": 0.0010478133789224183, ""f1"": -0.0009816424534178898, ""precision"": -0.008145257084277635, ""recall"": 0.006024096385542123}",205.8164050579071,14.472986936569214,266.6330358982086,513.65234375,170,ok,,upstream-0.0.12,{}
3903,pc3,openml_task,amlb,classification,tabularaml,4,4500,1250,313,37,,,,,,,,,,,,638.1003592014313,,,crash,ValueError: Input X contains infinity or a value too large for dtype('float64').,0.2.0,
3918,pc1,openml_task,amlb,classification,tabularaml,0,4500,887,222,21,33,12,0.1608852692921688,binary_crossentropy,False,0.1584501000591092,-0.015368682204373213,"{""accuracy"": 0.9324324323904309, ""binary_crossentropy"": 0.1608852692921688, ""binary_roc_auc"": 0.9157809983896941, ""f1"": 0.21052631224376733, ""precision"": 0.49999999875, ""recall"": 0.13333333324444444}","{""accuracy"": -0.009569377990430668, ""binary_crossentropy"": -0.015368682204373034, ""binary_roc_auc"": -0.008542538354253778, ""f1"": -0.44736842391274234, ""precision"": -0.250000000625, ""recall"": -0.5}",641.0891890525818,0.025328874588012695,643.2117171287537,264.7734375,45,ok,,0.2.0,"{""mode"": ""best"", ""elapsed_time"": 603.2315304279327, ""n_init_feats"": 21, ""n_added_feats"": 12, ""initial_metric"": null, ""final_metric"": 0.3441974308791079, ""pct_gain"": 0.12469255372427106}"
9977,nomao,openml_task,amlb,classification,featuretools,1,4500,,,,,,,,,,,,,,,857.5975739955902,,,crash,"k/type_sys/utils.py:33: UserWarning: Could not infer format, so each element will be parsed individually, falling back to `dateutil`. To ensure parsing is consistent and as-expected, please specify a format.
  pd.to_datetime(
/home/ionutionut045/venv/lib/python3.11/site-packages/woodwork/type_sys/utils.py:33: UserWarning: Could not infer format, so each element will be parsed individually, falling back to `dateutil`. To ensure parsing is consistent and as-expected, please specify a format.
  pd.to_datetime(
/home/ionutionut045/venv/lib/python3.11/site-packages/woodwork/type_sys/utils.py:33: UserWarning: Could not infer format, so each element will be parsed individually, falling back to `dateutil`. To ensure parsing is consistent and as-expected, please specify a format.
  pd.to_datetime(
",,
spambase,spambase,pmlb,pmlb,classification,featuretools,4,4500,3680,921,57,15823,15766,0.15311241056517283,binary_crossentropy,False,0.1504146624055279,-0.017935406804767663,"{""accuracy"": 0.9424538544957388, ""binary_crossentropy"": 0.15311241056517283, ""binary_roc_auc"": 0.9852335673450043, ""f1"": 0.9262865040150418, ""precision"": 0.9353932584006912, ""recall"": 0.9173553718755549}","{""accuracy"": -0.004587155963302725, ""binary_crossentropy"": -0.017935406804767663, ""binary_roc_auc"": 0.0005013461143169929, ""f1"": -0.005358010653658942, ""precision"": -0.013892649248205246, ""recall"": 0.0030120481927710615}",30.99237370491028,42.62913489341736,328.10861134529114,1389.28515625,134,ok,,upstream-1.x,{}
kr_vs_kp,kr-vs-kp,pmlb,pmlb,classification,openfe,0,4500,2556,640,36,1878,1842,0.07710027844441356,binary_crossentropy,False,0.0131697311706961,-4.8543547658716815,"{""accuracy"": 0.9718749999848144, ""binary_crossentropy"": 0.07710027844441356, ""binary_roc_auc"": 0.9981703260146374, ""f1"": 0.9723076872816095, ""precision"": 0.9999999999683544, ""recall"": 0.9461077844028111}","{""accuracy"": -0.025078369905956185, ""binary_crossentropy"": -4.854354765871658, ""binary_roc_auc"": -0.0018101407017475902, ""f1"": -0.02476367018598534, ""precision"": -1.5251133689735147e-12, ""recall"": -0.04819277108433736}",219.4262125492096,26.18144178390503,256.25713324546814,521.125,90,ok,,upstream-0.0.12,{}
kr_vs_kp,kr-vs-kp,pmlb,pmlb,classification,featuretools,0,4500,2556,640,36,4767,4731,0.0045831235787005655,binary_crossentropy,False,0.0131697311706961,0.6519956619237264,"{""accuracy"": 0.9984374999843995, ""binary_crossentropy"": 0.0045831235787005655, ""binary_roc_auc"": 1.0, ""f1"": 0.9985007445952585, ""precision"": 0.9999999999699699, ""recall"": 0.9970059879941016}","{""accuracy"": 0.0015673981191222685, ""binary_crossentropy"": 0.6519956619237277, ""binary_roc_auc"": 1.9569088667462897e-05, ""f1"": 0.0015082820111515262, ""precision"": 9.037215420720979e-14, ""recall"": 0.003012048192771099}",12.700159311294556,17.000652074813843,93.4275414943695,686.32421875,604,ok,,upstream-1.x,{}
kr_vs_kp,kr-vs-kp,pmlb,pmlb,classification,autofeat,1,4500,2556,640,36,,,,,,,,,,,,9.817143201828003,,,autofeat_internal_nan,"_AutofeatInternalNaNError: Input X contains NaN.
LogisticRegressionCV does not accept missing values encoded as NaN natively. For supervised learning, you might want to consider sklearn.ensemble.HistGradientBoostingClassifier and Regressor which accept missing values encoded as NaNs natively. Alternatively, it is possible to preprocess the data, for instance by using an imputer transformer in a pipeline or drop samples with",upstream-2.1.x,
kr_vs_kp,kr-vs-kp,pmlb,pmlb,classification,featuretools,1,4500,2556,640,36,4714,4678,0.025982971500025088,binary_crossentropy,False,0.0294845408797179,0.11875950159703873,"{""accuracy"": 0.9937499999844727, ""binary_crossentropy"": 0.025982971500025088, ""binary_roc_auc"": 0.9988258776564518, ""f1"": 0.9940476140182114, ""precision"": 0.9881656804441371, ""recall"": 0.9999999999700598}","{""accuracy"": 0.0031545741324921365, ""binary_crossentropy"": 0.1187595015970408, ""binary_roc_auc"": -0.00022525390032018962, ""f1"": 0.003003003018152722, ""precision"": 0.0030030030030030654, ""recall"": 0.0030030030030030173}",12.389584064483643,17.092830657958984,52.805400371551514,676.4609375,188,ok,,upstream-1.x,{}
spambase,spambase,pmlb,pmlb,classification,tabularaml,1,4500,3680,921,57,60,3,0.13505393874908414,binary_crossentropy,False,0.1362854538311811,0.009036291456478206,"{""accuracy"": 0.953311617796381, ""binary_crossentropy"": 0.13505393874908414, ""binary_roc_auc"": 0.9873465841207776, ""f1"": 0.9408528147815541, ""precision"": 0.9395604395346274, ""recall"": 0.942148760304624}","{""accuracy"": 0.0034285714285713785, ""binary_crossentropy"": 0.009036291456478811, ""binary_roc_auc"": -2.0000500012484394e-05, ""f1"": 0.004875348991993707, ""precision"": -0.002064503543411624, ""recall"": 0.011834319526627248}",930.6292455196381,0.01328730583190918,937.1484134197235,290.44921875,266,ok,,0.2.0,"{""mode"": ""best"", ""elapsed_time"": 928.6696848869324, ""n_init_feats"": 57, ""n_added_feats"": 3, ""initial_metric"": null, ""final_metric"": 0.15065641770008206, ""pct_gain"": 0.034521521078109435}"
kr_vs_kp,kr-vs-kp,pmlb,pmlb,classification,openfe,1,4500,2556,640,36,1821,1785,0.07633916717725242,binary_crossentropy,False,0.0294845408797179,-1.5891251788073566,"{""accuracy"": 0.9703124999848388, ""binary_crossentropy"": 0.07633916717725242, ""binary_roc_auc"": 0.998209463426089, ""f1"": 0.9720998481303947, ""precision"": 0.953890489886055, ""recall"": 0.9910179640421851}","{""accuracy"": -0.020504731861198774, ""binary_crossentropy"": -1.5891251788073504, ""binary_roc_auc"": -0.0008422537142409264, ""f1"": -0.019142490602655046, ""precision"": -0.03178683005698047, ""recall"": -0.0060060060060059236}",148.92114996910095,25.738985538482666,194.4753623008728,607.3359375,354,ok,,upstream-0.0.12,{}
adult,adult,pmlb,pmlb,classification,openfe,0,4500,39073,9769,14,1218,1204,0.30453585164134506,binary_crossentropy,False,0.283039470018101,-0.07594835314618606,"{""accuracy"": 0.8597604667817997, ""binary_crossentropy"": 0.30453585164134506, ""binary_roc_auc"": 0.9128542327076626, ""f1"": 0.91086531706023, ""precision"": 0.881723138933264, ""recall"": 0.9419997308559521}","{""accuracy"": -0.012695427295168739, ""binary_crossentropy"": -0.07594835314618585, ""binary_roc_auc"": -0.013077644042714984, ""f1"": -0.006873905370070244, ""precision"": -0.01504950631416298, ""recall"": 0.001860598253900095}",759.4760706424713,315.4851348400116,1135.4907426834106,1559.03125,84,ok,,upstream-0.0.12,{}
spambase,spambase,pmlb,pmlb,classification,tabularaml,0,4500,3680,921,57,61,4,0.11729283564334934,binary_crossentropy,False,0.1166924022625758,-0.00514543679906839,"{""accuracy"": 0.9598262757767663, ""binary_crossentropy"": 0.11729283564334934, ""binary_roc_auc"": 0.989745944291399, ""f1"": 0.9493843998990196, ""precision"": 0.9429347825830724, ""recall"": 0.9559228649874402}","{""accuracy"": 0.0011325028312571003, ""binary_crossentropy"": -0.00514543679906839, ""binary_roc_auc"": 4.9883521976370266e-05, ""f1"": 0.0013679890631564252, ""precision"": 0.002717391304274026, ""recall"": 0.0}",1101.4644553661346,0.01103067398071289,1105.2831454277039,296.33203125,268,ok,,0.2.0,"{""mode"": ""best"", ""elapsed_time"": 1100.0154020786285, ""n_init_feats"": 57, ""n_added_feats"": 4, ""initial_metric"": null, ""final_metric"": 0.13759567159450387, ""pct_gain"": 0.07311604646846359}"
adult,adult,pmlb,pmlb,classification,openfe,4,4500,39073,9769,14,1190,1176,0.29899982645518886,binary_crossentropy,False,0.2800793394514689,-0.06755402608694892,"{""accuracy"": 0.8623195823514562, ""binary_crossentropy"": 0.29899982645518886, ""binary_roc_auc"": 0.9155593881733044, ""f1"": 0.912451990057179, ""precision"": 0.8836359051930363, ""recall"": 0.9432108733670527}","{""accuracy"": -0.008474576271186477, ""binary_crossentropy"": -0.06755402608694892, ""binary_roc_auc"": -0.010661799577125722, ""f1"": -0.004508872162576282, ""precision"": -0.010742187922460657, ""recall"": 0.002144695453245669}",753.0125570297241,300.53375935554504,1150.9486348628998,1817.1171875,86,ok,,upstream-0.0.12,{}
adult,adult,pmlb,pmlb,classification,tabularaml,0,4500,39073,9769,14,17,3,0.28089959280325927,binary_crossentropy,False,0.283039470018101,0.0075603491439016,"{""accuracy"": 0.8712253045338609, ""binary_crossentropy"": 0.28089959280325927, ""binary_roc_auc"": 0.9257303203155947, ""f1"": 0.9173998636819509, ""precision"": 0.8957558661355357, ""recall"": 0.9401157313942402}","{""accuracy"": 0.00047020101093217553, ""binary_crossentropy"": 0.007560349143901794, ""binary_roc_auc"": 0.0008431970535022396, ""f1"": 0.0002507799649163174, ""precision"": 0.0006260963499089676, ""recall"": -0.00014312294260771777}",1176.6965162754059,0.013086795806884766,1181.0735082626343,494.296875,356,ok,,0.2.0,"{""mode"": ""best"", ""elapsed_time"": 1168.7225375175476, ""n_init_feats"": 14, ""n_added_feats"": 3, ""initial_metric"": null, ""final_metric"": 0.27394197670659665, ""pct_gain"": 0.00369188815690769}"
mushroom,mushroom,pmlb,pmlb,classification,tabularaml,0,4500,6499,1625,21,46,25,0.0003557055063093475,binary_crossentropy,False,0.0005598739768605,0.36466862006344647,"{""accuracy"": 0.9999999999938463, ""binary_crossentropy"": 0.0003557055063093475, ""binary_roc_auc"": 1.0, ""f1"": 0.9999999949872285, ""precision"": 0.9999999999872285, ""recall"": 0.9999999999872285}","{""accuracy"": 0.0, ""binary_crossentropy"": 0.3646686200635225, ""binary_roc_auc"": 0.0, ""f1"": 0.0, ""precision"": 0.0, ""recall"": 0.0}",1177.700394153595,0.07321858406066895,1181.3887898921967,349.74609375,874,ok,,0.2.0,"{""mode"": ""best"", ""elapsed_time"": 1040.9822671413422, ""n_init_feats"": 21, ""n_added_feats"": 25, ""initial_metric"": null, ""final_metric"": 2.192790129023208e-05, ""pct_gain"": 0.11539897025970898}"
kr_vs_kp,kr-vs-kp,pmlb,pmlb,classification,featuretools,2,4500,2556,640,36,4768,4732,0.01301547187503047,binary_crossentropy,False,0.0218596223738307,0.40458843924897925,"{""accuracy"": 0.9953124999844483, ""binary_crossentropy"": 0.01301547187503047, ""binary_roc_auc"": 0.9999412938828226, ""f1"": 0.9955156900375145, ""precision"": 0.9940298507165961, ""recall"": 0.9970059879941016}","{""accuracy"": 0.004731861198738205, ""binary_crossentropy"": 0.4045884392489811, ""binary_roc_auc"": 6.849918290260903e-05, ""f1"": 0.004511318840554165, ""precision"": 0.006006114008182564, ""recall"": 0.003012048192771099}",11.5535306930542,13.805076360702515,55.51986479759216,678.9453125,331,ok,,upstream-1.x,{}
kr_vs_kp,kr-vs-kp,pmlb,pmlb,classification,autofeat,3,4500,2556,640,36,,,,,,,,,,,,9.512860774993896,,,autofeat_internal_nan,"_AutofeatInternalNaNError: Input X contains NaN.
LogisticRegressionCV does not accept missing values encoded as NaN natively. For supervised learning, you might want to consider sklearn.ensemble.HistGradientBoostingClassifier and Regressor which accept missing values encoded as NaNs natively. Alternatively, it is possible to preprocess the data, for instance by using an imputer transformer in a pipeline or drop samples with",upstream-2.1.x,
146819,climate-model-crashes,openml_task,amlb,classification,autofeat,2,4500,432,108,18,22,4,0.1199803685993646,binary_crossentropy,False,0.1160857923513739,-0.033549120603858416,"{""accuracy"": 0.9537037036153979, ""binary_crossentropy"": 0.1199803685993646, ""binary_roc_auc"": 0.9775533108866442, ""f1"": 0.9753694530350167, ""precision"": 0.9519230768315459, ""recall"": 0.9999999998989899}","{""accuracy"": 0.0, ""binary_crossentropy"": -0.0335491206038578, ""binary_roc_auc"": 0.005773672055427225, ""f1"": 0.0, ""precision"": 0.0, ""recall"": 0.0}",1206.1133573055267,0.019535064697265625,1210.8409354686737,458.83984375,79,ok,,upstream-2.1.x,{}
kr_vs_kp,kr-vs-kp,pmlb,pmlb,classification,tabularaml,0,4500,2556,640,36,39,3,0.01539147205733613,binary_crossentropy,False,0.0131697311706961,-0.1687005496045063,"{""accuracy"": 0.9953124999844483, ""binary_crossentropy"": 0.01539147205733613, ""binary_roc_auc"": 0.9999412938828226, ""f1"": 0.9955022438457233, ""precision"": 0.9969969969670571, ""recall"": 0.9940119760181433}","{""accuracy"": -0.0015673981191222685, ""binary_crossentropy"": -0.16870054960450168, ""binary_roc_auc"": -3.9138177335147845e-05, ""f1"": -0.001499250382320497, ""precision"": -0.003003003002912865, ""recall"": 0.0}",343.37288641929626,0.018635988235473633,346.6855249404907,351.50390625,518,ok,,0.2.0,"{""mode"": ""best"", ""elapsed_time"": 342.3945162296295, ""n_init_feats"": 36, ""n_added_feats"": 3, ""initial_metric"": null, ""final_metric"": 0.01994233179387559, ""pct_gain"": 0.24335029327980767}"
kr_vs_kp,kr-vs-kp,pmlb,pmlb,classification,openfe,2,4500,2556,640,36,1863,1827,1.008162075362634,binary_crossentropy,False,0.0218596223738307,-45.11983034846739,"{""accuracy"": 0.6531249999897949, ""binary_crossentropy"": 1.008162075362634, ""binary_roc_auc"": 0.7241595240890768, ""f1"": 0.50224214868266, ""precision"": 0.9999999999107143, ""recall"": 0.33532934130732545}","{""accuracy"": -0.34069400630914826, ""binary_crossentropy"": -45.11983034846725, ""binary_roc_auc"": -0.2757483535732109, ""f1"": -0.4932195160766166, ""precision"": 0.01204819271084346, ""recall"": -0.6626506024096386}",195.40671563148499,28.790706634521484,234.81342387199402,530.60546875,49,ok,,upstream-0.0.12,{}
kr_vs_kp,kr-vs-kp,pmlb,pmlb,classification,featuretools,4,4500,2556,640,36,4775,4739,0.008094722221326834,binary_crossentropy,False,0.0206054974971788,0.6071571568492766,"{""accuracy"": 0.9984374999843995, ""binary_crossentropy"": 0.008094722221326834, ""binary_roc_auc"": 1.0, ""f1"": 0.9985007445952585, ""precision"": 0.9999999999699699, ""recall"": 0.9970059879941016}","{""accuracy"": 0.006299212598425243, ""binary_crossentropy"": 0.6071571568492778, ""binary_roc_auc"": 1.9569088667462897e-05, ""f1"": 0.006088141370241452, ""precision"": 3.6504133050784697e-13, ""recall"": 0.012158054711246145}",13.876044988632202,20.22528910636902,84.62782382965088,686.12890625,757,ok,,upstream-1.x,{}
kr_vs_kp,kr-vs-kp,pmlb,pmlb,classification,featuretools,3,4500,2556,640,36,4738,4702,0.02705089371407752,binary_crossentropy,False,0.0317603538229944,0.14828109709241483,"{""accuracy"": 0.9906249999845215, ""binary_crossentropy"": 0.02705089371407752, ""binary_roc_auc"": 0.9996184102383467, ""f1"": 0.9910447710898641, ""precision"": 0.9880952380658304, ""recall"": 0.9940119760181433}","{""accuracy"": 0.0015797788309636766, ""binary_crossentropy"": 0.14828109709241669, ""binary_roc_auc"": 0.0002006960727204601, ""f1"": 0.001524101554426834, ""precision"": 3.5966048139412914e-05, ""recall"": 0.0030211480362536784}",15.004807472229004,16.780707359313965,137.10142016410828,685.97265625,1994,ok,,upstream-1.x,{}
167141,churn,openml_task,amlb,classification,tabularaml,1,4500,4000,1000,20,29,9,0.1593890991313383,binary_crossentropy,False,0.1557457100716419,-0.023393190464254063,"{""accuracy"": 0.95299999999047, ""binary_crossentropy"": 0.1593890991313383, ""binary_roc_auc"": 0.9253048654628919, ""f1"": 0.8171206175518176, ""precision"": 0.9051724137150714, ""recall"": 0.7446808510110156}","{""accuracy"": -0.0031380753138074433, ""binary_crossentropy"": -0.0233931904642537, ""binary_roc_auc"": -0.003388082132090614, ""f1"": -0.014873268203139856, ""precision"": -0.010232033516681517, ""recall"": -0.018691588785046627}",1338.5565552711487,0.02761554718017578,1343.9478600025177,277.06640625,91,ok,,0.2.0,"{""mode"": ""best"", ""elapsed_time"": 1336.7844579219818, ""n_init_feats"": 20, ""n_added_feats"": 9, ""initial_metric"": null, ""final_metric"": 0.1757178849132219, ""pct_gain"": 0.05245670062753329}"
kr_vs_kp,kr-vs-kp,pmlb,pmlb,classification,openfe,3,4500,2556,640,36,1906,1870,0.5745167802320793,binary_crossentropy,False,0.0317603538229944,-17.089117754605457,"{""accuracy"": 0.671874999989502, ""binary_crossentropy"": 0.5745167802320793, ""binary_roc_auc"": 0.9142695002152558, ""f1"": 0.541484712184741, ""precision"": 0.9999999999193548, ""recall"": 0.3712574850188246}","{""accuracy"": -0.320695102685624, ""binary_crossentropy"": -17.089117754605418, ""binary_roc_auc"": -0.08519793038293785, ""f1"": -0.45278961587184885, ""precision"": 0.012084592093606853, ""recall"": -0.6253776435045317}",205.29836416244507,28.243882179260254,242.74942231178284,607.23828125,15,ok,,upstream-0.0.12,{}
3903,pc3,openml_task,amlb,classification,tabularaml,3,4500,1250,313,37,,,,,,,,,,,,50.02673935890198,,,crash,ValueError: Input X contains infinity or a value too large for dtype('float64').,0.2.0,
9977,nomao,openml_task,amlb,classification,featuretools,3,4500,,,,,,,,,,,,,,,95.98309826850891,,,crash,":33: UserWarning: Could not infer format, so each element will be parsed individually, falling back to `dateutil`. To ensure parsing is consistent and as-expected, please specify a format.
  pd.to_datetime(
/home/ionutionut045/venv/lib/python3.11/site-packages/featuretools/synthesis/dfs.py:321: UnusedPrimitiveWarning: Some specified primitives were not used during DFS:
  groupby_trans_primitives: ['cum_count', 'cum_max', 'cum_mean', 'cum_min', 'cum_sum']
This may be caused by a using a value of max_depth that is too small, not setting interesting values, or it may indicate no compatible columns for the primitive were found in the data. If the DFS call contained multiple instances of a primitive in the list above, none of them were used.
  warnings.warn(warning_msg, UnusedPrimitiveWarning)
",,
9977,nomao,openml_task,amlb,classification,featuretools,2,4500,,,,,,,,,,,,,,,120.15146708488464,,,crash,":33: UserWarning: Could not infer format, so each element will be parsed individually, falling back to `dateutil`. To ensure parsing is consistent and as-expected, please specify a format.
  pd.to_datetime(
/home/ionutionut045/venv/lib/python3.11/site-packages/featuretools/synthesis/dfs.py:321: UnusedPrimitiveWarning: Some specified primitives were not used during DFS:
  groupby_trans_primitives: ['cum_count', 'cum_max', 'cum_mean', 'cum_min', 'cum_sum']
This may be caused by a using a value of max_depth that is too small, not setting interesting values, or it may indicate no compatible columns for the primitive were found in the data. If the DFS call contained multiple instances of a primitive in the list above, none of them were used.
  warnings.warn(warning_msg, UnusedPrimitiveWarning)
",,
9977,nomao,openml_task,amlb,classification,featuretools,4,4500,,,,,,,,,,,,,,,220.7985508441925,,,crash,":33: UserWarning: Could not infer format, so each element will be parsed individually, falling back to `dateutil`. To ensure parsing is consistent and as-expected, please specify a format.
  pd.to_datetime(
/home/ionutionut045/venv/lib/python3.11/site-packages/featuretools/synthesis/dfs.py:321: UnusedPrimitiveWarning: Some specified primitives were not used during DFS:
  groupby_trans_primitives: ['cum_count', 'cum_max', 'cum_mean', 'cum_min', 'cum_sum']
This may be caused by a using a value of max_depth that is too small, not setting interesting values, or it may indicate no compatible columns for the primitive were found in the data. If the DFS call contained multiple instances of a primitive in the list above, none of them were used.
  warnings.warn(warning_msg, UnusedPrimitiveWarning)
",,
9977,nomao,openml_task,amlb,classification,autofeat,1,4500,,,,,,,,,,,,,,,262.58450174331665,,,crash,"ionutionut045/.netrc.
wandb: Currently logged in as: ionutb to https://api.wandb.ai. Use `wandb login --relogin` to force relogin
wandb: Using an existing wandb-core service via WANDB_SERVICE.
wandb: WARNING Using a boolean value for 'reinit' is deprecated. Use 'return_previous' or 'finish_previous' instead.
wandb: setting up run 50xxvrgy
wandb: Tracking run with wandb version 0.26.0
wandb: Run data is saved locally in /home/ionutionut045/tabularaml-refactored/wandb/run-20260430_061602-50xxvrgy
wandb: Run `wandb offline` to turn off syncing.
wandb: Syncing run autofeat_classification_nomao_seed1
wandb: ⭐️ View project at https://wandb.ai/ionutb/tabularaml-targeted-benchmark-binary-all-1h
wandb: 🚀 View run at https://wandb.ai/ionutb/tabularaml-targeted-benchmark-binary-all-1h/runs/50xxvrgy
",,
9977,nomao,openml_task,amlb,classification,autofeat,3,4500,,,,,,,,,,,,,,,291.9234321117401,,,crash,"ionutionut045/.netrc.
wandb: Currently logged in as: ionutb to https://api.wandb.ai. Use `wandb login --relogin` to force relogin
wandb: Using an existing wandb-core service via WANDB_SERVICE.
wandb: WARNING Using a boolean value for 'reinit' is deprecated. Use 'return_previous' or 'finish_previous' instead.
wandb: setting up run 6b818uq8
wandb: Tracking run with wandb version 0.26.0
wandb: Run data is saved locally in /home/ionutionut045/tabularaml-refactored/wandb/run-20260430_061602-6b818uq8
wandb: Run `wandb offline` to turn off syncing.
wandb: Syncing run autofeat_classification_nomao_seed3
wandb: ⭐️ View project at https://wandb.ai/ionutb/tabularaml-targeted-benchmark-binary-all-1h
wandb: 🚀 View run at https://wandb.ai/ionutb/tabularaml-targeted-benchmark-binary-all-1h/runs/6b818uq8
",,
9977,nomao,openml_task,amlb,classification,autofeat,2,4500,,,,,,,,,,,,,,,307.4286835193634,,,crash,"ionutionut045/.netrc.
wandb: Currently logged in as: ionutb to https://api.wandb.ai. Use `wandb login --relogin` to force relogin
wandb: Using an existing wandb-core service via WANDB_SERVICE.
wandb: WARNING Using a boolean value for 'reinit' is deprecated. Use 'return_previous' or 'finish_previous' instead.
wandb: setting up run o1c10t3i
wandb: Tracking run with wandb version 0.26.0
wandb: Run data is saved locally in /home/ionutionut045/tabularaml-refactored/wandb/run-20260430_061602-o1c10t3i
wandb: Run `wandb offline` to turn off syncing.
wandb: Syncing run autofeat_classification_nomao_seed2
wandb: ⭐️ View project at https://wandb.ai/ionutb/tabularaml-targeted-benchmark-binary-all-1h
wandb: 🚀 View run at https://wandb.ai/ionutb/tabularaml-targeted-benchmark-binary-all-1h/runs/o1c10t3i
",,
kr_vs_kp,kr-vs-kp,pmlb,pmlb,classification,openfe,4,4500,2556,640,36,1952,1916,0.5105281686875969,binary_crossentropy,False,0.0206054974971788,-23.776308786404982,"{""accuracy"": 0.709374999988916, ""binary_crossentropy"": 0.5105281686875969, ""binary_roc_auc"": 0.9962232397949199, ""f1"": 0.6141078795365094, ""precision"": 0.9999999999324324, ""recall"": 0.44311377244182293}","{""accuracy"": -0.2850393700787402, ""binary_crossentropy"": -23.776308786404904, ""binary_roc_auc"": -0.003757265024167976, ""f1"": -0.38122564407886295, ""precision"": -3.7172487311629355e-11, ""recall"": -0.5501519756838906}",237.1660282611847,30.24429225921631,277.89918851852417,449.62890625,16,ok,,upstream-0.0.12,{}
kr_vs_kp,kr-vs-kp,pmlb,pmlb,classification,tabularaml,1,4500,2556,640,36,44,8,0.028196912891567293,binary_crossentropy,False,0.0294845408797179,0.04367129179333267,"{""accuracy"": 0.9921874999844971, ""binary_crossentropy"": 0.028196912891567293, ""binary_roc_auc"": 0.999099839536613, ""f1"": 0.9925705744655785, ""precision"": 0.9852507374340633, ""recall"": 0.9999999999700598}","{""accuracy"": 0.0015772870662460682, ""binary_crossentropy"": 0.043671291793334927, ""binary_roc_auc"": 4.8968239200026725e-05, ""f1"": 0.0015126567953205397, ""precision"": 4.4292079777580425e-05, ""recall"": 0.0030030030030030173}",505.0034830570221,0.016485929489135742,509.0982780456543,253.9375,769,ok,,0.2.0,"{""mode"": ""best"", ""elapsed_time"": 504.1704213619232, ""n_init_feats"": 36, ""n_added_feats"": 8, ""initial_metric"": null, ""final_metric"": 0.012321264092058254, ""pct_gain"": 0.6123488810350822}"
9977,nomao,openml_task,amlb,classification,autofeat,0,4500,,,,,,,,,,,,,,,695.4638991355896,,,crash,"ttps://api.wandb.ai from /home/ionutionut045/.netrc.
wandb: Currently logged in as: ionutb to https://api.wandb.ai. Use `wandb login --relogin` to force relogin
wandb: Using an existing wandb-core service via WANDB_SERVICE.
wandb: WARNING Using a boolean value for 'reinit' is deprecated. Use 'return_previous' or 'finish_previous' instead.
wandb: Tracking run with wandb version 0.26.0
wandb: Run data is saved locally in /home/ionutionut045/tabularaml-refactored/wandb/run-20260430_061603-a0yxeqa8
wandb: Run `wandb offline` to turn off syncing.
wandb: Syncing run autofeat_classification_nomao_seed0
wandb: ⭐️ View project at https://wandb.ai/ionutb/tabularaml-targeted-benchmark-binary-all-1h
wandb: 🚀 View run at https://wandb.ai/ionutb/tabularaml-targeted-benchmark-binary-all-1h/runs/a0yxeqa8
",,
9977,nomao,openml_task,amlb,classification,featuretools,0,4500,,,,,,,,,,,,,,,759.1839060783386,,,crash,"k/type_sys/utils.py:33: UserWarning: Could not infer format, so each element will be parsed individually, falling back to `dateutil`. To ensure parsing is consistent and as-expected, please specify a format.
  pd.to_datetime(
/home/ionutionut045/venv/lib/python3.11/site-packages/woodwork/type_sys/utils.py:33: UserWarning: Could not infer format, so each element will be parsed individually, falling back to `dateutil`. To ensure parsing is consistent and as-expected, please specify a format.
  pd.to_datetime(
/home/ionutionut045/venv/lib/python3.11/site-packages/woodwork/type_sys/utils.py:33: UserWarning: Could not infer format, so each element will be parsed individually, falling back to `dateutil`. To ensure parsing is consistent and as-expected, please specify a format.
  pd.to_datetime(
",,
kr_vs_kp,kr-vs-kp,pmlb,pmlb,classification,tabularaml,3,4500,2556,640,36,42,6,0.030053532228634428,binary_crossentropy,False,0.0317603538229944,0.05374063538058691,"{""accuracy"": 0.9906249999845215, ""binary_crossentropy"": 0.030053532228634428, ""binary_roc_auc"": 0.9994912136511291, ""f1"": 0.9910447710898641, ""precision"": 0.9880952380658304, ""recall"": 0.9940119760181433}","{""accuracy"": 0.0015797788309636766, ""binary_crossentropy"": 0.05374063538058898, ""binary_roc_auc"": 7.342539245879162e-05, ""f1"": 0.001524101554426834, ""precision"": 3.5966048139412914e-05, ""recall"": 0.0030211480362536784}",503.62070322036743,0.016194820404052734,514.7089965343475,259.8828125,1030,ok,,0.2.0,"{""mode"": ""best"", ""elapsed_time"": 502.7892863750458, ""n_init_feats"": 36, ""n_added_feats"": 6, ""initial_metric"": null, ""final_metric"": 0.022526531249298327, ""pct_gain"": 0.11745669614842064}"
3902,pc4,openml_task,amlb,classification,tabularaml,4,4500,1166,292,37,48,11,0.1560865981665389,binary_crossentropy,False,0.1652410597132187,0.055400646561863526,"{""accuracy"": 0.9246575342149089, ""binary_crossentropy"": 0.1560865981665389, ""binary_roc_auc"": 0.9678819444444444, ""f1"": 0.6333333283222223, ""precision"": 0.7916666663368055, ""recall"": 0.5277777776311728}","{""accuracy"": 0.007462686567164182, ""binary_crossentropy"": 0.055400646561863685, ""binary_roc_auc"": 0.003487456406794928, ""f1"": 0.05555555600000017, ""precision"": 0.055555555555555504, ""recall"": 0.05555555555555558}",771.7013819217682,0.023047208786010742,787.538370847702,251.8671875,81,ok,,0.2.0,"{""mode"": ""best"", ""elapsed_time"": 660.9249074459076, ""n_init_feats"": 37, ""n_added_feats"": 11, ""initial_metric"": null, ""final_metric"": 0.23039090372538418, ""pct_gain"": 0.11514969566805651}"
chess,chess,pmlb,pmlb,classification,featuretools,0,4500,2556,640,36,4781,4745,0.013193622930791094,binary_crossentropy,False,0.0228201986550075,0.4218445189610135,"{""accuracy"": 0.9968749999844239, ""binary_crossentropy"": 0.013193622930791094, ""binary_roc_auc"": 0.9998923721185081, ""f1"": 0.9970149203434172, ""precision"": 0.9940476190180343, ""recall"": 0.9999999999700598}","{""accuracy"": 0.003144654088050337, ""binary_crossentropy"": 0.4218445189610153, ""binary_roc_auc"": 0.000205535763222816, ""f1"": 0.0030030030181080504, ""precision"": 0.0030030030030029735, ""recall"": 0.0030030030030030173}",12.261831521987915,16.654419660568237,93.7635407447815,687.453125,755,ok,,upstream-1.x,{}
chess,chess,pmlb,pmlb,classification,autofeat,1,4500,2556,640,36,,,,,,,,,,,,14.529080867767334,,,autofeat_internal_nan,"_AutofeatInternalNaNError: Input X contains NaN.
LogisticRegressionCV does not accept missing values encoded as NaN natively. For supervised learning, you might want to consider sklearn.ensemble.HistGradientBoostingClassifier and Regressor which accept missing values encoded as NaNs natively. Alternatively, it is possible to preprocess the data, for instance by using an imputer transformer in a pipeline or drop samples with",upstream-2.1.x,
chess,chess,pmlb,pmlb,classification,openfe,0,4500,2556,640,36,1944,1908,0.060260167834348975,binary_crossentropy,False,0.0228201986550075,-1.640650449426562,"{""accuracy"": 0.9874999999845703, ""binary_crossentropy"": 0.060260167834348975, ""binary_roc_auc"": 0.9995401354154437, ""f1"": 0.9879879829583638, ""precision"": 0.9909638553918384, ""recall"": 0.9850299400902686}","{""accuracy"": -0.006289308176100674, ""binary_crossentropy"": -1.6406504494265535, ""binary_roc_auc"": -0.00014681125944477336, ""f1"": -0.006078150253045013, ""precision"": -0.00010854227757557517, ""recall"": -0.012012012012011958}",261.58525800704956,30.91288733482361,326.1464855670929,537.83203125,74,ok,,upstream-0.0.12,{}
chess,chess,pmlb,pmlb,classification,featuretools,1,4500,2556,640,36,4727,4691,0.017514280219262445,binary_crossentropy,False,0.0266165907813848,0.34197882955349634,"{""accuracy"": 0.9937499999844727, ""binary_crossentropy"": 0.017514280219262445, ""binary_roc_auc"": 0.9997162537669759, ""f1"": 0.9940298457166407, ""precision"": 0.9910714285419324, ""recall"": 0.9970059879941016}","{""accuracy"": 0.0031545741324921365, ""binary_crossentropy"": 0.3419788295534965, ""binary_roc_auc"": 0.00012724887923112988, ""f1"": 0.0030391847564158934, ""precision"": 5.394907225417996e-05, ""recall"": 0.00604229607250747}",12.389533042907715,16.571033716201782,72.43721342086792,684.8828125,467,ok,,upstream-1.x,{}
mushroom,mushroom,pmlb,pmlb,classification,tabularaml,3,4500,6499,1625,21,33,12,0.00042762451934854305,binary_crossentropy,False,0.0006487982049461,0.3408974992708732,"{""accuracy"": 0.9999999999938463, ""binary_crossentropy"": 0.00042762451934854305, ""binary_roc_auc"": 1.0, ""f1"": 0.9999999949872285, ""precision"": 0.9999999999872285, ""recall"": 0.9999999999872285}","{""accuracy"": 0.0, ""binary_crossentropy"": 0.3408974992708993, ""binary_roc_auc"": 0.0, ""f1"": 0.0, ""precision"": 0.0, ""recall"": 0.0}",968.2332832813263,0.03132224082946777,979.3482432365417,333.87109375,1165,ok,,0.2.0,"{""mode"": ""best"", ""elapsed_time"": 768.3794832229614, ""n_init_feats"": 21, ""n_added_feats"": 12, ""initial_metric"": null, ""final_metric"": 0.004353303953808783, ""pct_gain"": -0.2770102797358922}"
chess,chess,pmlb,pmlb,classification,openfe,1,4500,2556,640,36,1764,1728,0.04223041558780096,binary_crossentropy,False,0.0266165907813848,-0.5866200121067425,"{""accuracy"": 0.9828124999846436, ""binary_crossentropy"": 0.04223041558780096, ""binary_roc_auc"": 0.999510782356855, ""f1"": 0.9833080374597093, ""precision"": 0.9969230768924023, ""recall"": 0.9700598802104772}","{""accuracy"": -0.00788643533123023, ""binary_crossentropy"": -0.5866200121067421, ""binary_roc_auc"": -7.830700260361845e-05, ""f1"": -0.0077798000653061545, ""precision"": 0.005958633510669494, ""recall"": -0.021148036253776533}",165.4279489517212,21.691906690597534,199.28082704544067,597.15625,193,ok,,upstream-0.0.12,{}
kr_vs_kp,kr-vs-kp,pmlb,pmlb,classification,tabularaml,4,4500,2556,640,36,46,10,0.0170777445817885,binary_crossentropy,False,0.0206054974971788,0.17120445239787582,"{""accuracy"": 0.9937499999844727, ""binary_crossentropy"": 0.0170777445817885, ""binary_roc_auc"": 0.9999706469414114, ""f1"": 0.9939758985847003, ""precision"": 0.9999999999696969, ""recall"": 0.9880239520662268}","{""accuracy"": 0.0015748031496063107, ""binary_crossentropy"": 0.17120445239787832, ""binary_roc_auc"": -9.784544333786961e-06, ""f1"": 0.001528912008229901, ""precision"": 9.203748874422297e-14, ""recall"": 0.0030395136778115645}",452.8707826137543,0.027007102966308594,459.36627554893494,265.71875,876,ok,,0.2.0,"{""mode"": ""best"", ""elapsed_time"": 404.03563499450684, ""n_init_feats"": 36, ""n_added_feats"": 10, ""initial_metric"": null, ""final_metric"": 0.01754959614724126, ""pct_gain"": 0.11219838760606873}"
spambase,spambase,pmlb,pmlb,classification,tabularaml,2,4500,3680,921,57,67,10,0.12814424630068752,binary_crossentropy,False,0.1270383647289758,-0.008705099235738758,"{""accuracy"": 0.9500542888061884, ""binary_crossentropy"": 0.12814424630068752, ""binary_roc_auc"": 0.9889609684331092, ""f1"": 0.935754184918971, ""precision"": 0.9490084985566853, ""recall"": 0.9228650137486814}","{""accuracy"": 0.0, ""binary_crossentropy"": -0.008705099235738315, ""binary_roc_auc"": -0.0002894558230526551, ""f1"": 0.0, ""precision"": 0.0, ""recall"": 0.0}",1051.2542860507965,0.024350404739379883,1055.0449433326721,284.66015625,370,ok,,0.2.0,"{""mode"": ""best"", ""elapsed_time"": 927.3973851203918, ""n_init_feats"": 57, ""n_added_feats"": 10, ""initial_metric"": null, ""final_metric"": 0.14861373277284573, ""pct_gain"": 0.042068840986173035}"
chess,chess,pmlb,pmlb,classification,featuretools,2,4500,2556,640,36,4778,4742,0.012507973732671119,binary_crossentropy,False,0.0310097835827544,0.5966442752078016,"{""accuracy"": 0.9968749999844239, ""binary_crossentropy"": 0.012507973732671119, ""binary_roc_auc"": 0.9999608625885484, ""f1"": 0.9970059829941016, ""precision"": 0.9970059879941016, ""recall"": 0.9970059879941016}","{""accuracy"": 0.011093502377179163, ""binary_crossentropy"": 0.5966442752078025, ""binary_roc_auc"": 0.0001565802865419677, ""f1"": 0.010768340673705386, ""precision"": 6.428860135359055e-05, ""recall"": 0.0214723926380368}",15.826815843582153,20.53646159172058,149.36053729057312,689.5234375,1341,ok,,upstream-1.x,{}
chess,chess,pmlb,pmlb,classification,autofeat,3,4500,2556,640,36,,,,,,,,,,,,9.140364646911621,,,autofeat_internal_nan,"_AutofeatInternalNaNError: Input X contains NaN.
LogisticRegressionCV does not accept missing values encoded as NaN natively. For supervised learning, you might want to consider sklearn.ensemble.HistGradientBoostingClassifier and Regressor which accept missing values encoded as NaNs natively. Alternatively, it is possible to preprocess the data, for instance by using an imputer transformer in a pipeline or drop samples with",upstream-2.1.x,
spambase,spambase,pmlb,pmlb,classification,tabularaml,4,4500,3680,921,57,66,9,0.14735563453844314,binary_crossentropy,False,0.1504146624055279,0.020337298360165283,"{""accuracy"": 0.9478827361460599, ""binary_crossentropy"": 0.14735563453844314, ""binary_roc_auc"": 0.9858580921630775, ""f1"": 0.9329608888296637, ""precision"": 0.9461756373669639, ""recall"": 0.9201101928121181}","{""accuracy"": 0.0011467889908257105, ""binary_crossentropy"": 0.020337298360165283, ""binary_roc_auc"": 0.0011355489489278977, ""f1"": 0.0018089116332393848, ""precision"": -0.002525683470183401, ""recall"": 0.006024096385542123}",1155.7993285655975,0.017825841903686523,1159.2995915412903,300.84765625,251,ok,,0.2.0,"{""mode"": ""best"", ""elapsed_time"": 988.0721392631531, ""n_init_feats"": 57, ""n_added_feats"": 9, ""initial_metric"": null, ""final_metric"": 0.14541887079884425, ""pct_gain"": -0.018947167035032422}"
chess,chess,pmlb,pmlb,classification,openfe,2,4500,2556,640,36,1964,1928,0.10700857087649637,binary_crossentropy,False,0.0310097835827544,-2.4508003124538895,"{""accuracy"": 0.9656249999849121, ""binary_crossentropy"": 0.10700857087649637, ""binary_roc_auc"": 0.9991878987123791, ""f1"": 0.965944267421714, ""precision"": 0.9999999999679486, ""recall"": 0.9341317364989781}","{""accuracy"": -0.02060221870047536, ""binary_crossentropy"": -2.4508003124538806, ""binary_roc_auc"": -0.0006165348782588729, ""f1"": -0.020722141071745206, ""precision"": 0.0030674846611018556, ""recall"": -0.0429447852760736}",223.42967128753662,28.694799423217773,264.112934589386,625.37109375,109,ok,,upstream-0.0.12,{}
chess,chess,pmlb,pmlb,classification,featuretools,3,4500,2556,640,36,4741,4705,0.02380398402899573,binary_crossentropy,False,0.0266975986727825,0.10838482813575041,"{""accuracy"": 0.9921874999844971, ""binary_crossentropy"": 0.02380398402899573, ""binary_roc_auc"": 0.9996917928848186, ""f1"": 0.9925705744655785, ""precision"": 0.9852507374340633, ""recall"": 0.9999999999700598}","{""accuracy"": -0.0015723270440251686, ""binary_crossentropy"": 0.10838482813575111, ""binary_roc_auc"": -4.893445230111452e-05, ""f1"": -0.001485884108370122, ""precision"": -0.0029498525072876843, ""recall"": 0.0}",13.100815773010254,17.920389890670776,56.717448234558105,684.65234375,290,ok,,upstream-1.x,{}
167120,numerai28.6,openml_task,amlb,classification,tabularaml,4,4500,77056,19264,21,24,3,0.6920478856732506,binary_crossentropy,False,0.6925143302306904,0.0006735522097924599,"{""accuracy"": 0.5194144518269729, ""binary_crossentropy"": 0.6920478856732506, ""binary_roc_auc"": 0.5242473100753573, ""f1"": 0.5743839597476939, ""precision"": 0.519717138102729, ""recall"": 0.6419030004103555}","{""accuracy"": 0.0005999999999999611, ""binary_crossentropy"": 0.0006735522097924599, ""binary_roc_auc"": 0.003393621547995303, ""f1"": 0.025400497336898593, ""precision"": -0.001797732715864211, ""recall"": 0.058993049669435464}",1223.0940709114075,0.016733407974243164,1230.8209071159363,646.22265625,24,ok,,0.2.0,"{""mode"": ""best"", ""elapsed_time"": 1210.855866909027, ""n_init_feats"": 21, ""n_added_feats"": 3, ""initial_metric"": null, ""final_metric"": 0.6949451324113551, ""pct_gain"": -0.0007588911152033698}"
kr_vs_kp,kr-vs-kp,pmlb,pmlb,classification,tabularaml,2,4500,2556,640,36,54,18,0.01943224948515505,binary_crossentropy,False,0.0218596223738307,0.11104367894212053,"{""accuracy"": 0.9921874999844971, ""binary_crossentropy"": 0.01943224948515505, ""binary_roc_auc"": 0.9999315095299597, ""f1"": 0.9925705744655785, ""precision"": 0.9852507374340633, ""recall"": 0.9999999999700598}","{""accuracy"": 0.0015772870662460682, ""binary_crossentropy"": 0.1110436789421232, ""binary_roc_auc"": 5.871358534507758e-05, ""f1"": 0.0015395907634288323, ""precision"": -0.00287877172380179, ""recall"": 0.006024096385542198}",1071.2123363018036,0.04173851013183594,1076.1009883880615,287.09375,1000,ok,,0.2.0,"{""mode"": ""best"", ""elapsed_time"": 968.0201783180237, ""n_init_feats"": 36, ""n_added_feats"": 18, ""initial_metric"": null, ""final_metric"": 0.025793757508397956, ""pct_gain"": 0.08878127025654267}"
chess,chess,pmlb,pmlb,classification,featuretools,4,4500,2556,640,36,4775,4739,0.00856198677644926,binary_crossentropy,False,0.022662081547746,0.6221888638777382,"{""accuracy"": 0.9968749999844239, ""binary_crossentropy"": 0.00856198677644926, ""binary_roc_auc"": 0.9999902156471371, ""f1"": 0.9970059829941016, ""precision"": 0.9970059879941016, ""recall"": 0.9970059879941016}","{""accuracy"": 0.001569858712715867, ""binary_crossentropy"": 0.6221888638777388, ""binary_roc_auc"": 8.80677926296315e-05, ""f1"": 0.0014970059954865524, ""precision"": 0.0029940119759582226, ""recall"": 0.0}",11.594085216522217,15.880361318588257,103.63385653495789,690.85546875,983,ok,,upstream-1.x,{}
chess,chess,pmlb,pmlb,classification,openfe,3,4500,2556,640,36,1979,1943,0.563129534991458,binary_crossentropy,False,0.0266975986727825,-20.092890858590728,"{""accuracy"": 0.6734374999894776, ""binary_crossentropy"": 0.563129534991458, ""binary_roc_auc"": 0.989114907440022, ""f1"": 0.5446623053811213, ""precision"": 0.9999999999200001, ""recall"": 0.3742514969947829}","{""accuracy"": -0.3223270440251572, ""binary_crossentropy"": -20.092890858590714, ""binary_roc_auc"": -0.010628563039808093, ""f1"": -0.4520762409162195, ""precision"": 0.011976047853173763, ""recall"": -0.625748502994012}",243.18802428245544,29.123154401779175,282.2384388446808,525.3203125,11,ok,,upstream-0.0.12,{}
167120,numerai28.6,openml_task,amlb,classification,tabularaml,3,4500,77056,19264,21,23,2,0.6921263679141099,binary_crossentropy,False,0.6922210489192426,0.00013677856990999175,"{""accuracy"": 0.5133928571425906, ""binary_crossentropy"": 0.6921263679141099, ""binary_roc_auc"": 0.5256664002311896, ""f1"": 0.5701577353360374, ""precision"": 0.5148227890025547, ""recall"": 0.6388203863536387}","{""accuracy"": -0.010901090109010874, ""binary_crossentropy"": 0.00013677856990999175, ""binary_roc_auc"": -0.0012098871188833845, ""f1"": -0.0032828715203569157, ""precision"": -0.009182303528973942, ""recall"": 0.004037467700258508}",1360.8649299144745,0.02725052833557129,1366.7716121673584,652.734375,41,ok,,0.2.0,"{""mode"": ""best"", ""elapsed_time"": 1344.9755804538727, ""n_init_feats"": 21, ""n_added_feats"": 2, ""initial_metric"": null, ""final_metric"": 0.6945131653966036, ""pct_gain"": -0.00040435797817837347}"
3903,pc3,openml_task,amlb,classification,tabularaml,0,4500,1250,313,37,59,22,0.24993795247825856,binary_crossentropy,False,0.2645382280193697,0.05519155265545253,"{""accuracy"": 0.8977635782460778, ""binary_crossentropy"": 0.24993795247825856, ""binary_roc_auc"": 0.8497553380782917, ""f1"": 0.19999999670000004, ""precision"": 0.49999999937499995, ""recall"": 0.1249999999609375}","{""accuracy"": 0.0, ""binary_crossentropy"": 0.05519155265545273, ""binary_roc_auc"": 0.03305617521800837, ""f1"": -0.34285714427142855, ""precision"": -5.357143621427954e-10, ""recall"": -0.4285714285714286}",1380.4298655986786,0.04224586486816406,1384.002940416336,281.29296875,57,ok,,0.2.0,"{""mode"": ""best"", ""elapsed_time"": 1275.3402543067932, ""n_init_feats"": 37, ""n_added_feats"": 22, ""initial_metric"": null, ""final_metric"": 0.3675874055594611, ""pct_gain"": 0.17208615051283818}"
ionosphere,ionosphere,pmlb,pmlb,classification,featuretools,0,4500,280,71,33,5411,5378,0.24211262410480372,binary_crossentropy,False,0.2538662343482736,0.04629843852075797,"{""accuracy"": 0.9154929576175362, ""binary_crossentropy"": 0.24211262410480372, ""binary_roc_auc"": 0.9460869565217391, ""f1"": 0.9374999948133681, ""precision"": 0.89999999982, ""recall"": 0.978260869352552}","{""accuracy"": -0.015151515151515235, ""binary_crossentropy"": 0.04629843852075797, ""binary_roc_auc"": -0.015384615384615274, ""f1"": -0.01041666671551889, ""precision"": -0.01999999999599995, ""recall"": 0.0}",11.316508531570435,14.691203355789185,56.3314163684845,483.203125,73,ok,,upstream-1.x,{}
mushroom,mushroom,pmlb,pmlb,classification,tabularaml,4,4500,6499,1625,21,41,20,0.00042734268117615453,binary_crossentropy,False,0.0006049472579649,0.29358687794738353,"{""accuracy"": 0.9999999999938463, ""binary_crossentropy"": 0.00042734268117615453, ""binary_roc_auc"": 1.0, ""f1"": 0.9999999949872285, ""precision"": 0.9999999999872285, ""recall"": 0.9999999999872285}","{""accuracy"": 0.0, ""binary_crossentropy"": 0.29358687794746574, ""binary_roc_auc"": 0.0, ""f1"": 0.0, ""precision"": 0.0, ""recall"": 0.0}",1422.773473739624,0.0310366153717041,1426.7586269378662,395.73828125,1040,ok,,0.2.0,"{""mode"": ""best"", ""elapsed_time"": 1291.7443263530731, ""n_init_feats"": 21, ""n_added_feats"": 20, ""initial_metric"": null, ""final_metric"": 2.203943497659253e-05, ""pct_gain"": 0.13031857096764216}"
ionosphere,ionosphere,pmlb,pmlb,classification,openfe,0,4500,280,71,33,2033,2000,0.2642201479576843,binary_crossentropy,False,0.2538662343482736,-0.040784918230623655,"{""accuracy"": 0.9014084505772665, ""binary_crossentropy"": 0.2642201479576843, ""binary_roc_auc"": 0.9652173913043478, ""f1"": 0.9278350463683708, ""precision"": 0.8823529410034602, ""recall"": 0.978260869352552}","{""accuracy"": -0.03030303030303035, ""binary_crossentropy"": -0.040784918230623655, ""binary_roc_auc"": 0.004524886877828144, ""f1"": -0.020618556796731222, ""precision"": -0.03921568626682045, ""recall"": 0.0}",58.05894231796265,12.026195049285889,85.83453607559204,396.25,52,ok,,upstream-0.0.12,{}
adult,adult,pmlb,pmlb,classification,tabularaml,2,4500,39073,9769,14,19,5,0.28110822124195506,binary_crossentropy,False,0.2821965927038329,0.003856784560896874,"{""accuracy"": 0.8694851059464944, ""binary_crossentropy"": 0.28110822124195506, ""binary_roc_auc"": 0.9256423711778243, ""f1"": 0.9163001328603593, ""precision"": 0.8945142271201044, ""recall"": 0.9391737316633842}","{""accuracy"": -0.0008234325373485828, ""binary_crossentropy"": 0.003856784560896874, ""binary_roc_auc"": 0.00030528264940565234, ""f1"": -0.0005310307338828973, ""precision"": -0.0002186727078596201, ""recall"": -0.000858983536148879}",1442.0127046108246,0.024011611938476562,1447.5616455078125,512.3671875,372,ok,,0.2.0,"{""mode"": ""best"", ""elapsed_time"": 1433.9677984714508, ""n_init_feats"": 14, ""n_added_feats"": 5, ""initial_metric"": null, ""final_metric"": 0.2748858084696861, ""pct_gain"": 0.004714506323706204}"
ionosphere,ionosphere,pmlb,pmlb,classification,featuretools,1,4500,280,71,33,5411,5378,0.20660440588343731,binary_crossentropy,False,0.1862664598746972,-0.10918737609777734,"{""accuracy"": 0.9436619716980759, ""binary_crossentropy"": 0.20660440588343731, ""binary_roc_auc"": 0.9669565217391304, ""f1"": 0.9574468033091897, ""precision"": 0.9374999998046875, ""recall"": 0.978260869352552}","{""accuracy"": -0.014705882352941142, ""binary_crossentropy"": -0.10918737609777684, ""binary_roc_auc"": -0.0035842293906810517, ""f1"": -0.011332099970968498, ""precision"": -0.0013586956564199096, ""recall"": -0.021739130434782605}",11.086355686187744,9.871833801269531,55.60104155540466,482.15625,92,ok,,upstream-1.x,{}
chess,chess,pmlb,pmlb,classification,openfe,4,4500,2556,640,36,1925,1889,0.116196774359193,binary_crossentropy,False,0.022662081547746,-4.127365467924109,"{""accuracy"": 0.9687499999848632, ""binary_crossentropy"": 0.116196774359193, ""binary_roc_auc"": 0.9960471214433877, ""f1"": 0.969230764204781, ""precision"": 0.9968354430064292, ""recall"": 0.9431137724268529}","{""accuracy"": -0.026687598116169626, ""binary_crossentropy"": -4.127365467924103, ""binary_roc_auc"": -0.003855412255122705, ""f1"": -0.02640332653294791, ""precision"": 0.0028224426940605192, ""recall"": -0.05405405405405398}",203.96537566184998,28.273111581802368,271.958776473999,540.62109375,827,ok,,upstream-0.0.12,{}
kr_vs_kp,kr-vs-kp,pmlb,pmlb,classification,autofeat,0,4500,2556,640,36,79,43,0.01405460401527563,binary_crossentropy,False,0.0131697311706961,-0.06718989424388978,"{""accuracy"": 0.9984374999843995, ""binary_crossentropy"": 0.01405460401527563, ""binary_roc_auc"": 0.9999804312942743, ""f1"": 0.9985007445952585, ""precision"": 0.9999999999699699, ""recall"": 0.9970059879941016}","{""accuracy"": 0.0015673981191222685, ""binary_crossentropy"": -0.06718989424388556, ""binary_roc_auc"": 0.0, ""f1"": 0.0015082820111515262, ""precision"": 9.037215420720979e-14, ""recall"": 0.003012048192771099}",1455.4778294563293,0.12617278099060059,1461.1812629699707,477.2734375,459,ok,,upstream-2.1.x,{}
ionosphere,ionosphere,pmlb,pmlb,classification,openfe,1,4500,280,71,33,2033,2000,0.1710512732929537,binary_crossentropy,False,0.1862664598746972,0.0816850580183833,"{""accuracy"": 0.9577464787383456, ""binary_crossentropy"": 0.1710512732929537, ""binary_roc_auc"": 0.9747826086956521, ""f1"": 0.968421047432687, ""precision"": 0.9387755100124948, ""recall"": 0.9999999997826087}","{""accuracy"": 0.0, ""binary_crossentropy"": 0.08168505801838372, ""binary_roc_auc"": 0.004480286738351228, ""f1"": 0.0, ""precision"": 0.0, ""recall"": 0.0}",62.97033071517944,12.764146327972412,89.43416118621826,389.8515625,75,ok,,upstream-0.0.12,{}
ionosphere,ionosphere,pmlb,pmlb,classification,featuretools,2,4500,280,71,33,5411,5378,0.17207908827129384,binary_crossentropy,False,0.1739506136075082,0.010758946446933182,"{""accuracy"": 0.9154929576175362, ""binary_crossentropy"": 0.17207908827129384, ""binary_roc_auc"": 0.9878260869565217, ""f1"": 0.9361702075690358, ""precision"": 0.9166666664756944, ""recall"": 0.9565217389224953}","{""accuracy"": -0.015151515151515235, ""binary_crossentropy"": 0.010758946446933182, ""binary_roc_auc"": 0.00798580301685894, ""f1"": -0.010638297924503057, ""precision"": -0.020833333328993058, ""recall"": 0.0}",8.191792964935303,11.599729061126709,47.42561864852905,449.84765625,59,ok,,upstream-1.x,{}
chess,chess,pmlb,pmlb,classification,tabularaml,2,4500,2556,640,36,43,7,0.03491829434610634,binary_crossentropy,False,0.0310097835827544,-0.1260412138292251,"{""accuracy"": 0.9843749999846191, ""binary_crossentropy"": 0.03491829434610634, ""binary_roc_auc"": 0.9996966850612501, ""f1"": 0.9848484798193756, ""precision"": 0.9969325153068426, ""recall"": 0.9730538921864355}","{""accuracy"": -0.0015847860538827374, ""binary_crossentropy"": -0.1260412138292222, ""binary_roc_auc"": -0.00010764894699753339, ""f1"": -0.0015569808592204334, ""precision"": -9.409462248939273e-06, ""recall"": -0.003067484662576702}",523.924685716629,0.021061182022094727,527.9626326560974,365.5625,1485,ok,,0.2.0,"{""mode"": ""best"", ""elapsed_time"": 522.9011309146881, ""n_init_feats"": 36, ""n_added_feats"": 7, ""initial_metric"": null, ""final_metric"": 0.022927709834922594, ""pct_gain"": 0.14993457355192213}"
chess,chess,pmlb,pmlb,classification,tabularaml,1,4500,2556,640,36,42,6,0.02669595401700846,binary_crossentropy,False,0.0266165907813848,-0.0029817205469893325,"{""accuracy"": 0.9890624999845459, ""binary_crossentropy"": 0.02669595401700846, ""binary_roc_auc"": 0.9995694884740323, ""f1"": 0.989536616794046, ""precision"": 0.988059701463043, ""recall"": 0.9910179640421851}","{""accuracy"": -0.0015772870662460682, ""binary_crossentropy"": -0.002981720546989071, ""binary_roc_auc"": -1.9576750650960143e-05, ""f1"": -0.0014947683183975185, ""precision"": -0.0029850746267765806, ""recall"": 0.0}",630.4213740825653,0.014981746673583984,634.4836564064026,364.4609375,616,ok,,0.2.0,"{""mode"": ""best"", ""elapsed_time"": 629.6035804748535, ""n_init_feats"": 36, ""n_added_feats"": 6, ""initial_metric"": null, ""final_metric"": 0.02438054551813974, ""pct_gain"": 0.3071316877014035}"
ionosphere,ionosphere,pmlb,pmlb,classification,openfe,2,4500,280,71,33,2033,2000,0.12221117679711799,binary_crossentropy,False,0.1739506136075082,0.2974375067577053,"{""accuracy"": 0.9859154928188852, ""binary_crossentropy"": 0.12221117679711799, ""binary_roc_auc"": 0.9956521739130434, ""f1"": 0.9892473066157937, ""precision"": 0.9787234040470801, ""recall"": 0.9999999997826087}","{""accuracy"": 0.06060606060606058, ""binary_crossentropy"": 0.2974375067577053, ""binary_roc_auc"": 0.015971606033717764, ""f1"": 0.04545454569470362, ""precision"": 0.045454545454545525, ""recall"": 0.04545454545454545}",64.64719939231873,12.578641414642334,90.38570165634155,388.64453125,58,ok,,upstream-0.0.12,{}
ionosphere,ionosphere,pmlb,pmlb,classification,featuretools,3,4500,280,71,33,5411,5378,0.23742313898155387,binary_crossentropy,False,0.2852007751025154,0.16752281302106511,"{""accuracy"": 0.9436619716980759, ""binary_crossentropy"": 0.23742313898155387, ""binary_roc_auc"": 0.9556521739130435, ""f1"": 0.9583333281423613, ""precision"": 0.919999999816, ""recall"": 0.9999999997826087}","{""accuracy"": 0.06349206349206346, ""binary_crossentropy"": 0.16752281302106528, ""binary_roc_auc"": 0.011970534069981538, ""f1"": 0.0474806204260657, ""precision"": 0.026976744194604725, ""recall"": 0.0697674418604651}",8.454904794692993,11.61232304573059,49.52791953086853,481.71875,89,ok,,upstream-1.x,{}
3903,pc3,openml_task,amlb,classification,tabularaml,4,4500,1250,313,37,,,,,,,,,,,,44.260722637176514,,,crash,ValueError: Input X contains infinity or a value too large for dtype('float64').,0.2.0,
3903,pc3,openml_task,amlb,classification,tabularaml,3,4500,1250,313,37,,,,,,,,,,,,49.646756649017334,,,crash,ValueError: Input X contains infinity or a value too large for dtype('float64').,0.2.0,
9977,nomao,openml_task,amlb,classification,featuretools,3,4500,,,,,,,,,,,,,,,71.99023222923279,,,crash,":33: UserWarning: Could not infer format, so each element will be parsed individually, falling back to `dateutil`. To ensure parsing is consistent and as-expected, please specify a format.
  pd.to_datetime(
/home/ionutionut045/venv/lib/python3.11/site-packages/featuretools/synthesis/dfs.py:321: UnusedPrimitiveWarning: Some specified primitives were not used during DFS:
  groupby_trans_primitives: ['cum_count', 'cum_max', 'cum_mean', 'cum_min', 'cum_sum']
This may be caused by a using a value of max_depth that is too small, not setting interesting values, or it may indicate no compatible columns for the primitive were found in the data. If the DFS call contained multiple instances of a primitive in the list above, none of them were used.
  warnings.warn(warning_msg, UnusedPrimitiveWarning)
",,
9977,nomao,openml_task,amlb,classification,featuretools,4,4500,,,,,,,,,,,,,,,91.32509851455688,,,crash,":33: UserWarning: Could not infer format, so each element will be parsed individually, falling back to `dateutil`. To ensure parsing is consistent and as-expected, please specify a format.
  pd.to_datetime(
/home/ionutionut045/venv/lib/python3.11/site-packages/featuretools/synthesis/dfs.py:321: UnusedPrimitiveWarning: Some specified primitives were not used during DFS:
  groupby_trans_primitives: ['cum_count', 'cum_max', 'cum_mean', 'cum_min', 'cum_sum']
This may be caused by a using a value of max_depth that is too small, not setting interesting values, or it may indicate no compatible columns for the primitive were found in the data. If the DFS call contained multiple instances of a primitive in the list above, none of them were used.
  warnings.warn(warning_msg, UnusedPrimitiveWarning)
",,
9977,nomao,openml_task,amlb,classification,featuretools,0,4500,,,,,,,,,,,,,,,115.9133071899414,,,crash,":33: UserWarning: Could not infer format, so each element will be parsed individually, falling back to `dateutil`. To ensure parsing is consistent and as-expected, please specify a format.
  pd.to_datetime(
/home/ionutionut045/venv/lib/python3.11/site-packages/featuretools/synthesis/dfs.py:321: UnusedPrimitiveWarning: Some specified primitives were not used during DFS:
  groupby_trans_primitives: ['cum_count', 'cum_max', 'cum_mean', 'cum_min', 'cum_sum']
This may be caused by a using a value of max_depth that is too small, not setting interesting values, or it may indicate no compatible columns for the primitive were found in the data. If the DFS call contained multiple instances of a primitive in the list above, none of them were used.
  warnings.warn(warning_msg, UnusedPrimitiveWarning)
",,
9977,nomao,openml_task,amlb,classification,featuretools,1,4500,,,,,,,,,,,,,,,217.5238721370697,,,crash,":33: UserWarning: Could not infer format, so each element will be parsed individually, falling back to `dateutil`. To ensure parsing is consistent and as-expected, please specify a format.
  pd.to_datetime(
/home/ionutionut045/venv/lib/python3.11/site-packages/featuretools/synthesis/dfs.py:321: UnusedPrimitiveWarning: Some specified primitives were not used during DFS:
  groupby_trans_primitives: ['cum_count', 'cum_max', 'cum_mean', 'cum_min', 'cum_sum']
This may be caused by a using a value of max_depth that is too small, not setting interesting values, or it may indicate no compatible columns for the primitive were found in the data. If the DFS call contained multiple instances of a primitive in the list above, none of them were used.
  warnings.warn(warning_msg, UnusedPrimitiveWarning)
",,
9977,nomao,openml_task,amlb,classification,autofeat,1,4500,,,,,,,,,,,,,,,236.85382533073425,,,crash,"ttps://api.wandb.ai from /home/ionutionut045/.netrc.
wandb: Currently logged in as: ionutb to https://api.wandb.ai. Use `wandb login --relogin` to force relogin
wandb: Using an existing wandb-core service via WANDB_SERVICE.
wandb: WARNING Using a boolean value for 'reinit' is deprecated. Use 'return_previous' or 'finish_previous' instead.
wandb: Tracking run with wandb version 0.26.0
wandb: Run data is saved locally in /home/ionutionut045/tabularaml-refactored/wandb/run-20260430_071959-w05yq7yv
wandb: Run `wandb offline` to turn off syncing.
wandb: Syncing run autofeat_classification_nomao_seed1
wandb: ⭐️ View project at https://wandb.ai/ionutb/tabularaml-targeted-benchmark-binary-all-1h
wandb: 🚀 View run at https://wandb.ai/ionutb/tabularaml-targeted-benchmark-binary-all-1h/runs/w05yq7yv
",,
chess,chess,pmlb,pmlb,classification,tabularaml,3,4500,2556,640,36,40,4,0.028588063078231585,binary_crossentropy,False,0.0266975986727825,-0.07081027880520072,"{""accuracy"": 0.9921874999844971, ""binary_crossentropy"": 0.028588063078231585, ""binary_roc_auc"": 0.9997700677077218, ""f1"": 0.9925705744655785, ""precision"": 0.9852507374340633, ""recall"": 0.9999999999700598}","{""accuracy"": -0.0015723270440251686, ""binary_crossentropy"": -0.07081027880519988, ""binary_roc_auc"": 2.9360671380735342e-05, ""f1"": -0.001485884108370122, ""precision"": -0.0029498525072876843, ""recall"": 0.0}",261.90021872520447,0.008016109466552734,264.4918351173401,253.42578125,458,ok,,0.2.0,"{""mode"": ""best"", ""elapsed_time"": 261.323983669281, ""n_init_feats"": 36, ""n_added_feats"": 4, ""initial_metric"": null, ""final_metric"": 0.023748248400380267, ""pct_gain"": 0.0671427451166992}"
9977,nomao,openml_task,amlb,classification,autofeat,2,4500,,,,,,,,,,,,,,,280.7251126766205,,,crash,"ionutionut045/.netrc.
wandb: Currently logged in as: ionutb to https://api.wandb.ai. Use `wandb login --relogin` to force relogin
wandb: Using an existing wandb-core service via WANDB_SERVICE.
wandb: WARNING Using a boolean value for 'reinit' is deprecated. Use 'return_previous' or 'finish_previous' instead.
wandb: setting up run k01etn9d
wandb: Tracking run with wandb version 0.26.0
wandb: Run data is saved locally in /home/ionutionut045/tabularaml-refactored/wandb/run-20260430_072000-k01etn9d
wandb: Run `wandb offline` to turn off syncing.
wandb: Syncing run autofeat_classification_nomao_seed2
wandb: ⭐️ View project at https://wandb.ai/ionutb/tabularaml-targeted-benchmark-binary-all-1h
wandb: 🚀 View run at https://wandb.ai/ionutb/tabularaml-targeted-benchmark-binary-all-1h/runs/k01etn9d
",,
9977,nomao,openml_task,amlb,classification,autofeat,4,4500,,,,,,,,,,,,,,,295.55952620506287,,,crash,"ionutionut045/.netrc.
wandb: Currently logged in as: ionutb to https://api.wandb.ai. Use `wandb login --relogin` to force relogin
wandb: Using an existing wandb-core service via WANDB_SERVICE.
wandb: WARNING Using a boolean value for 'reinit' is deprecated. Use 'return_previous' or 'finish_previous' instead.
wandb: setting up run whghk8ye
wandb: Tracking run with wandb version 0.26.0
wandb: Run data is saved locally in /home/ionutionut045/tabularaml-refactored/wandb/run-20260430_071958-whghk8ye
wandb: Run `wandb offline` to turn off syncing.
wandb: Syncing run autofeat_classification_nomao_seed4
wandb: ⭐️ View project at https://wandb.ai/ionutb/tabularaml-targeted-benchmark-binary-all-1h
wandb: 🚀 View run at https://wandb.ai/ionutb/tabularaml-targeted-benchmark-binary-all-1h/runs/whghk8ye
",,
ionosphere,ionosphere,pmlb,pmlb,classification,openfe,3,4500,280,71,33,2033,2000,0.2444654121325994,binary_crossentropy,False,0.2852007751025154,0.14283047777578334,"{""accuracy"": 0.9436619716980759, ""binary_crossentropy"": 0.2444654121325994, ""binary_roc_auc"": 0.957391304347826, ""f1"": 0.9583333281423613, ""precision"": 0.919999999816, ""recall"": 0.9999999997826087}","{""accuracy"": 0.06349206349206346, ""binary_crossentropy"": 0.1428304777757835, ""binary_roc_auc"": 0.013812154696132516, ""f1"": 0.0474806204260657, ""precision"": 0.026976744194604725, ""recall"": 0.0697674418604651}",86.66602635383606,11.423243999481201,114.97235417366028,294.75390625,98,ok,,upstream-0.0.12,{}
ionosphere,ionosphere,pmlb,pmlb,classification,tabularaml,1,4500,280,71,33,39,6,0.19707857896975556,binary_crossentropy,False,0.1862664598746972,-0.058046516277443345,"{""accuracy"": 0.9577464787383456, ""binary_crossentropy"": 0.19707857896975556, ""binary_roc_auc"": 0.9643478260869566, ""f1"": 0.968421047432687, ""precision"": 0.9387755100124948, ""recall"": 0.9999999997826087}","{""accuracy"": 0.0, ""binary_crossentropy"": -0.058046516277442874, ""binary_roc_auc"": -0.0062724014336916975, ""f1"": 0.0, ""precision"": 0.0, ""recall"": 0.0}",256.9517960548401,0.01756143569946289,260.6281430721283,233.21484375,360,ok,,0.2.0,"{""mode"": ""best"", ""elapsed_time"": 256.31127285957336, ""n_init_feats"": 33, ""n_added_feats"": 6, ""initial_metric"": null, ""final_metric"": 0.23967708144510774, ""pct_gain"": 0.17601147456612465}"
ionosphere,ionosphere,pmlb,pmlb,classification,openfe,4,4500,280,71,33,2032,1999,0.2697200447420957,binary_crossentropy,False,0.2948573494467779,0.08525242715450607,"{""accuracy"": 0.9436619716980759, ""binary_crossentropy"": 0.2697200447420957, ""binary_roc_auc"": 0.9556521739130435, ""f1"": 0.9583333281423613, ""precision"": 0.919999999816, ""recall"": 0.9999999997826087}","{""accuracy"": 0.03076923076923082, ""binary_crossentropy"": 0.08525242715450625, ""binary_roc_auc"": 0.007332722273143886, ""f1"": 0.022222222340535107, ""precision"": 0.022222222222222216, ""recall"": 0.02222222222222222}",69.63001036643982,11.81003475189209,103.20348882675171,302.6015625,460,ok,,upstream-0.0.12,{}
ionosphere,ionosphere,pmlb,pmlb,classification,featuretools,4,4500,280,71,33,5411,5378,0.2581048815463617,binary_crossentropy,False,0.2948573494467779,0.12464491039267808,"{""accuracy"": 0.9436619716980759, ""binary_crossentropy"": 0.2581048815463617, ""binary_roc_auc"": 0.957391304347826, ""f1"": 0.9583333281423613, ""precision"": 0.919999999816, ""recall"": 0.9999999997826087}","{""accuracy"": 0.03076923076923082, ""binary_crossentropy"": 0.12464491039267825, ""binary_roc_auc"": 0.009165902841429829, ""f1"": 0.022222222340535107, ""precision"": 0.022222222222222216, ""recall"": 0.02222222222222222}",9.972113132476807,14.519927024841309,72.74670314788818,422.55859375,415,ok,,upstream-1.x,{}
ionosphere,ionosphere,pmlb,pmlb,classification,tabularaml,0,4500,280,71,33,51,18,0.24413208083682497,binary_crossentropy,False,0.2538662343482736,0.03834363217478758,"{""accuracy"": 0.9154929576175362, ""binary_crossentropy"": 0.24413208083682497, ""binary_roc_auc"": 0.9582608695652175, ""f1"": 0.9374999948133681, ""precision"": 0.89999999982, ""recall"": 0.978260869352552}","{""accuracy"": -0.015151515151515235, ""binary_crossentropy"": 0.03834363217478758, ""binary_roc_auc"": -0.002714932126696609, ""f1"": -0.01041666671551889, ""precision"": -0.01999999999599995, ""recall"": 0.0}",428.4537591934204,0.043860673904418945,438.2829647064209,248.60546875,62,ok,,0.2.0,"{""mode"": ""best"", ""elapsed_time"": 412.3030159473419, ""n_init_feats"": 33, ""n_added_feats"": 18, ""initial_metric"": null, ""final_metric"": 0.1833563403393919, ""pct_gain"": 0.36646538465080125}"
chess,chess,pmlb,pmlb,classification,tabularaml,0,4500,2556,640,36,47,11,0.020785134966267903,binary_crossentropy,False,0.0228201986550075,0.08917817585663466,"{""accuracy"": 0.9953124999844483, ""binary_crossentropy"": 0.020785134966267903, ""binary_roc_auc"": 0.999706469414113, ""f1"": 0.9955290560732586, ""precision"": 0.9910979228192552, ""recall"": 0.9999999999700598}","{""accuracy"": 0.0015723270440251686, ""binary_crossentropy"": 0.08917817585663758, ""binary_roc_auc"": 1.9574834592680873e-05, ""f1"": 0.0015082146306553627, ""precision"": 2.673296450670348e-05, ""recall"": 0.0030030030030030173}",490.7452127933502,0.024625062942504883,500.33777260780334,266.83203125,788,ok,,0.2.0,"{""mode"": ""best"", ""elapsed_time"": 438.53201484680176, ""n_init_feats"": 36, ""n_added_feats"": 11, ""initial_metric"": null, ""final_metric"": 0.01130373088781216, ""pct_gain"": 0.42463516469602275}"
ionosphere,ionosphere,pmlb,pmlb,classification,tabularaml,3,4500,280,71,33,40,7,0.2785524879910157,binary_crossentropy,False,0.2852007751025154,0.02331090127335735,"{""accuracy"": 0.9014084505772665, ""binary_crossentropy"": 0.2785524879910157, ""binary_roc_auc"": 0.9321739130434783, ""f1"": 0.9247311775974103, ""precision"": 0.9148936168266184, ""recall"": 0.9347826084924385}","{""accuracy"": 0.015873015873015834, ""binary_crossentropy"": 0.023310901273357536, ""binary_roc_auc"": -0.012891344383057085, ""f1"": 0.010752688226626766, ""precision"": 0.021276595740154017, ""recall"": 0.0}",231.94855761528015,0.01482248306274414,235.48184418678284,235.73046875,87,ok,,0.2.0,"{""mode"": ""best"", ""elapsed_time"": 231.58806657791138, ""n_init_feats"": 33, ""n_added_feats"": 7, ""initial_metric"": null, ""final_metric"": 0.15974648832299349, ""pct_gain"": 0.38769712516385285}"
sonar,sonar,pmlb,pmlb,classification,openfe,0,4500,166,42,60,3359,3299,0.40241820870765616,binary_crossentropy,False,0.3194321178432022,-0.25979257009211854,"{""accuracy"": 0.8333333331349206, ""binary_crossentropy"": 0.40241820870765616, ""binary_roc_auc"": 0.9181818181818182, ""f1"": 0.7878787826262627, ""precision"": 0.9999999992307692, ""recall"": 0.649999999675}","{""accuracy"": 0.0, ""binary_crossentropy"": -0.25979257009211854, ""binary_roc_auc"": -0.0334928229665071, ""f1"": 0.0, ""precision"": 0.0, ""recall"": 0.0}",135.31652808189392,20.784226417541504,174.74041986465454,417.046875,183,ok,,upstream-0.0.12,{}
sonar,sonar,pmlb,pmlb,classification,featuretools,0,4500,166,42,60,15397,15337,0.4397166193507257,binary_crossentropy,False,0.3194321178432022,-0.3765573177790684,"{""accuracy"": 0.8333333331349206, ""binary_crossentropy"": 0.4397166193507257, ""binary_roc_auc"": 0.8931818181818182, ""f1"": 0.7878787826262627, ""precision"": 0.9999999992307692, ""recall"": 0.649999999675}","{""accuracy"": 0.0, ""binary_crossentropy"": -0.3765573177790684, ""binary_roc_auc"": -0.05980861244019134, ""f1"": 0.0, ""precision"": 0.0, ""recall"": 0.0}",28.00582242012024,41.7675461769104,133.25650358200073,543.44140625,107,ok,,upstream-1.x,{}
sonar,sonar,pmlb,pmlb,classification,openfe,1,4500,166,42,60,3275,3215,0.39651939490189153,binary_crossentropy,False,0.3234129250936565,-0.22604684023393404,"{""accuracy"": 0.8571428569387755, ""binary_crossentropy"": 0.39651939490189153, ""binary_roc_auc"": 0.9136363636363636, ""f1"": 0.8235294064359862, ""precision"": 0.9999999992857143, ""recall"": 0.6999999996499999}","{""accuracy"": 0.0588235294117647, ""binary_crossentropy"": -0.22604684023393404, ""binary_roc_auc"": -0.07159353348729801, ""f1"": 0.09803921613033462, ""precision"": 1.1904766071752744e-10, ""recall"": 0.16666666666666663}",116.9663565158844,20.88146185874939,159.52087092399597,414.64453125,151,ok,,upstream-0.0.12,{}
sonar,sonar,pmlb,pmlb,classification,featuretools,1,4500,166,42,60,15455,15395,0.34305943253760535,binary_crossentropy,False,0.3234129250936565,-0.06074744056150343,"{""accuracy"": 0.8333333331349206, ""binary_crossentropy"": 0.34305943253760535, ""binary_roc_auc"": 0.959090909090909, ""f1"": 0.7878787826262627, ""precision"": 0.9999999992307692, ""recall"": 0.649999999675}","{""accuracy"": 0.02941176470588242, ""binary_crossentropy"": -0.06074744056150343, ""binary_roc_auc"": -0.025404157043880042, ""f1"": 0.05050505072390589, ""precision"": 6.410261216073845e-11, ""recall"": 0.08333333333333341}",27.675557613372803,41.24517250061035,145.54836320877075,661.51953125,152,ok,,upstream-1.x,{}
ionosphere,ionosphere,pmlb,pmlb,classification,tabularaml,2,4500,280,71,33,56,23,0.15447794842782994,binary_crossentropy,False,0.1739506136075082,0.11194364179487867,"{""accuracy"": 0.9718309857786155, ""binary_crossentropy"": 0.15447794842782994, ""binary_roc_auc"": 0.9834782608695652, ""f1"": 0.978260864352552, ""precision"": 0.978260869352552, ""recall"": 0.978260869352552}","{""accuracy"": 0.04545454545454546, ""binary_crossentropy"": 0.11194364179487867, ""binary_roc_auc"": 0.0035492457852706774, ""f1"": 0.03384387369357238, ""precision"": 0.04496047430346713, ""recall"": 0.022727272727272724}",802.8943030834198,0.04670143127441406,806.4927990436554,241.73046875,59,ok,,0.2.0,"{""mode"": ""best"", ""elapsed_time"": 786.681384563446, ""n_init_feats"": 33, ""n_added_feats"": 23, ""initial_metric"": null, ""final_metric"": 0.2690826570416136, ""pct_gain"": 0.2051497075555716}"
sonar,sonar,pmlb,pmlb,classification,openfe,2,4500,166,42,60,3352,3292,0.4990344868024944,binary_crossentropy,False,0.5011105138636638,0.004142852731551755,"{""accuracy"": 0.761904761723356, ""binary_crossentropy"": 0.4990344868024944, ""binary_roc_auc"": 0.9113636363636364, ""f1"": 0.7058823476816609, ""precision"": 0.8571428565306122, ""recall"": 0.5999999997}","{""accuracy"": -0.030303030303030366, ""binary_crossentropy"": 0.004142852731551755, ""binary_roc_auc"": 0.005012531328320896, ""f1"": -0.029411764976931896, ""precision"": -0.07142857137755108, ""recall"": 0.0}",113.16086602210999,20.347598791122437,160.0058090686798,412.6875,463,ok,,upstream-0.0.12,{}
ionosphere,ionosphere,pmlb,pmlb,classification,tabularaml,4,4500,280,71,33,49,16,0.28841956644515754,binary_crossentropy,False,0.2948573494467779,0.021833551083936517,"{""accuracy"": 0.9295774646578061, ""binary_crossentropy"": 0.28841956644515754, ""binary_roc_auc"": 0.9426086956521739, ""f1"": 0.9473684158581718, ""precision"": 0.9183673467513536, ""recall"": 0.978260869352552}","{""accuracy"": 0.01538461538461547, ""binary_crossentropy"": 0.0218335510839367, ""binary_roc_auc"": -0.006416131989000973, ""f1"": 0.01052631583935979, ""precision"": 0.02040816326114114, ""recall"": 0.0}",608.9494643211365,0.03409838676452637,611.8287928104401,334.90234375,135,ok,,0.2.0,"{""mode"": ""best"", ""elapsed_time"": 592.5377786159515, ""n_init_feats"": 33, ""n_added_feats"": 16, ""initial_metric"": null, ""final_metric"": 0.2353091823912342, ""pct_gain"": 0.1715923513179734}"
spambase,spambase,pmlb,pmlb,classification,tabularaml,3,4500,3680,921,57,70,13,0.13106274325718173,binary_crossentropy,False,0.1263414914333447,-0.03736897332993632,"{""accuracy"": 0.9543973941264452, ""binary_crossentropy"": 0.13106274325718173, ""binary_roc_auc"": 0.9876526753359598, ""f1"": 0.9419889452502594, ""precision"": 0.9445983379239723, ""recall"": 0.9393939393680607}","{""accuracy"": -0.0011363636363636586, ""binary_crossentropy"": -0.03736897332993586, ""binary_roc_auc"": -0.0007891674283631228, ""f1"": -0.0015467997885032694, ""precision"": -0.00016199316396505492, ""recall"": -0.0029239766081872298}",1023.1561696529388,0.03149533271789551,1026.7739043235779,291.078125,188,ok,,0.2.0,"{""mode"": ""best"", ""elapsed_time"": 852.9507882595062, ""n_init_feats"": 57, ""n_added_feats"": 13, ""initial_metric"": null, ""final_metric"": 0.14643115563782377, ""pct_gain"": 0.11159299680953597}"
9977,nomao,openml_task,amlb,classification,autofeat,3,4500,,,,,,,,,,,,,,,1768.016151189804,,,crash,"ttps://api.wandb.ai from /home/ionutionut045/.netrc.
wandb: Currently logged in as: ionutb to https://api.wandb.ai. Use `wandb login --relogin` to force relogin
wandb: Using an existing wandb-core service via WANDB_SERVICE.
wandb: WARNING Using a boolean value for 'reinit' is deprecated. Use 'return_previous' or 'finish_previous' instead.
wandb: Tracking run with wandb version 0.26.0
wandb: Run data is saved locally in /home/ionutionut045/tabularaml-refactored/wandb/run-20260430_071959-121ac3ik
wandb: Run `wandb offline` to turn off syncing.
wandb: Syncing run autofeat_classification_nomao_seed3
wandb: ⭐️ View project at https://wandb.ai/ionutb/tabularaml-targeted-benchmark-binary-all-1h
wandb: 🚀 View run at https://wandb.ai/ionutb/tabularaml-targeted-benchmark-binary-all-1h/runs/121ac3ik
",,
sonar,sonar,pmlb,pmlb,classification,featuretools,2,4500,166,42,60,15479,15419,0.4389691591163033,binary_crossentropy,False,0.5011105138636638,0.1240072858744033,"{""accuracy"": 0.8333333331349206, ""binary_crossentropy"": 0.4389691591163033, ""binary_roc_auc"": 0.9136363636363637, ""f1"": 0.799999994644898, ""precision"": 0.9333333327111111, ""recall"": 0.6999999996499999}","{""accuracy"": 0.060606060606060594, ""binary_crossentropy"": 0.1240072858744033, ""binary_roc_auc"": 0.007518796992481344, ""f1"": 0.1000000005256237, ""precision"": 0.011111111214814787, ""recall"": 0.16666666666666663}",30.502755165100098,47.017657995224,851.8958768844604,565.359375,408,ok,,upstream-1.x,{}
sonar,sonar,pmlb,pmlb,classification,tabularaml,1,4500,166,42,60,84,24,0.37558113659421605,binary_crossentropy,False,0.3234129250936565,-0.161305277101873,"{""accuracy"": 0.7857142855272109, ""binary_crossentropy"": 0.37558113659421605, ""binary_roc_auc"": 0.9636363636363636, ""f1"": 0.7096774143184184, ""precision"": 0.999999999090909, ""recall"": 0.549999999725}","{""accuracy"": -0.02941176470588228, ""binary_crossentropy"": -0.161305277101873, ""binary_roc_auc"": -0.020785219399538153, ""f1"": -0.05376344107006573, ""precision"": -7.575762246066339e-11, ""recall"": -0.08333333333333323}",1113.3872244358063,0.04181981086730957,1120.314491033554,248.33984375,89,ok,,0.2.0,"{""mode"": ""best"", ""elapsed_time"": 1101.521602153778, ""n_init_feats"": 60, ""n_added_feats"": 24, ""initial_metric"": null, ""final_metric"": 0.25924585962809465, ""pct_gain"": 0.4171935409978941}"
sonar,sonar,pmlb,pmlb,classification,openfe,3,4500,166,42,60,2762,2702,0.4691574788164525,binary_crossentropy,False,0.4047865299674283,-0.1590244340744339,"{""accuracy"": 0.7380952379195012, ""binary_crossentropy"": 0.4691574788164525, ""binary_roc_auc"": 0.875, ""f1"": 0.7027026973557342, ""precision"": 0.7647058819031142, ""recall"": 0.649999999675}","{""accuracy"": -0.08823529411764698, ""binary_crossentropy"": -0.1590244340744339, ""binary_roc_auc"": -0.030226700251889237, ""f1"": -0.10990991059264653, ""precision"": -0.08235294120645907, ""recall"": -0.1333333333333333}",775.7129952907562,18.890719890594482,807.8092701435089,308.2109375,43,ok,,upstream-0.0.12,{}
chess,chess,pmlb,pmlb,classification,tabularaml,4,4500,2556,640,36,50,14,0.01709007329623935,binary_crossentropy,False,0.022662081547746,0.2458736299120258,"{""accuracy"": 0.9906249999845215, ""binary_crossentropy"": 0.01709007329623935, ""binary_roc_auc"": 0.9999315095299597, ""f1"": 0.99096385039202, ""precision"": 0.9969696969394858, ""recall"": 0.9850299400902686}","{""accuracy"": -0.004709576138147601, ""binary_crossentropy"": 0.24587362991202674, ""binary_roc_auc"": 2.935593087650682e-05, ""f1"": -0.0045723434507827995, ""precision"": 0.002957502957049368, ""recall"": -0.012012012012011958}",1916.0328826904297,0.03652215003967285,1923.0381169319153,281.9296875,997,ok,,0.2.0,"{""mode"": ""best"", ""elapsed_time"": 1866.225576877594, ""n_init_feats"": 36, ""n_added_feats"": 14, ""initial_metric"": null, ""final_metric"": 0.02520749211914538, ""pct_gain"": 0.2590646342979212}"
sonar,sonar,pmlb,pmlb,classification,featuretools,3,4500,166,42,60,15420,15360,0.4805664930387311,binary_crossentropy,False,0.4047865299674283,-0.18720969563241283,"{""accuracy"": 0.7857142855272109, ""binary_crossentropy"": 0.4805664930387311, ""binary_roc_auc"": 0.8977272727272727, ""f1"": 0.7567567513805697, ""precision"": 0.8235294112802768, ""recall"": 0.6999999996499999}","{""accuracy"": -0.02941176470588228, ""binary_crossentropy"": -0.18720969563241283, ""binary_roc_auc"": -0.005037783375314955, ""f1"": -0.0414414416927197, ""precision"": -0.011764705914648241, ""recall"": -0.06666666666666672}",29.035342693328857,41.92162466049194,152.81290221214294,562.671875,274,ok,,upstream-1.x,{}
sonar,sonar,pmlb,pmlb,classification,tabularaml,0,4500,166,42,60,91,31,0.5407932592289788,binary_crossentropy,False,0.3194321178432022,-0.6929833570913332,"{""accuracy"": 0.7857142855272109, ""binary_crossentropy"": 0.5407932592289788, ""binary_roc_auc"": 0.8522727272727273, ""f1"": 0.7096774143184184, ""precision"": 0.999999999090909, ""recall"": 0.549999999725}","{""accuracy"": -0.057142857142857134, ""binary_crossentropy"": -0.6929833570913332, ""binary_roc_auc"": -0.10287081339712913, ""f1"": -0.09925558351396781, ""precision"": -1.3986023461243642e-10, ""recall"": -0.1538461538461538}",1452.0693926811218,0.05438351631164551,1454.9708983898163,250.56640625,168,ok,,0.2.0,"{""mode"": ""best"", ""elapsed_time"": 1435.4893095493317, ""n_init_feats"": 60, ""n_added_feats"": 31, ""initial_metric"": null, ""final_metric"": 0.28559252069227703, ""pct_gain"": 0.25819043126876795}"
chess,chess,pmlb,pmlb,classification,autofeat,0,4500,2556,640,36,75,39,0.02202766774067406,binary_crossentropy,False,0.0228201986550075,0.0347293608751969,"{""accuracy"": 0.9937499999844727, ""binary_crossentropy"": 0.02202766774067406, ""binary_roc_auc"": 0.9995988415326211, ""f1"": 0.9940298457166407, ""precision"": 0.9910714285419324, ""recall"": 0.9970059879941016}","{""accuracy"": 0.0, ""binary_crossentropy"": 0.03472936087519998, ""binary_roc_auc"": -8.808675566684181e-05, ""f1"": 0.0, ""precision"": 0.0, ""recall"": 0.0}",1991.1544878482819,0.07897400856018066,2000.3637337684631,469.76953125,727,ok,,upstream-2.1.x,{}
sonar,sonar,pmlb,pmlb,classification,openfe,4,4500,166,42,60,3090,3030,0.35753411555751446,binary_crossentropy,False,0.2851148799416564,-0.2540001968002419,"{""accuracy"": 0.8333333331349206, ""binary_crossentropy"": 0.35753411555751446, ""binary_roc_auc"": 0.9272727272727272, ""f1"": 0.8108108054054054, ""precision"": 0.8823529406574394, ""recall"": 0.749999999625}","{""accuracy"": -0.07894736842105256, ""binary_crossentropy"": -0.2540001968002416, ""binary_roc_auc"": -0.040000000000000056, ""f1"": -0.09379968254933138, ""precision"": -0.06574394466720941, ""recall"": -0.11764705882352938}",120.27507400512695,19.76515507698059,159.7561547756195,408.296875,130,ok,,upstream-0.0.12,{}
breast_cancer,breast-cancer,pmlb,pmlb,classification,openfe,0,4500,228,58,9,194,185,0.6031752382886821,binary_crossentropy,False,0.5769896864377219,-0.04538305010723385,"{""accuracy"": 0.7068965516022592, ""binary_crossentropy"": 0.6031752382886821, ""binary_roc_auc"": 0.5832137733142038, ""f1"": 0.0, ""precision"": 0.0, ""recall"": 0.0}","{""accuracy"": 0.0, ""binary_crossentropy"": -0.04538305010723385, ""binary_roc_auc"": -0.11630434782608698, ""f1"": 0.0, ""precision"": 0.0, ""recall"": 0.0}",11.895005702972412,1.6624326705932617,15.72756314277649,331.61328125,2000,ok,,upstream-0.0.12,{}
kr_vs_kp,kr-vs-kp,pmlb,pmlb,classification,autofeat,2,4500,2556,640,36,79,43,0.023372830592917636,binary_crossentropy,False,0.0218596223738307,-0.06922389569265731,"{""accuracy"": 0.9906249999845215, ""binary_crossentropy"": 0.023372830592917636, ""binary_roc_auc"": 0.9997553911784274, ""f1"": 0.9910447710898641, ""precision"": 0.9880952380658304, ""recall"": 0.9940119760181433}","{""accuracy"": 0.0, ""binary_crossentropy"": -0.0692238956926541, ""binary_roc_auc"": -0.00011742717069026621, ""f1"": 0.0, ""precision"": 0.0, ""recall"": 0.0}",2018.1894662380219,0.10903620719909668,2028.0224568843842,478.2109375,868,ok,,upstream-2.1.x,{}
breast_cancer,breast-cancer,pmlb,pmlb,classification,featuretools,0,4500,228,58,9,370,361,0.5762633853431406,binary_crossentropy,False,0.5769896864377219,0.0012587765633479244,"{""accuracy"": 0.7068965516022592, ""binary_crossentropy"": 0.5762633853431406, ""binary_roc_auc"": 0.7144906743185079, ""f1"": 0.0, ""precision"": 0.0, ""recall"": 0.0}","{""accuracy"": 0.0, ""binary_crossentropy"": 0.0012587765633479244, ""binary_roc_auc"": 0.0826086956521738, ""f1"": 0.0, ""precision"": 0.0, ""recall"": 0.0}",1.0065624713897705,0.7735366821289062,9.392680168151855,338.85546875,6,ok,,upstream-1.x,{}
breast_cancer,breast-cancer,pmlb,pmlb,classification,openfe,1,4500,228,58,9,158,149,0.4753736829192474,binary_crossentropy,False,0.5419790794237934,0.12289292895836074,"{""accuracy"": 0.8103448274464923, ""binary_crossentropy"": 0.4753736829192474, ""binary_roc_auc"": 0.8292682926829269, ""f1"": 0.6857142803265307, ""precision"": 0.6666666662962962, ""recall"": 0.7058823525259516}","{""accuracy"": 0.14634146341463422, ""binary_crossentropy"": 0.12289292895836074, ""binary_roc_auc"": 0.16767676767676776, ""f1"": 0.5183673526413998, ""precision"": 0.33333333354497346, ""recall"": 0.7142857142857143}",9.03992748260498,1.2013964653015137,13.057183742523193,329.55078125,101,ok,,upstream-0.0.12,{}
sonar,sonar,pmlb,pmlb,classification,tabularaml,2,4500,166,42,60,84,24,0.5301036091463868,binary_crossentropy,False,0.5011105138636638,-0.057857687038294865,"{""accuracy"": 0.7857142855272109, ""binary_crossentropy"": 0.5301036091463868, ""binary_roc_auc"": 0.9045454545454545, ""f1"": 0.742857137534694, ""precision"": 0.8666666660888889, ""recall"": 0.649999999675}","{""accuracy"": 0.0, ""binary_crossentropy"": -0.057857687038294865, ""binary_roc_auc"": -0.0025062656641603254, ""f1"": 0.021428571435601052, ""precision"": -0.061111111014814826, ""recall"": 0.08333333333333341}",1078.111094236374,0.04851102828979492,1095.7260401248932,247.66796875,840,ok,,0.2.0,"{""mode"": ""best"", ""elapsed_time"": 1070.996796131134, ""n_init_feats"": 60, ""n_added_feats"": 24, ""initial_metric"": null, ""final_metric"": 0.35179690221033366, ""pct_gain"": 0.23365652455721803}"
breast_cancer,breast-cancer,pmlb,pmlb,classification,featuretools,1,4500,228,58,9,370,361,0.5159964820948141,binary_crossentropy,False,0.5419790794237934,0.047940221893071615,"{""accuracy"": 0.79310344813912, ""binary_crossentropy"": 0.5159964820948141, ""binary_roc_auc"": 0.7690100430416069, ""f1"": 0.53846153352071, ""precision"": 0.7777777769135802, ""recall"": 0.4117647056401384}","{""accuracy"": 0.1219512195121951, ""binary_crossentropy"": 0.047940221893071615, ""binary_roc_auc"": 0.08282828282828285, ""f1"": 0.19230769521344046, ""precision"": 0.5555555549382716, ""recall"": 0.0}",0.9490783214569092,0.5622000694274902,5.067982912063599,342.08984375,28,ok,,upstream-1.x,{}
sonar,sonar,pmlb,pmlb,classification,featuretools,4,4500,166,42,60,15397,15337,0.3434277544507668,binary_crossentropy,False,0.2851148799416564,-0.20452413609925604,"{""accuracy"": 0.8571428569387755, ""binary_crossentropy"": 0.3434277544507668, ""binary_roc_auc"": 0.9363636363636363, ""f1"": 0.842105257728532, ""precision"": 0.8888888883950616, ""recall"": 0.7999999996}","{""accuracy"": -0.05263157894736841, ""binary_crossentropy"": -0.2045241360992558, ""binary_roc_auc"": -0.030588235294117756, ""f1"": -0.05882352973957377, ""precision"": -0.05882352941176473, ""recall"": -0.05882352941176463}",28.548950672149658,41.66476655006409,130.124037027359,541.35546875,99,ok,,upstream-1.x,{}
breast_cancer,breast-cancer,pmlb,pmlb,classification,autofeat,0,4500,228,58,9,12,3,0.5515673815690237,binary_crossentropy,False,0.5769896864377219,0.04406024139816598,"{""accuracy"": 0.7586206895243758, ""binary_crossentropy"": 0.5515673815690237, ""binary_roc_auc"": 0.7073170731707317, ""f1"": 0.29999999715, ""precision"": 0.9999999966666667, ""recall"": 0.1764705881314879}","{""accuracy"": 0.0731707317073172, ""binary_crossentropy"": 0.04406024139816598, ""binary_roc_auc"": 0.07173913043478246, ""f1"": 0.0, ""precision"": 0.0, ""recall"": 0.0}",79.31252551078796,0.019556760787963867,83.73833084106445,505.73828125,22,ok,,upstream-2.1.x,{}
breast_cancer,breast-cancer,pmlb,pmlb,classification,openfe,2,4500,228,58,9,207,198,0.5253187256126568,binary_crossentropy,False,0.5214594880054737,-0.007400838791800039,"{""accuracy"": 0.7586206895243758, ""binary_crossentropy"": 0.5253187256126568, ""binary_roc_auc"": 0.7144906743185079, ""f1"": 0.49999999487244906, ""precision"": 0.6363636357851239, ""recall"": 0.4117647056401384}","{""accuracy"": 0.02325581395348846, ""binary_crossentropy"": -0.007400838791800039, ""binary_roc_auc"": 0.00606060606060602, ""f1"": 0.25000000178112264, ""precision"": 0.018181818528925607, ""recall"": 0.3999999999999999}",18.18431329727173,1.5999202728271484,23.995062828063965,321.7734375,26,ok,,upstream-0.0.12,{}
breast_cancer,breast-cancer,pmlb,pmlb,classification,featuretools,2,4500,228,58,9,370,361,0.5357811458665749,binary_crossentropy,False,0.5214594880054737,-0.02746456472751119,"{""accuracy"": 0.7758620688317479, ""binary_crossentropy"": 0.5357811458665749, ""binary_roc_auc"": 0.7173601147776184, ""f1"": 0.4799999952640001, ""precision"": 0.7499999990624999, ""recall"": 0.3529411762629758}","{""accuracy"": 0.04651162790697677, ""binary_crossentropy"": -0.02746456472751119, ""binary_roc_auc"": 0.010101010101010137, ""f1"": 0.20000000217600028, ""precision"": 0.2, ""recall"": 0.19999999999999996}",1.1540324687957764,0.9443869590759277,9.531266450881958,340.86328125,49,ok,,upstream-1.x,{}
breast_cancer,breast-cancer,pmlb,pmlb,classification,autofeat,1,4500,228,58,9,10,1,0.5458550101210331,binary_crossentropy,False,0.5419790794237934,-0.007151439685384884,"{""accuracy"": 0.689655172294887, ""binary_crossentropy"": 0.5458550101210331, ""binary_roc_auc"": 0.7288378766140603, ""f1"": 0.43749999474609375, ""precision"": 0.46666666635555554, ""recall"": 0.4117647056401384}","{""accuracy"": -0.02439024390243896, ""binary_crossentropy"": -0.007151439685384884, ""binary_roc_auc"": 0.026262626262626293, ""f1"": -0.03125000038364947, ""precision"": -0.06666666662222223, ""recall"": 0.0}",65.04659461975098,0.014287233352661133,67.89809465408325,503.03125,91,ok,,upstream-2.1.x,{}
sonar,sonar,pmlb,pmlb,classification,tabularaml,3,4500,166,42,60,66,6,0.39248969845426646,binary_crossentropy,False,0.4047865299674283,0.03037855907446163,"{""accuracy"": 0.8333333331349206, ""binary_crossentropy"": 0.39248969845426646, ""binary_roc_auc"": 0.9159090909090909, ""f1"": 0.8108108054054054, ""precision"": 0.8823529406574394, ""recall"": 0.749999999625}","{""accuracy"": 0.02941176470588242, ""binary_crossentropy"": 0.03037855907446163, ""binary_roc_auc"": 0.015113350125944496, ""f1"": 0.027027027207207274, ""precision"": 0.058823529377162585, ""recall"": 0.0}",304.387948513031,0.015490531921386719,315.3805365562439,333.33984375,787,ok,,0.2.0,"{""mode"": ""best"", ""elapsed_time"": 304.15430307388306, ""n_init_feats"": 60, ""n_added_feats"": 6, ""initial_metric"": null, ""final_metric"": 0.33576922821082034, ""pct_gain"": 0.19649263275701562}"
breast_cancer,breast-cancer,pmlb,pmlb,classification,openfe,3,4500,228,58,9,231,222,0.5635342392428168,binary_crossentropy,False,0.5392509010331384,-0.045031613601673036,"{""accuracy"": 0.7068965516022592, ""binary_crossentropy"": 0.5635342392428168, ""binary_roc_auc"": 0.7109038737446198, ""f1"": 0.0, ""precision"": 0.0, ""recall"": 0.0}","{""accuracy"": -0.06818181818181829, ""binary_crossentropy"": -0.045031613601673036, ""binary_roc_auc"": 0.002022244691607723, ""f1"": -1.0, ""precision"": -1.0, ""recall"": -1.0}",14.174428462982178,1.8622710704803467,25.736351013183594,319.21484375,6,ok,,upstream-0.0.12,{}
breast_cancer,breast-cancer,pmlb,pmlb,classification,featuretools,3,4500,228,58,9,369,360,0.5530698466403731,binary_crossentropy,False,0.5392509010331384,-0.025626189183475118,"{""accuracy"": 0.7241379309096314, ""binary_crossentropy"": 0.5530698466403731, ""binary_roc_auc"": 0.6700143472022955, ""f1"": 0.19999999725000003, ""precision"": 0.6666666644444444, ""recall"": 0.11764705875432525}","{""accuracy"": -0.04545454545454548, ""binary_crossentropy"": -0.025626189183475118, ""binary_roc_auc"": -0.05561172901921145, ""f1"": -0.33333333616666655, ""precision"": -0.33333333333333337, ""recall"": -0.33333333333333337}",1.2422311305999756,0.8011131286621094,12.057082891464233,342.9375,19,ok,,upstream-1.x,{}
breast_cancer,breast-cancer,pmlb,pmlb,classification,autofeat,2,4500,228,58,9,12,3,0.5208963085094402,binary_crossentropy,False,0.5214594880054737,0.0010800062305656036,"{""accuracy"": 0.7586206895243758, ""binary_crossentropy"": 0.5208963085094402, ""binary_roc_auc"": 0.7209469153515066, ""f1"": 0.41666666218750004, ""precision"": 0.7142857132653061, ""recall"": 0.29411764688581316}","{""accuracy"": 0.02325581395348846, ""binary_crossentropy"": 0.0010800062305656036, ""binary_roc_auc"": 0.015151515151515284, ""f1"": 0.04166666763541674, ""precision"": 0.1428571426530613, ""recall"": 0.0}",69.43755149841309,0.021773099899291992,74.32727146148682,496.0234375,27,ok,,upstream-2.1.x,{}
breast_cancer,breast-cancer,pmlb,pmlb,classification,tabularaml,0,4500,228,58,9,22,13,0.5843010904460118,binary_crossentropy,False,0.5769896864377219,-0.012671637258249427,"{""accuracy"": 0.7068965516022592, ""binary_crossentropy"": 0.5843010904460118, ""binary_roc_auc"": 0.6341463414634146, ""f1"": 0.0, ""precision"": 0.0, ""recall"": 0.0}","{""accuracy"": 0.0, ""binary_crossentropy"": -0.012671637258249427, ""binary_roc_auc"": -0.03913043478260877, ""f1"": 0.0, ""precision"": 0.0, ""recall"": 0.0}",132.95020508766174,0.034430742263793945,136.00920629501343,327.24609375,11,ok,,0.2.0,"{""mode"": ""best"", ""elapsed_time"": 130.33288192749023, ""n_init_feats"": 9, ""n_added_feats"": 13, ""initial_metric"": null, ""final_metric"": 0.5585174435692762, ""pct_gain"": 0.13830314514618963}"
chess,chess,pmlb,pmlb,classification,autofeat,4,4500,2556,640,36,76,40,0.022504997073165355,binary_crossentropy,False,0.022662081547746,0.0069315995642186615,"{""accuracy"": 0.9921874999844971, ""binary_crossentropy"": 0.022504997073165355, ""binary_roc_auc"": 0.9998336660013307, ""f1"": 0.9925037430961882, ""precision"": 0.9939939939641443, ""recall"": 0.9910179640421851}","{""accuracy"": -0.003139717425431734, ""binary_crossentropy"": 0.0069315995642198775, ""binary_roc_auc"": -6.849717204533062e-05, ""f1"": -0.003025514285176999, ""precision"": -3.607210832342631e-05, ""recall"": -0.0060060060060059236}",2183.902363538742,0.09422874450683594,2193.4415345191956,469.625,514,ok,,upstream-2.1.x,{}
breast_cancer,breast-cancer,pmlb,pmlb,classification,openfe,4,4500,228,58,9,213,204,0.5644222621260018,binary_crossentropy,False,0.5579575595670733,-0.011586369694398536,"{""accuracy"": 0.7413793102170035, ""binary_crossentropy"": 0.5644222621260018, ""binary_roc_auc"": 0.6757532281205164, ""f1"": 0.28571428235827667, ""precision"": 0.7499999981250001, ""recall"": 0.1764705881314879}","{""accuracy"": 0.04878048780487808, ""binary_crossentropy"": -0.011586369694398536, ""binary_roc_auc"": -0.05705705705705707, ""f1"": 0.0, ""precision"": 0.0, ""recall"": 0.0}",13.11210036277771,1.654306173324585,23.846271753311157,330.2421875,20,ok,,upstream-0.0.12,{}
breast_cancer,breast-cancer,pmlb,pmlb,classification,autofeat,3,4500,228,58,9,12,3,0.5575908365948447,binary_crossentropy,False,0.5392509010331384,-0.034010023027442604,"{""accuracy"": 0.7068965516022592, ""binary_crossentropy"": 0.5575908365948447, ""binary_roc_auc"": 0.7051649928263987, ""f1"": 0.0, ""precision"": 0.0, ""recall"": 0.0}","{""accuracy"": -0.06818181818181829, ""binary_crossentropy"": -0.034010023027442604, ""binary_roc_auc"": -0.006066734074823326, ""f1"": -1.0, ""precision"": -1.0, ""recall"": -1.0}",70.29170203208923,0.014612913131713867,72.75886654853821,506.80078125,7,ok,,upstream-2.1.x,{}
breast_cancer,breast-cancer,pmlb,pmlb,classification,tabularaml,2,4500,228,58,9,22,13,0.5871716878409016,binary_crossentropy,False,0.5214594880054737,-0.12601592520019136,"{""accuracy"": 0.7068965516022592, ""binary_crossentropy"": 0.5871716878409016, ""binary_roc_auc"": 0.6872309899569584, ""f1"": 0.37037036543209884, ""precision"": 0.49999999949999996, ""recall"": 0.29411764688581316}","{""accuracy"": -0.04651162790697677, ""binary_crossentropy"": -0.12601592520019136, ""binary_roc_auc"": -0.032323232323232316, ""f1"": -0.07407407560493814, ""precision"": -0.1999999998, ""recall"": 0.0}",75.23040103912354,0.04885458946228027,77.44182777404785,327.421875,113,ok,,0.2.0,"{""mode"": ""best"", ""elapsed_time"": 67.92566442489624, ""n_init_feats"": 9, ""n_added_feats"": 13, ""initial_metric"": null, ""final_metric"": 0.6202846531176964, ""pct_gain"": 0.08813967697869973}"
breast_cancer,breast-cancer,pmlb,pmlb,classification,featuretools,4,4500,228,58,9,369,360,0.5435731382719402,binary_crossentropy,False,0.5579575595670733,0.025780493602943797,"{""accuracy"": 0.7758620688317479, ""binary_crossentropy"": 0.5435731382719402, ""binary_roc_auc"": 0.7152080344332854, ""f1"": 0.5806451559625391, ""precision"": 0.6428571423979591, ""recall"": 0.5294117643944637}","{""accuracy"": 0.09756097560975616, ""binary_crossentropy"": 0.025780493602943797, ""binary_roc_auc"": -0.0020020020020020406, ""f1"": 0.0, ""precision"": 0.0, ""recall"": 0.0}",1.1465473175048828,0.8971986770629883,11.633259057998657,339.74609375,57,ok,,upstream-1.x,{}
breast_cancer,breast-cancer,pmlb,pmlb,classification,tabularaml,3,4500,228,58,9,19,10,0.5660105381032516,binary_crossentropy,False,0.5392509010331384,-0.049623722498831284,"{""accuracy"": 0.7068965516022592, ""binary_crossentropy"": 0.5660105381032516, ""binary_roc_auc"": 0.6083213773314203, ""f1"": 0.0, ""precision"": 0.0, ""recall"": 0.0}","{""accuracy"": -0.06818181818181829, ""binary_crossentropy"": -0.049623722498831284, ""binary_roc_auc"": -0.1425682507583418, ""f1"": -1.0, ""precision"": -1.0, ""recall"": -1.0}",46.20305800437927,0.033600568771362305,55.645055294036865,229.8046875,9,ok,,0.2.0,"{""mode"": ""best"", ""elapsed_time"": 37.89809441566467, ""n_init_feats"": 9, ""n_added_feats"": 10, ""initial_metric"": null, ""final_metric"": 0.5705306292931839, ""pct_gain"": 0.18002251077519446}"
titanic,titanic,pmlb,pmlb,classification,featuretools,0,4500,1679,420,8,303,295,0.48097240460282636,binary_crossentropy,False,0.4545095142442733,-0.05822296240058623,"{""accuracy"": 0.8047619047427438, ""binary_crossentropy"": 0.48097240460282636, ""binary_roc_auc"": 0.8025062137531069, ""f1"": 0.6272727224950414, ""precision"": 0.8214285713307824, ""recall"": 0.5073529411391652}","{""accuracy"": -0.0029498525073745675, ""binary_crossentropy"": -0.05822296240058623, ""binary_roc_auc"": -0.03939008894536211, ""f1"": -0.019886363691354835, ""precision"": 0.015376984120193221, ""recall"": -0.041666666666666616}",1.2072298526763916,0.5964756011962891,6.9847800731658936,352.36328125,112,ok,,upstream-1.x,{}
titanic,titanic,pmlb,pmlb,classification,openfe,0,4500,1679,420,8,267,259,0.45935818273574114,binary_crossentropy,False,0.4545095142442733,-0.010667914178936031,"{""accuracy"": 0.8095238095045352, ""binary_crossentropy"": 0.45935818273574114, ""binary_roc_auc"": 0.8183512841756421, ""f1"": 0.6428571380293367, ""precision"": 0.818181818088843, ""recall"": 0.5294117646669549}","{""accuracy"": 0.002949852507374705, ""binary_crossentropy"": -0.010667914178936031, ""binary_roc_auc"": -0.020423342734062738, ""f1"": 0.004464285765084579, ""precision"": 0.011363636362345032, ""recall"": 0.0}",21.038782596588135,4.953123092651367,37.429351568222046,273.08984375,70,ok,,upstream-0.0.12,{}
kr_vs_kp,kr-vs-kp,pmlb,pmlb,classification,autofeat,4,4500,2556,640,36,70,34,0.01956712699852403,binary_crossentropy,False,0.0206054974971788,0.050392886597226565,"{""accuracy"": 0.9953124999844483, ""binary_crossentropy"": 0.01956712699852403, ""binary_roc_auc"": 0.9999804312942743, ""f1"": 0.9954887167746735, ""precision"": 0.9999999999697885, ""recall"": 0.9910179640421851}","{""accuracy"": 0.0031496062992126214, ""binary_crossentropy"": 0.050392886597229444, ""binary_roc_auc"": 0.0, ""f1"": 0.0030532257848793812, ""precision"": 1.8363088827858237e-13, ""recall"": 0.006079027355623129}",2242.4269139766693,0.08808231353759766,2244.980806827545,463.921875,403,ok,,upstream-2.1.x,{}
titanic,titanic,pmlb,pmlb,classification,featuretools,1,4500,1679,420,8,303,295,0.47513339202851057,binary_crossentropy,False,0.4594271385066566,-0.0341866037189407,"{""accuracy"": 0.7928571428382652, ""binary_crossentropy"": 0.47513339202851057, ""binary_roc_auc"": 0.7983378210439106, ""f1"": 0.6063348368403596, ""precision"": 0.7882352940249135, ""recall"": 0.49264705878730536}","{""accuracy"": -0.008928571428571513, ""binary_crossentropy"": -0.0341866037189407, ""binary_roc_auc"": -0.020333598093725126, ""f1"": -0.01916422694376222, ""precision"": -0.0262975778533076, ""recall"": -0.014705882352941083}",0.9963040351867676,0.5342650413513184,5.288543701171875,357.57421875,52,ok,,upstream-1.x,{}
titanic,titanic,pmlb,pmlb,classification,openfe,1,4500,1679,420,8,281,273,0.4841494337566907,binary_crossentropy,False,0.4594271385066566,-0.05381113386203644,"{""accuracy"": 0.802380952361848, ""binary_crossentropy"": 0.4841494337566907, ""binary_roc_auc"": 0.7871142294946147, ""f1"": 0.6375545802734502, ""precision"": 0.784946236474737, ""recall"": 0.5367647058428849}","{""accuracy"": 0.002976190476190412, ""binary_crossentropy"": -0.05381113386203644, ""binary_roc_auc"": -0.0341064336775219, ""f1"": 0.031338299588248845, ""precision"": -0.03036053129812696, ""recall"": 0.07352941176470597}",19.196759462356567,4.912360429763794,28.358432054519653,359.01953125,80,ok,,upstream-0.0.12,{}
breast_cancer,breast-cancer,pmlb,pmlb,classification,autofeat,4,4500,228,58,9,10,1,0.5319497130554298,binary_crossentropy,False,0.5579575595670733,0.046612589193743136,"{""accuracy"": 0.7586206895243758, ""binary_crossentropy"": 0.5319497130554298, ""binary_roc_auc"": 0.723816355810617, ""f1"": 0.36363635979338843, ""precision"": 0.7999999984, ""recall"": 0.2352941175086505}","{""accuracy"": 0.0731707317073172, ""binary_crossentropy"": 0.046612589193743136, ""binary_roc_auc"": 0.010010010010010202, ""f1"": 0.0, ""precision"": 0.0, ""recall"": 0.0}",89.48111772537231,0.012959003448486328,98.97525119781494,390.79296875,22,ok,,upstream-2.1.x,{}
titanic,titanic,pmlb,pmlb,classification,openfe,2,4500,1679,420,8,312,304,0.4959308267881473,binary_crossentropy,False,0.479357396771333,-0.03457426573250589,"{""accuracy"": 0.7880952380764739, ""binary_crossentropy"": 0.4959308267881473, ""binary_roc_auc"": 0.7738970588235293, ""f1"": 0.5572139259166853, ""precision"": 0.8615384614059173, ""recall"": 0.4117647058520761}","{""accuracy"": -0.017804154302670655, ""binary_crossentropy"": -0.03457426573250577, ""binary_roc_auc"": -0.007471111701421409, ""f1"": -0.0573797681795534, ""precision"": -0.03794871795313609, ""recall"": -0.06666666666666675}",23.99020528793335,4.6016247272491455,39.11211681365967,362.3046875,60,ok,,upstream-0.0.12,{}
titanic,titanic,pmlb,pmlb,classification,featuretools,2,4500,1679,420,8,303,295,0.4915505707441341,binary_crossentropy,False,0.479357396771333,-0.025436499060882557,"{""accuracy"": 0.7809523809337868, ""binary_crossentropy"": 0.4915505707441341, ""binary_roc_auc"": 0.7634501864125932, ""f1"": 0.5490196033448674, ""precision"": 0.8235294116435987, ""recall"": 0.4117647058520761}","{""accuracy"": -0.026706231454005913, ""binary_crossentropy"": -0.02543649906088244, ""binary_roc_auc"": -0.02086930535263659, ""f1"": -0.07124183063528135, ""precision"": -0.08039215686072665, ""recall"": -0.06666666666666675}",0.9619684219360352,0.5443136692047119,12.017718076705933,357.40625,69,ok,,upstream-1.x,{}
breast_cancer,breast-cancer,pmlb,pmlb,classification,tabularaml,1,4500,228,58,9,19,10,0.48735346401046065,binary_crossentropy,False,0.5419790794237934,0.10078915863580593,"{""accuracy"": 0.7586206895243758, ""binary_crossentropy"": 0.48735346401046065, ""binary_roc_auc"": 0.7890961262553803, ""f1"": 0.49999999487244906, ""precision"": 0.6363636357851239, ""recall"": 0.4117647056401384}","{""accuracy"": 0.0731707317073172, ""binary_crossentropy"": 0.10078915863580593, ""binary_roc_auc"": 0.1111111111111112, ""f1"": 0.10714285864613733, ""precision"": 0.27272727247933876, ""recall"": 0.0}",276.9904820919037,0.028810977935791016,282.0190613269806,245.59765625,52,ok,,0.2.0,"{""mode"": ""best"", ""elapsed_time"": 274.39669251441956, ""n_init_feats"": 9, ""n_added_feats"": 10, ""initial_metric"": null, ""final_metric"": 0.6634350721204771, ""pct_gain"": 0.02600166789606116}"
ionosphere,ionosphere,pmlb,pmlb,classification,autofeat,0,4500,280,71,33,42,9,0.24051308044245545,binary_crossentropy,False,0.2538662343482736,0.05259917271037804,"{""accuracy"": 0.9154929576175362, ""binary_crossentropy"": 0.24051308044245545, ""binary_roc_auc"": 0.971304347826087, ""f1"": 0.9361702075690358, ""precision"": 0.9166666664756944, ""recall"": 0.9565217389224953}","{""accuracy"": -0.015151515151515235, ""binary_crossentropy"": 0.05259917271037804, ""binary_roc_auc"": 0.010859728506787477, ""f1"": -0.011820331036677116, ""precision"": -0.0018518518560956942, ""recall"": -0.02222222222222222}",2356.0433530807495,0.047972917556762695,2358.8837339878082,422.47265625,67,ok,,upstream-2.1.x,{}
titanic,titanic,pmlb,pmlb,classification,openfe,3,4500,1679,420,8,297,289,0.44859940685509214,binary_crossentropy,False,0.4510293778830341,0.005387611422003921,"{""accuracy"": 0.8095238095045352, ""binary_crossentropy"": 0.44859940685509214, ""binary_roc_auc"": 0.8325781897265949, ""f1"": 0.6521739081534973, ""precision"": 0.7978723403406519, ""recall"": 0.5514705881947448}","{""accuracy"": 0.005917159763313619, ""binary_crossentropy"": 0.005387611422003921, ""binary_roc_auc"": 0.0018849113624326691, ""f1"": 0.02355072475298273, ""precision"": -0.002659574463369557, ""recall"": 0.041666666666666824}",21.443065643310547,5.291056394577026,30.742128133773804,356.78515625,75,ok,,upstream-0.0.12,{}
ionosphere,ionosphere,pmlb,pmlb,classification,autofeat,1,4500,280,71,33,44,11,0.23245200194733243,binary_crossentropy,False,0.1862664598746972,-0.24795415183015007,"{""accuracy"": 0.9014084505772665, ""binary_crossentropy"": 0.23245200194733243, ""binary_roc_auc"": 0.9634782608695652, ""f1"": 0.9278350463683708, ""precision"": 0.8823529410034602, ""recall"": 0.978260869352552}","{""accuracy"": -0.058823529411764684, ""binary_crossentropy"": -0.24795415183014952, ""binary_roc_auc"": -0.007168458781361989, ""f1"": -0.04190945784574891, ""precision"": -0.060102301782759195, ""recall"": -0.021739130434782605}",2325.3998448848724,0.052736759185791016,2335.7856600284576,421.62109375,47,ok,,upstream-2.1.x,{}
titanic,titanic,pmlb,pmlb,classification,featuretools,3,4500,1679,420,8,303,295,0.4503334260057835,binary_crossentropy,False,0.4510293778830341,0.001543030036130063,"{""accuracy"": 0.7999999999809524, ""binary_crossentropy"": 0.4503334260057835, ""binary_roc_auc"": 0.8280343827671914, ""f1"": 0.6283185792223354, ""precision"": 0.7888888888012346, ""recall"": 0.5220588234910251}","{""accuracy"": -0.005917159763313619, ""binary_crossentropy"": 0.001543030036130063, ""binary_roc_auc"": -0.0035828893666074338, ""f1"": -0.013888888993362847, ""precision"": -0.01388888888888884, ""recall"": -0.013888888888888801}",1.0241665840148926,0.6270236968994141,9.272781372070312,353.38671875,50,ok,,upstream-1.x,{}
breast_cancer,breast-cancer,pmlb,pmlb,classification,tabularaml,4,4500,228,58,9,18,9,0.5316318846468268,binary_crossentropy,False,0.5579575595670733,0.047182217480255945,"{""accuracy"": 0.7413793102170035, ""binary_crossentropy"": 0.5316318846468268, ""binary_roc_auc"": 0.7496413199426112, ""f1"": 0.28571428235827667, ""precision"": 0.7499999981250001, ""recall"": 0.1764705881314879}","{""accuracy"": 0.04878048780487808, ""binary_crossentropy"": 0.047182217480255945, ""binary_roc_auc"": 0.04604604604604615, ""f1"": 0.0, ""precision"": 0.0, ""recall"": 0.0}",200.06653690338135,0.023613452911376953,204.85796427726746,247.828125,23,ok,,0.2.0,"{""mode"": ""best"", ""elapsed_time"": 196.67861533164978, ""n_init_feats"": 9, ""n_added_feats"": 9, ""initial_metric"": null, ""final_metric"": 0.6165618054912105, ""pct_gain"": 0.023671597099322737}"
titanic,titanic,pmlb,pmlb,classification,openfe,4,4500,1679,420,8,302,294,0.4669307719117829,binary_crossentropy,False,0.4473991562745401,-0.04365590628261606,"{""accuracy"": 0.8047619047427438, ""binary_crossentropy"": 0.4669307719117829, ""binary_roc_auc"": 0.8079691383595691, ""f1"": 0.6272727224950414, ""precision"": 0.8214285713307824, ""recall"": 0.5073529411391652}","{""accuracy"": -0.008797653958944229, ""binary_crossentropy"": -0.04365590628261606, ""binary_roc_auc"": -0.03737063713620332, ""f1"": -0.01363636380127552, ""precision"": -0.03571428571003395, ""recall"": 0.0}",19.9499454498291,4.721981763839722,28.911401987075806,365.125,68,ok,,upstream-0.0.12,{}
ionosphere,ionosphere,pmlb,pmlb,classification,autofeat,2,4500,280,71,33,41,8,0.23945467252756508,binary_crossentropy,False,0.1739506136075082,-0.3765669896851089,"{""accuracy"": 0.9154929576175362, ""binary_crossentropy"": 0.23945467252756508, ""binary_roc_auc"": 0.9704347826086958, ""f1"": 0.9347826034924386, ""precision"": 0.9347826084924385, ""recall"": 0.9347826084924385}","{""accuracy"": -0.015151515151515235, ""binary_crossentropy"": -0.3765669896851089, ""binary_roc_auc"": -0.009760425909494108, ""f1"": -0.012104743149879322, ""precision"": -0.0014822134433536273, ""recall"": -0.022727272727272724}",2337.5379917621613,0.040914058685302734,2341.01371049881,423.69140625,46,ok,,upstream-2.1.x,{}
titanic,titanic,pmlb,pmlb,classification,featuretools,4,4500,1679,420,8,303,295,0.4616353639179752,binary_crossentropy,False,0.4473991562745401,-0.03181992510218167,"{""accuracy"": 0.7928571428382652, ""binary_crossentropy"": 0.4616353639179752, ""binary_roc_auc"": 0.8229080364540182, ""f1"": 0.5915492911027355, ""precision"": 0.8181818180755609, ""recall"": 0.4632352940835856}","{""accuracy"": -0.023460410557184792, ""binary_crossentropy"": -0.03181992510218167, ""binary_roc_auc"": -0.019572157872819632, ""f1"": -0.06981016575691387, ""precision"": -0.03952569170576451, ""recall"": -0.08695652173913043}",0.9955601692199707,0.6670289039611816,10.408198118209839,355.2890625,50,ok,,upstream-1.x,{}
monk1,monk1,pmlb,pmlb,classification,openfe,0,4500,444,112,6,95,89,0.49081562772127135,binary_crossentropy,False,0.0220668191620591,-21.242246339026615,"{""accuracy"": 0.8303571427830039, ""binary_crossentropy"": 0.49081562772127135, ""binary_roc_auc"": 0.8148915816326531, ""f1"": 0.7956989197687594, ""precision"": 0.9999999997297297, ""recall"": 0.660714285596301}","{""accuracy"": -0.16964285714285712, ""binary_crossentropy"": -21.24224633902656, ""binary_roc_auc"": -0.18510841836734693, ""f1"": -0.2043010761106568, ""precision"": -9.169875971298713e-11, ""recall"": -0.3392857142857143}",9.910679817199707,0.9957163333892822,14.018229246139526,324.484375,35,ok,,upstream-0.0.12,{}
chess,chess,pmlb,pmlb,classification,autofeat,2,4500,2556,640,36,69,33,0.029295711782808452,binary_crossentropy,False,0.0310097835827544,0.05527519388749302,"{""accuracy"": 0.9874999999845703, ""binary_crossentropy"": 0.029295711782808452, ""binary_roc_auc"": 0.9998336660013307, ""f1"": 0.9878787828495869, ""precision"": 0.9999999999693251, ""recall"": 0.9760479041623937}","{""accuracy"": 0.0015847860538827374, ""binary_crossentropy"": 0.05527519388749545, ""binary_roc_auc"": 2.9358803726660586e-05, ""f1"": 0.0015151515229613007, ""precision"": 0.003067484662482532, ""recall"": 0.0}",1980.7138752937317,0.10840749740600586,2494.260896921158,460.16015625,1037,ok,,upstream-2.1.x,{}
monk1,monk1,pmlb,pmlb,classification,featuretools,0,4500,444,112,6,162,156,0.006063290376914665,binary_crossentropy,False,0.0220668191620591,0.7252304316092973,"{""accuracy"": 0.9999999999107143, ""binary_crossentropy"": 0.006063290376914665, ""binary_roc_auc"": 1.0, ""f1"": 0.9999999948214284, ""precision"": 0.9999999998214285, ""recall"": 0.9999999998214285}","{""accuracy"": 0.0, ""binary_crossentropy"": 0.725230431609298, ""binary_roc_auc"": 0.0, ""f1"": 0.0, ""precision"": 0.0, ""recall"": 0.0}",0.7725472450256348,0.7458934783935547,11.879581689834595,338.30078125,599,ok,,upstream-1.x,{}
monk1,monk1,pmlb,pmlb,classification,autofeat,0,4500,444,112,6,9,3,0.007705821309627936,binary_crossentropy,False,0.0220668191620591,0.650796009473035,"{""accuracy"": 0.9999999999107143, ""binary_crossentropy"": 0.007705821309627936, ""binary_roc_auc"": 1.0, ""f1"": 0.9999999948214284, ""precision"": 0.9999999998214285, ""recall"": 0.9999999998214285}","{""accuracy"": 0.0, ""binary_crossentropy"": 0.6507960094730358, ""binary_roc_auc"": 0.0, ""f1"": 0.0, ""precision"": 0.0, ""recall"": 0.0}",77.12635040283203,0.016383647918701172,80.31975030899048,515.99609375,1999,ok,,upstream-2.1.x,{}
monk1,monk1,pmlb,pmlb,classification,openfe,1,4500,444,112,6,102,96,0.4755806755274534,binary_crossentropy,False,0.0182362263184846,-25.078897422181882,"{""accuracy"": 0.794642857071907, ""binary_crossentropy"": 0.4755806755274534, ""binary_roc_auc"": 0.7378826530612246, ""f1"": 0.7415730288751421, ""precision"": 0.9999999996969696, ""recall"": 0.5892857141804847}","{""accuracy"": -0.2053571428571428, ""binary_crossentropy"": -25.078897422181836, ""binary_roc_auc"": -0.2621173469387754, ""f1"": -0.2584269672845689, ""precision"": -1.244588876625689e-10, ""recall"": -0.4107142857142857}",10.950820922851562,0.90077805519104,14.942464351654053,325.2421875,33,ok,,upstream-0.0.12,{}
monk1,monk1,pmlb,pmlb,classification,tabularaml,0,4500,444,112,6,10,4,0.005287223633266487,binary_crossentropy,False,0.0220668191620591,0.7603993763470384,"{""accuracy"": 0.9999999999107143, ""binary_crossentropy"": 0.005287223633266487, ""binary_roc_auc"": 1.0, ""f1"": 0.9999999948214284, ""precision"": 0.9999999998214285, ""recall"": 0.9999999998214285}","{""accuracy"": 0.0, ""binary_crossentropy"": 0.7603993763470388, ""binary_roc_auc"": 0.0, ""f1"": 0.0, ""precision"": 0.0, ""recall"": 0.0}",110.19681286811829,0.013822317123413086,115.09281611442566,332.1875,567,ok,,0.2.0,"{""mode"": ""best"", ""elapsed_time"": 109.97128582000732, ""n_init_feats"": 6, ""n_added_feats"": 4, ""initial_metric"": null, ""final_metric"": 2.1901956847359503e-05, ""pct_gain"": 0.9995670127506218}"
monk1,monk1,pmlb,pmlb,classification,featuretools,1,4500,444,112,6,162,156,0.005488131876648238,binary_crossentropy,False,0.0182362263184846,0.6990533139476692,"{""accuracy"": 0.9999999999107143, ""binary_crossentropy"": 0.005488131876648238, ""binary_roc_auc"": 1.0, ""f1"": 0.9999999948214284, ""precision"": 0.9999999998214285, ""recall"": 0.9999999998214285}","{""accuracy"": 0.0, ""binary_crossentropy"": 0.6990533139476698, ""binary_roc_auc"": 0.0, ""f1"": 0.0, ""precision"": 0.0, ""recall"": 0.0}",0.638906717300415,0.5747637748718262,12.188396692276001,344.4375,1429,ok,,upstream-1.x,{}
monk1,monk1,pmlb,pmlb,classification,autofeat,1,4500,444,112,6,12,6,0.007396770441573608,binary_crossentropy,False,0.0182362263184846,0.5943913881965758,"{""accuracy"": 0.9999999999107143, ""binary_crossentropy"": 0.007396770441573608, ""binary_roc_auc"": 0.9999999999999999, ""f1"": 0.9999999948214284, ""precision"": 0.9999999998214285, ""recall"": 0.9999999998214285}","{""accuracy"": 0.0, ""binary_crossentropy"": 0.5943913881965766, ""binary_roc_auc"": -1.1102230246251565e-16, ""f1"": 0.0, ""precision"": 0.0, ""recall"": 0.0}",99.28904676437378,0.01668381690979004,102.87581729888916,519.87109375,1585,ok,,upstream-2.1.x,{}
monk1,monk1,pmlb,pmlb,classification,openfe,2,4500,444,112,6,93,87,0.7094560861587524,binary_crossentropy,False,0.0193182694292448,-35.72461908439627,"{""accuracy"": 0.49999999995535716, ""binary_crossentropy"": 0.7094560861587524, ""binary_roc_auc"": 0.5, ""f1"": 0.6666666621428572, ""precision"": 0.49999999995535716, ""recall"": 0.9999999998214285}","{""accuracy"": -0.5, ""binary_crossentropy"": -35.72461908439627, ""binary_roc_auc"": -0.5, ""f1"": -0.33333333440476176, ""precision"": -0.4999999999553571, ""recall"": 0.0}",9.608518838882446,0.9551601409912109,13.353195905685425,324.78515625,3,ok,,upstream-0.0.12,{}
ionosphere,ionosphere,pmlb,pmlb,classification,autofeat,4,4500,280,71,33,42,9,0.31418500737037874,binary_crossentropy,False,0.2948573494467779,-0.06554918152748818,"{""accuracy"": 0.9154929576175362, ""binary_crossentropy"": 0.31418500737037874, ""binary_roc_auc"": 0.9330434782608695, ""f1"": 0.9374999948133681, ""precision"": 0.89999999982, ""recall"": 0.978260869352552}","{""accuracy"": 0.0, ""binary_crossentropy"": -0.06554918152748798, ""binary_roc_auc"": -0.01649862511457383, ""f1"": 0.0, ""precision"": 0.0, ""recall"": 0.0}",2397.628452539444,0.03512454032897949,2407.418325662613,425.1796875,84,ok,,upstream-2.1.x,{}
sonar,sonar,pmlb,pmlb,classification,tabularaml,4,4500,166,42,60,84,24,0.2648390419670336,binary_crossentropy,False,0.2851148799416564,0.07111462572129477,"{""accuracy"": 0.8333333331349206, ""binary_crossentropy"": 0.2648390419670336, ""binary_roc_auc"": 0.9568181818181819, ""f1"": 0.8205128150953321, ""precision"": 0.8421052627146814, ""recall"": 0.7999999996}","{""accuracy"": -0.07894736842105256, ""binary_crossentropy"": 0.07111462572129496, ""binary_roc_auc"": -0.009411764705882298, ""f1"": -0.08295625988857257, ""precision"": -0.10835913310086355, ""recall"": -0.05882352941176463}",748.8327355384827,0.06659531593322754,758.6427347660065,253.13671875,188,ok,,0.2.0,"{""mode"": ""best"", ""elapsed_time"": 734.4363420009613, ""n_init_feats"": 60, ""n_added_feats"": 24, ""initial_metric"": null, ""final_metric"": 0.35598038524871856, ""pct_gain"": 0.04979562602271564}"
monk1,monk1,pmlb,pmlb,classification,featuretools,2,4500,444,112,6,162,156,0.005414450774489004,binary_crossentropy,False,0.0193182694292448,0.7197238192416768,"{""accuracy"": 0.9999999999107143, ""binary_crossentropy"": 0.005414450774489004, ""binary_roc_auc"": 1.0, ""f1"": 0.9999999948214284, ""precision"": 0.9999999998214285, ""recall"": 0.9999999998214285}","{""accuracy"": 0.0, ""binary_crossentropy"": 0.7197238192416768, ""binary_roc_auc"": 0.0, ""f1"": 0.0, ""precision"": 0.0, ""recall"": 0.0}",0.8255767822265625,0.6309373378753662,10.21764063835144,336.43359375,704,ok,,upstream-1.x,{}
titanic,titanic,pmlb,pmlb,classification,tabularaml,2,4500,1679,420,8,17,9,0.4842886626942172,binary_crossentropy,False,0.479357396771333,-0.010287242788154127,"{""accuracy"": 0.7904761904573696, ""binary_crossentropy"": 0.4842886626942172, ""binary_roc_auc"": 0.7750362468931234, ""f1"": 0.5643564311881188, ""precision"": 0.8636363635055098, ""recall"": 0.419117647028006}","{""accuracy"": -0.014836795252225476, ""binary_crossentropy"": -0.01028724278815401, ""binary_roc_auc"": -0.006010094302032269, ""f1"": -0.0452970300037955, ""precision"": -0.035606060608241494, ""recall"": -0.05000000000000006}",412.4059040546417,0.02534937858581543,414.8075933456421,344.046875,89,ok,,0.2.0,"{""mode"": ""best"", ""elapsed_time"": 389.25402426719666, ""n_init_feats"": 8, ""n_added_feats"": 9, ""initial_metric"": null, ""final_metric"": 0.5003580765217376, ""pct_gain"": 0.010989842793327705}"
monk1,monk1,pmlb,pmlb,classification,openfe,3,4500,444,112,6,83,77,0.6089469747883933,binary_crossentropy,False,0.0304022476357691,-19.029669585085216,"{""accuracy"": 0.5803571428053252, ""binary_crossentropy"": 0.6089469747883933, ""binary_roc_auc"": 0.8539540816326531, ""f1"": 0.6845637536056935, ""precision"": 0.5483870967152272, ""recall"": 0.9107142855516581}","{""accuracy"": -0.41964285714285715, ""binary_crossentropy"": -19.029669585085195, ""binary_roc_auc"": -0.14604591836734693, ""f1"": -0.31543624284924404, ""precision"": -0.4516129031868465, ""recall"": -0.08928571428571427}",9.20038390159607,0.93060302734375,12.944795370101929,324.10546875,8,ok,,upstream-0.0.12,{}
titanic,titanic,pmlb,pmlb,classification,tabularaml,0,4500,1679,420,8,13,5,0.46028039958549755,binary_crossentropy,False,0.4545095142442733,-0.012696951681681832,"{""accuracy"": 0.8071428571236394, ""binary_crossentropy"": 0.46028039958549755, ""binary_roc_auc"": 0.8287593206296603, ""f1"": 0.639999995161284, ""precision"": 0.8089887639540463, ""recall"": 0.5294117646669549}","{""accuracy"": 0.0, ""binary_crossentropy"": -0.012696951681681832, ""binary_roc_auc"": -0.00796479375213074, ""f1"": 0.0, ""precision"": 0.0, ""recall"": 0.0}",517.7698550224304,0.01079106330871582,520.3710780143738,355.66796875,126,ok,,0.2.0,"{""mode"": ""best"", ""elapsed_time"": 517.2747821807861, ""n_init_feats"": 8, ""n_added_feats"": 5, ""initial_metric"": null, ""final_metric"": 0.4963137503762276, ""pct_gain"": 0.04437404195663157}"
monk1,monk1,pmlb,pmlb,classification,featuretools,3,4500,444,112,6,162,156,0.0066127046136119005,binary_crossentropy,False,0.0304022476357691,0.7824929033920549,"{""accuracy"": 0.9999999999107143, ""binary_crossentropy"": 0.0066127046136119005, ""binary_roc_auc"": 1.0, ""f1"": 0.9999999948214284, ""precision"": 0.9999999998214285, ""recall"": 0.9999999998214285}","{""accuracy"": 0.0, ""binary_crossentropy"": 0.7824929033920551, ""binary_roc_auc"": 0.0, ""f1"": 0.0, ""precision"": 0.0, ""recall"": 0.0}",0.6536350250244141,0.6150467395782471,9.130829334259033,327.19140625,1106,ok,,upstream-1.x,{}
ionosphere,ionosphere,pmlb,pmlb,classification,autofeat,3,4500,280,71,33,40,7,0.3042678203643628,binary_crossentropy,False,0.2852007751025154,-0.06685481571708118,"{""accuracy"": 0.8732394364967269, ""binary_crossentropy"": 0.3042678203643628, ""binary_roc_auc"": 0.9330434782608695, ""f1"": 0.903225801257949, ""precision"": 0.8936170210864645, ""recall"": 0.9130434780623818}","{""accuracy"": -0.01587301587301596, ""binary_crossentropy"": -0.06685481571708098, ""binary_roc_auc"": -0.011970534069981656, ""f1"": -0.012753188370840985, ""precision"": -0.0024740227654309966, ""recall"": -0.02325581395348837}",2515.1162390708923,0.029030561447143555,2525.0428466796875,422.9453125,98,ok,,upstream-2.1.x,{}
monk1,monk1,pmlb,pmlb,classification,openfe,4,4500,444,112,6,81,75,1.919056604052977,binary_crossentropy,False,0.0222516793000327,-85.24322587869388,"{""accuracy"": 0.5089285713831314, ""binary_crossentropy"": 1.919056604052977, ""binary_roc_auc"": 0.6556122448979592, ""f1"": 0.6357615846533047, ""precision"": 0.5052631578415513, ""recall"": 0.8571428569897959}","{""accuracy"": -0.49107142857142855, ""binary_crossentropy"": -85.24322587869356, ""binary_roc_auc"": -0.3443877551020408, ""f1"": -0.3642384120543584, ""precision"": -0.4947368420682231, ""recall"": -0.14285714285714285}",9.94872498512268,0.814594030380249,13.74971628189087,326.921875,275,ok,,upstream-0.0.12,{}
monk1,monk1,pmlb,pmlb,classification,tabularaml,1,4500,444,112,6,17,11,0.005543908889064498,binary_crossentropy,False,0.0182362263184846,0.6959947309139785,"{""accuracy"": 0.9999999999107143, ""binary_crossentropy"": 0.005543908889064498, ""binary_roc_auc"": 1.0, ""f1"": 0.9999999948214284, ""precision"": 0.9999999998214285, ""recall"": 0.9999999998214285}","{""accuracy"": 0.0, ""binary_crossentropy"": 0.695994730913979, ""binary_roc_auc"": 0.0, ""f1"": 0.0, ""precision"": 0.0, ""recall"": 0.0}",119.82088017463684,0.03894400596618652,122.76800990104675,335.3984375,1324,ok,,0.2.0,"{""mode"": ""best"", ""elapsed_time"": 115.61897492408752, ""n_init_feats"": 6, ""n_added_feats"": 11, ""initial_metric"": null, ""final_metric"": 2.3385093252707118e-05, ""pct_gain"": 0.9994614295476375}"
monk1,monk1,pmlb,pmlb,classification,autofeat,2,4500,444,112,6,10,4,0.006550787088956765,binary_crossentropy,False,0.0193182694292448,0.6609019709063634,"{""accuracy"": 0.9999999999107143, ""binary_crossentropy"": 0.006550787088956765, ""binary_roc_auc"": 1.0, ""f1"": 0.9999999948214284, ""precision"": 0.9999999998214285, ""recall"": 0.9999999998214285}","{""accuracy"": 0.0, ""binary_crossentropy"": 0.6609019709063634, ""binary_roc_auc"": 0.0, ""f1"": 0.0, ""precision"": 0.0, ""recall"": 0.0}",84.48635172843933,0.020303010940551758,94.43673610687256,516.09375,1999,ok,,upstream-2.1.x,{}
monk1,monk1,pmlb,pmlb,classification,featuretools,4,4500,444,112,6,162,156,0.005703653697440002,binary_crossentropy,False,0.0222516793000327,0.7436753594848179,"{""accuracy"": 0.9999999999107143, ""binary_crossentropy"": 0.005703653697440002, ""binary_roc_auc"": 1.0, ""f1"": 0.9999999948214284, ""precision"": 0.9999999998214285, ""recall"": 0.9999999998214285}","{""accuracy"": 0.0, ""binary_crossentropy"": 0.7436753594848189, ""binary_roc_auc"": 0.0, ""f1"": 0.0, ""precision"": 0.0, ""recall"": 0.0}",0.6323649883270264,0.6294758319854736,9.529683351516724,338.6875,682,ok,,upstream-1.x,{}
titanic,titanic,pmlb,pmlb,classification,tabularaml,3,4500,1679,420,8,19,11,0.4480396943521642,binary_crossentropy,False,0.4510293778830341,0.006628578264463389,"{""accuracy"": 0.8047619047427438, ""binary_crossentropy"": 0.4480396943521642, ""binary_roc_auc"": 0.8333937448218725, ""f1"": 0.6403508723230226, ""precision"": 0.7934782607833176, ""recall"": 0.5367647058428849}","{""accuracy"": 0.0, ""binary_crossentropy"": 0.006628578264463389, ""binary_roc_auc"": 0.0028663114932860004, ""f1"": 0.004995126711156967, ""precision"": -0.008152173910647702, ""recall"": 0.013888888888889011}",405.44381737709045,0.029961585998535156,408.0886917114258,347.96484375,85,ok,,0.2.0,"{""mode"": ""best"", ""elapsed_time"": 400.9828324317932, ""n_init_feats"": 8, ""n_added_feats"": 11, ""initial_metric"": null, ""final_metric"": 0.5134648757426892, ""pct_gain"": 0.02619845468589579}"
titanic,titanic,pmlb,pmlb,classification,autofeat,2,4500,1679,420,8,17,9,0.4896849094934407,binary_crossentropy,False,0.479357396771333,-0.02154449434110684,"{""accuracy"": 0.7857142856955782, ""binary_crossentropy"": 0.4896849094934407, ""binary_roc_auc"": 0.770906690140845, ""f1"": 0.5588235249125337, ""precision"": 0.8382352939943772, ""recall"": 0.419117647028006}","{""accuracy"": -0.020771513353115695, ""binary_crossentropy"": -0.021544494341106724, ""binary_roc_auc"": -0.01130628237481758, ""f1"": -0.05465686319093781, ""precision"": -0.06397058823323966, ""recall"": -0.05000000000000006}",534.0931808948517,0.026319265365600586,536.4875645637512,521.1328125,139,ok,,upstream-2.1.x,{}
monk1,monk1,pmlb,pmlb,classification,autofeat,3,4500,444,112,6,10,4,0.007485376288546571,binary_crossentropy,False,0.0304022476357691,0.7537887205503907,"{""accuracy"": 0.9999999999107143, ""binary_crossentropy"": 0.007485376288546571, ""binary_roc_auc"": 1.0, ""f1"": 0.9999999948214284, ""precision"": 0.9999999998214285, ""recall"": 0.9999999998214285}","{""accuracy"": 0.0, ""binary_crossentropy"": 0.7537887205503909, ""binary_roc_auc"": 0.0, ""f1"": 0.0, ""precision"": 0.0, ""recall"": 0.0}",77.29733371734619,0.0157163143157959,87.64985775947571,516.23046875,1999,ok,,upstream-2.1.x,{}
titanic,titanic,pmlb,pmlb,classification,tabularaml,4,4500,1679,420,8,15,7,0.44669059782422016,binary_crossentropy,False,0.4473991562745401,0.0015837277303337638,"{""accuracy"": 0.8166666666472222, ""binary_crossentropy"": 0.44669059782422016, ""binary_roc_auc"": 0.8387401615575809, ""f1"": 0.6451612855843192, ""precision"": 0.8641975307575065, ""recall"": 0.5147058823150952}","{""accuracy"": 0.005865102639296198, ""binary_crossentropy"": 0.0015837277303337638, ""binary_roc_auc"": -0.0007094714437743278, ""f1"": 0.014492753729815266, ""precision"": 0.01449275362318839, ""recall"": 0.014492753623188533}",415.07346653938293,0.030736684799194336,417.92642617225647,342.25390625,78,ok,,0.2.0,"{""mode"": ""best"", ""elapsed_time"": 414.5215308666229, ""n_init_feats"": 8, ""n_added_feats"": 7, ""initial_metric"": null, ""final_metric"": 0.4935616073175807, ""pct_gain"": 0.04306736706429934}"
monk1,monk1,pmlb,pmlb,classification,tabularaml,2,4500,444,112,6,9,3,0.00659574372496406,binary_crossentropy,False,0.0193182694292448,0.6585748144200148,"{""accuracy"": 0.9999999999107143, ""binary_crossentropy"": 0.00659574372496406, ""binary_roc_auc"": 1.0, ""f1"": 0.9999999948214284, ""precision"": 0.9999999998214285, ""recall"": 0.9999999998214285}","{""accuracy"": 0.0, ""binary_crossentropy"": 0.6585748144200148, ""binary_roc_auc"": 0.0, ""f1"": 0.0, ""precision"": 0.0, ""recall"": 0.0}",132.09500432014465,0.016798734664916992,135.0318682193756,327.5234375,1168,ok,,0.2.0,"{""mode"": ""best"", ""elapsed_time"": 131.82118034362793, ""n_init_feats"": 6, ""n_added_feats"": 3, ""initial_metric"": null, ""final_metric"": 2.1901956847359503e-05, ""pct_gain"": 0.9996707342754058}"
monk1,monk1,pmlb,pmlb,classification,autofeat,4,4500,444,112,6,13,7,0.008458194917320075,binary_crossentropy,False,0.0222516793000327,0.61988509706287,"{""accuracy"": 0.9999999999107143, ""binary_crossentropy"": 0.008458194917320075, ""binary_roc_auc"": 1.0, ""f1"": 0.9999999948214284, ""precision"": 0.9999999998214285, ""recall"": 0.9999999998214285}","{""accuracy"": 0.0, ""binary_crossentropy"": 0.6198850970628714, ""binary_roc_auc"": 0.0, ""f1"": 0.0, ""precision"": 0.0, ""recall"": 0.0}",87.71177792549133,0.021406888961791992,90.58908486366272,519.5859375,1999,ok,,upstream-2.1.x,{}
titanic,titanic,pmlb,pmlb,classification,autofeat,0,4500,1679,420,8,17,9,0.47346746175150783,binary_crossentropy,False,0.4545095142442733,-0.04171078253170664,"{""accuracy"": 0.7999999999809524, ""binary_crossentropy"": 0.47346746175150783, ""binary_roc_auc"": 0.7985061101905551, ""f1"": 0.6216216168192518, ""precision"": 0.8023255813020552, ""recall"": 0.5073529411391652}","{""accuracy"": -0.00884955752212384, ""binary_crossentropy"": -0.04171078253170664, ""binary_roc_auc"": -0.044178262621254, ""f1"": -0.028716216376534185, ""precision"": -0.008236434112414393, ""recall"": -0.041666666666666616}",659.9054484367371,0.03383016586303711,664.5555186271667,407.73046875,85,ok,,upstream-2.1.x,{}
monk1,monk1,pmlb,pmlb,classification,tabularaml,3,4500,444,112,6,9,3,0.007662341518360856,binary_crossentropy,False,0.0304022476357691,0.7479679262481274,"{""accuracy"": 0.9999999999107143, ""binary_crossentropy"": 0.007662341518360856, ""binary_roc_auc"": 1.0, ""f1"": 0.9999999948214284, ""precision"": 0.9999999998214285, ""recall"": 0.9999999998214285}","{""accuracy"": 0.0, ""binary_crossentropy"": 0.7479679262481277, ""binary_roc_auc"": 0.0, ""f1"": 0.0, ""precision"": 0.0, ""recall"": 0.0}",108.47170925140381,0.010136842727661133,118.37227368354797,329.47265625,711,ok,,0.2.0,"{""mode"": ""best"", ""elapsed_time"": 108.24600648880005, ""n_init_feats"": 6, ""n_added_feats"": 3, ""initial_metric"": null, ""final_metric"": 2.1901956847359503e-05, ""pct_gain"": 0.9996827989750158}"
monk1,monk1,pmlb,pmlb,classification,tabularaml,4,4500,444,112,6,8,2,0.006989512794202061,binary_crossentropy,False,0.0222516793000327,0.6858883008352636,"{""accuracy"": 0.9999999999107143, ""binary_crossentropy"": 0.006989512794202061, ""binary_roc_auc"": 1.0, ""f1"": 0.9999999948214284, ""precision"": 0.9999999998214285, ""recall"": 0.9999999998214285}","{""accuracy"": 0.0, ""binary_crossentropy"": 0.6858883008352649, ""binary_roc_auc"": 0.0, ""f1"": 0.0, ""precision"": 0.0, ""recall"": 0.0}",129.20618748664856,0.014330625534057617,138.73924493789673,331.39453125,487,ok,,0.2.0,"{""mode"": ""best"", ""elapsed_time"": 128.9378821849823, ""n_init_feats"": 6, ""n_added_feats"": 2, ""initial_metric"": null, ""final_metric"": 2.1901956847359503e-05, ""pct_gain"": 0.999524393909078}"
titanic,titanic,pmlb,pmlb,classification,autofeat,1,4500,1679,420,8,16,8,0.46472544443039665,binary_crossentropy,False,0.4594271385066566,-0.011532418265411775,"{""accuracy"": 0.7904761904573696, ""binary_crossentropy"": 0.46472544443039665, ""binary_roc_auc"": 0.8108947804473903, ""f1"": 0.6106194641796538, ""precision"": 0.7666666665814815, ""recall"": 0.5073529411391652}","{""accuracy"": -0.011904761904761925, ""binary_crossentropy"": -0.011532418265411775, ""binary_roc_auc"": -0.004924543288324051, ""f1"": -0.01223321207664016, ""precision"": -0.05294117646307195, ""recall"": 0.014705882352941194}",672.7905132770538,0.022550344467163086,675.3246669769287,519.73828125,81,ok,,upstream-2.1.x,{}
titanic,titanic,pmlb,pmlb,classification,tabularaml,1,4500,1679,420,8,18,10,0.4652795910968312,binary_crossentropy,False,0.4594271385066566,-0.012738587035144829,"{""accuracy"": 0.7976190476000566, ""binary_crossentropy"": 0.4652795910968312, ""binary_roc_auc"": 0.8092895608947804, ""f1"": 0.6255506559343282, ""precision"": 0.7802197801340418, ""recall"": 0.5220588234910251}","{""accuracy"": -0.0029761904761905506, ""binary_crossentropy"": -0.012738587035144829, ""binary_roc_auc"": -0.006894360603653753, ""f1"": 0.011920186536678897, ""precision"": -0.0361990950137985, ""recall"": 0.04411764705882358}",672.6149046421051,0.03021550178527832,675.1640703678131,357.671875,72,ok,,0.2.0,"{""mode"": ""best"", ""elapsed_time"": 653.9842579364777, ""n_init_feats"": 8, ""n_added_feats"": 10, ""initial_metric"": null, ""final_metric"": 0.500423618227584, ""pct_gain"": 0.03868690808246809}"
titanic,titanic,pmlb,pmlb,classification,autofeat,3,4500,1679,420,8,17,9,0.44874209328776316,binary_crossentropy,False,0.4510293778830341,0.005071254129845413,"{""accuracy"": 0.8071428571236394, ""binary_crossentropy"": 0.44874209328776316, ""binary_roc_auc"": 0.8289146644573322, ""f1"": 0.6431718013072252, ""precision"": 0.8021978021096486, ""recall"": 0.5367647058428849}","{""accuracy"": 0.0029585798816567405, ""binary_crossentropy"": 0.005071254129845413, ""binary_roc_auc"": -0.0025236003364801094, ""f1"": 0.00942241806728049, ""precision"": 0.0027472527484771136, ""recall"": 0.013888888888889011}",615.1835582256317,0.033324241638183594,617.6775231361389,518.13671875,64,ok,,upstream-2.1.x,{}
titanic,titanic,pmlb,pmlb,classification,autofeat,4,4500,1679,420,8,17,9,0.45313244207895226,binary_crossentropy,False,0.4473991562745401,-0.012814699634556377,"{""accuracy"": 0.8071428571236394, ""binary_crossentropy"": 0.45313244207895226, ""binary_roc_auc"": 0.831853251864126, ""f1"": 0.6301369815366652, ""precision"": 0.8313253011046596, ""recall"": 0.5073529411391652}","{""accuracy"": -0.005865102639296198, ""binary_crossentropy"": -0.012814699634556377, ""binary_roc_auc"": -0.008914662923947816, ""f1"": -0.009132420202271892, ""precision"": -0.024096385539265495, ""recall"": 0.0}",580.5326838493347,0.023596525192260742,583.4263401031494,520.94140625,83,ok,,upstream-2.1.x,{}
1169,Airlines,openml_dataset,stress_test,classification,featuretools,0,4500,431506,107877,7,74,67,0.608380083589837,binary_crossentropy,False,0.6083958619948062,2.593443834005128e-05,"{""accuracy"": 0.6649702902378946, ""binary_crossentropy"": 0.608380083589837, ""binary_roc_auc"": 0.7185210153030024, ""f1"": 0.5786958195657319, ""precision"": 0.6578326663661364, ""recall"": 0.5165546375875562}","{""accuracy"": 0.0010047025661777294, ""binary_crossentropy"": 2.593443834005128e-05, ""binary_roc_auc"": 0.0003818138116960156, ""f1"": 0.0024268809267928505, ""precision"": 0.0007281764743523192, ""recall"": 0.0037607667111488937}",9.139333009719849,5.664346218109131,186.54388618469238,947.0859375,448,ok,,upstream-1.x,{}
mushroom,mushroom,pmlb,pmlb,classification,tabularaml,2,4500,6499,1625,21,46,25,0.00042803866617480076,binary_crossentropy,False,0.0006463095399102,0.3377187868304193,"{""accuracy"": 0.9999999999938463, ""binary_crossentropy"": 0.00042803866617480076, ""binary_roc_auc"": 1.0, ""f1"": 0.9999999949872285, ""precision"": 0.9999999999872285, ""recall"": 0.9999999999872285}","{""accuracy"": 0.0, ""binary_crossentropy"": 0.3377187868304422, ""binary_roc_auc"": 0.0, ""f1"": 0.0, ""precision"": 0.0, ""recall"": 0.0}",3029.323133468628,0.047818899154663086,3034.1710562705994,414.2578125,848,ok,,0.2.0,"{""mode"": ""best"", ""elapsed_time"": 2897.391060590744, ""n_init_feats"": 21, ""n_added_feats"": 25, ""initial_metric"": null, ""final_metric"": 2.19713226285302e-05, ""pct_gain"": 0.11666440137405187}"
1169,Airlines,openml_dataset,stress_test,classification,featuretools,2,4500,431506,107877,7,74,67,0.6064384544509859,binary_crossentropy,False,0.6065194112581329,0.00013347768537053765,"{""accuracy"": 0.6692158662179455, ""binary_crossentropy"": 0.6064384544509859, ""binary_roc_auc"": 0.7207711447026149, ""f1"": 0.5837629718606956, ""precision"": 0.6641452344930159, ""recall"": 0.5207375189893408}","{""accuracy"": 0.0018317814074186609, ""binary_crossentropy"": 0.00013347768537053765, ""binary_roc_auc"": 0.00023120114218453194, ""f1"": 0.005143418933163075, ""precision"": 0.000701882808257779, ""recall"": 0.00862590189044298}",8.650399446487427,5.5709593296051025,236.3059105873108,935.828125,443,ok,,upstream-1.x,{}
1169,Airlines,openml_dataset,stress_test,classification,featuretools,1,4500,431506,107877,7,74,67,0.6066696270340391,binary_crossentropy,False,0.6067883571964006,0.00019566980966805823,"{""accuracy"": 0.6684279318111676, ""binary_crossentropy"": 0.6066696270340391, ""binary_roc_auc"": 0.7213261665889139, ""f1"": 0.5844920668571291, ""precision"": 0.6614955826670537, ""recall"": 0.5235469169457634}","{""accuracy"": 0.001959231314352452, ""binary_crossentropy"": 0.00019566980966805823, ""binary_roc_auc"": 0.00030104386132373615, ""f1"": 0.005588097387061383, ""precision"": 0.000683932354434017, ""recall"": 0.009469544980338664}",10.072885513305664,5.370031118392944,316.9905505180359,943.5234375,473,ok,,upstream-1.x,{}
167120,numerai28.6,openml_task,amlb,classification,tabularaml,1,4500,77056,19264,21,29,8,0.692092469342647,binary_crossentropy,False,0.6922300620703801,0.00019876733946158919,"{""accuracy"": 0.5167670265778048, ""binary_crossentropy"": 0.692092469342647, ""binary_roc_auc"": 0.5240201780352989, ""f1"": 0.5682081679675101, ""precision"": 0.5178828105178677, ""recall"": 0.6293670365797067}","{""accuracy"": -0.0021050521251002115, ""binary_crossentropy"": 0.00019876733946158919, ""binary_roc_auc"": 0.0012458273188442647, ""f1"": -0.00012836314052003592, ""precision"": -0.0018492927324234424, ""recall"": 0.001963029609029947}",3196.6949076652527,0.0442051887512207,3202.403211593628,756.97265625,40,ok,,0.2.0,"{""mode"": ""best"", ""elapsed_time"": 3177.7466893196106, ""n_init_feats"": 21, ""n_added_feats"": 8, ""initial_metric"": null, ""final_metric"": 0.6944796661585358, ""pct_gain"": -0.00030423234473243334}"
1169,Airlines,openml_dataset,stress_test,classification,featuretools,3,4500,431506,107877,7,74,67,0.6068170618228433,binary_crossentropy,False,0.6072407355305774,0.0006977030408935286,"{""accuracy"": 0.6670003800624168, ""binary_crossentropy"": 0.6068170618228433, ""binary_roc_auc"": 0.7202557118525414, ""f1"": 0.5813999507914674, ""precision"": 0.660602690392792, ""recall"": 0.5191559319916511}","{""accuracy"": -2.779476346649147e-05, ""binary_crossentropy"": 0.0006977030408935286, ""binary_roc_auc"": 0.000791613347360694, ""f1"": 0.00011096677532734626, ""precision"": -0.00015601461273782584, ""recall"": 0.000320782709811887}",9.756880283355713,5.4545087814331055,226.18202447891235,937.08203125,384,ok,,upstream-1.x,{}
1169,Airlines,openml_dataset,stress_test,classification,featuretools,4,4500,431506,107877,7,74,67,0.606458539372744,binary_crossentropy,False,0.6070509826205224,0.0009759365600907906,"{""accuracy"": 0.6669725706127657, ""binary_crossentropy"": 0.606458539372744, ""binary_roc_auc"": 0.7209770923948103, ""f1"": 0.5831960411944865, ""precision"": 0.6589759051937131, ""recall"": 0.5230474684201771}","{""accuracy"": 0.00013900279395613426, ""binary_crossentropy"": 0.0009759365600907906, ""binary_roc_auc"": 0.001072068516202314, ""f1"": 0.0015975856400623821, ""precision"": -0.0008667579186482179, ""recall"": 0.003553603513675344}",9.939192295074463,6.091373920440674,179.37544417381287,918.49609375,418,ok,,upstream-1.x,{}
9977,nomao,openml_task,amlb,classification,featuretools,2,4500,,,,,,,,,,,,,,,3536.704246044159,,,crash,"k/type_sys/utils.py:33: UserWarning: Could not infer format, so each element will be parsed individually, falling back to `dateutil`. To ensure parsing is consistent and as-expected, please specify a format.
  pd.to_datetime(
/home/ionutionut045/venv/lib/python3.11/site-packages/woodwork/type_sys/utils.py:33: UserWarning: Could not infer format, so each element will be parsed individually, falling back to `dateutil`. To ensure parsing is consistent and as-expected, please specify a format.
  pd.to_datetime(
/home/ionutionut045/venv/lib/python3.11/site-packages/woodwork/type_sys/utils.py:33: UserWarning: Could not infer format, so each element will be parsed individually, falling back to `dateutil`. To ensure parsing is consistent and as-expected, please specify a format.
  pd.to_datetime(
",,
40927,Sleep,openml_dataset,stress_test,classification,autofeat,0,4500,48000,12000,3072,,,,,,,,,,,,184.68890190124512,,,oom,"MemoryError: Unable to allocate 11.9 TiB for an array with shape (43200, 75491328) and data type float32",upstream-2.1.x,
1169,Airlines,openml_dataset,stress_test,classification,openfe,0,4500,431506,107877,7,120,113,0.6120096167052443,binary_crossentropy,False,0.6083958619948062,-0.005939808167973654,"{""accuracy"": 0.6610213483874542, ""binary_crossentropy"": 0.6120096167052443, ""binary_roc_auc"": 0.7133728933140024, ""f1"": 0.5606814146633184, ""precision"": 0.6632087537300944, ""recall"": 0.4856096393564428}","{""accuracy"": -0.004939787617040879, ""binary_crossentropy"": -0.005939808167973654, ""binary_roc_auc"": -0.006785808990412051, ""f1"": -0.02877798198655933, ""precision"": 0.008906551279026583, ""recall"": -0.05637106231549995}",517.0017440319061,78.62914967536926,818.7279002666473,2065.42578125,108,ok,,upstream-0.0.12,{}
1169,Airlines,openml_dataset,stress_test,classification,openfe,1,4500,431506,107877,7,122,115,0.6105918463891091,binary_crossentropy,False,0.6067883571964006,-0.006268230343578396,"{""accuracy"": 0.6643584823455728, ""binary_crossentropy"": 0.6105918463891091, ""binary_roc_auc"": 0.7160732941476589, ""f1"": 0.5662777555895112, ""precision"": 0.6671653165484018, ""recall"": 0.49189436663673614}","{""accuracy"": -0.004140786749482411, ""binary_crossentropy"": -0.006268230343578396, ""binary_roc_auc"": -0.006983391432498536, ""f1"": -0.02574867457514331, ""precision"": 0.009260877906988551, ""recall"": -0.051560869914132196}",481.78943824768066,86.9478268623352,788.6362743377686,1928.07421875,102,ok,,upstream-0.0.12,{}
167141,churn,openml_task,amlb,classification,tabularaml,0,4500,4000,1000,20,32,12,0.1528080482147634,binary_crossentropy,False,0.1478118859734386,-0.03380081519440587,"{""accuracy"": 0.9499999999905, ""binary_crossentropy"": 0.1528080482147634, ""binary_roc_auc"": 0.9198061410678754, ""f1"": 0.8015872965945453, ""precision"": 0.9099099098279361, ""recall"": 0.7163120566867863}","{""accuracy"": -0.005235602094240884, ""binary_crossentropy"": -0.03380081519440587, ""binary_roc_auc"": -0.011946467056308877, ""f1"": -0.028264450576914193, ""precision"": -0.004249532555286005, ""recall"": -0.047169811320754755}",3621.8157942295074,0.05883145332336426,3641.035483598709,310.2890625,60,ok,,0.2.0,"{""mode"": ""best"", ""elapsed_time"": 3619.6892228126526, ""n_init_feats"": 20, ""n_added_feats"": 12, ""initial_metric"": null, ""final_metric"": 0.18652558974343678, ""pct_gain"": 0.029489509596353373}"
1169,Airlines,openml_dataset,stress_test,classification,openfe,2,4500,431506,107877,7,124,117,0.61042155482725,binary_crossentropy,False,0.6065194112581329,-0.006433666419715577,"{""accuracy"": 0.6638764518849557, ""binary_crossentropy"": 0.61042155482725, ""binary_roc_auc"": 0.7160455812135468, ""f1"": 0.5655716051114182, ""precision"": 0.6665066501000575, ""recall"": 0.49118681455882235}","{""accuracy"": -0.006161446552226541, ""binary_crossentropy"": -0.006433666419715577, ""binary_roc_auc"": -0.006326575316381225, ""f1"": -0.02617910998838535, ""precision"": 0.004259949510133965, ""recall"": -0.04861139102744974}",494.53916573524475,182.6409809589386,792.2581424713135,2305.80078125,108,ok,,upstream-0.0.12,{}
40927,Sleep,openml_dataset,stress_test,classification,autofeat,1,4500,48000,12000,3072,,,,,,,,,,,,59.982261657714844,,,oom,"MemoryError: Unable to allocate 11.9 TiB for an array with shape (43200, 75491328) and data type float32",upstream-2.1.x,
1169,Airlines,openml_dataset,stress_test,classification,openfe,3,4500,431506,107877,7,122,115,0.612121815831936,binary_crossentropy,False,0.6072407355305774,-0.008038130539931146,"{""accuracy"": 0.6624952492189565, ""binary_crossentropy"": 0.612121815831936, ""binary_roc_auc"": 0.7135595427968295, ""f1"": 0.561395472832064, ""precision"": 0.666542708392738, ""recall"": 0.48490208727852896}","{""accuracy"": -0.006781922285841395, ""binary_crossentropy"": -0.008038130539931146, ""binary_roc_auc"": -0.008512679172966576, ""f1"": -0.03430028104913375, ""precision"": 0.008834398772964184, ""recall"": -0.06568025983399504}",610.6319482326508,84.88183975219727,812.4146645069122,1739.21484375,87,ok,,upstream-0.0.12,{}
1169,Airlines,openml_dataset,stress_test,classification,openfe,4,4500,431506,107877,7,124,117,0.6106243863782213,binary_crossentropy,False,0.6070509826205224,-0.005886496950014283,"{""accuracy"": 0.6638949915180563, ""binary_crossentropy"": 0.6106243863782213, ""binary_roc_auc"": 0.715418211131011, ""f1"": 0.5647507873968315, ""precision"": 0.6673002184333303, ""recall"": 0.4895219861402016}","{""accuracy"": -0.004475889965388289, ""binary_crossentropy"": -0.005886496950014283, ""binary_roc_auc"": -0.006646402464482084, ""f1"": -0.030080821559701966, ""precision"": 0.011754489701558162, ""recall"": -0.06077061289678581}",584.026951789856,81.5677433013916,766.5140128135681,1749.296875,95,ok,,upstream-0.0.12,{}
40927,Sleep,openml_dataset,stress_test,classification,autofeat,2,4500,48000,12000,3072,,,,,,,,,,,,56.714558124542236,,,oom,"MemoryError: Unable to allocate 11.9 TiB for an array with shape (43200, 75491328) and data type float32",upstream-2.1.x,
9977,nomao,openml_task,amlb,classification,autofeat,0,4500,,,,,,,,,,,,,,,4113.276036024094,,,crash,"ionutionut045/.netrc.
wandb: Currently logged in as: ionutb to https://api.wandb.ai. Use `wandb login --relogin` to force relogin
wandb: Using an existing wandb-core service via WANDB_SERVICE.
wandb: WARNING Using a boolean value for 'reinit' is deprecated. Use 'return_previous' or 'finish_previous' instead.
wandb: setting up run dn840dke
wandb: Tracking run with wandb version 0.26.0
wandb: Run data is saved locally in /home/ionutionut045/tabularaml-refactored/wandb/run-20260430_072000-dn840dke
wandb: Run `wandb offline` to turn off syncing.
wandb: Syncing run autofeat_classification_nomao_seed0
wandb: ⭐️ View project at https://wandb.ai/ionutb/tabularaml-targeted-benchmark-binary-all-1h
wandb: 🚀 View run at https://wandb.ai/ionutb/tabularaml-targeted-benchmark-binary-all-1h/runs/dn840dke
",,
adult,adult,pmlb,pmlb,classification,tabularaml,4,4500,39073,9769,14,35,21,0.27641227376696353,binary_crossentropy,False,0.2800793394514689,0.013092953202786247,"{""accuracy"": 0.8710205752882884, ""binary_crossentropy"": 0.27641227376696353, ""binary_roc_auc"": 0.9271752072301558, ""f1"": 0.9174528251909453, ""precision"": 0.8939103791639297, ""recall"": 0.9422688736361967}","{""accuracy"": 0.001530131826741971, ""binary_crossentropy"": 0.013092953202786247, ""binary_roc_auc"": 0.0018900607069695628, ""f1"": 0.0009470718889348767, ""precision"": 0.0007604044699039822, ""recall"": 0.0011438375750643648}",4143.721719503403,0.04329514503479004,4148.854789733887,637.5078125,277,ok,,0.2.0,"{""mode"": ""best"", ""elapsed_time"": 3606.9894485473633, ""n_init_feats"": 14, ""n_added_feats"": 21, ""initial_metric"": null, ""final_metric"": 0.2722584031659866, ""pct_gain"": 0.014639114946163373}"
40927,Sleep,openml_dataset,stress_test,classification,autofeat,3,4500,48000,12000,3072,,,,,,,,,,,,55.35012435913086,,,oom,"MemoryError: Unable to allocate 11.9 TiB for an array with shape (43200, 75491328) and data type float32",upstream-2.1.x,
9910,Bioresponse,openml_task,amlb,classification,openfe,0,4500,,,,,,,,,,,,,,,4354.235249996185,,,crash,"an existing wandb-core service via WANDB_SERVICE.
wandb: WARNING Using a boolean value for 'reinit' is deprecated. Use 'return_previous' or 'finish_previous' instead.
wandb: setting up run sdu5ukgy
wandb: Tracking run with wandb version 0.26.0
wandb: Run data is saved locally in /home/ionutionut045/tabularaml-refactored/wandb/run-20260430_071959-sdu5ukgy
wandb: Run `wandb offline` to turn off syncing.
wandb: Syncing run openfe_classification_Bioresponse_seed0
wandb: ⭐️ View project at https://wandb.ai/ionutb/tabularaml-targeted-benchmark-binary-all-1h
wandb: 🚀 View run at https://wandb.ai/ionutb/tabularaml-targeted-benchmark-binary-all-1h/runs/sdu5ukgy

  0%|          | 0/4 [00:00<?, ?it/s]
 25%|██▌       | 1/4 [25:37<1:16:53, 1537.99s/it]
100%|██████████| 4/4 [25:43<00:00, 385.97s/it]   
",,
167125,Internet-Advertisements,openml_task,amlb,classification,tabularaml,1,4500,2623,656,1558,1558,0,0.11137100230056293,binary_crossentropy,False,0.1113710023005629,-2.492172562183058e-16,"{""accuracy"": 0.9634146341316553, ""binary_crossentropy"": 0.11137100230056293, ""binary_roc_auc"": 0.9607038236201048, ""f1"": 0.9790575866071837, ""precision"": 0.9639175257566337, ""recall"": 0.9946808510461936}","{""accuracy"": 0.0, ""binary_crossentropy"": -0.0, ""binary_roc_auc"": 0.0, ""f1"": 0.0, ""precision"": 0.0, ""recall"": 0.0}",4641.43829035759,1.9243195056915283,4655.918308258057,488.27734375,204,ok,,0.2.0,"{""mode"": ""best"", ""elapsed_time"": 4606.044912576675, ""n_init_feats"": 1558, ""n_added_feats"": 0, ""initial_metric"": null, ""final_metric"": 0.1116943245680078, ""pct_gain"": 0.0}"
167125,Internet-Advertisements,openml_task,amlb,classification,tabularaml,4,4500,,,,,,,,,,,,,,,4680,,,timeout,wall-clock exceeded 4680s,,
167125,Internet-Advertisements,openml_task,amlb,classification,tabularaml,3,4500,,,,,,,,,,,,,,,4680,,,timeout,wall-clock exceeded 4680s,,
mushroom,mushroom,pmlb,pmlb,classification,autofeat,1,4500,,,,,,,,,,,,,,,4680,,,timeout,wall-clock exceeded 4680s,,
spambase,spambase,pmlb,pmlb,classification,autofeat,2,4500,,,,,,,,,,,,,,,4680,,,timeout,wall-clock exceeded 4680s,,
mushroom,mushroom,pmlb,pmlb,classification,autofeat,2,4500,,,,,,,,,,,,,,,4680,,,timeout,wall-clock exceeded 4680s,,
mushroom,mushroom,pmlb,pmlb,classification,autofeat,0,4500,,,,,,,,,,,,,,,4680,,,timeout,wall-clock exceeded 4680s,,
mushroom,mushroom,pmlb,pmlb,classification,autofeat,3,4500,,,,,,,,,,,,,,,4680,,,timeout,wall-clock exceeded 4680s,,
167125,Internet-Advertisements,openml_task,amlb,classification,tabularaml,2,4500,,,,,,,,,,,,,,,4680,,,timeout,wall-clock exceeded 4680s,,
167125,Internet-Advertisements,openml_task,amlb,classification,autofeat,2,4500,,,,,,,,,,,,,,,4680,,,timeout,wall-clock exceeded 4680s,,
adult,adult,pmlb,pmlb,classification,autofeat,2,4500,,,,,,,,,,,,,,,4680,,,timeout,wall-clock exceeded 4680s,,
167141,churn,openml_task,amlb,classification,autofeat,4,4500,,,,,,,,,,,,,,,4680,,,timeout,wall-clock exceeded 4680s,,
adult,adult,pmlb,pmlb,classification,autofeat,4,4500,,,,,,,,,,,,,,,4680,,,timeout,wall-clock exceeded 4680s,,
167141,churn,openml_task,amlb,classification,autofeat,3,4500,,,,,,,,,,,,,,,4680,,,timeout,wall-clock exceeded 4680s,,
167141,churn,openml_task,amlb,classification,autofeat,1,4500,,,,,,,,,,,,,,,4680,,,timeout,wall-clock exceeded 4680s,,
spambase,spambase,pmlb,pmlb,classification,autofeat,4,4500,,,,,,,,,,,,,,,4680,,,timeout,wall-clock exceeded 4680s,,
167125,Internet-Advertisements,openml_task,amlb,classification,autofeat,4,4500,,,,,,,,,,,,,,,4680,,,timeout,wall-clock exceeded 4680s,,
167141,churn,openml_task,amlb,classification,autofeat,0,4500,,,,,,,,,,,,,,,4680,,,timeout,wall-clock exceeded 4680s,,
mushroom,mushroom,pmlb,pmlb,classification,autofeat,4,4500,,,,,,,,,,,,,,,4680,,,timeout,wall-clock exceeded 4680s,,
spambase,spambase,pmlb,pmlb,classification,autofeat,0,4500,,,,,,,,,,,,,,,4680,,,timeout,wall-clock exceeded 4680s,,
167120,numerai28.6,openml_task,amlb,classification,autofeat,2,4500,,,,,,,,,,,,,,,4680,,,timeout,wall-clock exceeded 4680s,,
spambase,spambase,pmlb,pmlb,classification,autofeat,3,4500,,,,,,,,,,,,,,,4680,,,timeout,wall-clock exceeded 4680s,,
167125,Internet-Advertisements,openml_task,amlb,classification,autofeat,3,4500,,,,,,,,,,,,,,,4680,,,timeout,wall-clock exceeded 4680s,,
spambase,spambase,pmlb,pmlb,classification,autofeat,1,4500,,,,,,,,,,,,,,,4680,,,timeout,wall-clock exceeded 4680s,,
167125,Internet-Advertisements,openml_task,amlb,classification,tabularaml,0,4500,,,,,,,,,,,,,,,4680,,,timeout,wall-clock exceeded 4680s,,
167141,churn,openml_task,amlb,classification,autofeat,2,4500,,,,,,,,,,,,,,,4680,,,timeout,wall-clock exceeded 4680s,,
167125,Internet-Advertisements,openml_task,amlb,classification,autofeat,1,4500,,,,,,,,,,,,,,,4680,,,timeout,wall-clock exceeded 4680s,,
adult,adult,pmlb,pmlb,classification,autofeat,1,4500,,,,,,,,,,,,,,,4680,,,timeout,wall-clock exceeded 4680s,,
167120,numerai28.6,openml_task,amlb,classification,autofeat,3,4500,,,,,,,,,,,,,,,4680,,,timeout,wall-clock exceeded 4680s,,
167125,Internet-Advertisements,openml_task,amlb,classification,autofeat,0,4500,,,,,,,,,,,,,,,4680,,,timeout,wall-clock exceeded 4680s,,
167120,numerai28.6,openml_task,amlb,classification,autofeat,0,4500,,,,,,,,,,,,,,,4680,,,timeout,wall-clock exceeded 4680s,,
167120,numerai28.6,openml_task,amlb,classification,autofeat,4,4500,,,,,,,,,,,,,,,4680,,,timeout,wall-clock exceeded 4680s,,
adult,adult,pmlb,pmlb,classification,autofeat,0,4500,,,,,,,,,,,,,,,4680,,,timeout,wall-clock exceeded 4680s,,
167120,numerai28.6,openml_task,amlb,classification,autofeat,1,4500,,,,,,,,,,,,,,,4680,,,timeout,wall-clock exceeded 4680s,,
adult,adult,pmlb,pmlb,classification,autofeat,3,4500,,,,,,,,,,,,,,,4680,,,timeout,wall-clock exceeded 4680s,,
167125,Internet-Advertisements,openml_task,amlb,classification,featuretools,1,4500,,,,,,,,,,,,,,,4680,,,timeout,wall-clock exceeded 4680s,,
167125,Internet-Advertisements,openml_task,amlb,classification,featuretools,3,4500,,,,,,,,,,,,,,,4680,,,timeout,wall-clock exceeded 4680s,,
167125,Internet-Advertisements,openml_task,amlb,classification,featuretools,0,4500,,,,,,,,,,,,,,,4680,,,timeout,wall-clock exceeded 4680s,,
167125,Internet-Advertisements,openml_task,amlb,classification,featuretools,4,4500,,,,,,,,,,,,,,,4680,,,timeout,wall-clock exceeded 4680s,,
167125,Internet-Advertisements,openml_task,amlb,classification,featuretools,2,4500,,,,,,,,,,,,,,,4680,,,timeout,wall-clock exceeded 4680s,,
167125,Internet-Advertisements,openml_task,amlb,classification,openfe,2,4500,,,,,,,,,,,,,,,4680,,,timeout,wall-clock exceeded 4680s,,
167125,Internet-Advertisements,openml_task,amlb,classification,openfe,1,4500,,,,,,,,,,,,,,,4680,,,timeout,wall-clock exceeded 4680s,,
167125,Internet-Advertisements,openml_task,amlb,classification,openfe,4,4500,,,,,,,,,,,,,,,4680,,,timeout,wall-clock exceeded 4680s,,
167125,Internet-Advertisements,openml_task,amlb,classification,openfe,0,4500,,,,,,,,,,,,,,,4680,,,timeout,wall-clock exceeded 4680s,,
167125,Internet-Advertisements,openml_task,amlb,classification,openfe,3,4500,,,,,,,,,,,,,,,4680,,,timeout,wall-clock exceeded 4680s,,
monk2,monk2,pmlb,stress_test,classification,featuretools,3,4500,480,121,6,174,168,0.08876263491913035,binary_crossentropy,False,0.1670984904523069,0.4688004979646127,"{""accuracy"": 0.9834710742988867, ""binary_crossentropy"": 0.08876263491913035, ""binary_roc_auc"": 0.9978658536585365, ""f1"": 0.974999994759375, ""precision"": 0.9999999997435898, ""recall"": 0.9512195119631172}","{""accuracy"": 0.025862068965517168, ""binary_crossentropy"": 0.4688004979646127, ""binary_roc_auc"": 0.022492970946579215, ""f1"": 0.03750000019266831, ""precision"": 0.07692307690335311, ""recall"": 0.0}",0.4976468086242676,0.45435166358947754,3.885714054107666,339.0078125,444,ok,,upstream-1.x,{}
monk2,monk2,pmlb,stress_test,classification,featuretools,4,4500,480,121,6,174,168,0.04288661948864937,binary_crossentropy,False,0.0851905155728221,0.49657988098464717,"{""accuracy"": 0.9917355371081211, ""binary_crossentropy"": 0.04288661948864937, ""binary_roc_auc"": 1.0, ""f1"": 0.9876543157445512, ""precision"": 0.99999999975, ""recall"": 0.9756097558596074}","{""accuracy"": 0.016949152542372947, ""binary_crossentropy"": 0.4965798809846474, ""binary_roc_auc"": 0.001221001221001222, ""f1"": 0.024691358146700176, ""precision"": 0.04999999998750006, ""recall"": 0.0}",0.6956226825714111,0.48766613006591797,4.66011643409729,346.69921875,1704,ok,,upstream-1.x,{}
monk2,monk2,pmlb,stress_test,classification,featuretools,2,4500,480,121,6,174,168,0.10855021828704721,binary_crossentropy,False,0.3029003942464555,0.6416306470742817,"{""accuracy"": 0.9752066114896524, ""binary_crossentropy"": 0.10855021828704721, ""binary_roc_auc"": 0.9951219512195122, ""f1"": 0.9629629577259565, ""precision"": 0.97499999975625, ""recall"": 0.9512195119631172}","{""accuracy"": 0.09259259259259257, ""binary_crossentropy"": 0.6416306470742819, ""binary_roc_auc"": 0.06319218241042351, ""f1"": 0.16487455293110795, ""precision"": 0.06935483875685476, ""recall"": 0.2580645161290322}",0.6491734981536865,0.5836303234100342,4.526950836181641,338.0703125,263,ok,,upstream-1.x,{}
monk2,monk2,pmlb,stress_test,classification,featuretools,1,4500,480,121,6,174,168,0.09512059622942586,binary_crossentropy,False,0.1393729846881238,0.31751051724781476,"{""accuracy"": 0.9752066114896524, ""binary_crossentropy"": 0.09512059622942586, ""binary_roc_auc"": 0.9972560975609757, ""f1"": 0.9629629577259565, ""precision"": 0.97499999975625, ""recall"": 0.9512195119631172}","{""accuracy"": 0.03508771929824563, ""binary_crossentropy"": 0.31751051724781476, ""binary_roc_auc"": 0.007081280788177402, ""f1"": 0.05405405434984548, ""precision"": 0.05405405405405398, ""recall"": 0.05405405405405408}",0.5437266826629639,0.5154318809509277,4.658302545547485,335.65625,226,ok,,upstream-1.x,{}
monk2,monk2,pmlb,stress_test,classification,featuretools,0,4500,480,121,6,174,168,0.09505740963352441,binary_crossentropy,False,0.2347221752737154,0.5950216057657288,"{""accuracy"": 0.9669421486804181, ""binary_crossentropy"": 0.09505740963352441, ""binary_roc_auc"": 0.9951219512195122, ""f1"": 0.9523809471570295, ""precision"": 0.9302325579232017, ""recall"": 0.9756097558596074}","{""accuracy"": 0.035398230088495596, ""binary_crossentropy"": 0.5950216057657289, ""binary_roc_auc"": 0.04314477468839895, ""f1"": 0.052631579238062255, ""precision"": 0.05263157894736836, ""recall"": 0.05263157894736844}",1.0675783157348633,0.6281778812408447,5.492290019989014,340.703125,1070,ok,,upstream-1.x,{}
monk2,monk2,pmlb,stress_test,classification,openfe,0,4500,480,121,6,123,117,0.2937185285084878,binary_crossentropy,False,0.2347221752737154,-0.2513454605044252,"{""accuracy"": 0.8677685949696059, ""binary_crossentropy"": 0.2937185285084878, ""binary_roc_auc"": 0.9640243902439024, ""f1"": 0.7714285663551022, ""precision"": 0.9310344824375743, ""recall"": 0.658536585205235}","{""accuracy"": -0.07079646017699119, ""binary_crossentropy"": -0.2513454605044249, ""binary_roc_auc"": 0.010546500479386454, ""f1"": -0.14736842174790254, ""precision"": 0.053539019845422024, ""recall"": -0.2894736842105264}",11.007740497589111,1.3755507469177246,16.61269474029541,334.1015625,1154,ok,,upstream-0.0.12,{}
monk2,monk2,pmlb,stress_test,classification,openfe,3,4500,480,121,6,101,95,0.6166699086277445,binary_crossentropy,False,0.1670984904523069,-2.690457687310789,"{""accuracy"": 0.7107438015941534, ""binary_crossentropy"": 0.6166699086277445, ""binary_roc_auc"": 0.8405487804878048, ""f1"": 0.2553191466002716, ""precision"": 0.9999999983333333, ""recall"": 0.1463414633789411}","{""accuracy"": -0.2586206896551725, ""binary_crossentropy"": -2.690457687310789, ""binary_roc_auc"": -0.1387066541705717, ""f1"": -0.7283142399274084, ""precision"": 0.07692307538461537, ""recall"": -0.8461538461538461}",7.041384696960449,1.081214427947998,18.15079641342163,327.8515625,108,ok,,upstream-0.0.12,{}
monk2,monk2,pmlb,stress_test,classification,openfe,1,4500,480,121,6,92,86,0.48331577610994175,binary_crossentropy,False,0.1393729846881238,-2.4677866531412946,"{""accuracy"": 0.6611570247387474, ""binary_crossentropy"": 0.48331577610994175, ""binary_roc_auc"": 0.9679878048780487, ""f1"": 0.0, ""precision"": 0.0, ""recall"": 0.0}","{""accuracy"": -0.2982456140350877, ""binary_crossentropy"": -2.4677866531412946, ""binary_roc_auc"": -0.022475369458128155, ""f1"": -1.0, ""precision"": -1.0, ""recall"": -1.0}",8.7444748878479,0.9560689926147461,18.995877742767334,328.47265625,84,ok,,upstream-0.0.12,{}
monk2,monk2,pmlb,stress_test,classification,openfe,2,4500,480,121,6,105,99,0.5258893010981981,binary_crossentropy,False,0.3029003942464555,-0.7361789917985622,"{""accuracy"": 0.7190082644033878, ""binary_crossentropy"": 0.5258893010981981, ""binary_roc_auc"": 0.8969512195121951, ""f1"": 0.31999999692000003, ""precision"": 0.8888888879012344, ""recall"": 0.19512195117192146}","{""accuracy"": -0.1944444444444444, ""binary_crossentropy"": -0.7361789917985618, ""binary_roc_auc"": -0.041693811074918485, ""f1"": -0.6129032271081165, ""precision"": -0.025089606531262618, ""recall"": -0.7419354838709677}",9.107832431793213,1.0871412754058838,19.544633626937866,328.94140625,260,ok,,upstream-0.0.12,{}
monk2,monk2,pmlb,stress_test,classification,openfe,4,4500,480,121,6,93,87,0.20389331103238076,binary_crossentropy,False,0.0851905155728221,-1.39338040932608,"{""accuracy"": 0.9669421486804181, ""binary_crossentropy"": 0.20389331103238076, ""binary_roc_auc"": 0.9960365853658535, ""f1"": 0.948717943487837, ""precision"": 0.9999999997297297, ""recall"": 0.9024390241701368}","{""accuracy"": -0.008474576271186416, ""binary_crossentropy"": -1.3933804093260789, ""binary_roc_auc"": -0.0027472527472529166, ""f1"": -0.015705128288901252, ""precision"": 0.04999999996621632, ""recall"": -0.07500000000000008}",8.021230697631836,1.1092536449432373,19.4990394115448,326.76171875,285,ok,,upstream-0.0.12,{}
monk2,monk2,pmlb,stress_test,classification,tabularaml,1,4500,480,121,6,18,12,0.033703394923506026,binary_crossentropy,False,0.1393729846881238,0.7581784231791806,"{""accuracy"": 0.9999999999173554, ""binary_crossentropy"": 0.033703394923506026, ""binary_roc_auc"": 1.0, ""f1"": 0.9999999947560976, ""precision"": 0.9999999997560975, ""recall"": 0.9999999997560975}","{""accuracy"": 0.061403508771929884, ""binary_crossentropy"": 0.7581784231791806, ""binary_roc_auc"": 0.009852216748768482, ""f1"": 0.09459459511469119, ""precision"": 0.081081081087673, ""recall"": 0.10810810810810816}",31.921499729156494,0.020524263381958008,34.5425922870636,328.20703125,763,ok,,0.2.0,"{""mode"": ""best"", ""elapsed_time"": 29.90956974029541, ""n_init_feats"": 6, ""n_added_feats"": 12, ""initial_metric"": null, ""final_metric"": 0.09486939615537336, ""pct_gain"": 0.7661939608148688}"
monk2,monk2,pmlb,stress_test,classification,tabularaml,2,4500,480,121,6,18,12,0.12193147553204826,binary_crossentropy,False,0.3029003942464555,0.597453559493097,"{""accuracy"": 0.9752066114896524, ""binary_crossentropy"": 0.12193147553204826, ""binary_roc_auc"": 0.9966463414634146, ""f1"": 0.9629629577259565, ""precision"": 0.97499999975625, ""recall"": 0.9512195119631172}","{""accuracy"": 0.09259259259259257, ""binary_crossentropy"": 0.5974535594930971, ""binary_roc_auc"": 0.06482084690553747, ""f1"": 0.16487455293110795, ""precision"": 0.06935483875685476, ""recall"": 0.2580645161290322}",25.85148048400879,0.02250981330871582,35.85432243347168,328.8046875,233,ok,,0.2.0,"{""mode"": ""best"", ""elapsed_time"": 24.46102237701416, ""n_init_feats"": 6, ""n_added_feats"": 12, ""initial_metric"": null, ""final_metric"": 0.10210510778643529, ""pct_gain"": 0.7421924346005232}"
monk2,monk2,pmlb,stress_test,classification,tabularaml,0,4500,480,121,6,10,4,0.05677591176681594,binary_crossentropy,False,0.2347221752737154,0.7581144103636219,"{""accuracy"": 0.9834710742988867, ""binary_crossentropy"": 0.05677591176681594, ""binary_roc_auc"": 0.9990853658536585, ""f1"": 0.9761904709608844, ""precision"": 0.9534883718712818, ""recall"": 0.9999999997560975}","{""accuracy"": 0.05309734513274333, ""binary_crossentropy"": 0.758114410363622, ""binary_roc_auc"": 0.0472994566954299, ""f1"": 0.07894736885709344, ""precision"": 0.0789473684210526, ""recall"": 0.0789473684210526}",46.11912131309509,0.03549528121948242,48.89464998245239,331.33984375,1171,ok,,0.2.0,"{""mode"": ""best"", ""elapsed_time"": 42.955397605895996, ""n_init_feats"": 6, ""n_added_feats"": 4, ""initial_metric"": null, ""final_metric"": 0.034149936752657074, ""pct_gain"": 0.9128499010627318}"
monk2,monk2,pmlb,stress_test,classification,tabularaml,4,4500,480,121,6,15,9,0.055177607479039915,binary_crossentropy,False,0.0851905155728221,0.35230339776646513,"{""accuracy"": 0.9917355371081211, ""binary_crossentropy"": 0.055177607479039915, ""binary_roc_auc"": 0.9996951219512195, ""f1"": 0.9879518019915808, ""precision"": 0.9761904759580499, ""recall"": 0.9999999997560975}","{""accuracy"": 0.016949152542372947, ""binary_crossentropy"": 0.35230339776646546, ""binary_roc_auc"": 0.000915750915750861, ""f1"": 0.025000000129668642, ""precision"": 0.025000000000000057, ""recall"": 0.024999999999999953}",51.774786949157715,0.014870643615722656,62.02673387527466,340.859375,1995,ok,,0.2.0,"{""mode"": ""best"", ""elapsed_time"": 50.81874918937683, ""n_init_feats"": 6, ""n_added_feats"": 9, ""initial_metric"": null, ""final_metric"": 0.20347814923105698, ""pct_gain"": 0.47455166161228124}"
monk2,monk2,pmlb,stress_test,classification,tabularaml,3,4500,480,121,6,10,4,0.05511617285857246,binary_crossentropy,False,0.1670984904523069,0.6701575657004295,"{""accuracy"": 0.9834710742988867, ""binary_crossentropy"": 0.05511617285857246, ""binary_roc_auc"": 1.0, ""f1"": 0.974999994759375, ""precision"": 0.9999999997435898, ""recall"": 0.9512195119631172}","{""accuracy"": 0.025862068965517168, ""binary_crossentropy"": 0.6701575657004295, ""binary_roc_auc"": 0.024679787566385586, ""f1"": 0.03750000019266831, ""precision"": 0.07692307690335311, ""recall"": 0.0}",49.29769015312195,0.031156301498413086,68.37417960166931,328.5703125,471,ok,,0.2.0,"{""mode"": ""best"", ""elapsed_time"": 45.17063069343567, ""n_init_feats"": 6, ""n_added_feats"": 4, ""initial_metric"": null, ""final_metric"": 0.07140073666701663, ""pct_gain"": 0.8327349384305213}"
40927,Sleep,openml_dataset,stress_test,classification,autofeat,4,4500,48000,12000,3072,,,,,,,,,,,,69.64810752868652,,,oom,"MemoryError: Unable to allocate 11.9 TiB for an array with shape (43200, 75491328) and data type float32",upstream-2.1.x,
monk2,monk2,pmlb,stress_test,classification,autofeat,0,4500,480,121,6,42,36,0.08709176533036209,binary_crossentropy,False,0.2347221752737154,0.6289580853244812,"{""accuracy"": 0.9669421486804181, ""binary_crossentropy"": 0.08709176533036209, ""binary_roc_auc"": 0.9966463414634147, ""f1"": 0.9534883668820984, ""precision"": 0.9111111109086419, ""recall"": 0.9999999997560975}","{""accuracy"": 0.035398230088495596, ""binary_crossentropy"": 0.6289580853244813, ""binary_roc_auc"": 0.04474272930648786, ""f1"": 0.05385556946755857, ""precision"": 0.030994152057439835, ""recall"": 0.0789473684210526}",97.49675798416138,0.08653473854064941,108.01041030883789,565.28515625,1652,ok,,upstream-2.1.x,{}
monk2,monk2,pmlb,stress_test,classification,autofeat,4,4500,480,121,6,42,36,0.03825735353304588,binary_crossentropy,False,0.0851905155728221,0.5509200375675279,"{""accuracy"": 0.9999999999173554, ""binary_crossentropy"": 0.03825735353304588, ""binary_roc_auc"": 1.0, ""f1"": 0.9999999947560976, ""precision"": 0.9999999997560975, ""recall"": 0.9999999997560975}","{""accuracy"": 0.025423728813559362, ""binary_crossentropy"": 0.5509200375675282, ""binary_roc_auc"": 0.001221001221001222, ""f1"": 0.03750000019070115, ""precision"": 0.049999999993902505, ""recall"": 0.024999999999999953}",125.42882013320923,0.06311345100402832,129.28684759140015,454.51171875,1265,ok,,upstream-2.1.x,{}
monk2,monk2,pmlb,stress_test,classification,autofeat,3,4500,480,121,6,35,29,0.07192942067730136,binary_crossentropy,False,0.1670984904523069,0.5695387763073096,"{""accuracy"": 0.9752066114896524, ""binary_crossentropy"": 0.07192942067730136, ""binary_roc_auc"": 0.9981707317073171, ""f1"": 0.9629629577259565, ""precision"": 0.97499999975625, ""recall"": 0.9512195119631172}","{""accuracy"": 0.01724137931034478, ""binary_crossentropy"": 0.5695387763073096, ""binary_roc_auc"": 0.02280537332083732, ""f1"": 0.024691358149985073, ""precision"": 0.04999999998749997, ""recall"": 0.0}",130.03081250190735,0.04857230186462402,139.19492959976196,443.5859375,483,ok,,upstream-2.1.x,{}
monk2,monk2,pmlb,stress_test,classification,autofeat,2,4500,480,121,6,41,35,0.11416103932977661,binary_crossentropy,False,0.3029003942464555,0.6231069965630706,"{""accuracy"": 0.9669421486804181, ""binary_crossentropy"": 0.11416103932977661, ""binary_roc_auc"": 0.9954268292682927, ""f1"": 0.9499999947656251, ""precision"": 0.9743589741091387, ""recall"": 0.926829268066627}","{""accuracy"": 0.08333333333333334, ""binary_crossentropy"": 0.6231069965630707, ""binary_roc_auc"": 0.06351791530944638, ""f1"": 0.14919354925186173, ""precision"": 0.06865177836949374, ""recall"": 0.22580645161290325}",99.68782901763916,0.08150029182434082,140.48200035095215,558.12890625,249,ok,,upstream-2.1.x,{}
sonar,sonar,pmlb,pmlb,classification,autofeat,0,4500,,,,,,,,,,,,,,,4680,,,timeout,wall-clock exceeded 4680s,,
sonar,sonar,pmlb,pmlb,classification,autofeat,1,4500,,,,,,,,,,,,,,,4680,,,timeout,wall-clock exceeded 4680s,,
sonar,sonar,pmlb,pmlb,classification,autofeat,2,4500,,,,,,,,,,,,,,,4680,,,timeout,wall-clock exceeded 4680s,,
1169,Airlines,openml_dataset,stress_test,classification,tabularaml,0,4500,431506,107877,7,9,2,0.6084690849320515,binary_crossentropy,False,0.6083958619948062,-0.00012035410136623497,"{""accuracy"": 0.6636447064711974, ""binary_crossentropy"": 0.6084690849320515, ""binary_roc_auc"": 0.7180767914088375, ""f1"": 0.5762731607934766, ""precision"": 0.6565726450237742, ""recall"": 0.5134747050131078}","{""accuracy"": -0.0009907483638698237, ""binary_crossentropy"": -0.00012035410136623497, ""binary_roc_auc"": -0.00023666984503565306, ""f1"": -0.0017696903884177693, ""precision"": -0.0011886314385569732, ""recall"": -0.002224109345303007}",2831.8025925159454,0.1070101261138916,2904.7367243766785,589.62890625,375,ok,,0.2.0,"{""mode"": ""best"", ""elapsed_time"": 2394.7832882404327, ""n_init_feats"": 7, ""n_added_feats"": 2, ""initial_metric"": null, ""final_metric"": 0.6081692513950372, ""pct_gain"": 0.00013733214621754024}"
sonar,sonar,pmlb,pmlb,classification,autofeat,3,4500,,,,,,,,,,,,,,,4680,,,timeout,wall-clock exceeded 4680s,,
monk2,monk2,pmlb,stress_test,classification,autofeat,1,4500,480,121,6,40,34,0.057638929467715615,binary_crossentropy,False,0.1393729846881238,0.5864411629219625,"{""accuracy"": 0.9917355371081211, ""binary_crossentropy"": 0.057638929467715615, ""binary_roc_auc"": 0.9990853658536585, ""f1"": 0.9879518019915808, ""precision"": 0.9761904759580499, ""recall"": 0.9999999997560975}","{""accuracy"": 0.05263157894736851, ""binary_crossentropy"": 0.5864411629219625, ""binary_roc_auc"": 0.008928571428571381, ""f1"": 0.08140670836459524, ""precision"": 0.05534105535361887, ""recall"": 0.10810810810810816}",134.7497034072876,0.06560993194580078,1791.3026103973389,447.7734375,319,ok,,upstream-2.1.x,{}
1169,Airlines,openml_dataset,stress_test,classification,tabularaml,1,4500,431506,107877,7,10,3,0.6067153790516008,binary_crossentropy,False,0.6067883571964006,0.00012026952055733594,"{""accuracy"": 0.6675565690554365, ""binary_crossentropy"": 0.6067153790516008, ""binary_roc_auc"": 0.7212543607058594, ""f1"": 0.5834194795545429, ""precision"": 0.6602429277524818, ""recall"": 0.5226104509602891}","{""accuracy"": 0.0006530771047840398, ""binary_crossentropy"": 0.00012026952055733594, ""binary_roc_auc"": 0.0002014668556613456, ""f1"": 0.0037427669094574614, ""precision"": -0.0012110336568927212, ""recall"": 0.007663911403579024}",3594.3542535305023,0.1474759578704834,3665.047733068466,659.7578125,454,ok,,0.2.0,"{""mode"": ""best"", ""elapsed_time"": 2912.706297636032, ""n_init_feats"": 7, ""n_added_feats"": 3, ""initial_metric"": null, ""final_metric"": 0.6083605292485021, ""pct_gain"": 0.00014360396241696154}"
sonar,sonar,pmlb,pmlb,classification,autofeat,4,4500,,,,,,,,,,,,,,,4680,,,timeout,wall-clock exceeded 4680s,,
3903,pc3,openml_task,amlb,classification,tabularaml,3,4500,1250,313,37,,,,,,,,,,,,42.70260953903198,,,crash,ValueError: Input X contains infinity or a value too large for dtype('float64').,0.2.0,
9977,nomao,openml_task,amlb,classification,featuretools,4,4500,,,,,,,,,,,,,,,68.2187340259552,,,crash,":33: UserWarning: Could not infer format, so each element will be parsed individually, falling back to `dateutil`. To ensure parsing is consistent and as-expected, please specify a format.
  pd.to_datetime(
/home/ionutionut045/venv/lib/python3.11/site-packages/featuretools/synthesis/dfs.py:321: UnusedPrimitiveWarning: Some specified primitives were not used during DFS:
  groupby_trans_primitives: ['cum_count', 'cum_max', 'cum_mean', 'cum_min', 'cum_sum']
This may be caused by a using a value of max_depth that is too small, not setting interesting values, or it may indicate no compatible columns for the primitive were found in the data. If the DFS call contained multiple instances of a primitive in the list above, none of them were used.
  warnings.warn(warning_msg, UnusedPrimitiveWarning)
",,
9977,nomao,openml_task,amlb,classification,featuretools,3,4500,,,,,,,,,,,,,,,78.89964294433594,,,crash,":33: UserWarning: Could not infer format, so each element will be parsed individually, falling back to `dateutil`. To ensure parsing is consistent and as-expected, please specify a format.
  pd.to_datetime(
/home/ionutionut045/venv/lib/python3.11/site-packages/featuretools/synthesis/dfs.py:321: UnusedPrimitiveWarning: Some specified primitives were not used during DFS:
  groupby_trans_primitives: ['cum_count', 'cum_max', 'cum_mean', 'cum_min', 'cum_sum']
This may be caused by a using a value of max_depth that is too small, not setting interesting values, or it may indicate no compatible columns for the primitive were found in the data. If the DFS call contained multiple instances of a primitive in the list above, none of them were used.
  warnings.warn(warning_msg, UnusedPrimitiveWarning)
",,
9977,nomao,openml_task,amlb,classification,featuretools,1,4500,,,,,,,,,,,,,,,95.58039236068726,,,crash,":33: UserWarning: Could not infer format, so each element will be parsed individually, falling back to `dateutil`. To ensure parsing is consistent and as-expected, please specify a format.
  pd.to_datetime(
/home/ionutionut045/venv/lib/python3.11/site-packages/featuretools/synthesis/dfs.py:321: UnusedPrimitiveWarning: Some specified primitives were not used during DFS:
  groupby_trans_primitives: ['cum_count', 'cum_max', 'cum_mean', 'cum_min', 'cum_sum']
This may be caused by a using a value of max_depth that is too small, not setting interesting values, or it may indicate no compatible columns for the primitive were found in the data. If the DFS call contained multiple instances of a primitive in the list above, none of them were used.
  warnings.warn(warning_msg, UnusedPrimitiveWarning)
",,
9977,nomao,openml_task,amlb,classification,featuretools,0,4500,,,,,,,,,,,,,,,114.63575005531311,,,crash,":33: UserWarning: Could not infer format, so each element will be parsed individually, falling back to `dateutil`. To ensure parsing is consistent and as-expected, please specify a format.
  pd.to_datetime(
/home/ionutionut045/venv/lib/python3.11/site-packages/featuretools/synthesis/dfs.py:321: UnusedPrimitiveWarning: Some specified primitives were not used during DFS:
  groupby_trans_primitives: ['cum_count', 'cum_max', 'cum_mean', 'cum_min', 'cum_sum']
This may be caused by a using a value of max_depth that is too small, not setting interesting values, or it may indicate no compatible columns for the primitive were found in the data. If the DFS call contained multiple instances of a primitive in the list above, none of them were used.
  warnings.warn(warning_msg, UnusedPrimitiveWarning)
",,
9977,nomao,openml_task,amlb,classification,featuretools,2,4500,,,,,,,,,,,,,,,196.44192337989807,,,crash,":33: UserWarning: Could not infer format, so each element will be parsed individually, falling back to `dateutil`. To ensure parsing is consistent and as-expected, please specify a format.
  pd.to_datetime(
/home/ionutionut045/venv/lib/python3.11/site-packages/featuretools/synthesis/dfs.py:321: UnusedPrimitiveWarning: Some specified primitives were not used during DFS:
  groupby_trans_primitives: ['cum_count', 'cum_max', 'cum_mean', 'cum_min', 'cum_sum']
This may be caused by a using a value of max_depth that is too small, not setting interesting values, or it may indicate no compatible columns for the primitive were found in the data. If the DFS call contained multiple instances of a primitive in the list above, none of them were used.
  warnings.warn(warning_msg, UnusedPrimitiveWarning)
",,
9977,nomao,openml_task,amlb,classification,autofeat,3,4500,,,,,,,,,,,,,,,214.92187023162842,,,crash,"ttps://api.wandb.ai from /home/ionutionut045/.netrc.
wandb: Currently logged in as: ionutb to https://api.wandb.ai. Use `wandb login --relogin` to force relogin
wandb: Using an existing wandb-core service via WANDB_SERVICE.
wandb: WARNING Using a boolean value for 'reinit' is deprecated. Use 'return_previous' or 'finish_previous' instead.
wandb: Tracking run with wandb version 0.26.0
wandb: Run data is saved locally in /home/ionutionut045/tabularaml-refactored/wandb/run-20260430_154639-t0u9ssci
wandb: Run `wandb offline` to turn off syncing.
wandb: Syncing run autofeat_classification_nomao_seed3
wandb: ⭐️ View project at https://wandb.ai/ionutb/tabularaml-targeted-benchmark-binary-all-1h
wandb: 🚀 View run at https://wandb.ai/ionutb/tabularaml-targeted-benchmark-binary-all-1h/runs/t0u9ssci
",,
9977,nomao,openml_task,amlb,classification,autofeat,1,4500,,,,,,,,,,,,,,,226.44648241996765,,,crash,"ttps://api.wandb.ai from /home/ionutionut045/.netrc.
wandb: Currently logged in as: ionutb to https://api.wandb.ai. Use `wandb login --relogin` to force relogin
wandb: Using an existing wandb-core service via WANDB_SERVICE.
wandb: WARNING Using a boolean value for 'reinit' is deprecated. Use 'return_previous' or 'finish_previous' instead.
wandb: Tracking run with wandb version 0.26.0
wandb: Run data is saved locally in /home/ionutionut045/tabularaml-refactored/wandb/run-20260430_154638-kzevevvi
wandb: Run `wandb offline` to turn off syncing.
wandb: Syncing run autofeat_classification_nomao_seed1
wandb: ⭐️ View project at https://wandb.ai/ionutb/tabularaml-targeted-benchmark-binary-all-1h
wandb: 🚀 View run at https://wandb.ai/ionutb/tabularaml-targeted-benchmark-binary-all-1h/runs/kzevevvi
",,
9977,nomao,openml_task,amlb,classification,autofeat,0,4500,,,,,,,,,,,,,,,248.54195284843445,,,crash,"ttps://api.wandb.ai from /home/ionutionut045/.netrc.
wandb: Currently logged in as: ionutb to https://api.wandb.ai. Use `wandb login --relogin` to force relogin
wandb: Using an existing wandb-core service via WANDB_SERVICE.
wandb: WARNING Using a boolean value for 'reinit' is deprecated. Use 'return_previous' or 'finish_previous' instead.
wandb: Tracking run with wandb version 0.26.0
wandb: Run data is saved locally in /home/ionutionut045/tabularaml-refactored/wandb/run-20260430_154638-65sfvp5r
wandb: Run `wandb offline` to turn off syncing.
wandb: Syncing run autofeat_classification_nomao_seed0
wandb: ⭐️ View project at https://wandb.ai/ionutb/tabularaml-targeted-benchmark-binary-all-1h
wandb: 🚀 View run at https://wandb.ai/ionutb/tabularaml-targeted-benchmark-binary-all-1h/runs/65sfvp5r
",,
9977,nomao,openml_task,amlb,classification,autofeat,2,4500,,,,,,,,,,,,,,,1038.8800776004791,,,crash,"ttps://api.wandb.ai from /home/ionutionut045/.netrc.
wandb: Currently logged in as: ionutb to https://api.wandb.ai. Use `wandb login --relogin` to force relogin
wandb: Using an existing wandb-core service via WANDB_SERVICE.
wandb: WARNING Using a boolean value for 'reinit' is deprecated. Use 'return_previous' or 'finish_previous' instead.
wandb: Tracking run with wandb version 0.26.0
wandb: Run data is saved locally in /home/ionutionut045/tabularaml-refactored/wandb/run-20260430_154638-oqnigxn6
wandb: Run `wandb offline` to turn off syncing.
wandb: Syncing run autofeat_classification_nomao_seed2
wandb: ⭐️ View project at https://wandb.ai/ionutb/tabularaml-targeted-benchmark-binary-all-1h
wandb: 🚀 View run at https://wandb.ai/ionutb/tabularaml-targeted-benchmark-binary-all-1h/runs/oqnigxn6
",,
3903,pc3,openml_task,amlb,classification,tabularaml,3,4500,1250,313,37,,,,,,,,,,,,40.40745282173157,,,crash,ValueError: Input X contains infinity or a value too large for dtype('float64').,0.2.0,
9977,nomao,openml_task,amlb,classification,featuretools,0,4500,,,,,,,,,,,,,,,82.67854905128479,,,crash,":33: UserWarning: Could not infer format, so each element will be parsed individually, falling back to `dateutil`. To ensure parsing is consistent and as-expected, please specify a format.
  pd.to_datetime(
/home/ionutionut045/venv/lib/python3.11/site-packages/featuretools/synthesis/dfs.py:321: UnusedPrimitiveWarning: Some specified primitives were not used during DFS:
  groupby_trans_primitives: ['cum_count', 'cum_max', 'cum_mean', 'cum_min', 'cum_sum']
This may be caused by a using a value of max_depth that is too small, not setting interesting values, or it may indicate no compatible columns for the primitive were found in the data. If the DFS call contained multiple instances of a primitive in the list above, none of them were used.
  warnings.warn(warning_msg, UnusedPrimitiveWarning)
",,
9977,nomao,openml_task,amlb,classification,featuretools,2,4500,,,,,,,,,,,,,,,100.82064414024353,,,crash,":33: UserWarning: Could not infer format, so each element will be parsed individually, falling back to `dateutil`. To ensure parsing is consistent and as-expected, please specify a format.
  pd.to_datetime(
/home/ionutionut045/venv/lib/python3.11/site-packages/featuretools/synthesis/dfs.py:321: UnusedPrimitiveWarning: Some specified primitives were not used during DFS:
  groupby_trans_primitives: ['cum_count', 'cum_max', 'cum_mean', 'cum_min', 'cum_sum']
This may be caused by a using a value of max_depth that is too small, not setting interesting values, or it may indicate no compatible columns for the primitive were found in the data. If the DFS call contained multiple instances of a primitive in the list above, none of them were used.
  warnings.warn(warning_msg, UnusedPrimitiveWarning)
",,
9977,nomao,openml_task,amlb,classification,featuretools,1,4500,,,,,,,,,,,,,,,108.67170333862305,,,crash,":33: UserWarning: Could not infer format, so each element will be parsed individually, falling back to `dateutil`. To ensure parsing is consistent and as-expected, please specify a format.
  pd.to_datetime(
/home/ionutionut045/venv/lib/python3.11/site-packages/featuretools/synthesis/dfs.py:321: UnusedPrimitiveWarning: Some specified primitives were not used during DFS:
  groupby_trans_primitives: ['cum_count', 'cum_max', 'cum_mean', 'cum_min', 'cum_sum']
This may be caused by a using a value of max_depth that is too small, not setting interesting values, or it may indicate no compatible columns for the primitive were found in the data. If the DFS call contained multiple instances of a primitive in the list above, none of them were used.
  warnings.warn(warning_msg, UnusedPrimitiveWarning)
",,
9977,nomao,openml_task,amlb,classification,featuretools,4,4500,,,,,,,,,,,,,,,129.73533606529236,,,crash,":33: UserWarning: Could not infer format, so each element will be parsed individually, falling back to `dateutil`. To ensure parsing is consistent and as-expected, please specify a format.
  pd.to_datetime(
/home/ionutionut045/venv/lib/python3.11/site-packages/featuretools/synthesis/dfs.py:321: UnusedPrimitiveWarning: Some specified primitives were not used during DFS:
  groupby_trans_primitives: ['cum_count', 'cum_max', 'cum_mean', 'cum_min', 'cum_sum']
This may be caused by a using a value of max_depth that is too small, not setting interesting values, or it may indicate no compatible columns for the primitive were found in the data. If the DFS call contained multiple instances of a primitive in the list above, none of them were used.
  warnings.warn(warning_msg, UnusedPrimitiveWarning)
",,
9977,nomao,openml_task,amlb,classification,featuretools,3,4500,,,,,,,,,,,,,,,189.34481978416443,,,crash,":33: UserWarning: Could not infer format, so each element will be parsed individually, falling back to `dateutil`. To ensure parsing is consistent and as-expected, please specify a format.
  pd.to_datetime(
/home/ionutionut045/venv/lib/python3.11/site-packages/featuretools/synthesis/dfs.py:321: UnusedPrimitiveWarning: Some specified primitives were not used during DFS:
  groupby_trans_primitives: ['cum_count', 'cum_max', 'cum_mean', 'cum_min', 'cum_sum']
This may be caused by a using a value of max_depth that is too small, not setting interesting values, or it may indicate no compatible columns for the primitive were found in the data. If the DFS call contained multiple instances of a primitive in the list above, none of them were used.
  warnings.warn(warning_msg, UnusedPrimitiveWarning)
",,
9977,nomao,openml_task,amlb,classification,autofeat,4,4500,,,,,,,,,,,,,,,212.54861879348755,,,crash,"ttps://api.wandb.ai from /home/ionutionut045/.netrc.
wandb: Currently logged in as: ionutb to https://api.wandb.ai. Use `wandb login --relogin` to force relogin
wandb: Using an existing wandb-core service via WANDB_SERVICE.
wandb: WARNING Using a boolean value for 'reinit' is deprecated. Use 'return_previous' or 'finish_previous' instead.
wandb: Tracking run with wandb version 0.26.0
wandb: Run data is saved locally in /home/ionutionut045/tabularaml-refactored/wandb/run-20260430_162040-2k2usn7i
wandb: Run `wandb offline` to turn off syncing.
wandb: Syncing run autofeat_classification_nomao_seed4
wandb: ⭐️ View project at https://wandb.ai/ionutb/tabularaml-targeted-benchmark-binary-all-1h
wandb: 🚀 View run at https://wandb.ai/ionutb/tabularaml-targeted-benchmark-binary-all-1h/runs/2k2usn7i
",,
9977,nomao,openml_task,amlb,classification,autofeat,0,4500,,,,,,,,,,,,,,,222.6712601184845,,,crash,"ttps://api.wandb.ai from /home/ionutionut045/.netrc.
wandb: Currently logged in as: ionutb to https://api.wandb.ai. Use `wandb login --relogin` to force relogin
wandb: Using an existing wandb-core service via WANDB_SERVICE.
wandb: WARNING Using a boolean value for 'reinit' is deprecated. Use 'return_previous' or 'finish_previous' instead.
wandb: Tracking run with wandb version 0.26.0
wandb: Run data is saved locally in /home/ionutionut045/tabularaml-refactored/wandb/run-20260430_162041-s000kz8q
wandb: Run `wandb offline` to turn off syncing.
wandb: Syncing run autofeat_classification_nomao_seed0
wandb: ⭐️ View project at https://wandb.ai/ionutb/tabularaml-targeted-benchmark-binary-all-1h
wandb: 🚀 View run at https://wandb.ai/ionutb/tabularaml-targeted-benchmark-binary-all-1h/runs/s000kz8q
",,
9977,nomao,openml_task,amlb,classification,autofeat,2,4500,,,,,,,,,,,,,,,241.5424280166626,,,crash,"ttps://api.wandb.ai from /home/ionutionut045/.netrc.
wandb: Currently logged in as: ionutb to https://api.wandb.ai. Use `wandb login --relogin` to force relogin
wandb: Using an existing wandb-core service via WANDB_SERVICE.
wandb: WARNING Using a boolean value for 'reinit' is deprecated. Use 'return_previous' or 'finish_previous' instead.
wandb: Tracking run with wandb version 0.26.0
wandb: Run data is saved locally in /home/ionutionut045/tabularaml-refactored/wandb/run-20260430_162039-0ckh282f
wandb: Run `wandb offline` to turn off syncing.
wandb: Syncing run autofeat_classification_nomao_seed2
wandb: ⭐️ View project at https://wandb.ai/ionutb/tabularaml-targeted-benchmark-binary-all-1h
wandb: 🚀 View run at https://wandb.ai/ionutb/tabularaml-targeted-benchmark-binary-all-1h/runs/0ckh282f
",,
3903,pc3,openml_task,amlb,classification,tabularaml,3,4500,1250,313,37,,,,,,,,,,,,39.336196422576904,,,crash,ValueError: Input X contains infinity or a value too large for dtype('float64').,0.2.0,
9977,nomao,openml_task,amlb,classification,featuretools,4,4500,,,,,,,,,,,,,,,70.74263119697571,,,crash,":33: UserWarning: Could not infer format, so each element will be parsed individually, falling back to `dateutil`. To ensure parsing is consistent and as-expected, please specify a format.
  pd.to_datetime(
/home/ionutionut045/venv/lib/python3.11/site-packages/featuretools/synthesis/dfs.py:321: UnusedPrimitiveWarning: Some specified primitives were not used during DFS:
  groupby_trans_primitives: ['cum_count', 'cum_max', 'cum_mean', 'cum_min', 'cum_sum']
This may be caused by a using a value of max_depth that is too small, not setting interesting values, or it may indicate no compatible columns for the primitive were found in the data. If the DFS call contained multiple instances of a primitive in the list above, none of them were used.
  warnings.warn(warning_msg, UnusedPrimitiveWarning)
",,
9977,nomao,openml_task,amlb,classification,featuretools,1,4500,,,,,,,,,,,,,,,83.6407105922699,,,crash,":33: UserWarning: Could not infer format, so each element will be parsed individually, falling back to `dateutil`. To ensure parsing is consistent and as-expected, please specify a format.
  pd.to_datetime(
/home/ionutionut045/venv/lib/python3.11/site-packages/featuretools/synthesis/dfs.py:321: UnusedPrimitiveWarning: Some specified primitives were not used during DFS:
  groupby_trans_primitives: ['cum_count', 'cum_max', 'cum_mean', 'cum_min', 'cum_sum']
This may be caused by a using a value of max_depth that is too small, not setting interesting values, or it may indicate no compatible columns for the primitive were found in the data. If the DFS call contained multiple instances of a primitive in the list above, none of them were used.
  warnings.warn(warning_msg, UnusedPrimitiveWarning)
",,
9977,nomao,openml_task,amlb,classification,featuretools,0,4500,,,,,,,,,,,,,,,100.85469150543213,,,crash,":33: UserWarning: Could not infer format, so each element will be parsed individually, falling back to `dateutil`. To ensure parsing is consistent and as-expected, please specify a format.
  pd.to_datetime(
/home/ionutionut045/venv/lib/python3.11/site-packages/featuretools/synthesis/dfs.py:321: UnusedPrimitiveWarning: Some specified primitives were not used during DFS:
  groupby_trans_primitives: ['cum_count', 'cum_max', 'cum_mean', 'cum_min', 'cum_sum']
This may be caused by a using a value of max_depth that is too small, not setting interesting values, or it may indicate no compatible columns for the primitive were found in the data. If the DFS call contained multiple instances of a primitive in the list above, none of them were used.
  warnings.warn(warning_msg, UnusedPrimitiveWarning)
",,
9977,nomao,openml_task,amlb,classification,featuretools,2,4500,,,,,,,,,,,,,,,121.21437907218933,,,crash,":33: UserWarning: Could not infer format, so each element will be parsed individually, falling back to `dateutil`. To ensure parsing is consistent and as-expected, please specify a format.
  pd.to_datetime(
/home/ionutionut045/venv/lib/python3.11/site-packages/featuretools/synthesis/dfs.py:321: UnusedPrimitiveWarning: Some specified primitives were not used during DFS:
  groupby_trans_primitives: ['cum_count', 'cum_max', 'cum_mean', 'cum_min', 'cum_sum']
This may be caused by a using a value of max_depth that is too small, not setting interesting values, or it may indicate no compatible columns for the primitive were found in the data. If the DFS call contained multiple instances of a primitive in the list above, none of them were used.
  warnings.warn(warning_msg, UnusedPrimitiveWarning)
",,
