dataset_id,dataset_name,dataset_source,suite,task,framework,seed,time_budget_s,n_train,n_test,n_features_before,n_features_after,n_added,score_holdout,scorer_name,scorer_greater_is_better,score_nofe_same_seed,pct_improvement,wall_time_fit,wall_time_transform,wall_time_total,peak_rss_mb,n_boost_rounds,status,error_msg,adapter_version,internal_log_json
23,cmc,openml_task,amlb,multiclass,nofe,0,4500,1178,295,9,9,0,0.8782893031582995,categorical_crossentropy,False,0.8782893031582995,-0.0,0.002925872802734375,0.00010776519775390625,2.8622474670410156,331.29296875,39,ok,,1.0.0,{}
53,vehicle,openml_task,amlb,multiclass,nofe,0,4500,676,170,18,18,0,0.5467296974048675,categorical_crossentropy,False,0.5467296974048675,-0.0,0.0033686161041259766,6.508827209472656e-05,3.045515298843384,337.60546875,173,ok,,1.0.0,{}
18,mfeat-morphological,openml_task,amlb,multiclass,nofe,2,4500,1600,400,6,6,0,0.7318049381300807,categorical_crossentropy,False,0.7318049381300807,-0.0,0.0019097328186035156,7.677078247070312e-05,3.0717403888702393,342.8203125,88,ok,,1.0.0,{}
53,vehicle,openml_task,amlb,multiclass,nofe,1,4500,676,170,18,18,0,0.5060756933820598,categorical_crossentropy,False,0.5060756933820598,-0.0,0.0028924942016601562,5.316734313964844e-05,3.3364522457122803,336.8046875,178,ok,,1.0.0,{}
23,cmc,openml_task,amlb,multiclass,nofe,3,4500,1178,295,9,9,0,0.906591512843714,categorical_crossentropy,False,0.906591512843714,-0.0,0.003871917724609375,0.00012040138244628906,3.3539340496063232,333.16796875,53,ok,,1.0.0,{}
49,tic-tac-toe,openml_task,amlb,classification,nofe,0,4500,766,192,9,9,0,0.9998805970149254,binary_roc_auc,True,0.9998805970149254,0.0,0.0066874027252197266,0.00011205673217773438,3.521834373474121,341.77734375,1611,ok,,1.0.0,{}
29,credit-approval,openml_task,amlb,classification,nofe,2,4500,552,138,15,15,0,0.9331488183947201,binary_roc_auc,True,0.9331488183947201,0.0,0.004729032516479492,0.00013184547424316406,3.8576974868774414,332.796875,75,ok,,1.0.0,{}
37,diabetes,openml_task,amlb,classification,nofe,3,4500,614,154,8,8,0,0.8099999999999999,binary_roc_auc,True,0.8099999999999999,0.0,0.0038673877716064453,8.082389831542969e-05,3.562093734741211,330.484375,40,ok,,1.0.0,{}
11,balance-scale,openml_task,amlb,multiclass,nofe,0,4500,500,125,4,4,0,0.3983258527903943,categorical_crossentropy,False,0.3983258527903943,-0.0,0.003800630569458008,6.270408630371094e-05,4.226552724838257,347.34765625,774,ok,,1.0.0,{}
53,vehicle,openml_task,amlb,multiclass,nofe,3,4500,676,170,18,18,0,0.48383719340131126,categorical_crossentropy,False,0.48383719340131126,-0.0,0.003058910369873047,6.151199340820312e-05,3.8516368865966797,339.08984375,206,ok,,1.0.0,{}
15,breast-w,openml_task,amlb,classification,nofe,2,4500,559,140,9,9,0,0.996376811594203,binary_roc_auc,True,0.996376811594203,0.0,0.004759073257446289,7.033348083496094e-05,4.220862627029419,326.50390625,120,ok,,1.0.0,{}
18,mfeat-morphological,openml_task,amlb,multiclass,nofe,4,4500,1600,400,6,6,0,0.6659609004145023,categorical_crossentropy,False,0.6659609004145023,-0.0,0.004740238189697266,9.560585021972656e-05,4.43125057220459,342.1015625,123,ok,,1.0.0,{}
23,cmc,openml_task,amlb,multiclass,nofe,4,4500,1178,295,9,9,0,0.9537930679775901,categorical_crossentropy,False,0.9537930679775901,-0.0,0.005413055419921875,0.00012063980102539062,4.458063364028931,332.49609375,53,ok,,1.0.0,{}
45,splice,openml_task,amlb,multiclass,nofe,1,4500,2552,638,60,60,0,0.10927609329053746,categorical_crossentropy,False,0.10927609329053746,-0.0,0.003804922103881836,0.0003921985626220703,4.880874156951904,344.79296875,397,ok,,1.0.0,{}
31,credit-g,openml_task,amlb,classification,nofe,1,4500,800,200,20,20,0,0.8394047619047619,binary_roc_auc,True,0.8394047619047619,0.0,0.005495548248291016,0.00017380714416503906,4.997169733047485,332.47265625,52,ok,,1.0.0,{}
11,balance-scale,openml_task,amlb,multiclass,nofe,4,4500,500,125,4,4,0,0.316971960455524,categorical_crossentropy,False,0.316971960455524,-0.0,0.0034856796264648438,4.267692565917969e-05,5.106674671173096,358.109375,1244,ok,,1.0.0,{}
45,splice,openml_task,amlb,multiclass,nofe,0,4500,2552,638,60,60,0,0.10464843392430886,categorical_crossentropy,False,0.10464843392430886,-0.0,0.0043792724609375,0.0005042552947998047,5.21723747253418,348.83984375,399,ok,,1.0.0,{}
53,vehicle,openml_task,amlb,multiclass,nofe,2,4500,676,170,18,18,0,0.6314152051716091,categorical_crossentropy,False,0.6314152051716091,-0.0,0.004073619842529297,9.822845458984375e-05,5.239706754684448,349.83984375,487,ok,,1.0.0,{}
43,spambase,openml_task,amlb,classification,nofe,4,4500,3680,921,57,57,0,0.984739871836646,binary_roc_auc,True,0.984739871836646,0.0,0.014986276626586914,0.0009906291961669922,5.293569803237915,351.46875,265,ok,,1.0.0,{}
23,cmc,openml_task,amlb,multiclass,nofe,2,4500,1178,295,9,9,0,0.9421315007038036,categorical_crossentropy,False,0.9421315007038036,-0.0,0.0039632320404052734,0.00013589859008789062,5.499579668045044,333.66015625,41,ok,,1.0.0,{}
45,splice,openml_task,amlb,multiclass,nofe,4,4500,2552,638,60,60,0,0.08614809362049547,categorical_crossentropy,False,0.08614809362049547,-0.0,0.004057168960571289,0.0004017353057861328,5.575632810592651,343.703125,207,ok,,1.0.0,{}
18,mfeat-morphological,openml_task,amlb,multiclass,nofe,0,4500,1600,400,6,6,0,0.7048181116237537,categorical_crossentropy,False,0.7048181116237537,-0.0,0.0029723644256591797,5.459785461425781e-05,5.486554861068726,342.703125,149,ok,,1.0.0,{}
11,balance-scale,openml_task,amlb,multiclass,nofe,1,4500,500,125,4,4,0,0.40813705633452446,categorical_crossentropy,False,0.40813705633452446,-0.0,0.003686189651489258,5.0067901611328125e-05,5.540984869003296,339.5625,427,ok,,1.0.0,{}
15,breast-w,openml_task,amlb,classification,nofe,4,4500,559,140,9,9,0,0.9875452898550725,binary_roc_auc,True,0.9875452898550725,0.0,0.00467991828918457,6.437301635742188e-05,5.972168684005737,327.72265625,583,ok,,1.0.0,{}
37,diabetes,openml_task,amlb,classification,nofe,1,4500,614,154,8,8,0,0.8296296296296296,binary_roc_auc,True,0.8296296296296296,0.0,0.006702899932861328,0.00011229515075683594,6.08477783203125,331.45703125,75,ok,,1.0.0,{}
11,balance-scale,openml_task,amlb,multiclass,nofe,3,4500,500,125,4,4,0,0.5118981068106369,categorical_crossentropy,False,0.5118981068106369,-0.0,0.0038220882415771484,6.651878356933594e-05,6.186668157577515,337.4140625,144,ok,,1.0.0,{}
49,tic-tac-toe,openml_task,amlb,classification,nofe,1,4500,766,192,9,9,0,1.0,binary_roc_auc,True,1.0,0.0,0.009264945983886719,0.0002124309539794922,6.612491846084595,336.53125,755,ok,,1.0.0,{}
45,splice,openml_task,amlb,multiclass,nofe,3,4500,2552,638,60,60,0,0.09945231656937861,categorical_crossentropy,False,0.09945231656937861,-0.0,0.00439143180847168,0.0004405975341796875,6.703113079071045,340.98046875,168,ok,,1.0.0,{}
37,diabetes,openml_task,amlb,classification,nofe,2,4500,614,154,8,8,0,0.7935185185185185,binary_roc_auc,True,0.7935185185185185,0.0,0.005238533020019531,6.961822509765625e-05,6.726593494415283,328.1640625,40,ok,,1.0.0,{}
11,balance-scale,openml_task,amlb,multiclass,nofe,2,4500,500,125,4,4,0,0.4370946313311169,categorical_crossentropy,False,0.4370946313311169,-0.0,0.007920503616333008,5.888938903808594e-05,6.971039772033691,343.05859375,491,ok,,1.0.0,{}
29,credit-approval,openml_task,amlb,classification,nofe,1,4500,552,138,15,15,0,0.9358100915477966,binary_roc_auc,True,0.9358100915477966,0.0,0.006852865219116211,0.00023102760314941406,7.128762722015381,329.51953125,56,ok,,1.0.0,{}
15,breast-w,openml_task,amlb,classification,nofe,1,4500,559,140,9,9,0,0.9827898550724637,binary_roc_auc,True,0.9827898550724637,0.0,0.008130311965942383,7.033348083496094e-05,7.311102867126465,333.52734375,139,ok,,1.0.0,{}
18,mfeat-morphological,openml_task,amlb,multiclass,nofe,1,4500,1600,400,6,6,0,0.6376916209072806,categorical_crossentropy,False,0.6376916209072806,-0.0,0.00764155387878418,0.00010347366333007812,7.250741004943848,340.96484375,103,ok,,1.0.0,{}
3,kr-vs-kp,openml_task,amlb,classification,nofe,2,4500,2556,640,36,36,0,0.9998336660013307,binary_roc_auc,True,0.9998336660013307,0.0,0.009664297103881836,0.0004620552062988281,7.560644865036011,337.53125,415,ok,,1.0.0,{}
3,kr-vs-kp,openml_task,amlb,classification,nofe,4,4500,2556,640,36,36,0,0.9999217251770969,binary_roc_auc,True,0.9999217251770969,0.0,0.007834196090698242,0.0005271434783935547,7.937647342681885,333.46875,374,ok,,1.0.0,{}
53,vehicle,openml_task,amlb,multiclass,nofe,4,4500,676,170,18,18,0,0.5533786327304209,categorical_crossentropy,False,0.5533786327304209,-0.0,0.008540630340576172,0.00010848045349121094,7.805128574371338,336.00390625,89,ok,,1.0.0,{}
23,cmc,openml_task,amlb,multiclass,nofe,1,4500,1178,295,9,9,0,0.9272280438471648,categorical_crossentropy,False,0.9272280438471648,-0.0,0.0069239139556884766,0.00020647048950195312,8.013514041900635,329.54296875,25,ok,,1.0.0,{}
18,mfeat-morphological,openml_task,amlb,multiclass,nofe,3,4500,1600,400,6,6,0,0.6498038967303,categorical_crossentropy,False,0.6498038967303,-0.0,0.0037360191345214844,7.176399230957031e-05,8.171026945114136,341.92578125,99,ok,,1.0.0,{}
3,kr-vs-kp,openml_task,amlb,classification,nofe,3,4500,2556,640,36,36,0,0.9998140972956049,binary_roc_auc,True,0.9998140972956049,0.0,0.009101629257202148,0.00047898292541503906,7.945061683654785,333.4296875,258,ok,,1.0.0,{}
16,mfeat-karhunen,openml_task,amlb,multiclass,nofe,2,4500,1600,400,64,64,0,0.24329914196718164,categorical_crossentropy,False,0.24329914196718164,-0.0,0.0032019615173339844,0.0002658367156982422,19.784881114959717,378.84375,687,ok,,1.0.0,{}
28,optdigits,openml_task,amlb,multiclass,nofe,4,4500,4496,1124,62,62,0,0.06703849414178167,categorical_crossentropy,False,0.06703849414178167,-0.0,0.007737636566162109,0.0009272098541259766,19.562468767166138,398.81640625,627,ok,,1.0.0,{}
2074,satimage,openml_task,amlb,multiclass,nofe,3,4500,5144,1286,36,36,0,0.23225601124764386,categorical_crossentropy,False,0.23225601124764386,-0.0,0.01238250732421875,0.0008282661437988281,13.24001932144165,365.2734375,255,ok,,1.0.0,{}
14,mfeat-fourier,openml_task,amlb,multiclass,nofe,0,4500,1600,400,76,76,0,0.45402548640035095,categorical_crossentropy,False,0.45402548640035095,-0.0,0.004620552062988281,0.00023317337036132812,19.637827157974243,356.67578125,173,ok,,1.0.0,{}
2074,satimage,openml_task,amlb,multiclass,nofe,0,4500,5144,1286,36,36,0,0.22787045577830356,categorical_crossentropy,False,0.22787045577830356,-0.0,0.018028974533081055,0.0014417171478271484,13.661435842514038,370.86328125,338,ok,,1.0.0,{}
3549,analcatdata_authorship,openml_task,amlb,multiclass,nofe,0,4500,672,169,70,70,0,0.04211639626061519,categorical_crossentropy,False,0.04211639626061519,-0.0,0.002828359603881836,0.005808830261230469,10.136422157287598,345.1640625,666,ok,,1.0.0,{}
3022,vowel,openml_task,amlb,multiclass,nofe,4,4500,792,198,12,12,0,0.2873169834239907,categorical_crossentropy,False,0.2873169834239907,-0.0,0.00820612907409668,0.00013256072998046875,10.912968158721924,366.0703125,496,ok,,1.0.0,{}
16,mfeat-karhunen,openml_task,amlb,multiclass,nofe,3,4500,1600,400,64,64,0,0.16038095012754638,categorical_crossentropy,False,0.16038095012754638,-0.0,0.00656580924987793,0.0007529258728027344,20.838271856307983,407.87109375,1336,ok,,1.0.0,{}
3560,analcatdata_dmft,openml_task,amlb,multiclass,nofe,1,4500,637,160,4,4,0,1.7768973022699357,categorical_crossentropy,False,1.7768973022699357,-0.0,0.002877473831176758,7.605552673339844e-05,9.176815032958984,332.43359375,13,ok,,1.0.0,{}
2074,satimage,openml_task,amlb,multiclass,nofe,4,4500,5144,1286,36,36,0,0.21997229220222797,categorical_crossentropy,False,0.21997229220222797,-0.0,0.00955510139465332,0.0005781650543212891,13.822837352752686,366.60546875,293,ok,,1.0.0,{}
219,electricity,openml_task,amlb,classification,nofe,2,4500,36249,9063,8,8,0,0.982735462433449,binary_roc_auc,True,0.982735462433449,0.0,0.02715611457824707,0.00045943260192871094,14.922683238983154,392.6796875,1999,ok,,1.0.0,{}
3022,vowel,openml_task,amlb,multiclass,nofe,1,4500,792,198,12,12,0,0.27421495976894295,categorical_crossentropy,False,0.27421495976894295,-0.0,0.00714564323425293,0.00015473365783691406,11.320501327514648,386.41015625,895,ok,,1.0.0,{}
219,electricity,openml_task,amlb,classification,nofe,3,4500,36249,9063,8,8,0,0.9817428037226695,binary_roc_auc,True,0.9817428037226695,0.0,0.03344440460205078,0.0005965232849121094,14.78609561920166,393.69921875,1997,ok,,1.0.0,{}
219,electricity,openml_task,amlb,classification,nofe,1,4500,36249,9063,8,8,0,0.9824918324918324,binary_roc_auc,True,0.9824918324918324,0.0,0.021676063537597656,0.0012578964233398438,15.239902973175049,390.17578125,1997,ok,,1.0.0,{}
3549,analcatdata_authorship,openml_task,amlb,multiclass,nofe,3,4500,672,169,70,70,0,0.04114013949170441,categorical_crossentropy,False,0.04114013949170441,-0.0,0.0018422603607177734,0.00021266937255859375,9.597826480865479,344.921875,683,ok,,1.0.0,{}
3022,vowel,openml_task,amlb,multiclass,nofe,0,4500,792,198,12,12,0,0.22063076968547052,categorical_crossentropy,False,0.22063076968547052,-0.0,0.0035529136657714844,0.004160404205322266,12.099135637283325,359.83203125,413,ok,,1.0.0,{}
14,mfeat-fourier,openml_task,amlb,multiclass,nofe,3,4500,1600,400,76,76,0,0.4808481043062056,categorical_crossentropy,False,0.4808481043062056,-0.0,0.003540515899658203,0.00032711029052734375,20.94206166267395,360.7421875,226,ok,,1.0.0,{}
3560,analcatdata_dmft,openml_task,amlb,multiclass,nofe,2,4500,637,160,4,4,0,1.7418013997375965,categorical_crossentropy,False,1.7418013997375965,-0.0,0.0036520957946777344,7.557868957519531e-05,9.769060373306274,336.16796875,34,ok,,1.0.0,{}
32,pendigits,openml_task,amlb,multiclass,nofe,3,4500,8793,2199,16,16,0,0.024240221755025115,categorical_crossentropy,False,0.024240221755025115,-0.0,0.009792089462280273,0.0005390644073486328,20.900838136672974,382.8984375,546,ok,,1.0.0,{}
219,electricity,openml_task,amlb,classification,nofe,4,4500,36249,9063,8,8,0,0.9822684344496425,binary_roc_auc,True,0.9822684344496425,0.0,0.035573720932006836,0.0011470317840576172,14.884239673614502,393.203125,1999,ok,,1.0.0,{}
3560,analcatdata_dmft,openml_task,amlb,multiclass,nofe,0,4500,637,160,4,4,0,1.7749564833939075,categorical_crossentropy,False,1.7749564833939075,-0.0,0.004327535629272461,9.560585021972656e-05,9.91332721710205,332.0078125,15,ok,,1.0.0,{}
3022,vowel,openml_task,amlb,multiclass,nofe,2,4500,792,198,12,12,0,0.20491819555202095,categorical_crossentropy,False,0.20491819555202095,-0.0,0.01609063148498535,0.00019359588623046875,12.168926477432251,340.34375,456,ok,,1.0.0,{}
3560,analcatdata_dmft,openml_task,amlb,multiclass,nofe,3,4500,637,160,4,4,0,1.8009421963244676,categorical_crossentropy,False,1.8009421963244676,-0.0,0.0036804676055908203,8.511543273925781e-05,9.240576028823853,337.89453125,38,ok,,1.0.0,{}
14,mfeat-fourier,openml_task,amlb,multiclass,nofe,2,4500,1600,400,76,76,0,0.4500774758253829,categorical_crossentropy,False,0.4500774758253829,-0.0,0.002922534942626953,0.00028705596923828125,21.593337535858154,363.34765625,283,ok,,1.0.0,{}
3560,analcatdata_dmft,openml_task,amlb,multiclass,nofe,4,4500,637,160,4,4,0,1.806726309657097,categorical_crossentropy,False,1.806726309657097,-0.0,0.005120038986206055,0.0001246929168701172,9.863293170928955,336.671875,34,ok,,1.0.0,{}
3549,analcatdata_authorship,openml_task,amlb,multiclass,nofe,4,4500,672,169,70,70,0,0.030129638558547094,categorical_crossentropy,False,0.030129638558547094,-0.0,0.002025604248046875,0.00029468536376953125,10.413932085037231,343.4921875,635,ok,,1.0.0,{}
3549,analcatdata_authorship,openml_task,amlb,multiclass,nofe,2,4500,672,169,70,70,0,0.04492631945059877,categorical_crossentropy,False,0.04492631945059877,-0.0,0.0020453929901123047,0.00021409988403320312,10.415295839309692,339.27734375,342,ok,,1.0.0,{}
3022,vowel,openml_task,amlb,multiclass,nofe,3,4500,792,198,12,12,0,0.31921468826035515,categorical_crossentropy,False,0.31921468826035515,-0.0,0.008124113082885742,0.0002770423889160156,12.716477155685425,387.6484375,932,ok,,1.0.0,{}
49,tic-tac-toe,openml_task,amlb,classification,nofe,3,4500,766,192,9,9,0,1.0,binary_roc_auc,True,1.0,0.0,0.00627589225769043,0.00017881393432617188,23.379595518112183,332.92578125,921,ok,,1.0.0,{}
28,optdigits,openml_task,amlb,multiclass,nofe,0,4500,4496,1124,62,62,0,0.08089492620322523,categorical_crossentropy,False,0.08089492620322523,-0.0,0.011031627655029297,0.0011303424835205078,23.56226682662964,413.7421875,881,ok,,1.0.0,{}
31,credit-g,openml_task,amlb,classification,nofe,0,4500,800,200,20,20,0,0.780952380952381,binary_roc_auc,True,0.780952380952381,0.0,0.02012467384338379,0.00023102760314941406,23.487503051757812,329.2890625,98,ok,,1.0.0,{}
31,credit-g,openml_task,amlb,classification,nofe,4,4500,800,200,20,20,0,0.7635714285714286,binary_roc_auc,True,0.7635714285714286,0.0,0.011914730072021484,0.00023293495178222656,23.722944974899292,324.61328125,36,ok,,1.0.0,{}
31,credit-g,openml_task,amlb,classification,nofe,3,4500,800,200,20,20,0,0.771547619047619,binary_roc_auc,True,0.771547619047619,0.0,0.006344795227050781,0.0002167224884033203,24.041946172714233,331.83984375,62,ok,,1.0.0,{}
15,breast-w,openml_task,amlb,classification,nofe,0,4500,559,140,9,9,0,0.9884510869565217,binary_roc_auc,True,0.9884510869565217,0.0,0.003108501434326172,0.0021660327911376953,23.87590789794922,331.69140625,128,ok,,1.0.0,{}
22,mfeat-zernike,openml_task,amlb,multiclass,nofe,1,4500,1600,400,47,47,0,0.5164577047753847,categorical_crossentropy,False,0.5164577047753847,-0.0,0.004822492599487305,0.00014281272888183594,23.94363284111023,355.19921875,160,ok,,1.0.0,{}
37,diabetes,openml_task,amlb,classification,nofe,0,4500,614,154,8,8,0,0.850925925925926,binary_roc_auc,True,0.850925925925926,0.0,0.004749298095703125,0.0020439624786376953,23.991286516189575,324.80859375,48,ok,,1.0.0,{}
31,credit-g,openml_task,amlb,classification,nofe,2,4500,800,200,20,20,0,0.7966666666666666,binary_roc_auc,True,0.7966666666666666,0.0,0.008660316467285156,0.00020170211791992188,24.43296241760254,330.625,38,ok,,1.0.0,{}
3917,kc1,openml_task,amlb,classification,nofe,0,4500,1687,422,21,21,0,0.8382891618185736,binary_roc_auc,True,0.8382891618185736,0.0,0.007428646087646484,8.463859558105469e-05,9.872177362442017,332.703125,52,ok,,1.0.0,{}
3917,kc1,openml_task,amlb,classification,nofe,3,4500,1687,422,21,21,0,0.8409609997845292,binary_roc_auc,True,0.8409609997845292,0.0,0.008085250854492188,9.751319885253906e-05,8.61532998085022,336.3203125,63,ok,,1.0.0,{}
3917,kc1,openml_task,amlb,classification,nofe,4,4500,1687,422,21,21,0,0.8358758888170653,binary_roc_auc,True,0.8358758888170653,0.0,0.006419181823730469,0.00010466575622558594,8.663663864135742,332.7734375,39,ok,,1.0.0,{}
3549,analcatdata_authorship,openml_task,amlb,multiclass,nofe,1,4500,672,169,70,70,0,0.04780875646578804,categorical_crossentropy,False,0.04780875646578804,-0.0,0.003109455108642578,0.0002849102020263672,24.10504984855652,341.43359375,404,ok,,1.0.0,{}
3918,pc1,openml_task,amlb,classification,nofe,2,4500,887,222,21,21,0,0.8969404186795491,binary_roc_auc,True,0.8969404186795491,0.0,0.008138179779052734,8.344650268554688e-05,8.49281358718872,331.24609375,49,ok,,1.0.0,{}
3918,pc1,openml_task,amlb,classification,nofe,1,4500,887,222,21,21,0,0.8169082125603865,binary_roc_auc,True,0.8169082125603865,0.0,0.002449512481689453,9.584426879882812e-05,9.084239482879639,333.234375,48,ok,,1.0.0,{}
3918,pc1,openml_task,amlb,classification,nofe,4,4500,887,222,21,21,0,0.9175523349436393,binary_roc_auc,True,0.9175523349436393,0.0,0.003951072692871094,6.222724914550781e-05,8.58454155921936,333.2421875,40,ok,,1.0.0,{}
3918,pc1,openml_task,amlb,classification,nofe,0,4500,887,222,21,21,0,0.914975845410628,binary_roc_auc,True,0.914975845410628,0.0,0.005754709243774414,7.772445678710938e-05,9.20965313911438,333.71875,50,ok,,1.0.0,{}
3918,pc1,openml_task,amlb,classification,nofe,3,4500,887,222,21,21,0,0.8826086956521739,binary_roc_auc,True,0.8826086956521739,0.0,0.005686283111572266,7.796287536621094e-05,9.315269231796265,328.9765625,2,ok,,1.0.0,{}
7592,adult,openml_task,amlb,classification,nofe,1,4500,39073,9769,14,14,0,0.9340113244875381,binary_roc_auc,True,0.9340113244875381,0.0,0.021007776260375977,0.0004153251647949219,11.22898817062378,359.63671875,276,ok,,1.0.0,{}
7592,adult,openml_task,amlb,classification,nofe,0,4500,39073,9769,14,14,0,0.9275308889689333,binary_roc_auc,True,0.9275308889689333,0.0,0.01943683624267578,0.0004265308380126953,11.54189682006836,366.26171875,349,ok,,1.0.0,{}
6,letter,openml_task,amlb,multiclass,nofe,1,4500,16000,4000,16,16,0,0.121318590357945,categorical_crossentropy,False,0.121318590357945,-0.0,0.010606050491333008,0.0009944438934326172,39.655914068222046,580.49609375,1035,ok,,1.0.0,{}
37,diabetes,openml_task,amlb,classification,nofe,4,4500,614,154,8,8,0,0.7966666666666667,binary_roc_auc,True,0.7966666666666667,0.0,0.006329059600830078,0.00301361083984375,39.35658383369446,330.0234375,31,ok,,1.0.0,{}
9946,wdbc,openml_task,amlb,classification,nofe,0,4500,455,114,30,30,0,0.9910714285714286,binary_roc_auc,True,0.9910714285714286,0.0,0.003213644027709961,5.7697296142578125e-05,2.14280366897583,332.671875,605,ok,,1.0.0,{}
22,mfeat-zernike,openml_task,amlb,multiclass,nofe,3,4500,1600,400,47,47,0,0.5725240226939786,categorical_crossentropy,False,0.5725240226939786,-0.0,0.004515171051025391,0.00014543533325195312,40.48668599128723,346.609375,129,ok,,1.0.0,{}
29,credit-approval,openml_task,amlb,classification,nofe,4,4500,552,138,15,15,0,0.9293165850542899,binary_roc_auc,True,0.9293165850542899,0.0,0.0067250728607177734,0.0002536773681640625,40.74816060066223,330.3125,157,ok,,1.0.0,{}
3,kr-vs-kp,openml_task,amlb,classification,nofe,0,4500,2556,640,36,36,0,0.9999804312942742,binary_roc_auc,True,0.9999804312942742,0.0,0.005427837371826172,0.0003581047058105469,40.9270122051239,332.73828125,577,ok,,1.0.0,{}
3902,pc4,openml_task,amlb,classification,nofe,0,4500,1166,292,37,37,0,0.9319661458333333,binary_roc_auc,True,0.9319661458333333,0.0,0.006936788558959961,6.389617919921875e-05,17.752453088760376,334.26171875,47,ok,,1.0.0,{}
49,tic-tac-toe,openml_task,amlb,classification,nofe,2,4500,766,192,9,9,0,0.9992835820895523,binary_roc_auc,True,0.9992835820895523,0.0,0.019604921340942383,0.0002071857452392578,40.792691707611084,330.8359375,702,ok,,1.0.0,{}
3903,pc3,openml_task,amlb,classification,nofe,0,4500,1250,313,37,37,0,0.8294595195729537,binary_roc_auc,True,0.8294595195729537,0.0,0.006708621978759766,0.00010228157043457031,17.99843168258667,335.83984375,77,ok,,1.0.0,{}
3902,pc4,openml_task,amlb,classification,nofe,4,4500,1166,292,37,37,0,0.9645182291666666,binary_roc_auc,True,0.9645182291666666,0.0,0.004739284515380859,0.0001418590545654297,18.22366189956665,334.4453125,69,ok,,1.0.0,{}
3904,jm1,openml_task,amlb,classification,nofe,3,4500,8708,2177,21,21,0,0.7282706323484057,binary_roc_auc,True,0.7282706323484057,0.0,0.0076329708099365234,0.00041484832763671875,17.915147304534912,351.73828125,117,ok,,1.0.0,{}
22,mfeat-zernike,openml_task,amlb,multiclass,nofe,0,4500,1600,400,47,47,0,0.5969461210348527,categorical_crossentropy,False,0.5969461210348527,-0.0,0.003478527069091797,0.0002040863037109375,41.225666761398315,355.55078125,179,ok,,1.0.0,{}
3903,pc3,openml_task,amlb,classification,nofe,2,4500,1250,313,37,37,0,0.8341303380782916,binary_roc_auc,True,0.8341303380782916,0.0,0.007919788360595703,0.00016450881958007812,18.214990854263306,336.07421875,27,ok,,1.0.0,{}
7592,adult,openml_task,amlb,classification,nofe,2,4500,39073,9769,14,14,0,0.9287008197112897,binary_roc_auc,True,0.9287008197112897,0.0,0.017386674880981445,0.0003516674041748047,4.661734342575073,363.90625,324,ok,,1.0.0,{}
3903,pc3,openml_task,amlb,classification,nofe,3,4500,1250,313,37,37,0,0.8395796263345195,binary_roc_auc,True,0.8395796263345195,0.0,0.00513911247253418,9.441375732421875e-05,18.70166802406311,335.47265625,73,ok,,1.0.0,{}
7592,adult,openml_task,amlb,classification,nofe,4,4500,39073,9769,14,14,0,0.9291311833913349,binary_roc_auc,True,0.9291311833913349,0.0,0.013454437255859375,0.0003705024719238281,4.32194709777832,359.80859375,282,ok,,1.0.0,{}
32,pendigits,openml_task,amlb,multiclass,nofe,2,4500,8793,2199,16,16,0,0.04034747411545071,categorical_crossentropy,False,0.04034747411545071,-0.0,0.012243509292602539,0.0005958080291748047,41.63546347618103,386.9296875,649,ok,,1.0.0,{}
7592,adult,openml_task,amlb,classification,nofe,3,4500,39073,9769,14,14,0,0.9310508690215165,binary_roc_auc,True,0.9310508690215165,0.0,0.023467540740966797,0.00038623809814453125,4.977133750915527,366.1875,376,ok,,1.0.0,{}
3904,jm1,openml_task,amlb,classification,nofe,1,4500,8708,2177,21,21,0,0.746505364708174,binary_roc_auc,True,0.746505364708174,0.0,0.011087179183959961,0.000446319580078125,18.49081563949585,347.66796875,134,ok,,1.0.0,{}
3902,pc4,openml_task,amlb,classification,nofe,1,4500,1166,292,37,37,0,0.9491102430555555,binary_roc_auc,True,0.9491102430555555,0.0,0.007147312164306641,0.00010824203491210938,19.180893659591675,334.4453125,98,ok,,1.0.0,{}
43,spambase,openml_task,amlb,classification,nofe,1,4500,3680,921,57,57,0,0.9873663319411119,binary_roc_auc,True,0.9873663319411119,0.0,0.01114344596862793,0.0008304119110107422,41.920592308044434,352.25,280,ok,,1.0.0,{}
32,pendigits,openml_task,amlb,multiclass,nofe,0,4500,8793,2199,16,16,0,0.034724765404783184,categorical_crossentropy,False,0.034724765404783184,-0.0,0.005012035369873047,0.0002002716064453125,49.51702165603638,381.78515625,539,ok,,1.0.0,{}
9960,wall-robot-navigation,openml_task,amlb,multiclass,nofe,0,4500,4364,1092,24,24,0,0.008016406342097574,categorical_crossentropy,False,0.008016406342097574,-0.0,0.008701562881469727,0.0003108978271484375,5.784215927124023,350.05078125,337,ok,,1.0.0,{}
9964,semeion,openml_task,amlb,multiclass,nofe,3,4500,1274,319,256,256,0,0.21690629112540064,categorical_crossentropy,False,0.21690629112540064,-0.0,0.004236698150634766,6.341934204101562e-05,5.255616903305054,363.30078125,307,ok,,1.0.0,{}
9960,wall-robot-navigation,openml_task,amlb,multiclass,nofe,4,4500,4364,1092,24,24,0,0.010262408473752843,categorical_crossentropy,False,0.010262408473752843,-0.0,0.004100322723388672,7.009506225585938e-05,5.485208511352539,376.35546875,1585,ok,,1.0.0,{}
9946,wdbc,openml_task,amlb,classification,nofe,2,4500,455,114,30,30,0,0.9927248677248677,binary_roc_auc,True,0.9927248677248677,0.0,0.0037822723388671875,5.459785461425781e-05,9.300318479537964,335.22265625,113,ok,,1.0.0,{}
9960,wall-robot-navigation,openml_task,amlb,multiclass,nofe,3,4500,4364,1092,24,24,0,0.0033071442072125784,categorical_crossentropy,False,0.0033071442072125784,-0.0,0.008220911026000977,0.00043129920959472656,6.07094144821167,357.16796875,594,ok,,1.0.0,{}
9960,wall-robot-navigation,openml_task,amlb,multiclass,nofe,2,4500,4364,1092,24,24,0,0.013514141832867204,categorical_crossentropy,False,0.013514141832867204,-0.0,0.006781816482543945,0.000301361083984375,6.715353488922119,367.16015625,1115,ok,,1.0.0,{}
9946,wdbc,openml_task,amlb,classification,nofe,3,4500,455,114,30,30,0,0.9996693121693122,binary_roc_auc,True,0.9996693121693122,0.0,0.00750732421875,6.413459777832031e-05,9.206989526748657,332.65625,287,ok,,1.0.0,{}
9960,wall-robot-navigation,openml_task,amlb,multiclass,nofe,1,4500,4364,1092,24,24,0,0.005252777116575355,categorical_crossentropy,False,0.005252777116575355,-0.0,0.005900382995605469,0.00015878677368164062,6.927678823471069,361.28125,880,ok,,1.0.0,{}
9964,semeion,openml_task,amlb,multiclass,nofe,2,4500,1274,319,256,256,0,0.21357855074667645,categorical_crossentropy,False,0.21357855074667645,-0.0,0.00503230094909668,8.96453857421875e-05,6.780568838119507,381.94921875,680,ok,,1.0.0,{}
6,letter,openml_task,amlb,multiclass,nofe,0,4500,16000,4000,16,16,0,0.1144544498559661,categorical_crossentropy,False,0.1144544498559661,-0.0,0.007187366485595703,0.0006709098815917969,51.824267625808716,664.73828125,1627,ok,,1.0.0,{}
9946,wdbc,openml_task,amlb,classification,nofe,4,4500,455,114,30,30,0,0.9808201058201059,binary_roc_auc,True,0.9808201058201059,0.0,0.009571552276611328,0.00010919570922851562,9.469413757324219,331.890625,263,ok,,1.0.0,{}
9910,Bioresponse,openml_task,amlb,classification,nofe,0,4500,3000,751,1776,1776,0,0.8878349808582366,binary_roc_auc,True,0.8878349808582366,0.0,0.025711536407470703,0.003717660903930664,14.028096437454224,742.1796875,181,ok,,1.0.0,{}
9964,semeion,openml_task,amlb,multiclass,nofe,1,4500,1274,319,256,256,0,0.1955388151231473,categorical_crossentropy,False,0.1955388151231473,-0.0,0.0035097599029541016,5.507469177246094e-05,7.0461814403533936,376.80859375,615,ok,,1.0.0,{}
9964,semeion,openml_task,amlb,multiclass,nofe,0,4500,1274,319,256,256,0,0.1639779015345412,categorical_crossentropy,False,0.1639779015345412,-0.0,0.0046918392181396484,6.413459777832031e-05,7.395114898681641,380.89453125,694,ok,,1.0.0,{}
9910,Bioresponse,openml_task,amlb,classification,nofe,3,4500,3000,751,1776,1776,0,0.8763284955145422,binary_roc_auc,True,0.8763284955145422,0.0,0.0245668888092041,0.0035276412963867188,14.311733961105347,747.421875,87,ok,,1.0.0,{}
9910,Bioresponse,openml_task,amlb,classification,nofe,1,4500,3000,751,1776,1776,0,0.8738929204045482,binary_roc_auc,True,0.8738929204045482,0.0,0.02735161781311035,0.003636598587036133,14.71923542022705,742.1171875,115,ok,,1.0.0,{}
9952,phoneme,openml_task,amlb,classification,nofe,0,4500,4323,1081,5,5,0,0.9547252547607643,binary_roc_auc,True,0.9547252547607643,0.0,0.0042781829833984375,4.8160552978515625e-05,9.249284505844116,338.73828125,442,ok,,1.0.0,{}
9952,phoneme,openml_task,amlb,classification,nofe,3,4500,4323,1081,5,5,0,0.9566989281054388,binary_roc_auc,True,0.9566989281054388,0.0,0.005095481872558594,5.936622619628906e-05,8.941063165664673,337.19921875,485,ok,,1.0.0,{}
9952,phoneme,openml_task,amlb,classification,nofe,4,4500,4323,1081,5,5,0,0.9621822716236974,binary_roc_auc,True,0.9621822716236974,0.0,0.009576797485351562,9.059906005859375e-05,9.006840467453003,340.6484375,491,ok,,1.0.0,{}
9910,Bioresponse,openml_task,amlb,classification,nofe,2,4500,3000,751,1776,1776,0,0.8845780241129078,binary_roc_auc,True,0.8845780241129078,0.0,0.026485919952392578,0.0037817955017089844,14.331938743591309,742.53125,116,ok,,1.0.0,{}
9957,qsar-biodeg,openml_task,amlb,classification,nofe,4,4500,844,211,41,41,0,0.9511066398390342,binary_roc_auc,True,0.9511066398390342,0.0,0.005049228668212891,8.034706115722656e-05,8.399614095687866,332.94921875,185,ok,,1.0.0,{}
9957,qsar-biodeg,openml_task,amlb,classification,nofe,0,4500,844,211,41,41,0,0.9102112676056338,binary_roc_auc,True,0.9102112676056338,0.0,0.0034449100494384766,7.033348083496094e-05,8.673376083374023,332.2734375,27,ok,,1.0.0,{}
9952,phoneme,openml_task,amlb,classification,nofe,1,4500,4323,1081,5,5,0,0.9460047566353411,binary_roc_auc,True,0.9460047566353411,0.0,0.007136344909667969,5.435943603515625e-05,9.298740863800049,338.37890625,283,ok,,1.0.0,{}
9952,phoneme,openml_task,amlb,classification,nofe,2,4500,4323,1081,5,5,0,0.9559474457859183,binary_roc_auc,True,0.9559474457859183,0.0,0.00565791130065918,6.437301635742188e-05,9.189290523529053,339.6171875,326,ok,,1.0.0,{}
9910,Bioresponse,openml_task,amlb,classification,nofe,4,4500,3000,751,1776,1776,0,0.8800282840980517,binary_roc_auc,True,0.8800282840980517,0.0,0.024990558624267578,0.0035223960876464844,14.654293298721313,673.015625,130,ok,,1.0.0,{}
9957,qsar-biodeg,openml_task,amlb,classification,nofe,2,4500,844,211,41,41,0,0.9174044265593562,binary_roc_auc,True,0.9174044265593562,0.0,0.004339456558227539,9.846687316894531e-05,8.854554653167725,332.2578125,94,ok,,1.0.0,{}
9957,qsar-biodeg,openml_task,amlb,classification,nofe,1,4500,844,211,41,41,0,0.9436619718309859,binary_roc_auc,True,0.9436619718309859,0.0,0.0062923431396484375,8.797645568847656e-05,9.078200340270996,333.0234375,204,ok,,1.0.0,{}
9957,qsar-biodeg,openml_task,amlb,classification,nofe,3,4500,844,211,41,41,0,0.9099597585513078,binary_roc_auc,True,0.9099597585513078,0.0,0.005500078201293945,8.058547973632812e-05,8.914213418960571,333.74609375,85,ok,,1.0.0,{}
9971,ilpd,openml_task,amlb,classification,nofe,0,4500,466,117,10,10,0,0.7117292700212614,binary_roc_auc,True,0.7117292700212614,0.0,0.002957582473754883,9.608268737792969e-05,1.933647632598877,328.13671875,3,ok,,1.0.0,{}
9971,ilpd,openml_task,amlb,classification,nofe,1,4500,466,117,10,10,0,0.7119064493267186,binary_roc_auc,True,0.7119064493267186,0.0,0.003433704376220703,0.00010132789611816406,1.9372689723968506,331.06640625,69,ok,,1.0.0,{}
9971,ilpd,openml_task,amlb,classification,nofe,2,4500,466,117,10,10,0,0.6853295535081503,binary_roc_auc,True,0.6853295535081503,0.0,0.012013912200927734,9.107589721679688e-05,2.0100276470184326,332.1015625,32,ok,,1.0.0,{}
9971,ilpd,openml_task,amlb,classification,nofe,4,4500,466,117,10,10,0,0.7041105598866052,binary_roc_auc,True,0.7041105598866052,0.0,0.005186557769775391,7.987022399902344e-05,2.0353453159332275,330.484375,30,ok,,1.0.0,{}
9978,ozone-level-8hr,openml_task,amlb,classification,nofe,2,4500,2027,507,72,72,0,0.9219078947368421,binary_roc_auc,True,0.9219078947368421,0.0,0.006058931350708008,0.00042057037353515625,9.262158870697021,347.5625,85,ok,,1.0.0,{}
9981,cnae-9,openml_task,amlb,multiclass,nofe,1,4500,864,216,856,856,0,0.21234759585058782,categorical_crossentropy,False,0.21234759585058782,-0.0,0.0033416748046875,0.00022792816162109375,8.89360785484314,383.27734375,254,ok,,1.0.0,{}
9977,nomao,openml_task,amlb,classification,nofe,3,4500,27572,6893,118,118,0,0.9949315940538954,binary_roc_auc,True,0.9949315940538954,0.0,0.027899503707885742,0.0034732818603515625,9.738368511199951,564.56640625,655,ok,,1.0.0,{}
9977,nomao,openml_task,amlb,classification,nofe,4,4500,27572,6893,118,118,0,0.9957554420900068,binary_roc_auc,True,0.9957554420900068,0.0,0.0303497314453125,0.0027680397033691406,9.57726263999939,563.99609375,582,ok,,1.0.0,{}
9964,semeion,openml_task,amlb,multiclass,nofe,4,4500,1274,319,256,256,0,0.16530081424566545,categorical_crossentropy,False,0.16530081424566545,-0.0,0.006412982940673828,0.00010919570922851562,12.837485313415527,369.8203125,514,ok,,1.0.0,{}
9978,ozone-level-8hr,openml_task,amlb,classification,nofe,0,4500,2027,507,72,72,0,0.9125657894736843,binary_roc_auc,True,0.9125657894736843,0.0,0.011242151260375977,0.0002560615539550781,9.924484968185425,345.8359375,72,ok,,1.0.0,{}
9985,first-order-theorem-proving,openml_task,amlb,multiclass,nofe,0,4500,4894,1224,51,51,0,1.0788932828775917,categorical_crossentropy,False,1.0788932828775917,-0.0,0.0072422027587890625,0.0007183551788330078,9.37446641921997,377.4375,174,ok,,1.0.0,{}
9978,ozone-level-8hr,openml_task,amlb,classification,nofe,4,4500,2027,507,72,72,0,0.9140131578947368,binary_roc_auc,True,0.9140131578947368,0.0,0.005129098892211914,0.0002593994140625,9.524566411972046,345.81640625,117,ok,,1.0.0,{}
9985,first-order-theorem-proving,openml_task,amlb,multiclass,nofe,3,4500,4894,1224,51,51,0,1.0840020134445474,categorical_crossentropy,False,1.0840020134445474,-0.0,0.004178762435913086,0.00046563148498535156,8.867898225784302,378.484375,218,ok,,1.0.0,{}
9985,first-order-theorem-proving,openml_task,amlb,multiclass,nofe,1,4500,4894,1224,51,51,0,1.1202751351010627,categorical_crossentropy,False,1.1202751351010627,-0.0,0.0054776668548583984,0.0005609989166259766,10.385799169540405,380.06640625,248,ok,,1.0.0,{}
9985,first-order-theorem-proving,openml_task,amlb,multiclass,nofe,2,4500,4894,1224,51,51,0,1.0989896513436452,categorical_crossentropy,False,1.0989896513436452,-0.0,0.01091909408569336,0.0011937618255615234,10.754045248031616,380.23046875,266,ok,,1.0.0,{}
10093,banknote-authentication,openml_task,amlb,classification,nofe,1,4500,1097,275,4,4,0,1.0,binary_roc_auc,True,1.0,0.0,0.006106853485107422,5.2928924560546875e-05,8.978384494781494,333.5546875,639,ok,,1.0.0,{}
10093,banknote-authentication,openml_task,amlb,classification,nofe,0,4500,1097,275,4,4,0,1.0,binary_roc_auc,True,1.0,0.0,0.004640102386474609,4.57763671875e-05,8.64113736152649,331.87890625,394,ok,,1.0.0,{}
9981,cnae-9,openml_task,amlb,multiclass,nofe,0,4500,864,216,856,856,0,0.26658618230053605,categorical_crossentropy,False,0.26658618230053605,-0.0,0.0027861595153808594,0.00017642974853515625,11.902746677398682,377.0625,195,ok,,1.0.0,{}
9985,first-order-theorem-proving,openml_task,amlb,multiclass,nofe,4,4500,4894,1224,51,51,0,1.1046307951096275,categorical_crossentropy,False,1.1046307951096275,-0.0,0.004706382751464844,0.0004172325134277344,9.728594541549683,378.66015625,228,ok,,1.0.0,{}
9981,cnae-9,openml_task,amlb,multiclass,nofe,3,4500,864,216,856,856,0,0.18510874835623395,categorical_crossentropy,False,0.18510874835623395,-0.0,0.003595590591430664,7.700920104980469e-05,11.78432297706604,365.56640625,161,ok,,1.0.0,{}
9976,madelon,openml_task,amlb,classification,nofe,3,4500,2080,520,500,500,0,0.9059171597633137,binary_roc_auc,True,0.9059171597633137,0.0,0.010519266128540039,0.0009374618530273438,13.6450674533844,437.515625,47,ok,,1.0.0,{}
9977,nomao,openml_task,amlb,classification,nofe,2,4500,27572,6893,118,118,0,0.9947168004970628,binary_roc_auc,True,0.9947168004970628,0.0,0.028185129165649414,0.002659320831298828,13.38726258277893,562.3203125,486,ok,,1.0.0,{}
9976,madelon,openml_task,amlb,classification,nofe,0,4500,2080,520,500,500,0,0.8942455621301775,binary_roc_auc,True,0.8942455621301775,0.0,0.009691238403320312,0.0019240379333496094,14.232487916946411,431.84765625,87,ok,,1.0.0,{}
9981,cnae-9,openml_task,amlb,multiclass,nofe,4,4500,864,216,856,856,0,0.24228028915887181,categorical_crossentropy,False,0.24228028915887181,-0.0,0.0037255287170410156,0.00020384788513183594,12.262048721313477,376.9765625,197,ok,,1.0.0,{}
9977,nomao,openml_task,amlb,classification,nofe,0,4500,27572,6893,118,118,0,0.9958402765200163,binary_roc_auc,True,0.9958402765200163,0.0,0.02727198600769043,0.00362396240234375,13.876003980636597,564.46484375,601,ok,,1.0.0,{}
9976,madelon,openml_task,amlb,classification,nofe,2,4500,2080,520,500,500,0,0.8960355029585798,binary_roc_auc,True,0.8960355029585798,0.0,0.011046648025512695,0.0018668174743652344,14.088711500167847,436.80859375,179,ok,,1.0.0,{}
9981,cnae-9,openml_task,amlb,multiclass,nofe,2,4500,864,216,856,856,0,0.27949178055321144,categorical_crossentropy,False,0.27949178055321144,-0.0,0.0040662288665771484,7.557868957519531e-05,12.778577327728271,375.9609375,230,ok,,1.0.0,{}
9976,madelon,openml_task,amlb,classification,nofe,1,4500,2080,520,500,500,0,0.8904289940828403,binary_roc_auc,True,0.8904289940828403,0.0,0.017179250717163086,0.0026803016662597656,14.454232692718506,434.04296875,153,ok,,1.0.0,{}
9976,madelon,openml_task,amlb,classification,nofe,4,4500,2080,520,500,500,0,0.8800739644970414,binary_roc_auc,True,0.8800739644970414,0.0,0.014343023300170898,0.0022237300872802734,14.019918441772461,433.7734375,291,ok,,1.0.0,{}
10093,banknote-authentication,openml_task,amlb,classification,nofe,2,4500,1097,275,4,4,0,0.9999464266580949,binary_roc_auc,True,0.9999464266580949,0.0,0.008469343185424805,8.535385131835938e-05,2.0163888931274414,332.8671875,485,ok,,1.0.0,{}
9977,nomao,openml_task,amlb,classification,nofe,1,4500,27572,6893,118,118,0,0.9961038563204899,binary_roc_auc,True,0.9961038563204899,0.0,0.03517866134643555,0.003730297088623047,13.803234338760376,568.5078125,693,ok,,1.0.0,{}
10101,blood-transfusion,openml_task,amlb,classification,nofe,0,4500,598,150,4,4,0,0.6437621832358674,binary_roc_auc,True,0.6437621832358674,0.0,0.011328458786010742,8.320808410644531e-05,1.955808162689209,331.88671875,12,ok,,1.0.0,{}
10093,banknote-authentication,openml_task,amlb,classification,nofe,3,4500,1097,275,4,4,0,1.0,binary_roc_auc,True,1.0,0.0,0.003911733627319336,4.38690185546875e-05,2.114612340927124,331.55078125,390,ok,,1.0.0,{}
10101,blood-transfusion,openml_task,amlb,classification,nofe,1,4500,598,150,4,4,0,0.7269736842105263,binary_roc_auc,True,0.7269736842105263,0.0,0.004954814910888672,6.29425048828125e-05,1.975459098815918,330.14453125,39,ok,,1.0.0,{}
10101,blood-transfusion,openml_task,amlb,classification,nofe,3,4500,598,150,4,4,0,0.6319444444444445,binary_roc_auc,True,0.6319444444444445,0.0,0.00676417350769043,7.128715515136719e-05,2.0530588626861572,330.78515625,9,ok,,1.0.0,{}
10101,blood-transfusion,openml_task,amlb,classification,nofe,2,4500,598,150,4,4,0,0.7634015594541911,binary_roc_auc,True,0.7634015594541911,0.0,0.0062596797943115234,6.341934204101562e-05,2.109586477279663,331.5,40,ok,,1.0.0,{}
219,electricity,openml_task,amlb,classification,nofe,0,4500,36249,9063,8,8,0,0.9848471046457623,binary_roc_auc,True,0.9848471046457623,0.0,0.02882099151611328,0.000579833984375,79.37853598594666,392.33984375,1996,ok,,1.0.0,{}
14952,PhishingWebsites,openml_task,amlb,classification,nofe,0,4500,8844,2211,30,30,0,0.9961645584310084,binary_roc_auc,True,0.9961645584310084,0.0,0.006194114685058594,0.000240325927734375,10.64006233215332,343.828125,776,ok,,1.0.0,{}
14952,PhishingWebsites,openml_task,amlb,classification,nofe,2,4500,8844,2211,30,30,0,0.9961226976574545,binary_roc_auc,True,0.9961226976574545,0.0,0.007229328155517578,0.00025010108947753906,10.561415672302246,347.05859375,765,ok,,1.0.0,{}
2079,eucalyptus,openml_task,amlb,multiclass,nofe,4,4500,588,148,19,19,0,0.7692907303068284,categorical_crossentropy,False,0.7692907303068284,-0.0,0.007050991058349609,0.00020694732666015625,71.0815486907959,337.984375,82,ok,,1.0.0,{}
14952,PhishingWebsites,openml_task,amlb,classification,nofe,1,4500,8844,2211,30,30,0,0.9965831661665477,binary_roc_auc,True,0.9965831661665477,0.0,0.010346412658691406,0.00033354759216308594,11.064684867858887,347.78125,777,ok,,1.0.0,{}
22,mfeat-zernike,openml_task,amlb,multiclass,nofe,4,4500,1600,400,47,47,0,0.6625138713221531,categorical_crossentropy,False,0.6625138713221531,-0.0,0.0062103271484375,0.0004680156707763672,79.47800517082214,346.90625,148,ok,,1.0.0,{}
14,mfeat-fourier,openml_task,amlb,multiclass,nofe,4,4500,1600,400,76,76,0,0.3853119794256054,categorical_crossentropy,False,0.3853119794256054,-0.0,0.0048770904541015625,0.0003142356872558594,79.81208539009094,357.65625,170,ok,,1.0.0,{}
14952,PhishingWebsites,openml_task,amlb,classification,nofe,3,4500,8844,2211,30,30,0,0.9954230839370679,binary_roc_auc,True,0.9954230839370679,0.0,0.015165567398071289,0.0003077983856201172,10.732482433319092,342.34375,676,ok,,1.0.0,{}
14954,cylinder-bands,openml_task,amlb,classification,nofe,4,4500,432,108,35,35,0,0.8818373071528752,binary_roc_auc,True,0.8818373071528752,0.0,0.005612611770629883,0.00018858909606933594,9.382478713989258,338.5703125,538,ok,,1.0.0,{}
43,spambase,openml_task,amlb,classification,nofe,3,4500,3680,921,57,57,0,0.9884327142391659,binary_roc_auc,True,0.9884327142391659,0.0,0.008910417556762695,0.0008249282836914062,80.39195275306702,356.296875,294,ok,,1.0.0,{}
2079,eucalyptus,openml_task,amlb,multiclass,nofe,1,4500,588,148,19,19,0,0.7836373721444476,categorical_crossentropy,False,0.7836373721444476,-0.0,0.00638580322265625,0.00016260147094726562,72.85777235031128,337.71484375,114,ok,,1.0.0,{}
43,spambase,openml_task,amlb,classification,nofe,2,4500,3680,921,57,57,0,0.989247311827957,binary_roc_auc,True,0.989247311827957,0.0,0.01179194450378418,0.0009360313415527344,80.17658638954163,353.5859375,384,ok,,1.0.0,{}
32,pendigits,openml_task,amlb,multiclass,nofe,1,4500,8793,2199,16,16,0,0.031006957161735987,categorical_crossentropy,False,0.031006957161735987,-0.0,0.003937244415283203,0.0002779960632324219,81.09118390083313,400.6640625,868,ok,,1.0.0,{}
28,optdigits,openml_task,amlb,multiclass,nofe,3,4500,4496,1124,62,62,0,0.05590634749810176,categorical_crossentropy,False,0.05590634749810176,-0.0,0.005415916442871094,0.0012116432189941406,80.64298677444458,424.22265625,1205,ok,,1.0.0,{}
45,splice,openml_task,amlb,multiclass,nofe,2,4500,2552,638,60,60,0,0.09404426771223849,categorical_crossentropy,False,0.09404426771223849,-0.0,0.005337715148925781,0.0006763935089111328,80.67497229576111,341.92578125,249,ok,,1.0.0,{}
14965,bank-marketing,openml_task,amlb,classification,nofe,2,4500,36168,9043,16,16,0,0.9339189856216701,binary_roc_auc,True,0.9339189856216701,0.0,0.02781534194946289,0.0009565353393554688,10.621010541915894,361.01171875,226,ok,,1.0.0,{}
14965,bank-marketing,openml_task,amlb,classification,nofe,4,4500,36168,9043,16,16,0,0.9372663536190847,binary_roc_auc,True,0.9372663536190847,0.0,0.016632795333862305,0.0008678436279296875,10.411787986755371,369.64453125,241,ok,,1.0.0,{}
14965,bank-marketing,openml_task,amlb,classification,nofe,1,4500,36168,9043,16,16,0,0.9355591710828313,binary_roc_auc,True,0.9355591710828313,0.0,0.017406702041625977,0.0005462169647216797,10.573896646499634,364.7890625,271,ok,,1.0.0,{}
14965,bank-marketing,openml_task,amlb,classification,nofe,3,4500,36168,9043,16,16,0,0.9357109798263048,binary_roc_auc,True,0.9357109798263048,0.0,0.015096187591552734,0.0004630088806152344,10.375630140304565,360.3046875,181,ok,,1.0.0,{}
14,mfeat-fourier,openml_task,amlb,multiclass,nofe,1,4500,1600,400,76,76,0,0.46211554071604044,categorical_crossentropy,False,0.46211554071604044,-0.0,0.0028836727142333984,0.00017333030700683594,81.32195687294006,360.0078125,207,ok,,1.0.0,{}
43,spambase,openml_task,amlb,classification,nofe,0,4500,3680,921,57,57,0,0.9896965747405629,binary_roc_auc,True,0.9896965747405629,0.0,0.01064300537109375,0.0008761882781982422,81.31852006912231,350.80859375,282,ok,,1.0.0,{}
29,credit-approval,openml_task,amlb,classification,nofe,3,4500,552,138,15,15,0,0.9618905684479454,binary_roc_auc,True,0.9618905684479454,0.0,0.0056610107421875,0.00017642974853515625,81.72127199172974,327.83984375,53,ok,,1.0.0,{}
12,mfeat-factors,openml_task,amlb,multiclass,nofe,0,4500,1600,400,216,216,0,0.1043045536131649,categorical_crossentropy,False,0.1043045536131649,-0.0,0.01007843017578125,0.0014219284057617188,81.49376940727234,399.5703125,907,ok,,1.0.0,{}
2079,eucalyptus,openml_task,amlb,multiclass,nofe,3,4500,588,148,19,19,0,0.8071265703042012,categorical_crossentropy,False,0.8071265703042012,-0.0,0.011724710464477539,0.00033211708068847656,74.26013731956482,337.8671875,76,ok,,1.0.0,{}
14965,bank-marketing,openml_task,amlb,classification,nofe,0,4500,36168,9043,16,16,0,0.9374071540092305,binary_roc_auc,True,0.9374071540092305,0.0,0.027525901794433594,0.000978231430053711,11.663549661636353,365.5234375,418,ok,,1.0.0,{}
3904,jm1,openml_task,amlb,classification,nofe,0,4500,8708,2177,21,21,0,0.7482766923314161,binary_roc_auc,True,0.7482766923314161,0.0,0.011340856552124023,0.0003783702850341797,70.95743870735168,349.03515625,99,ok,,1.0.0,{}
146817,steel-plates-fault,openml_task,amlb,multiclass,nofe,0,4500,1552,389,27,27,0,0.5198084563573531,categorical_crossentropy,False,0.5198084563573531,-0.0,0.0037221908569335938,7.224082946777344e-05,10.397626161575317,342.47265625,160,ok,,1.0.0,{}
3904,jm1,openml_task,amlb,classification,nofe,4,4500,8708,2177,21,21,0,0.7565882025116465,binary_roc_auc,True,0.7565882025116465,0.0,0.011403799057006836,0.0005176067352294922,71.07748651504517,349.3359375,136,ok,,1.0.0,{}
14969,GesturePhaseSegmentation,openml_task,amlb,multiclass,nofe,2,4500,7898,1975,32,32,0,0.837373473830079,categorical_crossentropy,False,0.837373473830079,-0.0,0.008875846862792969,0.0009629726409912109,24.22012233734131,415.44921875,795,ok,,1.0.0,{}
146817,steel-plates-fault,openml_task,amlb,multiclass,nofe,1,4500,1552,389,27,27,0,0.6260414657166232,categorical_crossentropy,False,0.6260414657166232,-0.0,0.004858732223510742,7.939338684082031e-05,10.643983840942383,346.49609375,163,ok,,1.0.0,{}
14969,GesturePhaseSegmentation,openml_task,amlb,multiclass,nofe,4,4500,7898,1975,32,32,0,0.8296306259481862,categorical_crossentropy,False,0.8296306259481862,-0.0,0.009375333786010742,0.0006082057952880859,24.064363956451416,409.27734375,729,ok,,1.0.0,{}
3913,kc2,openml_task,amlb,classification,nofe,2,4500,417,105,21,21,0,0.8346111719605696,binary_roc_auc,True,0.8346111719605696,0.0,0.007220745086669922,9.775161743164062e-05,71.64798831939697,331.08203125,43,ok,,1.0.0,{}
14969,GesturePhaseSegmentation,openml_task,amlb,multiclass,nofe,1,4500,7898,1975,32,32,0,0.8239146764845222,categorical_crossentropy,False,0.8239146764845222,-0.0,0.008537530899047852,0.0006477832794189453,24.340609550476074,416.3125,795,ok,,1.0.0,{}
146817,steel-plates-fault,openml_task,amlb,multiclass,nofe,3,4500,1552,389,27,27,0,0.5890017494740046,categorical_crossentropy,False,0.5890017494740046,-0.0,0.0055048465728759766,0.00013184547424316406,10.785416841506958,347.79296875,145,ok,,1.0.0,{}
146817,steel-plates-fault,openml_task,amlb,multiclass,nofe,2,4500,1552,389,27,27,0,0.6170433827383793,categorical_crossentropy,False,0.6170433827383793,-0.0,0.0034942626953125,6.866455078125e-05,10.828216552734375,342.9140625,131,ok,,1.0.0,{}
14969,GesturePhaseSegmentation,openml_task,amlb,multiclass,nofe,3,4500,7898,1975,32,32,0,0.8842936600477116,categorical_crossentropy,False,0.8842936600477116,-0.0,0.015940427780151367,0.0005519390106201172,24.638235092163086,395.66015625,529,ok,,1.0.0,{}
3917,kc1,openml_task,amlb,classification,nofe,2,4500,1687,422,21,21,0,0.841973712561948,binary_roc_auc,True,0.841973712561948,0.0,0.002501964569091797,6.794929504394531e-05,72.11406683921814,332.7265625,62,ok,,1.0.0,{}
125922,texture,openml_task,amlb,multiclass,nofe,0,4500,4400,1100,40,40,0,0.0495017578233257,categorical_crossentropy,False,0.0495017578233257,-0.0,0.007332801818847656,0.0004317760467529297,14.038295030593872,418.34765625,1137,ok,,1.0.0,{}
14969,GesturePhaseSegmentation,openml_task,amlb,multiclass,nofe,0,4500,7898,1975,32,32,0,0.8673281025144131,categorical_crossentropy,False,0.8673281025144131,-0.0,0.010509967803955078,0.0006902217864990234,26.459132194519043,401.1171875,630,ok,,1.0.0,{}
146800,MiceProtein,openml_task,amlb,multiclass,nofe,4,4500,864,216,77,77,0,0.10462009502333347,categorical_crossentropy,False,0.10462009502333347,-0.0,0.0027570724487304688,0.0001621246337890625,13.250334024429321,391.83203125,1402,ok,,1.0.0,{}
146800,MiceProtein,openml_task,amlb,multiclass,nofe,3,4500,864,216,77,77,0,0.06680352766879541,categorical_crossentropy,False,0.06680352766879541,-0.0,0.0061495304107666016,0.0006413459777832031,13.263907670974731,390.33984375,1302,ok,,1.0.0,{}
146800,MiceProtein,openml_task,amlb,multiclass,nofe,0,4500,864,216,77,77,0,0.08208544009270284,categorical_crossentropy,False,0.08208544009270284,-0.0,0.003182649612426758,8.296966552734375e-05,13.833340167999268,367.85546875,759,ok,,1.0.0,{}
6,letter,openml_task,amlb,multiclass,nofe,3,4500,16000,4000,16,16,0,0.11147865348353861,categorical_crossentropy,False,0.11147865348353861,-0.0,0.01302480697631836,0.0009462833404541016,97.8896894454956,567.53515625,946,ok,,1.0.0,{}
146800,MiceProtein,openml_task,amlb,multiclass,nofe,1,4500,864,216,77,77,0,0.07851413956544732,categorical_crossentropy,False,0.07851413956544732,-0.0,0.004621982574462891,0.00018596649169921875,14.103764295578003,388.65234375,1272,ok,,1.0.0,{}
3913,kc2,openml_task,amlb,classification,nofe,1,4500,417,105,21,21,0,0.8170865279299013,binary_roc_auc,True,0.8170865279299013,0.0,0.008368253707885742,8.058547973632812e-05,74.25579333305359,328.0,17,ok,,1.0.0,{}
146800,MiceProtein,openml_task,amlb,multiclass,nofe,2,4500,864,216,77,77,0,0.09058145394077723,categorical_crossentropy,False,0.09058145394077723,-0.0,0.0030977725982666016,0.00015783309936523438,13.959493160247803,377.46875,917,ok,,1.0.0,{}
3903,pc3,openml_task,amlb,classification,nofe,1,4500,1250,313,37,37,0,0.8307384341637011,binary_roc_auc,True,0.8307384341637011,0.0,0.010871648788452148,0.00012063980102539062,75.40643525123596,335.69140625,153,ok,,1.0.0,{}
3917,kc1,openml_task,amlb,classification,nofe,1,4500,1687,422,21,21,0,0.8274294333117863,binary_roc_auc,True,0.8274294333117863,0.0,0.005365133285522461,0.00021219253540039062,74.43950486183167,333.78125,57,ok,,1.0.0,{}
3904,jm1,openml_task,amlb,classification,nofe,2,4500,8708,2177,21,21,0,0.7419089758087642,binary_roc_auc,True,0.7419089758087642,0.0,0.010826587677001953,0.0010972023010253906,75.64719271659851,350.46875,55,ok,,1.0.0,{}
146821,car,openml_task,amlb,multiclass,nofe,1,4500,1382,346,6,6,0,0.023340753675119466,categorical_crossentropy,False,0.023340753675119466,-0.0,0.0029878616333007812,8.368492126464844e-05,10.538158893585205,379.4140625,1999,ok,,1.0.0,{}
146824,mfeat-pixel,openml_task,amlb,multiclass,nofe,2,4500,1600,400,240,240,0,0.1920751651143655,categorical_crossentropy,False,0.1920751651143655,-0.0,0.004986763000488281,9.608268737792969e-05,8.141639709472656,360.89453125,297,ok,,1.0.0,{}
146821,car,openml_task,amlb,multiclass,nofe,0,4500,1382,346,6,6,0,0.03458609847739989,categorical_crossentropy,False,0.03458609847739989,-0.0,0.003818988800048828,9.131431579589844e-05,10.828094005584717,360.0625,1163,ok,,1.0.0,{}
146821,car,openml_task,amlb,multiclass,nofe,4,4500,1382,346,6,6,0,0.021790149154887695,categorical_crossentropy,False,0.021790149154887695,-0.0,0.005042076110839844,8.535385131835938e-05,9.685002088546753,368.01171875,1364,ok,,1.0.0,{}
146821,car,openml_task,amlb,multiclass,nofe,3,4500,1382,346,6,6,0,0.0530183626580865,categorical_crossentropy,False,0.0530183626580865,-0.0,0.0041201114654541016,9.870529174804688e-05,9.770673990249634,345.03125,380,ok,,1.0.0,{}
146822,segment,openml_task,amlb,multiclass,nofe,0,4500,1848,462,16,16,0,0.17644363348457953,categorical_crossentropy,False,0.17644363348457953,-0.0,0.003309488296508789,6.103515625e-05,9.444075345993042,345.953125,180,ok,,1.0.0,{}
146821,car,openml_task,amlb,multiclass,nofe,2,4500,1382,346,6,6,0,0.030218835775773372,categorical_crossentropy,False,0.030218835775773372,-0.0,0.0032062530517578125,8.106231689453125e-05,10.084215641021729,368.95703125,1446,ok,,1.0.0,{}
146824,mfeat-pixel,openml_task,amlb,multiclass,nofe,0,4500,1600,400,240,240,0,0.1224357313526707,categorical_crossentropy,False,0.1224357313526707,-0.0,0.003819704055786133,5.888938903808594e-05,9.47568154335022,368.01953125,476,ok,,1.0.0,{}
146822,segment,openml_task,amlb,multiclass,nofe,3,4500,1848,462,16,16,0,0.17506559567578395,categorical_crossentropy,False,0.17506559567578395,-0.0,0.004977703094482422,8.869171142578125e-05,10.258241891860962,344.4140625,156,ok,,1.0.0,{}
146824,mfeat-pixel,openml_task,amlb,multiclass,nofe,1,4500,1600,400,240,240,0,0.17761127406120067,categorical_crossentropy,False,0.17761127406120067,-0.0,0.0036826133728027344,5.745887756347656e-05,9.699390411376953,374.640625,549,ok,,1.0.0,{}
146822,segment,openml_task,amlb,multiclass,nofe,4,4500,1848,462,16,16,0,0.23944721513859185,categorical_crossentropy,False,0.23944721513859185,-0.0,0.0040798187255859375,6.842613220214844e-05,10.331609725952148,343.0,103,ok,,1.0.0,{}
146822,segment,openml_task,amlb,multiclass,nofe,1,4500,1848,462,16,16,0,0.20341709341014255,categorical_crossentropy,False,0.20341709341014255,-0.0,0.005704164505004883,0.00010180473327636719,10.32991909980774,347.09765625,159,ok,,1.0.0,{}
146822,segment,openml_task,amlb,multiclass,nofe,2,4500,1848,462,16,16,0,0.12936143240439343,categorical_crossentropy,False,0.12936143240439343,-0.0,0.009943723678588867,0.00020313262939453125,10.877984762191772,348.0625,218,ok,,1.0.0,{}
125922,texture,openml_task,amlb,multiclass,nofe,1,4500,4400,1100,40,40,0,0.04855175884704543,categorical_crossentropy,False,0.04855175884704543,-0.0,0.008149862289428711,0.0006093978881835938,31.05145287513733,440.10546875,1586,ok,,1.0.0,{}
9946,wdbc,openml_task,amlb,classification,nofe,1,4500,455,114,30,30,0,0.9907407407407407,binary_roc_auc,True,0.9907407407407407,0.0,0.0038254261016845703,6.389617919921875e-05,74.560950756073,330.7109375,95,ok,,1.0.0,{}
3913,kc2,openml_task,amlb,classification,nofe,0,4500,417,105,21,21,0,0.7913472070098575,binary_roc_auc,True,0.7913472070098575,0.0,0.0054166316986083984,0.0001437664031982422,91.71059203147888,330.734375,43,ok,,1.0.0,{}
125922,texture,openml_task,amlb,multiclass,nofe,3,4500,4400,1100,40,40,0,0.03956807415669655,categorical_crossentropy,False,0.03956807415669655,-0.0,0.006161928176879883,0.0003788471221923828,32.9640736579895,453.4453125,1850,ok,,1.0.0,{}
146819,climate-model-crashes,openml_task,amlb,classification,nofe,4,4500,432,108,18,18,0,0.9461279461279462,binary_roc_auc,True,0.9461279461279462,0.0,0.007797718048095703,6.866455078125e-05,18.104113817214966,330.41796875,19,ok,,1.0.0,{}
146819,climate-model-crashes,openml_task,amlb,classification,nofe,0,4500,432,108,18,18,0,0.9797979797979798,binary_roc_auc,True,0.9797979797979798,0.0,0.003322124481201172,7.009506225585938e-05,18.25560235977173,330.60546875,65,ok,,1.0.0,{}
146820,wilt,openml_task,amlb,classification,nofe,2,4500,3871,968,5,5,0,0.9934287873698353,binary_roc_auc,True,0.9934287873698353,0.0,0.004910469055175781,5.173683166503906e-05,17.723329544067383,332.97265625,361,ok,,1.0.0,{}
146819,climate-model-crashes,openml_task,amlb,classification,nofe,2,4500,432,108,18,18,0,0.9719416386083053,binary_roc_auc,True,0.9719416386083053,0.0,0.005562305450439453,7.557868957519531e-05,18.78194499015808,331.75390625,185,ok,,1.0.0,{}
146819,climate-model-crashes,openml_task,amlb,classification,nofe,1,4500,432,108,18,18,0,0.9775533108866443,binary_roc_auc,True,0.9775533108866443,0.0,0.005080223083496094,6.222724914550781e-05,19.072046279907227,329.953125,30,ok,,1.0.0,{}
146820,wilt,openml_task,amlb,classification,nofe,0,4500,3871,968,5,5,0,0.9884111521666106,binary_roc_auc,True,0.9884111521666106,0.0,0.00784444808959961,7.939338684082031e-05,18.594682216644287,335.296875,420,ok,,1.0.0,{}
146817,steel-plates-fault,openml_task,amlb,multiclass,nofe,4,4500,1552,389,27,27,0,0.5864190776050713,categorical_crossentropy,False,0.5864190776050713,-0.0,0.0049746036529541016,0.0001251697540283203,19.867348194122314,348.6640625,164,ok,,1.0.0,{}
146820,wilt,openml_task,amlb,classification,nofe,4,4500,3871,968,5,5,0,0.9875923748740342,binary_roc_auc,True,0.9875923748740342,0.0,0.006572723388671875,6.890296936035156e-05,18.65526247024536,334.58984375,178,ok,,1.0.0,{}
146819,climate-model-crashes,openml_task,amlb,classification,nofe,3,4500,432,108,18,18,0,0.9315375982042648,binary_roc_auc,True,0.9315375982042648,0.0,0.004408836364746094,5.364418029785156e-05,26.204787254333496,331.84765625,164,ok,,1.0.0,{}
167120,numerai28.6,openml_task,amlb,classification,nofe,3,4500,77056,19264,21,21,0,0.5263031676543621,binary_roc_auc,True,0.5263031676543621,0.0,0.03381681442260742,0.0016949176788330078,6.37004280090332,478.40234375,58,ok,,1.0.0,{}
167120,numerai28.6,openml_task,amlb,classification,nofe,0,4500,77056,19264,21,21,0,0.5202134202502001,binary_roc_auc,True,0.5202134202502001,0.0,0.035948991775512695,0.0029449462890625,10.478584289550781,478.6796875,11,ok,,1.0.0,{}
167120,numerai28.6,openml_task,amlb,classification,nofe,4,4500,77056,19264,21,21,0,0.5224742302692433,binary_roc_auc,True,0.5224742302692433,0.0,0.03510689735412598,0.002737283706665039,6.228384971618652,483.41796875,69,ok,,1.0.0,{}
146824,mfeat-pixel,openml_task,amlb,multiclass,nofe,4,4500,1600,400,240,240,0,0.173811441102298,categorical_crossentropy,False,0.173811441102298,-0.0,0.0038459300994873047,6.413459777832031e-05,12.860307931900024,370.98046875,436,ok,,1.0.0,{}
146824,mfeat-pixel,openml_task,amlb,multiclass,nofe,3,4500,1600,400,240,240,0,0.10973674027820379,categorical_crossentropy,False,0.10973674027820379,-0.0,0.00857400894165039,0.0001461505889892578,14.198158740997314,408.6171875,1388,ok,,1.0.0,{}
9978,ozone-level-8hr,openml_task,amlb,classification,nofe,1,4500,2027,507,72,72,0,0.9156578947368421,binary_roc_auc,True,0.9156578947368421,0.0,0.003879070281982422,0.00025463104248046875,71.71718883514404,345.453125,45,ok,,1.0.0,{}
167119,jungle_chess,openml_task,amlb,multiclass,nofe,0,4500,35855,8964,6,6,0,0.2508740078037275,categorical_crossentropy,False,0.2508740078037275,-0.0,0.0050241947174072266,5.4836273193359375e-05,13.379509925842285,406.8984375,1221,ok,,1.0.0,{}
167120,numerai28.6,openml_task,amlb,classification,nofe,1,4500,77056,19264,21,21,0,0.5233681516941053,binary_roc_auc,True,0.5233681516941053,0.0,0.05153918266296387,0.0028409957885742188,10.823380708694458,480.8046875,55,ok,,1.0.0,{}
167119,jungle_chess,openml_task,amlb,multiclass,nofe,1,4500,35855,8964,6,6,0,0.23837780085981344,categorical_crossentropy,False,0.23837780085981344,-0.0,0.00741124153137207,8.392333984375e-05,13.58575987815857,393.1015625,980,ok,,1.0.0,{}
9971,ilpd,openml_task,amlb,classification,nofe,3,4500,466,117,10,10,0,0.7236002834868887,binary_roc_auc,True,0.7236002834868887,0.0,0.006748199462890625,8.368492126464844e-05,74.42367172241211,330.88671875,76,ok,,1.0.0,{}
167119,jungle_chess,openml_task,amlb,multiclass,nofe,2,4500,35855,8964,6,6,0,0.236009589064831,categorical_crossentropy,False,0.236009589064831,-0.0,0.005000114440917969,5.53131103515625e-05,13.490271091461182,395.50390625,1042,ok,,1.0.0,{}
167119,jungle_chess,openml_task,amlb,multiclass,nofe,4,4500,35855,8964,6,6,0,0.25012263104145394,categorical_crossentropy,False,0.25012263104145394,-0.0,0.004902839660644531,5.078315734863281e-05,13.826935529708862,404.64453125,1150,ok,,1.0.0,{}
167119,jungle_chess,openml_task,amlb,multiclass,nofe,3,4500,35855,8964,6,6,0,0.24818438173304905,categorical_crossentropy,False,0.24818438173304905,-0.0,0.005041599273681641,6.437301635742188e-05,14.021405458450317,397.6953125,1069,ok,,1.0.0,{}
167120,numerai28.6,openml_task,amlb,classification,nofe,2,4500,77056,19264,21,21,0,0.5265157899779556,binary_roc_auc,True,0.5265157899779556,0.0,0.03821396827697754,0.001998424530029297,10.050111770629883,482.04296875,35,ok,,1.0.0,{}
9978,ozone-level-8hr,openml_task,amlb,classification,nofe,3,4500,2027,507,72,72,0,0.8767105263157895,binary_roc_auc,True,0.8767105263157895,0.0,0.007012367248535156,0.0003693103790283203,73.57831311225891,345.8828125,54,ok,,1.0.0,{}
167141,churn,openml_task,amlb,classification,nofe,0,4500,4000,1000,20,20,0,0.9309274350019402,binary_roc_auc,True,0.9309274350019402,0.0,0.01459360122680664,0.0003476142883300781,2.4883430004119873,336.15625,69,ok,,1.0.0,{}
167141,churn,openml_task,amlb,classification,nofe,2,4500,4000,1000,20,20,0,0.9240416449937664,binary_roc_auc,True,0.9240416449937664,0.0,0.006500720977783203,0.00013518333435058594,2.869161367416382,339.21875,258,ok,,1.0.0,{}
167141,churn,openml_task,amlb,classification,nofe,1,4500,4000,1000,20,20,0,0.9284505321213021,binary_roc_auc,True,0.9284505321213021,0.0,0.008572578430175781,0.0001475811004638672,3.0061898231506348,336.390625,98,ok,,1.0.0,{}
167141,churn,openml_task,amlb,classification,nofe,4,4500,4000,1000,20,20,0,0.9229848330980276,binary_roc_auc,True,0.9229848330980276,0.0,0.0071027278900146484,0.00014138221740722656,2.5192553997039795,340.9765625,91,ok,,1.0.0,{}
14954,cylinder-bands,openml_task,amlb,classification,nofe,2,4500,432,108,35,35,0,0.9119915848527349,binary_roc_auc,True,0.9119915848527349,0.0,0.005005598068237305,0.00017642974853515625,70.03111958503723,334.203125,244,ok,,1.0.0,{}
167140,dna,openml_task,amlb,multiclass,nofe,3,4500,2548,638,180,180,0,0.12632607149048486,categorical_crossentropy,False,0.12632607149048486,-0.0,0.010594367980957031,0.001127481460571289,9.574437856674194,365.11328125,1121,ok,,1.0.0,{}
14954,cylinder-bands,openml_task,amlb,classification,nofe,3,4500,432,108,35,35,0,0.8271388499298739,binary_roc_auc,True,0.8271388499298739,0.0,0.004926919937133789,0.0003573894500732422,69.81795263290405,334.234375,39,ok,,1.0.0,{}
adult,adult,pmlb,pmlb,classification,nofe,0,4500,39073,9769,14,14,0,0.9250719968448822,binary_roc_auc,True,0.9250719968448822,0.0,0.01812291145324707,0.0008611679077148438,3.5370430946350098,359.45703125,266,ok,,1.0.0,{}
adult,adult,pmlb,pmlb,classification,nofe,1,4500,39073,9769,14,14,0,0.9290474072329418,binary_roc_auc,True,0.9290474072329418,0.0,0.019927501678466797,0.0007700920104980469,3.535738945007324,357.0234375,280,ok,,1.0.0,{}
167140,dna,openml_task,amlb,multiclass,nofe,0,4500,2548,638,180,180,0,0.14857012446283596,categorical_crossentropy,False,0.14857012446283596,-0.0,0.009361505508422852,0.0010685920715332031,11.222239255905151,349.984375,380,ok,,1.0.0,{}
167140,dna,openml_task,amlb,multiclass,nofe,2,4500,2548,638,180,180,0,0.13049027789954343,categorical_crossentropy,False,0.13049027789954343,-0.0,0.01122593879699707,0.001276254653930664,11.052121639251709,348.30078125,166,ok,,1.0.0,{}
167125,Internet-Advertisements,openml_task,amlb,classification,nofe,1,4500,2623,656,1558,1558,0,0.9607038236201048,binary_roc_auc,True,0.9607038236201048,0.0,0.11655759811401367,0.2855856418609619,13.711844682693481,427.765625,204,ok,,1.0.0,{}
167125,Internet-Advertisements,openml_task,amlb,classification,nofe,3,4500,2623,656,1558,1558,0,0.9847845359235277,binary_roc_auc,True,0.9847845359235277,0.0,0.06676602363586426,0.19452953338623047,12.574281215667725,425.40234375,173,ok,,1.0.0,{}
167141,churn,openml_task,amlb,classification,nofe,3,4500,4000,1000,20,20,0,0.9331071095369017,binary_roc_auc,True,0.9331071095369017,0.0,0.01647353172302246,0.0004420280456542969,10.52240800857544,334.5390625,81,ok,,1.0.0,{}
167140,dna,openml_task,amlb,multiclass,nofe,4,4500,2548,638,180,180,0,0.11750561666324937,categorical_crossentropy,False,0.11750561666324937,-0.0,0.010736227035522461,0.0016701221466064453,11.376819610595703,350.1796875,149,ok,,1.0.0,{}
3021,sick,openml_task,amlb,classification,nofe,3,4500,3017,755,27,27,0,0.9941742809836267,binary_roc_auc,True,0.9941742809836267,0.0,0.007916927337646484,0.0004696846008300781,133.561861038208,337.265625,135,ok,,1.0.0,{}
2079,eucalyptus,openml_task,amlb,multiclass,nofe,0,4500,588,148,19,19,0,0.7780714539206914,categorical_crossentropy,False,0.7780714539206914,-0.0,0.0062656402587890625,0.00016427040100097656,135.86618494987488,338.62890625,142,ok,,1.0.0,{}
3021,sick,openml_task,amlb,classification,nofe,4,4500,3017,755,27,27,0,0.9946648678481634,binary_roc_auc,True,0.9946648678481634,0.0,0.0061130523681640625,0.00032973289489746094,133.6925721168518,332.6484375,102,ok,,1.0.0,{}
167125,Internet-Advertisements,openml_task,amlb,classification,nofe,0,4500,2623,656,1558,1558,0,0.9701954209065681,binary_roc_auc,True,0.9701954209065681,0.0,0.0934896469116211,0.3317606449127197,14.979866981506348,429.1328125,164,ok,,1.0.0,{}
12,mfeat-factors,openml_task,amlb,multiclass,nofe,4,4500,1600,400,216,216,0,0.10464548402269429,categorical_crossentropy,False,0.10464548402269429,-0.0,0.012349605560302734,0.0014052391052246094,143.06869626045227,384.0546875,653,ok,,1.0.0,{}
2074,satimage,openml_task,amlb,multiclass,nofe,1,4500,5144,1286,36,36,0,0.218420771163655,categorical_crossentropy,False,0.218420771163655,-0.0,0.027887344360351562,0.001516103744506836,136.66589331626892,366.3671875,241,ok,,1.0.0,{}
167140,dna,openml_task,amlb,multiclass,nofe,1,4500,2548,638,180,180,0,0.1325294330904213,categorical_crossentropy,False,0.1325294330904213,-0.0,0.034028053283691406,0.0032911300659179688,12.53618836402893,349.875,267,ok,,1.0.0,{}
mushroom,mushroom,pmlb,pmlb,classification,nofe,2,4500,6499,1625,21,21,0,1.0,binary_roc_auc,True,1.0,0.0,0.006477832794189453,0.0002281665802001953,10.225885152816772,335.2578125,1985,ok,,1.0.0,{}
kr_vs_kp,kr-vs-kp,pmlb,pmlb,classification,nofe,1,4500,2556,640,36,36,0,0.9990509177722985,binary_roc_auc,True,0.9990509177722985,0.0,0.003637075424194336,7.510185241699219e-05,8.484320402145386,324.93359375,444,ok,,1.0.0,{}
kr_vs_kp,kr-vs-kp,pmlb,pmlb,classification,nofe,4,4500,2556,640,36,36,0,0.9999804312942743,binary_roc_auc,True,0.9999804312942743,0.0,0.003618001937866211,7.462501525878906e-05,8.391087532043457,326.10546875,598,ok,,1.0.0,{}
adult,adult,pmlb,pmlb,classification,nofe,4,4500,39073,9769,14,14,0,0.9254273907919787,binary_roc_auc,True,0.9254273907919787,0.0,0.030189037322998047,0.0012323856353759766,10.94487452507019,358.44140625,331,ok,,1.0.0,{}
spambase,spambase,pmlb,pmlb,classification,nofe,0,4500,3680,921,57,57,0,0.9896965747405629,binary_roc_auc,True,0.9896965747405629,0.0,0.0049364566802978516,0.0003230571746826172,9.845337390899658,330.3828125,282,ok,,1.0.0,{}
mushroom,mushroom,pmlb,pmlb,classification,nofe,4,4500,6499,1625,21,21,0,1.0,binary_roc_auc,True,1.0,0.0,0.007491588592529297,0.00036025047302246094,9.507338047027588,332.30859375,1445,ok,,1.0.0,{}
mushroom,mushroom,pmlb,pmlb,classification,nofe,3,4500,6499,1625,21,21,0,1.0,binary_roc_auc,True,1.0,0.0,0.00595855712890625,0.00022673606872558594,10.187750101089478,335.3671875,1999,ok,,1.0.0,{}
spambase,spambase,pmlb,pmlb,classification,nofe,4,4500,3680,921,57,57,0,0.984739871836646,binary_roc_auc,True,0.984739871836646,0.0,0.006530284881591797,0.0003600120544433594,9.29729175567627,334.01953125,265,ok,,1.0.0,{}
spambase,spambase,pmlb,pmlb,classification,nofe,1,4500,3680,921,57,57,0,0.9873663319411119,binary_roc_auc,True,0.9873663319411119,0.0,0.004940509796142578,0.0004134178161621094,9.818557977676392,332.46484375,280,ok,,1.0.0,{}
chess,chess,pmlb,pmlb,classification,nofe,0,4500,2556,640,36,36,0,0.9996869007083872,binary_roc_auc,True,0.9996869007083872,0.0,0.004462003707885742,0.0001785755157470703,9.224627494812012,325.43359375,473,ok,,1.0.0,{}
kr_vs_kp,kr-vs-kp,pmlb,pmlb,classification,nofe,2,4500,2556,640,36,36,0,0.9998728034127823,binary_roc_auc,True,0.9998728034127823,0.0,0.0034651756286621094,6.866455078125e-05,9.513416767120361,328.859375,869,ok,,1.0.0,{}
kr_vs_kp,kr-vs-kp,pmlb,pmlb,classification,nofe,3,4500,2556,640,36,36,0,0.9994178310046573,binary_roc_auc,True,0.9994178310046573,0.0,0.003591775894165039,6.914138793945312e-05,9.492111206054688,328.7421875,1213,ok,,1.0.0,{}
kr_vs_kp,kr-vs-kp,pmlb,pmlb,classification,nofe,0,4500,2556,640,36,36,0,0.9999804312942743,binary_roc_auc,True,0.9999804312942743,0.0,0.004346132278442383,8.392333984375e-05,9.554513454437256,328.0859375,643,ok,,1.0.0,{}
spambase,spambase,pmlb,pmlb,classification,nofe,2,4500,3680,921,57,57,0,0.989247311827957,binary_roc_auc,True,0.989247311827957,0.0,0.005144357681274414,0.00043487548828125,10.399194478988647,337.23046875,384,ok,,1.0.0,{}
spambase,spambase,pmlb,pmlb,classification,nofe,3,4500,3680,921,57,57,0,0.9884327142391659,binary_roc_auc,True,0.9884327142391659,0.0,0.006010293960571289,0.0004038810729980469,10.133010149002075,330.37890625,294,ok,,1.0.0,{}
125920,dresses-sales,openml_task,amlb,classification,nofe,0,4500,400,100,12,12,0,0.6642036124794746,binary_roc_auc,True,0.6642036124794746,0.0,0.005803585052490234,0.0001933574676513672,75.75925087928772,327.75,32,ok,,1.0.0,{}
3021,sick,openml_task,amlb,classification,nofe,0,4500,3017,755,27,27,0,0.9970258171337463,binary_roc_auc,True,0.9970258171337463,0.0,0.005579471588134766,0.0002834796905517578,150.44692993164062,335.421875,354,ok,,1.0.0,{}
6,letter,openml_task,amlb,multiclass,nofe,4,4500,16000,4000,16,16,0,0.11902175575975389,categorical_crossentropy,False,0.11902175575975389,-0.0,0.007296562194824219,0.0007402896881103516,159.09755539894104,553.59375,890,ok,,1.0.0,{}
16,mfeat-karhunen,openml_task,amlb,multiclass,nofe,0,4500,1600,400,64,64,0,0.14032319673566235,categorical_crossentropy,False,0.14032319673566235,-0.0,0.005730628967285156,0.0003314018249511719,158.80445384979248,382.55859375,754,ok,,1.0.0,{}
chess,chess,pmlb,pmlb,classification,nofe,4,4500,2556,640,36,36,0,0.999902156471371,binary_roc_auc,True,0.999902156471371,0.0,0.005077362060546875,9.703636169433594e-05,2.243619203567505,324.8046875,419,ok,,1.0.0,{}
chess,chess,pmlb,pmlb,classification,nofe,3,4500,2556,640,36,36,0,0.999740714649133,binary_roc_auc,True,0.999740714649133,0.0,0.006474494934082031,0.00015664100646972656,2.525620460510254,324.48046875,599,ok,,1.0.0,{}
ionosphere,ionosphere,pmlb,pmlb,classification,nofe,0,4500,280,71,33,33,0,0.9608695652173912,binary_roc_auc,True,0.9608695652173912,0.0,0.002421140670776367,6.437301635742188e-05,2.206252336502075,318.234375,67,ok,,1.0.0,{}
chess,chess,pmlb,pmlb,classification,nofe,1,4500,2556,640,36,36,0,0.9995890571797581,binary_roc_auc,True,0.9995890571797581,0.0,0.0058019161224365234,0.00011491775512695312,2.626337766647339,326.03515625,532,ok,,1.0.0,{}
chess,chess,pmlb,pmlb,classification,nofe,2,4500,2556,640,36,36,0,0.999804312942742,binary_roc_auc,True,0.999804312942742,0.0,0.0044384002685546875,0.0001010894775390625,2.8443424701690674,330.80859375,1174,ok,,1.0.0,{}
breast_cancer,breast-cancer,pmlb,pmlb,classification,nofe,1,4500,228,58,9,9,0,0.7101865136298422,binary_roc_auc,True,0.7101865136298422,0.0,0.002471446990966797,0.0002396106719970703,9.313922643661499,315.83203125,64,ok,,1.0.0,{}
breast_cancer,breast-cancer,pmlb,pmlb,classification,nofe,3,4500,228,58,9,9,0,0.7094691535150646,binary_roc_auc,True,0.7094691535150646,0.0,0.002151012420654297,4.124641418457031e-05,9.266154289245605,315.62109375,15,ok,,1.0.0,{}
125922,texture,openml_task,amlb,multiclass,nofe,4,4500,4400,1100,40,40,0,0.06659682395744147,categorical_crossentropy,False,0.06659682395744147,-0.0,0.008665800094604492,0.0004775524139404297,88.20789241790771,458.765625,1993,ok,,1.0.0,{}
breast_cancer,breast-cancer,pmlb,pmlb,classification,nofe,2,4500,228,58,9,9,0,0.7101865136298422,binary_roc_auc,True,0.7101865136298422,0.0,0.0019800662994384766,4.267692565917969e-05,9.215262174606323,315.1484375,48,ok,,1.0.0,{}
146820,wilt,openml_task,amlb,classification,nofe,3,4500,3871,968,5,5,0,0.9874034262680551,binary_roc_auc,True,0.9874034262680551,0.0,0.007277965545654297,6.198883056640625e-05,72.40484404563904,335.87109375,269,ok,,1.0.0,{}
titanic,titanic,pmlb,pmlb,classification,nofe,0,4500,1679,420,8,8,0,0.8354132145816073,binary_roc_auc,True,0.8354132145816073,0.0,0.0033409595489501953,8.58306884765625e-05,9.276646137237549,320.72265625,125,ok,,1.0.0,{}
breast_cancer,breast-cancer,pmlb,pmlb,classification,nofe,4,4500,228,58,9,9,0,0.7166427546628407,binary_roc_auc,True,0.7166427546628407,0.0,0.002752542495727539,5.125999450683594e-05,9.332029581069946,315.99609375,10,ok,,1.0.0,{}
titanic,titanic,pmlb,pmlb,classification,nofe,1,4500,1679,420,8,8,0,0.8149078293289147,binary_roc_auc,True,0.8149078293289147,0.0,0.0034189224243164062,7.534027099609375e-05,9.45340347290039,315.66015625,61,ok,,1.0.0,{}
titanic,titanic,pmlb,pmlb,classification,nofe,2,4500,1679,420,8,8,0,0.7797224523612263,binary_roc_auc,True,0.7797224523612263,0.0,0.011905431747436523,0.00018143653869628906,8.97379994392395,318.38671875,86,ok,,1.0.0,{}
titanic,titanic,pmlb,pmlb,classification,nofe,3,4500,1679,420,8,8,0,0.8310118061309031,binary_roc_auc,True,0.8310118061309031,0.0,0.003311634063720703,5.626678466796875e-05,8.952487468719482,317.5625,73,ok,,1.0.0,{}
titanic,titanic,pmlb,pmlb,classification,nofe,4,4500,1679,420,8,8,0,0.8393356462303232,binary_roc_auc,True,0.8393356462303232,0.0,0.002554178237915039,5.698204040527344e-05,9.030057191848755,317.20703125,53,ok,,1.0.0,{}
167125,Internet-Advertisements,openml_task,amlb,classification,nofe,2,4500,2623,656,1558,1558,0,0.9751483965464076,binary_roc_auc,True,0.9751483965464076,0.0,0.07854938507080078,0.30389404296875,43.7965521812439,429.80078125,318,ok,,1.0.0,{}
146820,wilt,openml_task,amlb,classification,nofe,1,4500,3871,968,5,5,0,0.9931138730265369,binary_roc_auc,True,0.9931138730265369,0.0,0.004419565200805664,5.14984130859375e-05,76.05104756355286,333.14453125,208,ok,,1.0.0,{}
ionosphere,ionosphere,pmlb,pmlb,classification,nofe,1,4500,280,71,33,33,0,0.9704347826086956,binary_roc_auc,True,0.9704347826086956,0.0,0.003489255905151367,6.747245788574219e-05,17.096425771713257,321.68359375,519,ok,,1.0.0,{}
125922,texture,openml_task,amlb,multiclass,nofe,2,4500,4400,1100,40,40,0,0.04698068161675275,categorical_crossentropy,False,0.04698068161675275,-0.0,0.005385875701904297,0.0006029605865478516,92.12802362442017,461.8203125,1999,ok,,1.0.0,{}
ionosphere,ionosphere,pmlb,pmlb,classification,nofe,4,4500,280,71,33,33,0,0.948695652173913,binary_roc_auc,True,0.948695652173913,0.0,0.003051280975341797,8.678436279296875e-05,17.39943027496338,319.34765625,236,ok,,1.0.0,{}
sonar,sonar,pmlb,pmlb,classification,nofe,0,4500,166,42,60,60,0,0.95,binary_roc_auc,True,0.95,0.0,0.0021381378173828125,4.9114227294921875e-05,17.48571252822876,314.5625,127,ok,,1.0.0,{}
sonar,sonar,pmlb,pmlb,classification,nofe,3,4500,166,42,60,60,0,0.9022727272727273,binary_roc_auc,True,0.9022727272727273,0.0,0.002852201461791992,5.4836273193359375e-05,18.08986806869507,320.390625,610,ok,,1.0.0,{}
ionosphere,ionosphere,pmlb,pmlb,classification,nofe,3,4500,280,71,33,33,0,0.9443478260869566,binary_roc_auc,True,0.9443478260869566,0.0,0.00390934944152832,6.29425048828125e-05,18.22509002685547,318.8125,72,ok,,1.0.0,{}
sonar,sonar,pmlb,pmlb,classification,nofe,1,4500,166,42,60,60,0,0.9840909090909091,binary_roc_auc,True,0.9840909090909091,0.0,0.002786874771118164,6.842613220214844e-05,19.224117755889893,317.5546875,147,ok,,1.0.0,{}
ionosphere,ionosphere,pmlb,pmlb,classification,nofe,2,4500,280,71,33,33,0,0.98,binary_roc_auc,True,0.98,0.0,0.002558469772338867,5.745887756347656e-05,19.22137713432312,322.63671875,77,ok,,1.0.0,{}
breast_cancer,breast-cancer,pmlb,pmlb,classification,nofe,0,4500,228,58,9,9,0,0.659971305595409,binary_roc_auc,True,0.659971305595409,0.0,0.0025539398193359375,4.839897155761719e-05,18.04375648498535,317.828125,11,ok,,1.0.0,{}
sonar,sonar,pmlb,pmlb,classification,nofe,4,4500,166,42,60,60,0,0.9659090909090909,binary_roc_auc,True,0.9659090909090909,0.0,0.0027713775634765625,7.462501525878906e-05,18.671460390090942,314.8671875,84,ok,,1.0.0,{}
car_evaluation,car-evaluation,pmlb,pmlb,multiclass,nofe,4,4500,1382,346,6,6,0,0.01864907821928497,categorical_crossentropy,False,0.01864907821928497,-0.0,0.004319190979003906,8.082389831542969e-05,6.3233911991119385,363.328125,1999,ok,,1.0.0,{}
waveform_21,waveform-21,pmlb,pmlb,multiclass,nofe,1,4500,4000,1000,21,21,0,0.3135777548374608,categorical_crossentropy,False,0.3135777548374608,-0.0,0.00562596321105957,0.00012683868408203125,10.521870374679565,328.9375,164,ok,,1.0.0,{}
32,pendigits,openml_task,amlb,multiclass,nofe,4,4500,8793,2199,16,16,0,0.03714806497014522,categorical_crossentropy,False,0.03714806497014522,-0.0,0.010877370834350586,0.0005004405975341797,184.90157794952393,409.69921875,1137,ok,,1.0.0,{}
car_evaluation,car-evaluation,pmlb,pmlb,multiclass,nofe,1,4500,1382,346,6,6,0,0.02345122158893638,categorical_crossentropy,False,0.02345122158893638,-0.0,0.002676248550415039,7.724761962890625e-05,10.328058242797852,355.21484375,1463,ok,,1.0.0,{}
satimage,satimage,pmlb,pmlb,multiclass,nofe,1,4500,5148,1287,36,36,0,0.2186751308897845,categorical_crossentropy,False,0.2186751308897845,-0.0,0.008395910263061523,0.0006878376007080078,5.22553277015686,346.54296875,238,ok,,1.0.0,{}
satimage,satimage,pmlb,pmlb,multiclass,nofe,2,4500,5148,1287,36,36,0,0.21480080033690702,categorical_crossentropy,False,0.21480080033690702,-0.0,0.005919933319091797,0.0006301403045654297,4.899944305419922,344.9453125,248,ok,,1.0.0,{}
waveform_21,waveform-21,pmlb,pmlb,multiclass,nofe,0,4500,4000,1000,21,21,0,0.3348621394513175,categorical_crossentropy,False,0.3348621394513175,-0.0,0.00397181510925293,0.00011801719665527344,11.685741662979126,327.36328125,170,ok,,1.0.0,{}
car_evaluation,car-evaluation,pmlb,pmlb,multiclass,nofe,0,4500,1382,346,6,6,0,0.025830334467827405,categorical_crossentropy,False,0.025830334467827405,-0.0,0.0016849040985107422,4.2438507080078125e-05,10.603062391281128,350.07421875,1314,ok,,1.0.0,{}
satimage,satimage,pmlb,pmlb,multiclass,nofe,0,4500,5148,1287,36,36,0,0.24482146764521834,categorical_crossentropy,False,0.24482146764521834,-0.0,0.007387638092041016,0.0004980564117431641,5.402393817901611,347.38671875,295,ok,,1.0.0,{}
waveform_21,waveform-21,pmlb,pmlb,multiclass,nofe,2,4500,4000,1000,21,21,0,0.30287216912338044,categorical_crossentropy,False,0.30287216912338044,-0.0,0.0033266544342041016,0.0001049041748046875,11.317137479782104,330.6796875,170,ok,,1.0.0,{}
waveform_21,waveform-21,pmlb,pmlb,multiclass,nofe,4,4500,4000,1000,21,21,0,0.32064387792348864,categorical_crossentropy,False,0.32064387792348864,-0.0,0.004244327545166016,0.0001232624053955078,11.461367845535278,330.25,151,ok,,1.0.0,{}
nursery,nursery,pmlb,pmlb,multiclass,nofe,0,4500,10366,2592,8,8,0,0.00201630688812033,categorical_crossentropy,False,0.00201630688812033,-0.0,0.002604246139526367,0.0001544952392578125,13.920636177062988,382.6796875,1998,ok,,1.0.0,{}
waveform_21,waveform-21,pmlb,pmlb,multiclass,nofe,3,4500,4000,1000,21,21,0,0.31825675371600665,categorical_crossentropy,False,0.31825675371600665,-0.0,0.003706216812133789,0.00013446807861328125,12.199126243591309,333.68359375,234,ok,,1.0.0,{}
nursery,nursery,pmlb,pmlb,multiclass,nofe,1,4500,10366,2592,8,8,0,0.0019006984625540237,categorical_crossentropy,False,0.0019006984625540237,-0.0,0.003625631332397461,0.00011873245239257812,13.981311082839966,381.08203125,1998,ok,,1.0.0,{}
car_evaluation,car-evaluation,pmlb,pmlb,multiclass,nofe,2,4500,1382,346,6,6,0,0.029940057632499857,categorical_crossentropy,False,0.029940057632499857,-0.0,0.003385305404663086,5.269050598144531e-05,10.474590063095093,350.58984375,1449,ok,,1.0.0,{}
nursery,nursery,pmlb,pmlb,multiclass,nofe,4,4500,10366,2592,8,8,0,0.0018223118932558077,categorical_crossentropy,False,0.0018223118932558077,-0.0,0.0033674240112304688,7.462501525878906e-05,13.924118041992188,380.49609375,1999,ok,,1.0.0,{}
nursery,nursery,pmlb,pmlb,multiclass,nofe,2,4500,10366,2592,8,8,0,0.0015975698045982121,categorical_crossentropy,False,0.0015975698045982121,-0.0,0.0032644271850585938,7.104873657226562e-05,14.192345142364502,382.76171875,1999,ok,,1.0.0,{}
nursery,nursery,pmlb,pmlb,multiclass,nofe,3,4500,10366,2592,8,8,0,0.0016397963281700398,categorical_crossentropy,False,0.0016397963281700398,-0.0,0.003654956817626953,0.0002944469451904297,13.764175653457642,382.8359375,1998,ok,,1.0.0,{}
car_evaluation,car-evaluation,pmlb,pmlb,multiclass,nofe,3,4500,1382,346,6,6,0,0.030110992895409618,categorical_crossentropy,False,0.030110992895409618,-0.0,0.0021474361419677734,4.792213439941406e-05,9.662086486816406,343.890625,1061,ok,,1.0.0,{}
satimage,satimage,pmlb,pmlb,multiclass,nofe,4,4500,5148,1287,36,36,0,0.2347972357686946,categorical_crossentropy,False,0.2347972357686946,-0.0,0.005371809005737305,0.0005042552947998047,5.244446039199829,341.62109375,232,ok,,1.0.0,{}
satimage,satimage,pmlb,pmlb,multiclass,nofe,3,4500,5148,1287,36,36,0,0.25625222741413906,categorical_crossentropy,False,0.25625222741413906,-0.0,0.005833148956298828,0.00045490264892578125,5.147018909454346,343.0546875,220,ok,,1.0.0,{}
vehicle,vehicle,pmlb,pmlb,multiclass,nofe,0,4500,676,170,18,18,0,0.5403102242661749,categorical_crossentropy,False,0.5403102242661749,-0.0,0.003274679183959961,0.00010132789611816406,2.8326940536499023,322.32421875,89,ok,,1.0.0,{}
14970,har,openml_task,amlb,multiclass,nofe,3,4500,8239,2060,561,561,0,0.036297432944591985,categorical_crossentropy,False,0.036297432944591985,-0.0,0.029247045516967773,0.003898143768310547,127.20008134841919,791.75390625,861,ok,,1.0.0,{}
vehicle,vehicle,pmlb,pmlb,multiclass,nofe,2,4500,676,170,18,18,0,0.52811502743485,categorical_crossentropy,False,0.52811502743485,-0.0,0.002996206283569336,9.083747863769531e-05,3.3305282592773438,326.53515625,211,ok,,1.0.0,{}
optdigits,optdigits,pmlb,pmlb,multiclass,nofe,1,4500,4496,1124,62,62,0,0.05484273176866364,categorical_crossentropy,False,0.05484273176866364,-0.0,0.010915040969848633,0.0010902881622314453,9.744010210037231,373.5234375,607,ok,,1.0.0,{}
pendigits,pendigits,pmlb,pmlb,multiclass,nofe,3,4500,8793,2199,16,16,0,0.024240221755025115,categorical_crossentropy,False,0.024240221755025115,-0.0,0.00442194938659668,0.0002961158752441406,10.167975425720215,365.20703125,546,ok,,1.0.0,{}
vehicle,vehicle,pmlb,pmlb,multiclass,nofe,3,4500,676,170,18,18,0,0.4904234250788303,categorical_crossentropy,False,0.4904234250788303,-0.0,0.002728700637817383,0.00010943412780761719,3.3346898555755615,324.9140625,164,ok,,1.0.0,{}
optdigits,optdigits,pmlb,pmlb,multiclass,nofe,0,4500,4496,1124,62,62,0,0.08089492620322523,categorical_crossentropy,False,0.08089492620322523,-0.0,0.010027647018432617,0.0015692710876464844,9.906604290008545,386.375,881,ok,,1.0.0,{}
pendigits,pendigits,pmlb,pmlb,multiclass,nofe,4,4500,8793,2199,16,16,0,0.03714806497014522,categorical_crossentropy,False,0.03714806497014522,-0.0,0.0044591426849365234,0.00031280517578125,10.715410947799683,394.03515625,1137,ok,,1.0.0,{}
optdigits,optdigits,pmlb,pmlb,multiclass,nofe,2,4500,4496,1124,62,62,0,0.07013318941573672,categorical_crossentropy,False,0.07013318941573672,-0.0,0.006003379821777344,0.0005791187286376953,9.629653930664062,378.44921875,710,ok,,1.0.0,{}
optdigits,optdigits,pmlb,pmlb,multiclass,nofe,4,4500,4496,1124,62,62,0,0.06703849414178167,categorical_crossentropy,False,0.06703849414178167,-0.0,0.011087417602539062,0.0010592937469482422,9.522369861602783,372.42578125,627,ok,,1.0.0,{}
vehicle,vehicle,pmlb,pmlb,multiclass,nofe,1,4500,676,170,18,18,0,0.5733310526271131,categorical_crossentropy,False,0.5733310526271131,-0.0,0.0024695396423339844,8.630752563476562e-05,9.719620704650879,329.15625,229,ok,,1.0.0,{}
vehicle,vehicle,pmlb,pmlb,multiclass,nofe,4,4500,676,170,18,18,0,0.5000177269363228,categorical_crossentropy,False,0.5000177269363228,-0.0,0.0030362606048583984,0.00010728836059570312,3.35813570022583,327.27734375,238,ok,,1.0.0,{}
optdigits,optdigits,pmlb,pmlb,multiclass,nofe,3,4500,4496,1124,62,62,0,0.05590634749810176,categorical_crossentropy,False,0.05590634749810176,-0.0,0.006606101989746094,0.0006244182586669922,11.239449262619019,400.05859375,1205,ok,,1.0.0,{}
shuttle,shuttle,pmlb,pmlb,multiclass,nofe,1,4500,46400,11600,9,9,0,8.89228086881805e-05,categorical_crossentropy,False,8.89228086881805e-05,-0.0,0.011002779006958008,0.0009098052978515625,13.896990776062012,378.76953125,813,ok,,1.0.0,{}
pendigits,pendigits,pmlb,pmlb,multiclass,nofe,2,4500,8793,2199,16,16,0,0.04034747411545071,categorical_crossentropy,False,0.04034747411545071,-0.0,0.006104707717895508,0.0003752708435058594,13.714310884475708,368.74609375,649,ok,,1.0.0,{}
shuttle,shuttle,pmlb,pmlb,multiclass,nofe,4,4500,46400,11600,9,9,0,0.0009775792204586142,categorical_crossentropy,False,0.0009775792204586142,-0.0,0.013882875442504883,0.0009551048278808594,14.304566621780396,381.5234375,882,ok,,1.0.0,{}
shuttle,shuttle,pmlb,pmlb,multiclass,nofe,3,4500,46400,11600,9,9,0,0.0004302326337221984,categorical_crossentropy,False,0.0004302326337221984,-0.0,0.011409521102905273,0.0008494853973388672,14.443801879882812,369.48828125,544,ok,,1.0.0,{}
pendigits,pendigits,pmlb,pmlb,multiclass,nofe,1,4500,8793,2199,16,16,0,0.031006957161735987,categorical_crossentropy,False,0.031006957161735987,-0.0,0.023081541061401367,0.0014050006866455078,14.206655263900757,381.51953125,868,ok,,1.0.0,{}
pendigits,pendigits,pmlb,pmlb,multiclass,nofe,0,4500,8793,2199,16,16,0,0.034724765404783184,categorical_crossentropy,False,0.034724765404783184,-0.0,0.005722761154174805,0.00036787986755371094,14.663130521774292,362.9921875,539,ok,,1.0.0,{}
12,mfeat-factors,openml_task,amlb,multiclass,nofe,3,4500,1600,400,216,216,0,0.13735728453029877,categorical_crossentropy,False,0.13735728453029877,-0.0,0.006426095962524414,0.0009407997131347656,203.8736228942871,387.30859375,665,ok,,1.0.0,{}
3021,sick,openml_task,amlb,classification,nofe,2,4500,3017,755,27,27,0,0.9960139817256393,binary_roc_auc,True,0.9960139817256393,0.0,0.0058858394622802734,0.0002512931823730469,195.93940234184265,335.62890625,104,ok,,1.0.0,{}
monk1,monk1,pmlb,pmlb,classification,nofe,4,4500,444,112,6,6,0,1.0,binary_roc_auc,True,1.0,0.0,0.0030059814453125,4.076957702636719e-05,9.430330276489258,321.23828125,827,ok,,1.0.0,{}
letter,letter,pmlb,pmlb,multiclass,nofe,3,4500,16000,4000,16,16,0,0.11147865348353861,categorical_crossentropy,False,0.11147865348353861,-0.0,0.00668025016784668,0.0005664825439453125,34.637500524520874,546.71484375,946,ok,,1.0.0,{}
146195,connect-4,openml_task,amlb,multiclass,nofe,1,4500,54045,13512,42,42,0,0.3454479343823498,categorical_crossentropy,False,0.3454479343823498,-0.0,0.01857447624206543,0.0014216899871826172,131.2923185825348,475.53125,1997,ok,,1.0.0,{}
146195,connect-4,openml_task,amlb,multiclass,nofe,2,4500,54045,13512,42,42,0,0.34852855618872336,categorical_crossentropy,False,0.34852855618872336,-0.0,0.015170812606811523,0.0014235973358154297,130.91001319885254,475.44921875,1999,ok,,1.0.0,{}
529_pollen,pollen,pmlb,pmlb,regression,nofe,2,4500,3078,770,4,4,0,1.5843982974151207,rmse,False,1.5843982974151207,-0.0,0.0029785633087158203,6.175041198730469e-05,8.93933629989624,322.73828125,237,ok,,1.0.0,{}
529_pollen,pollen,pmlb,pmlb,regression,nofe,0,4500,3078,770,4,4,0,1.5986108050893144,rmse,False,1.5986108050893144,-0.0,0.0034058094024658203,6.341934204101562e-05,9.531920909881592,320.26953125,203,ok,,1.0.0,{}
mushroom,mushroom,pmlb,pmlb,classification,nofe,0,4500,6499,1625,21,21,0,1.0,binary_roc_auc,True,1.0,0.0,0.012244701385498047,0.0006520748138427734,71.18812680244446,335.109375,1979,ok,,1.0.0,{}
letter,letter,pmlb,pmlb,multiclass,nofe,4,4500,16000,4000,16,16,0,0.11902175575975389,categorical_crossentropy,False,0.11902175575975389,-0.0,0.005185842514038086,0.0006322860717773438,34.75990438461304,534.6875,890,ok,,1.0.0,{}
529_pollen,pollen,pmlb,pmlb,regression,nofe,4,4500,3078,770,4,4,0,1.5625623757186557,rmse,False,1.5625623757186557,-0.0,0.003154277801513672,4.673004150390625e-05,8.927191972732544,320.40625,136,ok,,1.0.0,{}
529_pollen,pollen,pmlb,pmlb,regression,nofe,1,4500,3078,770,4,4,0,1.585127263915552,rmse,False,1.585127263915552,-0.0,0.014221429824829102,0.00016832351684570312,9.349977493286133,320.98046875,137,ok,,1.0.0,{}
529_pollen,pollen,pmlb,pmlb,regression,nofe,3,4500,3078,770,4,4,0,1.5770896880824792,rmse,False,1.5770896880824792,-0.0,0.003801107406616211,0.000118255615234375,9.574668169021606,321.1640625,155,ok,,1.0.0,{}
letter,letter,pmlb,pmlb,multiclass,nofe,1,4500,16000,4000,16,16,0,0.121318590357945,categorical_crossentropy,False,0.121318590357945,-0.0,0.007302284240722656,0.0005643367767333984,37.00803327560425,555.4375,1035,ok,,1.0.0,{}
14970,har,openml_task,amlb,multiclass,nofe,4,4500,8239,2060,561,561,0,0.023619512586307873,categorical_crossentropy,False,0.023619512586307873,-0.0,0.03176474571228027,0.00397944450378418,134.09425854682922,789.68359375,803,ok,,1.0.0,{}
503_wind,wind,pmlb,pmlb,regression,nofe,4,4500,5259,1315,14,14,0,3.045161175952676,rmse,False,3.045161175952676,-0.0,0.006038188934326172,0.00018548965454101562,9.282821893692017,326.4453125,254,ok,,1.0.0,{}
146195,connect-4,openml_task,amlb,multiclass,nofe,0,4500,54045,13512,42,42,0,0.35376996801707983,categorical_crossentropy,False,0.35376996801707983,-0.0,0.010888338088989258,0.0008339881896972656,133.01166224479675,472.17578125,1994,ok,,1.0.0,{}
503_wind,wind,pmlb,pmlb,regression,nofe,1,4500,5259,1315,14,14,0,2.9842687326630206,rmse,False,2.9842687326630206,-0.0,0.004508256912231445,0.00023055076599121094,9.751577854156494,325.80859375,182,ok,,1.0.0,{}
mfeat_factors,mfeat-factors,pmlb,pmlb,multiclass,nofe,1,4500,1600,400,216,216,0,0.13339161737516406,categorical_crossentropy,False,0.13339161737516406,-0.0,0.007618427276611328,0.0009365081787109375,13.847474813461304,359.69140625,394,ok,,1.0.0,{}
503_wind,wind,pmlb,pmlb,regression,nofe,0,4500,5259,1315,14,14,0,3.160870419196631,rmse,False,3.160870419196631,-0.0,0.004305362701416016,0.0002701282501220703,10.242176055908203,326.13671875,249,ok,,1.0.0,{}
503_wind,wind,pmlb,pmlb,regression,nofe,3,4500,5259,1315,14,14,0,2.966718495874886,rmse,False,2.966718495874886,-0.0,0.008287429809570312,0.0002701282501220703,9.748373985290527,326.83203125,248,ok,,1.0.0,{}
mfeat_factors,mfeat-factors,pmlb,pmlb,multiclass,nofe,2,4500,1600,400,216,216,0,0.1873058910931286,categorical_crossentropy,False,0.1873058910931286,-0.0,0.008125543594360352,0.0008816719055175781,14.003804445266724,354.82421875,233,ok,,1.0.0,{}
146195,connect-4,openml_task,amlb,multiclass,nofe,3,4500,54045,13512,42,42,0,0.34880960897482094,categorical_crossentropy,False,0.34880960897482094,-0.0,0.02042222023010254,0.002232789993286133,133.59855151176453,471.2421875,1998,ok,,1.0.0,{}
503_wind,wind,pmlb,pmlb,regression,nofe,2,4500,5259,1315,14,14,0,2.985540099602209,rmse,False,2.985540099602209,-0.0,0.0063152313232421875,0.00023102760314941406,10.256119728088379,328.5859375,457,ok,,1.0.0,{}
adult,adult,pmlb,pmlb,classification,nofe,2,4500,39073,9769,14,14,0,0.9251391386441028,binary_roc_auc,True,0.9251391386441028,0.0,0.04656481742858887,0.003208160400390625,75.22303128242493,359.34375,277,ok,,1.0.0,{}
1169,Airlines,openml_task,stress_test,classification,nofe,1,4500,,,,,,,,,,,,,0.722944974899292,,,crash,OpenMLServerException: https://www.openml.org/api/v1/xml/task/1169 returned code 151: Unknown task - None,,
1169,Airlines,openml_task,stress_test,classification,nofe,2,4500,,,,,,,,,,,,,0.6213333606719971,,,crash,OpenMLServerException: https://www.openml.org/api/v1/xml/task/1169 returned code 151: Unknown task - None,,
42712,Bike-Sharing,openml_task,stress_test,regression,nofe,1,4500,,,,,,,,,,,,,0.6486849784851074,,,crash,OpenMLServerException: https://www.openml.org/api/v1/xml/task/42712 returned code 151: Unknown task - None,,
1169,Airlines,openml_task,stress_test,classification,nofe,3,4500,,,,,,,,,,,,,1.0214791297912598,,,crash,OpenMLServerException: https://www.openml.org/api/v1/xml/task/1169 returned code 151: Unknown task - None,,
42712,Bike-Sharing,openml_task,stress_test,regression,nofe,2,4500,,,,,,,,,,,,,0.5945961475372314,,,crash,OpenMLServerException: https://www.openml.org/api/v1/xml/task/42712 returned code 151: Unknown task - None,,
1169,Airlines,openml_task,stress_test,classification,nofe,0,4500,,,,,,,,,,,,,2.080610513687134,,,crash,OpenMLServerException: https://www.openml.org/api/v1/xml/task/1169 returned code 151: Unknown task - None,,
42712,Bike-Sharing,openml_task,stress_test,regression,nofe,0,4500,,,,,,,,,,,,,1.612023115158081,,,crash,OpenMLServerException: https://www.openml.org/api/v1/xml/task/42712 returned code 151: Unknown task - None,,
1169,Airlines,openml_task,stress_test,classification,nofe,4,4500,,,,,,,,,,,,,2.095993757247925,,,crash,OpenMLServerException: https://www.openml.org/api/v1/xml/task/1169 returned code 151: Unknown task - None,,
42712,Bike-Sharing,openml_task,stress_test,regression,nofe,3,4500,,,,,,,,,,,,,0.5905146598815918,,,crash,OpenMLServerException: https://www.openml.org/api/v1/xml/task/42712 returned code 151: Unknown task - None,,
42712,Bike-Sharing,openml_task,stress_test,regression,nofe,4,4500,,,,,,,,,,,,,0.6900215148925781,,,crash,OpenMLServerException: https://www.openml.org/api/v1/xml/task/42712 returned code 151: Unknown task - None,,
1113,KDD-Cup-98,openml_task,stress_test,regression,nofe,2,4500,,,,,,,,,,,,,0.5803272724151611,,,crash,OpenMLServerException: https://www.openml.org/api/v1/xml/task/1113 returned code 151: Unknown task - None,,
1113,KDD-Cup-98,openml_task,stress_test,regression,nofe,0,4500,,,,,,,,,,,,,0.991626501083374,,,crash,OpenMLServerException: https://www.openml.org/api/v1/xml/task/1113 returned code 151: Unknown task - None,,
23380,Mercedes-Greener,openml_task,stress_test,regression,nofe,0,4500,,,,,,,,,,,,,0.5619676113128662,,,crash,OpenMLServerException: https://www.openml.org/api/v1/xml/task/23380 returned code 151: Unknown task - None,,
1113,KDD-Cup-98,openml_task,stress_test,regression,nofe,1,4500,,,,,,,,,,,,,1.6864917278289795,,,crash,OpenMLServerException: https://www.openml.org/api/v1/xml/task/1113 returned code 151: Unknown task - None,,
1113,KDD-Cup-98,openml_task,stress_test,regression,nofe,4,4500,,,,,,,,,,,,,1.5639984607696533,,,crash,OpenMLServerException: https://www.openml.org/api/v1/xml/task/1113 returned code 151: Unknown task - None,,
23380,Mercedes-Greener,openml_task,stress_test,regression,nofe,1,4500,,,,,,,,,,,,,0.5671634674072266,,,crash,OpenMLServerException: https://www.openml.org/api/v1/xml/task/23380 returned code 151: Unknown task - None,,
1113,KDD-Cup-98,openml_task,stress_test,regression,nofe,3,4500,,,,,,,,,,,,,2.584963083267212,,,crash,OpenMLServerException: https://www.openml.org/api/v1/xml/task/1113 returned code 151: Unknown task - None,,
23380,Mercedes-Greener,openml_task,stress_test,regression,nofe,2,4500,,,,,,,,,,,,,0.6597564220428467,,,crash,OpenMLServerException: https://www.openml.org/api/v1/xml/task/23380 returned code 151: Unknown task - None,,
23380,Mercedes-Greener,openml_task,stress_test,regression,nofe,3,4500,,,,,,,,,,,,,0.6052157878875732,,,crash,OpenMLServerException: https://www.openml.org/api/v1/xml/task/23380 returned code 151: Unknown task - None,,
23380,Mercedes-Greener,openml_task,stress_test,regression,nofe,4,4500,,,,,,,,,,,,,0.8787350654602051,,,crash,OpenMLServerException: https://www.openml.org/api/v1/xml/task/23380 returned code 151: Unknown task - None,,
41207,Allstate-Claims,openml_task,stress_test,regression,nofe,1,4500,,,,,,,,,,,,,0.6121983528137207,,,crash,OpenMLServerException: https://www.openml.org/api/v1/xml/task/41207 returned code 151: Unknown task - None,,
41207,Allstate-Claims,openml_task,stress_test,regression,nofe,0,4500,,,,,,,,,,,,,1.1523046493530273,,,crash,OpenMLServerException: https://www.openml.org/api/v1/xml/task/41207 returned code 151: Unknown task - None,,
41207,Allstate-Claims,openml_task,stress_test,regression,nofe,2,4500,,,,,,,,,,,,,0.955559492111206,,,crash,OpenMLServerException: https://www.openml.org/api/v1/xml/task/41207 returned code 151: Unknown task - None,,
14970,har,openml_task,amlb,multiclass,nofe,1,4500,8239,2060,561,561,0,0.02071714665300204,categorical_crossentropy,False,0.02071714665300204,-0.0,0.035190582275390625,0.004748344421386719,158.1955931186676,792.34765625,1260,ok,,1.0.0,{}
40927,Sleep,openml_task,stress_test,classification,nofe,0,4500,,,,,,,,,,,,,0.570288896560669,,,crash,OpenMLServerException: https://www.openml.org/api/v1/xml/task/40927 returned code 151: Unknown task - None,,
41207,Allstate-Claims,openml_task,stress_test,regression,nofe,3,4500,,,,,,,,,,,,,1.302818775177002,,,crash,OpenMLServerException: https://www.openml.org/api/v1/xml/task/41207 returned code 151: Unknown task - None,,
40927,Sleep,openml_task,stress_test,classification,nofe,1,4500,,,,,,,,,,,,,0.7066283226013184,,,crash,OpenMLServerException: https://www.openml.org/api/v1/xml/task/40927 returned code 151: Unknown task - None,,
41207,Allstate-Claims,openml_task,stress_test,regression,nofe,4,4500,,,,,,,,,,,,,1.4930298328399658,,,crash,OpenMLServerException: https://www.openml.org/api/v1/xml/task/41207 returned code 151: Unknown task - None,,
40927,Sleep,openml_task,stress_test,classification,nofe,3,4500,,,,,,,,,,,,,0.5742499828338623,,,crash,OpenMLServerException: https://www.openml.org/api/v1/xml/task/40927 returned code 151: Unknown task - None,,
40927,Sleep,openml_task,stress_test,classification,nofe,2,4500,,,,,,,,,,,,,1.131831169128418,,,crash,OpenMLServerException: https://www.openml.org/api/v1/xml/task/40927 returned code 151: Unknown task - None,,
sonar,sonar,pmlb,pmlb,classification,nofe,2,4500,166,42,60,60,0,0.9068181818181817,binary_roc_auc,True,0.9068181818181817,0.0,0.003015756607055664,6.532669067382812e-05,74.39044713973999,321.80078125,883,ok,,1.0.0,{}
40927,Sleep,openml_task,stress_test,classification,nofe,4,4500,,,,,,,,,,,,,1.149505376815796,,,crash,OpenMLServerException: https://www.openml.org/api/v1/xml/task/40927 returned code 151: Unknown task - None,,
mfeat_factors,mfeat-factors,pmlb,pmlb,multiclass,nofe,0,4500,1600,400,216,216,0,0.1043045536131649,categorical_crossentropy,False,0.1043045536131649,-0.0,0.005036592483520508,0.0007789134979248047,30.892793893814087,383.515625,907,ok,,1.0.0,{}
letter,letter,pmlb,pmlb,multiclass,nofe,0,4500,16000,4000,16,16,0,0.1144544498559661,categorical_crossentropy,False,0.1144544498559661,-0.0,0.005687713623046875,0.0005486011505126953,55.7815945148468,643.50390625,1627,ok,,1.0.0,{}
letter,letter,pmlb,pmlb,multiclass,nofe,2,4500,16000,4000,16,16,0,0.11872570477697286,categorical_crossentropy,False,0.11872570477697286,-0.0,0.0067517757415771484,0.0007166862487792969,54.929073095321655,647.46875,1660,ok,,1.0.0,{}
yeast,yeast,pmlb,stress_test,multiclass,nofe,0,4500,1183,296,8,8,0,1.0645018329944562,categorical_crossentropy,False,1.0645018329944562,-0.0,0.001598358154296875,4.4345855712890625e-05,2.674501419067383,326.625,85,ok,,1.0.0,{}
1193_BNG_lowbwt,BNG-lowbwt,pmlb,pmlb,regression,nofe,0,4500,24883,6221,9,9,0,445.0044680697531,rmse,False,445.0044680697531,-0.0,0.007607936859130859,0.0005369186401367188,18.20392370223999,332.76953125,129,ok,,1.0.0,{}
mfeat_factors,mfeat-factors,pmlb,pmlb,multiclass,nofe,3,4500,1600,400,216,216,0,0.13735728453029877,categorical_crossentropy,False,0.13735728453029877,-0.0,0.01048421859741211,0.0011179447174072266,32.10989165306091,372.2109375,665,ok,,1.0.0,{}
1193_BNG_lowbwt,BNG-lowbwt,pmlb,pmlb,regression,nofe,2,4500,24883,6221,9,9,0,449.2403380489895,rmse,False,449.2403380489895,-0.0,0.026749610900878906,0.0015215873718261719,17.903855085372925,334.421875,107,ok,,1.0.0,{}
yeast,yeast,pmlb,stress_test,multiclass,nofe,2,4500,1183,296,8,8,0,1.111750268327022,categorical_crossentropy,False,1.111750268327022,-0.0,0.0024428367614746094,6.532669067382812e-05,2.573615074157715,325.6015625,77,ok,,1.0.0,{}
yeast,yeast,pmlb,stress_test,multiclass,nofe,1,4500,1183,296,8,8,0,1.0149134381145641,categorical_crossentropy,False,1.0149134381145641,-0.0,0.0017652511596679688,4.5299530029296875e-05,2.6157195568084717,326.55859375,88,ok,,1.0.0,{}
1193_BNG_lowbwt,BNG-lowbwt,pmlb,pmlb,regression,nofe,1,4500,24883,6221,9,9,0,451.3087170110411,rmse,False,451.3087170110411,-0.0,0.00630950927734375,0.00041031837463378906,18.425865173339844,334.42578125,105,ok,,1.0.0,{}
yeast,yeast,pmlb,stress_test,multiclass,nofe,3,4500,1183,296,8,8,0,1.061062062511573,categorical_crossentropy,False,1.061062062511573,-0.0,0.001697540283203125,4.410743713378906e-05,2.5760421752929688,326.71484375,64,ok,,1.0.0,{}
yeast,yeast,pmlb,stress_test,multiclass,nofe,4,4500,1183,296,8,8,0,1.035170285559788,categorical_crossentropy,False,1.035170285559788,-0.0,0.0017178058624267578,4.863739013671875e-05,2.4090402126312256,329.7578125,79,ok,,1.0.0,{}
1193_BNG_lowbwt,BNG-lowbwt,pmlb,pmlb,regression,nofe,4,4500,24883,6221,9,9,0,456.1784179679472,rmse,False,456.1784179679472,-0.0,0.005964756011962891,0.0003910064697265625,18.38049030303955,334.546875,117,ok,,1.0.0,{}
581_fri_c3_500_25,Friedman-c3,pmlb,pmlb,regression,nofe,0,4500,400,100,25,25,0,0.32666539334206623,rmse,False,0.32666539334206623,-0.0,0.003558635711669922,8.821487426757812e-05,18.61301302909851,324.0078125,294,ok,,1.0.0,{}
1028_SWD,SWD,pmlb,pmlb,regression,nofe,3,4500,800,200,10,10,0,0.6518046238344921,rmse,False,0.6518046238344921,-0.0,0.004317760467529297,8.0108642578125e-05,16.73665142059326,316.8828125,41,ok,,1.0.0,{}
14954,cylinder-bands,openml_task,amlb,classification,nofe,0,4500,432,108,35,35,0,0.9319775596072932,binary_roc_auc,True,0.9319775596072932,0.0,0.008864641189575195,0.00023555755615234375,166.674880027771,335.0390625,285,ok,,1.0.0,{}
28,optdigits,openml_task,amlb,multiclass,nofe,1,4500,4496,1124,62,62,0,0.05484273176866364,categorical_crossentropy,False,0.05484273176866364,-0.0,0.009830236434936523,0.0009763240814208984,236.5352668762207,394.46875,607,ok,,1.0.0,{}
581_fri_c3_500_25,Friedman-c3,pmlb,pmlb,regression,nofe,3,4500,400,100,25,25,0,0.3854716450762703,rmse,False,0.3854716450762703,-0.0,0.001621246337890625,4.9114227294921875e-05,18.496654748916626,321.6015625,312,ok,,1.0.0,{}
1193_BNG_lowbwt,BNG-lowbwt,pmlb,pmlb,regression,nofe,3,4500,24883,6221,9,9,0,450.1407188400256,rmse,False,450.1407188400256,-0.0,0.0074656009674072266,0.00037789344787597656,18.93295907974243,331.8359375,84,ok,,1.0.0,{}
1028_SWD,SWD,pmlb,pmlb,regression,nofe,0,4500,800,200,10,10,0,0.5992811670507572,rmse,False,0.5992811670507572,-0.0,0.0019381046295166016,5.459785461425781e-05,18.183797121047974,314.55859375,44,ok,,1.0.0,{}
581_fri_c3_500_25,Friedman-c3,pmlb,pmlb,regression,nofe,4,4500,400,100,25,25,0,0.32775306122988507,rmse,False,0.32775306122988507,-0.0,0.0017826557159423828,5.125999450683594e-05,18.773897886276245,322.5,405,ok,,1.0.0,{}
14970,har,openml_task,amlb,multiclass,nofe,0,4500,8239,2060,561,561,0,0.02713479678423436,categorical_crossentropy,False,0.02713479678423436,-0.0,0.02911972999572754,0.003763914108276367,165.19612383842468,789.7109375,1476,ok,,1.0.0,{}
monk2,monk2,pmlb,stress_test,classification,nofe,0,4500,480,121,6,6,0,0.9539634146341462,binary_roc_auc,True,0.9539634146341462,0.0,0.0031960010528564453,4.4345855712890625e-05,2.57680082321167,329.51953125,1985,ok,,1.0.0,{}
monk2,monk2,pmlb,stress_test,classification,nofe,1,4500,480,121,6,6,0,0.9902439024390244,binary_roc_auc,True,0.9902439024390244,0.0,0.0021486282348632812,4.220008850097656e-05,2.671377658843994,323.765625,1018,ok,,1.0.0,{}
monk2,monk2,pmlb,stress_test,classification,nofe,2,4500,480,121,6,6,0,0.9359756097560975,binary_roc_auc,True,0.9359756097560975,0.0,0.0028328895568847656,5.91278076171875e-05,8.762417554855347,319.0390625,492,ok,,1.0.0,{}
581_fri_c3_500_25,Friedman-c3,pmlb,pmlb,regression,nofe,2,4500,400,100,25,25,0,0.3611830035213164,rmse,False,0.3611830035213164,-0.0,0.002531766891479492,9.012222290039062e-05,26.14375138282776,323.921875,271,ok,,1.0.0,{}
adult,adult-pmlb,pmlb,stress_test,classification,nofe,0,4500,39073,9769,14,14,0,0.9250719968448822,binary_roc_auc,True,0.9250719968448822,0.0,0.02072620391845703,0.0008425712585449219,6.049476861953735,361.234375,266,ok,,1.0.0,{}
adult,adult-pmlb,pmlb,stress_test,classification,nofe,2,4500,39073,9769,14,14,0,0.9251391386441028,binary_roc_auc,True,0.9251391386441028,0.0,0.024326562881469727,0.0008757114410400391,6.191810607910156,359.66796875,277,ok,,1.0.0,{}
1028_SWD,SWD,pmlb,pmlb,regression,nofe,4,4500,800,200,10,10,0,0.6234681010291124,rmse,False,0.6234681010291124,-0.0,0.0017135143280029297,5.793571472167969e-05,24.950700759887695,318.23046875,101,ok,,1.0.0,{}
361618,forest_fires,openml_task,ctr23,regression,nofe,2,4500,413,104,12,12,0,39.45767966579137,rmse,False,39.45767966579137,-0.0,0.0041522979736328125,9.417533874511719e-05,4.913374662399292,328.22265625,13,ok,,1.0.0,{}
adult,adult-pmlb,pmlb,stress_test,classification,nofe,1,4500,39073,9769,14,14,0,0.9290474072329418,binary_roc_auc,True,0.9290474072329418,0.0,0.02051258087158203,0.0008776187896728516,6.16035795211792,359.25390625,280,ok,,1.0.0,{}
361618,forest_fires,openml_task,ctr23,regression,nofe,1,4500,413,104,12,12,0,76.5361279964511,rmse,False,76.5361279964511,-0.0,0.004405975341796875,9.822845458984375e-05,5.4147560596466064,330.1171875,2,ok,,1.0.0,{}
361619,student_performance,openml_task,ctr23,regression,nofe,4,4500,519,130,30,30,0,2.956811684979109,rmse,False,2.956811684979109,-0.0,0.004274129867553711,0.000171661376953125,5.314742803573608,334.84375,217,ok,,1.0.0,{}
adult,adult-pmlb,pmlb,stress_test,classification,nofe,4,4500,39073,9769,14,14,0,0.9254273907919787,binary_roc_auc,True,0.9254273907919787,0.0,0.03612804412841797,0.0007975101470947266,6.4018707275390625,357.921875,331,ok,,1.0.0,{}
361618,forest_fires,openml_task,ctr23,regression,nofe,4,4500,413,104,12,12,0,74.99468974133806,rmse,False,74.99468974133806,-0.0,0.0053691864013671875,0.00010395050048828125,4.992755651473999,331.23828125,56,ok,,1.0.0,{}
adult,adult-pmlb,pmlb,stress_test,classification,nofe,3,4500,39073,9769,14,14,0,0.9333098610438157,binary_roc_auc,True,0.9333098610438157,0.0,0.024420976638793945,0.00128173828125,6.239678859710693,360.3828125,345,ok,,1.0.0,{}
361619,student_performance,openml_task,ctr23,regression,nofe,2,4500,519,130,30,30,0,3.0720746919135133,rmse,False,3.0720746919135133,-0.0,0.003847837448120117,0.0003018379211425781,5.118528842926025,329.4140625,43,ok,,1.0.0,{}
361617,energy_efficiency,openml_task,ctr23,regression,nofe,1,4500,614,154,8,8,0,0.3454894676527683,rmse,False,0.3454894676527683,-0.0,0.004904270172119141,7.081031799316406e-05,4.83399772644043,332.171875,254,ok,,1.0.0,{}
361619,student_performance,openml_task,ctr23,regression,nofe,3,4500,519,130,30,30,0,2.585733727162925,rmse,False,2.585733727162925,-0.0,0.0023369789123535156,0.00014925003051757812,5.251159429550171,330.94140625,93,ok,,1.0.0,{}
361617,energy_efficiency,openml_task,ctr23,regression,nofe,0,4500,614,154,8,8,0,0.4003563723813697,rmse,False,0.4003563723813697,-0.0,0.0028371810913085938,0.0015842914581298828,5.0279529094696045,348.45703125,1161,ok,,1.0.0,{}
361617,energy_efficiency,openml_task,ctr23,regression,nofe,2,4500,614,154,8,8,0,0.39557004995549067,rmse,False,0.39557004995549067,-0.0,0.0038521289825439453,9.202957153320312e-05,5.139716148376465,334.1328125,419,ok,,1.0.0,{}
361618,forest_fires,openml_task,ctr23,regression,nofe,3,4500,413,104,12,12,0,78.06841423527099,rmse,False,78.06841423527099,-0.0,0.008183717727661133,0.00014066696166992188,5.606873512268066,336.33984375,405,ok,,1.0.0,{}
monk2,monk2,pmlb,stress_test,classification,nofe,3,4500,480,121,6,6,0,0.9759146341463414,binary_roc_auc,True,0.9759146341463414,0.0,0.0025250911712646484,4.100799560546875e-05,9.25603699684143,327.890625,1600,ok,,1.0.0,{}
monk2,monk2,pmlb,stress_test,classification,nofe,4,4500,480,121,6,6,0,0.998780487804878,binary_roc_auc,True,0.998780487804878,0.0,0.0046727657318115234,5.8650970458984375e-05,10.016129970550537,328.12109375,1611,ok,,1.0.0,{}
361617,energy_efficiency,openml_task,ctr23,regression,nofe,3,4500,614,154,8,8,0,0.3657795732952639,rmse,False,0.3657795732952639,-0.0,0.003536701202392578,6.222724914550781e-05,4.695623397827148,338.41796875,448,ok,,1.0.0,{}
mfeat_factors,mfeat-factors,pmlb,pmlb,multiclass,nofe,4,4500,1600,400,216,216,0,0.10464548402269429,categorical_crossentropy,False,0.10464548402269429,-0.0,0.007760524749755859,0.0008187294006347656,43.45090651512146,373.7421875,653,ok,,1.0.0,{}
361619,student_performance,openml_task,ctr23,regression,nofe,0,4500,519,130,30,30,0,2.3934961842249356,rmse,False,2.3934961842249356,-0.0,0.005932331085205078,0.00027179718017578125,9.115001916885376,333.20703125,60,ok,,1.0.0,{}
361619,student_performance,openml_task,ctr23,regression,nofe,1,4500,519,130,30,30,0,3.376023486576167,rmse,False,3.376023486576167,-0.0,0.002926349639892578,0.0001723766326904297,8.869242668151855,330.63671875,22,ok,,1.0.0,{}
361237,concrete_strength,openml_task,ctr23,regression,nofe,2,4500,824,206,8,8,0,4.7601661803729085,rmse,False,4.7601661803729085,-0.0,0.0033295154571533203,4.6253204345703125e-05,11.132339239120483,343.671875,736,ok,,1.0.0,{}
361235,airfoil_self_noise,openml_task,ctr23,regression,nofe,0,4500,1202,301,5,5,0,1.6802169582491364,rmse,False,1.6802169582491364,-0.0,0.0036287307739257812,5.030632019042969e-05,9.203537940979004,338.3203125,579,ok,,1.0.0,{}
361235,airfoil_self_noise,openml_task,ctr23,regression,nofe,2,4500,1202,301,5,5,0,1.4820427537699872,rmse,False,1.4820427537699872,-0.0,0.0036554336547851562,6.437301635742188e-05,9.338971614837646,355.8203125,1746,ok,,1.0.0,{}
361235,airfoil_self_noise,openml_task,ctr23,regression,nofe,1,4500,1202,301,5,5,0,1.239333997257166,rmse,False,1.239333997257166,-0.0,0.0030622482299804688,4.458427429199219e-05,9.32715630531311,345.8203125,922,ok,,1.0.0,{}
361618,forest_fires,openml_task,ctr23,regression,nofe,0,4500,413,104,12,12,0,110.71788633302435,rmse,False,110.71788633302435,-0.0,0.007231712341308594,0.00020384788513183594,24.908840894699097,327.76171875,2000,ok,,1.0.0,{}
6,letter,openml_task,amlb,multiclass,nofe,2,4500,16000,4000,16,16,0,0.11872570477697286,categorical_crossentropy,False,0.11872570477697286,-0.0,0.01277613639831543,0.0009386539459228516,264.4498460292816,671.3984375,1660,ok,,1.0.0,{}
12,mfeat-factors,openml_task,amlb,multiclass,nofe,1,4500,1600,400,216,216,0,0.13339161737516406,categorical_crossentropy,False,0.13339161737516406,-0.0,0.008889436721801758,0.0005917549133300781,264.88222575187683,374.140625,394,ok,,1.0.0,{}
361621,QSAR_fish_toxicity,openml_task,ctr23,regression,nofe,1,4500,726,182,6,6,0,0.9720391876165189,rmse,False,0.9720391876165189,-0.0,0.004582405090332031,5.7697296142578125e-05,17.049274444580078,332.4765625,115,ok,,1.0.0,{}
361621,QSAR_fish_toxicity,openml_task,ctr23,regression,nofe,3,4500,726,182,6,6,0,0.9147625103625554,rmse,False,0.9147625103625554,-0.0,0.00709223747253418,9.465217590332031e-05,17.222246885299683,329.60546875,91,ok,,1.0.0,{}
361616,Moneyball,openml_task,ctr23,regression,nofe,0,4500,985,247,14,14,0,25.46265238302655,rmse,False,25.46265238302655,-0.0,0.00652003288269043,0.0001773834228515625,17.181211948394775,337.27734375,166,ok,,1.0.0,{}
12,mfeat-factors,openml_task,amlb,multiclass,nofe,2,4500,1600,400,216,216,0,0.1873058910931286,categorical_crossentropy,False,0.1873058910931286,-0.0,0.005976438522338867,0.0008232593536376953,265.77236461639404,366.0078125,233,ok,,1.0.0,{}
361235,airfoil_self_noise,openml_task,ctr23,regression,nofe,3,4500,1202,301,5,5,0,1.708973422780294,rmse,False,1.708973422780294,-0.0,0.004061460494995117,5.2928924560546875e-05,3.2498748302459717,361.4609375,1998,ok,,1.0.0,{}
361616,Moneyball,openml_task,ctr23,regression,nofe,1,4500,985,247,14,14,0,26.324811341646626,rmse,False,26.324811341646626,-0.0,0.006462812423706055,0.00020051002502441406,17.394510984420776,336.30859375,186,ok,,1.0.0,{}
361621,QSAR_fish_toxicity,openml_task,ctr23,regression,nofe,2,4500,726,182,6,6,0,0.8017881426704694,rmse,False,0.8017881426704694,-0.0,0.003551483154296875,0.00010395050048828125,17.469432830810547,334.29296875,140,ok,,1.0.0,{}
361237,concrete_strength,openml_task,ctr23,regression,nofe,1,4500,824,206,8,8,0,4.7585983666068365,rmse,False,4.7585983666068365,-0.0,0.004524946212768555,5.745887756347656e-05,17.9768168926239,340.46875,499,ok,,1.0.0,{}
361621,QSAR_fish_toxicity,openml_task,ctr23,regression,nofe,4,4500,726,182,6,6,0,0.9176117624798071,rmse,False,0.9176117624798071,-0.0,0.004599094390869141,6.699562072753906e-05,18.3394832611084,330.04296875,104,ok,,1.0.0,{}
2074,satimage,openml_task,amlb,multiclass,nofe,2,4500,5144,1286,36,36,0,0.20282842931131032,categorical_crossentropy,False,0.20282842931131032,-0.0,0.014048337936401367,0.0017244815826416016,259.6916620731354,366.27734375,271,ok,,1.0.0,{}
361617,energy_efficiency,openml_task,ctr23,regression,nofe,4,4500,614,154,8,8,0,0.36549000398506015,rmse,False,0.36549000398506015,-0.0,0.0037386417388916016,6.079673767089844e-05,18.605541706085205,337.57421875,363,ok,,1.0.0,{}
361235,airfoil_self_noise,openml_task,ctr23,regression,nofe,4,4500,1202,301,5,5,0,1.285363462475516,rmse,False,1.285363462475516,-0.0,0.004094362258911133,4.9591064453125e-05,3.4790327548980713,361.71484375,1996,ok,,1.0.0,{}
361250,red_wine,openml_task,ctr23,regression,nofe,0,4500,1279,320,11,11,0,0.5913294144182394,rmse,False,0.5913294144182394,-0.0,0.005814790725708008,0.0001010894775390625,2.9077534675598145,334.15625,296,ok,,1.0.0,{}
361616,Moneyball,openml_task,ctr23,regression,nofe,2,4500,985,247,14,14,0,25.264782928577777,rmse,False,25.264782928577777,-0.0,0.008433341979980469,0.0002455711364746094,18.188225030899048,336.3984375,181,ok,,1.0.0,{}
361237,concrete_strength,openml_task,ctr23,regression,nofe,4,4500,824,206,8,8,0,3.918437419524931,rmse,False,3.918437419524931,-0.0,0.003976583480834961,5.030632019042969e-05,18.27868914604187,339.0,538,ok,,1.0.0,{}
361623,space_ga,openml_task,ctr23,regression,nofe,2,4500,2485,622,6,6,0,0.14318581752146084,rmse,False,0.14318581752146084,-0.0,0.0052411556243896484,5.412101745605469e-05,4.803318023681641,333.66796875,293,ok,,1.0.0,{}
361623,space_ga,openml_task,ctr23,regression,nofe,3,4500,2485,622,6,6,0,0.1359909050396885,rmse,False,0.1359909050396885,-0.0,0.006062507629394531,8.153915405273438e-05,4.794283866882324,338.609375,285,ok,,1.0.0,{}
14970,har,openml_task,amlb,multiclass,nofe,2,4500,8239,2060,561,561,0,0.023938772921501678,categorical_crossentropy,False,0.023938772921501678,-0.0,0.027203083038330078,0.0030312538146972656,202.26842761039734,804.0078125,1972,ok,,1.0.0,{}
361623,space_ga,openml_task,ctr23,regression,nofe,1,4500,2485,622,6,6,0,0.12786974309623658,rmse,False,0.12786974309623658,-0.0,0.003355264663696289,5.6743621826171875e-05,4.797666311264038,336.73046875,335,ok,,1.0.0,{}
361623,space_ga,openml_task,ctr23,regression,nofe,4,4500,2485,622,6,6,0,0.1403644904915352,rmse,False,0.1403644904915352,-0.0,0.004385948181152344,5.459785461425781e-05,4.713716506958008,333.41015625,420,ok,,1.0.0,{}
monk1,monk1,pmlb,pmlb,classification,nofe,1,4500,444,112,6,6,0,1.0,binary_roc_auc,True,1.0,0.0,0.0056993961334228516,7.963180541992188e-05,71.15418553352356,322.67578125,1105,ok,,1.0.0,{}
connect_4,connect-4,pmlb,stress_test,classification,nofe,0,4500,54045,13512,42,42,0,0.37846546735124054,categorical_crossentropy,False,0.37846546735124054,-0.0,0.0246124267578125,0.0010304450988769531,39.459619998931885,576.4296875,1999,ok,,1.0.0,{}
monk1,monk1,pmlb,pmlb,classification,nofe,2,4500,444,112,6,6,0,1.0,binary_roc_auc,True,1.0,0.0,0.002373933792114258,0.0002353191375732422,71.82755160331726,320.578125,1111,ok,,1.0.0,{}
361250,red_wine,openml_task,ctr23,regression,nofe,2,4500,1279,320,11,11,0,0.6250169240140602,rmse,False,0.6250169240140602,-0.0,0.021950721740722656,0.00024008750915527344,9.022544622421265,333.13671875,40,ok,,1.0.0,{}
361250,red_wine,openml_task,ctr23,regression,nofe,4,4500,1279,320,11,11,0,0.5555582293144462,rmse,False,0.5555582293144462,-0.0,0.002975940704345703,4.982948303222656e-05,8.936472654342651,334.0625,167,ok,,1.0.0,{}
connect_4,connect-4,pmlb,stress_test,classification,nofe,2,4500,54045,13512,42,42,0,0.3749846788061068,categorical_crossentropy,False,0.3749846788061068,-0.0,0.02553272247314453,0.0009024143218994141,38.862428426742554,574.13671875,1999,ok,,1.0.0,{}
361622,cars,openml_task,ctr23,regression,nofe,0,4500,643,161,17,17,0,2422.1971062786147,rmse,False,2422.1971062786147,-0.0,0.004456758499145508,9.465217590332031e-05,8.996482133865356,330.3671875,118,ok,,1.0.0,{}
361622,cars,openml_task,ctr23,regression,nofe,1,4500,643,161,17,17,0,2256.011751636951,rmse,False,2256.011751636951,-0.0,0.005040645599365234,7.128715515136719e-05,8.951990365982056,330.8046875,97,ok,,1.0.0,{}
connect_4,connect-4,pmlb,stress_test,classification,nofe,1,4500,54045,13512,42,42,0,0.36942969500955586,categorical_crossentropy,False,0.36942969500955586,-0.0,0.024553775787353516,0.0011789798736572266,39.197073459625244,575.4140625,1999,ok,,1.0.0,{}
monk1,monk1,pmlb,pmlb,classification,nofe,0,4500,444,112,6,6,0,1.0,binary_roc_auc,True,1.0,0.0,0.004455089569091797,7.486343383789062e-05,72.92362785339355,323.17578125,866,ok,,1.0.0,{}
361250,red_wine,openml_task,ctr23,regression,nofe,3,4500,1279,320,11,11,0,0.5434149812603648,rmse,False,0.5434149812603648,-0.0,0.0033550262451171875,7.62939453125e-05,9.335140943527222,336.95703125,451,ok,,1.0.0,{}
361236,auction_verification,openml_task,ctr23,regression,nofe,1,4500,1634,409,7,7,0,357.9549782401087,rmse,False,357.9549782401087,-0.0,0.005204916000366211,8.344650268554688e-05,8.72150182723999,340.46875,696,ok,,1.0.0,{}
361622,cars,openml_task,ctr23,regression,nofe,2,4500,643,161,17,17,0,2258.2078530791955,rmse,False,2258.2078530791955,-0.0,0.0040051937103271484,6.175041198730469e-05,9.495920896530151,330.23828125,56,ok,,1.0.0,{}
361622,cars,openml_task,ctr23,regression,nofe,4,4500,643,161,17,17,0,2243.665111864324,rmse,False,2243.665111864324,-0.0,0.0036225318908691406,5.91278076171875e-05,9.343849897384644,328.6953125,111,ok,,1.0.0,{}
361622,cars,openml_task,ctr23,regression,nofe,3,4500,643,161,17,17,0,2469.5495814814703,rmse,False,2469.5495814814703,-0.0,0.0055544376373291016,8.559226989746094e-05,9.442286014556885,327.5859375,50,ok,,1.0.0,{}
connect_4,connect-4,pmlb,stress_test,classification,nofe,3,4500,54045,13512,42,42,0,0.37116304258779775,categorical_crossentropy,False,0.37116304258779775,-0.0,0.026030778884887695,0.0011446475982666016,39.704551696777344,573.734375,1999,ok,,1.0.0,{}
adult,adult,pmlb,pmlb,classification,nofe,3,4500,39073,9769,14,14,0,0.9333098610438157,binary_roc_auc,True,0.9333098610438157,0.0,0.024686574935913086,0.0006430149078369141,134.9006850719452,362.44921875,345,ok,,1.0.0,{}
361249,white_wine,openml_task,ctr23,regression,nofe,4,4500,3918,980,11,11,0,0.6217770089338759,rmse,False,0.6217770089338759,-0.0,0.003076314926147461,6.651878356933594e-05,9.588900327682495,349.890625,747,ok,,1.0.0,{}
361249,white_wine,openml_task,ctr23,regression,nofe,2,4500,3918,980,11,11,0,0.6249850944762445,rmse,False,0.6249850944762445,-0.0,0.005869388580322266,8.082389831542969e-05,10.302402973175049,349.77734375,873,ok,,1.0.0,{}
361243,music_origin,openml_task,ctr23,regression,nofe,0,4500,847,212,116,116,0,16.103940163070128,rmse,False,16.103940163070128,-0.0,0.0035843849182128906,0.00022459030151367188,10.655348777770996,339.86328125,44,ok,,1.0.0,{}
361243,music_origin,openml_task,ctr23,regression,nofe,4,4500,847,212,116,116,0,17.683730484357103,rmse,False,17.683730484357103,-0.0,0.004137992858886719,0.00027298927307128906,10.522983312606812,343.796875,31,ok,,1.0.0,{}
361243,music_origin,openml_task,ctr23,regression,nofe,1,4500,847,212,116,116,0,18.127174920210038,rmse,False,18.127174920210038,-0.0,0.0033431053161621094,8.249282836914062e-05,10.647812366485596,340.6328125,49,ok,,1.0.0,{}
1028_SWD,SWD,pmlb,pmlb,regression,nofe,2,4500,800,200,10,10,0,0.6211146858325913,rmse,False,0.6211146858325913,-0.0,0.001771688461303711,4.792213439941406e-05,71.08809041976929,316.73046875,47,ok,,1.0.0,{}
361259,pumadyn32nh,openml_task,ctr23,regression,nofe,1,4500,6553,1639,32,32,0,0.021645121526837775,rmse,False,0.021645121526837775,-0.0,0.005903720855712891,0.0005757808685302734,10.579030752182007,351.546875,63,ok,,1.0.0,{}
361258,kin8nm,openml_task,ctr23,regression,nofe,1,4500,6553,1639,8,8,0,0.11261788614985815,rmse,False,0.11261788614985815,-0.0,0.007052421569824219,0.00013113021850585938,11.501080989837646,353.34765625,1270,ok,,1.0.0,{}
361259,pumadyn32nh,openml_task,ctr23,regression,nofe,0,4500,6553,1639,32,32,0,0.021355269191365,rmse,False,0.021355269191365,-0.0,0.008373737335205078,0.0007126331329345703,10.473086833953857,350.89453125,112,ok,,1.0.0,{}
361243,music_origin,openml_task,ctr23,regression,nofe,2,4500,847,212,116,116,0,16.66930032011704,rmse,False,16.66930032011704,-0.0,0.0028963088989257812,0.0001952648162841797,12.428263425827026,345.94140625,137,ok,,1.0.0,{}
361258,kin8nm,openml_task,ctr23,regression,nofe,3,4500,6553,1639,8,8,0,0.113024037723791,rmse,False,0.113024037723791,-0.0,0.0048007965087890625,0.00014090538024902344,11.855219841003418,356.09765625,1129,ok,,1.0.0,{}
361258,kin8nm,openml_task,ctr23,regression,nofe,4,4500,6553,1639,8,8,0,0.11506649972940451,rmse,False,0.11506649972940451,-0.0,0.00719761848449707,0.00012826919555664062,11.836026906967163,366.3203125,1611,ok,,1.0.0,{}
1028_SWD,SWD,pmlb,pmlb,regression,nofe,1,4500,800,200,10,10,0,0.6862052687228947,rmse,False,0.6862052687228947,-0.0,0.0017955303192138672,5.602836608886719e-05,73.1107132434845,316.95703125,61,ok,,1.0.0,{}
361258,kin8nm,openml_task,ctr23,regression,nofe,0,4500,6553,1639,8,8,0,0.1160065106702013,rmse,False,0.1160065106702013,-0.0,0.00605463981628418,7.677078247070312e-05,12.989307641983032,367.29296875,1816,ok,,1.0.0,{}
361258,kin8nm,openml_task,ctr23,regression,nofe,2,4500,6553,1639,8,8,0,0.11477658875567706,rmse,False,0.11477658875567706,-0.0,0.0027441978454589844,6.985664367675781e-05,12.71854543685913,363.29296875,1499,ok,,1.0.0,{}
361243,music_origin,openml_task,ctr23,regression,nofe,3,4500,847,212,116,116,0,16.940780373483385,rmse,False,16.940780373483385,-0.0,0.003332376480102539,0.00017261505126953125,13.665044784545898,347.80078125,280,ok,,1.0.0,{}
361623,space_ga,openml_task,ctr23,regression,nofe,0,4500,2485,622,6,6,0,0.15951967598884356,rmse,False,0.15951967598884356,-0.0,0.004388570785522461,5.054473876953125e-05,24.670915126800537,335.8828125,256,ok,,1.0.0,{}
connect_4,connect-4,pmlb,stress_test,classification,nofe,4,4500,54045,13512,42,42,0,0.3764897829091438,categorical_crossentropy,False,0.3764897829091438,-0.0,0.035108089447021484,0.006291627883911133,56.29717397689819,576.58984375,1999,ok,,1.0.0,{}
361234,abalone,openml_task,ctr23,regression,nofe,2,4500,3341,836,8,8,0,2.2851261340002234,rmse,False,2.2851261340002234,-0.0,0.006235599517822266,0.00010251998901367188,18.236390113830566,337.1953125,67,ok,,1.0.0,{}
361259,pumadyn32nh,openml_task,ctr23,regression,nofe,2,4500,6553,1639,32,32,0,0.021419630331408583,rmse,False,0.021419630331408583,-0.0,0.0074710845947265625,0.0005137920379638672,3.2504937648773193,350.98828125,80,ok,,1.0.0,{}
361234,abalone,openml_task,ctr23,regression,nofe,3,4500,3341,836,8,8,0,2.143613290591695,rmse,False,2.143613290591695,-0.0,0.0038089752197265625,8.0108642578125e-05,17.931933879852295,338.04296875,83,ok,,1.0.0,{}
361249,white_wine,openml_task,ctr23,regression,nofe,0,4500,3918,980,11,11,0,0.6836595162800649,rmse,False,0.6836595162800649,-0.0,0.013800859451293945,0.0003299713134765625,18.172308683395386,343.55859375,578,ok,,1.0.0,{}
361256,cpu_activity,openml_task,ctr23,regression,nofe,0,4500,6553,1639,21,21,0,2.698892099867807,rmse,False,2.698892099867807,-0.0,0.004640340805053711,0.0003159046173095703,3.1541507244110107,353.7890625,324,ok,,1.0.0,{}
361259,pumadyn32nh,openml_task,ctr23,regression,nofe,4,4500,6553,1639,32,32,0,0.021143928245528645,rmse,False,0.021143928245528645,-0.0,0.0079498291015625,0.0004646778106689453,3.6076338291168213,350.9296875,73,ok,,1.0.0,{}
361234,abalone,openml_task,ctr23,regression,nofe,4,4500,3341,836,8,8,0,2.0945985943041823,rmse,False,2.0945985943041823,-0.0,0.0057108402252197266,0.00013303756713867188,17.95880365371704,336.23046875,107,ok,,1.0.0,{}
361256,cpu_activity,openml_task,ctr23,regression,nofe,2,4500,6553,1639,21,21,0,2.29063999976164,rmse,False,2.29063999976164,-0.0,0.005980014801025391,0.0002779960632324219,10.646999597549438,354.83203125,434,ok,,1.0.0,{}
361264,socmob,openml_task,ctr23,regression,nofe,1,4500,924,232,5,5,0,16.45763656541037,rmse,False,16.45763656541037,-0.0,0.005310535430908203,9.417533874511719e-05,9.472007513046265,335.5234375,315,ok,,1.0.0,{}
361264,socmob,openml_task,ctr23,regression,nofe,4,4500,924,232,5,5,0,12.067811008334504,rmse,False,12.067811008334504,-0.0,0.005373477935791016,9.5367431640625e-05,9.539116859436035,332.4453125,42,ok,,1.0.0,{}
361256,cpu_activity,openml_task,ctr23,regression,nofe,4,4500,6553,1639,21,21,0,2.2533502767873115,rmse,False,2.2533502767873115,-0.0,0.0061876773834228516,0.0002803802490234375,10.557580471038818,354.35546875,404,ok,,1.0.0,{}
361267,brazilian_houses,openml_task,ctr23,regression,nofe,0,4500,8553,2139,9,9,0,7230.300387727087,rmse,False,7230.300387727087,-0.0,0.012832403182983398,0.00024509429931640625,9.432286977767944,343.16015625,329,ok,,1.0.0,{}
361264,socmob,openml_task,ctr23,regression,nofe,3,4500,924,232,5,5,0,20.99947311381067,rmse,False,20.99947311381067,-0.0,0.0039806365966796875,9.703636169433594e-05,9.385434865951538,341.41015625,489,ok,,1.0.0,{}
361247,naval_propulsion,openml_task,ctr23,regression,nofe,4,4500,9547,2387,14,14,0,0.0009515053976627815,rmse,False,0.0009515053976627815,-0.0,0.007833003997802734,0.00030875205993652344,5.774784564971924,357.453125,1087,ok,,1.0.0,{}
361267,brazilian_houses,openml_task,ctr23,regression,nofe,1,4500,8553,2139,9,9,0,4128.363508504835,rmse,False,4128.363508504835,-0.0,0.004531145095825195,0.00010347366333007812,9.013335943222046,340.66015625,16,ok,,1.0.0,{}
361260,miami_housing,openml_task,ctr23,regression,nofe,0,4500,11145,2787,15,15,0,81836.91845938421,rmse,False,81836.91845938421,-0.0,0.0036368370056152344,0.00024962425231933594,5.810423374176025,352.84765625,464,ok,,1.0.0,{}
361256,cpu_activity,openml_task,ctr23,regression,nofe,3,4500,6553,1639,21,21,0,2.2702159093271552,rmse,False,2.2702159093271552,-0.0,0.006217241287231445,0.00010919570922851562,11.06327509880066,351.9765625,523,ok,,1.0.0,{}
361247,naval_propulsion,openml_task,ctr23,regression,nofe,3,4500,9547,2387,14,14,0,0.0010559527310474678,rmse,False,0.0010559527310474678,-0.0,0.00598454475402832,0.000263214111328125,5.8684186935424805,355.0390625,854,ok,,1.0.0,{}
361236,auction_verification,openml_task,ctr23,regression,nofe,4,4500,1634,409,7,7,0,359.3435467125116,rmse,False,359.3435467125116,-0.0,0.0055921077728271484,0.00010371208190917969,35.9388747215271,347.35546875,950,ok,,1.0.0,{}
361267,brazilian_houses,openml_task,ctr23,regression,nofe,2,4500,8553,2139,9,9,0,11651.949629003002,rmse,False,11651.949629003002,-0.0,0.0076007843017578125,0.000133514404296875,9.240362882614136,339.296875,50,ok,,1.0.0,{}
581_fri_c3_500_25,Friedman-c3,pmlb,pmlb,regression,nofe,1,4500,400,100,25,25,0,0.3267980578050114,rmse,False,0.3267980578050114,-0.0,0.002160310745239258,5.936622619628906e-05,88.0924699306488,317.4921875,138,ok,,1.0.0,{}
361236,auction_verification,openml_task,ctr23,regression,nofe,2,4500,1634,409,7,7,0,489.66848348675745,rmse,False,489.66848348675745,-0.0,0.012985467910766602,0.0002231597900390625,36.98939514160156,355.25,1171,ok,,1.0.0,{}
361236,auction_verification,openml_task,ctr23,regression,nofe,3,4500,1634,409,7,7,0,382.64486574383926,rmse,False,382.64486574383926,-0.0,0.003453969955444336,6.4849853515625e-05,37.32384705543518,348.9921875,963,ok,,1.0.0,{}
361267,brazilian_houses,openml_task,ctr23,regression,nofe,3,4500,8553,2139,9,9,0,3795.1599700420384,rmse,False,3795.1599700420384,-0.0,0.004399299621582031,0.00010728836059570312,9.459418773651123,338.09765625,204,ok,,1.0.0,{}
361260,miami_housing,openml_task,ctr23,regression,nofe,1,4500,11145,2787,15,15,0,82760.29173232896,rmse,False,82760.29173232896,-0.0,0.005193233489990234,0.00022363662719726562,7.2561585903167725,361.22265625,1014,ok,,1.0.0,{}
361267,brazilian_houses,openml_task,ctr23,regression,nofe,4,4500,8553,2139,9,9,0,3594.2956559990093,rmse,False,3594.2956559990093,-0.0,0.0024149417877197266,0.00010275840759277344,8.719574451446533,336.48046875,18,ok,,1.0.0,{}
361236,auction_verification,openml_task,ctr23,regression,nofe,0,4500,1634,409,7,7,0,414.17281068138334,rmse,False,414.17281068138334,-0.0,0.001779317855834961,6.246566772460938e-05,38.21084761619568,370.80859375,1996,ok,,1.0.0,{}
361247,naval_propulsion,openml_task,ctr23,regression,nofe,1,4500,9547,2387,14,14,0,0.0009852558497326456,rmse,False,0.0009852558497326456,-0.0,0.0058171749114990234,0.00031280517578125,9.665281057357788,353.13671875,1012,ok,,1.0.0,{}
3481,isolet,openml_task,amlb,multiclass,nofe,4,4500,6237,1560,617,617,0,0.15191581147164704,categorical_crossentropy,False,0.15191581147164704,-0.0,0.025233030319213867,0.0036559104919433594,297.41803550720215,743.19140625,541,ok,,1.0.0,{}
361247,naval_propulsion,openml_task,ctr23,regression,nofe,0,4500,9547,2387,14,14,0,0.0010528835527647603,rmse,False,0.0010528835527647603,-0.0,0.005542278289794922,0.0002880096435546875,9.928996324539185,351.69921875,1161,ok,,1.0.0,{}
361247,naval_propulsion,openml_task,ctr23,regression,nofe,2,4500,9547,2387,14,14,0,0.001009224410513103,rmse,False,0.001009224410513103,-0.0,0.006667375564575195,0.00028777122497558594,10.328973770141602,353.40625,1133,ok,,1.0.0,{}
361244,solar_flare,openml_task,ctr23,regression,nofe,0,4500,852,214,9,9,0,0.6275326416597077,rmse,False,0.6275326416597077,-0.0,0.005532503128051758,0.0001976490020751953,2.284234046936035,327.51171875,9,ok,,1.0.0,{}
361244,solar_flare,openml_task,ctr23,regression,nofe,1,4500,852,214,9,9,0,0.7501597138644418,rmse,False,0.7501597138644418,-0.0,0.005010128021240234,0.0001392364501953125,2.311372995376587,328.2578125,11,ok,,1.0.0,{}
361260,miami_housing,openml_task,ctr23,regression,nofe,3,4500,11145,2787,15,15,0,81365.59974907698,rmse,False,81365.59974907698,-0.0,0.007220268249511719,0.00034117698669433594,11.696702003479004,359.4453125,770,ok,,1.0.0,{}
361255,california_housing,openml_task,ctr23,regression,nofe,1,4500,16512,4128,8,8,0,45517.10877486391,rmse,False,45517.10877486391,-0.0,0.006331920623779297,0.0002346038818359375,10.093143939971924,355.35546875,437,ok,,1.0.0,{}
361616,Moneyball,openml_task,ctr23,regression,nofe,3,4500,985,247,14,14,0,26.578251121081408,rmse,False,26.578251121081408,-0.0,0.004534244537353516,0.0001614093780517578,71.75418329238892,341.2734375,578,ok,,1.0.0,{}
361255,california_housing,openml_task,ctr23,regression,nofe,3,4500,16512,4128,8,8,0,45009.684786055135,rmse,False,45009.684786055135,-0.0,0.008991479873657227,0.00046253204345703125,10.307539463043213,364.36328125,711,ok,,1.0.0,{}
361255,california_housing,openml_task,ctr23,regression,nofe,0,4500,16512,4128,8,8,0,44111.22085081778,rmse,False,44111.22085081778,-0.0,0.007409334182739258,0.0004951953887939453,11.471650123596191,362.015625,930,ok,,1.0.0,{}
361269,health_insurance,openml_task,ctr23,regression,nofe,2,4500,17817,4455,11,11,0,14.503672455738148,rmse,False,14.503672455738148,-0.0,0.004597902297973633,0.00012874603271484375,72.49487900733948,340.15234375,93,ok,,1.0.0,{}
361255,california_housing,openml_task,ctr23,regression,nofe,2,4500,16512,4128,8,8,0,46003.28373007682,rmse,False,46003.28373007682,-0.0,0.009499788284301758,0.0002741813659667969,10.766112089157104,361.20703125,796,ok,,1.0.0,{}
361272,fifa,openml_task,ctr23,regression,nofe,1,4500,15342,3836,28,28,0,9441.799664199494,rmse,False,9441.799664199494,-0.0,0.004847288131713867,7.2479248046875e-05,8.933750867843628,351.43359375,62,ok,,1.0.0,{}
361255,california_housing,openml_task,ctr23,regression,nofe,4,4500,16512,4128,8,8,0,44128.21219700534,rmse,False,44128.21219700534,-0.0,0.006177425384521484,0.00024628639221191406,11.153525114059448,362.46484375,776,ok,,1.0.0,{}
361272,fifa,openml_task,ctr23,regression,nofe,0,4500,15342,3836,28,28,0,9479.019066269491,rmse,False,9479.019066269491,-0.0,0.007724285125732422,0.00010538101196289062,10.532339811325073,356.1015625,269,ok,,1.0.0,{}
361272,fifa,openml_task,ctr23,regression,nofe,2,4500,15342,3836,28,28,0,9989.946989366888,rmse,False,9989.946989366888,-0.0,0.004569292068481445,0.00010275840759277344,9.272319555282593,350.0234375,92,ok,,1.0.0,{}
361269,health_insurance,openml_task,ctr23,regression,nofe,0,4500,17817,4455,11,11,0,14.527705375012646,rmse,False,14.527705375012646,-0.0,0.008117914199829102,0.00018739700317382812,74.41134095191956,342.6328125,84,ok,,1.0.0,{}
361616,Moneyball,openml_task,ctr23,regression,nofe,4,4500,985,247,14,14,0,27.94507721482447,rmse,False,27.94507721482447,-0.0,0.006978750228881836,0.0001926422119140625,75.38614225387573,336.52734375,198,ok,,1.0.0,{}
361269,health_insurance,openml_task,ctr23,regression,nofe,4,4500,17817,4455,11,11,0,14.493771711388797,rmse,False,14.493771711388797,-0.0,0.005311489105224609,0.0001442432403564453,75.32739543914795,344.90625,152,ok,,1.0.0,{}
361269,health_insurance,openml_task,ctr23,regression,nofe,1,4500,17817,4455,11,11,0,14.387111879216642,rmse,False,14.387111879216642,-0.0,0.01297140121459961,0.0007832050323486328,76.17620968818665,342.984375,92,ok,,1.0.0,{}
361237,concrete_strength,openml_task,ctr23,regression,nofe,0,4500,824,206,8,8,0,4.641812866609321,rmse,False,4.641812866609321,-0.0,0.004070758819580078,5.650520324707031e-05,76.57338976860046,335.35546875,328,ok,,1.0.0,{}
361272,fifa,openml_task,ctr23,regression,nofe,3,4500,15342,3836,28,28,0,9894.336302278285,rmse,False,9894.336302278285,-0.0,0.004605531692504883,0.00013566017150878906,3.091590642929077,354.1015625,93,ok,,1.0.0,{}
361266,kings_county,openml_task,ctr23,regression,nofe,0,4500,17290,4323,21,21,0,112647.39765983023,rmse,False,112647.39765983023,-0.0,0.011680126190185547,0.0007283687591552734,11.117828369140625,373.23828125,386,ok,,1.0.0,{}
361266,kings_county,openml_task,ctr23,regression,nofe,1,4500,17290,4323,21,21,0,167896.92699369488,rmse,False,167896.92699369488,-0.0,0.010003805160522461,0.0007238388061523438,10.755010604858398,366.23046875,293,ok,,1.0.0,{}
361268,fps_benchmark,openml_task,ctr23,regression,nofe,3,4500,19699,4925,39,39,0,0.6599676435730275,rmse,False,0.6599676435730275,-0.0,0.009016990661621094,0.0008518695831298828,26.771134853363037,461.015625,1634,ok,,1.0.0,{}
361266,kings_county,openml_task,ctr23,regression,nofe,2,4500,17290,4323,21,21,0,122831.51253594612,rmse,False,122831.51253594612,-0.0,0.008293867111206055,0.0004191398620605469,10.881829261779785,366.8671875,346,ok,,1.0.0,{}
361261,cps88wages,openml_task,ctr23,regression,nofe,0,4500,22524,5631,6,6,0,409.0199906674077,rmse,False,409.0199906674077,-0.0,0.004763364791870117,9.72747802734375e-05,8.61038327217102,343.8359375,60,ok,,1.0.0,{}
361266,kings_county,openml_task,ctr23,regression,nofe,4,4500,17290,4323,21,21,0,124685.02109087317,rmse,False,124685.02109087317,-0.0,0.014742374420166016,0.0013036727905273438,11.003332138061523,368.3984375,279,ok,,1.0.0,{}
361266,kings_county,openml_task,ctr23,regression,nofe,3,4500,17290,4323,21,21,0,127115.3730417128,rmse,False,127115.3730417128,-0.0,0.009383201599121094,0.0005581378936767578,11.631987810134888,370.29296875,454,ok,,1.0.0,{}
361268,fps_benchmark,openml_task,ctr23,regression,nofe,1,4500,19699,4925,39,39,0,0.8376389151555655,rmse,False,0.8376389151555655,-0.0,0.01144719123840332,0.0011284351348876953,28.000625610351562,475.74609375,1999,ok,,1.0.0,{}
361268,fps_benchmark,openml_task,ctr23,regression,nofe,0,4500,19699,4925,39,39,0,0.8154326258579894,rmse,False,0.8154326258579894,-0.0,0.013253927230834961,0.0019669532775878906,27.8038010597229,512.78125,1999,ok,,1.0.0,{}
361261,cps88wages,openml_task,ctr23,regression,nofe,1,4500,22524,5631,6,6,0,398.3818333491238,rmse,False,398.3818333491238,-0.0,0.009601116180419922,0.00013637542724609375,8.895136594772339,341.94140625,58,ok,,1.0.0,{}
361261,cps88wages,openml_task,ctr23,regression,nofe,4,4500,22524,5631,6,6,0,398.3970793678087,rmse,False,398.3970793678087,-0.0,0.006168842315673828,0.00012969970703125,8.678285837173462,336.734375,61,ok,,1.0.0,{}
361250,red_wine,openml_task,ctr23,regression,nofe,1,4500,1279,320,11,11,0,0.5758393441333606,rmse,False,0.5758393441333606,-0.0,0.004633903503417969,9.083747863769531e-05,72.3431487083435,339.80859375,522,ok,,1.0.0,{}
361261,cps88wages,openml_task,ctr23,regression,nofe,2,4500,22524,5631,6,6,0,329.20579738792026,rmse,False,329.20579738792026,-0.0,0.0061969757080078125,0.00012230873107910156,8.805330514907837,337.078125,90,ok,,1.0.0,{}
361268,fps_benchmark,openml_task,ctr23,regression,nofe,4,4500,19699,4925,39,39,0,0.7115935071724717,rmse,False,0.7115935071724717,-0.0,0.00778651237487793,0.0008664131164550781,29.254955291748047,511.19921875,1999,ok,,1.0.0,{}
361261,cps88wages,openml_task,ctr23,regression,nofe,3,4500,22524,5631,6,6,0,351.8919333259927,rmse,False,351.8919333259927,-0.0,0.005251646041870117,0.00012564659118652344,9.065387964248657,339.6171875,53,ok,,1.0.0,{}
361268,fps_benchmark,openml_task,ctr23,regression,nofe,2,4500,19699,4925,39,39,0,0.6993198100256276,rmse,False,0.6993198100256276,-0.0,0.008484125137329102,0.0010137557983398438,29.603866815567017,477.03515625,1997,ok,,1.0.0,{}
361621,QSAR_fish_toxicity,openml_task,ctr23,regression,nofe,0,4500,726,182,6,6,0,0.9118665391903907,rmse,False,0.9118665391903907,-0.0,0.008327245712280273,0.0001380443572998047,90.1298508644104,329.31640625,51,ok,,1.0.0,{}
3481,isolet,openml_task,amlb,multiclass,nofe,0,4500,6237,1560,617,617,0,0.1386886690095241,categorical_crossentropy,False,0.1386886690095241,-0.0,0.027665376663208008,0.009077310562133789,327.99450039863586,760.64453125,666,ok,,1.0.0,{}
361237,concrete_strength,openml_task,ctr23,regression,nofe,3,4500,824,206,8,8,0,3.8577584660589945,rmse,False,3.8577584660589945,-0.0,0.005919218063354492,9.512901306152344e-05,90.9939067363739,336.1875,284,ok,,1.0.0,{}
361242,superconductivity,openml_task,ctr23,regression,nofe,2,4500,17010,4253,81,81,0,9.199367035220108,rmse,False,9.199367035220108,-0.0,0.012227058410644531,0.0010259151458740234,13.146830320358276,473.03125,690,ok,,1.0.0,{}
167125,Internet-Advertisements,openml_task,amlb,classification,nofe,4,4500,2623,656,1558,1558,0,0.9799279216774592,binary_roc_auc,True,0.9799279216774592,0.0,0.07552146911621094,0.1457827091217041,209.4408254623413,425.33203125,323,ok,,1.0.0,{}
146195,connect-4,openml_task,amlb,multiclass,nofe,4,4500,54045,13512,42,42,0,0.3540504133254973,categorical_crossentropy,False,0.3540504133254973,-0.0,0.014923334121704102,0.0012485980987548828,256.046364068985,472.4140625,1999,ok,,1.0.0,{}
125920,dresses-sales,openml_task,amlb,classification,nofe,2,4500,400,100,12,12,0,0.578407224958949,binary_roc_auc,True,0.578407224958949,0.0,0.006573915481567383,0.00013303756713867188,257.8960111141205,334.73046875,20,ok,,1.0.0,{}
3913,kc2,openml_task,amlb,classification,nofe,4,4500,417,105,21,21,0,0.7453450164293538,binary_roc_auc,True,0.7453450164293538,0.0,0.005049467086791992,7.176399230957031e-05,316.6084887981415,328.91015625,75,ok,,1.0.0,{}
361254,sarcos,openml_task,ctr23,regression,nofe,2,4500,39146,9787,21,21,0,2.455856621478499,rmse,False,2.455856621478499,-0.0,0.018525362014770508,0.0021982192993164062,32.039827823638916,461.81640625,1997,ok,,1.0.0,{}
361269,health_insurance,openml_task,ctr23,regression,nofe,3,4500,17817,4455,11,11,0,14.419612899623665,rmse,False,14.419612899623665,-0.0,0.00873565673828125,0.0002181529998779297,92.13685369491577,347.0625,97,ok,,1.0.0,{}
361272,fifa,openml_task,ctr23,regression,nofe,4,4500,15342,3836,28,28,0,9824.912922483989,rmse,False,9824.912922483989,-0.0,0.0049266815185546875,8.249282836914062e-05,18.479082107543945,349.8203125,61,ok,,1.0.0,{}
361257,diamonds,openml_task,ctr23,regression,nofe,2,4500,43152,10788,9,9,0,528.9445786773712,rmse,False,528.9445786773712,-0.0,0.01564955711364746,0.0007033348083496094,10.737117528915405,370.8125,340,ok,,1.0.0,{}
361257,diamonds,openml_task,ctr23,regression,nofe,4,4500,43152,10788,9,9,0,517.3750444993256,rmse,False,517.3750444993256,-0.0,0.013084888458251953,0.0006666183471679688,10.847241640090942,370.7890625,248,ok,,1.0.0,{}
361241,physiochemical_protein,openml_task,ctr23,regression,nofe,3,4500,36584,9146,9,9,0,3.6148420855411194,rmse,False,3.6148420855411194,-0.0,0.011258363723754883,0.00048232078552246094,13.415668964385986,397.25390625,1999,ok,,1.0.0,{}
361242,superconductivity,openml_task,ctr23,regression,nofe,3,4500,17010,4253,81,81,0,9.144032004297907,rmse,False,9.144032004297907,-0.0,0.010516166687011719,0.0019350051879882812,25.135350465774536,477.8046875,1037,ok,,1.0.0,{}
361241,physiochemical_protein,openml_task,ctr23,regression,nofe,2,4500,36584,9146,9,9,0,3.647872979462345,rmse,False,3.647872979462345,-0.0,0.009275197982788086,0.0007846355438232422,14.029204607009888,397.97265625,1997,ok,,1.0.0,{}
361242,superconductivity,openml_task,ctr23,regression,nofe,0,4500,17010,4253,81,81,0,9.551463462034931,rmse,False,9.551463462034931,-0.0,0.016034841537475586,0.002736806869506836,26.60710120201111,475.8125,1138,ok,,1.0.0,{}
361242,superconductivity,openml_task,ctr23,regression,nofe,4,4500,17010,4253,81,81,0,10.01397844992568,rmse,False,10.01397844992568,-0.0,0.016394376754760742,0.0019123554229736328,25.362558364868164,497.14453125,1001,ok,,1.0.0,{}
361241,physiochemical_protein,openml_task,ctr23,regression,nofe,0,4500,36584,9146,9,9,0,3.541210182434494,rmse,False,3.541210182434494,-0.0,0.016868114471435547,0.0006744861602783203,14.218534708023071,398.11328125,1996,ok,,1.0.0,{}
361241,physiochemical_protein,openml_task,ctr23,regression,nofe,1,4500,36584,9146,9,9,0,3.6444508024217055,rmse,False,3.6444508024217055,-0.0,0.012247323989868164,0.000659942626953125,14.242263793945312,394.76953125,1702,ok,,1.0.0,{}
361242,superconductivity,openml_task,ctr23,regression,nofe,1,4500,17010,4253,81,81,0,9.554719290682906,rmse,False,9.554719290682906,-0.0,0.012474536895751953,0.0023643970489501953,26.128540992736816,493.69921875,1076,ok,,1.0.0,{}
361241,physiochemical_protein,openml_task,ctr23,regression,nofe,4,4500,36584,9146,9,9,0,3.5662009063518867,rmse,False,3.5662009063518867,-0.0,0.009942054748535156,0.0005917549133300781,13.899478912353516,399.078125,1998,ok,,1.0.0,{}
361251,grid_stability,openml_task,ctr23,regression,nofe,2,4500,8000,2000,12,12,0,0.007987283602096058,rmse,False,0.007987283602096058,-0.0,0.007679939270019531,0.00014209747314453125,12.349885940551758,361.51171875,1251,ok,,1.0.0,{}
361251,grid_stability,openml_task,ctr23,regression,nofe,1,4500,8000,2000,12,12,0,0.00771352530195451,rmse,False,0.00771352530195451,-0.0,0.006013393402099609,0.00011754035949707031,12.909301042556763,363.90625,1622,ok,,1.0.0,{}
361252,video_transcoding,openml_task,ctr23,regression,nofe,3,4500,55027,13757,18,18,0,1.7275837937618723,rmse,False,1.7275837937618723,-0.0,0.018904685974121094,0.0020513534545898438,8.628716945648193,443.0625,1062,ok,,1.0.0,{}
361252,video_transcoding,openml_task,ctr23,regression,nofe,4,4500,55027,13757,18,18,0,1.6227642585065682,rmse,False,1.6227642585065682,-0.0,0.02136540412902832,0.0024018287658691406,8.713720560073853,442.70703125,1039,ok,,1.0.0,{}
361249,white_wine,openml_task,ctr23,regression,nofe,3,4500,3918,980,11,11,0,0.6574130013961788,rmse,False,0.6574130013961788,-0.0,0.0033478736877441406,6.175041198730469e-05,73.5003547668457,342.59375,576,ok,,1.0.0,{}
361252,video_transcoding,openml_task,ctr23,regression,nofe,2,4500,55027,13757,18,18,0,1.58650617984387,rmse,False,1.58650617984387,-0.0,0.022811174392700195,0.002589702606201172,9.391727685928345,445.87109375,1270,ok,,1.0.0,{}
361252,video_transcoding,openml_task,ctr23,regression,nofe,1,4500,55027,13757,18,18,0,1.701482189127451,rmse,False,1.701482189127451,-0.0,0.02695465087890625,0.003872394561767578,9.538117408752441,444.03125,1099,ok,,1.0.0,{}
361251,grid_stability,openml_task,ctr23,regression,nofe,0,4500,8000,2000,12,12,0,0.007837361032445268,rmse,False,0.007837361032445268,-0.0,0.00935053825378418,0.00025153160095214844,13.817890167236328,363.875,1403,ok,,1.0.0,{}
361252,video_transcoding,openml_task,ctr23,regression,nofe,0,4500,55027,13757,18,18,0,1.6310152872624932,rmse,False,1.6310152872624932,-0.0,0.01968550682067871,0.0018312931060791016,10.60376787185669,448.3125,1494,ok,,1.0.0,{}
361251,grid_stability,openml_task,ctr23,regression,nofe,4,4500,8000,2000,12,12,0,0.00755340769870817,rmse,False,0.00755340769870817,-0.0,0.007346391677856445,0.0003581047058105469,12.912121295928955,360.39453125,1379,ok,,1.0.0,{}
361251,grid_stability,openml_task,ctr23,regression,nofe,3,4500,8000,2000,12,12,0,0.007679895984267411,rmse,False,0.007679895984267411,-0.0,0.005597591400146484,0.00031948089599609375,13.15817141532898,367.703125,1615,ok,,1.0.0,{}
361234,abalone,openml_task,ctr23,regression,nofe,0,4500,3341,836,8,8,0,2.177743203631897,rmse,False,2.177743203631897,-0.0,0.0046269893646240234,9.393692016601562e-05,77.27446556091309,336.328125,70,ok,,1.0.0,{}
361264,socmob,openml_task,ctr23,regression,nofe,0,4500,924,232,5,5,0,30.67049396798381,rmse,False,30.67049396798381,-0.0,0.0045833587646484375,0.0001323223114013672,70.06887555122375,330.27734375,37,ok,,1.0.0,{}
361259,pumadyn32nh,openml_task,ctr23,regression,nofe,3,4500,6553,1639,32,32,0,0.021779039166282193,rmse,False,0.021779039166282193,-0.0,0.006387472152709961,0.00038933753967285156,72.25297474861145,351.0625,114,ok,,1.0.0,{}
3481,isolet,openml_task,amlb,multiclass,nofe,1,4500,6237,1560,617,617,0,0.17301260938992272,categorical_crossentropy,False,0.17301260938992272,-0.0,0.025620698928833008,0.008172035217285156,354.9359450340271,784.59375,853,ok,,1.0.0,{}
361256,cpu_activity,openml_task,ctr23,regression,nofe,1,4500,6553,1639,21,21,0,2.817176500170878,rmse,False,2.817176500170878,-0.0,0.006739139556884766,0.00027561187744140625,74.09664297103882,351.171875,366,ok,,1.0.0,{}
361264,socmob,openml_task,ctr23,regression,nofe,2,4500,924,232,5,5,0,11.578882992120489,rmse,False,11.578882992120489,-0.0,0.005963802337646484,0.00018453598022460938,73.74567437171936,336.69140625,308,ok,,1.0.0,{}
361234,abalone,openml_task,ctr23,regression,nofe,1,4500,3341,836,8,8,0,2.1547613340357454,rmse,False,2.1547613340357454,-0.0,0.00590825080871582,0.00011944770812988281,93.84899187088013,336.7890625,143,ok,,1.0.0,{}
361257,diamonds,openml_task,ctr23,regression,nofe,1,4500,43152,10788,9,9,0,521.414903869908,rmse,False,521.414903869908,-0.0,0.013158082962036133,0.0007126331329345703,36.563974142074585,366.15234375,282,ok,,1.0.0,{}
361244,solar_flare,openml_task,ctr23,regression,nofe,2,4500,852,214,9,9,0,0.6380135646457703,rmse,False,0.6380135646457703,-0.0,0.00494694709777832,0.00011968612670898438,66.5534405708313,329.95703125,24,ok,,1.0.0,{}
361257,diamonds,openml_task,ctr23,regression,nofe,0,4500,43152,10788,9,9,0,528.92499954811,rmse,False,528.92499954811,-0.0,0.013167619705200195,0.000720977783203125,37.161147117614746,372.23828125,214,ok,,1.0.0,{}
15,breast-w,openml_task,amlb,classification,nofe,3,4500,559,140,9,9,0,0.9791666666666666,binary_roc_auc,True,0.9791666666666666,0.0,0.007513523101806641,8.225440979003906e-05,375.55879521369934,327.3671875,90,ok,,1.0.0,{}
10093,banknote-authentication,openml_task,amlb,classification,nofe,4,4500,1097,275,4,4,0,0.9998392799742849,binary_roc_auc,True,0.9998392799742849,0.0,0.0055239200592041016,4.744529724121094e-05,308.7994165420532,341.09375,1393,ok,,1.0.0,{}
28,optdigits,openml_task,amlb,multiclass,nofe,2,4500,4496,1124,62,62,0,0.07013318941573672,categorical_crossentropy,False,0.07013318941573672,-0.0,0.004580974578857422,0.0006561279296875,376.18265557289124,401.5625,710,ok,,1.0.0,{}
361257,diamonds,openml_task,ctr23,regression,nofe,3,4500,43152,10788,9,9,0,549.381046536721,rmse,False,549.381046536721,-0.0,0.01181650161743164,0.0007100105285644531,37.23024845123291,366.2265625,200,ok,,1.0.0,{}
3021,sick,openml_task,amlb,classification,nofe,1,4500,3017,755,27,27,0,0.9905868645367022,binary_roc_auc,True,0.9905868645367022,0.0,0.00932621955871582,0.00046515464782714844,368.15237641334534,335.3515625,131,ok,,1.0.0,{}
14952,PhishingWebsites,openml_task,amlb,classification,nofe,4,4500,8844,2211,30,30,0,0.997211906696066,binary_roc_auc,True,0.997211906696066,0.0,0.011978864669799805,0.00029206275939941406,307.79944038391113,338.5859375,452,ok,,1.0.0,{}
49,tic-tac-toe,openml_task,amlb,classification,nofe,4,4500,766,192,9,9,0,1.0,binary_roc_auc,True,1.0,0.0,0.013109445571899414,0.00017690658569335938,376.94059324264526,342.05078125,1958,ok,,1.0.0,{}
22,mfeat-zernike,openml_task,amlb,multiclass,nofe,2,4500,1600,400,47,47,0,0.5913934851740487,categorical_crossentropy,False,0.5913934851740487,-0.0,0.00525665283203125,0.00034332275390625,379.4066197872162,348.91796875,110,ok,,1.0.0,{}
361244,solar_flare,openml_task,ctr23,regression,nofe,3,4500,852,214,9,9,0,0.765126371248072,rmse,False,0.765126371248072,-0.0,0.0026280879974365234,0.0001621246337890625,72.5706295967102,328.57421875,35,ok,,1.0.0,{}
361244,solar_flare,openml_task,ctr23,regression,nofe,4,4500,852,214,9,9,0,0.702299499006531,rmse,False,0.702299499006531,-0.0,0.0063076019287109375,0.00017905235290527344,72.45009970664978,329.2265625,4,ok,,1.0.0,{}
361253,wave_energy,openml_task,ctr23,regression,nofe,0,4500,57600,14400,48,48,0,11939.821098826298,rmse,False,11939.821098826298,-0.0,0.03202390670776367,0.003198385238647461,43.22576975822449,645.37109375,1998,ok,,1.0.0,{}
361253,wave_energy,openml_task,ctr23,regression,nofe,1,4500,57600,14400,48,48,0,11909.372490582831,rmse,False,11909.372490582831,-0.0,0.0462031364440918,0.00703883171081543,44.589195013046265,641.73046875,1999,ok,,1.0.0,{}
361253,wave_energy,openml_task,ctr23,regression,nofe,2,4500,57600,14400,48,48,0,11950.97362594563,rmse,False,11950.97362594563,-0.0,0.041896820068359375,0.005944490432739258,44.358839988708496,648.81640625,1999,ok,,1.0.0,{}
361253,wave_energy,openml_task,ctr23,regression,nofe,4,4500,57600,14400,48,48,0,12081.906952604944,rmse,False,12081.906952604944,-0.0,0.030196428298950195,0.005924224853515625,42.73127603530884,650.54296875,1999,ok,,1.0.0,{}
361253,wave_energy,openml_task,ctr23,regression,nofe,3,4500,57600,14400,48,48,0,11739.942883019998,rmse,False,11739.942883019998,-0.0,0.03266620635986328,0.0081787109375,43.69159531593323,644.484375,1999,ok,,1.0.0,{}
361260,miami_housing,openml_task,ctr23,regression,nofe,4,4500,11145,2787,15,15,0,88190.74822868052,rmse,False,88190.74822868052,-0.0,0.005797624588012695,0.00027251243591308594,79.11010646820068,357.734375,663,ok,,1.0.0,{}
125920,dresses-sales,openml_task,amlb,classification,nofe,1,4500,400,100,12,12,0,0.5619868637110017,binary_roc_auc,True,0.5619868637110017,0.0,0.0039014816284179688,0.00012922286987304688,309.4711847305298,328.2265625,19,ok,,1.0.0,{}
shuttle,shuttle,pmlb,pmlb,multiclass,nofe,2,4500,46400,11600,9,9,0,0.00033660802574395386,categorical_crossentropy,False,0.00033660802574395386,-0.0,0.01391458511352539,0.0010972023010253906,202.99022936820984,383.44921875,928,ok,,1.0.0,{}
mushroom,mushroom,pmlb,pmlb,classification,nofe,1,4500,6499,1625,21,21,0,1.0,binary_roc_auc,True,1.0,0.0,0.005255460739135742,0.00023221969604492188,248.49084186553955,335.06640625,1999,ok,,1.0.0,{}
3913,kc2,openml_task,amlb,classification,nofe,3,4500,417,105,21,21,0,0.8628148959474261,binary_roc_auc,True,0.8628148959474261,0.0,0.003292560577392578,6.604194641113281e-05,368.3321831226349,330.77734375,13,ok,,1.0.0,{}
shuttle,shuttle,pmlb,pmlb,multiclass,nofe,0,4500,46400,11600,9,9,0,0.0006209408156106941,categorical_crossentropy,False,0.0006209408156106941,-0.0,0.011627197265625,0.0009517669677734375,204.29015183448792,391.578125,1158,ok,,1.0.0,{}
3902,pc4,openml_task,amlb,classification,nofe,2,4500,1166,292,37,37,0,0.9399956597222223,binary_roc_auc,True,0.9399956597222223,0.0,0.009618759155273438,0.00010538101196289062,369.64851117134094,336.27734375,162,ok,,1.0.0,{}
125920,dresses-sales,openml_task,amlb,classification,nofe,3,4500,400,100,12,12,0,0.5410509031198687,binary_roc_auc,True,0.5410509031198687,0.0,0.005465030670166016,0.00017690658569335938,310.84700441360474,328.07421875,17,ok,,1.0.0,{}
361254,sarcos,openml_task,ctr23,regression,nofe,0,4500,39146,9787,21,21,0,2.382620916511604,rmse,False,2.382620916511604,-0.0,0.018047809600830078,0.002233743667602539,84.28394508361816,460.41796875,1998,ok,,1.0.0,{}
monk1,monk1,pmlb,pmlb,classification,nofe,3,4500,444,112,6,6,0,1.0,binary_roc_auc,True,1.0,0.0,0.009186506271362305,9.059906005859375e-05,188.80579829216003,322.65234375,1318,ok,,1.0.0,{}
125920,dresses-sales,openml_task,amlb,classification,nofe,4,4500,400,100,12,12,0,0.7159277504105089,binary_roc_auc,True,0.7159277504105089,0.0,0.003805875778198242,0.00015783309936523438,311.14023876190186,329.80859375,45,ok,,1.0.0,{}
361254,sarcos,openml_task,ctr23,regression,nofe,3,4500,39146,9787,21,21,0,2.332981726923865,rmse,False,2.332981726923865,-0.0,0.01825547218322754,0.0018568038940429688,84.41630911827087,461.1796875,1998,ok,,1.0.0,{}
3902,pc4,openml_task,amlb,classification,nofe,3,4500,1166,292,37,37,0,0.949001736111111,binary_roc_auc,True,0.949001736111111,0.0,0.004702091217041016,0.00012183189392089844,371.0483977794647,333.359375,74,ok,,1.0.0,{}
3903,pc3,openml_task,amlb,classification,nofe,4,4500,1250,313,37,37,0,0.822898131672598,binary_roc_auc,True,0.822898131672598,0.0,0.007611751556396484,9.34600830078125e-05,370.57024025917053,335.16796875,38,ok,,1.0.0,{}
361254,sarcos,openml_task,ctr23,regression,nofe,4,4500,39146,9787,21,21,0,2.3845787716343225,rmse,False,2.3845787716343225,-0.0,0.014257431030273438,0.0020051002502441406,85.12087082862854,461.265625,1999,ok,,1.0.0,{}
361254,sarcos,openml_task,ctr23,regression,nofe,1,4500,39146,9787,21,21,0,2.4185738528188203,rmse,False,2.4185738528188203,-0.0,0.014189720153808594,0.0017986297607421875,88.96452116966248,461.9375,1998,ok,,1.0.0,{}
3481,isolet,openml_task,amlb,multiclass,nofe,3,4500,6237,1560,617,617,0,0.15502847677534867,categorical_crossentropy,False,0.15502847677534867,-0.0,0.02926182746887207,0.006995201110839844,391.9141221046448,805.17578125,989,ok,,1.0.0,{}
361249,white_wine,openml_task,ctr23,regression,nofe,1,4500,3918,980,11,11,0,0.5994102260640205,rmse,False,0.5994102260640205,-0.0,0.004685640335083008,6.914138793945312e-05,129.74167323112488,346.421875,568,ok,,1.0.0,{}
3481,isolet,openml_task,amlb,multiclass,nofe,2,4500,6237,1560,617,617,0,0.15615514790618665,categorical_crossentropy,False,0.15615514790618665,-0.0,0.024970531463623047,0.004290580749511719,406.7395033836365,817.0234375,1075,ok,,1.0.0,{}
16,mfeat-karhunen,openml_task,amlb,multiclass,nofe,1,4500,1600,400,64,64,0,0.2112247165216104,categorical_crossentropy,False,0.2112247165216104,-0.0,0.00353240966796875,0.0002148151397705078,438.07051515579224,363.5859375,433,ok,,1.0.0,{}
10101,blood-transfusion,openml_task,amlb,classification,nofe,4,4500,598,150,4,4,0,0.7099171539961014,binary_roc_auc,True,0.7099171539961014,0.0,0.0037620067596435547,5.793571472167969e-05,369.9194004535675,330.16796875,75,ok,,1.0.0,{}
2079,eucalyptus,openml_task,amlb,multiclass,nofe,2,4500,588,148,19,19,0,0.8031549006952224,categorical_crossentropy,False,0.8031549006952224,-0.0,0.005456209182739258,0.00016069412231445312,430.60788893699646,334.9140625,69,ok,,1.0.0,{}
16,mfeat-karhunen,openml_task,amlb,multiclass,nofe,4,4500,1600,400,64,64,0,0.14548451025548276,categorical_crossentropy,False,0.14548451025548276,-0.0,0.004558086395263672,0.0003676414489746094,438.61275935173035,392.72265625,1043,ok,,1.0.0,{}
14954,cylinder-bands,openml_task,amlb,classification,nofe,1,4500,432,108,35,35,0,0.8509817671809257,binary_roc_auc,True,0.8509817671809257,0.0,0.0030393600463867188,0.00016021728515625,369.61440110206604,333.11328125,115,ok,,1.0.0,{}
3,kr-vs-kp,openml_task,amlb,classification,nofe,1,4500,2556,640,36,36,0,0.9979942076631052,binary_roc_auc,True,0.9979942076631052,0.0,0.0067670345306396484,0.0004343986511230469,439.42407846450806,336.015625,889,ok,,1.0.0,{}
361260,miami_housing,openml_task,ctr23,regression,nofe,2,4500,11145,2787,15,15,0,74326.7670683617,rmse,False,74326.7670683617,-0.0,0.008614778518676758,0.0003895759582519531,131.973557472229,356.33203125,632,ok,,1.0.0,{}
29,credit-approval,openml_task,amlb,classification,nofe,0,4500,552,138,15,15,0,0.9763678944006813,binary_roc_auc,True,0.9763678944006813,0.0,0.006539821624755859,0.0001926422119140625,439.50026750564575,331.34375,82,ok,,1.0.0,{}
1113,KDD-Cup-98,openml_task,stress_test,regression,nofe,2,4500,,,,,,,,,,,,,0.7893881797790527,,,crash,OpenMLServerException: https://www.openml.org/api/v1/xml/task/1113 returned code 151: Unknown task - None,,
42712,Bike-Sharing,openml_task,stress_test,regression,nofe,3,4500,,,,,,,,,,,,,0.8658092021942139,,,crash,OpenMLServerException: https://www.openml.org/api/v1/xml/task/42712 returned code 151: Unknown task - None,,
41207,Allstate-Claims,openml_task,stress_test,regression,nofe,3,4500,,,,,,,,,,,,,0.9752354621887207,,,crash,OpenMLServerException: https://www.openml.org/api/v1/xml/task/41207 returned code 151: Unknown task - None,,
23380,Mercedes-Greener,openml_task,stress_test,regression,nofe,0,4500,,,,,,,,,,,,,0.9820141792297363,,,crash,OpenMLServerException: https://www.openml.org/api/v1/xml/task/23380 returned code 151: Unknown task - None,,
1113,KDD-Cup-98,openml_task,stress_test,regression,nofe,4,4500,,,,,,,,,,,,,0.8622665405273438,,,crash,OpenMLServerException: https://www.openml.org/api/v1/xml/task/1113 returned code 151: Unknown task - None,,
42712,Bike-Sharing,openml_task,stress_test,regression,nofe,4,4500,,,,,,,,,,,,,0.873159646987915,,,crash,OpenMLServerException: https://www.openml.org/api/v1/xml/task/42712 returned code 151: Unknown task - None,,
23380,Mercedes-Greener,openml_task,stress_test,regression,nofe,4,4500,,,,,,,,,,,,,1.217705488204956,,,crash,OpenMLServerException: https://www.openml.org/api/v1/xml/task/23380 returned code 151: Unknown task - None,,
41207,Allstate-Claims,openml_task,stress_test,regression,nofe,1,4500,,,,,,,,,,,,,1.3722560405731201,,,crash,OpenMLServerException: https://www.openml.org/api/v1/xml/task/41207 returned code 151: Unknown task - None,,
1169,Airlines,openml_task,stress_test,classification,nofe,4,4500,,,,,,,,,,,,,1.8508496284484863,,,crash,OpenMLServerException: https://www.openml.org/api/v1/xml/task/1169 returned code 151: Unknown task - None,,
40927,Sleep,openml_task,stress_test,classification,nofe,1,4500,,,,,,,,,,,,,1.6834051609039307,,,crash,OpenMLServerException: https://www.openml.org/api/v1/xml/task/40927 returned code 151: Unknown task - None,,
1113,KDD-Cup-98,openml_task,stress_test,regression,nofe,1,4500,,,,,,,,,,,,,1.5818226337432861,,,crash,OpenMLServerException: https://www.openml.org/api/v1/xml/task/1113 returned code 151: Unknown task - None,,
1169,Airlines,openml_task,stress_test,classification,nofe,2,4500,,,,,,,,,,,,,1.8743014335632324,,,crash,OpenMLServerException: https://www.openml.org/api/v1/xml/task/1169 returned code 151: Unknown task - None,,
42712,Bike-Sharing,openml_task,stress_test,regression,nofe,0,4500,,,,,,,,,,,,,1.8724865913391113,,,crash,OpenMLServerException: https://www.openml.org/api/v1/xml/task/42712 returned code 151: Unknown task - None,,
23380,Mercedes-Greener,openml_task,stress_test,regression,nofe,3,4500,,,,,,,,,,,,,2.119173765182495,,,crash,OpenMLServerException: https://www.openml.org/api/v1/xml/task/23380 returned code 151: Unknown task - None,,
40927,Sleep,openml_task,stress_test,classification,nofe,4,4500,,,,,,,,,,,,,1.7653043270111084,,,crash,OpenMLServerException: https://www.openml.org/api/v1/xml/task/40927 returned code 151: Unknown task - None,,
41207,Allstate-Claims,openml_task,stress_test,regression,nofe,0,4500,,,,,,,,,,,,,1.9263205528259277,,,crash,OpenMLServerException: https://www.openml.org/api/v1/xml/task/41207 returned code 151: Unknown task - None,,
23380,Mercedes-Greener,openml_task,stress_test,regression,nofe,2,4500,,,,,,,,,,,,,2.7207069396972656,,,crash,OpenMLServerException: https://www.openml.org/api/v1/xml/task/23380 returned code 151: Unknown task - None,,
41207,Allstate-Claims,openml_task,stress_test,regression,nofe,2,4500,,,,,,,,,,,,,2.599120855331421,,,crash,OpenMLServerException: https://www.openml.org/api/v1/xml/task/41207 returned code 151: Unknown task - None,,
1113,KDD-Cup-98,openml_task,stress_test,regression,nofe,3,4500,,,,,,,,,,,,,2.172797918319702,,,crash,OpenMLServerException: https://www.openml.org/api/v1/xml/task/1113 returned code 151: Unknown task - None,,
42712,Bike-Sharing,openml_task,stress_test,regression,nofe,1,4500,,,,,,,,,,,,,2.6253156661987305,,,crash,OpenMLServerException: https://www.openml.org/api/v1/xml/task/42712 returned code 151: Unknown task - None,,
40927,Sleep,openml_task,stress_test,classification,nofe,3,4500,,,,,,,,,,,,,3.0681443214416504,,,crash,OpenMLServerException: https://www.openml.org/api/v1/xml/task/40927 returned code 151: Unknown task - None,,
1169,Airlines,openml_task,stress_test,classification,nofe,3,4500,,,,,,,,,,,,,3.068091630935669,,,crash,OpenMLServerException: https://www.openml.org/api/v1/xml/task/1169 returned code 151: Unknown task - None,,
1113,KDD-Cup-98,openml_task,stress_test,regression,nofe,0,4500,,,,,,,,,,,,,3.1356112957000732,,,crash,OpenMLServerException: https://www.openml.org/api/v1/xml/task/1113 returned code 151: Unknown task - None,,
40927,Sleep,openml_task,stress_test,classification,nofe,2,4500,,,,,,,,,,,,,3.759566307067871,,,crash,OpenMLServerException: https://www.openml.org/api/v1/xml/task/40927 returned code 151: Unknown task - None,,
1169,Airlines,openml_task,stress_test,classification,nofe,1,4500,,,,,,,,,,,,,3.7718796730041504,,,crash,OpenMLServerException: https://www.openml.org/api/v1/xml/task/1169 returned code 151: Unknown task - None,,
42712,Bike-Sharing,openml_task,stress_test,regression,nofe,2,4500,,,,,,,,,,,,,4.0536558628082275,,,crash,OpenMLServerException: https://www.openml.org/api/v1/xml/task/42712 returned code 151: Unknown task - None,,
1169,Airlines,openml_task,stress_test,classification,nofe,0,4500,,,,,,,,,,,,,4.402603626251221,,,crash,OpenMLServerException: https://www.openml.org/api/v1/xml/task/1169 returned code 151: Unknown task - None,,
40927,Sleep,openml_task,stress_test,classification,nofe,0,4500,,,,,,,,,,,,,4.759148836135864,,,crash,OpenMLServerException: https://www.openml.org/api/v1/xml/task/40927 returned code 151: Unknown task - None,,
23380,Mercedes-Greener,openml_task,stress_test,regression,nofe,1,4500,,,,,,,,,,,,,8.349040031433105,,,crash,OpenMLServerException: https://www.openml.org/api/v1/xml/task/23380 returned code 151: Unknown task - None,,
41207,Allstate-Claims,openml_task,stress_test,regression,nofe,4,4500,,,,,,,,,,,,,8.344587802886963,,,crash,OpenMLServerException: https://www.openml.org/api/v1/xml/task/41207 returned code 151: Unknown task - None,,
3573,mnist_784,openml_task,amlb,multiclass,nofe,1,4500,56000,14000,719,719,0,0.0724652962646131,categorical_crossentropy,False,0.0724652962646131,-0.0,0.15316176414489746,0.017432451248168945,1781.2919235229492,1323.74609375,750,ok,,1.0.0,{}
146825,Fashion-MNIST,openml_task,amlb,multiclass,nofe,4,4500,56000,14000,784,784,0,0.2547677277930259,categorical_crossentropy,False,0.2547677277930259,-0.0,0.12683749198913574,0.0075185298919677734,1905.3260412216187,1553.9375,554,ok,,1.0.0,{}
3573,mnist_784,openml_task,amlb,multiclass,nofe,2,4500,56000,14000,719,719,0,0.06727004133037137,categorical_crossentropy,False,0.06727004133037137,-0.0,0.15131759643554688,0.01759624481201172,1977.7481935024261,1324.7421875,874,ok,,1.0.0,{}
3573,mnist_784,openml_task,amlb,multiclass,nofe,3,4500,56000,14000,719,719,0,0.07053395065357199,categorical_crossentropy,False,0.07053395065357199,-0.0,0.10938525199890137,0.003725290298461914,2106.285500764847,1324.796875,891,ok,,1.0.0,{}
146825,Fashion-MNIST,openml_task,amlb,multiclass,nofe,2,4500,56000,14000,784,784,0,0.2514660147528856,categorical_crossentropy,False,0.2514660147528856,-0.0,0.17177057266235352,0.020490169525146484,2192.1601967811584,1556.43359375,615,ok,,1.0.0,{}
146825,Fashion-MNIST,openml_task,amlb,multiclass,nofe,3,4500,56000,14000,784,784,0,0.26202488661440904,categorical_crossentropy,False,0.26202488661440904,-0.0,0.11729025840759277,0.006601572036743164,2232.3156435489655,1558.765625,641,ok,,1.0.0,{}
3573,mnist_784,openml_task,amlb,multiclass,nofe,0,4500,56000,14000,719,719,0,0.06750798130319678,categorical_crossentropy,False,0.06750798130319678,-0.0,0.16399931907653809,0.018622636795043945,2352.4006316661835,1433.09765625,988,ok,,1.0.0,{}
3573,mnist_784,openml_task,amlb,multiclass,nofe,4,4500,56000,14000,719,719,0,0.06746832493370149,categorical_crossentropy,False,0.06746832493370149,-0.0,0.15344834327697754,0.015466928482055664,2368.831768989563,1326.359375,1058,ok,,1.0.0,{}
146825,Fashion-MNIST,openml_task,amlb,multiclass,nofe,0,4500,56000,14000,784,784,0,0.2556971860312047,categorical_crossentropy,False,0.2556971860312047,-0.0,0.1329953670501709,0.004320621490478516,2378.6125104427338,1555.83984375,656,ok,,1.0.0,{}
146825,Fashion-MNIST,openml_task,amlb,multiclass,nofe,1,4500,56000,14000,784,784,0,0.2597402368252501,categorical_crossentropy,False,0.2597402368252501,-0.0,0.11927390098571777,0.007245302200317383,2389.9696576595306,1553.69140625,662,ok,,1.0.0,{}
1169,Airlines,openml_task,stress_test,classification,nofe,3,4500,,,,,,,,,,,,,0.7580134868621826,,,crash,OpenMLServerException: https://www.openml.org/api/v1/xml/task/1169 returned code 151: Unknown task - None,,
40927,Sleep,openml_task,stress_test,classification,nofe,4,4500,,,,,,,,,,,,,0.8050634860992432,,,crash,OpenMLServerException: https://www.openml.org/api/v1/xml/task/40927 returned code 151: Unknown task - None,,
42712,Bike-Sharing,openml_task,stress_test,regression,nofe,1,4500,,,,,,,,,,,,,0.9855268001556396,,,crash,OpenMLServerException: https://www.openml.org/api/v1/xml/task/42712 returned code 151: Unknown task - None,,
41207,Allstate-Claims,openml_task,stress_test,regression,nofe,0,4500,,,,,,,,,,,,,0.787123441696167,,,crash,OpenMLServerException: https://www.openml.org/api/v1/xml/task/41207 returned code 151: Unknown task - None,,
23380,Mercedes-Greener,openml_task,stress_test,regression,nofe,4,4500,,,,,,,,,,,,,0.8036966323852539,,,crash,OpenMLServerException: https://www.openml.org/api/v1/xml/task/23380 returned code 151: Unknown task - None,,
42712,Bike-Sharing,openml_task,stress_test,regression,nofe,2,4500,,,,,,,,,,,,,1.2959566116333008,,,crash,OpenMLServerException: https://www.openml.org/api/v1/xml/task/42712 returned code 151: Unknown task - None,,
1169,Airlines,openml_task,stress_test,classification,nofe,1,4500,,,,,,,,,,,,,1.4248781204223633,,,crash,OpenMLServerException: https://www.openml.org/api/v1/xml/task/1169 returned code 151: Unknown task - None,,
23380,Mercedes-Greener,openml_task,stress_test,regression,nofe,3,4500,,,,,,,,,,,,,1.2020885944366455,,,crash,OpenMLServerException: https://www.openml.org/api/v1/xml/task/23380 returned code 151: Unknown task - None,,
40927,Sleep,openml_task,stress_test,classification,nofe,0,4500,,,,,,,,,,,,,1.655933141708374,,,crash,OpenMLServerException: https://www.openml.org/api/v1/xml/task/40927 returned code 151: Unknown task - None,,
41207,Allstate-Claims,openml_task,stress_test,regression,nofe,3,4500,,,,,,,,,,,,,1.6302173137664795,,,crash,OpenMLServerException: https://www.openml.org/api/v1/xml/task/41207 returned code 151: Unknown task - None,,
41207,Allstate-Claims,openml_task,stress_test,regression,nofe,1,4500,,,,,,,,,,,,,2.2614200115203857,,,crash,OpenMLServerException: https://www.openml.org/api/v1/xml/task/41207 returned code 151: Unknown task - None,,
42712,Bike-Sharing,openml_task,stress_test,regression,nofe,3,4500,,,,,,,,,,,,,2.4200711250305176,,,crash,OpenMLServerException: https://www.openml.org/api/v1/xml/task/42712 returned code 151: Unknown task - None,,
40927,Sleep,openml_task,stress_test,classification,nofe,1,4500,,,,,,,,,,,,,2.381619930267334,,,crash,OpenMLServerException: https://www.openml.org/api/v1/xml/task/40927 returned code 151: Unknown task - None,,
1169,Airlines,openml_task,stress_test,classification,nofe,4,4500,,,,,,,,,,,,,2.4154164791107178,,,crash,OpenMLServerException: https://www.openml.org/api/v1/xml/task/1169 returned code 151: Unknown task - None,,
23380,Mercedes-Greener,openml_task,stress_test,regression,nofe,0,4500,,,,,,,,,,,,,1.8663074970245361,,,crash,OpenMLServerException: https://www.openml.org/api/v1/xml/task/23380 returned code 151: Unknown task - None,,
23380,Mercedes-Greener,openml_task,stress_test,regression,nofe,2,4500,,,,,,,,,,,,,2.9928548336029053,,,crash,OpenMLServerException: https://www.openml.org/api/v1/xml/task/23380 returned code 151: Unknown task - None,,
41207,Allstate-Claims,openml_task,stress_test,regression,nofe,4,4500,,,,,,,,,,,,,2.948152542114258,,,crash,OpenMLServerException: https://www.openml.org/api/v1/xml/task/41207 returned code 151: Unknown task - None,,
40927,Sleep,openml_task,stress_test,classification,nofe,3,4500,,,,,,,,,,,,,3.2514266967773438,,,crash,OpenMLServerException: https://www.openml.org/api/v1/xml/task/40927 returned code 151: Unknown task - None,,
42712,Bike-Sharing,openml_task,stress_test,regression,nofe,4,4500,,,,,,,,,,,,,2.712115526199341,,,crash,OpenMLServerException: https://www.openml.org/api/v1/xml/task/42712 returned code 151: Unknown task - None,,
1169,Airlines,openml_task,stress_test,classification,nofe,0,4500,,,,,,,,,,,,,2.8319568634033203,,,crash,OpenMLServerException: https://www.openml.org/api/v1/xml/task/1169 returned code 151: Unknown task - None,,
41207,Allstate-Claims,openml_task,stress_test,regression,nofe,2,4500,,,,,,,,,,,,,3.392664909362793,,,crash,OpenMLServerException: https://www.openml.org/api/v1/xml/task/41207 returned code 151: Unknown task - None,,
23380,Mercedes-Greener,openml_task,stress_test,regression,nofe,1,4500,,,,,,,,,,,,,3.357586145401001,,,crash,OpenMLServerException: https://www.openml.org/api/v1/xml/task/23380 returned code 151: Unknown task - None,,
40927,Sleep,openml_task,stress_test,classification,nofe,2,4500,,,,,,,,,,,,,4.159762859344482,,,crash,OpenMLServerException: https://www.openml.org/api/v1/xml/task/40927 returned code 151: Unknown task - None,,
42712,Bike-Sharing,openml_task,stress_test,regression,nofe,0,4500,,,,,,,,,,,,,3.6164162158966064,,,crash,OpenMLServerException: https://www.openml.org/api/v1/xml/task/42712 returned code 151: Unknown task - None,,
1169,Airlines,openml_task,stress_test,classification,nofe,2,4500,,,,,,,,,,,,,4.010231018066406,,,crash,OpenMLServerException: https://www.openml.org/api/v1/xml/task/1169 returned code 151: Unknown task - None,,
1113,KDD-Cup-98,openml_task,stress_test,regression,nofe,1,4500,,,,,,,,,,,,,5.968099355697632,,,crash,OpenMLServerException: https://www.openml.org/api/v1/xml/task/1113 returned code 151: Unknown task - None,,
1113,KDD-Cup-98,openml_task,stress_test,regression,nofe,3,4500,,,,,,,,,,,,,6.532947778701782,,,crash,OpenMLServerException: https://www.openml.org/api/v1/xml/task/1113 returned code 151: Unknown task - None,,
1113,KDD-Cup-98,openml_task,stress_test,regression,nofe,2,4500,,,,,,,,,,,,,6.715638637542725,,,crash,OpenMLServerException: https://www.openml.org/api/v1/xml/task/1113 returned code 151: Unknown task - None,,
1113,KDD-Cup-98,openml_task,stress_test,regression,nofe,0,4500,,,,,,,,,,,,,7.868517160415649,,,crash,OpenMLServerException: https://www.openml.org/api/v1/xml/task/1113 returned code 151: Unknown task - None,,
1113,KDD-Cup-98,openml_task,stress_test,regression,nofe,4,4500,,,,,,,,,,,,,7.972844362258911,,,crash,OpenMLServerException: https://www.openml.org/api/v1/xml/task/1113 returned code 151: Unknown task - None,,
167121,Devnagari-Script,openml_task,amlb,multiclass,nofe,2,4500,,,,,,,,,,,,,4680,,,timeout,wall-clock exceeded 4680s,,
167121,Devnagari-Script,openml_task,amlb,multiclass,nofe,4,4500,,,,,,,,,,,,,4680,,,timeout,wall-clock exceeded 4680s,,
167121,Devnagari-Script,openml_task,amlb,multiclass,nofe,3,4500,,,,,,,,,,,,,4680,,,timeout,wall-clock exceeded 4680s,,
167121,Devnagari-Script,openml_task,amlb,multiclass,nofe,0,4500,,,,,,,,,,,,,4680,,,timeout,wall-clock exceeded 4680s,,
167121,Devnagari-Script,openml_task,amlb,multiclass,nofe,1,4500,,,,,,,,,,,,,4680,,,timeout,wall-clock exceeded 4680s,,
167124,CIFAR_10,openml_task,amlb,multiclass,nofe,0,4500,,,,,,,,,,,,,4680,,,timeout,wall-clock exceeded 4680s,,
167124,CIFAR_10,openml_task,amlb,multiclass,nofe,2,4500,,,,,,,,,,,,,4680,,,timeout,wall-clock exceeded 4680s,,
167124,CIFAR_10,openml_task,amlb,multiclass,nofe,3,4500,,,,,,,,,,,,,4680,,,timeout,wall-clock exceeded 4680s,,
167124,CIFAR_10,openml_task,amlb,multiclass,nofe,1,4500,,,,,,,,,,,,,4680,,,timeout,wall-clock exceeded 4680s,,
167124,CIFAR_10,openml_task,amlb,multiclass,nofe,4,4500,,,,,,,,,,,,,4680,,,timeout,wall-clock exceeded 4680s,,
11,balance-scale,openml_task,amlb,multiclass,tabularaml,2,4500,500,125,4,12,8,0.1551675324649259,categorical_crossentropy,False,0.4370946313311169,0.645002428896501,27.166781187057495,0.024575471878051758,31.192485094070435,351.66015625,482,ok,,0.2.0,"{""mode"": ""best"", ""elapsed_time"": 26.621132135391235, ""n_init_feats"": 4, ""n_added_feats"": 8, ""initial_metric"": null, ""final_metric"": 0.13426194867430086, ""pct_gain"": 0.6322942466385698}"
11,balance-scale,openml_task,amlb,multiclass,tabularaml,0,4500,500,125,4,12,8,0.089361106577795,categorical_crossentropy,False,0.3983258527903943,0.7756582808979303,30.44202160835266,0.017736434936523438,36.444730281829834,340.4609375,371,ok,,0.2.0,"{""mode"": ""best"", ""elapsed_time"": 29.943745613098145, ""n_init_feats"": 4, ""n_added_feats"": 8, ""initial_metric"": null, ""final_metric"": 0.12365521751051171, ""pct_gain"": 0.6676019630842529}"
11,balance-scale,openml_task,amlb,multiclass,tabularaml,4,4500,500,125,4,12,8,0.10614073434856254,categorical_crossentropy,False,0.316971960455524,0.6651415658469396,46.29289650917053,0.016412973403930664,51.92998147010803,344.8125,283,ok,,0.2.0,"{""mode"": ""best"", ""elapsed_time"": 45.79310989379883, ""n_init_feats"": 4, ""n_added_feats"": 8, ""initial_metric"": null, ""final_metric"": 0.13409924867767048, ""pct_gain"": 0.6686943011869722}"
11,balance-scale,openml_task,amlb,multiclass,tabularaml,1,4500,500,125,4,12,8,0.03335064651502762,categorical_crossentropy,False,0.4081370563345244,0.9182856689991604,47.475560665130615,0.018314599990844727,54.08203315734863,348.109375,460,ok,,0.2.0,"{""mode"": ""best"", ""elapsed_time"": 46.95735836029053, ""n_init_feats"": 4, ""n_added_feats"": 8, ""initial_metric"": null, ""final_metric"": 0.1503403504160774, ""pct_gain"": 0.6515034807596672}"
11,balance-scale,openml_task,amlb,multiclass,tabularaml,3,4500,500,125,4,12,8,0.18389319044194052,categorical_crossentropy,False,0.5118981068106369,0.6407621204390058,45.91849970817566,0.020671367645263672,54.81586313247681,353.0859375,866,ok,,0.2.0,"{""mode"": ""best"", ""elapsed_time"": 45.22493767738342, ""n_init_feats"": 4, ""n_added_feats"": 8, ""initial_metric"": null, ""final_metric"": 0.12666504465731115, ""pct_gain"": 0.6391164962726575}"
37,diabetes,openml_task,amlb,classification,tabularaml,1,4500,614,154,8,16,8,0.8192592592592592,binary_roc_auc,True,0.8296296296296296,-0.012499999999999992,307.08102798461914,0.018955230712890625,310.44450092315674,352.5390625,102,ok,,0.2.0,"{""mode"": ""best"", ""elapsed_time"": 306.73667573928833, ""n_init_feats"": 8, ""n_added_feats"": 8, ""initial_metric"": null, ""final_metric"": 0.8330353126405757, ""pct_gain"": 0.043036542268867925}"
37,diabetes,openml_task,amlb,classification,tabularaml,0,4500,614,154,8,15,7,0.8505555555555556,binary_roc_auc,True,0.850925925925926,-0.00043525571273121064,326.81365513801575,0.03552603721618652,337.92373871803284,355.0703125,54,ok,,0.2.0,"{""mode"": ""best"", ""elapsed_time"": 316.09330677986145, ""n_init_feats"": 8, ""n_added_feats"": 7, ""initial_metric"": null, ""final_metric"": 0.8182598590493327, ""pct_gain"": 0.029622780866788427}"
37,diabetes,openml_task,amlb,classification,tabularaml,4,4500,614,154,8,17,9,0.7853703703703704,binary_roc_auc,True,0.7966666666666667,-0.01417945141794522,381.32207131385803,0.0255434513092041,385.51329255104065,348.7421875,27,ok,,0.2.0,"{""mode"": ""best"", ""elapsed_time"": 377.6024684906006, ""n_init_feats"": 8, ""n_added_feats"": 9, ""initial_metric"": null, ""final_metric"": 0.8526634427950217, ""pct_gain"": 0.024421935085851876}"
15,breast-w,openml_task,amlb,classification,tabularaml,4,4500,559,140,9,18,9,0.9825634057971014,binary_roc_auc,True,0.9875452898550724,-0.0050447145150194295,434.65587639808655,0.030957698822021484,442.6995527744293,350.4453125,282,ok,,0.2.0,"{""mode"": ""best"", ""elapsed_time"": 434.32489490509033, ""n_init_feats"": 9, ""n_added_feats"": 9, ""initial_metric"": null, ""final_metric"": 0.9986120546120546, ""pct_gain"": 0.006823828891551046}"
15,breast-w,openml_task,amlb,classification,tabularaml,0,4500,559,140,9,17,8,0.9936594202898551,binary_roc_auc,True,0.9884510869565216,0.005269186712485832,511.34677505493164,0.028781652450561523,517.4285025596619,351.83984375,100,ok,,0.2.0,"{""mode"": ""best"", ""elapsed_time"": 511.0032432079315, ""n_init_feats"": 9, ""n_added_feats"": 8, ""initial_metric"": null, ""final_metric"": 0.9972728839787663, ""pct_gain"": 0.008285276498573942}"
3,kr-vs-kp,openml_task,amlb,classification,tabularaml,0,4500,2556,640,36,36,0,0.9999804312942742,binary_roc_auc,True,0.9999804312942742,0.0,505.1199486255646,0.057342529296875,518.3690495491028,384.93359375,577,ok,,0.2.0,"{""mode"": ""best"", ""elapsed_time"": 503.6651198863983, ""n_init_feats"": 36, ""n_added_feats"": 0, ""initial_metric"": null, ""final_metric"": 0.9994835828027278, ""pct_gain"": 6.831558181770473e-05}"
3,kr-vs-kp,openml_task,amlb,classification,tabularaml,2,4500,2556,640,36,36,0,0.9998336660013307,binary_roc_auc,True,0.9998336660013308,-1.1104077231819065e-16,564.5207145214081,0.06281518936157227,577.5248498916626,381.9453125,415,ok,,0.2.0,"{""mode"": ""best"", ""elapsed_time"": 562.7801337242126, ""n_init_feats"": 36, ""n_added_feats"": 0, ""initial_metric"": null, ""final_metric"": 0.9993761041822535, ""pct_gain"": 0.0001994749044525132}"
15,breast-w,openml_task,amlb,classification,tabularaml,3,4500,559,140,9,17,8,0.9868659420289855,binary_roc_auc,True,0.9791666666666666,0.007863089731729887,616.0157232284546,0.023659944534301758,621.9590158462524,350.06640625,74,ok,,0.2.0,"{""mode"": ""best"", ""elapsed_time"": 615.6659226417542, ""n_init_feats"": 9, ""n_added_feats"": 8, ""initial_metric"": null, ""final_metric"": 0.9979062114356232, ""pct_gain"": 0.0016734895002387404}"
49,tic-tac-toe,openml_task,amlb,classification,tabularaml,3,4500,766,192,9,12,3,0.9995223880597015,binary_roc_auc,True,1.0,-0.00047761194029849463,561.8844327926636,0.028328418731689453,639.3087532520294,347.375,925,ok,,0.2.0,"{""mode"": ""best"", ""elapsed_time"": 561.4323704242706, ""n_init_feats"": 9, ""n_added_feats"": 3, ""initial_metric"": null, ""final_metric"": 0.9998591410559495, ""pct_gain"": 0.002042831067525624}"
23,cmc,openml_task,amlb,multiclass,tabularaml,0,4500,1178,295,9,,,,,,,,,,654.5412793159485,,,crash,ValueError: Input X contains infinity or a value too large for dtype('float64').,0.2.0,
49,tic-tac-toe,openml_task,amlb,classification,tabularaml,0,4500,766,192,9,11,2,0.9996417910447761,binary_roc_auc,True,0.9998805970149254,-0.00023883448770001747,667.4575092792511,0.02520585060119629,673.3523325920105,354.04296875,1970,ok,,0.2.0,"{""mode"": ""best"", ""elapsed_time"": 666.9831726551056, ""n_init_feats"": 9, ""n_added_feats"": 2, ""initial_metric"": null, ""final_metric"": 0.9999537037037036, ""pct_gain"": 0.002138230775214958}"
3,kr-vs-kp,openml_task,amlb,classification,tabularaml,1,4500,2556,640,36,36,0,0.9979942076631052,binary_roc_auc,True,0.9979942076631052,0.0,624.8426237106323,0.05643939971923828,689.4056942462921,387.84765625,889,ok,,0.2.0,"{""mode"": ""best"", ""elapsed_time"": 623.2885565757751, ""n_init_feats"": 36, ""n_added_feats"": 0, ""initial_metric"": null, ""final_metric"": 0.9997378383103053, ""pct_gain"": 0.00018363215203872182}"
23,cmc,openml_task,amlb,multiclass,tabularaml,1,4500,1178,295,9,12,3,0.9168153525409052,categorical_crossentropy,False,0.9272280438471648,0.011229914124530064,756.2624127864838,0.03238725662231445,760.6730577945709,347.93359375,28,ok,,0.2.0,"{""mode"": ""best"", ""elapsed_time"": 754.9966094493866, ""n_init_feats"": 9, ""n_added_feats"": 3, ""initial_metric"": null, ""final_metric"": 1.0290814438089728, ""pct_gain"": 0.023114293174712378}"
15,breast-w,openml_task,amlb,classification,tabularaml,2,4500,559,140,9,16,7,0.9970561594202899,binary_roc_auc,True,0.996376811594203,0.000681818181818143,757.2100415229797,0.051755666732788086,761.1386549472809,353.2734375,241,ok,,0.2.0,"{""mode"": ""best"", ""elapsed_time"": 735.4499146938324, ""n_init_feats"": 9, ""n_added_feats"": 7, ""initial_metric"": null, ""final_metric"": 0.9948635286282345, ""pct_gain"": 0.004823148404845506}"
29,credit-approval,openml_task,amlb,classification,tabularaml,3,4500,552,138,15,26,11,0.9544390036193313,binary_roc_auc,True,0.9618905684479454,-0.0077467906153165945,811.3446254730225,0.04390525817871094,817.447835445404,350.5859375,47,ok,,0.2.0,"{""mode"": ""best"", ""elapsed_time"": 807.8765439987183, ""n_init_feats"": 15, ""n_added_feats"": 11, ""initial_metric"": null, ""final_metric"": 0.9439044995408631, ""pct_gain"": 0.02548570055494762}"
53,vehicle,openml_task,amlb,multiclass,tabularaml,4,4500,676,170,18,28,10,0.5112177573117044,categorical_crossentropy,False,0.5533786327304209,0.07618811592108439,837.5938184261322,0.02735614776611328,846.6460514068604,352.3984375,154,ok,,0.2.0,"{""mode"": ""best"", ""elapsed_time"": 798.3712434768677, ""n_init_feats"": 18, ""n_added_feats"": 10, ""initial_metric"": null, ""final_metric"": 0.46923225894337284, ""pct_gain"": 0.2723169289013942}"
49,tic-tac-toe,openml_task,amlb,classification,tabularaml,4,4500,766,192,9,14,5,0.9985671641791045,binary_roc_auc,True,1.0,-0.0014328358208954839,883.2903738021851,0.03732776641845703,891.5297830104828,356.74609375,1958,ok,,0.2.0,"{""mode"": ""best"", ""elapsed_time"": 882.8217828273773, ""n_init_feats"": 9, ""n_added_feats"": 5, ""initial_metric"": null, ""final_metric"": 0.9996267286692818, ""pct_gain"": 0.0035565953065987703}"
49,tic-tac-toe,openml_task,amlb,classification,tabularaml,2,4500,766,192,9,14,5,0.9997611940298508,binary_roc_auc,True,0.9992835820895524,0.0004779543553589392,905.782665014267,0.036287546157836914,909.7934472560883,352.6796875,1184,ok,,0.2.0,"{""mode"": ""best"", ""elapsed_time"": 905.2797462940216, ""n_init_feats"": 9, ""n_added_feats"": 5, ""initial_metric"": null, ""final_metric"": 0.9999074074074074, ""pct_gain"": 0.0016997242046286293}"
53,vehicle,openml_task,amlb,multiclass,tabularaml,1,4500,676,170,18,,,,,,,,,,936.5803549289703,,,crash,ValueError: Input X contains infinity or a value too large for dtype('float64').,0.2.0,
15,breast-w,openml_task,amlb,classification,tabularaml,1,4500,559,140,9,19,10,0.9836956521739131,binary_roc_auc,True,0.9827898550724636,0.0009216589861752889,945.0098798274994,0.03969836235046387,953.8863966464996,357.921875,104,ok,,0.2.0,"{""mode"": ""best"", ""elapsed_time"": 930.8256552219391, ""n_init_feats"": 9, ""n_added_feats"": 10, ""initial_metric"": null, ""final_metric"": 0.9981716322892794, ""pct_gain"": 0.006070500605070744}"
29,credit-approval,openml_task,amlb,classification,tabularaml,2,4500,552,138,15,23,8,0.9316585054289972,binary_roc_auc,True,0.93314881839472,-0.0015970796258270286,995.545708656311,0.06590151786804199,1001.3097596168518,347.67578125,91,ok,,0.2.0,"{""mode"": ""best"", ""elapsed_time"": 994.8979258537292, ""n_init_feats"": 15, ""n_added_feats"": 8, ""initial_metric"": null, ""final_metric"": 0.949944903581267, ""pct_gain"": 0.011593590545342418}"
49,tic-tac-toe,openml_task,amlb,classification,tabularaml,1,4500,766,192,9,15,6,0.9997611940298508,binary_roc_auc,True,1.0,-0.00023880597014924732,1037.9407975673676,0.04366278648376465,1043.2756345272064,351.22265625,536,ok,,0.2.0,"{""mode"": ""best"", ""elapsed_time"": 1037.3887457847595, ""n_init_feats"": 9, ""n_added_feats"": 6, ""initial_metric"": null, ""final_metric"": 0.999861111111111, ""pct_gain"": 0.0019214209545448686}"
53,vehicle,openml_task,amlb,multiclass,tabularaml,0,4500,676,170,18,28,10,0.5752669485203703,categorical_crossentropy,False,0.5467296974048675,-0.05219627038911366,1062.4517192840576,0.03059983253479004,1072.0135896205902,354.28515625,143,ok,,0.2.0,"{""mode"": ""best"", ""elapsed_time"": 1019.6501455307007, ""n_init_feats"": 18, ""n_added_feats"": 10, ""initial_metric"": null, ""final_metric"": 0.540663811390411, ""pct_gain"": 0.2254584453636586}"
43,spambase,openml_task,amlb,classification,tabularaml,0,4500,3680,921,57,58,1,0.9894052943906316,binary_roc_auc,True,0.9896965747405628,-0.00029431277965931695,1087.4777057170868,0.018558502197265625,1101.803962469101,413.67578125,390,ok,,0.2.0,"{""mode"": ""best"", ""elapsed_time"": 1085.2833895683289, ""n_init_feats"": 57, ""n_added_feats"": 1, ""initial_metric"": null, ""final_metric"": 0.9888212832085796, ""pct_gain"": 0.0009032271853302353}"
29,credit-approval,openml_task,amlb,classification,tabularaml,0,4500,552,138,15,26,11,0.9714711517990207,binary_roc_auc,True,0.9763678944006812,-0.005015263846489187,1132.0254516601562,0.08464765548706055,1135.5619394779205,352.55859375,68,ok,,0.2.0,"{""mode"": ""best"", ""elapsed_time"": 1131.4246883392334, ""n_init_feats"": 15, ""n_added_feats"": 11, ""initial_metric"": null, ""final_metric"": 0.9381046831955923, ""pct_gain"": 0.03694696242945328}"
23,cmc,openml_task,amlb,multiclass,tabularaml,2,4500,1178,295,9,13,4,0.9447967992495683,categorical_crossentropy,False,0.9421315007038036,-0.002829009054228234,1318.8572747707367,0.03596949577331543,1330.8789274692535,354.12109375,41,ok,,0.2.0,"{""mode"": ""best"", ""elapsed_time"": 1317.5740752220154, ""n_init_feats"": 9, ""n_added_feats"": 4, ""initial_metric"": null, ""final_metric"": 1.0160938461788844, ""pct_gain"": 0.01043865524689498}"
31,credit-g,openml_task,amlb,classification,tabularaml,2,4500,800,200,20,28,8,0.7738095238095238,binary_roc_auc,True,0.7966666666666666,-0.028690974297668786,1282.866768836975,0.0663306713104248,1375.5440139770508,351.43359375,23,ok,,0.2.0,"{""mode"": ""best"", ""elapsed_time"": 1282.1471371650696, ""n_init_feats"": 20, ""n_added_feats"": 8, ""initial_metric"": null, ""final_metric"": 0.7965134176208318, ""pct_gain"": 0.05945709303689633}"
29,credit-approval,openml_task,amlb,classification,tabularaml,1,4500,552,138,15,31,16,0.9304875452416437,binary_roc_auc,True,0.9358100915477966,-0.005687635081333241,1445.128335237503,0.07848310470581055,1448.8775751590729,352.20703125,49,ok,,0.2.0,"{""mode"": ""best"", ""elapsed_time"": 1444.5379223823547, ""n_init_feats"": 15, ""n_added_feats"": 16, ""initial_metric"": null, ""final_metric"": 0.9459944903581267, ""pct_gain"": 0.02376082925518045}"
31,credit-g,openml_task,amlb,classification,tabularaml,0,4500,800,200,20,32,12,0.7842857142857143,binary_roc_auc,True,0.780952380952381,0.004268292682926785,1445.5207726955414,0.06713557243347168,1464.8235478401184,352.34765625,90,ok,,0.2.0,"{""mode"": ""best"", ""elapsed_time"": 1444.8534457683563, ""n_init_feats"": 20, ""n_added_feats"": 12, ""initial_metric"": null, ""final_metric"": 0.8156880978795554, ""pct_gain"": 0.09211537287498898}"
3021,sick,openml_task,amlb,classification,tabularaml,0,4500,3017,755,27,28,1,0.9974244189611824,binary_roc_auc,True,0.9970258171337464,0.000399790878617275,818.758710861206,0.05126237869262695,823.077684879303,373.02734375,357,ok,,0.2.0,"{""mode"": ""best"", ""elapsed_time"": 817.0464217662811, ""n_init_feats"": 27, ""n_added_feats"": 1, ""initial_metric"": null, ""final_metric"": 0.9975914425348783, ""pct_gain"": 0.0025212935013552815}"
3549,analcatdata_authorship,openml_task,amlb,multiclass,tabularaml,2,4500,672,169,70,71,1,0.044909879025698714,categorical_crossentropy,False,0.0449263194505987,0.0003659419489742023,304.58170676231384,0.01428842544555664,310.65360498428345,346.08203125,328,ok,,0.2.0,"{""mode"": ""best"", ""elapsed_time"": 302.52013540267944, ""n_init_feats"": 70, ""n_added_feats"": 1, ""initial_metric"": null, ""final_metric"": 0.02501956912104174, ""pct_gain"": -0.06954014210743417}"
29,credit-approval,openml_task,amlb,classification,tabularaml,4,4500,552,138,15,27,12,0.9380455609963807,binary_roc_auc,True,0.92931658505429,0.009392898052691823,1747.442608833313,0.04821419715881348,1752.3478591442108,354.12890625,210,ok,,0.2.0,"{""mode"": ""best"", ""elapsed_time"": 1746.9881391525269, ""n_init_feats"": 15, ""n_added_feats"": 12, ""initial_metric"": null, ""final_metric"": 0.9460000000000001, ""pct_gain"": 0.013836757602164391}"
3021,sick,openml_task,amlb,classification,tabularaml,3,4500,3017,755,27,30,3,0.9936223707610228,binary_roc_auc,True,0.9941742809836268,-0.0005551443375280038,996.9742341041565,0.059118032455444336,1017.4960427284241,391.421875,135,ok,,0.2.0,"{""mode"": ""best"", ""elapsed_time"": 995.2326788902283, ""n_init_feats"": 27, ""n_added_feats"": 3, ""initial_metric"": null, ""final_metric"": 0.9973201070793284, ""pct_gain"": 0.0003835809617571862}"
18,mfeat-morphological,openml_task,amlb,multiclass,tabularaml,3,4500,1600,400,6,9,3,0.6574890864128247,categorical_crossentropy,False,0.6498038967303,-0.01182693689772432,1809.4462616443634,0.008751392364501953,1821.793307542801,376.625,108,ok,,0.2.0,"{""mode"": ""best"", ""elapsed_time"": 1805.2425615787506, ""n_init_feats"": 6, ""n_added_feats"": 3, ""initial_metric"": null, ""final_metric"": 1.2361943083089566, ""pct_gain"": 0.0628830057890605}"
43,spambase,openml_task,amlb,classification,tabularaml,3,4500,3680,921,57,59,2,0.9880278839223121,binary_roc_auc,True,0.988432714239166,-0.00040956790585944166,1841.3208236694336,0.017709970474243164,1853.998217344284,426.63671875,263,ok,,0.2.0,"{""mode"": ""best"", ""elapsed_time"": 1839.3362317085266, ""n_init_feats"": 57, ""n_added_feats"": 2, ""initial_metric"": null, ""final_metric"": 0.9877154915854607, ""pct_gain"": 0.0038728404699026053}"
18,mfeat-morphological,openml_task,amlb,multiclass,tabularaml,1,4500,1600,400,6,16,10,0.6413502566842362,categorical_crossentropy,False,0.6376916209072806,-0.0057373119812209935,1958.6547875404358,0.026239395141601562,1973.145988702774,381.42578125,89,ok,,0.2.0,"{""mode"": ""best"", ""elapsed_time"": 1858.1053400039673, ""n_init_feats"": 6, ""n_added_feats"": 10, ""initial_metric"": null, ""final_metric"": 1.2604357047352601, ""pct_gain"": 0.028729332807355585}"
3,kr-vs-kp,openml_task,amlb,classification,tabularaml,3,4500,2556,640,36,37,1,0.9997847442370162,binary_roc_auc,True,0.9998140972956048,-2.9358516416131445e-05,2006.3829433918,0.07413983345031738,2020.2157847881317,433.65234375,228,ok,,0.2.0,"{""mode"": ""best"", ""elapsed_time"": 2004.6910707950592, ""n_init_feats"": 36, ""n_added_feats"": 1, ""initial_metric"": null, ""final_metric"": 0.999895145223865, ""pct_gain"": 0.0005905006179976437}"
2079,eucalyptus,openml_task,amlb,multiclass,tabularaml,0,4500,588,148,19,26,7,0.8094374765641987,categorical_crossentropy,False,0.7780714539206914,-0.04031252205109741,1543.8386626243591,0.03807783126831055,1555.399270772934,360.3359375,98,ok,,0.2.0,"{""mode"": ""best"", ""elapsed_time"": 1542.0371351242065, ""n_init_feats"": 19, ""n_added_feats"": 7, ""initial_metric"": null, ""final_metric"": 1.005039301699716, ""pct_gain"": 0.09218336068509567}"
2079,eucalyptus,openml_task,amlb,multiclass,tabularaml,3,4500,588,148,19,33,14,0.8110611047595739,categorical_crossentropy,False,0.8071265703042012,-0.00487474282241734,1624.106498003006,0.04544997215270996,1630.3895552158356,357.58203125,75,ok,,0.2.0,"{""mode"": ""best"", ""elapsed_time"": 1622.5448989868164, ""n_init_feats"": 19, ""n_added_feats"": 14, ""initial_metric"": null, ""final_metric"": 1.0219806881276934, ""pct_gain"": 0.08491417522069002}"
53,vehicle,openml_task,amlb,multiclass,tabularaml,3,4500,676,170,18,,,,,,,,,,2336.1682126522064,,,crash,ValueError: Input X contains infinity or a value too large for dtype('float64').,0.2.0,
3560,analcatdata_dmft,openml_task,amlb,multiclass,tabularaml,3,4500,637,160,4,4,0,1.8009421963244676,categorical_crossentropy,False,1.8009421963244676,-0.0,556.5173342227936,0.008139848709106445,560.633857011795,342.171875,38,ok,,0.2.0,"{""mode"": ""best"", ""elapsed_time"": 555.5088453292847, ""n_init_feats"": 4, ""n_added_feats"": 0, ""initial_metric"": null, ""final_metric"": 1.9952325055071642, ""pct_gain"": 0.0008931037281306272}"
2079,eucalyptus,openml_task,amlb,multiclass,tabularaml,4,4500,588,148,19,37,18,0.7495623359494414,categorical_crossentropy,False,0.7692907303068284,0.025644913658999048,1688.7323644161224,0.059221744537353516,1709.2631151676178,360.76171875,97,ok,,0.2.0,"{""mode"": ""best"", ""elapsed_time"": 1651.3176474571228, ""n_init_feats"": 19, ""n_added_feats"": 18, ""initial_metric"": null, ""final_metric"": 0.9305784374399557, ""pct_gain"": 0.10330690316656457}"
3560,analcatdata_dmft,openml_task,amlb,multiclass,tabularaml,2,4500,637,160,4,5,1,1.7422587022185325,categorical_crossentropy,False,1.7418013997375963,-0.00026254570756753385,635.1821904182434,0.016578197479248047,638.8548521995544,345.828125,26,ok,,0.2.0,"{""mode"": ""best"", ""elapsed_time"": 634.1049728393555, ""n_init_feats"": 4, ""n_added_feats"": 1, ""initial_metric"": null, ""final_metric"": 2.0047191342197292, ""pct_gain"": 0.003994716781725203}"
3560,analcatdata_dmft,openml_task,amlb,multiclass,tabularaml,1,4500,637,160,4,6,2,1.779539629071951,categorical_crossentropy,False,1.7768973022699357,-0.0014870453113073913,818.3556425571442,0.019826173782348633,837.9626903533936,345.53125,11,ok,,0.2.0,"{""mode"": ""best"", ""elapsed_time"": 817.3060874938965, ""n_init_feats"": 4, ""n_added_feats"": 2, ""initial_metric"": null, ""final_metric"": 1.9399698721812981, ""pct_gain"": 0.020480180732098376}"
43,spambase,openml_task,amlb,classification,tabularaml,2,4500,3680,921,57,60,3,0.9890942662203659,binary_roc_auc,True,0.989247311827957,-0.00015470914680405367,2513.1058926582336,0.02011561393737793,2534.725891828537,448.8203125,375,ok,,0.2.0,"{""mode"": ""best"", ""elapsed_time"": 2511.0765357017517, ""n_init_feats"": 57, ""n_added_feats"": 3, ""initial_metric"": null, ""final_metric"": 0.9861442538861894, ""pct_gain"": 0.0009400289237577737}"
3902,pc4,openml_task,amlb,classification,tabularaml,2,4500,1166,292,37,,,,,,,,,,293.91646099090576,,,crash,ValueError: Input X contains infinity or a value too large for dtype('float64').,0.2.0,
3021,sick,openml_task,amlb,classification,tabularaml,1,4500,3017,755,27,37,10,0.9872447415220457,binary_roc_auc,True,0.9905868645367022,-0.0033738818212773703,1984.7894265651703,0.08565115928649902,1988.6266374588013,414.27734375,183,ok,,0.2.0,"{""mode"": ""best"", ""elapsed_time"": 1982.9234340190887, ""n_init_feats"": 27, ""n_added_feats"": 10, ""initial_metric"": null, ""final_metric"": 0.9968468444852631, ""pct_gain"": 0.0006568535264018132}"
3560,analcatdata_dmft,openml_task,amlb,multiclass,tabularaml,4,4500,637,160,4,9,5,1.7984298408031463,categorical_crossentropy,False,1.806726309657097,0.004591989837976755,941.4496774673462,0.042926788330078125,944.8095726966858,344.28515625,19,ok,,0.2.0,"{""mode"": ""best"", ""elapsed_time"": 940.2757081985474, ""n_init_feats"": 4, ""n_added_feats"": 5, ""initial_metric"": null, ""final_metric"": 1.9400444649942852, ""pct_gain"": 0.030849047875014853}"
3560,analcatdata_dmft,openml_task,amlb,multiclass,tabularaml,0,4500,637,160,4,5,1,1.7851254597306252,categorical_crossentropy,False,1.7749564833939075,-0.005729141210985339,1292.082835674286,0.01304006576538086,1295.7494060993195,349.0,11,ok,,0.2.0,"{""mode"": ""best"", ""elapsed_time"": 1291.3522078990936, ""n_init_feats"": 4, ""n_added_feats"": 1, ""initial_metric"": null, ""final_metric"": 1.9350485484827271, ""pct_gain"": 0.026702319655187278}"
53,vehicle,openml_task,amlb,multiclass,tabularaml,2,4500,676,170,18,42,24,0.533939573919291,categorical_crossentropy,False,0.6314152051716091,0.15437643955030456,2777.1575634479523,0.05710458755493164,2783.6243555545807,356.8046875,142,ok,,0.2.0,"{""mode"": ""best"", ""elapsed_time"": 2706.2224168777466, ""n_init_feats"": 18, ""n_added_feats"": 24, ""initial_metric"": null, ""final_metric"": 0.5285561781182967, ""pct_gain"": 0.25446007066736825}"
2079,eucalyptus,openml_task,amlb,multiclass,tabularaml,2,4500,588,148,19,34,15,0.8537807795596687,categorical_crossentropy,False,0.8031549006952224,-0.06303376698644778,2239.3549361228943,0.04863715171813965,2246.436978816986,359.30078125,61,ok,,0.2.0,"{""mode"": ""best"", ""elapsed_time"": 2206.766369342804, ""n_init_feats"": 19, ""n_added_feats"": 15, ""initial_metric"": null, ""final_metric"": 0.9603793409834248, ""pct_gain"": 0.058043929557932944}"
3902,pc4,openml_task,amlb,classification,tabularaml,3,4500,1166,292,37,,,,,,,,,,429.5210933685303,,,crash,ValueError: Input X contains infinity or a value too large for dtype('float64').,0.2.0,
43,spambase,openml_task,amlb,classification,tabularaml,4,4500,3680,921,57,60,3,0.9850212782764103,binary_roc_auc,True,0.984739871836646,0.0002857672851607108,3006.2436561584473,0.01931452751159668,3013.2672638893127,472.50390625,208,ok,,0.2.0,"{""mode"": ""best"", ""elapsed_time"": 3004.0770580768585, ""n_init_feats"": 57, ""n_added_feats"": 3, ""initial_metric"": null, ""final_metric"": 0.9894589640619801, ""pct_gain"": 0.0026288387268969733}"
2079,eucalyptus,openml_task,amlb,multiclass,tabularaml,1,4500,588,148,19,46,27,0.7839195436949061,categorical_crossentropy,False,0.7836373721444476,-0.00036007924135412117,2610.6870951652527,0.06348156929016113,2621.213944911957,362.56640625,73,ok,,0.2.0,"{""mode"": ""best"", ""elapsed_time"": 2550.962546348572, ""n_init_feats"": 19, ""n_added_feats"": 27, ""initial_metric"": null, ""final_metric"": 0.9600152937233567, ""pct_gain"": 0.15666600884865567}"
2074,satimage,openml_task,amlb,multiclass,tabularaml,4,4500,5144,1286,36,42,6,0.22306712291999245,categorical_crossentropy,False,0.2199722922022279,-0.014069184290353176,2695.7380723953247,0.021081209182739258,2717.4629719257355,400.4765625,221,ok,,0.2.0,"{""mode"": ""best"", ""elapsed_time"": 2683.0571179389954, ""n_init_feats"": 36, ""n_added_feats"": 6, ""initial_metric"": null, ""final_metric"": 0.3443545794006753, ""pct_gain"": 0.059631487938529855}"
3549,analcatdata_authorship,openml_task,amlb,multiclass,tabularaml,0,4500,672,169,70,96,26,0.05536427233246232,categorical_crossentropy,False,0.0421163962606151,-0.3145538851394058,2060.8839354515076,0.07134461402893066,2084.7743310928345,363.0546875,517,ok,,0.2.0,"{""mode"": ""best"", ""elapsed_time"": 2021.351856470108, ""n_init_feats"": 70, ""n_added_feats"": 26, ""initial_metric"": null, ""final_metric"": 0.02527702871271543, ""pct_gain"": 0.3514382373761681}"
219,electricity,openml_task,amlb,classification,tabularaml,0,4500,36249,9063,8,31,23,0.9938250349324175,binary_roc_auc,True,0.9848471046457624,0.009116065066652461,3203.3347446918488,0.29467082023620605,3247.5708813667297,593.67578125,1751,ok,,0.2.0,"{""mode"": ""best"", ""elapsed_time"": 2574.854606628418, ""n_init_feats"": 8, ""n_added_feats"": 23, ""initial_metric"": null, ""final_metric"": 0.9848546848500741, ""pct_gain"": 0.03586574563621397}"
3902,pc4,openml_task,amlb,classification,tabularaml,0,4500,1166,292,37,44,7,0.9267578125,binary_roc_auc,True,0.9319661458333331,-0.005588543485853802,967.3487644195557,0.020146608352661133,971.1852812767029,365.4609375,47,ok,,0.2.0,"{""mode"": ""best"", ""elapsed_time"": 966.4198911190033, ""n_init_feats"": 37, ""n_added_feats"": 7, ""initial_metric"": null, ""final_metric"": 0.9509682455030279, ""pct_gain"": 0.01418679006731417}"
31,credit-g,openml_task,amlb,classification,tabularaml,4,4500,800,200,20,53,33,0.7527380952380953,binary_roc_auc,True,0.7635714285714286,-0.014187714374805005,3311.8375194072723,0.13998961448669434,3322.7212586402893,356.26953125,26,ok,,0.2.0,"{""mode"": ""best"", ""elapsed_time"": 3310.956759929657, ""n_init_feats"": 20, ""n_added_feats"": 33, ""initial_metric"": null, ""final_metric"": 0.8062500052330815, ""pct_gain"": 0.036667280968416385}"
3913,kc2,openml_task,amlb,classification,tabularaml,1,4500,417,105,21,,,,,,,,,,168.92596435546875,,,crash,ValueError: Input X contains infinity or a value too large for dtype('float64').,0.2.0,
3549,analcatdata_authorship,openml_task,amlb,multiclass,tabularaml,4,4500,672,169,70,75,5,0.028386306518860323,categorical_crossentropy,False,0.030129638558547,0.057861033954957265,2029.603547334671,0.026205778121948242,2034.296688079834,357.64453125,643,ok,,0.2.0,"{""mode"": ""best"", ""elapsed_time"": 2027.5475113391876, ""n_init_feats"": 70, ""n_added_feats"": 5, ""initial_metric"": null, ""final_metric"": 0.015025763760359478, ""pct_gain"": 0.4194218423514911}"
3902,pc4,openml_task,amlb,classification,tabularaml,4,4500,1166,292,37,46,9,0.9618055555555556,binary_roc_auc,True,0.9645182291666666,-0.002812464844189384,1061.3416059017181,0.030083417892456055,1072.0139186382294,360.0546875,63,ok,,0.2.0,"{""mode"": ""best"", ""elapsed_time"": 1060.3820366859436, ""n_init_feats"": 37, ""n_added_feats"": 9, ""initial_metric"": null, ""final_metric"": 0.9505245412636716, ""pct_gain"": 0.03342069541018687}"
18,mfeat-morphological,openml_task,amlb,multiclass,tabularaml,0,4500,1600,400,6,11,5,0.7092385880823713,categorical_crossentropy,False,0.7048181116237537,-0.0062717974832310775,3613.1983053684235,0.008765935897827148,3621.4899656772614,382.97265625,149,ok,,0.2.0,"{""mode"": ""best"", ""elapsed_time"": 3609.9909660816193, ""n_init_feats"": 6, ""n_added_feats"": 5, ""initial_metric"": null, ""final_metric"": 1.2295740368996473, ""pct_gain"": 0.05657485191980305}"
45,splice,openml_task,amlb,multiclass,tabularaml,0,4500,2552,638,60,85,25,0.11536060455211247,categorical_crossentropy,False,0.1046484339243088,-0.10236341076591444,3610.5307660102844,0.19660210609436035,3623.4483621120453,411.6015625,395,ok,,0.2.0,"{""mode"": ""best"", ""elapsed_time"": 3605.6692435741425, ""n_init_feats"": 60, ""n_added_feats"": 25, ""initial_metric"": null, ""final_metric"": 0.10256941810753943, ""pct_gain"": 0.11295867935518757}"
45,splice,openml_task,amlb,multiclass,tabularaml,3,4500,2552,638,60,79,19,0.11126646084264272,categorical_crossentropy,False,0.0994523165693786,-0.11879204709145706,3608.953159093857,0.19003844261169434,3624.3438925743103,406.3203125,139,ok,,0.2.0,"{""mode"": ""best"", ""elapsed_time"": 3604.333285331726, ""n_init_feats"": 60, ""n_added_feats"": 19, ""initial_metric"": null, ""final_metric"": 0.11913275996287731, ""pct_gain"": 0.10932207750229565}"
45,splice,openml_task,amlb,multiclass,tabularaml,4,4500,2552,638,60,75,15,0.09709006552440547,categorical_crossentropy,False,0.0861480936204954,-0.12701351178021744,3618.105370759964,0.16026711463928223,3624.7742173671722,410.609375,249,ok,,0.2.0,"{""mode"": ""best"", ""elapsed_time"": 3613.7551782131195, ""n_init_feats"": 60, ""n_added_feats"": 15, ""initial_metric"": null, ""final_metric"": 0.11162247521519748, ""pct_gain"": 0.09006609051951442}"
31,credit-g,openml_task,amlb,classification,tabularaml,1,4500,800,200,20,54,34,0.7976190476190476,binary_roc_auc,True,0.8394047619047619,-0.04978017302510286,3635.747303724289,0.14583230018615723,3639.1019876003265,368.62890625,50,ok,,0.2.0,"{""mode"": ""best"", ""elapsed_time"": 3628.889974832535, ""n_init_feats"": 20, ""n_added_feats"": 34, ""initial_metric"": null, ""final_metric"": 0.7848646201829483, ""pct_gain"": 0.0519356971674751}"
28,optdigits,openml_task,amlb,multiclass,tabularaml,0,4500,4496,1124,62,69,7,0.08097689746569592,categorical_crossentropy,False,0.0808949262032252,-0.0010133053618811983,3627.733838558197,0.023516416549682617,3644.5498967170715,462.90234375,1033,ok,,0.2.0,"{""mode"": ""best"", ""elapsed_time"": 3615.891066789627, ""n_init_feats"": 62, ""n_added_feats"": 7, ""initial_metric"": null, ""final_metric"": 0.07640517025841884, ""pct_gain"": 0.14262808318039222}"
45,splice,openml_task,amlb,multiclass,tabularaml,2,4500,2552,638,60,77,17,0.1086387016481941,categorical_crossentropy,False,0.0940442677122384,-0.15518685286180892,3648.9606397151947,0.19034767150878906,3657.7097051143646,422.51953125,274,ok,,0.2.0,"{""mode"": ""best"", ""elapsed_time"": 3643.9418325424194, ""n_init_feats"": 60, ""n_added_feats"": 17, ""initial_metric"": null, ""final_metric"": 0.11636993472505616, ""pct_gain"": 0.1088477267605049}"
31,credit-g,openml_task,amlb,classification,tabularaml,3,4500,800,200,20,58,38,0.7871428571428571,binary_roc_auc,True,0.771547619047619,0.02021293010337912,3655.518451690674,0.16133785247802734,3659.906294107437,361.86328125,52,ok,,0.2.0,"{""mode"": ""best"", ""elapsed_time"": 3629.4496908187866, ""n_init_feats"": 20, ""n_added_feats"": 38, ""initial_metric"": null, ""final_metric"": 0.8104126180059869, ""pct_gain"": 0.05500560726002956}"
45,splice,openml_task,amlb,multiclass,tabularaml,1,4500,2552,638,60,80,20,0.10172729301436183,categorical_crossentropy,False,0.1092760932905374,0.0690800709365152,3611.4459974765778,0.20314335823059082,3667.3055040836334,415.73828125,367,ok,,0.2.0,"{""mode"": ""best"", ""elapsed_time"": 3606.6781673431396, ""n_init_feats"": 60, ""n_added_feats"": 20, ""initial_metric"": null, ""final_metric"": 0.11891578255177304, ""pct_gain"": 0.09097489255897846}"
22,mfeat-zernike,openml_task,amlb,multiclass,tabularaml,3,4500,1600,400,47,48,1,0.5889517015521415,categorical_crossentropy,False,0.5725240226939786,-0.028693431553951893,3671.5135655403137,0.012653112411499023,3686.5921478271484,379.58203125,129,ok,,0.2.0,"{""mode"": ""best"", ""elapsed_time"": 3652.1265907287598, ""n_init_feats"": 47, ""n_added_feats"": 1, ""initial_metric"": null, ""final_metric"": 0.9819735469529984, ""pct_gain"": 0.05348421343129593}"
16,mfeat-karhunen,openml_task,amlb,multiclass,tabularaml,1,4500,1600,400,64,66,2,0.2138653252178483,categorical_crossentropy,False,0.2112247165216104,-0.01250141905607779,3682.165152311325,0.011362552642822266,3697.9108254909515,382.4609375,435,ok,,0.2.0,"{""mode"": ""best"", ""elapsed_time"": 3653.3381266593933, ""n_init_feats"": 64, ""n_added_feats"": 2, ""initial_metric"": null, ""final_metric"": 0.19466338346180456, ""pct_gain"": 0.05173319050266712}"
14,mfeat-fourier,openml_task,amlb,multiclass,tabularaml,4,4500,1600,400,76,82,6,0.3865011940797558,categorical_crossentropy,False,0.3853119794256054,-0.0030863682357428588,3682.8588395118713,0.015060186386108398,3699.6573317050934,386.47265625,170,ok,,0.2.0,"{""mode"": ""best"", ""elapsed_time"": 3659.964014530182, ""n_init_feats"": 76, ""n_added_feats"": 6, ""initial_metric"": null, ""final_metric"": 0.6721166439572814, ""pct_gain"": 0.053168854384935106}"
22,mfeat-zernike,openml_task,amlb,multiclass,tabularaml,0,4500,1600,400,47,53,6,0.6181898843945237,categorical_crossentropy,False,0.5969461210348527,-0.03558740497859894,3699.107008934021,0.02092909812927246,3714.514811038971,383.2109375,179,ok,,0.2.0,"{""mode"": ""best"", ""elapsed_time"": 3683.0281567573547, ""n_init_feats"": 47, ""n_added_feats"": 6, ""initial_metric"": null, ""final_metric"": 0.9733119699172279, ""pct_gain"": 0.03638296955974898}"
16,mfeat-karhunen,openml_task,amlb,multiclass,tabularaml,4,4500,1600,400,64,69,5,0.1463652674217883,categorical_crossentropy,False,0.1454845102554827,-0.006053958354459238,3687.2515046596527,0.01568150520324707,3714.929960012436,408.26171875,1053,ok,,0.2.0,"{""mode"": ""best"", ""elapsed_time"": 3662.549571752548, ""n_init_feats"": 64, ""n_added_feats"": 5, ""initial_metric"": null, ""final_metric"": 0.21079182489309298, ""pct_gain"": 0.022426480387011567}"
14,mfeat-fourier,openml_task,amlb,multiclass,tabularaml,1,4500,1600,400,76,79,3,0.4482620563567616,categorical_crossentropy,False,0.4621155407160404,0.029978399639650846,3695.1881568431854,0.018343210220336914,3717.227997779846,391.765625,208,ok,,0.2.0,"{""mode"": ""best"", ""elapsed_time"": 3668.1867570877075, ""n_init_feats"": 76, ""n_added_feats"": 3, ""initial_metric"": null, ""final_metric"": 0.6907788315691119, ""pct_gain"": 0.023329797761690675}"
14,mfeat-fourier,openml_task,amlb,multiclass,tabularaml,0,4500,1600,400,76,79,3,0.4506255283288192,categorical_crossentropy,False,0.4540254864003509,0.007488474046881343,3706.642829656601,0.017851591110229492,3729.761710882187,391.3359375,172,ok,,0.2.0,"{""mode"": ""best"", ""elapsed_time"": 3679.8672907352448, ""n_init_feats"": 76, ""n_added_feats"": 3, ""initial_metric"": null, ""final_metric"": 0.7015706086897824, ""pct_gain"": 0.009478723888348733}"
14,mfeat-fourier,openml_task,amlb,multiclass,tabularaml,2,4500,1600,400,76,81,5,0.457067805865081,categorical_crossentropy,False,0.4500774758253829,-0.015531392738280842,3700.2370703220367,0.01939225196838379,3734.3800473213196,386.06640625,193,ok,,0.2.0,"{""mode"": ""best"", ""elapsed_time"": 3672.9981331825256, ""n_init_feats"": 76, ""n_added_feats"": 5, ""initial_metric"": null, ""final_metric"": 0.6526545237303418, ""pct_gain"": 0.0458266550738524}"
6,letter,openml_task,amlb,multiclass,tabularaml,3,4500,16000,4000,16,19,3,0.11381362098353225,categorical_crossentropy,False,0.1114786534835386,-0.020945422527358048,3684.3799879550934,0.011411190032958984,3743.967955350876,623.9453125,954,ok,,0.2.0,"{""mode"": ""best"", ""elapsed_time"": 3637.395742893219, ""n_init_feats"": 16, ""n_added_feats"": 3, ""initial_metric"": null, ""final_metric"": 0.16903448925759776, ""pct_gain"": 0.009198860181443055}"
12,mfeat-factors,openml_task,amlb,multiclass,tabularaml,2,4500,1600,400,216,225,9,0.18132881230907516,categorical_crossentropy,False,0.1873058910931286,0.03191078907967514,3725.53742146492,0.325366735458374,3746.3238945007324,408.52734375,233,ok,,0.2.0,"{""mode"": ""best"", ""elapsed_time"": 3688.113988876343, ""n_init_feats"": 216, ""n_added_feats"": 9, ""initial_metric"": null, ""final_metric"": 0.12247706138917007, ""pct_gain"": 0.08603671501399694}"
22,mfeat-zernike,openml_task,amlb,multiclass,tabularaml,1,4500,1600,400,47,50,3,0.5158986822946463,categorical_crossentropy,False,0.5164577047753847,0.001082416770181569,3738.871907234192,0.01243734359741211,3757.521304368973,382.66796875,134,ok,,0.2.0,"{""mode"": ""best"", ""elapsed_time"": 3725.420601606369, ""n_init_feats"": 47, ""n_added_feats"": 3, ""initial_metric"": null, ""final_metric"": 0.9726666273539492, ""pct_gain"": 0.06400227345605825}"
3913,kc2,openml_task,amlb,classification,tabularaml,4,4500,417,105,21,28,7,0.7787513691128148,binary_roc_auc,True,0.7453450164293538,0.044819985304922746,422.04030299186707,0.01935601234436035,430.06501173973083,346.12109375,94,ok,,0.2.0,"{""mode"": ""best"", ""elapsed_time"": 421.6865670681, ""n_init_feats"": 21, ""n_added_feats"": 7, ""initial_metric"": null, ""final_metric"": 0.8403319209039548, ""pct_gain"": 0.08059289884050373}"
16,mfeat-karhunen,openml_task,amlb,multiclass,tabularaml,2,4500,1600,400,64,72,8,0.2628000000659449,categorical_crossentropy,False,0.2432991419671816,-0.08015177505802194,3673.638298034668,0.02829265594482422,3758.9840602874756,386.3125,606,ok,,0.2.0,"{""mode"": ""best"", ""elapsed_time"": 3645.667729139328, ""n_init_feats"": 64, ""n_added_feats"": 8, ""initial_metric"": null, ""final_metric"": 0.178431737809767, ""pct_gain"": 0.06299750019247294}"
12,mfeat-factors,openml_task,amlb,multiclass,tabularaml,1,4500,1600,400,216,219,3,0.1375277732763061,categorical_crossentropy,False,0.133391617375164,-0.031007614890140863,3730.5800852775574,0.03518509864807129,3759.9863498210907,400.3671875,418,ok,,0.2.0,"{""mode"": ""best"", ""elapsed_time"": 3691.5808494091034, ""n_init_feats"": 216, ""n_added_feats"": 3, ""initial_metric"": null, ""final_metric"": 0.14493538153833968, ""pct_gain"": 0.03130473687146737}"
3903,pc3,openml_task,amlb,classification,tabularaml,0,4500,1250,313,37,44,7,0.8342415480427047,binary_roc_auc,True,0.8294595195729537,0.005765234296440381,1241.022456407547,0.034767866134643555,1247.5288033485413,371.60546875,47,ok,,0.2.0,"{""mode"": ""best"", ""elapsed_time"": 1148.0469613075256, ""n_init_feats"": 37, ""n_added_feats"": 7, ""initial_metric"": null, ""final_metric"": 0.8301980198019802, ""pct_gain"": 0.025251853705855434}"
6,letter,openml_task,amlb,multiclass,tabularaml,0,4500,16000,4000,16,19,3,0.11674679338936284,categorical_crossentropy,False,0.1144544498559661,-0.02002843520965332,3703.277782201767,0.014218568801879883,3789.940360546112,708.1640625,1525,ok,,0.2.0,"{""mode"": ""best"", ""elapsed_time"": 3648.6426417827606, ""n_init_feats"": 16, ""n_added_feats"": 3, ""initial_metric"": null, ""final_metric"": 0.1669593794763608, ""pct_gain"": 0.03447512482878634}"
16,mfeat-karhunen,openml_task,amlb,multiclass,tabularaml,0,4500,1600,400,64,71,7,0.14671118645306705,categorical_crossentropy,False,0.1403231967356623,-0.04552340501077887,3794.890262365341,0.013712882995605469,3817.9577922821045,399.93359375,745,ok,,0.2.0,"{""mode"": ""best"", ""elapsed_time"": 3772.622658252716, ""n_init_feats"": 64, ""n_added_feats"": 7, ""initial_metric"": null, ""final_metric"": 0.17790194048356123, ""pct_gain"": 0.11322349869482255}"
6,letter,openml_task,amlb,multiclass,tabularaml,2,4500,16000,4000,16,18,2,0.12233768497574363,categorical_crossentropy,False,0.1187257047769728,-0.030422899620229284,3742.8978984355927,0.011342525482177734,3834.004235267639,720.125,1635,ok,,0.2.0,"{""mode"": ""best"", ""elapsed_time"": 3689.832457304001, ""n_init_feats"": 16, ""n_added_feats"": 2, ""initial_metric"": null, ""final_metric"": 0.17168345258087825, ""pct_gain"": 0.014469323678124556}"
3021,sick,openml_task,amlb,classification,tabularaml,2,4500,3017,755,27,30,3,0.9966272153063102,binary_roc_auc,True,0.9960139817256392,0.0006156877231869248,3161.398437976837,0.0592038631439209,3172.0133714675903,449.9375,136,ok,,0.2.0,"{""mode"": ""best"", ""elapsed_time"": 3159.6855130195618, ""n_init_feats"": 27, ""n_added_feats"": 3, ""initial_metric"": null, ""final_metric"": 0.9975477562931859, ""pct_gain"": 0.004827905295934657}"
3913,kc2,openml_task,amlb,classification,tabularaml,3,4500,417,105,21,37,16,0.8162650602409639,binary_roc_auc,True,0.8628148959474261,-0.053951126626467776,608.2896418571472,0.05043196678161621,610.8541641235352,354.69921875,17,ok,,0.2.0,"{""mode"": ""best"", ""elapsed_time"": 578.1040387153625, ""n_init_feats"": 21, ""n_added_feats"": 16, ""initial_metric"": null, ""final_metric"": 0.7676996233521658, ""pct_gain"": 0.01472116515218551}"
3549,analcatdata_authorship,openml_task,amlb,multiclass,tabularaml,3,4500,672,169,70,79,9,0.05142284067486793,categorical_crossentropy,False,0.0411401394917044,-0.24994327462688748,2528.972931623459,0.04190802574157715,2533.5811042785645,356.12890625,546,ok,,0.2.0,"{""mode"": ""best"", ""elapsed_time"": 2484.5014066696167, ""n_init_feats"": 70, ""n_added_feats"": 9, ""initial_metric"": null, ""final_metric"": 0.039563175676593475, ""pct_gain"": 0.02778454143223317}"
2074,satimage,openml_task,amlb,multiclass,tabularaml,2,4500,5144,1286,36,45,9,0.2025831582907291,categorical_crossentropy,False,0.2028284293113103,0.00120925366041632,3638.8417110443115,0.02264261245727539,3662.4714827537537,419.4140625,249,ok,,0.2.0,"{""mode"": ""best"", ""elapsed_time"": 3626.5498814582825, ""n_init_feats"": 36, ""n_added_feats"": 9, ""initial_metric"": null, ""final_metric"": 0.32807247322103555, ""pct_gain"": 0.015517518923947243}"
6,letter,openml_task,amlb,multiclass,tabularaml,1,4500,16000,4000,16,22,6,0.12206356921934818,categorical_crossentropy,False,0.121318590357945,-0.006140681813110027,3945.1331284046173,0.01620030403137207,4015.749613761902,652.71875,1121,ok,,0.2.0,"{""mode"": ""best"", ""elapsed_time"": 3892.966810464859, ""n_init_feats"": 16, ""n_added_feats"": 6, ""initial_metric"": null, ""final_metric"": 0.16357871947934877, ""pct_gain"": 0.038258450507410315}"
6,letter,openml_task,amlb,multiclass,tabularaml,4,4500,16000,4000,16,20,4,0.11004742520403135,categorical_crossentropy,False,0.1190217557597538,0.0754007576046617,3971.9766256809235,0.013116598129272461,4030.412194252014,628.17578125,900,ok,,0.2.0,"{""mode"": ""best"", ""elapsed_time"": 3919.6747677326202, ""n_init_feats"": 16, ""n_added_feats"": 4, ""initial_metric"": null, ""final_metric"": 0.16258556552957526, ""pct_gain"": 0.050119251494706425}"
9952,phoneme,openml_task,amlb,classification,tabularaml,3,4500,4323,1081,5,13,8,0.9527102911787536,binary_roc_auc,True,0.9566989281054388,-0.004169166296218084,206.17317128181458,0.024940013885498047,239.98053073883057,366.640625,225,ok,,0.2.0,"{""mode"": ""best"", ""elapsed_time"": 200.87634181976318, ""n_init_feats"": 5, ""n_added_feats"": 8, ""initial_metric"": null, ""final_metric"": 0.9502795952364375, ""pct_gain"": 0.00838121551089455}"
3913,kc2,openml_task,amlb,classification,tabularaml,2,4500,417,105,21,36,15,0.8430996714129244,binary_roc_auc,True,0.8346111719605696,0.010170603674540663,815.5405197143555,0.055895090103149414,820.1013824939728,355.0,52,ok,,0.2.0,"{""mode"": ""best"", ""elapsed_time"": 783.2547283172607, ""n_init_feats"": 21, ""n_added_feats"": 15, ""initial_metric"": null, ""final_metric"": 0.7812716572504708, ""pct_gain"": 0.04856154705959272}"
3913,kc2,openml_task,amlb,classification,tabularaml,0,4500,417,105,21,43,22,0.7899780941949615,binary_roc_auc,True,0.7913472070098575,-0.0017301038062284976,923.6664698123932,0.07078194618225098,926.4245057106018,359.6328125,21,ok,,0.2.0,"{""mode"": ""best"", ""elapsed_time"": 902.083909034729, ""n_init_feats"": 21, ""n_added_feats"": 22, ""initial_metric"": null, ""final_metric"": 0.8408512241054614, ""pct_gain"": 0.038833042215526394}"
9957,qsar-biodeg,openml_task,amlb,classification,tabularaml,4,4500,844,211,41,,,,,,,,,,84.25175428390503,,,crash,ValueError: Input X contains infinity or a value too large for dtype('float64').,0.2.0,
3903,pc3,openml_task,amlb,classification,tabularaml,2,4500,1250,313,37,,,,,,,,,,1468.5102021694183,,,crash,ValueError: Input X contains infinity or a value too large for dtype('float64').,0.2.0,
9946,wdbc,openml_task,amlb,classification,tabularaml,4,4500,455,114,30,34,4,0.9814814814814815,binary_roc_auc,True,0.980820105820106,0.000674308833445527,381.23772859573364,0.010939836502075195,385.031950712204,349.18359375,257,ok,,0.2.0,"{""mode"": ""best"", ""elapsed_time"": 380.85801792144775, ""n_init_feats"": 30, ""n_added_feats"": 4, ""initial_metric"": null, ""final_metric"": 0.9961796331435799, ""pct_gain"": 0.0065014186580571115}"
2074,satimage,openml_task,amlb,multiclass,tabularaml,0,4500,5144,1286,36,48,12,0.22893229444865823,categorical_crossentropy,False,0.2278704557783035,-0.004659834758867532,4161.373502731323,0.025110483169555664,4169.2618932724,421.13671875,274,ok,,0.2.0,"{""mode"": ""best"", ""elapsed_time"": 3612.8288044929504, ""n_init_feats"": 36, ""n_added_feats"": 12, ""initial_metric"": null, ""final_metric"": 0.3404388692262055, ""pct_gain"": 0.03505930345409097}"
9946,wdbc,openml_task,amlb,classification,tabularaml,1,4500,455,114,30,35,5,0.9950396825396826,binary_roc_auc,True,0.9907407407407408,0.004339118825100081,504.7304747104645,0.014270782470703125,507.69117999076843,350.76953125,69,ok,,0.2.0,"{""mode"": ""best"", ""elapsed_time"": 504.22694993019104, ""n_init_feats"": 30, ""n_added_feats"": 5, ""initial_metric"": null, ""final_metric"": 0.9962555344718533, ""pct_gain"": 0.005092208486690254}"
9952,phoneme,openml_task,amlb,classification,tabularaml,2,4500,4323,1081,5,15,10,0.9572604753332122,binary_roc_auc,True,0.9559474457859184,0.0013735373770619307,463.59811449050903,0.013637304306030273,473.17363023757935,375.56640625,347,ok,,0.2.0,"{""mode"": ""best"", ""elapsed_time"": 444.1154236793518, ""n_init_feats"": 5, ""n_added_feats"": 10, ""initial_metric"": null, ""final_metric"": 0.9491965011963245, ""pct_gain"": 0.009137246661849924}"
9946,wdbc,openml_task,amlb,classification,tabularaml,3,4500,455,114,30,38,8,1.0,binary_roc_auc,True,0.9996693121693122,0.00033079722130330286,513.5987482070923,0.015380859375,523.5173308849335,347.7421875,375,ok,,0.2.0,"{""mode"": ""best"", ""elapsed_time"": 513.2311317920685, ""n_init_feats"": 30, ""n_added_feats"": 8, ""initial_metric"": null, ""final_metric"": 0.9934058288327737, ""pct_gain"": 0.008191210629511805}"
3918,pc1,openml_task,amlb,classification,tabularaml,4,4500,887,222,21,27,6,0.9056360708534622,binary_roc_auc,True,0.9175523349436392,-0.012987012987012828,654.972170829773,0.027448415756225586,664.6023826599121,355.91015625,26,ok,,0.2.0,"{""mode"": ""best"", ""elapsed_time"": 612.1028652191162, ""n_init_feats"": 21, ""n_added_feats"": 6, ""initial_metric"": null, ""final_metric"": 0.8754898889127076, ""pct_gain"": 0.07873014082842104}"
32,pendigits,openml_task,amlb,multiclass,tabularaml,4,4500,8793,2199,16,26,10,0.04249053667052509,categorical_crossentropy,False,0.0371480649701452,-0.14381561205606466,4308.605166435242,0.01719951629638672,4331.001477479935,480.32421875,943,ok,,0.2.0,"{""mode"": ""best"", ""elapsed_time"": 3632.888069629669, ""n_init_feats"": 16, ""n_added_feats"": 10, ""initial_metric"": null, ""final_metric"": 0.04632629058174701, ""pct_gain"": 0.1253327493183554}"
3904,jm1,openml_task,amlb,classification,tabularaml,0,4500,8708,2177,21,27,6,0.7504693781483506,binary_roc_auc,True,0.7482766923314161,0.0029303141998217996,1576.6813297271729,0.01965165138244629,1585.4699141979218,472.44140625,84,ok,,0.2.0,"{""mode"": ""best"", ""elapsed_time"": 1574.2042264938354, ""n_init_feats"": 21, ""n_added_feats"": 6, ""initial_metric"": null, ""final_metric"": 0.7465838553614159, ""pct_gain"": 0.017678210822933742}"
9952,phoneme,openml_task,amlb,classification,tabularaml,1,4500,4323,1081,5,8,3,0.9501791996300395,binary_roc_auc,True,0.9460047566353412,0.004412708250585892,577.110698223114,0.008186101913452148,582.7184340953827,377.625,393,ok,,0.2.0,"{""mode"": ""best"", ""elapsed_time"": 576.0147821903229, ""n_init_feats"": 5, ""n_added_feats"": 3, ""initial_metric"": null, ""final_metric"": 0.9490666064400584, ""pct_gain"": 0.009873843524581745}"
3918,pc1,openml_task,amlb,classification,tabularaml,0,4500,887,222,21,33,12,0.9254428341384863,binary_roc_auc,True,0.914975845410628,0.011439633931714115,736.952525138855,0.03407645225524902,744.7985391616821,356.84375,58,ok,,0.2.0,"{""mode"": ""best"", ""elapsed_time"": 702.7479472160339, ""n_init_feats"": 21, ""n_added_feats"": 12, ""initial_metric"": null, ""final_metric"": 0.8579872505208076, ""pct_gain"": 0.07308790975353514}"
9952,phoneme,openml_task,amlb,classification,tabularaml,0,4500,4323,1081,5,15,10,0.958152344459676,binary_roc_auc,True,0.9547252547607644,0.003589608300212349,619.4011781215668,0.02239370346069336,624.1334819793701,379.4375,301,ok,,0.2.0,"{""mode"": ""best"", ""elapsed_time"": 539.1392352581024, ""n_init_feats"": 5, ""n_added_feats"": 10, ""initial_metric"": null, ""final_metric"": 0.9495736420286631, ""pct_gain"": 0.013032103051897684}"
2074,satimage,openml_task,amlb,multiclass,tabularaml,1,4500,5144,1286,36,47,11,0.22516577818234657,categorical_crossentropy,False,0.218420771163655,-0.030880794819819483,4088.338266134262,0.021504640579223633,4095.659136533737,412.92578125,270,ok,,0.2.0,"{""mode"": ""best"", ""elapsed_time"": 3626.882609605789, ""n_init_feats"": 36, ""n_added_feats"": 11, ""initial_metric"": null, ""final_metric"": 0.3309789893655589, ""pct_gain"": 0.02181712201309943}"
3903,pc3,openml_task,amlb,classification,tabularaml,1,4500,1250,313,37,48,11,0.8271797153024911,binary_roc_auc,True,0.8307384341637011,-0.004283801874163306,1763.9709076881409,0.02864360809326172,1767.7821774482727,374.83984375,117,ok,,0.2.0,"{""mode"": ""best"", ""elapsed_time"": 1699.4202408790588, ""n_init_feats"": 37, ""n_added_feats"": 11, ""initial_metric"": null, ""final_metric"": 0.8605251829530779, ""pct_gain"": 0.06358073877255624}"
3904,jm1,openml_task,amlb,classification,tabularaml,3,4500,8708,2177,21,28,7,0.7261503146321536,binary_roc_auc,True,0.7282706323484057,-0.0029114420135476957,1406.4867148399353,0.020084142684936523,1417.5602753162384,468.359375,119,ok,,0.2.0,"{""mode"": ""best"", ""elapsed_time"": 1403.972317457199, ""n_init_feats"": 21, ""n_added_feats"": 7, ""initial_metric"": null, ""final_metric"": 0.7469293244936331, ""pct_gain"": 0.01979845840433974}"
28,optdigits,openml_task,amlb,multiclass,tabularaml,4,4500,4496,1124,62,78,16,0.06925555128491279,categorical_crossentropy,False,0.0670384941417816,-0.033071404295601646,4431.0830137729645,0.023944616317749023,4450.64851641655,505.62890625,1935,ok,,0.2.0,"{""mode"": ""best"", ""elapsed_time"": 3639.8997147083282, ""n_init_feats"": 62, ""n_added_feats"": 16, ""initial_metric"": null, ""final_metric"": 0.07851573756441409, ""pct_gain"": 0.18481652889949435}"
28,optdigits,openml_task,amlb,multiclass,tabularaml,3,4500,4496,1124,62,73,11,0.05402911516949851,categorical_crossentropy,False,0.0559063474981017,0.0335781608459922,4432.2290914058685,0.02995920181274414,4451.389696121216,488.0078125,1361,ok,,0.2.0,"{""mode"": ""best"", ""elapsed_time"": 3614.5804538726807, ""n_init_feats"": 62, ""n_added_feats"": 11, ""initial_metric"": null, ""final_metric"": 0.0878835229954518, ""pct_gain"": 0.06989590204725303}"
2074,satimage,openml_task,amlb,multiclass,tabularaml,3,4500,5144,1286,36,49,13,0.23452763034560006,categorical_crossentropy,False,0.2322560112476438,-0.009780668692937014,4058.728319644928,0.02652430534362793,4073.2724640369415,423.40234375,251,ok,,0.2.0,"{""mode"": ""best"", ""elapsed_time"": 3634.9693474769592, ""n_init_feats"": 36, ""n_added_feats"": 13, ""initial_metric"": null, ""final_metric"": 0.33536042184779546, ""pct_gain"": 0.05067415127482155}"
32,pendigits,openml_task,amlb,multiclass,tabularaml,2,4500,8793,2199,16,27,11,0.04151723502119111,categorical_crossentropy,False,0.0403474741154507,-0.028992171911263777,4451.692142963409,0.01785898208618164,4468.459871053696,486.88671875,926,ok,,0.2.0,"{""mode"": ""best"", ""elapsed_time"": 3623.585698366165, ""n_init_feats"": 16, ""n_added_feats"": 11, ""initial_metric"": null, ""final_metric"": 0.04429212845699274, ""pct_gain"": 0.11743489462063753}"
3917,kc1,openml_task,amlb,classification,tabularaml,1,4500,1687,422,21,36,15,0.8347985347985348,binary_roc_auc,True,0.8274294333117863,0.008906018072445997,994.371880531311,0.03484344482421875,999.4925353527069,373.7421875,67,ok,,0.2.0,"{""mode"": ""best"", ""elapsed_time"": 893.4831292629242, ""n_init_feats"": 21, ""n_added_feats"": 15, ""initial_metric"": null, ""final_metric"": 0.8201348285247123, ""pct_gain"": 0.08427731034010622}"
9957,qsar-biodeg,openml_task,amlb,classification,tabularaml,1,4500,844,211,41,46,5,0.9440643863179075,binary_roc_auc,True,0.943661971830986,0.00042643923240931383,567.9618744850159,0.018589496612548828,576.408576965332,355.76953125,159,ok,,0.2.0,"{""mode"": ""best"", ""elapsed_time"": 567.3099927902222, ""n_init_feats"": 41, ""n_added_feats"": 5, ""initial_metric"": null, ""final_metric"": 0.9313116571838179, ""pct_gain"": 0.011317515360065589}"
9952,phoneme,openml_task,amlb,classification,tabularaml,4,4500,4323,1081,5,12,7,0.9628263993261432,binary_roc_auc,True,0.9621822716236974,0.0006694445755676237,683.6030728816986,0.01580810546875,688.2047114372253,381.76953125,381,ok,,0.2.0,"{""mode"": ""best"", ""elapsed_time"": 682.3130657672882, ""n_init_feats"": 5, ""n_added_feats"": 7, ""initial_metric"": null, ""final_metric"": 0.952108536951911, ""pct_gain"": 0.012400503957882763}"
32,pendigits,openml_task,amlb,multiclass,tabularaml,0,4500,8793,2199,16,29,13,0.036856206352716865,categorical_crossentropy,False,0.0347247654047831,-0.06138100353127722,4511.061193943024,0.031069517135620117,4529.930847167969,463.09375,557,ok,,0.2.0,"{""mode"": ""best"", ""elapsed_time"": 3647.4450800418854, ""n_init_feats"": 16, ""n_added_feats"": 13, ""initial_metric"": null, ""final_metric"": 0.048962802608044684, ""pct_gain"": 0.11880720667147658}"
9957,qsar-biodeg,openml_task,amlb,classification,tabularaml,3,4500,844,211,41,45,4,0.9133802816901407,binary_roc_auc,True,0.9099597585513078,0.003758982863460366,537.5892667770386,0.009840965270996094,543.4447329044342,358.72265625,91,ok,,0.2.0,"{""mode"": ""best"", ""elapsed_time"": 537.1338636875153, ""n_init_feats"": 41, ""n_added_feats"": 4, ""initial_metric"": null, ""final_metric"": 0.944594149007661, ""pct_gain"": 0.017686569067022036}"
9971,ilpd,openml_task,amlb,classification,tabularaml,1,4500,466,117,10,31,21,0.7133238837703757,binary_roc_auc,True,0.7119064493267186,0.001991040318566549,223.95030069351196,0.032470703125,227.51472210884094,348.87890625,49,ok,,0.2.0,"{""mode"": ""best"", ""elapsed_time"": 199.60180282592773, ""n_init_feats"": 10, ""n_added_feats"": 21, ""initial_metric"": null, ""final_metric"": 0.8215936911487759, ""pct_gain"": 0.11064332025428382}"
3022,vowel,openml_task,amlb,multiclass,tabularaml,1,4500,792,198,12,35,23,0.29492979636121863,categorical_crossentropy,False,0.2742149597689429,-0.075542328579485,3708.23437833786,0.05744338035583496,3717.5719244480133,414.0546875,1130,ok,,0.2.0,"{""mode"": ""best"", ""elapsed_time"": 3610.6233072280884, ""n_init_feats"": 12, ""n_added_feats"": 23, ""initial_metric"": null, ""final_metric"": 0.24742345145379874, ""pct_gain"": 0.30220399174249657}"
9946,wdbc,openml_task,amlb,classification,tabularaml,0,4500,455,114,30,38,8,0.992063492063492,binary_roc_auc,True,0.9910714285714286,0.0010010010010008854,822.5868241786957,0.014392852783203125,825.6011395454407,355.09375,581,ok,,0.2.0,"{""mode"": ""best"", ""elapsed_time"": 822.1868727207184, ""n_init_feats"": 30, ""n_added_feats"": 8, ""initial_metric"": null, ""final_metric"": 0.9968290111743621, ""pct_gain"": 0.012808183608507124}"
3549,analcatdata_authorship,openml_task,amlb,multiclass,tabularaml,1,4500,672,169,70,86,16,0.059121896129204154,categorical_crossentropy,False,0.047808756465788,-0.23663321323807807,3248.441861152649,0.04139399528503418,3253.408207178116,361.171875,510,ok,,0.2.0,"{""mode"": ""best"", ""elapsed_time"": 3210.0040090084076, ""n_init_feats"": 70, ""n_added_feats"": 16, ""initial_metric"": null, ""final_metric"": 0.06926107555122245, ""pct_gain"": -0.08547445945394624}"
3917,kc1,openml_task,amlb,classification,tabularaml,3,4500,1687,422,21,33,12,0.8217194570135746,binary_roc_auc,True,0.8409609997845292,-0.022880422250121754,1004.535409450531,0.023993968963623047,1007.710563659668,377.18359375,42,ok,,0.2.0,"{""mode"": ""best"", ""elapsed_time"": 945.6243245601654, ""n_init_feats"": 21, ""n_added_feats"": 12, ""initial_metric"": null, ""final_metric"": 0.8046824550873415, ""pct_gain"": 0.030847048312018066}"
32,pendigits,openml_task,amlb,multiclass,tabularaml,3,4500,8793,2199,16,29,13,0.020184871562351363,categorical_crossentropy,False,0.0242402217550251,0.16729839494282045,4617.312417507172,0.0186922550201416,4634.701388597488,478.140625,1020,ok,,0.2.0,"{""mode"": ""best"", ""elapsed_time"": 3632.1667907238007, ""n_init_feats"": 16, ""n_added_feats"": 13, ""initial_metric"": null, ""final_metric"": 0.04839687965464079, ""pct_gain"": 0.14470840043091238}"
37,diabetes,openml_task,amlb,classification,tabularaml,3,4500,,,,,,,,,,,,,4680,,,timeout,wall-clock exceeded 4680s,,
28,optdigits,openml_task,amlb,multiclass,tabularaml,2,4500,,,,,,,,,,,,,4680,,,timeout,wall-clock exceeded 4680s,,
43,spambase,openml_task,amlb,classification,tabularaml,1,4500,,,,,,,,,,,,,4680,,,timeout,wall-clock exceeded 4680s,,
3022,vowel,openml_task,amlb,multiclass,tabularaml,4,4500,792,198,12,39,27,0.27536484162761793,categorical_crossentropy,False,0.2873169834239907,0.041599148278454255,3724.3694162368774,0.0752265453338623,3734.18390250206,447.92578125,1811,ok,,0.2.0,"{""mode"": ""best"", ""elapsed_time"": 3644.0024230480194, ""n_init_feats"": 12, ""n_added_feats"": 27, ""initial_metric"": null, ""final_metric"": 0.20139819316362823, ""pct_gain"": 0.2552749067052169}"
3,kr-vs-kp,openml_task,amlb,classification,tabularaml,4,4500,,,,,,,,,,,,,4680,,,timeout,wall-clock exceeded 4680s,,
12,mfeat-factors,openml_task,amlb,multiclass,tabularaml,4,4500,,,,,,,,,,,,,4680,,,timeout,wall-clock exceeded 4680s,,
12,mfeat-factors,openml_task,amlb,multiclass,tabularaml,0,4500,,,,,,,,,,,,,4680,,,timeout,wall-clock exceeded 4680s,,
14,mfeat-fourier,openml_task,amlb,multiclass,tabularaml,3,4500,,,,,,,,,,,,,4680,,,timeout,wall-clock exceeded 4680s,,
12,mfeat-factors,openml_task,amlb,multiclass,tabularaml,3,4500,,,,,,,,,,,,,4680,,,timeout,wall-clock exceeded 4680s,,
18,mfeat-morphological,openml_task,amlb,multiclass,tabularaml,4,4500,,,,,,,,,,,,,4680,,,timeout,wall-clock exceeded 4680s,,
23,cmc,openml_task,amlb,multiclass,tabularaml,4,4500,,,,,,,,,,,,,4680,,,timeout,wall-clock exceeded 4680s,,
23,cmc,openml_task,amlb,multiclass,tabularaml,3,4500,,,,,,,,,,,,,4680,,,timeout,wall-clock exceeded 4680s,,
18,mfeat-morphological,openml_task,amlb,multiclass,tabularaml,2,4500,,,,,,,,,,,,,4680,,,timeout,wall-clock exceeded 4680s,,
22,mfeat-zernike,openml_task,amlb,multiclass,tabularaml,4,4500,,,,,,,,,,,,,4680,,,timeout,wall-clock exceeded 4680s,,
37,diabetes,openml_task,amlb,classification,tabularaml,2,4500,,,,,,,,,,,,,4680,,,timeout,wall-clock exceeded 4680s,,
28,optdigits,openml_task,amlb,multiclass,tabularaml,1,4500,,,,,,,,,,,,,4680,,,timeout,wall-clock exceeded 4680s,,
16,mfeat-karhunen,openml_task,amlb,multiclass,tabularaml,3,4500,,,,,,,,,,,,,4680,,,timeout,wall-clock exceeded 4680s,,
22,mfeat-zernike,openml_task,amlb,multiclass,tabularaml,2,4500,,,,,,,,,,,,,4680,,,timeout,wall-clock exceeded 4680s,,
32,pendigits,openml_task,amlb,multiclass,tabularaml,1,4500,,,,,,,,,,,,,4680,,,timeout,wall-clock exceeded 4680s,,
219,electricity,openml_task,amlb,classification,tabularaml,1,4500,,,,,,,,,,,,,4680,,,timeout,wall-clock exceeded 4680s,,
219,electricity,openml_task,amlb,classification,tabularaml,2,4500,,,,,,,,,,,,,4680,,,timeout,wall-clock exceeded 4680s,,
219,electricity,openml_task,amlb,classification,tabularaml,4,4500,36249,9063,8,24,16,0.9882944259622113,binary_roc_auc,True,0.9822684344496424,0.006134770599591956,4375.4235961437225,0.13889861106872559,4658.321014642715,580.58984375,1999,ok,,0.2.0,"{""mode"": ""best"", ""elapsed_time"": 3632.0512042045593, ""n_init_feats"": 8, ""n_added_feats"": 16, ""initial_metric"": null, ""final_metric"": 0.9628418328443334, ""pct_gain"": 0.010482278752138117}"
219,electricity,openml_task,amlb,classification,tabularaml,3,4500,,,,,,,,,,,,,4680,,,timeout,wall-clock exceeded 4680s,,
10101,blood-transfusion,openml_task,amlb,classification,tabularaml,1,4500,598,150,4,12,8,0.7454922027290448,binary_roc_auc,True,0.7269736842105263,0.02547343723814308,43.61732530593872,0.018146753311157227,53.6240611076355,339.859375,17,ok,,0.2.0,"{""mode"": ""best"", ""elapsed_time"": 43.33571910858154, ""n_init_feats"": 4, ""n_added_feats"": 8, ""initial_metric"": null, ""final_metric"": 0.7404202626641652, ""pct_gain"": 0.05077281429642807}"
10101,blood-transfusion,openml_task,amlb,classification,tabularaml,3,4500,598,150,4,12,8,0.5973440545808967,binary_roc_auc,True,0.6319444444444445,-0.05475226527858121,43.431440114974976,0.028096914291381836,53.722190380096436,343.25390625,17,ok,,0.2.0,"{""mode"": ""best"", ""elapsed_time"": 43.136377811431885, ""n_init_feats"": 4, ""n_added_feats"": 8, ""initial_metric"": null, ""final_metric"": 0.7577467166979361, ""pct_gain"": 0.04040505464958515}"
10101,blood-transfusion,openml_task,amlb,classification,tabularaml,0,4500,598,150,4,12,8,0.658625730994152,binary_roc_auc,True,0.6437621832358674,0.023088569265707765,67.43049359321594,0.01900959014892578,98.57955861091614,342.7890625,11,ok,,0.2.0,"{""mode"": ""best"", ""elapsed_time"": 67.12790060043335, ""n_init_feats"": 4, ""n_added_feats"": 8, ""initial_metric"": null, ""final_metric"": 0.7681219512195122, ""pct_gain"": 0.047352384497304424}"
10101,blood-transfusion,openml_task,amlb,classification,tabularaml,2,4500,598,150,4,12,8,0.7110136452241715,binary_roc_auc,True,0.7634015594541911,-0.06862432173635499,108.69689965248108,0.013772249221801758,113.77903819084167,337.74609375,55,ok,,0.2.0,"{""mode"": ""best"", ""elapsed_time"": 108.48602819442749, ""n_init_feats"": 4, ""n_added_feats"": 8, ""initial_metric"": null, ""final_metric"": 0.7222720450281427, ""pct_gain"": 0.05350570089353507}"
10101,blood-transfusion,openml_task,amlb,classification,tabularaml,4,4500,598,150,4,12,8,0.7208820662768032,binary_roc_auc,True,0.7099171539961014,0.015445340655568872,107.2609920501709,0.017254114151000977,113.48651027679443,339.76953125,27,ok,,0.2.0,"{""mode"": ""best"", ""elapsed_time"": 106.97970271110535, ""n_init_feats"": 4, ""n_added_feats"": 8, ""initial_metric"": null, ""final_metric"": 0.6971238273921202, ""pct_gain"": 0.036619694189049666}"
9971,ilpd,openml_task,amlb,classification,tabularaml,2,4500,466,117,10,29,19,0.6899362154500355,binary_roc_auc,True,0.6853295535081503,0.006721820062047577,486.22537064552307,0.04791688919067383,489.37331366539,354.57421875,25,ok,,0.2.0,"{""mode"": ""best"", ""elapsed_time"": 464.83157682418823, ""n_init_feats"": 10, ""n_added_feats"": 19, ""initial_metric"": null, ""final_metric"": 0.7592372881355932, ""pct_gain"": 0.07423493413398122}"
3903,pc3,openml_task,amlb,classification,tabularaml,3,4500,1250,313,37,57,20,0.82100756227758,binary_roc_auc,True,0.8395796263345195,-0.022120670243062527,2001.1975882053375,0.05672311782836914,2077.0961599349976,379.45703125,81,ok,,0.2.0,"{""mode"": ""best"", ""elapsed_time"": 1895.9657046794891, ""n_init_feats"": 37, ""n_added_feats"": 20, ""initial_metric"": null, ""final_metric"": 0.8567369780456306, ""pct_gain"": 0.051569269154626285}"
9971,ilpd,openml_task,amlb,classification,tabularaml,0,4500,466,117,10,27,17,0.7562012756909993,binary_roc_auc,True,0.7117292700212614,0.06248444112521795,606.8877482414246,0.05864381790161133,610.3759889602661,353.91015625,1,ok,,0.2.0,"{""mode"": ""best"", ""elapsed_time"": 595.171115398407, ""n_init_feats"": 10, ""n_added_feats"": 17, ""initial_metric"": null, ""final_metric"": 0.7501106403013182, ""pct_gain"": 0.05488848423307978}"
3917,kc1,openml_task,amlb,classification,tabularaml,4,4500,1687,422,21,37,16,0.8400991165697048,binary_roc_auc,True,0.8358758888170653,0.00505245791766554,1227.3999435901642,0.034861087799072266,1301.1097095012665,377.2578125,120,ok,,0.2.0,"{""mode"": ""best"", ""elapsed_time"": 1145.1101429462433, ""n_init_feats"": 21, ""n_added_feats"": 16, ""initial_metric"": null, ""final_metric"": 0.7975715860170544, ""pct_gain"": 0.024352753137560624}"
3918,pc1,openml_task,amlb,classification,tabularaml,1,4500,887,222,21,38,17,0.7692431561996779,binary_roc_auc,True,0.8169082125603865,-0.05834811748472314,1293.469521522522,0.049777984619140625,1300.1823120117188,369.234375,118,ok,,0.2.0,"{""mode"": ""best"", ""elapsed_time"": 1240.3862063884735, ""n_init_feats"": 21, ""n_added_feats"": 17, ""initial_metric"": null, ""final_metric"": 0.883843319371843, ""pct_gain"": 0.05497348566618596}"
9957,qsar-biodeg,openml_task,amlb,classification,tabularaml,0,4500,844,211,41,52,11,0.9104124748490945,binary_roc_auc,True,0.9102112676056338,0.00022105554020444124,1077.8630909919739,0.027405977249145508,1087.6562745571136,363.2421875,27,ok,,0.2.0,"{""mode"": ""best"", ""elapsed_time"": 1028.3564298152924, ""n_init_feats"": 41, ""n_added_feats"": 11, ""initial_metric"": null, ""final_metric"": 0.9444738512312771, ""pct_gain"": 0.019316235747996676}"
10093,banknote-authentication,openml_task,amlb,classification,tabularaml,1,4500,1097,275,4,4,0,1.0,binary_roc_auc,True,1.0,0.0,305.8451223373413,0.0019335746765136719,309.3383586406708,347.546875,639,ok,,0.2.0,"{""mode"": ""best"", ""elapsed_time"": 305.32109665870667, ""n_init_feats"": 4, ""n_added_feats"": 0, ""initial_metric"": null, ""final_metric"": 0.9997914907320016, ""pct_gain"": 0.00012438744772644384}"
10093,banknote-authentication,openml_task,amlb,classification,tabularaml,4,4500,1097,275,4,4,0,0.9998392799742849,binary_roc_auc,True,0.9998392799742848,1.1104014883809234e-16,314.61143589019775,0.0018031597137451172,325.1868212223053,348.97265625,1393,ok,,0.2.0,"{""mode"": ""best"", ""elapsed_time"": 314.1402499675751, ""n_init_feats"": 4, ""n_added_feats"": 0, ""initial_metric"": null, ""final_metric"": 0.9997706422018349, ""pct_gain"": 5.991573057923704e-05}"
9971,ilpd,openml_task,amlb,classification,tabularaml,3,4500,466,117,10,24,14,0.7037562012756909,binary_roc_auc,True,0.7236002834868887,-0.027424094025465206,654.0926895141602,0.0451202392578125,657.1233379840851,353.546875,23,ok,,0.2.0,"{""mode"": ""best"", ""elapsed_time"": 636.4580719470978, ""n_init_feats"": 10, ""n_added_feats"": 14, ""initial_metric"": null, ""final_metric"": 0.793674670433145, ""pct_gain"": 0.08415599501741368}"
9960,wall-robot-navigation,openml_task,amlb,multiclass,tabularaml,0,4500,4364,1092,24,28,4,0.008965855547353135,categorical_crossentropy,False,0.0080164063420975,-0.11843825833399695,938.1452646255493,0.013593912124633789,1027.7373394966125,373.2578125,310,ok,,0.2.0,"{""mode"": ""best"", ""elapsed_time"": 930.8334422111511, ""n_init_feats"": 24, ""n_added_feats"": 4, ""initial_metric"": null, ""final_metric"": 0.019713851296547825, ""pct_gain"": 0.09474127869410388}"
3917,kc1,openml_task,amlb,classification,tabularaml,0,4500,1687,422,21,46,25,0.8255979314802844,binary_roc_auc,True,0.8382891618185736,-0.015139442231075776,1749.56764960289,0.05963945388793945,1769.375141620636,379.40625,74,ok,,0.2.0,"{""mode"": ""best"", ""elapsed_time"": 1631.4302620887756, ""n_init_feats"": 21, ""n_added_feats"": 25, ""initial_metric"": null, ""final_metric"": 0.7964572100856859, ""pct_gain"": 0.05365100891658209}"
3021,sick,openml_task,amlb,classification,tabularaml,4,4500,,,,,,,,,,,,,4680,,,timeout,wall-clock exceeded 4680s,,
14954,cylinder-bands,openml_task,amlb,classification,tabularaml,4,4500,432,108,35,39,4,0.8790322580645161,binary_roc_auc,True,0.8818373071528752,-0.0031809145129225278,707.5652425289154,0.03926587104797363,714.8815815448761,354.58984375,539,ok,,0.2.0,"{""mode"": ""best"", ""elapsed_time"": 707.0983250141144, ""n_init_feats"": 35, ""n_added_feats"": 4, ""initial_metric"": null, ""final_metric"": 0.8640151515151514, ""pct_gain"": 0.03814994947738878}"
10093,banknote-authentication,openml_task,amlb,classification,tabularaml,3,4500,1097,275,4,6,2,1.0,binary_roc_auc,True,1.0,0.0,767.6183454990387,0.008996248245239258,773.7277781963348,351.796875,572,ok,,0.2.0,"{""mode"": ""best"", ""elapsed_time"": 767.1022820472717, ""n_init_feats"": 4, ""n_added_feats"": 2, ""initial_metric"": null, ""final_metric"": 1.0, ""pct_gain"": 0.00016550619421038532}"
3022,vowel,openml_task,amlb,multiclass,tabularaml,0,4500,,,,,,,,,,,,,4680,,,timeout,wall-clock exceeded 4680s,,
3022,vowel,openml_task,amlb,multiclass,tabularaml,2,4500,,,,,,,,,,,,,4680,,,timeout,wall-clock exceeded 4680s,,
3022,vowel,openml_task,amlb,multiclass,tabularaml,3,4500,,,,,,,,,,,,,4680,,,timeout,wall-clock exceeded 4680s,,
3481,isolet,openml_task,amlb,multiclass,tabularaml,0,4500,,,,,,,,,,,,,4680,,,timeout,wall-clock exceeded 4680s,,
3481,isolet,openml_task,amlb,multiclass,tabularaml,1,4500,,,,,,,,,,,,,4680,,,timeout,wall-clock exceeded 4680s,,
3481,isolet,openml_task,amlb,multiclass,tabularaml,2,4500,,,,,,,,,,,,,4680,,,timeout,wall-clock exceeded 4680s,,
3481,isolet,openml_task,amlb,multiclass,tabularaml,3,4500,,,,,,,,,,,,,4680,,,timeout,wall-clock exceeded 4680s,,
3904,jm1,openml_task,amlb,classification,tabularaml,4,4500,8708,2177,21,34,13,0.7553241279305698,binary_roc_auc,True,0.7565882025116465,-0.0016707563994261888,2601.4789657592773,0.022533178329467773,2605.8871376514435,496.5703125,132,ok,,0.2.0,"{""mode"": ""best"", ""elapsed_time"": 2169.2002704143524, ""n_init_feats"": 21, ""n_added_feats"": 13, ""initial_metric"": null, ""final_metric"": 0.736171024299535, ""pct_gain"": 0.03558653471317003}"
3481,isolet,openml_task,amlb,multiclass,tabularaml,4,4500,,,,,,,,,,,,,4680,,,timeout,wall-clock exceeded 4680s,,
14954,cylinder-bands,openml_task,amlb,classification,tabularaml,1,4500,432,108,35,46,11,0.8551893408134643,binary_roc_auc,True,0.8509817671809257,0.004944375772558812,1164.4832172393799,0.05698871612548828,1167.7455749511719,350.11328125,137,ok,,0.2.0,"{""mode"": ""best"", ""elapsed_time"": 1163.8527936935425, ""n_init_feats"": 35, ""n_added_feats"": 11, ""initial_metric"": null, ""final_metric"": 0.9029040404040405, ""pct_gain"": 0.034562578270372867}"
3918,pc1,openml_task,amlb,classification,tabularaml,3,4500,887,222,21,40,19,0.8299516908212561,binary_roc_auc,True,0.8826086956521739,-0.05966064586754238,2394.0976238250732,0.0815436840057373,2404.3505210876465,371.03515625,4,ok,,0.2.0,"{""mode"": ""best"", ""elapsed_time"": 2317.5806481838226, ""n_init_feats"": 21, ""n_added_feats"": 19, ""initial_metric"": null, ""final_metric"": 0.9132787378592747, ""pct_gain"": 0.028254713397191246}"
125920,dresses-sales,openml_task,amlb,classification,tabularaml,2,4500,400,100,12,18,6,0.5147783251231527,binary_roc_auc,True,0.578407224958949,-0.11000709723207941,606.6855525970459,0.035981178283691406,609.8384838104248,343.67578125,12,ok,,0.2.0,"{""mode"": ""best"", ""elapsed_time"": 606.3184788227081, ""n_init_feats"": 12, ""n_added_feats"": 6, ""initial_metric"": null, ""final_metric"": 0.6517079415033782, ""pct_gain"": 0.19569711717263225}"
9977,nomao,openml_task,amlb,classification,tabularaml,1,4500,27572,6893,118,118,0,0.9961038563204899,binary_roc_auc,True,0.99610385632049,-1.1145655320783633e-16,1501.6337928771973,0.07849454879760742,1678.094246149063,748.265625,693,ok,,0.2.0,"{""mode"": ""best"", ""elapsed_time"": 1482.7678053379059, ""n_init_feats"": 118, ""n_added_feats"": 0, ""initial_metric"": null, ""final_metric"": 0.9946806786437369, ""pct_gain"": 0.0}"
9978,ozone-level-8hr,openml_task,amlb,classification,tabularaml,0,4500,2027,507,72,75,3,0.9145394736842105,binary_roc_auc,True,0.9125657894736844,0.0021627856679401003,1785.2715892791748,0.018491029739379883,1795.781594991684,394.45703125,71,ok,,0.2.0,"{""mode"": ""best"", ""elapsed_time"": 1782.5362763404846, ""n_init_feats"": 72, ""n_added_feats"": 3, ""initial_metric"": null, ""final_metric"": 0.9354528528810657, ""pct_gain"": 0.017807291580663548}"
7592,adult,openml_task,amlb,classification,tabularaml,3,4500,39073,9769,14,16,2,0.9314348406825542,binary_roc_auc,True,0.9310508690215163,0.00041240674791637036,2586.9265127182007,0.15972208976745605,2609.9616870880127,539.5,307,ok,,0.2.0,"{""mode"": ""best"", ""elapsed_time"": 2575.6443536281586, ""n_init_feats"": 14, ""n_added_feats"": 2, ""initial_metric"": null, ""final_metric"": 0.9271666797989333, ""pct_gain"": 0.0004304678725471125}"
14954,cylinder-bands,openml_task,amlb,classification,tabularaml,0,4500,432,108,35,52,17,0.9424964936886395,binary_roc_auc,True,0.9319775596072932,0.011286681715575486,1745.1440451145172,0.10271215438842773,1751.0094013214111,357.42578125,177,ok,,0.2.0,"{""mode"": ""best"", ""elapsed_time"": 1744.4442558288574, ""n_init_feats"": 35, ""n_added_feats"": 17, ""initial_metric"": null, ""final_metric"": 0.9001136363636363, ""pct_gain"": 0.05096931069017375}"
9976,madelon,openml_task,amlb,classification,tabularaml,0,4500,2080,520,500,502,2,0.8921597633136096,binary_roc_auc,True,0.8942455621301775,-0.0023324676184015123,2096.416183948517,0.07281827926635742,2111.0754673480988,503.15625,136,ok,,0.2.0,"{""mode"": ""best"", ""elapsed_time"": 2085.180964946747, ""n_init_feats"": 500, ""n_added_feats"": 2, ""initial_metric"": null, ""final_metric"": 0.8737125222765696, ""pct_gain"": 0.021457459273796626}"
3573,mnist_784,openml_task,amlb,multiclass,tabularaml,0,4500,,,,,,,,,,,,,4680,,,timeout,wall-clock exceeded 4680s,,
3573,mnist_784,openml_task,amlb,multiclass,tabularaml,1,4500,,,,,,,,,,,,,4680,,,timeout,wall-clock exceeded 4680s,,
3573,mnist_784,openml_task,amlb,multiclass,tabularaml,2,4500,,,,,,,,,,,,,4680,,,timeout,wall-clock exceeded 4680s,,
3904,jm1,openml_task,amlb,classification,tabularaml,1,4500,8708,2177,21,37,16,0.7465635297236756,binary_roc_auc,True,0.746505364708174,7.791640656773705e-05,3867.7583553791046,0.03823423385620117,3878.5558874607086,544.88671875,75,ok,,0.2.0,"{""mode"": ""best"", ""elapsed_time"": 3635.7477617263794, ""n_init_feats"": 21, ""n_added_feats"": 16, ""initial_metric"": null, ""final_metric"": 0.7471508323927473, ""pct_gain"": 0.032716799415897786}"
125920,dresses-sales,openml_task,amlb,classification,tabularaml,0,4500,400,100,12,30,18,0.5794334975369458,binary_roc_auc,True,0.6642036124794746,-0.1276266996291718,1252.8917393684387,0.09212231636047363,1272.3577899932861,346.26171875,7,ok,,0.2.0,"{""mode"": ""best"", ""elapsed_time"": 1252.0508651733398, ""n_init_feats"": 12, ""n_added_feats"": 18, ""initial_metric"": null, ""final_metric"": 0.6560202565159292, ""pct_gain"": 0.11239414972212398}"
3573,mnist_784,openml_task,amlb,multiclass,tabularaml,3,4500,,,,,,,,,,,,,4680,,,timeout,wall-clock exceeded 4680s,,
125920,dresses-sales,openml_task,amlb,classification,tabularaml,4,4500,400,100,12,24,12,0.7393267651888342,binary_roc_auc,True,0.7159277504105089,0.032683486238532344,1192.650797367096,0.06669783592224121,1197.0134627819061,343.92578125,42,ok,,0.2.0,"{""mode"": ""best"", ""elapsed_time"": 1192.105452299118, ""n_init_feats"": 12, ""n_added_feats"": 12, ""initial_metric"": null, ""final_metric"": 0.6325627864573576, ""pct_gain"": 0.1448433180371637}"
125920,dresses-sales,openml_task,amlb,classification,tabularaml,1,4500,400,100,12,32,20,0.589696223316913,binary_roc_auc,True,0.5619868637110017,0.049306062819576196,1381.9823348522186,0.10497832298278809,1389.71466755867,344.2734375,12,ok,,0.2.0,"{""mode"": ""best"", ""elapsed_time"": 1381.5697464942932, ""n_init_feats"": 12, ""n_added_feats"": 20, ""initial_metric"": null, ""final_metric"": 0.6649760843230552, ""pct_gain"": 0.22002190275711148}"
9978,ozone-level-8hr,openml_task,amlb,classification,tabularaml,2,4500,2027,507,72,81,9,0.9042763157894738,binary_roc_auc,True,0.921907894736842,-0.019125098123171126,2338.2268216609955,0.01687169075012207,2344.012096643448,407.4765625,118,ok,,0.2.0,"{""mode"": ""best"", ""elapsed_time"": 2336.2896394729614, ""n_init_feats"": 72, ""n_added_feats"": 9, ""initial_metric"": null, ""final_metric"": 0.922404080667903, ""pct_gain"": 0.013363021508836913}"
14952,PhishingWebsites,openml_task,amlb,classification,tabularaml,4,4500,8844,2211,30,31,1,0.997288996833502,binary_roc_auc,True,0.997211906696066,7.730567286493526e-05,2143.785058259964,0.08205747604370117,2164.748409509659,582.75,459,ok,,0.2.0,"{""mode"": ""best"", ""elapsed_time"": 2141.262068271637, ""n_init_feats"": 30, ""n_added_feats"": 1, ""initial_metric"": null, ""final_metric"": 0.9952710258293879, ""pct_gain"": 0.0004072392533642741}"
3904,jm1,openml_task,amlb,classification,tabularaml,2,4500,8708,2177,21,42,21,0.7438061021864635,binary_roc_auc,True,0.7419089758087642,0.002557087782407742,4079.09192609787,0.05173826217651367,4089.352026462555,540.72265625,50,ok,,0.2.0,"{""mode"": ""best"", ""elapsed_time"": 3594.4878005981445, ""n_init_feats"": 21, ""n_added_feats"": 21, ""initial_metric"": null, ""final_metric"": 0.7480695573981576, ""pct_gain"": 0.029128638360032842}"
3573,mnist_784,openml_task,amlb,multiclass,tabularaml,4,4500,,,,,,,,,,,,,4680,,,timeout,wall-clock exceeded 4680s,,
3917,kc1,openml_task,amlb,classification,tabularaml,2,4500,1687,422,21,39,18,0.8309847015729368,binary_roc_auc,True,0.841973712561948,-0.013051489405261758,3375.892238378525,0.07253003120422363,3381.578783273697,403.3515625,55,ok,,0.2.0,"{""mode"": ""best"", ""elapsed_time"": 3211.0297286510468, ""n_init_feats"": 21, ""n_added_feats"": 18, ""initial_metric"": null, ""final_metric"": 0.8153175837196788, ""pct_gain"": 0.08452998210827901}"
3902,pc4,openml_task,amlb,classification,tabularaml,1,4500,,,,,,,,,,,,,4680,,,timeout,wall-clock exceeded 4680s,,
14965,bank-marketing,openml_task,amlb,classification,tabularaml,1,4500,36168,9043,16,21,5,0.9351269452529732,binary_roc_auc,True,0.9355591710828312,-0.00046199732012422884,2307.506940126419,0.0809776782989502,2319.877503156662,553.296875,261,ok,,0.2.0,"{""mode"": ""best"", ""elapsed_time"": 2297.504917383194, ""n_init_feats"": 16, ""n_added_feats"": 5, ""initial_metric"": null, ""final_metric"": 0.933347309981085, ""pct_gain"": -0.00038924879757744736}"
9960,wall-robot-navigation,openml_task,amlb,multiclass,tabularaml,1,4500,4364,1092,24,38,14,0.006300080779827099,categorical_crossentropy,False,0.0052527771165753,-0.19938094459538372,3074.783133506775,0.019305944442749023,3140.853330850601,396.65234375,432,ok,,0.2.0,"{""mode"": ""best"", ""elapsed_time"": 2936.2649772167206, ""n_init_feats"": 24, ""n_added_feats"": 14, ""initial_metric"": null, ""final_metric"": 0.016906604020554654, ""pct_gain"": 0.42468474278050033}"
7592,adult,openml_task,amlb,classification,tabularaml,0,4500,39073,9769,14,24,10,0.9286118633026352,binary_roc_auc,True,0.9275308889689332,0.0011654321667967965,3626.582538843155,0.13543963432312012,3635.975588083267,731.3359375,264,ok,,0.2.0,"{""mode"": ""best"", ""elapsed_time"": 3615.028956413269, ""n_init_feats"": 14, ""n_added_feats"": 10, ""initial_metric"": null, ""final_metric"": 0.9294090296850002, ""pct_gain"": 0.0010555953485507125}"
9910,Bioresponse,openml_task,amlb,classification,tabularaml,1,4500,3000,751,1776,1780,4,0.8713716359065197,binary_roc_auc,True,0.8738929204045482,-0.002885118347064084,3615.9623289108276,0.45027828216552734,3638.3512268066406,794.703125,138,ok,,0.2.0,"{""mode"": ""best"", ""elapsed_time"": 3602.7714414596558, ""n_init_feats"": 1776, ""n_added_feats"": 4, ""initial_metric"": null, ""final_metric"": 0.8612187539187113, ""pct_gain"": 0.004260678710037542}"
7592,adult,openml_task,amlb,classification,tabularaml,4,4500,39073,9769,14,19,5,0.9295393295535925,binary_roc_auc,True,0.9291311833913348,0.000439277218926147,3644.987552881241,0.07345104217529297,3654.823214530945,612.68359375,313,ok,,0.2.0,"{""mode"": ""best"", ""elapsed_time"": 3634.2547504901886, ""n_init_feats"": 14, ""n_added_feats"": 5, ""initial_metric"": null, ""final_metric"": 0.9284700516394517, ""pct_gain"": 0.001147038145537614}"
9910,Bioresponse,openml_task,amlb,classification,tabularaml,3,4500,3000,751,1776,1780,4,0.880406833895206,binary_roc_auc,True,0.8763284955145422,0.004653892235090706,3625.2925231456757,0.3832826614379883,3641.6543753147125,889.77734375,119,ok,,0.2.0,"{""mode"": ""best"", ""elapsed_time"": 3613.5406832695007, ""n_init_feats"": 1776, ""n_added_feats"": 4, ""initial_metric"": null, ""final_metric"": 0.8651646048086755, ""pct_gain"": 0.0006544801556137031}"
146819,climate-model-crashes,openml_task,amlb,classification,tabularaml,3,4500,432,108,18,25,7,0.9023569023569024,binary_roc_auc,True,0.9315375982042648,-0.03132530120481925,504.9139313697815,0.03147625923156738,507.9142646789551,351.6328125,125,ok,,0.2.0,"{""mode"": ""best"", ""elapsed_time"": 488.9922788143158, ""n_init_feats"": 18, ""n_added_feats"": 7, ""initial_metric"": null, ""final_metric"": 0.9405097250167673, ""pct_gain"": 0.004584855599713208}"
146819,climate-model-crashes,openml_task,amlb,classification,tabularaml,0,4500,432,108,18,29,11,0.9450056116722784,binary_roc_auc,True,0.9797979797979798,-0.035509736540664326,595.763384103775,0.0299990177154541,606.4818468093872,359.203125,216,ok,,0.2.0,"{""mode"": ""best"", ""elapsed_time"": 577.0506589412689, ""n_init_feats"": 18, ""n_added_feats"": 11, ""initial_metric"": null, ""final_metric"": 0.9524480214621059, ""pct_gain"": 0.027717469667631115}"
9910,Bioresponse,openml_task,amlb,classification,tabularaml,2,4500,3000,751,1776,1780,4,0.8761285069424605,binary_roc_auc,True,0.8845780241129078,-0.009552031522511334,3678.5577335357666,0.4478766918182373,3696.1105275154114,800.44140625,123,ok,,0.2.0,"{""mode"": ""best"", ""elapsed_time"": 3665.5240211486816, ""n_init_feats"": 1776, ""n_added_feats"": 4, ""initial_metric"": null, ""final_metric"": 0.8650036400433894, ""pct_gain"": 0.011152080882040121}"
3903,pc3,openml_task,amlb,classification,tabularaml,4,4500,,,,,,,,,,,,,4680,,,timeout,wall-clock exceeded 4680s,,
9910,Bioresponse,openml_task,amlb,classification,tabularaml,4,4500,3000,751,1776,1779,3,0.8828352665561968,binary_roc_auc,True,0.8800282840980517,0.003189650274731847,3674.033928155899,0.40866613388061523,3754.496450662613,742.87109375,139,ok,,0.2.0,"{""mode"": ""best"", ""elapsed_time"": 3664.5585100650787, ""n_init_feats"": 1776, ""n_added_feats"": 3, ""initial_metric"": null, ""final_metric"": 0.8680982414965005, ""pct_gain"": 0.008296009976305762}"
146819,climate-model-crashes,openml_task,amlb,classification,tabularaml,4,4500,432,108,18,31,13,0.9242424242424242,binary_roc_auc,True,0.9461279461279462,-0.02313167259786484,574.7659397125244,0.04207277297973633,579.8261995315552,351.96484375,17,ok,,0.2.0,"{""mode"": ""best"", ""elapsed_time"": 561.1033623218536, ""n_init_feats"": 18, ""n_added_feats"": 13, ""initial_metric"": null, ""final_metric"": 0.9864520456069752, ""pct_gain"": 0.02473350493361897}"
9976,madelon,openml_task,amlb,classification,tabularaml,2,4500,2080,520,500,500,0,0.8960355029585798,binary_roc_auc,True,0.8960355029585798,0.0,3129.7522282600403,0.06444096565246582,3153.801152944565,530.8515625,179,ok,,0.2.0,"{""mode"": ""best"", ""elapsed_time"": 3115.801097869873, ""n_init_feats"": 500, ""n_added_feats"": 0, ""initial_metric"": null, ""final_metric"": 0.880812001876434, ""pct_gain"": 0.016163012123815046}"
146819,climate-model-crashes,openml_task,amlb,classification,tabularaml,1,4500,432,108,18,34,16,0.9663299663299664,binary_roc_auc,True,0.9775533108866444,-0.011481056257175833,726.3210473060608,0.04452013969421387,730.2673444747925,355.10546875,17,ok,,0.2.0,"{""mode"": ""best"", ""elapsed_time"": 710.1136419773102, ""n_init_feats"": 18, ""n_added_feats"": 16, ""initial_metric"": null, ""final_metric"": 0.9790073775989269, ""pct_gain"": 0.021555042115343506}"
14954,cylinder-bands,openml_task,amlb,classification,tabularaml,3,4500,432,108,35,68,33,0.8572931276297335,binary_roc_auc,True,0.8271388499298739,0.0364561254768969,2944.670318841934,0.123046875,2950.115362405777,359.41796875,55,ok,,0.2.0,"{""mode"": ""best"", ""elapsed_time"": 2926.3520708084106, ""n_init_feats"": 35, ""n_added_feats"": 33, ""initial_metric"": null, ""final_metric"": 0.913063973063973, ""pct_gain"": 0.04074338766997362}"
146820,wilt,openml_task,amlb,classification,tabularaml,2,4500,3871,968,5,9,4,0.9942475646624118,binary_roc_auc,True,0.9934287873698352,0.0008241932416156234,646.7825613021851,0.00911092758178711,657.6369497776031,375.33984375,240,ok,,0.2.0,"{""mode"": ""best"", ""elapsed_time"": 645.9877364635468, ""n_init_feats"": 5, ""n_added_feats"": 4, ""initial_metric"": null, ""final_metric"": 0.9941852678571429, ""pct_gain"": 0.012272866612160623}"
9978,ozone-level-8hr,openml_task,amlb,classification,tabularaml,4,4500,2027,507,72,80,8,0.8995394736842105,binary_roc_auc,True,0.9140131578947368,-0.01583531274742675,3199.103461265564,0.04083871841430664,3218.6640331745148,410.57421875,121,ok,,0.2.0,"{""mode"": ""best"", ""elapsed_time"": 2833.9038693904877, ""n_init_feats"": 72, ""n_added_feats"": 8, ""initial_metric"": null, ""final_metric"": 0.9131081986917229, ""pct_gain"": 0.0026530701848738124}"
9964,semeion,openml_task,amlb,multiclass,tabularaml,0,4500,1274,319,256,265,9,0.18254095519778646,categorical_crossentropy,False,0.1639779015345412,-0.11320460555677399,3647.587679862976,0.0540614128112793,3656.374964952469,391.3359375,513,ok,,0.2.0,"{""mode"": ""best"", ""elapsed_time"": 3640.23681807518, ""n_init_feats"": 256, ""n_added_feats"": 9, ""initial_metric"": null, ""final_metric"": 0.2718977396144114, ""pct_gain"": 0.11431806872056831}"
9960,wall-robot-navigation,openml_task,amlb,multiclass,tabularaml,3,4500,4364,1092,24,41,17,0.004387991683179213,categorical_crossentropy,False,0.0033071442072125,-0.32682199754383534,3776.281660795212,0.04027295112609863,3782.812994003296,403.79296875,510,ok,,0.2.0,"{""mode"": ""best"", ""elapsed_time"": 3616.218598842621, ""n_init_feats"": 24, ""n_added_feats"": 17, ""initial_metric"": null, ""final_metric"": 0.013058798122874632, ""pct_gain"": 0.5692573588432026}"
9964,semeion,openml_task,amlb,multiclass,tabularaml,2,4500,1274,319,256,263,7,0.21471854639835372,categorical_crossentropy,False,0.2135785507466764,-0.005337594284125781,3645.290775537491,0.04211235046386719,3671.566256761551,403.77734375,680,ok,,0.2.0,"{""mode"": ""best"", ""elapsed_time"": 3637.890313386917, ""n_init_feats"": 256, ""n_added_feats"": 7, ""initial_metric"": null, ""final_metric"": 0.2550190211188763, ""pct_gain"": 0.09171298439500362}"
146820,wilt,openml_task,amlb,classification,tabularaml,0,4500,3871,968,5,12,7,0.9885791064830367,binary_roc_auc,True,0.9884111521666106,0.0001699235344097192,1038.9559285640717,0.019789457321166992,1048.4686741828918,380.73046875,117,ok,,0.2.0,"{""mode"": ""best"", ""elapsed_time"": 1038.1429891586304, ""n_init_feats"": 5, ""n_added_feats"": 7, ""initial_metric"": null, ""final_metric"": 0.9977343750000001, ""pct_gain"": 0.009018262172054006}"
9976,madelon,openml_task,amlb,classification,tabularaml,1,4500,2080,520,500,508,8,0.8944082840236688,binary_roc_auc,True,0.8904289940828403,0.0044689581845066394,3636.5871675014496,0.35983920097351074,3656.5481190681458,528.3828125,164,ok,,0.2.0,"{""mode"": ""best"", ""elapsed_time"": 3624.9961373806, ""n_init_feats"": 500, ""n_added_feats"": 8, ""initial_metric"": null, ""final_metric"": 0.8796539244790067, ""pct_gain"": 0.014495168250364733}"
9976,madelon,openml_task,amlb,classification,tabularaml,4,4500,2080,520,500,504,4,0.8815680473372782,binary_roc_auc,True,0.8800739644970414,0.0016976787185048006,3638.6971473693848,0.077484130859375,3659.7187099456787,529.0,305,ok,,0.2.0,"{""mode"": ""best"", ""elapsed_time"": 3628.281637430191, ""n_init_feats"": 500, ""n_added_feats"": 4, ""initial_metric"": null, ""final_metric"": 0.872710571004227, ""pct_gain"": 0.03476307185161661}"
9977,nomao,openml_task,amlb,classification,tabularaml,2,4500,27572,6893,118,121,3,0.9951434480590501,binary_roc_auc,True,0.9947168004970628,0.0004289135980955537,3633.6413996219635,0.20034337043762207,3655.331400156021,901.3359375,366,ok,,0.2.0,"{""mode"": ""best"", ""elapsed_time"": 3610.7637746334076, ""n_init_feats"": 118, ""n_added_feats"": 3, ""initial_metric"": null, ""final_metric"": 0.9957757404800276, ""pct_gain"": 0.0006617595906506758}"
9977,nomao,openml_task,amlb,classification,tabularaml,0,4500,27572,6893,118,122,4,0.9963986366256175,binary_roc_auc,True,0.9958402765200164,0.0005606924310716412,3683.5441987514496,0.19411039352416992,3714.280962705612,916.30078125,513,ok,,0.2.0,"{""mode"": ""best"", ""elapsed_time"": 3661.26323056221, ""n_init_feats"": 118, ""n_added_feats"": 4, ""initial_metric"": null, ""final_metric"": 0.995310088775387, ""pct_gain"": 0.0006407837282935173}"
9977,nomao,openml_task,amlb,classification,tabularaml,3,4500,27572,6893,118,120,2,0.9945384161241733,binary_roc_auc,True,0.9949315940538954,-0.00039518086677711484,3674.988852739334,0.13013410568237305,3696.6264152526855,886.9375,458,ok,,0.2.0,"{""mode"": ""best"", ""elapsed_time"": 3660.0948860645294, ""n_init_feats"": 118, ""n_added_feats"": 2, ""initial_metric"": null, ""final_metric"": 0.9953628011373088, ""pct_gain"": 0.0002658048426784092}"
14952,PhishingWebsites,openml_task,amlb,classification,tabularaml,1,4500,8844,2211,30,34,4,0.9963635007211658,binary_roc_auc,True,0.9965831661665476,-0.0002204185790402643,3606.2459783554077,0.11325669288635254,3612.587803840637,623.08203125,541,ok,,0.2.0,"{""mode"": ""best"", ""elapsed_time"": 3603.379464149475, ""n_init_feats"": 30, ""n_added_feats"": 5, ""initial_metric"": null, ""final_metric"": 0.9953831936635054, ""pct_gain"": 0.00036580016575217967}"
3918,pc1,openml_task,amlb,classification,tabularaml,2,4500,,,,,,,,,,,,,4680,,,timeout,wall-clock exceeded 4680s,,
9978,ozone-level-8hr,openml_task,amlb,classification,tabularaml,1,4500,2027,507,72,85,13,0.8995394736842106,binary_roc_auc,True,0.915657894736842,-0.017603103894237478,3797.572378873825,0.030762910842895508,3801.763458967209,403.86328125,107,ok,,0.2.0,"{""mode"": ""best"", ""elapsed_time"": 3439.3347165584564, ""n_init_feats"": 72, ""n_added_feats"": 13, ""initial_metric"": null, ""final_metric"": 0.9252573718285685, ""pct_gain"": 0.01144629493858405}"
146820,wilt,openml_task,amlb,classification,tabularaml,3,4500,3871,968,5,10,5,0.9915602955995969,binary_roc_auc,True,0.9874034262680552,0.004209899642796262,1219.8173460960388,0.011378049850463867,1225.3816986083984,382.61328125,129,ok,,0.2.0,"{""mode"": ""best"", ""elapsed_time"": 1218.6371369361877, ""n_init_feats"": 5, ""n_added_feats"": 5, ""initial_metric"": null, ""final_metric"": 0.9983816964285716, ""pct_gain"": 0.003916683461166119}"
7592,adult,openml_task,amlb,classification,tabularaml,1,4500,,,,,,,,,,,,,4680,,,timeout,wall-clock exceeded 4680s,,
14952,PhishingWebsites,openml_task,amlb,classification,tabularaml,3,4500,8844,2211,30,37,7,0.995863243754041,binary_roc_auc,True,0.995423083937068,0.0004421836544437745,3658.654365539551,0.12425065040588379,3667.4178199768066,671.8984375,637,ok,,0.2.0,"{""mode"": ""best"", ""elapsed_time"": 3656.14976477623, ""n_init_feats"": 30, ""n_added_feats"": 7, ""initial_metric"": null, ""final_metric"": 0.9963999550582926, ""pct_gain"": 0.0011493711916236707}"
14952,PhishingWebsites,openml_task,amlb,classification,tabularaml,0,4500,8844,2211,30,33,3,0.9961139939322602,binary_roc_auc,True,0.9961645584310084,-5.075918262724114e-05,3650.7922208309174,0.0925147533416748,3673.90248131752,656.19140625,815,ok,,0.2.0,"{""mode"": ""best"", ""elapsed_time"": 3648.090649366379, ""n_init_feats"": 30, ""n_added_feats"": 3, ""initial_metric"": null, ""final_metric"": 0.9951541374693716, ""pct_gain"": 0.0002696450245349381}"
9985,first-order-theorem-proving,openml_task,amlb,multiclass,tabularaml,2,4500,4894,1224,51,54,3,1.10059285779511,categorical_crossentropy,False,1.0989896513436452,-0.0014588003167315758,3667.253251314163,0.015036582946777344,3684.710812330246,428.015625,265,ok,,0.2.0,"{""mode"": ""best"", ""elapsed_time"": 3648.326792240143, ""n_init_feats"": 51, ""n_added_feats"": 3, ""initial_metric"": null, ""final_metric"": 1.2848437292849382, ""pct_gain"": 0.007242775097930521}"
9985,first-order-theorem-proving,openml_task,amlb,multiclass,tabularaml,1,4500,4894,1224,51,53,2,1.1241530564300155,categorical_crossentropy,False,1.1202751351010627,-0.0034615793990669793,3668.794408559799,0.014539241790771484,3686.949287891388,424.36328125,245,ok,,0.2.0,"{""mode"": ""best"", ""elapsed_time"": 3647.591991186142, ""n_init_feats"": 51, ""n_added_feats"": 2, ""initial_metric"": null, ""final_metric"": 1.2701139951781586, ""pct_gain"": 0.016674716041211967}"
7592,adult,openml_task,amlb,classification,tabularaml,2,4500,,,,,,,,,,,,,4680,,,timeout,wall-clock exceeded 4680s,,
9910,Bioresponse,openml_task,amlb,classification,tabularaml,0,4500,,,,,,,,,,,,,4680,,,timeout,wall-clock exceeded 4680s,,
146820,wilt,openml_task,amlb,classification,tabularaml,4,4500,3871,968,5,8,3,0.9899647295935505,binary_roc_auc,True,0.9875923748740342,0.002402159818031145,1166.4415969848633,0.010053396224975586,1185.2142295837402,374.17578125,76,ok,,0.2.0,"{""mode"": ""best"", ""elapsed_time"": 1165.358648777008, ""n_init_feats"": 5, ""n_added_feats"": 3, ""initial_metric"": null, ""final_metric"": 0.9969531249999999, ""pct_gain"": 0.0013002880680065578}"
9946,wdbc,openml_task,amlb,classification,tabularaml,2,4500,,,,,,,,,,,,,4680,,,timeout,wall-clock exceeded 4680s,,
14965,bank-marketing,openml_task,amlb,classification,tabularaml,0,4500,36168,9043,16,27,11,0.9384227041960764,binary_roc_auc,True,0.9374071540092304,0.001083360824058817,3640.015499830246,0.3647003173828125,3653.843564271927,535.09765625,266,ok,,0.2.0,"{""mode"": ""best"", ""elapsed_time"": 3623.770534515381, ""n_init_feats"": 16, ""n_added_feats"": 11, ""initial_metric"": null, ""final_metric"": 0.9340642086818572, ""pct_gain"": 0.0004512821347174538}"
14965,bank-marketing,openml_task,amlb,classification,tabularaml,2,4500,36168,9043,16,29,13,0.9345902584358904,binary_roc_auc,True,0.93391898562167,0.0007187698553676754,3658.1413259506226,0.12616920471191406,3669.723799943924,629.03125,230,ok,,0.2.0,"{""mode"": ""best"", ""elapsed_time"": 3645.3895828723907, ""n_init_feats"": 16, ""n_added_feats"": 13, ""initial_metric"": null, ""final_metric"": 0.9374319917891727, ""pct_gain"": 0.002339676797911048}"
14965,bank-marketing,openml_task,amlb,classification,tabularaml,3,4500,36168,9043,16,23,7,0.9377199451239504,binary_roc_auc,True,0.9357109798263048,0.0021469933996270158,3651.976295232773,0.26035451889038086,3674.8996868133545,559.328125,206,ok,,0.2.0,"{""mode"": ""best"", ""elapsed_time"": 3640.450171470642, ""n_init_feats"": 16, ""n_added_feats"": 7, ""initial_metric"": null, ""final_metric"": 0.9382002928377389, ""pct_gain"": 0.002712745320881878}"
14965,bank-marketing,openml_task,amlb,classification,tabularaml,4,4500,36168,9043,16,26,10,0.9375277132335795,binary_roc_auc,True,0.9372663536190848,0.00027885308534281736,3657.6706726551056,0.36420464515686035,3671.9463510513306,550.57421875,226,ok,,0.2.0,"{""mode"": ""best"", ""elapsed_time"": 3640.989188671112, ""n_init_feats"": 16, ""n_added_feats"": 10, ""initial_metric"": null, ""final_metric"": 0.9382698894084884, ""pct_gain"": 0.00271315479391913}"
167119,jungle_chess,openml_task,amlb,multiclass,tabularaml,1,4500,35855,8964,6,18,12,0.09863487993661445,categorical_crossentropy,False,0.2383778008598134,0.5862245579041137,354.1946704387665,0.026914596557617188,405.9783225059509,485.51953125,1999,ok,,0.2.0,"{""mode"": ""best"", ""elapsed_time"": 290.0755569934845, ""n_init_feats"": 6, ""n_added_feats"": 12, ""initial_metric"": null, ""final_metric"": 0.22650358283584118, ""pct_gain"": 0.22704479848339856}"
14969,GesturePhaseSegmentation,openml_task,amlb,multiclass,tabularaml,0,4500,7898,1975,32,41,9,0.8598925431116036,categorical_crossentropy,False,0.8673281025144131,0.008572948785187006,3642.9915907382965,0.024103641510009766,3684.0186262130737,464.53515625,661,ok,,0.2.0,"{""mode"": ""best"", ""elapsed_time"": 3618.878394126892, ""n_init_feats"": 32, ""n_added_feats"": 9, ""initial_metric"": null, ""final_metric"": 0.9256630449109291, ""pct_gain"": 0.022747042753844593}"
14969,GesturePhaseSegmentation,openml_task,amlb,multiclass,tabularaml,2,4500,7898,1975,32,39,7,0.8421262405937113,categorical_crossentropy,False,0.837373473830079,-0.005675802867140716,3644.879420042038,0.023068666458129883,3687.480840921402,471.49609375,724,ok,,0.2.0,"{""mode"": ""best"", ""elapsed_time"": 3620.6689937114716, ""n_init_feats"": 32, ""n_added_feats"": 7, ""initial_metric"": null, ""final_metric"": 0.9639442340329449, ""pct_gain"": -0.0001877559886746398}"
14969,GesturePhaseSegmentation,openml_task,amlb,multiclass,tabularaml,1,4500,7898,1975,32,36,4,0.8296642064276635,categorical_crossentropy,False,0.8239146764845222,-0.006978307471925791,3658.080244779587,0.017765045166015625,3699.674416065216,465.078125,631,ok,,0.2.0,"{""mode"": ""best"", ""elapsed_time"": 3638.2502660751343, ""n_init_feats"": 32, ""n_added_feats"": 4, ""initial_metric"": null, ""final_metric"": 0.941219071345801, ""pct_gain"": 0.01385530727657657}"
9957,qsar-biodeg,openml_task,amlb,classification,tabularaml,2,4500,,,,,,,,,,,,,4680,,,timeout,wall-clock exceeded 4680s,,
125920,dresses-sales,openml_task,amlb,classification,tabularaml,3,4500,400,100,12,49,37,0.5135467980295567,binary_roc_auc,True,0.5410509031198687,-0.05083459787556903,3126.856484889984,0.1139070987701416,3130.720897436142,346.828125,11,ok,,0.2.0,"{""mode"": ""best"", ""elapsed_time"": 3126.351505756378, ""n_init_feats"": 12, ""n_added_feats"": 37, ""initial_metric"": null, ""final_metric"": 0.6760108900628177, ""pct_gain"": 0.3287637205220631}"
167119,jungle_chess,openml_task,amlb,multiclass,tabularaml,3,4500,35855,8964,6,18,12,0.12410035922172243,categorical_crossentropy,False,0.248184381733049,0.49996708755345165,526.0611171722412,0.020174741744995117,564.0710475444794,490.9765625,1997,ok,,0.2.0,"{""mode"": ""best"", ""elapsed_time"": 472.9397118091583, ""n_init_feats"": 6, ""n_added_feats"": 12, ""initial_metric"": null, ""final_metric"": 0.23400623354378708, ""pct_gain"": 0.19093889657344068}"
9960,wall-robot-navigation,openml_task,amlb,multiclass,tabularaml,2,4500,,,,,,,,,,,,,4680,,,timeout,wall-clock exceeded 4680s,,
167119,jungle_chess,openml_task,amlb,multiclass,tabularaml,0,4500,35855,8964,6,18,12,0.19583026784855528,categorical_crossentropy,False,0.2508740078037275,0.21940790294320145,639.150420665741,0.03397941589355469,679.1199276447296,465.80859375,1630,ok,,0.2.0,"{""mode"": ""best"", ""elapsed_time"": 562.7559380531311, ""n_init_feats"": 6, ""n_added_feats"": 12, ""initial_metric"": null, ""final_metric"": 0.2589931704855478, ""pct_gain"": 0.09897583073041945}"
9960,wall-robot-navigation,openml_task,amlb,multiclass,tabularaml,4,4500,,,,,,,,,,,,,4680,,,timeout,wall-clock exceeded 4680s,,
9964,semeion,openml_task,amlb,multiclass,tabularaml,1,4500,,,,,,,,,,,,,4680,,,timeout,wall-clock exceeded 4680s,,
9964,semeion,openml_task,amlb,multiclass,tabularaml,3,4500,,,,,,,,,,,,,4680,,,timeout,wall-clock exceeded 4680s,,
9964,semeion,openml_task,amlb,multiclass,tabularaml,4,4500,,,,,,,,,,,,,4680,,,timeout,wall-clock exceeded 4680s,,
9981,cnae-9,openml_task,amlb,multiclass,tabularaml,1,4500,864,216,856,869,13,0.2169523925625038,categorical_crossentropy,False,0.2123475958505878,-0.021685184112731955,4360.827905654907,0.37665605545043945,4370.528067111969,398.90234375,254,ok,,0.2.0,"{""mode"": ""best"", ""elapsed_time"": 3292.660397529602, ""n_init_feats"": 856, ""n_added_feats"": 13, ""initial_metric"": null, ""final_metric"": 0.5666436901947158, ""pct_gain"": 0.0514719326232235}"
9971,ilpd,openml_task,amlb,classification,tabularaml,4,4500,,,,,,,,,,,,,4680,,,timeout,wall-clock exceeded 4680s,,
146821,car,openml_task,amlb,multiclass,tabularaml,2,4500,1382,346,6,41,35,0.004168744629973292,categorical_crossentropy,False,0.0302188357757733,0.8620481390843188,1692.4321730136871,0.10300230979919434,1703.8514094352722,381.171875,1179,ok,,0.2.0,"{""mode"": ""best"", ""elapsed_time"": 1691.1279482841492, ""n_init_feats"": 6, ""n_added_feats"": 35, ""initial_metric"": null, ""final_metric"": 0.002220035136337635, ""pct_gain"": 0.9764586383349835}"
167119,jungle_chess,openml_task,amlb,multiclass,tabularaml,2,4500,35855,8964,6,18,12,0.1497988227851761,categorical_crossentropy,False,0.236009589064831,0.3652850149913744,885.0377213954926,0.029300928115844727,925.2097690105438,483.87109375,1674,ok,,0.2.0,"{""mode"": ""best"", ""elapsed_time"": 453.2277066707611, ""n_init_feats"": 6, ""n_added_feats"": 12, ""initial_metric"": null, ""final_metric"": 0.24381516448848412, ""pct_gain"": 0.16607158650674975}"
9976,madelon,openml_task,amlb,classification,tabularaml,3,4500,,,,,,,,,,,,,4680,,,timeout,wall-clock exceeded 4680s,,
9985,first-order-theorem-proving,openml_task,amlb,multiclass,tabularaml,4,4500,4894,1224,51,62,11,1.098481084828819,categorical_crossentropy,False,1.1046307951096277,0.0055672087977580555,4420.086896419525,0.02779245376586914,4436.651681661606,427.0,236,ok,,0.2.0,"{""mode"": ""best"", ""elapsed_time"": 3646.35205578804, ""n_init_feats"": 51, ""n_added_feats"": 11, ""initial_metric"": null, ""final_metric"": 1.2796224108036653, ""pct_gain"": 0.0027902475874627022}"
14969,GesturePhaseSegmentation,openml_task,amlb,multiclass,tabularaml,4,4500,7898,1975,32,44,12,0.8266906730844816,categorical_crossentropy,False,0.8296306259481862,0.003543688928243751,4083.7653036117554,0.029773235321044922,4123.809932231903,474.09375,656,ok,,0.2.0,"{""mode"": ""best"", ""elapsed_time"": 3612.6575787067413, ""n_init_feats"": 32, ""n_added_feats"": 12, ""initial_metric"": null, ""final_metric"": 0.9329663347039249, ""pct_gain"": 0.0233831156458098}"
146821,car,openml_task,amlb,multiclass,tabularaml,1,4500,1382,346,6,36,30,0.010297110861706722,categorical_crossentropy,False,0.0233407536751194,0.5588355455426807,1785.0894293785095,0.12425637245178223,1797.801005601883,383.96484375,1227,ok,,0.2.0,"{""mode"": ""best"", ""elapsed_time"": 1783.32160115242, ""n_init_feats"": 6, ""n_added_feats"": 30, ""initial_metric"": null, ""final_metric"": 0.0030714083424166734, ""pct_gain"": 0.9655451291508159}"
9977,nomao,openml_task,amlb,classification,tabularaml,4,4500,,,,,,,,,,,,,4680,,,timeout,wall-clock exceeded 4680s,,
9978,ozone-level-8hr,openml_task,amlb,classification,tabularaml,3,4500,,,,,,,,,,,,,4680,,,timeout,wall-clock exceeded 4680s,,
9981,cnae-9,openml_task,amlb,multiclass,tabularaml,0,4500,,,,,,,,,,,,,4680,,,timeout,wall-clock exceeded 4680s,,
9981,cnae-9,openml_task,amlb,multiclass,tabularaml,3,4500,864,216,856,885,29,0.19083363701873976,categorical_crossentropy,False,0.1851087483562339,-0.0309271642390913,4614.906378269196,0.4304385185241699,4625.275034427643,394.703125,160,ok,,0.2.0,"{""mode"": ""best"", ""elapsed_time"": 3752.872375011444, ""n_init_feats"": 856, ""n_added_feats"": 29, ""initial_metric"": null, ""final_metric"": 0.5058516656778456, ""pct_gain"": 0.1367726530009575}"
9981,cnae-9,openml_task,amlb,multiclass,tabularaml,4,4500,864,216,856,870,14,0.24244552073543202,categorical_crossentropy,False,0.2422802891588718,-0.0006819852210589186,4610.560104370117,0.14792394638061523,4626.276916980743,402.3125,197,ok,,0.2.0,"{""mode"": ""best"", ""elapsed_time"": 3326.5788486003876, ""n_init_feats"": 856, ""n_added_feats"": 14, ""initial_metric"": null, ""final_metric"": 0.5703338952727485, ""pct_gain"": 0.13227509515065464}"
9981,cnae-9,openml_task,amlb,multiclass,tabularaml,2,4500,,,,,,,,,,,,,4680,,,timeout,wall-clock exceeded 4680s,,
167119,jungle_chess,openml_task,amlb,multiclass,tabularaml,4,4500,35855,8964,6,17,11,0.07252144321181862,categorical_crossentropy,False,0.2501226310414539,0.7100564514700017,948.1927552223206,0.03751397132873535,997.4484896659851,488.80078125,1999,ok,,0.2.0,"{""mode"": ""best"", ""elapsed_time"": 553.6361658573151, ""n_init_feats"": 6, ""n_added_feats"": 11, ""initial_metric"": null, ""final_metric"": 0.21002490573245575, ""pct_gain"": 0.2741180981751884}"
9985,first-order-theorem-proving,openml_task,amlb,multiclass,tabularaml,0,4500,,,,,,,,,,,,,4680,,,timeout,wall-clock exceeded 4680s,,
9985,first-order-theorem-proving,openml_task,amlb,multiclass,tabularaml,3,4500,,,,,,,,,,,,,4680,,,timeout,wall-clock exceeded 4680s,,
10093,banknote-authentication,openml_task,amlb,classification,tabularaml,0,4500,,,,,,,,,,,,,4680,,,timeout,wall-clock exceeded 4680s,,
10093,banknote-authentication,openml_task,amlb,classification,tabularaml,2,4500,,,,,,,,,,,,,4680,,,timeout,wall-clock exceeded 4680s,,
14952,PhishingWebsites,openml_task,amlb,classification,tabularaml,2,4500,,,,,,,,,,,,,4680,,,timeout,wall-clock exceeded 4680s,,
14954,cylinder-bands,openml_task,amlb,classification,tabularaml,2,4500,,,,,,,,,,,,,4680,,,timeout,wall-clock exceeded 4680s,,
125922,texture,openml_task,amlb,multiclass,tabularaml,4,4500,4400,1100,40,48,8,0.05619340397313698,categorical_crossentropy,False,0.0665968239574414,0.15621495690173928,3682.8942472934723,0.014893531799316406,3699.6232149600983,442.54296875,1059,ok,,0.2.0,"{""mode"": ""best"", ""elapsed_time"": 3658.0510284900665, ""n_init_feats"": 40, ""n_added_feats"": 8, ""initial_metric"": null, ""final_metric"": 0.07205273703099975, ""pct_gain"": 0.1886100679967265}"
14969,GesturePhaseSegmentation,openml_task,amlb,multiclass,tabularaml,3,4500,7898,1975,32,46,14,0.8626765541636822,categorical_crossentropy,False,0.8842936600477116,0.024445618984606416,4509.453240633011,0.035207509994506836,4554.530014753342,475.62109375,604,ok,,0.2.0,"{""mode"": ""best"", ""elapsed_time"": 3625.0563821792603, ""n_init_feats"": 32, ""n_added_feats"": 14, ""initial_metric"": null, ""final_metric"": 0.9107581337904899, ""pct_gain"": 0.027096169749105736}"
146821,car,openml_task,amlb,multiclass,tabularaml,0,4500,1382,346,6,44,38,0.006712871142674838,categorical_crossentropy,False,0.0345860984773998,0.8059084014040685,2220.472805738449,0.18021035194396973,2228.9251058101654,374.60546875,624,ok,,0.2.0,"{""mode"": ""best"", ""elapsed_time"": 2218.466156721115, ""n_init_feats"": 6, ""n_added_feats"": 38, ""initial_metric"": null, ""final_metric"": 0.0010873132716420074, ""pct_gain"": 0.9858844383418625}"
14970,har,openml_task,amlb,multiclass,tabularaml,0,4500,8239,2060,561,561,0,0.02713479678423436,categorical_crossentropy,False,0.0271347967842343,-2.173614884688578e-15,4242.400278806686,0.07047581672668457,4544.773339033127,960.94140625,1476,ok,,0.2.0,"{""mode"": ""best"", ""elapsed_time"": 3845.01757311821, ""n_init_feats"": 561, ""n_added_feats"": 0, ""initial_metric"": null, ""final_metric"": 0.038318884529614336, ""pct_gain"": 0.0}"
mushroom,mushroom,pmlb,pmlb,classification,tabularaml,0,4500,6499,1625,21,21,0,1.0,binary_roc_auc,True,1.0,0.0,427.41217160224915,0.004071474075317383,440.008172750473,398.359375,1979,ok,,0.2.0,"{""mode"": ""best"", ""elapsed_time"": 426.2689094543457, ""n_init_feats"": 21, ""n_added_feats"": 0, ""initial_metric"": null, ""final_metric"": 1.0, ""pct_gain"": 0.0}"
mushroom,mushroom,pmlb,pmlb,classification,tabularaml,1,4500,6499,1625,21,21,0,1.0,binary_roc_auc,True,1.0,0.0,390.96006536483765,0.0033495426177978516,399.81264901161194,395.1953125,1999,ok,,0.2.0,"{""mode"": ""best"", ""elapsed_time"": 389.9555609226227, ""n_init_feats"": 21, ""n_added_feats"": 0, ""initial_metric"": null, ""final_metric"": 1.0, ""pct_gain"": 0.0}"
kr_vs_kp,kr-vs-kp,pmlb,pmlb,classification,tabularaml,0,4500,2556,640,36,36,0,0.9999804312942743,binary_roc_auc,True,0.9999804312942744,-1.110244750677966e-16,217.4461658000946,0.006051540374755859,221.36755275726318,352.578125,643,ok,,0.2.0,"{""mode"": ""best"", ""elapsed_time"": 216.71690273284912, ""n_init_feats"": 36, ""n_added_feats"": 0, ""initial_metric"": null, ""final_metric"": 0.9997666659489355, ""pct_gain"": 0.000306893182610141}"
14970,har,openml_task,amlb,multiclass,tabularaml,1,4500,8239,2060,561,561,0,0.02071714665300204,categorical_crossentropy,False,0.020717146653002,-2.0096089543977103e-15,4230.839726686478,0.06749367713928223,4571.946327447891,987.9140625,1260,ok,,0.2.0,"{""mode"": ""best"", ""elapsed_time"": 3882.1204795837402, ""n_init_feats"": 561, ""n_added_feats"": 0, ""initial_metric"": null, ""final_metric"": 0.04314398943755948, ""pct_gain"": 0.0}"
kr_vs_kp,kr-vs-kp,pmlb,pmlb,classification,tabularaml,1,4500,2556,640,36,36,0,0.9990509177722985,binary_roc_auc,True,0.9990509177722984,1.1112777185578806e-16,314.1474275588989,0.0053081512451171875,324.5206632614136,360.41796875,444,ok,,0.2.0,"{""mode"": ""best"", ""elapsed_time"": 313.3697702884674, ""n_init_feats"": 36, ""n_added_feats"": 0, ""initial_metric"": null, ""final_metric"": 0.999758829065018, ""pct_gain"": 2.655428470754313e-06}"
mushroom,mushroom,pmlb,pmlb,classification,tabularaml,2,4500,6499,1625,21,21,0,1.0,binary_roc_auc,True,1.0,0.0,487.8118324279785,0.005488395690917969,492.95628666877747,403.30859375,1985,ok,,0.2.0,"{""mode"": ""best"", ""elapsed_time"": 486.52041602134705, ""n_init_feats"": 21, ""n_added_feats"": 0, ""initial_metric"": null, ""final_metric"": 1.0, ""pct_gain"": 0.0}"
14970,har,openml_task,amlb,multiclass,tabularaml,3,4500,8239,2060,561,561,0,0.036297432944591985,categorical_crossentropy,False,0.0362974329445919,-2.2940114518289366e-15,4320.5723531246185,0.07354497909545898,4525.284017562866,948.921875,861,ok,,0.2.0,"{""mode"": ""best"", ""elapsed_time"": 3931.966598033905, ""n_init_feats"": 561, ""n_added_feats"": 0, ""initial_metric"": null, ""final_metric"": 0.03897821005465247, ""pct_gain"": 0.0}"
mushroom,mushroom,pmlb,pmlb,classification,tabularaml,4,4500,6499,1625,21,21,0,1.0,binary_roc_auc,True,1.0,0.0,468.9143600463867,0.003650665283203125,474.6149754524231,404.95703125,1445,ok,,0.2.0,"{""mode"": ""best"", ""elapsed_time"": 467.79358553886414, ""n_init_feats"": 21, ""n_added_feats"": 0, ""initial_metric"": null, ""final_metric"": 1.0, ""pct_gain"": 0.0}"
146195,connect-4,openml_task,amlb,multiclass,tabularaml,1,4500,54045,13512,42,50,8,0.34291010013704804,categorical_crossentropy,False,0.3454479343823498,0.007346502881365636,3718.4148762226105,0.3850874900817871,3835.0042793750763,733.421875,1994,ok,,0.2.0,"{""mode"": ""best"", ""elapsed_time"": 3669.687306165695, ""n_init_feats"": 42, ""n_added_feats"": 8, ""initial_metric"": null, ""final_metric"": 0.44321611659101157, ""pct_gain"": 0.03359670923840975}"
14970,har,openml_task,amlb,multiclass,tabularaml,2,4500,,,,,,,,,,,,,4680,,,timeout,wall-clock exceeded 4680s,,
chess,chess,pmlb,pmlb,classification,tabularaml,4,4500,2556,640,36,36,0,0.999902156471371,binary_roc_auc,True,0.999902156471371,0.0,291.60009694099426,0.007887125015258789,297.9082682132721,348.6015625,419,ok,,0.2.0,"{""mode"": ""best"", ""elapsed_time"": 290.76124715805054, ""n_init_feats"": 36, ""n_added_feats"": 0, ""initial_metric"": null, ""final_metric"": 0.9996171785947432, ""pct_gain"": 0.0007084556832030732}"
ionosphere,ionosphere,pmlb,pmlb,classification,tabularaml,3,4500,280,71,33,36,3,0.9434782608695652,binary_roc_auc,True,0.9443478260869566,-0.0009208103130755481,256.21124792099,0.013695716857910156,264.4745297431946,330.28515625,71,ok,,0.2.0,"{""mode"": ""best"", ""elapsed_time"": 255.87853121757507, ""n_init_feats"": 33, ""n_added_feats"": 3, ""initial_metric"": null, ""final_metric"": 0.9781881313131313, ""pct_gain"": 0.00658415476530973}"
146195,connect-4,openml_task,amlb,multiclass,tabularaml,2,4500,54045,13512,42,50,8,0.34871693053387837,categorical_crossentropy,False,0.3485285561887233,-0.0005404846799785906,3807.440217733383,0.3778266906738281,3916.0715374946594,756.58984375,1999,ok,,0.2.0,"{""mode"": ""best"", ""elapsed_time"": 3759.464761018753, ""n_init_feats"": 42, ""n_added_feats"": 8, ""initial_metric"": null, ""final_metric"": 0.455085884397866, ""pct_gain"": 0.0035145716505404407}"
125922,texture,openml_task,amlb,multiclass,tabularaml,1,4500,4400,1100,40,51,11,0.061137236717503665,categorical_crossentropy,False,0.0485517588470454,-0.2592177537812134,4303.3929579257965,0.026462554931640625,4318.645989894867,422.04296875,498,ok,,0.2.0,"{""mode"": ""best"", ""elapsed_time"": 3658.800768852234, ""n_init_feats"": 40, ""n_added_feats"": 11, ""initial_metric"": null, ""final_metric"": 0.07170530333746283, ""pct_gain"": 0.1252035764532016}"
125922,texture,openml_task,amlb,multiclass,tabularaml,0,4500,4400,1100,40,51,11,0.045777628410638004,categorical_crossentropy,False,0.0495017578233257,0.07523226601324551,4350.677019357681,0.026976346969604492,4374.666417121887,426.28515625,790,ok,,0.2.0,"{""mode"": ""best"", ""elapsed_time"": 3649.1220326423645, ""n_init_feats"": 40, ""n_added_feats"": 11, ""initial_metric"": null, ""final_metric"": 0.05921965108246034, ""pct_gain"": 0.20560026551713956}"
146800,MiceProtein,openml_task,amlb,multiclass,tabularaml,1,4500,864,216,77,82,5,0.08526470316644043,categorical_crossentropy,False,0.0785141395654473,-0.0859789540884676,3709.2102427482605,0.023678064346313477,3726.112242937088,391.484375,906,ok,,0.2.0,"{""mode"": ""best"", ""elapsed_time"": 3690.4851019382477, ""n_init_feats"": 77, ""n_added_feats"": 5, ""initial_metric"": null, ""final_metric"": 0.0535724184881262, ""pct_gain"": 0.1841534877756962}"
breast_cancer,breast-cancer,pmlb,pmlb,classification,tabularaml,1,4500,228,58,9,22,13,0.6972740315638449,binary_roc_auc,True,0.7101865136298422,-0.018181818181818372,79.38713669776917,0.04888606071472168,98.75835394859314,324.49609375,12,ok,,0.2.0,"{""mode"": ""best"", ""elapsed_time"": 72.4208037853241, ""n_init_feats"": 9, ""n_added_feats"": 13, ""initial_metric"": null, ""final_metric"": 0.6849564228874574, ""pct_gain"": 0.31023484474695745}"
146195,connect-4,openml_task,amlb,multiclass,tabularaml,4,4500,54045,13512,42,56,14,0.34717564745199114,categorical_crossentropy,False,0.3540504133254973,0.019417477327404852,3826.095739841461,0.45647549629211426,3949.1223618984222,766.625,1997,ok,,0.2.0,"{""mode"": ""best"", ""elapsed_time"": 3773.9855296611786, ""n_init_feats"": 42, ""n_added_feats"": 14, ""initial_metric"": null, ""final_metric"": 0.4408427598849679, ""pct_gain"": 0.03545339065184111}"
kr_vs_kp,kr-vs-kp,pmlb,pmlb,classification,tabularaml,3,4500,2556,640,36,36,0,0.9994178310046573,binary_roc_auc,True,0.9994178310046572,1.110869738544802e-16,728.4509656429291,0.0072596073150634766,733.3241937160492,382.984375,1213,ok,,0.2.0,"{""mode"": ""best"", ""elapsed_time"": 727.5971214771271, ""n_init_feats"": 36, ""n_added_feats"": 0, ""initial_metric"": null, ""final_metric"": 0.9995281238081638, ""pct_gain"": 0.00037799383447568275}"
kr_vs_kp,kr-vs-kp,pmlb,pmlb,classification,tabularaml,2,4500,2556,640,36,37,1,0.9998434503541935,binary_roc_auc,True,0.9998728034127824,-2.9356792672705345e-05,585.6027538776398,0.010329008102416992,746.562121629715,375.13671875,886,ok,,0.2.0,"{""mode"": ""best"", ""elapsed_time"": 584.7918977737427, ""n_init_feats"": 36, ""n_added_feats"": 1, ""initial_metric"": null, ""final_metric"": 0.9995595084678687, ""pct_gain"": 0.0003987207499218821}"
14970,har,openml_task,amlb,multiclass,tabularaml,4,4500,,,,,,,,,,,,,4680,,,timeout,wall-clock exceeded 4680s,,
146821,car,openml_task,amlb,multiclass,tabularaml,3,4500,1382,346,6,52,46,0.005192777490966979,categorical_crossentropy,False,0.0530183626580865,0.9020570000538302,2744.632461309433,0.17943763732910156,2754.0867326259613,391.88671875,1576,ok,,0.2.0,"{""mode"": ""best"", ""elapsed_time"": 2742.551302909851, ""n_init_feats"": 6, ""n_added_feats"": 46, ""initial_metric"": null, ""final_metric"": 0.0022450896436970935, ""pct_gain"": 0.9756891797849717}"
sonar,sonar,pmlb,pmlb,classification,tabularaml,1,4500,166,42,60,68,8,0.9681818181818181,binary_roc_auc,True,0.9840909090909092,-0.01616628175519649,437.4977207183838,0.033849477767944336,444.49161171913147,332.62890625,261,ok,,0.2.0,"{""mode"": ""best"", ""elapsed_time"": 437.2176790237427, ""n_init_feats"": 60, ""n_added_feats"": 8, ""initial_metric"": null, ""final_metric"": 0.9363324175824175, ""pct_gain"": 0.044994633868525154}"
kr_vs_kp,kr-vs-kp,pmlb,pmlb,classification,tabularaml,4,4500,2556,640,36,36,0,0.9999804312942743,binary_roc_auc,True,0.9999804312942744,-1.110244750677966e-16,755.4381148815155,0.007300138473510742,761.4852523803711,379.3203125,598,ok,,0.2.0,"{""mode"": ""best"", ""elapsed_time"": 754.587082862854, ""n_init_feats"": 36, ""n_added_feats"": 0, ""initial_metric"": null, ""final_metric"": 0.9997850452339876, ""pct_gain"": 7.872607322597374e-05}"
breast_cancer,breast-cancer,pmlb,pmlb,classification,tabularaml,4,4500,228,58,9,19,10,0.7912482065997131,binary_roc_auc,True,0.7166427546628407,0.10410410410410424,115.18008208274841,0.044307708740234375,134.62316608428955,329.7578125,17,ok,,0.2.0,"{""mode"": ""best"", ""elapsed_time"": 108.0050151348114, ""n_init_feats"": 9, ""n_added_feats"": 10, ""initial_metric"": null, ""final_metric"": 0.7555418719211822, ""pct_gain"": 0.1445731239130982}"
sonar,sonar,pmlb,pmlb,classification,tabularaml,2,4500,166,42,60,75,15,0.8886363636363637,binary_roc_auc,True,0.9068181818181816,-0.020050125313282974,449.5754964351654,0.043981075286865234,459.83627915382385,332.9765625,825,ok,,0.2.0,"{""mode"": ""best"", ""elapsed_time"": 436.95399355888367, ""n_init_feats"": 60, ""n_added_feats"": 15, ""initial_metric"": null, ""final_metric"": 0.8955357142857142, ""pct_gain"": 0.018115093102400375}"
breast_cancer,breast-cancer,pmlb,pmlb,classification,tabularaml,0,4500,228,58,9,21,12,0.7015781922525107,binary_roc_auc,True,0.659971305595409,0.06304347826086942,242.30736327171326,0.040158748626708984,250.08760714530945,330.80859375,25,ok,,0.2.0,"{""mode"": ""best"", ""elapsed_time"": 236.47965574264526, ""n_init_feats"": 9, ""n_added_feats"": 12, ""initial_metric"": null, ""final_metric"": 0.7571175950486294, ""pct_gain"": 0.1663772151268303}"
breast_cancer,breast-cancer,pmlb,pmlb,classification,tabularaml,2,4500,228,58,9,19,10,0.7417503586800572,binary_roc_auc,True,0.7101865136298422,0.044444444444444196,189.52119326591492,0.03799796104431152,199.56952619552612,332.2265625,46,ok,,0.2.0,"{""mode"": ""best"", ""elapsed_time"": 184.53280591964722, ""n_init_feats"": 9, ""n_added_feats"": 10, ""initial_metric"": null, ""final_metric"": 0.6671087533156499, ""pct_gain"": 0.10142539690523777}"
ionosphere,ionosphere,pmlb,pmlb,classification,tabularaml,4,4500,280,71,33,42,9,0.9547826086956522,binary_roc_auc,True,0.948695652173913,0.006416131989000973,511.5165493488312,0.030091285705566406,519.4622094631195,333.5546875,218,ok,,0.2.0,"{""mode"": ""best"", ""elapsed_time"": 511.1672649383545, ""n_init_feats"": 33, ""n_added_feats"": 9, ""initial_metric"": null, ""final_metric"": 0.9899776271486797, ""pct_gain"": 0.01950194622983352}"
ionosphere,ionosphere,pmlb,pmlb,classification,tabularaml,0,4500,280,71,33,52,19,0.9721739130434782,binary_roc_auc,True,0.9608695652173912,0.011764705882353014,640.9598925113678,0.06342124938964844,658.9400653839111,333.75,56,ok,,0.2.0,"{""mode"": ""best"", ""elapsed_time"": 625.748193025589, ""n_init_feats"": 33, ""n_added_feats"": 19, ""initial_metric"": null, ""final_metric"": 0.9749717570441255, ""pct_gain"": 0.014178971493989093}"
spambase,spambase,pmlb,pmlb,classification,tabularaml,0,4500,3680,921,57,58,1,0.9894052943906316,binary_roc_auc,True,0.9896965747405628,-0.00029431277965931695,972.3825476169586,0.011638164520263672,984.3120458126068,385.6484375,390,ok,,0.2.0,"{""mode"": ""best"", ""elapsed_time"": 971.0217154026031, ""n_init_feats"": 57, ""n_added_feats"": 1, ""initial_metric"": null, ""final_metric"": 0.9888212832085796, ""pct_gain"": 0.0009032271853302353}"
146800,MiceProtein,openml_task,amlb,multiclass,tabularaml,0,4500,864,216,77,83,6,0.07807402029936418,categorical_crossentropy,False,0.0820854400927028,0.0488688345802659,3623.395030736923,0.02214670181274414,3954.6765837669373,388.51953125,761,ok,,0.2.0,"{""mode"": ""best"", ""elapsed_time"": 3606.0864248275757, ""n_init_feats"": 77, ""n_added_feats"": 6, ""initial_metric"": null, ""final_metric"": 0.050990300186449525, ""pct_gain"": 0.3009742705408124}"
chess,chess,pmlb,pmlb,classification,tabularaml,2,4500,2556,640,36,37,1,0.9998532347070566,binary_roc_auc,True,0.999804312942742,4.8931339544434307e-05,671.5610837936401,0.018474817276000977,745.6727516651154,383.1484375,1104,ok,,0.2.0,"{""mode"": ""best"", ""elapsed_time"": 670.6468689441681, ""n_init_feats"": 36, ""n_added_feats"": 1, ""initial_metric"": null, ""final_metric"": 0.9995438718240696, ""pct_gain"": 1.510399928610574e-07}"
adult,adult,pmlb,pmlb,classification,tabularaml,3,4500,39073,9769,14,16,2,0.9335244960796442,binary_roc_auc,True,0.9333098610438156,0.00022997189335220044,1182.2786185741425,0.012806415557861328,1188.8320229053497,554.4921875,355,ok,,0.2.0,"{""mode"": ""best"", ""elapsed_time"": 1173.773173570633, ""n_init_feats"": 14, ""n_added_feats"": 2, ""initial_metric"": null, ""final_metric"": 0.9268318549230898, ""pct_gain"": 0.0009270071909718728}"
146800,MiceProtein,openml_task,amlb,multiclass,tabularaml,3,4500,864,216,77,87,10,0.06163278164927356,categorical_crossentropy,False,0.0668035276687954,0.0774022899682458,3803.7046773433685,0.03655838966369629,3822.4135065078735,403.90625,1132,ok,,0.2.0,"{""mode"": ""best"", ""elapsed_time"": 3654.9959037303925, ""n_init_feats"": 77, ""n_added_feats"": 10, ""initial_metric"": null, ""final_metric"": 0.043271836813021276, ""pct_gain"": 0.22187496744283225}"
breast_cancer,breast-cancer,pmlb,pmlb,classification,tabularaml,3,4500,228,58,9,19,10,0.7152080344332854,binary_roc_auc,True,0.7094691535150646,0.008088978766430579,236.83218836784363,0.05335211753845215,311.73094177246094,332.265625,10,ok,,0.2.0,"{""mode"": ""best"", ""elapsed_time"": 230.7969765663147, ""n_init_feats"": 9, ""n_added_feats"": 10, ""initial_metric"": null, ""final_metric"": 0.6654635594290766, ""pct_gain"": 0.1190592488395329}"
146800,MiceProtein,openml_task,amlb,multiclass,tabularaml,4,4500,864,216,77,87,10,0.0968978186666155,categorical_crossentropy,False,0.1046200950233334,0.07381255345825874,3800.7812824249268,0.025250673294067383,3819.9377422332764,410.38671875,1402,ok,,0.2.0,"{""mode"": ""best"", ""elapsed_time"": 3650.1119203567505, ""n_init_feats"": 77, ""n_added_feats"": 10, ""initial_metric"": null, ""final_metric"": 0.056219257274296976, ""pct_gain"": 0.08726002002850741}"
chess,chess,pmlb,pmlb,classification,tabularaml,0,4500,2556,640,36,37,1,0.9996771163555243,binary_roc_auc,True,0.9996869007083872,-9.787417296340437e-06,902.8271150588989,0.008359432220458984,909.9628748893738,375.37890625,1138,ok,,0.2.0,"{""mode"": ""best"", ""elapsed_time"": 902.2398946285248, ""n_init_feats"": 36, ""n_added_feats"": 1, ""initial_metric"": null, ""final_metric"": 0.9998322323581841, ""pct_gain"": 0.0001232402201801934}"
146822,segment,openml_task,amlb,multiclass,tabularaml,0,4500,1848,462,16,26,10,0.19007561332369788,categorical_crossentropy,False,0.1764436334845795,-0.0772596866767072,2952.992467403412,0.025072813034057617,2965.8208413124084,368.1484375,169,ok,,0.2.0,"{""mode"": ""best"", ""elapsed_time"": 2760.417987346649, ""n_init_feats"": 16, ""n_added_feats"": 10, ""initial_metric"": null, ""final_metric"": 0.3015354902474544, ""pct_gain"": 0.18322371252152536}"
146817,steel-plates-fault,openml_task,amlb,multiclass,tabularaml,0,4500,1552,389,27,33,6,0.5141143771603699,categorical_crossentropy,False,0.5198084563573531,0.010954187311390444,3659.6231050491333,0.02277517318725586,3734.201105594635,372.93359375,189,ok,,0.2.0,"{""mode"": ""best"", ""elapsed_time"": 3652.289072036743, ""n_init_feats"": 27, ""n_added_feats"": 6, ""initial_metric"": null, ""final_metric"": 0.7447849815452966, ""pct_gain"": 0.08788173143357668}"
125922,texture,openml_task,amlb,multiclass,tabularaml,2,4500,,,,,,,,,,,,,4680,,,timeout,wall-clock exceeded 4680s,,
146817,steel-plates-fault,openml_task,amlb,multiclass,tabularaml,3,4500,1552,389,27,36,9,0.575254938275503,categorical_crossentropy,False,0.5890017494740046,0.0233391687049791,3672.5494158267975,0.020566463470458984,3684.563546180725,378.36328125,159,ok,,0.2.0,"{""mode"": ""best"", ""elapsed_time"": 3665.1257865428925, ""n_init_feats"": 27, ""n_added_feats"": 9, ""initial_metric"": null, ""final_metric"": 0.7228459713985238, ""pct_gain"": 0.01596968768502678}"
125922,texture,openml_task,amlb,multiclass,tabularaml,3,4500,,,,,,,,,,,,,4680,,,timeout,wall-clock exceeded 4680s,,
adult,adult,pmlb,pmlb,classification,tabularaml,0,4500,39073,9769,14,17,3,0.9257969153106209,binary_roc_auc,True,0.9250719968448822,0.000783634644882997,1369.6039323806763,0.01586771011352539,1375.04723072052,574.28125,317,ok,,0.2.0,"{""mode"": ""best"", ""elapsed_time"": 1361.0593791007996, ""n_init_feats"": 14, ""n_added_feats"": 3, ""initial_metric"": null, ""final_metric"": 0.9301055157784444, ""pct_gain"": 0.00036430709641585893}"
ionosphere,ionosphere,pmlb,pmlb,classification,tabularaml,1,4500,280,71,33,53,20,0.942608695652174,binary_roc_auc,True,0.9704347826086956,-0.028673835125447956,832.2243163585663,0.04555535316467285,851.3332722187042,336.48828125,72,ok,,0.2.0,"{""mode"": ""best"", ""elapsed_time"": 816.3987355232239, ""n_init_feats"": 33, ""n_added_feats"": 20, ""initial_metric"": null, ""final_metric"": 0.9915387426900584, ""pct_gain"": 0.021431753665466426}"
146195,connect-4,openml_task,amlb,multiclass,tabularaml,0,4500,,,,,,,,,,,,,4680,,,timeout,wall-clock exceeded 4680s,,
car_evaluation,car-evaluation,pmlb,pmlb,multiclass,tabularaml,3,4500,1382,346,6,18,12,0.014530888272805798,categorical_crossentropy,False,0.0301109928954096,0.5174224801128686,145.4528934955597,0.023595571517944336,157.3187108039856,361.078125,1290,ok,,0.2.0,"{""mode"": ""best"", ""elapsed_time"": 126.50556468963623, ""n_init_feats"": 6, ""n_added_feats"": 12, ""initial_metric"": null, ""final_metric"": 0.012746942832576252, ""pct_gain"": 0.696579603206142}"
shuttle,shuttle,pmlb,pmlb,multiclass,tabularaml,0,4500,46400,11600,9,,,,,,,,,,9.933688879013062,,,crash,ValueError: y contains previously unseen labels: [6],0.2.0,
titanic,titanic,pmlb,pmlb,classification,tabularaml,2,4500,1679,420,8,23,15,0.7714503935376968,binary_roc_auc,True,0.7797224523612263,-0.010608978616018096,385.8820421695709,0.029195308685302734,396.66629338264465,345.484375,60,ok,,0.2.0,"{""mode"": ""best"", ""elapsed_time"": 331.55979013442993, ""n_init_feats"": 8, ""n_added_feats"": 15, ""initial_metric"": null, ""final_metric"": 0.8153806644609063, ""pct_gain"": 0.008345001670452252}"
sonar,sonar,pmlb,pmlb,classification,tabularaml,0,4500,166,42,60,77,17,0.9454545454545454,binary_roc_auc,True,0.95,-0.004784688995215284,777.1451194286346,0.0613100528717041,787.5541653633118,337.75390625,185,ok,,0.2.0,"{""mode"": ""best"", ""elapsed_time"": 763.802193403244, ""n_init_feats"": 60, ""n_added_feats"": 17, ""initial_metric"": null, ""final_metric"": 0.935576923076923, ""pct_gain"": 0.007991712212254306}"
shuttle,shuttle,pmlb,pmlb,multiclass,tabularaml,3,4500,46400,11600,9,,,,,,,,,,10.062901973724365,,,crash,ValueError: y contains previously unseen labels: [5],0.2.0,
adult,adult,pmlb,pmlb,classification,tabularaml,2,4500,39073,9769,14,15,1,0.9251154821679093,binary_roc_auc,True,0.9251391386441028,-2.5570722505787994e-05,1386.3956742286682,0.013159513473510742,1408.0962903499603,564.8828125,417,ok,,0.2.0,"{""mode"": ""best"", ""elapsed_time"": 1377.8603248596191, ""n_init_feats"": 14, ""n_added_feats"": 1, ""initial_metric"": null, ""final_metric"": 0.9290514354117214, ""pct_gain"": -0.000168007561973628}"
car_evaluation,car-evaluation,pmlb,pmlb,multiclass,tabularaml,1,4500,1382,346,6,18,12,0.018653488334224956,categorical_crossentropy,False,0.0234512215889363,0.20458351120501095,255.13910794258118,0.02599191665649414,265.07368087768555,360.828125,1110,ok,,0.2.0,"{""mode"": ""best"", ""elapsed_time"": 224.731294631958, ""n_init_feats"": 6, ""n_added_feats"": 12, ""initial_metric"": null, ""final_metric"": 0.00866090455198697, ""pct_gain"": 0.5225193423190616}"
spambase,spambase,pmlb,pmlb,classification,tabularaml,3,4500,3680,921,57,59,2,0.9884376511942494,binary_roc_auc,True,0.988432714239166,4.9947305590875224e-06,1267.726143360138,0.010617971420288086,1272.3362424373627,390.19140625,339,ok,,0.2.0,"{""mode"": ""best"", ""elapsed_time"": 1266.3411180973053, ""n_init_feats"": 57, ""n_added_feats"": 2, ""initial_metric"": null, ""final_metric"": 0.9879014189510544, ""pct_gain"": 0.004061809289689359}"
146817,steel-plates-fault,openml_task,amlb,multiclass,tabularaml,2,4500,1552,389,27,45,18,0.5952751383180598,categorical_crossentropy,False,0.6170433827383793,0.0352783046205182,3868.463056564331,0.0381932258605957,3881.0699400901794,368.33984375,132,ok,,0.2.0,"{""mode"": ""best"", ""elapsed_time"": 3618.6889820098877, ""n_init_feats"": 27, ""n_added_feats"": 18, ""initial_metric"": null, ""final_metric"": 0.6910613242285206, ""pct_gain"": 0.06500261252445023}"
car_evaluation,car-evaluation,pmlb,pmlb,multiclass,tabularaml,4,4500,1382,346,6,18,12,0.005869240003289846,categorical_crossentropy,False,0.0186490782192849,0.6852798870659195,310.7232069969177,0.03298616409301758,323.1594295501709,377.78125,1855,ok,,0.2.0,"{""mode"": ""best"", ""elapsed_time"": 254.54053807258606, ""n_init_feats"": 6, ""n_added_feats"": 12, ""initial_metric"": null, ""final_metric"": 0.010823625907144625, ""pct_gain"": 0.572232053816983}"
chess,chess,pmlb,pmlb,classification,tabularaml,3,4500,2556,640,36,40,4,0.9997407146491332,binary_roc_auc,True,0.999740714649133,1.11051096385006e-16,1110.4205017089844,0.011113882064819336,1114.2728958129883,386.86328125,631,ok,,0.2.0,"{""mode"": ""best"", ""elapsed_time"": 1109.8559465408325, ""n_init_feats"": 36, ""n_added_feats"": 4, ""initial_metric"": null, ""final_metric"": 0.999612032378429, ""pct_gain"": 0.0005825040263990806}"
car_evaluation,car-evaluation,pmlb,pmlb,multiclass,tabularaml,0,4500,1382,346,6,18,12,0.00920924007653458,categorical_crossentropy,False,0.0258303344678274,0.6434718997539496,396.5380640029907,0.0279691219329834,402.83189702033997,386.27734375,1928,ok,,0.2.0,"{""mode"": ""best"", ""elapsed_time"": 360.2389590740204, ""n_init_feats"": 6, ""n_added_feats"": 12, ""initial_metric"": null, ""final_metric"": 0.005606969024559534, ""pct_gain"": 0.7311719793722591}"
sonar,sonar,pmlb,pmlb,classification,tabularaml,4,4500,166,42,60,76,16,0.9704545454545455,binary_roc_auc,True,0.9659090909090908,0.0047058823529412645,808.1566145420074,0.061235904693603516,811.7025103569031,337.51953125,132,ok,,0.2.0,"{""mode"": ""best"", ""elapsed_time"": 794.1918547153473, ""n_init_feats"": 60, ""n_added_feats"": 16, ""initial_metric"": null, ""final_metric"": 0.9335851648351647, ""pct_gain"": 0.017516280967858896}"
146821,car,openml_task,amlb,multiclass,tabularaml,4,4500,1382,346,6,46,40,0.012016335892626741,categorical_crossentropy,False,0.0217901491548876,0.44854274253871096,3285.8444986343384,0.16187310218811035,3290.6265375614166,374.3125,689,ok,,0.2.0,"{""mode"": ""best"", ""elapsed_time"": 3284.492879629135, ""n_init_feats"": 6, ""n_added_feats"": 40, ""initial_metric"": null, ""final_metric"": 0.0013510838105451819, ""pct_gain"": 0.9855267729265565}"
146817,steel-plates-fault,openml_task,amlb,multiclass,tabularaml,4,4500,1552,389,27,37,10,0.5602747035451631,categorical_crossentropy,False,0.5864190776050713,0.04458308922465745,3915.415139436722,0.022165775299072266,3929.721033334732,372.5703125,165,ok,,0.2.0,"{""mode"": ""best"", ""elapsed_time"": 3622.605170726776, ""n_init_feats"": 27, ""n_added_feats"": 10, ""initial_metric"": null, ""final_metric"": 0.7462857638849885, ""pct_gain"": 0.0699707352959727}"
ionosphere,ionosphere,pmlb,pmlb,classification,tabularaml,2,4500,280,71,33,36,3,0.9634782608695652,binary_roc_auc,True,0.98,-0.016858917480035464,349.1164801120758,0.014871358871459961,1087.1765944957733,331.93359375,50,ok,,0.2.0,"{""mode"": ""best"", ""elapsed_time"": 348.76626896858215, ""n_init_feats"": 33, ""n_added_feats"": 3, ""initial_metric"": null, ""final_metric"": 0.9741432970051391, ""pct_gain"": 0.016245423583621837}"
titanic,titanic,pmlb,pmlb,classification,tabularaml,3,4500,1679,420,8,23,15,0.8207850041425022,binary_roc_auc,True,0.8310118061309031,-0.012306446085303771,611.0975151062012,0.05440020561218262,620.8731725215912,353.54296875,64,ok,,0.2.0,"{""mode"": ""best"", ""elapsed_time"": 597.0185182094574, ""n_init_feats"": 8, ""n_added_feats"": 15, ""initial_metric"": null, ""final_metric"": 0.8067932782869246, ""pct_gain"": 0.01778048107678958}"
146195,connect-4,openml_task,amlb,multiclass,tabularaml,3,4500,,,,,,,,,,,,,4680,,,timeout,wall-clock exceeded 4680s,,
car_evaluation,car-evaluation,pmlb,pmlb,multiclass,tabularaml,2,4500,1382,346,6,17,11,0.019609649731699517,categorical_crossentropy,False,0.0299400576324998,0.3450363398628422,500.64298367500305,0.014735937118530273,504.72123193740845,365.08203125,1138,ok,,0.2.0,"{""mode"": ""best"", ""elapsed_time"": 457.5174009799957, ""n_init_feats"": 6, ""n_added_feats"": 11, ""initial_metric"": null, ""final_metric"": 0.021254183287280095, ""pct_gain"": 0.6004259772678578}"
spambase,spambase,pmlb,pmlb,classification,tabularaml,4,4500,3680,921,57,60,3,0.984739871836646,binary_roc_auc,True,0.984739871836646,0.0,1556.0024862289429,0.009727239608764648,1560.038754940033,402.56640625,254,ok,,0.2.0,"{""mode"": ""best"", ""elapsed_time"": 1554.6655077934265, ""n_init_feats"": 57, ""n_added_feats"": 3, ""initial_metric"": null, ""final_metric"": 0.9890598636229315, ""pct_gain"": 0.0013648485158699666}"
146800,MiceProtein,openml_task,amlb,multiclass,tabularaml,2,4500,,,,,,,,,,,,,4680,,,timeout,wall-clock exceeded 4680s,,
titanic,titanic,pmlb,pmlb,classification,tabularaml,0,4500,1679,420,8,17,9,0.823865990057995,binary_roc_auc,True,0.8354132145816073,-0.013822171258561475,1159.7681775093079,0.025468826293945312,1163.1131665706635,367.91796875,74,ok,,0.2.0,"{""mode"": ""best"", ""elapsed_time"": 1155.7662692070007, ""n_init_feats"": 8, ""n_added_feats"": 9, ""initial_metric"": null, ""final_metric"": 0.7910412945666072, ""pct_gain"": 0.008816422092023274}"
146824,mfeat-pixel,openml_task,amlb,multiclass,tabularaml,0,4500,1600,400,240,242,2,0.11957532774038554,categorical_crossentropy,False,0.1224357313526707,0.02336249051386722,3690.87158536911,0.04113149642944336,3702.114905834198,385.2265625,490,ok,,0.2.0,"{""mode"": ""best"", ""elapsed_time"": 3680.392142057419, ""n_init_feats"": 240, ""n_added_feats"": 2, ""initial_metric"": null, ""final_metric"": 0.11920806343675365, ""pct_gain"": 0.15545200354309818}"
146820,wilt,openml_task,amlb,classification,tabularaml,1,4500,3871,968,5,14,9,0.984527208599261,binary_roc_auc,True,0.9931138730265368,-0.008646203280906433,1086.8103241920471,0.01696634292602539,4315.753690004349,404.82421875,116,ok,,0.2.0,"{""mode"": ""best"", ""elapsed_time"": 1085.8166997432709, ""n_init_feats"": 5, ""n_added_feats"": 9, ""initial_metric"": null, ""final_metric"": 0.9959709821428573, ""pct_gain"": 0.015083093359179744}"
146822,segment,openml_task,amlb,multiclass,tabularaml,2,4500,1848,462,16,33,17,0.11648641682486453,categorical_crossentropy,False,0.1293614324043934,0.09952746610968732,3894.0863478183746,0.0404210090637207,3901.5144283771515,369.05078125,258,ok,,0.2.0,"{""mode"": ""best"", ""elapsed_time"": 3657.5014510154724, ""n_init_feats"": 16, ""n_added_feats"": 17, ""initial_metric"": null, ""final_metric"": 0.30371863093422224, ""pct_gain"": 0.1473278502303629}"
167120,numerai28.6,openml_task,amlb,classification,tabularaml,0,4500,77056,19264,21,28,7,0.5249212195699122,binary_roc_auc,True,0.5202134202502001,0.00904974600126205,3048.0268659591675,0.038865089416503906,3055.281229496002,861.5546875,11,ok,,0.2.0,"{""mode"": ""best"", ""elapsed_time"": 2936.662830352783, ""n_init_feats"": 21, ""n_added_feats"": 7, ""initial_metric"": null, ""final_metric"": 0.5180689939905078, ""pct_gain"": 0.002367150245888847}"
146817,steel-plates-fault,openml_task,amlb,multiclass,tabularaml,1,4500,,,,,,,,,,,,,4680,,,timeout,wall-clock exceeded 4680s,,
146822,segment,openml_task,amlb,multiclass,tabularaml,4,4500,1848,462,16,30,14,0.23493590132026929,categorical_crossentropy,False,0.2394472151385918,0.018840535755286884,3878.0321547985077,0.023818492889404297,3882.9879581928253,374.79296875,109,ok,,0.2.0,"{""mode"": ""best"", ""elapsed_time"": 3653.222496509552, ""n_init_feats"": 16, ""n_added_feats"": 14, ""initial_metric"": null, ""final_metric"": 0.2775278384157348, ""pct_gain"": 0.2611956272876885}"
nursery,nursery,pmlb,pmlb,multiclass,tabularaml,2,4500,10366,2592,8,24,16,0.0009166000401975914,categorical_crossentropy,False,0.0015975698045982,0.4262535273517374,1285.4252231121063,0.03501272201538086,1302.5502166748047,423.37109375,1999,ok,,0.2.0,"{""mode"": ""best"", ""elapsed_time"": 1138.8615407943726, ""n_init_feats"": 8, ""n_added_feats"": 16, ""initial_metric"": null, ""final_metric"": 0.002935713167831898, ""pct_gain"": 0.6778801123222987}"
monk1,monk1,pmlb,pmlb,classification,tabularaml,1,4500,444,112,6,6,0,1.0,binary_roc_auc,True,1.0,0.0,154.4072709083557,0.002924680709838867,159.57241892814636,336.328125,1105,ok,,0.2.0,"{""mode"": ""best"", ""elapsed_time"": 154.18887948989868, ""n_init_feats"": 6, ""n_added_feats"": 0, ""initial_metric"": null, ""final_metric"": 1.0, ""pct_gain"": 0.0}"
spambase,spambase,pmlb,pmlb,classification,tabularaml,1,4500,3680,921,57,64,7,0.9875934318749569,binary_roc_auc,True,0.987366331941112,0.00023000575014379542,2271.611623764038,0.02415013313293457,2276.852257490158,411.42578125,265,ok,,0.2.0,"{""mode"": ""best"", ""elapsed_time"": 2269.643579006195, ""n_init_feats"": 57, ""n_added_feats"": 7, ""initial_metric"": null, ""final_metric"": 0.9882395121584177, ""pct_gain"": 0.002478248414872925}"
146819,climate-model-crashes,openml_task,amlb,classification,tabularaml,2,4500,,,,,,,,,,,,,4680,,,timeout,wall-clock exceeded 4680s,,
monk1,monk1,pmlb,pmlb,classification,tabularaml,2,4500,444,112,6,7,1,0.9999999999999999,binary_roc_auc,True,1.0,-1.1102230246251565e-16,236.46583604812622,0.006258249282836914,248.19213795661926,337.77734375,1435,ok,,0.2.0,"{""mode"": ""best"", ""elapsed_time"": 236.19130516052246, ""n_init_feats"": 6, ""n_added_feats"": 1, ""initial_metric"": null, ""final_metric"": 1.0, ""pct_gain"": 0.0}"
vehicle,vehicle,pmlb,pmlb,multiclass,tabularaml,3,4500,676,170,18,29,11,0.48488827896413994,categorical_crossentropy,False,0.4904234250788303,0.011286463557079567,870.6043725013733,0.026454687118530273,881.727819442749,347.09375,141,ok,,0.2.0,"{""mode"": ""best"", ""elapsed_time"": 824.1841132640839, ""n_init_feats"": 18, ""n_added_feats"": 11, ""initial_metric"": null, ""final_metric"": 0.582145908255429, ""pct_gain"": 0.17269367838148247}"
monk1,monk1,pmlb,pmlb,classification,tabularaml,0,4500,444,112,6,7,1,1.0,binary_roc_auc,True,1.0,0.0,181.71938276290894,0.0053386688232421875,328.5915846824646,337.9140625,1186,ok,,0.2.0,"{""mode"": ""best"", ""elapsed_time"": 181.51032066345215, ""n_init_feats"": 6, ""n_added_feats"": 1, ""initial_metric"": null, ""final_metric"": 1.0, ""pct_gain"": 0.0}"
529_pollen,pollen,pmlb,pmlb,regression,tabularaml,0,4500,3078,770,4,12,8,1.5428560415496186,rmse,False,1.5986108050893144,0.034877009064492565,153.72223496437073,0.015767812728881836,159.50973868370056,339.2421875,86,ok,,0.2.0,"{""mode"": ""best"", ""elapsed_time"": 152.77157425880432, ""n_init_feats"": 4, ""n_added_feats"": 8, ""initial_metric"": null, ""final_metric"": 1.5341469837790347, ""pct_gain"": 0.028636672835139085}"
monk1,monk1,pmlb,pmlb,classification,tabularaml,4,4500,444,112,6,6,0,1.0,binary_roc_auc,True,1.0,0.0,159.79440116882324,0.0017604827880859375,163.48014092445374,330.44921875,827,ok,,0.2.0,"{""mode"": ""best"", ""elapsed_time"": 159.589768409729, ""n_init_feats"": 6, ""n_added_feats"": 0, ""initial_metric"": null, ""final_metric"": 1.0, ""pct_gain"": 0.0}"
529_pollen,pollen,pmlb,pmlb,regression,tabularaml,3,4500,3078,770,4,12,8,1.5311165473085409,rmse,False,1.5770896880824792,0.029150619093727792,35.21457815170288,0.016979217529296875,40.381540060043335,330.6484375,105,ok,,0.2.0,"{""mode"": ""best"", ""elapsed_time"": 34.292351961135864, ""n_init_feats"": 4, ""n_added_feats"": 8, ""initial_metric"": null, ""final_metric"": 1.528867916641694, ""pct_gain"": 0.04431945719173073}"
529_pollen,pollen,pmlb,pmlb,regression,tabularaml,1,4500,3078,770,4,12,8,1.5451360457746235,rmse,False,1.585127263915552,0.02522902674839052,169.13100171089172,0.01691436767578125,174.82768774032593,337.52734375,82,ok,,0.2.0,"{""mode"": ""best"", ""elapsed_time"": 168.1950762271881, ""n_init_feats"": 4, ""n_added_feats"": 8, ""initial_metric"": null, ""final_metric"": 1.5529593522160352, ""pct_gain"": 0.015419031180572874}"
monk1,monk1,pmlb,pmlb,classification,tabularaml,3,4500,444,112,6,7,1,1.0,binary_roc_auc,True,1.0,0.0,241.45161151885986,0.009973526000976562,249.87973475456238,335.4453125,1388,ok,,0.2.0,"{""mode"": ""best"", ""elapsed_time"": 241.21922707557678, ""n_init_feats"": 6, ""n_added_feats"": 1, ""initial_metric"": null, ""final_metric"": 1.0, ""pct_gain"": 0.00037514067400135797}"
529_pollen,pollen,pmlb,pmlb,regression,tabularaml,4,4500,3078,770,4,12,8,1.5065410784738216,rmse,False,1.5625623757186555,0.03585219900041979,141.267884016037,0.014425039291381836,144.67356753349304,335.18359375,101,ok,,0.2.0,"{""mode"": ""best"", ""elapsed_time"": 140.4071249961853, ""n_init_feats"": 4, ""n_added_feats"": 8, ""initial_metric"": null, ""final_metric"": 1.5040540778074774, ""pct_gain"": 0.04331351614041875}"
nursery,nursery,pmlb,pmlb,multiclass,tabularaml,0,4500,10366,2592,8,24,16,0.0019143147163902558,categorical_crossentropy,False,0.0020163068881203,0.05058365486472454,1716.6877932548523,0.04230618476867676,1734.6850442886353,431.2734375,1991,ok,,0.2.0,"{""mode"": ""best"", ""elapsed_time"": 1604.423951625824, ""n_init_feats"": 8, ""n_added_feats"": 16, ""initial_metric"": null, ""final_metric"": 0.004275563572013851, ""pct_gain"": 0.5606617229962458}"
vehicle,vehicle,pmlb,pmlb,multiclass,tabularaml,4,4500,676,170,18,35,17,0.5553369314355009,categorical_crossentropy,False,0.5000177269363228,-0.11063448657735875,939.7686142921448,0.026709556579589844,950.1356711387634,341.7578125,108,ok,,0.2.0,"{""mode"": ""best"", ""elapsed_time"": 892.3487150669098, ""n_init_feats"": 18, ""n_added_feats"": 17, ""initial_metric"": null, ""final_metric"": 0.5295912446932655, ""pct_gain"": 0.16582622474868988}"
nursery,nursery,pmlb,pmlb,multiclass,tabularaml,4,4500,10366,2592,8,18,10,0.001352110664781597,categorical_crossentropy,False,0.0018223118932558,0.2580245622137309,1614.9250888824463,0.020855426788330078,1696.3362317085266,406.5703125,1999,ok,,0.2.0,"{""mode"": ""best"", ""elapsed_time"": 1507.0696790218353, ""n_init_feats"": 8, ""n_added_feats"": 10, ""initial_metric"": null, ""final_metric"": 0.0058296002189379414, ""pct_gain"": 0.30279007925575585}"
529_pollen,pollen,pmlb,pmlb,regression,tabularaml,2,4500,3078,770,4,12,8,1.4684724013484036,rmse,False,1.5843982974151207,0.0731671425397549,216.70898985862732,0.013720273971557617,287.4191961288452,336.02734375,85,ok,,0.2.0,"{""mode"": ""best"", ""elapsed_time"": 215.8080770969391, ""n_init_feats"": 4, ""n_added_feats"": 8, ""initial_metric"": null, ""final_metric"": 1.5171671790016035, ""pct_gain"": 0.06108197015305194}"
nursery,nursery,pmlb,pmlb,multiclass,tabularaml,1,4500,10366,2592,8,24,16,0.001220724577474946,categorical_crossentropy,False,0.001900698462554,0.35774947919164507,1491.5059776306152,0.036788225173950195,1768.1691167354584,419.17578125,1999,ok,,0.2.0,"{""mode"": ""best"", ""elapsed_time"": 1109.2472794055939, ""n_init_feats"": 8, ""n_added_feats"": 16, ""initial_metric"": null, ""final_metric"": 0.002609165087350815, ""pct_gain"": 0.7099755346841585}"
146824,mfeat-pixel,openml_task,amlb,multiclass,tabularaml,2,4500,1600,400,240,257,17,0.20791675435262733,categorical_crossentropy,False,0.1920751651143655,-0.08247598917241283,4340.516176939011,0.4182860851287842,4351.371652603149,378.97265625,342,ok,,0.2.0,"{""mode"": ""best"", ""elapsed_time"": 3619.015112876892, ""n_init_feats"": 240, ""n_added_feats"": 17, ""initial_metric"": null, ""final_metric"": 0.11892316849277376, ""pct_gain"": 0.12044356439238153}"
adult,adult,pmlb,pmlb,classification,tabularaml,1,4500,39073,9769,14,16,2,0.9300590525506458,binary_roc_auc,True,0.9290474072329418,0.0010889060233396503,1242.6115891933441,0.010528564453125,2981.044878721237,550.75,379,ok,,0.2.0,"{""mode"": ""best"", ""elapsed_time"": 1236.3735461235046, ""n_init_feats"": 14, ""n_added_feats"": 2, ""initial_metric"": null, ""final_metric"": 0.9276333035001395, ""pct_gain"": 0.0007369247007837663}"
581_fri_c3_500_25,Friedman-c3,pmlb,pmlb,regression,tabularaml,0,4500,400,100,25,25,0,0.32666539334206623,rmse,False,0.3266653933420662,-1.6993275799230307e-16,106.6792664527893,0.00506281852722168,115.43487310409546,329.5859375,294,ok,,0.2.0,"{""mode"": ""best"", ""elapsed_time"": 106.31143808364868, ""n_init_feats"": 25, ""n_added_feats"": 0, ""initial_metric"": null, ""final_metric"": 0.32874259417510954, ""pct_gain"": 0.06142205616383252}"
146822,segment,openml_task,amlb,multiclass,tabularaml,1,4500,,,,,,,,,,,,,4680,,,timeout,wall-clock exceeded 4680s,,
nursery,nursery,pmlb,pmlb,multiclass,tabularaml,3,4500,10366,2592,8,24,16,0.001101284491895939,categorical_crossentropy,False,0.00163979632817,0.3284016600250813,1956.0558664798737,0.03796887397766113,1973.4781596660614,430.75390625,1999,ok,,0.2.0,"{""mode"": ""best"", ""elapsed_time"": 1564.3583452701569, ""n_init_feats"": 8, ""n_added_feats"": 16, ""initial_metric"": null, ""final_metric"": 0.0033986322123793376, ""pct_gain"": 0.6060550074218138}"
167120,numerai28.6,openml_task,amlb,classification,tabularaml,1,4500,77056,19264,21,32,11,0.5234819333117046,binary_roc_auc,True,0.5233681516941053,0.00021740263948221922,3815.613425016403,0.06717348098754883,3825.9858667850494,839.4140625,40,ok,,0.2.0,"{""mode"": ""best"", ""elapsed_time"": 3649.789082288742, ""n_init_feats"": 21, ""n_added_feats"": 11, ""initial_metric"": null, ""final_metric"": 0.52103831650844, ""pct_gain"": -0.003235952564673949}"
146822,segment,openml_task,amlb,multiclass,tabularaml,3,4500,,,,,,,,,,,,,4680,,,timeout,wall-clock exceeded 4680s,,
spambase,spambase,pmlb,pmlb,classification,tabularaml,2,4500,3680,921,57,62,5,0.9893806096152137,binary_roc_auc,True,0.989247311827957,0.0001347466762486014,2883.3591475486755,0.019388198852539062,2905.576657295227,431.140625,360,ok,,0.2.0,"{""mode"": ""best"", ""elapsed_time"": 2881.3136587142944, ""n_init_feats"": 57, ""n_added_feats"": 5, ""initial_metric"": null, ""final_metric"": 0.9863119624280114, ""pct_gain"": 0.002446838841925724}"
503_wind,wind,pmlb,pmlb,regression,tabularaml,2,4500,5259,1315,14,18,4,2.963668155414649,rmse,False,2.985540099602209,0.007325958941390307,505.17853808403015,0.012829065322875977,508.9372923374176,366.0078125,198,ok,,0.2.0,"{""mode"": ""best"", ""elapsed_time"": 504.0557999610901, ""n_init_feats"": 14, ""n_added_feats"": 4, ""initial_metric"": null, ""final_metric"": 3.0944066867944544, ""pct_gain"": 0.018315058150759945}"
titanic,titanic,pmlb,pmlb,classification,tabularaml,1,4500,1679,420,8,17,9,0.8097426470588236,binary_roc_auc,True,0.8149078293289147,-0.00633836378077836,943.4109671115875,0.0185089111328125,2169.689760684967,357.97265625,47,ok,,0.2.0,"{""mode"": ""best"", ""elapsed_time"": 942.8970425128937, ""n_init_feats"": 8, ""n_added_feats"": 9, ""initial_metric"": null, ""final_metric"": 0.8177824300451888, ""pct_gain"": 0.026521773700256122}"
146824,mfeat-pixel,openml_task,amlb,multiclass,tabularaml,1,4500,,,,,,,,,,,,,4680,,,timeout,wall-clock exceeded 4680s,,
1169,Airlines,openml_task,stress_test,classification,tabularaml,0,4500,,,,,,,,,,,,,0.7687373161315918,,,crash,OpenMLServerException: https://www.openml.org/api/v1/xml/task/1169 returned code 151: Unknown task - None,,
1169,Airlines,openml_task,stress_test,classification,tabularaml,1,4500,,,,,,,,,,,,,0.6016006469726562,,,crash,OpenMLServerException: https://www.openml.org/api/v1/xml/task/1169 returned code 151: Unknown task - None,,
1169,Airlines,openml_task,stress_test,classification,tabularaml,2,4500,,,,,,,,,,,,,0.6234796047210693,,,crash,OpenMLServerException: https://www.openml.org/api/v1/xml/task/1169 returned code 151: Unknown task - None,,
1169,Airlines,openml_task,stress_test,classification,tabularaml,3,4500,,,,,,,,,,,,,0.6357033252716064,,,crash,OpenMLServerException: https://www.openml.org/api/v1/xml/task/1169 returned code 151: Unknown task - None,,
1169,Airlines,openml_task,stress_test,classification,tabularaml,4,4500,,,,,,,,,,,,,0.6261563301086426,,,crash,OpenMLServerException: https://www.openml.org/api/v1/xml/task/1169 returned code 151: Unknown task - None,,
42712,Bike-Sharing,openml_task,stress_test,regression,tabularaml,0,4500,,,,,,,,,,,,,0.6621408462524414,,,crash,OpenMLServerException: https://www.openml.org/api/v1/xml/task/42712 returned code 151: Unknown task - None,,
42712,Bike-Sharing,openml_task,stress_test,regression,tabularaml,1,4500,,,,,,,,,,,,,0.6341845989227295,,,crash,OpenMLServerException: https://www.openml.org/api/v1/xml/task/42712 returned code 151: Unknown task - None,,
42712,Bike-Sharing,openml_task,stress_test,regression,tabularaml,2,4500,,,,,,,,,,,,,0.6043157577514648,,,crash,OpenMLServerException: https://www.openml.org/api/v1/xml/task/42712 returned code 151: Unknown task - None,,
42712,Bike-Sharing,openml_task,stress_test,regression,tabularaml,3,4500,,,,,,,,,,,,,1.7323083877563477,,,crash,OpenMLServerException: https://www.openml.org/api/v1/xml/task/42712 returned code 151: Unknown task - None,,
42712,Bike-Sharing,openml_task,stress_test,regression,tabularaml,4,4500,,,,,,,,,,,,,1.4573085308074951,,,crash,OpenMLServerException: https://www.openml.org/api/v1/xml/task/42712 returned code 151: Unknown task - None,,
1113,KDD-Cup-98,openml_task,stress_test,regression,tabularaml,0,4500,,,,,,,,,,,,,0.6920163631439209,,,crash,OpenMLServerException: https://www.openml.org/api/v1/xml/task/1113 returned code 151: Unknown task - None,,
1113,KDD-Cup-98,openml_task,stress_test,regression,tabularaml,1,4500,,,,,,,,,,,,,0.6470596790313721,,,crash,OpenMLServerException: https://www.openml.org/api/v1/xml/task/1113 returned code 151: Unknown task - None,,
167140,dna,openml_task,amlb,multiclass,tabularaml,0,4500,2548,638,180,188,8,0.138509430733296,categorical_crossentropy,False,0.1485701244628359,0.06771680218963903,3615.3532938957214,0.35565876960754395,3622.86115527153,399.33984375,275,ok,,0.2.0,"{""mode"": ""best"", ""elapsed_time"": 3604.8989861011505, ""n_init_feats"": 180, ""n_added_feats"": 8, ""initial_metric"": null, ""final_metric"": 0.14880719241481913, ""pct_gain"": 0.05404269979646281}"
146824,mfeat-pixel,openml_task,amlb,multiclass,tabularaml,3,4500,1600,400,240,249,9,0.10725130336028087,categorical_crossentropy,False,0.1097367402782037,0.022649086455655318,4516.222950696945,0.04632568359375,4602.482183933258,410.80078125,1102,ok,,0.2.0,"{""mode"": ""best"", ""elapsed_time"": 3634.860811471939, ""n_init_feats"": 240, ""n_added_feats"": 9, ""initial_metric"": null, ""final_metric"": 0.15940342619458497, ""pct_gain"": 0.09909540582448623}"
1113,KDD-Cup-98,openml_task,stress_test,regression,tabularaml,2,4500,,,,,,,,,,,,,0.8304133415222168,,,crash,OpenMLServerException: https://www.openml.org/api/v1/xml/task/1113 returned code 151: Unknown task - None,,
1113,KDD-Cup-98,openml_task,stress_test,regression,tabularaml,3,4500,,,,,,,,,,,,,1.1395537853240967,,,crash,OpenMLServerException: https://www.openml.org/api/v1/xml/task/1113 returned code 151: Unknown task - None,,
23380,Mercedes-Greener,openml_task,stress_test,regression,tabularaml,0,4500,,,,,,,,,,,,,0.6353933811187744,,,crash,OpenMLServerException: https://www.openml.org/api/v1/xml/task/23380 returned code 151: Unknown task - None,,
1113,KDD-Cup-98,openml_task,stress_test,regression,tabularaml,4,4500,,,,,,,,,,,,,1.2363288402557373,,,crash,OpenMLServerException: https://www.openml.org/api/v1/xml/task/1113 returned code 151: Unknown task - None,,
23380,Mercedes-Greener,openml_task,stress_test,regression,tabularaml,1,4500,,,,,,,,,,,,,0.6445372104644775,,,crash,OpenMLServerException: https://www.openml.org/api/v1/xml/task/23380 returned code 151: Unknown task - None,,
23380,Mercedes-Greener,openml_task,stress_test,regression,tabularaml,4,4500,,,,,,,,,,,,,0.8456525802612305,,,crash,OpenMLServerException: https://www.openml.org/api/v1/xml/task/23380 returned code 151: Unknown task - None,,
23380,Mercedes-Greener,openml_task,stress_test,regression,tabularaml,3,4500,,,,,,,,,,,,,1.2097418308258057,,,crash,OpenMLServerException: https://www.openml.org/api/v1/xml/task/23380 returned code 151: Unknown task - None,,
23380,Mercedes-Greener,openml_task,stress_test,regression,tabularaml,2,4500,,,,,,,,,,,,,2.414353609085083,,,crash,OpenMLServerException: https://www.openml.org/api/v1/xml/task/23380 returned code 151: Unknown task - None,,
41207,Allstate-Claims,openml_task,stress_test,regression,tabularaml,0,4500,,,,,,,,,,,,,0.6268079280853271,,,crash,OpenMLServerException: https://www.openml.org/api/v1/xml/task/41207 returned code 151: Unknown task - None,,
41207,Allstate-Claims,openml_task,stress_test,regression,tabularaml,1,4500,,,,,,,,,,,,,0.651555061340332,,,crash,OpenMLServerException: https://www.openml.org/api/v1/xml/task/41207 returned code 151: Unknown task - None,,
41207,Allstate-Claims,openml_task,stress_test,regression,tabularaml,2,4500,,,,,,,,,,,,,0.6251518726348877,,,crash,OpenMLServerException: https://www.openml.org/api/v1/xml/task/41207 returned code 151: Unknown task - None,,
41207,Allstate-Claims,openml_task,stress_test,regression,tabularaml,3,4500,,,,,,,,,,,,,0.7176182270050049,,,crash,OpenMLServerException: https://www.openml.org/api/v1/xml/task/41207 returned code 151: Unknown task - None,,
40927,Sleep,openml_task,stress_test,classification,tabularaml,0,4500,,,,,,,,,,,,,0.6332733631134033,,,crash,OpenMLServerException: https://www.openml.org/api/v1/xml/task/40927 returned code 151: Unknown task - None,,
41207,Allstate-Claims,openml_task,stress_test,regression,tabularaml,4,4500,,,,,,,,,,,,,0.6419262886047363,,,crash,OpenMLServerException: https://www.openml.org/api/v1/xml/task/41207 returned code 151: Unknown task - None,,
40927,Sleep,openml_task,stress_test,classification,tabularaml,1,4500,,,,,,,,,,,,,0.6054654121398926,,,crash,OpenMLServerException: https://www.openml.org/api/v1/xml/task/40927 returned code 151: Unknown task - None,,
40927,Sleep,openml_task,stress_test,classification,tabularaml,2,4500,,,,,,,,,,,,,0.620142936706543,,,crash,OpenMLServerException: https://www.openml.org/api/v1/xml/task/40927 returned code 151: Unknown task - None,,
40927,Sleep,openml_task,stress_test,classification,tabularaml,3,4500,,,,,,,,,,,,,0.6449930667877197,,,crash,OpenMLServerException: https://www.openml.org/api/v1/xml/task/40927 returned code 151: Unknown task - None,,
40927,Sleep,openml_task,stress_test,classification,tabularaml,4,4500,,,,,,,,,,,,,1.1734509468078613,,,crash,OpenMLServerException: https://www.openml.org/api/v1/xml/task/40927 returned code 151: Unknown task - None,,
1193_BNG_lowbwt,BNG-lowbwt,pmlb,pmlb,regression,tabularaml,2,4500,24883,6221,9,12,3,449.3615619969395,rmse,False,449.2403380489895,-0.000269842081582577,435.37664461135864,0.014399528503417969,445.5460877418518,423.43359375,102,ok,,0.2.0,"{""mode"": ""best"", ""elapsed_time"": 431.24787640571594, ""n_init_feats"": 9, ""n_added_feats"": 3, ""initial_metric"": null, ""final_metric"": 453.1371700434124, ""pct_gain"": 0.0002687574120259015}"
1193_BNG_lowbwt,BNG-lowbwt,pmlb,pmlb,regression,tabularaml,0,4500,24883,6221,9,13,4,444.8936655973424,rmse,False,445.0044680697531,0.0002489918199951976,454.5449969768524,0.015321731567382812,460.04075622558594,410.953125,101,ok,,0.2.0,"{""mode"": ""best"", ""elapsed_time"": 450.2727196216583, ""n_init_feats"": 9, ""n_added_feats"": 4, ""initial_metric"": null, ""final_metric"": 455.2051497085319, ""pct_gain"": 0.00043048976127971336}"
1028_SWD,SWD,pmlb,pmlb,regression,tabularaml,1,4500,800,200,10,13,3,0.6804865104104781,rmse,False,0.6862052687228947,0.00833388866724935,196.1850254535675,0.009389638900756836,200.38425517082214,333.42578125,53,ok,,0.2.0,"{""mode"": ""best"", ""elapsed_time"": 195.89429759979248, ""n_init_feats"": 10, ""n_added_feats"": 3, ""initial_metric"": null, ""final_metric"": 0.6162451451167237, ""pct_gain"": 0.019733633782560166}"
1028_SWD,SWD,pmlb,pmlb,regression,tabularaml,0,4500,800,200,10,12,2,0.5963609972662244,rmse,False,0.5992811670507572,0.004872787507913578,202.54661297798157,0.008627653121948242,238.49038910865784,338.0546875,43,ok,,0.2.0,"{""mode"": ""best"", ""elapsed_time"": 202.3195219039917, ""n_init_feats"": 10, ""n_added_feats"": 2, ""initial_metric"": null, ""final_metric"": 0.6467353101258324, ""pct_gain"": 0.015414592643603524}"
titanic,titanic,pmlb,pmlb,classification,tabularaml,4,4500,1679,420,8,24,16,0.821963028169014,binary_roc_auc,True,0.8393356462303232,-0.020698058207505157,438.5968441963196,0.03870248794555664,2331.0253155231476,346.53515625,39,ok,,0.2.0,"{""mode"": ""best"", ""elapsed_time"": 381.0392053127289, ""n_init_feats"": 8, ""n_added_feats"": 16, ""initial_metric"": null, ""final_metric"": 0.8228164924506387, ""pct_gain"": 0.022696151136942386}"
146824,mfeat-pixel,openml_task,amlb,multiclass,tabularaml,4,4500,,,,,,,,,,,,,4680,,,timeout,wall-clock exceeded 4680s,,
503_wind,wind,pmlb,pmlb,regression,tabularaml,0,4500,5259,1315,14,24,10,3.1597309565651965,rmse,False,3.160870419196631,0.000360490143637043,751.4808130264282,0.02848196029663086,759.7441930770874,361.02734375,228,ok,,0.2.0,"{""mode"": ""best"", ""elapsed_time"": 748.7574346065521, ""n_init_feats"": 14, ""n_added_feats"": 10, ""initial_metric"": null, ""final_metric"": 2.9965201041222, ""pct_gain"": 0.024940384194679775}"
146825,Fashion-MNIST,openml_task,amlb,multiclass,tabularaml,0,4500,,,,,,,,,,,,,4680,,,timeout,wall-clock exceeded 4680s,,
167141,churn,openml_task,amlb,classification,tabularaml,0,4500,4000,1000,20,39,19,0.9325869599319676,binary_roc_auc,True,0.9309274350019402,0.0017826576676451189,3709.855784893036,0.0718224048614502,3714.9868788719177,392.4765625,69,ok,,0.2.0,"{""mode"": ""best"", ""elapsed_time"": 3629.156074523926, ""n_init_feats"": 20, ""n_added_feats"": 19, ""initial_metric"": null, ""final_metric"": 0.9269197271471933, ""pct_gain"": 0.019364071664569073}"
monk2,monk2,pmlb,stress_test,classification,tabularaml,2,4500,480,121,6,10,4,1.0,binary_roc_auc,True,0.9359756097560976,0.0684039087947882,86.2455484867096,0.026312589645385742,96.74581861495972,331.43359375,443,ok,,0.2.0,"{""mode"": ""best"", ""elapsed_time"": 84.40578246116638, ""n_init_feats"": 6, ""n_added_feats"": 4, ""initial_metric"": null, ""final_metric"": 0.9953642727508427, ""pct_gain"": 0.10263844904556885}"
581_fri_c3_500_25,Friedman-c3,pmlb,pmlb,regression,tabularaml,1,4500,400,100,25,71,46,0.2992386247740921,rmse,False,0.3267980578050114,0.08433169161416211,470.59343576431274,0.4159736633300781,484.43404483795166,339.71875,169,ok,,0.2.0,"{""mode"": ""best"", ""elapsed_time"": 468.8935010433197, ""n_init_feats"": 25, ""n_added_feats"": 46, ""initial_metric"": null, ""final_metric"": 0.3056248323909492, ""pct_gain"": 0.1255193774328611}"
581_fri_c3_500_25,Friedman-c3,pmlb,pmlb,regression,tabularaml,4,4500,400,100,25,49,24,0.31696004728297517,rmse,False,0.327753061229885,0.03293032231769045,424.84653759002686,0.07525110244750977,431.5275001525879,334.81640625,183,ok,,0.2.0,"{""mode"": ""best"", ""elapsed_time"": 421.2108111381531, ""n_init_feats"": 25, ""n_added_feats"": 24, ""initial_metric"": null, ""final_metric"": 0.33207558495890177, ""pct_gain"": 0.09720621381934971}"
monk2,monk2,pmlb,stress_test,classification,tabularaml,3,4500,480,121,6,9,3,0.999390243902439,binary_roc_auc,True,0.9759146341463414,0.024054982817869497,43.29922437667847,0.034136295318603516,73.00110459327698,334.62109375,1019,ok,,0.2.0,"{""mode"": ""best"", ""elapsed_time"": 40.74949622154236, ""n_init_feats"": 6, ""n_added_feats"": 3, ""initial_metric"": null, ""final_metric"": 0.9640782991962666, ""pct_gain"": 0.10093087553543237}"
146825,Fashion-MNIST,openml_task,amlb,multiclass,tabularaml,1,4500,,,,,,,,,,,,,4680,,,timeout,wall-clock exceeded 4680s,,
1028_SWD,SWD,pmlb,pmlb,regression,tabularaml,3,4500,800,200,10,17,7,0.6555473446136043,rmse,False,0.6518046238344921,-0.005742089948816561,390.0184199810028,0.015591859817504883,393.75093388557434,344.1328125,38,ok,,0.2.0,"{""mode"": ""best"", ""elapsed_time"": 389.7974736690521, ""n_init_feats"": 10, ""n_added_feats"": 7, ""initial_metric"": null, ""final_metric"": 0.6485059035163679, ""pct_gain"": 0.029150505402444002}"
146825,Fashion-MNIST,openml_task,amlb,multiclass,tabularaml,2,4500,,,,,,,,,,,,,4680,,,timeout,wall-clock exceeded 4680s,,
167141,churn,openml_task,amlb,classification,tabularaml,1,4500,4000,1000,20,38,18,0.9245040001981523,binary_roc_auc,True,0.928450532121302,-0.004250664722150367,3766.5808980464935,0.05751967430114746,3774.4583537578583,414.6953125,108,ok,,0.2.0,"{""mode"": ""best"", ""elapsed_time"": 3605.7299435138702, ""n_init_feats"": 20, ""n_added_feats"": 18, ""initial_metric"": null, ""final_metric"": 0.942381512745684, ""pct_gain"": 0.023552929261005183}"
monk2,monk2,pmlb,stress_test,classification,tabularaml,0,4500,480,121,6,10,4,1.0,binary_roc_auc,True,0.9539634146341462,0.04825822946628326,271.933712720871,0.024248361587524414,280.17181372642517,346.40625,1510,ok,,0.2.0,"{""mode"": ""best"", ""elapsed_time"": 269.40934658050537, ""n_init_feats"": 6, ""n_added_feats"": 4, ""initial_metric"": null, ""final_metric"": 0.9839842422147322, ""pct_gain"": 0.08429770993678438}"
167141,churn,openml_task,amlb,classification,tabularaml,2,4500,4000,1000,20,39,19,0.915834840115919,binary_roc_auc,True,0.9240416449937664,-0.00888142317211556,3686.3985929489136,0.09554004669189453,3696.657178878784,413.99609375,289,ok,,0.2.0,"{""mode"": ""best"", ""elapsed_time"": 3611.6883533000946, ""n_init_feats"": 20, ""n_added_feats"": 19, ""initial_metric"": null, ""final_metric"": 0.9318878753634229, ""pct_gain"": 0.03538703899809109}"
monk2,monk2,pmlb,stress_test,classification,tabularaml,1,4500,480,121,6,14,8,0.999390243902439,binary_roc_auc,True,0.9902439024390244,0.009236453201970451,261.90333127975464,0.02041769027709961,265.7196967601776,333.4765625,385,ok,,0.2.0,"{""mode"": ""best"", ""elapsed_time"": 261.64260172843933, ""n_init_feats"": 6, ""n_added_feats"": 8, ""initial_metric"": null, ""final_metric"": 0.9995281306715063, ""pct_gain"": 0.10456647316411884}"
146825,Fashion-MNIST,openml_task,amlb,multiclass,tabularaml,3,4500,,,,,,,,,,,,,4680,,,timeout,wall-clock exceeded 4680s,,
581_fri_c3_500_25,Friedman-c3,pmlb,pmlb,regression,tabularaml,3,4500,400,100,25,65,40,0.25203834045723783,rmse,False,0.3854716450762703,0.3461559529044764,644.5061042308807,0.07434964179992676,654.9027261734009,338.34765625,296,ok,,0.2.0,"{""mode"": ""best"", ""elapsed_time"": 643.2148315906525, ""n_init_feats"": 25, ""n_added_feats"": 40, ""initial_metric"": null, ""final_metric"": 0.2476522703921913, ""pct_gain"": 0.27422120115949455}"
146825,Fashion-MNIST,openml_task,amlb,multiclass,tabularaml,4,4500,,,,,,,,,,,,,4680,,,timeout,wall-clock exceeded 4680s,,
167140,dna,openml_task,amlb,multiclass,tabularaml,4,4500,2548,638,180,184,4,0.1207862465738554,categorical_crossentropy,False,0.1175056166632493,-0.027918919995184685,4002.866537094116,0.3789966106414795,4016.102550983429,408.51953125,148,ok,,0.2.0,"{""mode"": ""best"", ""elapsed_time"": 3992.052124977112, ""n_init_feats"": 180, ""n_added_feats"": 4, ""initial_metric"": null, ""final_metric"": 0.1460568446696064, ""pct_gain"": 0.09411525656141542}"
monk2,monk2,pmlb,stress_test,classification,tabularaml,4,4500,480,121,6,11,5,1.0,binary_roc_auc,True,0.998780487804878,0.001221001221001222,374.6653685569763,0.04036426544189453,380.94222378730774,345.98828125,1341,ok,,0.2.0,"{""mode"": ""best"", ""elapsed_time"": 368.19075989723206, ""n_init_feats"": 6, ""n_added_feats"": 5, ""initial_metric"": null, ""final_metric"": 0.9949047907124132, ""pct_gain"": 0.10799048710567981}"
1028_SWD,SWD,pmlb,pmlb,regression,tabularaml,2,4500,800,200,10,11,1,0.6205817452828288,rmse,False,0.6211146858325913,0.0008580388806104292,175.79357051849365,0.006159543991088867,729.3468346595764,332.78515625,47,ok,,0.2.0,"{""mode"": ""best"", ""elapsed_time"": 175.51406836509705, ""n_init_feats"": 10, ""n_added_feats"": 1, ""initial_metric"": null, ""final_metric"": 0.6592579960052636, ""pct_gain"": 0.019787357968165196}"
361618,forest_fires,openml_task,ctr23,regression,tabularaml,0,4500,413,104,12,23,11,110.68473202436968,rmse,False,110.71788633302435,0.0002994485331389854,326.6315395832062,0.043000221252441406,347.2987525463104,343.6796875,2000,ok,,0.2.0,"{""mode"": ""best"", ""elapsed_time"": 326.27501153945923, ""n_init_feats"": 12, ""n_added_feats"": 11, ""initial_metric"": null, ""final_metric"": 36.5857858710952, ""pct_gain"": 0.1161699803605817}"
581_fri_c3_500_25,Friedman-c3,pmlb,pmlb,regression,tabularaml,2,4500,400,100,25,63,38,0.359380106641529,rmse,False,0.3611830035213164,0.00499164374350468,862.2982642650604,0.05350470542907715,916.4122292995453,341.234375,267,ok,,0.2.0,"{""mode"": ""best"", ""elapsed_time"": 860.6378016471863, ""n_init_feats"": 25, ""n_added_feats"": 38, ""initial_metric"": null, ""final_metric"": 0.31521702736551055, ""pct_gain"": 0.18202687675700555}"
361618,forest_fires,openml_task,ctr23,regression,tabularaml,2,4500,413,104,12,27,15,35.58914126334752,rmse,False,39.45767966579137,0.09804272413407406,341.2540714740753,0.052155256271362305,344.69638085365295,343.57421875,2,ok,,0.2.0,"{""mode"": ""best"", ""elapsed_time"": 340.9298689365387, ""n_init_feats"": 12, ""n_added_feats"": 15, ""initial_metric"": null, ""final_metric"": 54.532664136726076, ""pct_gain"": 0.1190324314311711}"
1028_SWD,SWD,pmlb,pmlb,regression,tabularaml,4,4500,800,200,10,18,8,0.6211642034747182,rmse,False,0.6234681010291124,0.0036952933928637633,739.8925771713257,0.028474807739257812,743.858850479126,350.0078125,101,ok,,0.2.0,"{""mode"": ""best"", ""elapsed_time"": 738.982738494873, ""n_init_feats"": 10, ""n_added_feats"": 8, ""initial_metric"": null, ""final_metric"": 0.6718260672249354, ""pct_gain"": -0.00540578059629929}"
167120,numerai28.6,openml_task,amlb,classification,tabularaml,2,4500,,,,,,,,,,,,,4680,,,timeout,wall-clock exceeded 4680s,,
167120,numerai28.6,openml_task,amlb,classification,tabularaml,3,4500,,,,,,,,,,,,,4680,,,timeout,wall-clock exceeded 4680s,,
167120,numerai28.6,openml_task,amlb,classification,tabularaml,4,4500,,,,,,,,,,,,,4680,,,timeout,wall-clock exceeded 4680s,,
167121,Devnagari-Script,openml_task,amlb,multiclass,tabularaml,0,4500,,,,,,,,,,,,,4680,,,timeout,wall-clock exceeded 4680s,,
chess,chess,pmlb,pmlb,classification,tabularaml,1,4500,2556,640,36,38,2,0.999598841532621,binary_roc_auc,True,0.999589057179758,9.788375325591141e-06,962.6966915130615,0.012702703475952148,3520.095179796219,392.08203125,662,ok,,0.2.0,"{""mode"": ""best"", ""elapsed_time"": 961.8716135025024, ""n_init_feats"": 36, ""n_added_feats"": 2, ""initial_metric"": null, ""final_metric"": 0.9997798049701163, ""pct_gain"": 0.0005667109798745859}"
167121,Devnagari-Script,openml_task,amlb,multiclass,tabularaml,1,4500,,,,,,,,,,,,,4680,,,timeout,wall-clock exceeded 4680s,,
167121,Devnagari-Script,openml_task,amlb,multiclass,tabularaml,2,4500,,,,,,,,,,,,,4680,,,timeout,wall-clock exceeded 4680s,,
167121,Devnagari-Script,openml_task,amlb,multiclass,tabularaml,3,4500,,,,,,,,,,,,,4680,,,timeout,wall-clock exceeded 4680s,,
503_wind,wind,pmlb,pmlb,regression,tabularaml,1,4500,5259,1315,14,25,11,2.9444580119948465,rmse,False,2.9842687326630206,0.01334019293652852,1335.781729221344,0.03287935256958008,1340.9011387825012,393.796875,152,ok,,0.2.0,"{""mode"": ""best"", ""elapsed_time"": 1333.2063376903534, ""n_init_feats"": 14, ""n_added_feats"": 11, ""initial_metric"": null, ""final_metric"": 3.0236691770163118, ""pct_gain"": 0.02770860511357076}"
167121,Devnagari-Script,openml_task,amlb,multiclass,tabularaml,4,4500,,,,,,,,,,,,,4680,,,timeout,wall-clock exceeded 4680s,,
167124,CIFAR_10,openml_task,amlb,multiclass,tabularaml,0,4500,,,,,,,,,,,,,4680,,,timeout,wall-clock exceeded 4680s,,
167124,CIFAR_10,openml_task,amlb,multiclass,tabularaml,1,4500,,,,,,,,,,,,,4680,,,timeout,wall-clock exceeded 4680s,,
167124,CIFAR_10,openml_task,amlb,multiclass,tabularaml,2,4500,,,,,,,,,,,,,4680,,,timeout,wall-clock exceeded 4680s,,
361621,QSAR_fish_toxicity,openml_task,ctr23,regression,tabularaml,0,4500,726,182,6,17,11,0.974896505225528,rmse,False,0.9118665391903908,-0.06912192006858685,96.03755569458008,0.02470254898071289,100.65540552139282,346.32421875,37,ok,,0.2.0,"{""mode"": ""best"", ""elapsed_time"": 94.66798114776611, ""n_init_feats"": 6, ""n_added_feats"": 11, ""initial_metric"": null, ""final_metric"": 0.9082948525082276, ""pct_gain"": 0.036920618608620906}"
361621,QSAR_fish_toxicity,openml_task,ctr23,regression,tabularaml,4,4500,726,182,6,18,12,0.9108503977147061,rmse,False,0.9176117624798072,0.0073684373299976414,89.99636363983154,0.03026103973388672,99.64139032363892,347.09765625,62,ok,,0.2.0,"{""mode"": ""best"", ""elapsed_time"": 89.45812392234802, ""n_init_feats"": 6, ""n_added_feats"": 12, ""initial_metric"": null, ""final_metric"": 0.8956236191125644, ""pct_gain"": 0.020492603268122467}"
167124,CIFAR_10,openml_task,amlb,multiclass,tabularaml,3,4500,,,,,,,,,,,,,4680,,,timeout,wall-clock exceeded 4680s,,
361617,energy_efficiency,openml_task,ctr23,regression,tabularaml,3,4500,614,154,8,24,16,0.45460438237949974,rmse,False,0.3657795732952639,-0.24283698590389807,58.83234930038452,0.043727874755859375,164.34394311904907,364.65234375,1625,ok,,0.2.0,"{""mode"": ""best"", ""elapsed_time"": 57.354915380477905, ""n_init_feats"": 8, ""n_added_feats"": 16, ""initial_metric"": null, ""final_metric"": 0.5738972449621782, ""pct_gain"": 0.06410927480635885}"
167124,CIFAR_10,openml_task,amlb,multiclass,tabularaml,4,4500,,,,,,,,,,,,,4680,,,timeout,wall-clock exceeded 4680s,,
361617,energy_efficiency,openml_task,ctr23,regression,tabularaml,2,4500,614,154,8,24,16,0.39122277376271347,rmse,False,0.3955700499554906,0.010989902277147353,187.29766845703125,0.02935314178466797,198.84188556671143,354.66796875,655,ok,,0.2.0,"{""mode"": ""best"", ""elapsed_time"": 186.0911066532135, ""n_init_feats"": 8, ""n_added_feats"": 16, ""initial_metric"": null, ""final_metric"": 0.48111737004279187, ""pct_gain"": 0.16480337685491747}"
361621,QSAR_fish_toxicity,openml_task,ctr23,regression,tabularaml,3,4500,726,182,6,17,11,0.9090100589818285,rmse,False,0.9147625103625554,0.0062884642905260395,115.92086982727051,0.02939128875732422,145.80096650123596,347.90625,86,ok,,0.2.0,"{""mode"": ""best"", ""elapsed_time"": 115.16836047172546, ""n_init_feats"": 6, ""n_added_feats"": 11, ""initial_metric"": null, ""final_metric"": 0.8940286003673779, ""pct_gain"": 0.017716036386764285}"
361621,QSAR_fish_toxicity,openml_task,ctr23,regression,tabularaml,1,4500,726,182,6,18,12,1.0051030450515417,rmse,False,0.9720391876165188,-0.03401494287087017,168.9764096736908,0.0304262638092041,174.51061344146729,351.3046875,163,ok,,0.2.0,"{""mode"": ""best"", ""elapsed_time"": 168.3655390739441, ""n_init_feats"": 6, ""n_added_feats"": 12, ""initial_metric"": null, ""final_metric"": 0.862394925158247, ""pct_gain"": 0.04914802980220786}"
167125,Internet-Advertisements,openml_task,amlb,classification,tabularaml,0,4500,,,,,,,,,,,,,4680,,,timeout,wall-clock exceeded 4680s,,
167125,Internet-Advertisements,openml_task,amlb,classification,tabularaml,1,4500,,,,,,,,,,,,,4680,,,timeout,wall-clock exceeded 4680s,,
361617,energy_efficiency,openml_task,ctr23,regression,tabularaml,0,4500,614,154,8,12,4,0.3915096657522439,rmse,False,0.4003563723813697,0.022097079600618005,285.6335940361023,0.012892723083496094,290.9304549694061,378.83984375,1999,ok,,0.2.0,"{""mode"": ""best"", ""elapsed_time"": 285.35652208328247, ""n_init_feats"": 8, ""n_added_feats"": 4, ""initial_metric"": null, ""final_metric"": 0.4391426385660024, ""pct_gain"": 0.24168502367870445}"
167125,Internet-Advertisements,openml_task,amlb,classification,tabularaml,2,4500,,,,,,,,,,,,,4680,,,timeout,wall-clock exceeded 4680s,,
361237,concrete_strength,openml_task,ctr23,regression,tabularaml,0,4500,824,206,8,16,8,4.744111743698599,rmse,False,4.641812866609321,-0.022038561232220366,227.4972505569458,0.014423847198486328,231.44287729263306,352.3046875,322,ok,,0.2.0,"{""mode"": ""best"", ""elapsed_time"": 227.22761511802673, ""n_init_feats"": 8, ""n_added_feats"": 8, ""initial_metric"": null, ""final_metric"": 4.607197961968877, ""pct_gain"": 0.07133353621144459}"
1193_BNG_lowbwt,BNG-lowbwt,pmlb,pmlb,regression,tabularaml,3,4500,24883,6221,9,16,7,450.4951870762682,rmse,False,450.1407188400256,-0.0007874609458927525,1385.5177977085114,0.021274089813232422,1389.7891368865967,489.37890625,109,ok,,0.2.0,"{""mode"": ""best"", ""elapsed_time"": 1380.8277962207794, ""n_init_feats"": 9, ""n_added_feats"": 7, ""initial_metric"": null, ""final_metric"": 452.38901678212585, ""pct_gain"": 0.000778695582130215}"
167125,Internet-Advertisements,openml_task,amlb,classification,tabularaml,3,4500,,,,,,,,,,,,,4680,,,timeout,wall-clock exceeded 4680s,,
167125,Internet-Advertisements,openml_task,amlb,classification,tabularaml,4,4500,,,,,,,,,,,,,4680,,,timeout,wall-clock exceeded 4680s,,
361618,forest_fires,openml_task,ctr23,regression,tabularaml,1,4500,413,104,12,221,209,76.59458654000392,rmse,False,76.5361279964511,-0.0007638032532234652,730.7864265441895,1.346573829650879,743.7217762470245,354.1953125,2000,ok,,0.2.0,"{""mode"": ""best"", ""elapsed_time"": 726.2763514518738, ""n_init_feats"": 12, ""n_added_feats"": 26, ""initial_metric"": null, ""final_metric"": 46.76568490232809, ""pct_gain"": 0.1463174849542683}"
361237,concrete_strength,openml_task,ctr23,regression,tabularaml,1,4500,824,206,8,24,16,4.913535963918142,rmse,False,4.7585983666068365,-0.03255950289870447,297.66692662239075,0.03233599662780762,307.02935218811035,370.88671875,1529,ok,,0.2.0,"{""mode"": ""best"", ""elapsed_time"": 295.78163504600525, ""n_init_feats"": 8, ""n_added_feats"": 16, ""initial_metric"": null, ""final_metric"": 4.395030450478677, ""pct_gain"": 0.07795280889165108}"
361235,airfoil_self_noise,openml_task,ctr23,regression,tabularaml,2,4500,1202,301,5,15,10,1.3560706619030582,rmse,False,1.4820427537699872,0.08499895940686188,86.38481664657593,0.018080711364746094,99.7347686290741,368.1640625,1642,ok,,0.2.0,"{""mode"": ""best"", ""elapsed_time"": 85.77604651451111, ""n_init_feats"": 5, ""n_added_feats"": 10, ""initial_metric"": null, ""final_metric"": 1.6971100706411364, ""pct_gain"": 0.14479283079949382}"
361235,airfoil_self_noise,openml_task,ctr23,regression,tabularaml,0,4500,1202,301,5,15,10,1.5570612349125603,rmse,False,1.6802169582491364,0.07329751240274948,145.9492244720459,0.03904151916503906,160.38621711730957,365.3671875,1146,ok,,0.2.0,"{""mode"": ""best"", ""elapsed_time"": 144.8164668083191, ""n_init_feats"": 5, ""n_added_feats"": 10, ""initial_metric"": null, ""final_metric"": 1.6697270891932419, ""pct_gain"": 0.1940251665847376}"
167140,dna,openml_task,amlb,multiclass,tabularaml,1,4500,,,,,,,,,,,,,4680,,,timeout,wall-clock exceeded 4680s,,
503_wind,wind,pmlb,pmlb,regression,tabularaml,3,4500,5259,1315,14,22,8,2.9684894075468455,rmse,False,2.966718495874886,-0.0005969260900291484,832.2832722663879,0.024023056030273438,1645.4398972988129,365.25,249,ok,,0.2.0,"{""mode"": ""best"", ""elapsed_time"": 830.487827539444, ""n_init_feats"": 14, ""n_added_feats"": 8, ""initial_metric"": null, ""final_metric"": 3.0473475365114786, ""pct_gain"": 0.015271023805104068}"
sonar,sonar,pmlb,pmlb,classification,tabularaml,3,4500,166,42,60,82,22,0.8545454545454545,binary_roc_auc,True,0.9022727272727272,-0.05289672544080605,818.1091001033783,0.06311893463134766,3640.7674005031586,335.48046875,307,ok,,0.2.0,"{""mode"": ""best"", ""elapsed_time"": 804.3544018268585, ""n_init_feats"": 60, ""n_added_feats"": 22, ""initial_metric"": null, ""final_metric"": 0.9530906593406593, ""pct_gain"": 0.03243806229276231}"
167140,dna,openml_task,amlb,multiclass,tabularaml,2,4500,,,,,,,,,,,,,4680,,,timeout,wall-clock exceeded 4680s,,
361235,airfoil_self_noise,openml_task,ctr23,regression,tabularaml,3,4500,1202,301,5,15,10,1.5668171514616966,rmse,False,1.708973422780294,0.0831822598430619,96.95245456695557,0.019479990005493164,148.64474821090698,365.4765625,1333,ok,,0.2.0,"{""mode"": ""best"", ""elapsed_time"": 96.30087804794312, ""n_init_feats"": 5, ""n_added_feats"": 10, ""initial_metric"": null, ""final_metric"": 1.6730094053465099, ""pct_gain"": 0.1666152768767576}"
361237,concrete_strength,openml_task,ctr23,regression,tabularaml,3,4500,824,206,8,22,14,3.950802270419035,rmse,False,3.8577584660589945,-0.024118618409796965,345.6318588256836,0.024941444396972656,353.3127920627594,355.96875,471,ok,,0.2.0,"{""mode"": ""best"", ""elapsed_time"": 344.5393614768982, ""n_init_feats"": 8, ""n_added_feats"": 14, ""initial_metric"": null, ""final_metric"": 4.474548714812501, ""pct_gain"": 0.09965935069285714}"
waveform_21,waveform-21,pmlb,pmlb,multiclass,tabularaml,4,4500,4000,1000,21,25,4,0.3177322216858156,categorical_crossentropy,False,0.3206438779234886,0.009080654389938955,3162.1340045928955,0.01187276840209961,3176.0175766944885,389.37890625,165,ok,,0.2.0,"{""mode"": ""best"", ""elapsed_time"": 3155.152410507202, ""n_init_feats"": 21, ""n_added_feats"": 4, ""initial_metric"": null, ""final_metric"": 0.3824641959506437, ""pct_gain"": 0.0493070626478142}"
167140,dna,openml_task,amlb,multiclass,tabularaml,3,4500,,,,,,,,,,,,,4680,,,timeout,wall-clock exceeded 4680s,,
361237,concrete_strength,openml_task,ctr23,regression,tabularaml,2,4500,824,206,8,24,16,4.7443053800861845,rmse,False,4.7601661803729085,0.0033319845748497503,299.5161147117615,0.032351016998291016,385.5135793685913,354.42578125,360,ok,,0.2.0,"{""mode"": ""best"", ""elapsed_time"": 297.7587106227875, ""n_init_feats"": 8, ""n_added_feats"": 16, ""initial_metric"": null, ""final_metric"": 4.525550901845474, ""pct_gain"": 0.10410747370746931}"
361622,cars,openml_task,ctr23,regression,tabularaml,0,4500,643,161,17,18,1,2399.4464994460673,rmse,False,2422.1971062786147,0.00939254975310441,103.07032370567322,0.007917165756225586,113.71833825111389,343.91015625,119,ok,,0.2.0,"{""mode"": ""best"", ""elapsed_time"": 102.78185510635376, ""n_init_feats"": 17, ""n_added_feats"": 1, ""initial_metric"": null, ""final_metric"": 2523.3970389570163, ""pct_gain"": 0.02543895486557765}"
361235,airfoil_self_noise,openml_task,ctr23,regression,tabularaml,4,4500,1202,301,5,15,10,1.2846311554155778,rmse,False,1.285363462475516,0.0005697276150418403,155.62482571601868,0.022870540618896484,235.88522577285767,370.72265625,1446,ok,,0.2.0,"{""mode"": ""best"", ""elapsed_time"": 153.76585292816162, ""n_init_feats"": 5, ""n_added_feats"": 10, ""initial_metric"": null, ""final_metric"": 1.744542125771901, ""pct_gain"": 0.18554536613722325}"
361235,airfoil_self_noise,openml_task,ctr23,regression,tabularaml,1,4500,1202,301,5,15,10,1.3510716638907658,rmse,False,1.239333997257166,-0.09015944602576242,315.3535985946655,0.02137589454650879,320.9326276779175,369.8125,838,ok,,0.2.0,"{""mode"": ""best"", ""elapsed_time"": 313.9646325111389, ""n_init_feats"": 5, ""n_added_feats"": 10, ""initial_metric"": null, ""final_metric"": 1.577035642561437, ""pct_gain"": 0.21959833961323297}"
361250,red_wine,openml_task,ctr23,regression,tabularaml,0,4500,1279,320,11,16,5,0.5893801241707765,rmse,False,0.5913294144182394,0.003296454057474341,270.9566550254822,0.01675248146057129,275.94716000556946,353.6796875,239,ok,,0.2.0,"{""mode"": ""best"", ""elapsed_time"": 270.41856241226196, ""n_init_feats"": 11, ""n_added_feats"": 5, ""initial_metric"": null, ""final_metric"": 0.5918194648667912, ""pct_gain"": 0.045806570729352104}"
361622,cars,openml_task,ctr23,regression,tabularaml,1,4500,643,161,17,,,,,,,,,,234.99716448783875,,,crash,ValueError: Input X contains infinity or a value too large for dtype('float64').,0.2.0,
167141,churn,openml_task,amlb,classification,tabularaml,3,4500,,,,,,,,,,,,,4680,,,timeout,wall-clock exceeded 4680s,,
167141,churn,openml_task,amlb,classification,tabularaml,4,4500,,,,,,,,,,,,,4680,,,timeout,wall-clock exceeded 4680s,,
361622,cars,openml_task,ctr23,regression,tabularaml,4,4500,643,161,17,28,11,2310.183773856362,rmse,False,2243.665111864324,-0.029647321982363944,266.4538929462433,0.032137393951416016,270.87181639671326,348.53125,139,ok,,0.2.0,"{""mode"": ""best"", ""elapsed_time"": 265.74511647224426, ""n_init_feats"": 17, ""n_added_feats"": 11, ""initial_metric"": null, ""final_metric"": 2495.1185070452693, ""pct_gain"": 0.057062763872566466}"
adult,adult-pmlb,pmlb,stress_test,classification,tabularaml,0,4500,39073,9769,14,15,1,0.9247878601180476,binary_roc_auc,True,0.9250719968448822,-0.0003071509329043364,1129.3931725025177,0.009979009628295898,1136.0014429092407,556.875,338,ok,,0.2.0,"{""mode"": ""best"", ""elapsed_time"": 1121.4295585155487, ""n_init_feats"": 14, ""n_added_feats"": 1, ""initial_metric"": null, ""final_metric"": 0.9297395699970602, ""pct_gain"": 8.27011086726022e-06}"
361237,concrete_strength,openml_task,ctr23,regression,tabularaml,4,4500,824,206,8,13,5,4.407749968992496,rmse,False,3.918437419524931,-0.12487440708620241,202.26330876350403,0.01477956771850586,635.7140417098999,352.97265625,262,ok,,0.2.0,"{""mode"": ""best"", ""elapsed_time"": 201.87635135650635, ""n_init_feats"": 8, ""n_added_feats"": 5, ""initial_metric"": null, ""final_metric"": 4.705981058996438, ""pct_gain"": 0.07123146671187146}"
361623,space_ga,openml_task,ctr23,regression,tabularaml,0,4500,2485,622,6,18,12,0.1247366606104525,rmse,False,0.1595196759888435,0.21804843297715618,281.2094268798828,0.02772045135498047,286.72242069244385,354.1875,127,ok,,0.2.0,"{""mode"": ""best"", ""elapsed_time"": 279.6248428821564, ""n_init_feats"": 6, ""n_added_feats"": 12, ""initial_metric"": null, ""final_metric"": 0.09291587242274305, ""pct_gain"": 0.12310590348281265}"
adult,adult-pmlb,pmlb,stress_test,classification,tabularaml,3,4500,39073,9769,14,16,2,0.9339511760261702,binary_roc_auc,True,0.9333098610438156,0.0006871404761943553,1153.6001374721527,0.013558626174926758,1165.8284657001495,569.95703125,343,ok,,0.2.0,"{""mode"": ""best"", ""elapsed_time"": 1145.3374426364899, ""n_init_feats"": 14, ""n_added_feats"": 2, ""initial_metric"": null, ""final_metric"": 0.926912896693814, ""pct_gain"": 0.0010145278083550184}"
361623,space_ga,openml_task,ctr23,regression,tabularaml,1,4500,2485,622,6,16,10,0.10156325646516173,rmse,False,0.1278697430962365,0.20572878301066225,232.0052547454834,0.02446269989013672,266.0287308692932,361.4375,366,ok,,0.2.0,"{""mode"": ""best"", ""elapsed_time"": 229.5865557193756, ""n_init_feats"": 6, ""n_added_feats"": 10, ""initial_metric"": null, ""final_metric"": 0.09410821799612831, ""pct_gain"": 0.12356399348465467}"
adult,adult,pmlb,pmlb,classification,tabularaml,4,4500,,,,,,,,,,,,,4680,,,timeout,wall-clock exceeded 4680s,,
mushroom,mushroom,pmlb,pmlb,classification,tabularaml,3,4500,6499,1625,21,21,0,1.0,binary_roc_auc,True,1.0,0.0,429.4872205257416,0.005148649215698242,4585.041500329971,396.66796875,1999,ok,,0.2.0,"{""mode"": ""best"", ""elapsed_time"": 428.2753667831421, ""n_init_feats"": 21, ""n_added_feats"": 0, ""initial_metric"": null, ""final_metric"": 1.0, ""pct_gain"": 0.0}"
361623,space_ga,openml_task,ctr23,regression,tabularaml,4,4500,2485,622,6,17,11,0.12771115759202772,rmse,False,0.1403644904915352,0.09014625319550143,264.05025935173035,0.026637792587280273,267.98134779930115,364.08203125,199,ok,,0.2.0,"{""mode"": ""best"", ""elapsed_time"": 261.6469736099243, ""n_init_feats"": 6, ""n_added_feats"": 11, ""initial_metric"": null, ""final_metric"": 0.09344862165533728, ""pct_gain"": 0.11639679352605505}"
vehicle,vehicle,pmlb,pmlb,multiclass,tabularaml,0,4500,676,170,18,47,29,0.4798526764025583,categorical_crossentropy,False,0.5403102242661749,0.11189413997435889,1932.7295231819153,0.04267549514770508,3159.926061630249,345.93359375,93,ok,,0.2.0,"{""mode"": ""best"", ""elapsed_time"": 1880.6590616703033, ""n_init_feats"": 18, ""n_added_feats"": 29, ""initial_metric"": null, ""final_metric"": 0.43243925552835993, ""pct_gain"": 0.358158580595055}"
shuttle,shuttle,pmlb,pmlb,multiclass,tabularaml,1,4500,46400,11600,9,,,,,,,,,,3370.1870198249817,,,crash,ValueError: y contains previously unseen labels: [6],0.2.0,
361250,red_wine,openml_task,ctr23,regression,tabularaml,1,4500,1279,320,11,27,16,0.5803653645130282,rmse,False,0.5758393441333606,-0.007859866516205696,593.1838045120239,0.03928256034851074,605.1802265644073,365.75,328,ok,,0.2.0,"{""mode"": ""best"", ""elapsed_time"": 590.6604874134064, ""n_init_feats"": 11, ""n_added_feats"": 16, ""initial_metric"": null, ""final_metric"": 0.6019096680300724, ""pct_gain"": 0.03016432057680078}"
361619,student_performance,openml_task,ctr23,regression,tabularaml,0,4500,519,130,30,53,23,2.3673102656591407,rmse,False,2.393496184224936,0.010940447174464527,1236.2153861522675,0.12436509132385254,1241.7055912017822,349.97265625,55,ok,,0.2.0,"{""mode"": ""best"", ""elapsed_time"": 1235.494945526123, ""n_init_feats"": 30, ""n_added_feats"": 23, ""initial_metric"": null, ""final_metric"": 2.9439671544164776, ""pct_gain"": 0.041449541155934605}"
361623,space_ga,openml_task,ctr23,regression,tabularaml,2,4500,2485,622,6,18,12,0.12131157643527861,rmse,False,0.1431858175214608,0.1527682103215542,404.1329219341278,0.03227710723876953,477.22713232040405,366.546875,59,ok,,0.2.0,"{""mode"": ""best"", ""elapsed_time"": 402.5739469528198, ""n_init_feats"": 6, ""n_added_feats"": 12, ""initial_metric"": null, ""final_metric"": 0.10358627794194489, ""pct_gain"": 0.11226534044389709}"
361618,forest_fires,openml_task,ctr23,regression,tabularaml,4,4500,413,104,12,34,22,75.63807798353255,rmse,False,74.99468974133806,-0.00857911732702117,934.25244140625,0.052720069885253906,1387.6579976081848,352.859375,68,ok,,0.2.0,"{""mode"": ""best"", ""elapsed_time"": 932.6816487312317, ""n_init_feats"": 12, ""n_added_feats"": 22, ""initial_metric"": null, ""final_metric"": 29.992198429372856, ""pct_gain"": 0.04043472907786048}"
503_wind,wind,pmlb,pmlb,regression,tabularaml,4,4500,5259,1315,14,33,19,3.092766823015598,rmse,False,3.045161175952676,-0.01563321095738994,2258.166371822357,0.047885894775390625,2334.5601541996,395.5078125,210,ok,,0.2.0,"{""mode"": ""best"", ""elapsed_time"": 2251.9755787849426, ""n_init_feats"": 14, ""n_added_feats"": 19, ""initial_metric"": null, ""final_metric"": 3.0975123076182354, ""pct_gain"": 0.014091157071262742}"
361250,red_wine,openml_task,ctr23,regression,tabularaml,4,4500,1279,320,11,28,17,0.5582730739368312,rmse,False,0.5555582293144462,-0.004886696801764812,742.3381505012512,0.0249786376953125,746.2550439834595,365.8984375,107,ok,,0.2.0,"{""mode"": ""best"", ""elapsed_time"": 741.5585472583771, ""n_init_feats"": 11, ""n_added_feats"": 17, ""initial_metric"": null, ""final_metric"": 0.6112113606252676, ""pct_gain"": 0.049728705741478585}"
361250,red_wine,openml_task,ctr23,regression,tabularaml,3,4500,1279,320,11,30,19,0.569265624452591,rmse,False,0.5434149812603648,-0.047570722346059954,744.5413241386414,0.05019855499267578,749.4779131412506,371.6875,270,ok,,0.2.0,"{""mode"": ""best"", ""elapsed_time"": 742.1845948696136, ""n_init_feats"": 11, ""n_added_feats"": 19, ""initial_metric"": null, ""final_metric"": 0.5965914658191696, ""pct_gain"": 0.08321561401003853}"
satimage,satimage,pmlb,pmlb,multiclass,tabularaml,1,4500,5148,1287,36,41,5,0.21620353130072964,categorical_crossentropy,False,0.2186751308897845,0.011302609395947152,3691.5421011447906,0.01975274085998535,3700.43026804924,412.5078125,268,ok,,0.2.0,"{""mode"": ""best"", ""elapsed_time"": 3681.251315832138, ""n_init_feats"": 36, ""n_added_feats"": 5, ""initial_metric"": null, ""final_metric"": 0.3439805228840475, ""pct_gain"": 0.06178854563480329}"
waveform_21,waveform-21,pmlb,pmlb,multiclass,tabularaml,2,4500,4000,1000,21,29,8,0.31569711484009166,categorical_crossentropy,False,0.3028721691233804,-0.042344417956364976,3916.2940208911896,0.04048895835876465,3924.6460213661194,393.75390625,221,ok,,0.2.0,"{""mode"": ""best"", ""elapsed_time"": 3623.1471252441406, ""n_init_feats"": 21, ""n_added_feats"": 8, ""initial_metric"": null, ""final_metric"": 0.39928351998440803, ""pct_gain"": 0.017644189892052742}"
satimage,satimage,pmlb,pmlb,multiclass,tabularaml,0,4500,5148,1287,36,38,2,0.24955592906918012,categorical_crossentropy,False,0.2448214676452183,-0.019338424319973135,3701.496776819229,0.014471292495727539,3714.8521304130554,407.61328125,297,ok,,0.2.0,"{""mode"": ""best"", ""elapsed_time"": 3691.089658975601, ""n_init_feats"": 36, ""n_added_feats"": 2, ""initial_metric"": null, ""final_metric"": 0.3451296367138693, ""pct_gain"": 0.05563263418871116}"
361236,auction_verification,openml_task,ctr23,regression,tabularaml,3,4500,1634,409,7,4429,4422,1460.8982537597506,rmse,False,382.64486574383926,-2.8178958730305963,642.7289931774139,39.554898262023926,716.9649600982666,704.0546875,125,ok,,0.2.0,"{""mode"": ""best"", ""elapsed_time"": 497.7441291809082, ""n_init_feats"": 7, ""n_added_feats"": 27, ""initial_metric"": null, ""final_metric"": 615.1172414747834, ""pct_gain"": 0.685078385969986}"
letter,letter,pmlb,pmlb,multiclass,tabularaml,2,4500,16000,4000,16,18,2,0.12233768497574363,categorical_crossentropy,False,0.1187257047769728,-0.030422899620229284,3703.0621135234833,0.01211404800415039,3793.0658338069916,714.703125,1635,ok,,0.2.0,"{""mode"": ""best"", ""elapsed_time"": 3653.1674525737762, ""n_init_feats"": 16, ""n_added_feats"": 2, ""initial_metric"": null, ""final_metric"": 0.17168345258087825, ""pct_gain"": 0.014469323678124556}"
waveform_21,waveform-21,pmlb,pmlb,multiclass,tabularaml,1,4500,4000,1000,21,27,6,0.3146901537461672,categorical_crossentropy,False,0.3135777548374608,-0.0035474420348567156,3969.306052684784,0.0383915901184082,3974.600106716156,389.08984375,149,ok,,0.2.0,"{""mode"": ""best"", ""elapsed_time"": 3650.0695950984955, ""n_init_feats"": 21, ""n_added_feats"": 6, ""initial_metric"": null, ""final_metric"": 0.41335902465020025, ""pct_gain"": -0.018705268290885663}"
waveform_21,waveform-21,pmlb,pmlb,multiclass,tabularaml,3,4500,4000,1000,21,37,16,0.3181652330785291,categorical_crossentropy,False,0.3182567537160066,0.0002875685634597369,3955.132443189621,0.04718494415283203,3965.3118534088135,389.69140625,169,ok,,0.2.0,"{""mode"": ""best"", ""elapsed_time"": 3646.4868898391724, ""n_init_feats"": 21, ""n_added_feats"": 16, ""initial_metric"": null, ""final_metric"": 0.3979973768146808, ""pct_gain"": -0.008659702917714698}"
shuttle,shuttle,pmlb,pmlb,multiclass,tabularaml,2,4500,46400,11600,9,18,9,0.0003227349829579641,categorical_crossentropy,False,0.0003366080257439,0.041214236515236605,3691.365641593933,0.022686481475830078,3712.8796985149384,485.81640625,517,ok,,0.2.0,"{""mode"": ""best"", ""elapsed_time"": 3657.9717557430267, ""n_init_feats"": 9, ""n_added_feats"": 9, ""initial_metric"": null, ""final_metric"": 0.9840904564884235, ""pct_gain"": 0.7266378759340252}"
letter,letter,pmlb,pmlb,multiclass,tabularaml,1,4500,16000,4000,16,22,6,0.12638841163449754,categorical_crossentropy,False,0.121318590357945,-0.04178931902847098,3730.768813610077,0.018117666244506836,3838.3750882148743,619.3203125,1031,ok,,0.2.0,"{""mode"": ""best"", ""elapsed_time"": 3680.268417596817, ""n_init_feats"": 16, ""n_added_feats"": 6, ""initial_metric"": null, ""final_metric"": 0.1649485286219154, ""pct_gain"": 0.030204821704482986}"
361258,kin8nm,openml_task,ctr23,regression,tabularaml,1,4500,6553,1639,8,20,12,0.08461471426511584,rmse,False,0.1126178861498581,0.24865652199757207,213.37000560760498,0.03925156593322754,224.1798975467682,377.78125,812,ok,,0.2.0,"{""mode"": ""best"", ""elapsed_time"": 208.41391849517822, ""n_init_feats"": 8, ""n_added_feats"": 12, ""initial_metric"": null, ""final_metric"": 0.09657712942295088, ""pct_gain"": 0.2743613927911143}"
shuttle,shuttle,pmlb,pmlb,multiclass,tabularaml,4,4500,46400,11600,9,16,7,0.0009291765653441173,categorical_crossentropy,False,0.0009775792204586,0.04951277001548395,3720.1218416690826,0.024987459182739258,3745.1938078403473,466.28125,648,ok,,0.2.0,"{""mode"": ""best"", ""elapsed_time"": 3681.8129649162292, ""n_init_feats"": 9, ""n_added_feats"": 7, ""initial_metric"": null, ""final_metric"": 2.0357755816050296, ""pct_gain"": -0.40675355860604345}"
letter,letter,pmlb,pmlb,multiclass,tabularaml,3,4500,16000,4000,16,21,5,0.11091254985258456,categorical_crossentropy,False,0.1114786534835386,0.005078134811142392,3817.4157338142395,0.014575958251953125,3875.927324771881,608.7734375,931,ok,,0.2.0,"{""mode"": ""best"", ""elapsed_time"": 3768.98090839386, ""n_init_feats"": 16, ""n_added_feats"": 5, ""initial_metric"": null, ""final_metric"": 0.15870118723968143, ""pct_gain"": 0.06976784143915929}"
letter,letter,pmlb,pmlb,multiclass,tabularaml,0,4500,16000,4000,16,19,3,0.11724193581913694,categorical_crossentropy,False,0.1144544498559661,-0.024354544246018576,3843.67830824852,0.012890815734863281,3929.347743034363,712.8671875,1615,ok,,0.2.0,"{""mode"": ""best"", ""elapsed_time"": 3798.240514278412, ""n_init_feats"": 16, ""n_added_feats"": 3, ""initial_metric"": null, ""final_metric"": 0.1712084885407466, ""pct_gain"": 0.009902559537028064}"
361622,cars,openml_task,ctr23,regression,tabularaml,3,4500,643,161,17,35,18,2212.923292385128,rmse,False,2469.5495814814703,0.10391623274977671,675.8487825393677,0.04968595504760742,930.2624206542969,349.73046875,147,ok,,0.2.0,"{""mode"": ""best"", ""elapsed_time"": 669.9450078010559, ""n_init_feats"": 17, ""n_added_feats"": 22, ""initial_metric"": null, ""final_metric"": 2537.4429680857, ""pct_gain"": 0.07885573293888667}"
361258,kin8nm,openml_task,ctr23,regression,tabularaml,2,4500,6553,1639,8,23,15,0.09269796468152885,rmse,False,0.114776588755677,0.19236173782047614,188.03333449363708,0.029773473739624023,265.98789143562317,390.265625,1517,ok,,0.2.0,"{""mode"": ""best"", ""elapsed_time"": 183.05378198623657, ""n_init_feats"": 8, ""n_added_feats"": 15, ""initial_metric"": null, ""final_metric"": 0.10565623757475791, ""pct_gain"": 0.19856594864857613}"
361236,auction_verification,openml_task,ctr23,regression,tabularaml,4,4500,1634,409,7,1490,1483,538.4565728916282,rmse,False,359.3435467125116,-0.498445089157017,871.5981559753418,12.886251449584961,897.3131666183472,475.93359375,174,ok,,0.2.0,"{""mode"": ""best"", ""elapsed_time"": 829.6046521663666, ""n_init_feats"": 7, ""n_added_feats"": 18, ""initial_metric"": null, ""final_metric"": 1204.7570164673273, ""pct_gain"": 0.3902169214828619}"
361258,kin8nm,openml_task,ctr23,regression,tabularaml,4,4500,6553,1639,8,23,15,0.09763967390755919,rmse,False,0.1150664997294045,0.15145003856749797,259.24774622917175,0.025600194931030273,270.6353032588959,388.41015625,1283,ok,,0.2.0,"{""mode"": ""best"", ""elapsed_time"": 254.67464756965637, ""n_init_feats"": 8, ""n_added_feats"": 15, ""initial_metric"": null, ""final_metric"": 0.1098735187029994, ""pct_gain"": 0.16983089993279693}"
361619,student_performance,openml_task,ctr23,regression,tabularaml,1,4500,519,130,30,57,27,3.439430764266036,rmse,False,3.376023486576167,-0.018781645904417065,1661.91943025589,0.15497303009033203,1673.7003729343414,348.77734375,17,ok,,0.2.0,"{""mode"": ""best"", ""elapsed_time"": 1661.0773091316223, ""n_init_feats"": 30, ""n_added_feats"": 27, ""initial_metric"": null, ""final_metric"": 2.4213586197483123, ""pct_gain"": 0.05479169994100176}"
letter,letter,pmlb,pmlb,multiclass,tabularaml,4,4500,16000,4000,16,18,2,0.1198963594589585,categorical_crossentropy,False,0.1190217557597538,-0.007348267496323134,3953.5622222423553,0.01199650764465332,4020.570803165436,606.1640625,899,ok,,0.2.0,"{""mode"": ""best"", ""elapsed_time"": 3904.0075285434723, ""n_init_feats"": 16, ""n_added_feats"": 2, ""initial_metric"": null, ""final_metric"": 0.16676860557925915, ""pct_gain"": 0.025680495470506874}"
361250,red_wine,openml_task,ctr23,regression,tabularaml,2,4500,1279,320,11,26,15,0.6263313052982724,rmse,False,0.6250169240140602,-0.00210295311008678,1121.8454101085663,0.03763556480407715,1126.6041355133057,372.66015625,319,ok,,0.2.0,"{""mode"": ""best"", ""elapsed_time"": 1120.1392402648926, ""n_init_feats"": 11, ""n_added_feats"": 15, ""initial_metric"": null, ""final_metric"": 0.5828979513634244, ""pct_gain"": 0.0344548809821707}"
361616,Moneyball,openml_task,ctr23,regression,tabularaml,4,4500,985,247,14,30,16,33.339877410207855,rmse,False,27.94507721482447,-0.1930501087512301,1323.725858926773,0.06054067611694336,1330.4229803085327,377.453125,212,ok,,0.2.0,"{""mode"": ""best"", ""elapsed_time"": 1319.8519911766052, ""n_init_feats"": 14, ""n_added_feats"": 16, ""initial_metric"": null, ""final_metric"": 24.149336950277966, ""pct_gain"": -0.003198459606285404}"
361258,kin8nm,openml_task,ctr23,regression,tabularaml,0,4500,6553,1639,8,22,14,0.10117262731896944,rmse,False,0.1160065106702013,0.127871127797332,486.5902042388916,0.04220414161682129,505.14554166793823,411.20703125,1295,ok,,0.2.0,"{""mode"": ""best"", ""elapsed_time"": 481.36614632606506, ""n_init_feats"": 8, ""n_added_feats"": 14, ""initial_metric"": null, ""final_metric"": 0.11578137059361174, ""pct_gain"": 0.11483678959133208}"
1193_BNG_lowbwt,BNG-lowbwt,pmlb,pmlb,regression,tabularaml,4,4500,24883,6221,9,21,12,456.512815163736,rmse,False,456.1784179679472,-0.0007330403688941362,2552.1373369693756,0.030172109603881836,2556.5144302845,572.44921875,121,ok,,0.2.0,"{""mode"": ""best"", ""elapsed_time"": 2545.4336154460907, ""n_init_feats"": 9, ""n_added_feats"": 12, ""initial_metric"": null, ""final_metric"": 450.1596330101479, ""pct_gain"": 0.0006527829525246765}"
361264,socmob,openml_task,ctr23,regression,tabularaml,3,4500,924,232,5,304,299,21.946774847263878,rmse,False,20.99947311381067,-0.045110738175149705,197.94524502754211,1.7013442516326904,205.24464440345764,366.8828125,245,ok,,0.2.0,"{""mode"": ""best"", ""elapsed_time"": 190.2057466506958, ""n_init_feats"": 5, ""n_added_feats"": 9, ""initial_metric"": null, ""final_metric"": 14.072783514856516, ""pct_gain"": 0.08988148524458726}"
361249,white_wine,openml_task,ctr23,regression,tabularaml,2,4500,3918,980,11,31,20,0.6392750901938804,rmse,False,0.6249850944762445,-0.022864538440890855,766.4298348426819,0.04186820983886719,776.1418836116791,406.94140625,601,ok,,0.2.0,"{""mode"": ""best"", ""elapsed_time"": 762.752254486084, ""n_init_feats"": 11, ""n_added_feats"": 20, ""initial_metric"": null, ""final_metric"": 0.6477724439961677, ""pct_gain"": 0.02007069326753064}"
361249,white_wine,openml_task,ctr23,regression,tabularaml,3,4500,3918,980,11,24,13,0.6623894493383047,rmse,False,0.6574130013961788,-0.007569743725112239,784.6956415176392,0.027233600616455078,790.5602445602417,398.671875,407,ok,,0.2.0,"{""mode"": ""best"", ""elapsed_time"": 782.1826431751251, ""n_init_feats"": 11, ""n_added_feats"": 13, ""initial_metric"": null, ""final_metric"": 0.6485698211587163, ""pct_gain"": 0.023889107692365182}"
361234,abalone,openml_task,ctr23,regression,tabularaml,4,4500,3341,836,8,25,17,2.062787850778997,rmse,False,2.0945985943041823,0.015187035650500138,874.911016702652,0.05992746353149414,880.6669807434082,385.60546875,56,ok,,0.2.0,"{""mode"": ""best"", ""elapsed_time"": 870.3750729560852, ""n_init_feats"": 8, ""n_added_feats"": 17, ""initial_metric"": null, ""final_metric"": 2.119220978840795, ""pct_gain"": 0.0457288064710873}"
361264,socmob,openml_task,ctr23,regression,tabularaml,0,4500,924,232,5,11,6,26.238160910043,rmse,False,30.67049396798381,0.1445145638204463,377.3027195930481,0.040920257568359375,381.70862340927124,350.0546875,322,ok,,0.2.0,"{""mode"": ""best"", ""elapsed_time"": 376.7828483581543, ""n_init_feats"": 5, ""n_added_feats"": 6, ""initial_metric"": null, ""final_metric"": 12.874226668186108, ""pct_gain"": 0.13131562156855156}"
361256,cpu_activity,openml_task,ctr23,regression,tabularaml,0,4500,6553,1639,21,23,2,2.7435300038590875,rmse,False,2.698892099867807,-0.016539343678640097,488.908704996109,0.010123729705810547,564.135570526123,377.765625,386,ok,,0.2.0,"{""mode"": ""best"", ""elapsed_time"": 486.7383942604065, ""n_init_feats"": 21, ""n_added_feats"": 2, ""initial_metric"": null, ""final_metric"": 2.3157253603669243, ""pct_gain"": 0.03949064927235912}"
361249,white_wine,openml_task,ctr23,regression,tabularaml,4,4500,3918,980,11,21,10,0.6102285217461247,rmse,False,0.6217770089338759,0.018573358329142226,958.125627040863,0.028251171112060547,968.0157046318054,415.9609375,719,ok,,0.2.0,"{""mode"": ""best"", ""elapsed_time"": 956.5430176258087, ""n_init_feats"": 11, ""n_added_feats"": 10, ""initial_metric"": null, ""final_metric"": 0.6682601342012241, ""pct_gain"": 0.035415035409473536}"
361264,socmob,openml_task,ctr23,regression,tabularaml,4,4500,924,232,5,315,310,12.220446838191696,rmse,False,12.067811008334504,-0.012648178675633595,457.5366802215576,1.593202829360962,464.53650879859924,368.3359375,41,ok,,0.2.0,"{""mode"": ""best"", ""elapsed_time"": 453.40271830558777, ""n_init_feats"": 5, ""n_added_feats"": 10, ""initial_metric"": null, ""final_metric"": 16.12981260358604, ""pct_gain"": 0.1510498525925028}"
361249,white_wine,openml_task,ctr23,regression,tabularaml,1,4500,3918,980,11,30,19,0.6112502166124149,rmse,False,0.5994102260640205,-0.019752733659785398,1044.8438913822174,0.04324746131896973,1055.3696293830872,408.53515625,499,ok,,0.2.0,"{""mode"": ""best"", ""elapsed_time"": 1041.9917056560516, ""n_init_feats"": 11, ""n_added_feats"": 19, ""initial_metric"": null, ""final_metric"": 0.6453801694929939, ""pct_gain"": 0.03707486086455379}"
361236,auction_verification,openml_task,ctr23,regression,tabularaml,1,4500,1634,409,7,5908,5901,326.8764103558068,rmse,False,357.9549782401087,0.08682256086254243,1276.6108574867249,50.95201849937439,1410.6797151565552,958.9375,450,ok,,0.2.0,"{""mode"": ""best"", ""elapsed_time"": 1080.362631559372, ""n_init_feats"": 7, ""n_added_feats"": 33, ""initial_metric"": null, ""final_metric"": 702.9012901947334, ""pct_gain"": 0.6404695860973338}"
361234,abalone,openml_task,ctr23,regression,tabularaml,2,4500,3341,836,8,21,13,2.301273330963777,rmse,False,2.285126134000224,-0.007066216924877887,1223.795373916626,0.06606817245483398,1227.2812435626984,398.07421875,43,ok,,0.2.0,"{""mode"": ""best"", ""elapsed_time"": 1221.4498920440674, ""n_init_feats"": 8, ""n_added_feats"": 13, ""initial_metric"": null, ""final_metric"": 2.174639011037935, ""pct_gain"": 0.04317455928255284}"
361249,white_wine,openml_task,ctr23,regression,tabularaml,0,4500,3918,980,11,22,11,0.6868463866423969,rmse,False,0.6836595162800649,-0.004661487606685324,1157.090257883072,0.026653051376342773,1165.6074340343475,429.671875,646,ok,,0.2.0,"{""mode"": ""best"", ""elapsed_time"": 1154.9629709720612, ""n_init_feats"": 11, ""n_added_feats"": 11, ""initial_metric"": null, ""final_metric"": 0.6489782092774634, ""pct_gain"": 0.005663053060838027}"
waveform_21,waveform-21,pmlb,pmlb,multiclass,tabularaml,0,4500,,,,,,,,,,,,,4680,,,timeout,wall-clock exceeded 4680s,,
mfeat_factors,mfeat-factors,pmlb,pmlb,multiclass,tabularaml,1,4500,1600,400,216,219,3,0.13782169012149098,categorical_crossentropy,False,0.133391617375164,-0.03321102805034141,3687.5693583488464,0.2142038345336914,3702.520710706711,392.140625,412,ok,,0.2.0,"{""mode"": ""best"", ""elapsed_time"": 3660.9502170085907, ""n_init_feats"": 216, ""n_added_feats"": 3, ""initial_metric"": null, ""final_metric"": 0.14650844365629198, ""pct_gain"": 0.020790963761300303}"
361234,abalone,openml_task,ctr23,regression,tabularaml,3,4500,3341,836,8,26,18,2.1173472302481895,rmse,False,2.143613290591695,0.012253171063450202,1278.3803925514221,0.04774832725524902,1284.4937462806702,399.71484375,54,ok,,0.2.0,"{""mode"": ""best"", ""elapsed_time"": 1276.673701286316, ""n_init_feats"": 8, ""n_added_feats"": 18, ""initial_metric"": null, ""final_metric"": 2.132784572727451, ""pct_gain"": 0.04251900514727009}"
mfeat_factors,mfeat-factors,pmlb,pmlb,multiclass,tabularaml,2,4500,1600,400,216,219,3,0.18057766490979701,categorical_crossentropy,False,0.1873058910931286,0.035921060165621264,3686.5487909317017,0.023827791213989258,3699.3679263591766,409.78515625,233,ok,,0.2.0,"{""mode"": ""best"", ""elapsed_time"": 3659.284307718277, ""n_init_feats"": 216, ""n_added_feats"": 3, ""initial_metric"": null, ""final_metric"": 0.12599390658385903, ""pct_gain"": 0.14478692931243933}"
optdigits,optdigits,pmlb,pmlb,multiclass,tabularaml,4,4500,4496,1124,62,75,13,0.06899490374607566,categorical_crossentropy,False,0.0670384941417816,-0.029183376347272742,4279.898924589157,0.023597002029418945,4296.790447950363,416.9453125,630,ok,,0.2.0,"{""mode"": ""best"", ""elapsed_time"": 3626.532374858856, ""n_init_feats"": 62, ""n_added_feats"": 13, ""initial_metric"": null, ""final_metric"": 0.08291157327692458, ""pct_gain"": 0.13917711609797895}"
optdigits,optdigits,pmlb,pmlb,multiclass,tabularaml,2,4500,4496,1124,62,72,10,0.06608786915673309,categorical_crossentropy,False,0.0701331894157367,0.05768054030772341,4298.767703294754,0.021131038665771484,4308.9256455898285,430.02734375,678,ok,,0.2.0,"{""mode"": ""best"", ""elapsed_time"": 3633.4820659160614, ""n_init_feats"": 62, ""n_added_feats"": 10, ""initial_metric"": null, ""final_metric"": 0.08614274171938807, ""pct_gain"": 0.13360841750039668}"
mfeat_factors,mfeat-factors,pmlb,pmlb,multiclass,tabularaml,4,4500,1600,400,216,222,6,0.10278562164810864,categorical_crossentropy,False,0.1046454840226942,0.017772982675317524,3693.9851219654083,0.04063916206359863,3715.608477830887,401.17578125,651,ok,,0.2.0,"{""mode"": ""best"", ""elapsed_time"": 3658.406779527664, ""n_init_feats"": 216, ""n_added_feats"": 6, ""initial_metric"": null, ""final_metric"": 0.13915673328894143, ""pct_gain"": 0.08864434622605528}"
adult,adult-pmlb,pmlb,stress_test,classification,tabularaml,4,4500,39073,9769,14,23,9,0.9264790103741996,binary_roc_auc,True,0.9254273907919788,0.0011363609859448849,2502.0635035037994,0.028248071670532227,2508.0804164409637,735.8359375,249,ok,,0.2.0,"{""mode"": ""best"", ""elapsed_time"": 2494.6292655467987, ""n_init_feats"": 14, ""n_added_feats"": 9, ""initial_metric"": null, ""final_metric"": 0.9300247338291229, ""pct_gain"": 0.0009588201713486644}"
satimage,satimage,pmlb,pmlb,multiclass,tabularaml,2,4500,,,,,,,,,,,,,4680,,,timeout,wall-clock exceeded 4680s,,
361264,socmob,openml_task,ctr23,regression,tabularaml,2,4500,924,232,5,21,16,12.688730237146618,rmse,False,11.578882992120487,-0.09585097679814109,794.5400836467743,0.05809831619262695,839.1204934120178,365.51171875,369,ok,,0.2.0,"{""mode"": ""best"", ""elapsed_time"": 792.917206287384, ""n_init_feats"": 5, ""n_added_feats"": 16, ""initial_metric"": null, ""final_metric"": 12.970331328347262, ""pct_gain"": 0.14301960659791643}"
satimage,satimage,pmlb,pmlb,multiclass,tabularaml,3,4500,,,,,,,,,,,,,4680,,,timeout,wall-clock exceeded 4680s,,
optdigits,optdigits,pmlb,pmlb,multiclass,tabularaml,1,4500,4496,1124,62,73,11,0.057494782053330376,categorical_crossentropy,False,0.0548427317686636,-0.048357370231913305,4432.922259569168,0.03152871131896973,4450.032865762711,432.4375,519,ok,,0.2.0,"{""mode"": ""best"", ""elapsed_time"": 3691.2017817497253, ""n_init_feats"": 62, ""n_added_feats"": 11, ""initial_metric"": null, ""final_metric"": 0.07292811641406435, ""pct_gain"": 0.18862956995600652}"
satimage,satimage,pmlb,pmlb,multiclass,tabularaml,4,4500,,,,,,,,,,,,,4680,,,timeout,wall-clock exceeded 4680s,,
pendigits,pendigits,pmlb,pmlb,multiclass,tabularaml,0,4500,,,,,,,,,,,,,4680,,,timeout,wall-clock exceeded 4680s,,
pendigits,pendigits,pmlb,pmlb,multiclass,tabularaml,2,4500,8793,2199,16,33,17,0.044586403864239336,categorical_crossentropy,False,0.0403474741154507,-0.10506059776280711,4587.20721578598,0.02554607391357422,4619.1276688575745,446.67578125,717,ok,,0.2.0,"{""mode"": ""best"", ""elapsed_time"": 3620.999433040619, ""n_init_feats"": 16, ""n_added_feats"": 17, ""initial_metric"": null, ""final_metric"": 0.03991306161472307, ""pct_gain"": 0.20469217601976666}"
361259,pumadyn32nh,openml_task,ctr23,regression,tabularaml,4,4500,6553,1639,32,39,7,0.021046981301607343,rmse,False,0.0211439282455286,0.004585096146538402,1035.5277786254883,0.021976470947265625,1044.9484825134277,399.765625,45,ok,,0.2.0,"{""mode"": ""best"", ""elapsed_time"": 1031.2344748973846, ""n_init_feats"": 32, ""n_added_feats"": 7, ""initial_metric"": null, ""final_metric"": 0.021720926633943437, ""pct_gain"": 0.011016543049438736}"
361247,naval_propulsion,openml_task,ctr23,regression,tabularaml,0,4500,9547,2387,14,28,14,0.0007980409822888233,rmse,False,0.0010528835527647,0.242042502997318,775.3700618743896,0.05788779258728027,783.6736099720001,421.8203125,856,ok,,0.2.0,"{""mode"": ""best"", ""elapsed_time"": 770.0766735076904, ""n_init_feats"": 14, ""n_added_feats"": 14, ""initial_metric"": null, ""final_metric"": 0.0009534618018572149, ""pct_gain"": 0.36032195080383783}"
pendigits,pendigits,pmlb,pmlb,multiclass,tabularaml,1,4500,,,,,,,,,,,,,4680,,,timeout,wall-clock exceeded 4680s,,
vehicle,vehicle,pmlb,pmlb,multiclass,tabularaml,1,4500,676,170,18,32,14,0.5216687670641798,categorical_crossentropy,False,0.5733310526271131,0.09010899606118815,1671.6569726467133,0.031128406524658203,4540.265050411224,349.35546875,245,ok,,0.2.0,"{""mode"": ""best"", ""elapsed_time"": 1624.7046601772308, ""n_init_feats"": 18, ""n_added_feats"": 14, ""initial_metric"": null, ""final_metric"": 0.4644251094635333, ""pct_gain"": 0.3098920763151665}"
pendigits,pendigits,pmlb,pmlb,multiclass,tabularaml,3,4500,,,,,,,,,,,,,4680,,,timeout,wall-clock exceeded 4680s,,
adult,adult-pmlb,pmlb,stress_test,classification,tabularaml,1,4500,39073,9769,14,17,3,0.9298167319550874,binary_roc_auc,True,0.9290474072329418,0.0008280790798792279,1403.2519733905792,0.014404296875,2752.8109798431396,585.82421875,280,ok,,0.2.0,"{""mode"": ""best"", ""elapsed_time"": 1395.0915203094482, ""n_init_feats"": 14, ""n_added_feats"": 3, ""initial_metric"": null, ""final_metric"": 0.9272011483643524, ""pct_gain"": 0.0010784617030561857}"
361256,cpu_activity,openml_task,ctr23,regression,tabularaml,4,4500,6553,1639,21,30,9,2.29743641397181,rmse,False,2.2533502767873115,-0.019564706667511013,1064.6107890605927,0.020520448684692383,1074.5639154911041,403.96484375,256,ok,,0.2.0,"{""mode"": ""best"", ""elapsed_time"": 1062.212595462799, ""n_init_feats"": 21, ""n_added_feats"": 9, ""initial_metric"": null, ""final_metric"": 2.2622294737158652, ""pct_gain"": 0.04351081807077941}"
361619,student_performance,openml_task,ctr23,regression,tabularaml,4,4500,519,130,30,60,30,3.068156159052302,rmse,False,2.956811684979109,-0.03765693792365398,2392.0114006996155,0.15404200553894043,2395.8611896038055,357.34375,30,ok,,0.2.0,"{""mode"": ""best"", ""elapsed_time"": 2391.2344913482666, ""n_init_feats"": 30, ""n_added_feats"": 30, ""initial_metric"": null, ""final_metric"": 2.5459904909478706, ""pct_gain"": 0.0623419200325185}"
pendigits,pendigits,pmlb,pmlb,multiclass,tabularaml,4,4500,,,,,,,,,,,,,4680,,,timeout,wall-clock exceeded 4680s,,
optdigits,optdigits,pmlb,pmlb,multiclass,tabularaml,0,4500,,,,,,,,,,,,,4680,,,timeout,wall-clock exceeded 4680s,,
361244,solar_flare,openml_task,ctr23,regression,tabularaml,2,4500,852,214,9,12,3,0.6231321163667821,rmse,False,0.6380135646457703,0.023324658132073527,405.8895390033722,0.03250885009765625,411.28293633461,346.546875,30,ok,,0.2.0,"{""mode"": ""best"", ""elapsed_time"": 405.4845552444458, ""n_init_feats"": 9, ""n_added_feats"": 3, ""initial_metric"": null, ""final_metric"": 0.8016617994036578, ""pct_gain"": 0.020754013008475843}"
optdigits,optdigits,pmlb,pmlb,multiclass,tabularaml,3,4500,,,,,,,,,,,,,4680,,,timeout,wall-clock exceeded 4680s,,
361244,solar_flare,openml_task,ctr23,regression,tabularaml,4,4500,852,214,9,11,2,0.7239019763961834,rmse,False,0.702299499006531,-0.030759636622567893,371.4856650829315,0.020940303802490234,447.6910345554352,344.3984375,2000,ok,,0.2.0,"{""mode"": ""best"", ""elapsed_time"": 371.1482789516449, ""n_init_feats"": 9, ""n_added_feats"": 2, ""initial_metric"": null, ""final_metric"": 0.8355597450318191, ""pct_gain"": 0.01177185992982477}"
361256,cpu_activity,openml_task,ctr23,regression,tabularaml,1,4500,6553,1639,21,30,9,2.893380952640422,rmse,False,2.817176500170878,-0.027049938995629835,1241.1276686191559,0.022402048110961914,1254.0897970199585,401.1796875,268,ok,,0.2.0,"{""mode"": ""best"", ""elapsed_time"": 1238.3338282108307, ""n_init_feats"": 21, ""n_added_feats"": 9, ""initial_metric"": null, ""final_metric"": 2.3154952902450843, ""pct_gain"": 0.018281564059302972}"
vehicle,vehicle,pmlb,pmlb,multiclass,tabularaml,2,4500,,,,,,,,,,,,,4680,,,timeout,wall-clock exceeded 4680s,,
361272,fifa,openml_task,ctr23,regression,tabularaml,0,4500,15342,3836,28,28,0,9516.707473899605,rmse,False,9479.019066269491,-0.003975981835950286,214.37589979171753,0.006464719772338867,289.8584897518158,366.7265625,303,ok,,0.2.0,"{""mode"": ""best"", ""elapsed_time"": 211.42699313163757, ""n_init_feats"": 28, ""n_added_feats"": 0, ""initial_metric"": null, ""final_metric"": 9374.18170962788, ""pct_gain"": 0.010531496490860397}"
361244,solar_flare,openml_task,ctr23,regression,tabularaml,0,4500,852,214,9,14,5,0.6330487548879555,rmse,False,0.6275326416597077,-0.008790161438708201,552.2934992313385,0.03069281578063965,610.9988102912903,347.51953125,6,ok,,0.2.0,"{""mode"": ""best"", ""elapsed_time"": 551.9822552204132, ""n_init_feats"": 9, ""n_added_feats"": 5, ""initial_metric"": null, ""final_metric"": 0.8414305214564657, ""pct_gain"": 0.017947944301586787}"
361247,naval_propulsion,openml_task,ctr23,regression,tabularaml,4,4500,9547,2387,14,31,17,0.0005755631450003068,rmse,False,0.0009515053976627,0.3951025959346805,1033.3657205104828,0.05782127380371094,1044.1296181678772,431.875,865,ok,,0.2.0,"{""mode"": ""best"", ""elapsed_time"": 1023.7700498104095, ""n_init_feats"": 14, ""n_added_feats"": 17, ""initial_metric"": null, ""final_metric"": 0.0007371733890776755, ""pct_gain"": 0.502476158103365}"
361236,auction_verification,openml_task,ctr23,regression,tabularaml,2,4500,1634,409,7,2964,2957,565.5127795240536,rmse,False,489.6684834867575,-0.15488907004436034,1169.5032539367676,22.730751276016235,2127.0062680244446,665.69140625,513,ok,,0.2.0,"{""mode"": ""best"", ""elapsed_time"": 1087.8045995235443, ""n_init_feats"": 7, ""n_added_feats"": 25, ""initial_metric"": null, ""final_metric"": 1051.7073780169085, ""pct_gain"": 0.47459615346564255}"
361247,naval_propulsion,openml_task,ctr23,regression,tabularaml,3,4500,9547,2387,14,28,14,0.0006594184244844212,rmse,False,0.0010559527310474,0.3755227813745566,1188.7026529312134,0.04616856575012207,1195.2920393943787,413.9453125,714,ok,,0.2.0,"{""mode"": ""best"", ""elapsed_time"": 1183.340805053711, ""n_init_feats"": 14, ""n_added_feats"": 14, ""initial_metric"": null, ""final_metric"": 0.0009306226930851761, ""pct_gain"": 0.3522515682362806}"
361260,miami_housing,openml_task,ctr23,regression,tabularaml,2,4500,11145,2787,15,26,11,72399.52753557464,rmse,False,74326.7670683617,0.025929279703696677,1135.240636587143,0.03283429145812988,1149.7856760025024,468.17578125,641,ok,,0.2.0,"{""mode"": ""best"", ""elapsed_time"": 1128.3199393749237, ""n_init_feats"": 15, ""n_added_feats"": 11, ""initial_metric"": null, ""final_metric"": 92502.00745670105, ""pct_gain"": 0.049201545352369314}"
361264,socmob,openml_task,ctr23,regression,tabularaml,1,4500,924,232,5,313,308,14.689230635922852,rmse,False,16.45763656541037,0.10745199788918908,642.2461488246918,1.9883499145507812,1509.8717658519745,374.83984375,556,ok,,0.2.0,"{""mode"": ""best"", ""elapsed_time"": 634.4557592868805, ""n_init_feats"": 5, ""n_added_feats"": 16, ""initial_metric"": null, ""final_metric"": 14.31991989584255, ""pct_gain"": 0.09845012467472809}"
mfeat_factors,mfeat-factors,pmlb,pmlb,multiclass,tabularaml,0,4500,,,,,,,,,,,,,4680,,,timeout,wall-clock exceeded 4680s,,
361247,naval_propulsion,openml_task,ctr23,regression,tabularaml,2,4500,9547,2387,14,29,15,0.0007172997465844601,rmse,False,0.0010092244105131,0.28925644374794945,1372.4177186489105,0.05166435241699219,1394.3451652526855,434.22265625,505,ok,,0.2.0,"{""mode"": ""best"", ""elapsed_time"": 1362.887090921402, ""n_init_feats"": 14, ""n_added_feats"": 15, ""initial_metric"": null, ""final_metric"": 0.0009319188297333596, ""pct_gain"": 0.3560244420908851}"
361243,music_origin,openml_task,ctr23,regression,tabularaml,1,4500,847,212,116,133,17,18.420992362075133,rmse,False,18.12717492021004,-0.016208672512864265,2085.9258601665497,0.028567075729370117,2100.046588897705,366.28125,114,ok,,0.2.0,"{""mode"": ""best"", ""elapsed_time"": 2080.905147790909, ""n_init_feats"": 116, ""n_added_feats"": 17, ""initial_metric"": null, ""final_metric"": 14.58570935313465, ""pct_gain"": 0.04373882701016913}"
361255,california_housing,openml_task,ctr23,regression,tabularaml,2,4500,16512,4128,8,24,16,43944.43150435625,rmse,False,46003.28373007682,0.044754462264060026,844.297726392746,0.026593446731567383,855.923939704895,484.96875,980,ok,,0.2.0,"{""mode"": ""best"", ""elapsed_time"": 837.186460018158, ""n_init_feats"": 8, ""n_added_feats"": 16, ""initial_metric"": null, ""final_metric"": 45835.00126960829, ""pct_gain"": 0.05144137535531572}"
mfeat_factors,mfeat-factors,pmlb,pmlb,multiclass,tabularaml,3,4500,,,,,,,,,,,,,4680,,,timeout,wall-clock exceeded 4680s,,
361255,california_housing,openml_task,ctr23,regression,tabularaml,4,4500,16512,4128,8,24,16,42002.29598563129,rmse,False,44128.21219700534,0.04817589713091353,853.9863939285278,0.023264646530151367,865.1142141819,459.953125,617,ok,,0.2.0,"{""mode"": ""best"", ""elapsed_time"": 846.9406673908234, ""n_init_feats"": 8, ""n_added_feats"": 16, ""initial_metric"": null, ""final_metric"": 45413.1336904193, ""pct_gain"": 0.06861454814954625}"
361255,california_housing,openml_task,ctr23,regression,tabularaml,3,4500,16512,4128,8,24,16,42116.35813774709,rmse,False,45009.684786055135,0.064282313063531,923.4398555755615,0.030983924865722656,941.1456224918365,487.6640625,822,ok,,0.2.0,"{""mode"": ""best"", ""elapsed_time"": 914.270459651947, ""n_init_feats"": 8, ""n_added_feats"": 16, ""initial_metric"": null, ""final_metric"": 46191.43089510754, ""pct_gain"": 0.0631839185578288}"
yeast,yeast,pmlb,stress_test,multiclass,tabularaml,4,4500,1183,296,8,18,10,1.012814452720655,categorical_crossentropy,False,1.035170285559788,0.021596285317486245,3785.4790585041046,0.013641595840454102,3790.322075843811,366.81640625,77,ok,,0.2.0,"{""mode"": ""best"", ""elapsed_time"": 3662.8864686489105, ""n_init_feats"": 8, ""n_added_feats"": 10, ""initial_metric"": null, ""final_metric"": 1.6647449476145801, ""pct_gain"": 0.09157358175358668}"
361261,cps88wages,openml_task,ctr23,regression,tabularaml,0,4500,22524,5631,6,6,0,409.0199906674077,rmse,False,409.0199906674077,-0.0,675.3193602561951,0.00930643081665039,686.459552526474,384.8828125,60,ok,,0.2.0,"{""mode"": ""best"", ""elapsed_time"": 671.5968689918518, ""n_init_feats"": 6, ""n_added_feats"": 0, ""initial_metric"": null, ""final_metric"": 377.0507790585847, ""pct_gain"": 0.0}"
361254,sarcos,openml_task,ctr23,regression,tabularaml,0,4500,39146,9787,21,23,2,2.316564110201399,rmse,False,2.382620916511604,0.027724429787562985,1144.7683897018433,0.016155242919921875,1181.0275535583496,523.46875,1999,ok,,0.2.0,"{""mode"": ""best"", ""elapsed_time"": 1133.7142424583435, ""n_init_feats"": 21, ""n_added_feats"": 2, ""initial_metric"": null, ""final_metric"": 3.603433627829881, ""pct_gain"": 0.009153005813403694}"
361255,california_housing,openml_task,ctr23,regression,tabularaml,1,4500,16512,4128,8,18,10,43037.11434743855,rmse,False,45517.10877486391,0.05448488478677043,1093.0010647773743,0.016867876052856445,1103.1639647483826,499.5859375,815,ok,,0.2.0,"{""mode"": ""best"", ""elapsed_time"": 1087.5867323875427, ""n_init_feats"": 8, ""n_added_feats"": 10, ""initial_metric"": null, ""final_metric"": 45248.191216116335, ""pct_gain"": 0.06570495941359056}"
361621,QSAR_fish_toxicity,openml_task,ctr23,regression,tabularaml,2,4500,726,182,6,18,12,0.7828461517491795,rmse,False,0.8017881426704694,0.023624683271320158,79.70809125900269,0.025341272354125977,3214.1783032417297,345.69921875,122,ok,,0.2.0,"{""mode"": ""best"", ""elapsed_time"": 79.1181321144104, ""n_init_feats"": 6, ""n_added_feats"": 12, ""initial_metric"": null, ""final_metric"": 0.9014068718200579, ""pct_gain"": 0.06261418492479566}"
361259,pumadyn32nh,openml_task,ctr23,regression,tabularaml,1,4500,6553,1639,32,35,3,0.0216595142616573,rmse,False,0.0216451215268377,-0.0006649412802675866,2049.9306700229645,0.03960990905761719,2125.1460773944855,425.81640625,91,ok,,0.2.0,"{""mode"": ""best"", ""elapsed_time"": 2039.9227464199066, ""n_init_feats"": 32, ""n_added_feats"": 3, ""initial_metric"": null, ""final_metric"": 0.021712782807500587, ""pct_gain"": 0.001335085874851781}"
361617,energy_efficiency,openml_task,ctr23,regression,tabularaml,4,4500,614,154,8,24,16,0.33822310732741195,rmse,False,0.3654900039850601,0.074603672769017,87.20998787879944,0.020735502243041992,3340.0615961551666,351.765625,316,ok,,0.2.0,"{""mode"": ""best"", ""elapsed_time"": 86.14814686775208, ""n_init_feats"": 8, ""n_added_feats"": 16, ""initial_metric"": null, ""final_metric"": 0.4870226850146736, ""pct_gain"": 0.186412602265903}"
361243,music_origin,openml_task,ctr23,regression,tabularaml,4,4500,847,212,116,132,16,16.797538768776626,rmse,False,17.683730484357103,0.05011339187533962,2512.5432612895966,0.057993412017822266,2531.5724992752075,371.22265625,92,ok,,0.2.0,"{""mode"": ""best"", ""elapsed_time"": 2499.273103952408, ""n_init_feats"": 116, ""n_added_feats"": 16, ""initial_metric"": null, ""final_metric"": 16.1875436154914, ""pct_gain"": 0.0009183946587485805}"
361619,student_performance,openml_task,ctr23,regression,tabularaml,2,4500,519,130,30,89,59,3.1070384017809194,rmse,False,3.0720746919135133,-0.011381139254016017,3566.4747684001923,0.30067968368530273,3641.276542663574,360.1953125,70,ok,,0.2.0,"{""mode"": ""best"", ""elapsed_time"": 3565.083686351776, ""n_init_feats"": 30, ""n_added_feats"": 59, ""initial_metric"": null, ""final_metric"": 2.5627958840629703, ""pct_gain"": 0.0562661271679839}"
361243,music_origin,openml_task,ctr23,regression,tabularaml,0,4500,847,212,116,124,8,15.654226103589002,rmse,False,16.103940163070128,0.027925716000387228,2623.7515285015106,0.042452096939086914,2642.250899553299,370.0703125,131,ok,,0.2.0,"{""mode"": ""best"", ""elapsed_time"": 2611.275680541992, ""n_init_feats"": 116, ""n_added_feats"": 8, ""initial_metric"": null, ""final_metric"": 16.02242970312125, ""pct_gain"": -0.004648422561706895}"
361619,student_performance,openml_task,ctr23,regression,tabularaml,3,4500,519,130,30,61,31,2.5998631466320674,rmse,False,2.585733727162925,-0.005464375283778904,3624.596650123596,0.12235856056213379,3629.435750722885,353.734375,40,ok,,0.2.0,"{""mode"": ""best"", ""elapsed_time"": 3623.9270856380463, ""n_init_feats"": 30, ""n_added_feats"": 31, ""initial_metric"": null, ""final_metric"": 2.7221975578992406, ""pct_gain"": 0.0664792893077435}"
1193_BNG_lowbwt,BNG-lowbwt,pmlb,pmlb,regression,tabularaml,1,4500,,,,,,,,,,,,,4680,,,timeout,wall-clock exceeded 4680s,,
361241,physiochemical_protein,openml_task,ctr23,regression,tabularaml,3,4500,36584,9146,9,26,17,3.402390572553466,rmse,False,3.61484208554112,0.058772003855280766,757.2788851261139,0.05725431442260742,826.9916908740997,556.3828125,1999,ok,,0.2.0,"{""mode"": ""best"", ""elapsed_time"": 716.7135691642761, ""n_init_feats"": 9, ""n_added_feats"": 17, ""initial_metric"": null, ""final_metric"": 3.878407005374217, ""pct_gain"": 0.052046452447095104}"
361241,physiochemical_protein,openml_task,ctr23,regression,tabularaml,4,4500,36584,9146,9,27,18,3.4695194940430425,rmse,False,3.5662009063518867,0.027110478306660038,763.7169187068939,0.04999661445617676,806.3415307998657,549.53515625,1998,ok,,0.2.0,"{""mode"": ""best"", ""elapsed_time"": 745.1926946640015, ""n_init_feats"": 9, ""n_added_feats"": 18, ""initial_metric"": null, ""final_metric"": 3.9710417548684633, ""pct_gain"": 0.0340847096513886}"
361241,physiochemical_protein,openml_task,ctr23,regression,tabularaml,0,4500,36584,9146,9,26,17,3.3169221739977295,rmse,False,3.541210182434494,0.06333654227848522,984.3008394241333,0.07892036437988281,1044.883008480072,573.50390625,1998,ok,,0.2.0,"{""mode"": ""best"", ""elapsed_time"": 951.0358591079712, ""n_init_feats"": 9, ""n_added_feats"": 17, ""initial_metric"": null, ""final_metric"": 3.9128196507665303, ""pct_gain"": 0.05066524141270724}"
361251,grid_stability,openml_task,ctr23,regression,tabularaml,1,4500,8000,2000,12,32,20,0.006926584234391069,rmse,False,0.0077135253019545,0.10202093553307354,566.5004978179932,0.036176443099975586,600.1115989685059,418.98046875,1342,ok,,0.2.0,"{""mode"": ""best"", ""elapsed_time"": 561.054413318634, ""n_init_feats"": 12, ""n_added_feats"": 20, ""initial_metric"": null, ""final_metric"": 0.0080652893908327, ""pct_gain"": 0.12393163926521324}"
361269,health_insurance,openml_task,ctr23,regression,tabularaml,0,4500,17817,4455,11,13,2,14.541246878092117,rmse,False,14.527705375012646,-0.0009321157560616935,3618.3329854011536,0.04354119300842285,3622.4807732105255,488.1875,101,ok,,0.2.0,"{""mode"": ""best"", ""elapsed_time"": 3613.710131883621, ""n_init_feats"": 11, ""n_added_feats"": 2, ""initial_metric"": null, ""final_metric"": 14.499401041656885, ""pct_gain"": -0.00022431642553344037}"
361269,health_insurance,openml_task,ctr23,regression,tabularaml,1,4500,17817,4455,11,17,6,14.395733201899398,rmse,False,14.387111879216642,-0.0005992392882695889,3616.2250146865845,0.11741900444030762,3622.0559442043304,482.609375,89,ok,,0.2.0,"{""mode"": ""best"", ""elapsed_time"": 3610.1378757953644, ""n_init_feats"": 11, ""n_added_feats"": 6, ""initial_metric"": null, ""final_metric"": 14.53888412226774, ""pct_gain"": -0.0009989550557760827}"
adult,adult-pmlb,pmlb,stress_test,classification,tabularaml,2,4500,39073,9769,14,29,15,0.9267322094953065,binary_roc_auc,True,0.9251391386441028,0.0017219797375977151,4172.592601776123,0.05038285255432129,4258.618767023087,799.796875,433,ok,,0.2.0,"{""mode"": ""best"", ""elapsed_time"": 3646.2732644081116, ""n_init_feats"": 14, ""n_added_feats"": 15, ""initial_metric"": null, ""final_metric"": 0.9300259687321091, ""pct_gain"": 0.0012448723336146396}"
361269,health_insurance,openml_task,ctr23,regression,tabularaml,3,4500,17817,4455,11,15,4,14.425625091960633,rmse,False,14.419612899623663,-0.00041694547411369844,3625.6991906166077,0.06105947494506836,3630.0430660247803,481.15234375,84,ok,,0.2.0,"{""mode"": ""best"", ""elapsed_time"": 3621.832345724106, ""n_init_feats"": 11, ""n_added_feats"": 4, ""initial_metric"": null, ""final_metric"": 14.551980701776603, ""pct_gain"": -0.001323801407102859}"
361269,health_insurance,openml_task,ctr23,regression,tabularaml,4,4500,17817,4455,11,16,5,14.510668060875464,rmse,False,14.493771711388796,-0.0011657662217344985,3605.2467176914215,0.06512069702148438,3625.636112689972,545.30078125,114,ok,,0.2.0,"{""mode"": ""best"", ""elapsed_time"": 3601.618061065674, ""n_init_feats"": 11, ""n_added_feats"": 5, ""initial_metric"": null, ""final_metric"": 14.533199730990495, ""pct_gain"": 0.0004747870631434231}"
361616,Moneyball,openml_task,ctr23,regression,tabularaml,3,4500,985,247,14,363,349,24.752738200579707,rmse,False,26.578251121081408,0.06868446355575804,3682.9692516326904,2.0608725547790527,3700.526598930359,401.19140625,225,ok,,0.2.0,"{""mode"": ""best"", ""elapsed_time"": 3675.965480327606, ""n_init_feats"": 14, ""n_added_feats"": 349, ""initial_metric"": null, ""final_metric"": 22.524091074909393, ""pct_gain"": 0.040524227527701503}"
361236,auction_verification,openml_task,ctr23,regression,tabularaml,0,4500,1634,409,7,5894,5887,588.1738656667493,rmse,False,414.17281068138334,-0.42011703930807337,1691.6284618377686,55.793277740478516,3446.851311445236,982.23046875,199,ok,,0.2.0,"{""mode"": ""best"", ""elapsed_time"": 1451.911362171173, ""n_init_feats"": 7, ""n_added_feats"": 27, ""initial_metric"": null, ""final_metric"": 1033.9062798539107, ""pct_gain"": 0.48746951048527204}"
361616,Moneyball,openml_task,ctr23,regression,tabularaml,2,4500,985,247,14,364,350,30.497192300072694,rmse,False,25.264782928577777,-0.20710288254946285,3704.698011636734,2.315946340560913,3730.5691106319427,414.21875,456,ok,,0.2.0,"{""mode"": ""best"", ""elapsed_time"": 3697.358724832535, ""n_init_feats"": 14, ""n_added_feats"": 350, ""initial_metric"": null, ""final_metric"": 23.16372330032136, ""pct_gain"": 0.06533954672800685}"
361622,cars,openml_task,ctr23,regression,tabularaml,2,4500,643,161,17,31,14,2324.348383559154,rmse,False,2258.2078530791955,-0.02928894715770839,292.71719551086426,0.03452014923095703,3568.49999332428,345.9296875,56,ok,,0.2.0,"{""mode"": ""best"", ""elapsed_time"": 287.79284834861755, ""n_init_feats"": 17, ""n_added_feats"": 14, ""initial_metric"": null, ""final_metric"": 2350.580960646069, ""pct_gain"": 0.0868639077141531}"
361259,pumadyn32nh,openml_task,ctr23,regression,tabularaml,0,4500,6553,1639,32,37,5,0.02124439286825277,rmse,False,0.021355269191365,0.005191989017729806,2569.174783229828,0.025997400283813477,2845.085290670395,433.20703125,63,ok,,0.2.0,"{""mode"": ""best"", ""elapsed_time"": 2562.1102645397186, ""n_init_feats"": 32, ""n_added_feats"": 5, ""initial_metric"": null, ""final_metric"": 0.021902814787374165, ""pct_gain"": 0.006915231126316766}"
yeast,yeast,pmlb,stress_test,multiclass,tabularaml,0,4500,,,,,,,,,,,,,4680,,,timeout,wall-clock exceeded 4680s,,
yeast,yeast,pmlb,stress_test,multiclass,tabularaml,1,4500,,,,,,,,,,,,,4680,,,timeout,wall-clock exceeded 4680s,,
yeast,yeast,pmlb,stress_test,multiclass,tabularaml,2,4500,,,,,,,,,,,,,4680,,,timeout,wall-clock exceeded 4680s,,
yeast,yeast,pmlb,stress_test,multiclass,tabularaml,3,4500,,,,,,,,,,,,,4680,,,timeout,wall-clock exceeded 4680s,,
361234,abalone,openml_task,ctr23,regression,tabularaml,1,4500,3341,836,8,25,17,2.0674934151075672,rmse,False,2.154761334035745,0.040500039400990145,373.0910634994507,0.059021949768066406,3390.2093698978424,365.30078125,69,ok,,0.2.0,"{""mode"": ""best"", ""elapsed_time"": 368.67744755744934, ""n_init_feats"": 8, ""n_added_feats"": 17, ""initial_metric"": null, ""final_metric"": 2.1605385390988467, ""pct_gain"": 0.028218727744713692}"
361261,cps88wages,openml_task,ctr23,regression,tabularaml,3,4500,22524,5631,6,7,1,352.1245564847348,rmse,False,351.8919333259927,-0.0006610641981571448,1551.3436069488525,0.020195484161376953,1555.187870979309,384.77734375,51,ok,,0.2.0,"{""mode"": ""best"", ""elapsed_time"": 1548.4954924583435, ""n_init_feats"": 6, ""n_added_feats"": 1, ""initial_metric"": null, ""final_metric"": 398.3105612335072, ""pct_gain"": 0.0006028590761591956}"
361616,Moneyball,openml_task,ctr23,regression,tabularaml,0,4500,985,247,14,37,23,37.56668659800898,rmse,False,25.46265238302655,-0.4753642327949698,1247.3062117099762,0.06894636154174805,4015.8876576423645,399.12890625,155,ok,,0.2.0,"{""mode"": ""best"", ""elapsed_time"": 1243.2411110401154, ""n_init_feats"": 14, ""n_added_feats"": 23, ""initial_metric"": null, ""final_metric"": 24.113299135310044, ""pct_gain"": 0.03830928868949164}"
361259,pumadyn32nh,openml_task,ctr23,regression,tabularaml,3,4500,6553,1639,32,35,3,0.021699127508490287,rmse,False,0.0217790391662821,0.0036692003343990623,2992.295331478119,0.020411252975463867,2997.0244364738464,436.36328125,78,ok,,0.2.0,"{""mode"": ""best"", ""elapsed_time"": 2986.05086684227, ""n_init_feats"": 32, ""n_added_feats"": 3, ""initial_metric"": null, ""final_metric"": 0.021839404055235802, ""pct_gain"": 0.0002935341262457356}"
connect_4,connect-4,pmlb,stress_test,classification,tabularaml,1,4500,54045,13512,42,67,25,0.347002529662429,categorical_crossentropy,False,0.3694296950095558,0.0607075328542463,4403.863397598267,0.07708621025085449,4662.520019769669,844.35546875,1997,ok,,0.2.0,"{""mode"": ""best"", ""elapsed_time"": 3672.644301176071, ""n_init_feats"": 42, ""n_added_feats"": 25, ""initial_metric"": null, ""final_metric"": 0.45531368962926083, ""pct_gain"": 0.06353498369702915}"
connect_4,connect-4,pmlb,stress_test,classification,tabularaml,0,4500,,,,,,,,,,,,,4680,,,timeout,wall-clock exceeded 4680s,,
connect_4,connect-4,pmlb,stress_test,classification,tabularaml,2,4500,,,,,,,,,,,,,4680,,,timeout,wall-clock exceeded 4680s,,
connect_4,connect-4,pmlb,stress_test,classification,tabularaml,3,4500,,,,,,,,,,,,,4680,,,timeout,wall-clock exceeded 4680s,,
connect_4,connect-4,pmlb,stress_test,classification,tabularaml,4,4500,54045,13512,42,63,21,0.35128456208963543,categorical_crossentropy,False,0.3764897829091438,0.06694795440329655,4543.920181274414,0.06517624855041504,4648.19159579277,831.46484375,1999,ok,,0.2.0,"{""mode"": ""best"", ""elapsed_time"": 3632.338538169861, ""n_init_feats"": 42, ""n_added_feats"": 21, ""initial_metric"": null, ""final_metric"": 0.4550576074963736, ""pct_gain"": 0.0654819252084381}"
361261,cps88wages,openml_task,ctr23,regression,tabularaml,2,4500,22524,5631,6,8,2,328.9977755395635,rmse,False,329.20579738792026,0.000631889991024713,1685.2477781772614,0.04900622367858887,1691.3162050247192,405.84765625,73,ok,,0.2.0,"{""mode"": ""best"", ""elapsed_time"": 1681.5636076927185, ""n_init_feats"": 6, ""n_added_feats"": 2, ""initial_metric"": null, ""final_metric"": 398.4167797290443, ""pct_gain"": -0.0008710572641193339}"
361241,physiochemical_protein,openml_task,ctr23,regression,tabularaml,1,4500,36584,9146,9,27,18,3.3529190174043624,rmse,False,3.6444508024217055,0.07999333804248991,1414.225334405899,0.04853653907775879,1481.3900451660156,606.0234375,1782,ok,,0.2.0,"{""mode"": ""best"", ""elapsed_time"": 1382.3634021282196, ""n_init_feats"": 9, ""n_added_feats"": 18, ""initial_metric"": null, ""final_metric"": 3.8577541820974313, ""pct_gain"": 0.059957726157551926}"
361252,video_transcoding,openml_task,ctr23,regression,tabularaml,3,4500,55027,13757,18,20,2,1.7087150935231252,rmse,False,1.7275837937618723,0.010922017390346005,496.4318947792053,0.03803682327270508,514.2042510509491,485.20703125,960,ok,,0.2.0,"{""mode"": ""best"", ""elapsed_time"": 482.7818036079407, ""n_init_feats"": 18, ""n_added_feats"": 2, ""initial_metric"": null, ""final_metric"": 1.7833221535942776, ""pct_gain"": -0.0005901390655624511}"
361617,energy_efficiency,openml_task,ctr23,regression,tabularaml,1,4500,614,154,8,24,16,0.2778766820016924,rmse,False,0.3454894676527683,0.1957014380508688,93.50624012947083,0.02559685707092285,4249.856002807617,367.19921875,1913,ok,,0.2.0,"{""mode"": ""best"", ""elapsed_time"": 91.7703754901886, ""n_init_feats"": 8, ""n_added_feats"": 16, ""initial_metric"": null, ""final_metric"": 0.4881022164339345, ""pct_gain"": 0.21818596255282569}"
361234,abalone,openml_task,ctr23,regression,tabularaml,0,4500,3341,836,8,23,15,2.1077484054980493,rmse,False,2.177743203631897,0.03214097879727741,757.2411403656006,0.05165815353393555,3610.963324069977,376.26953125,53,ok,,0.2.0,"{""mode"": ""best"", ""elapsed_time"": 753.6505932807922, ""n_init_feats"": 8, ""n_added_feats"": 15, ""initial_metric"": null, ""final_metric"": 2.0984648878620797, ""pct_gain"": 0.05079391503218583}"
361256,cpu_activity,openml_task,ctr23,regression,tabularaml,2,4500,6553,1639,21,49,28,2.256743560722295,rmse,False,2.29063999976164,0.014797802816187621,3035.77499127388,0.03884601593017578,3047.112492799759,436.6484375,373,ok,,0.2.0,"{""mode"": ""best"", ""elapsed_time"": 3029.788321018219, ""n_init_feats"": 21, ""n_added_feats"": 28, ""initial_metric"": null, ""final_metric"": 2.239593953160146, ""pct_gain"": 0.06815298995445755}"
361251,grid_stability,openml_task,ctr23,regression,tabularaml,2,4500,8000,2000,12,33,21,0.007133565889105192,rmse,False,0.007987283602096,0.10688461253169693,1046.8344926834106,0.04109477996826172,1066.5770156383514,437.54296875,1101,ok,,0.2.0,"{""mode"": ""best"", ""elapsed_time"": 1039.0036664009094, ""n_init_feats"": 12, ""n_added_feats"": 21, ""initial_metric"": null, ""final_metric"": 0.008048789786445758, ""pct_gain"": 0.10093765013932605}"
361623,space_ga,openml_task,ctr23,regression,tabularaml,3,4500,2485,622,6,17,11,0.1260083324754732,rmse,False,0.1359909050396885,0.07340617787124755,240.10785293579102,0.025150299072265625,3715.927753686905,362.03515625,101,ok,,0.2.0,"{""mode"": ""best"", ""elapsed_time"": 237.66701936721802, ""n_init_feats"": 6, ""n_added_feats"": 11, ""initial_metric"": null, ""final_metric"": 0.10200679798412579, ""pct_gain"": 0.10473145155284941}"
361251,grid_stability,openml_task,ctr23,regression,tabularaml,0,4500,8000,2000,12,32,20,0.006885100075708772,rmse,False,0.0078373610324452,0.1215027549189386,1120.1879658699036,0.036591291427612305,1142.1917893886566,450.09765625,1231,ok,,0.2.0,"{""mode"": ""best"", ""elapsed_time"": 1113.6060049533844, ""n_init_feats"": 12, ""n_added_feats"": 20, ""initial_metric"": null, ""final_metric"": 0.008338958441004077, ""pct_gain"": 0.0803502089918035}"
361247,naval_propulsion,openml_task,ctr23,regression,tabularaml,1,4500,9547,2387,14,31,17,0.000622424821610121,rmse,False,0.0009852558497326,0.3682607195084931,1404.0737040042877,0.0411839485168457,2798.0524060726166,420.05859375,747,ok,,0.2.0,"{""mode"": ""best"", ""elapsed_time"": 1397.077683210373, ""n_init_feats"": 14, ""n_added_feats"": 17, ""initial_metric"": null, ""final_metric"": 0.0007669692267017343, ""pct_gain"": 0.47616150481382713}"
361260,miami_housing,openml_task,ctr23,regression,tabularaml,4,4500,11145,2787,15,30,15,91457.15025035218,rmse,False,88190.74822868052,-0.037037921633251245,1988.983153104782,0.03431367874145508,2543.5947649478912,480.06640625,410,ok,,0.2.0,"{""mode"": ""best"", ""elapsed_time"": 1978.4676008224487, ""n_init_feats"": 15, ""n_added_feats"": 15, ""initial_metric"": null, ""final_metric"": 92500.8331762577, ""pct_gain"": 0.03598067931017496}"
361244,solar_flare,openml_task,ctr23,regression,tabularaml,3,4500,852,214,9,12,3,0.762934477225719,rmse,False,0.765126371248072,0.0028647477132144445,513.4447386264801,0.024779796600341797,2331.949651479721,344.34375,36,ok,,0.2.0,"{""mode"": ""best"", ""elapsed_time"": 513.1302154064178, ""n_init_feats"": 9, ""n_added_feats"": 3, ""initial_metric"": null, ""final_metric"": 0.8133899469778545, ""pct_gain"": 0.029544616734448238}"
361252,video_transcoding,openml_task,ctr23,regression,tabularaml,0,4500,55027,13757,18,19,1,1.6219909212858192,rmse,False,1.6310152872624932,0.005532974489663155,792.3570683002472,0.02743816375732422,810.6452538967133,491.40625,1088,ok,,0.2.0,"{""mode"": ""best"", ""elapsed_time"": 782.7846810817719, ""n_init_feats"": 18, ""n_added_feats"": 1, ""initial_metric"": null, ""final_metric"": 1.707211298749187, ""pct_gain"": -0.005530275640749676}"
361618,forest_fires,openml_task,ctr23,regression,tabularaml,3,4500,,,,,,,,,,,,,4680,,,timeout,wall-clock exceeded 4680s,,
361241,physiochemical_protein,openml_task,ctr23,regression,tabularaml,2,4500,36584,9146,9,27,18,3.414829143322097,rmse,False,3.647872979462345,0.06388485494212467,1447.6565172672272,0.03946185111999512,1541.6677677631378,616.43359375,1999,ok,,0.2.0,"{""mode"": ""best"", ""elapsed_time"": 1430.7130854129791, ""n_init_feats"": 9, ""n_added_feats"": 18, ""initial_metric"": null, ""final_metric"": 3.900570916692119, ""pct_gain"": 0.04985322282686828}"
361269,health_insurance,openml_task,ctr23,regression,tabularaml,2,4500,17817,4455,11,11,0,14.503564050531935,rmse,False,14.503672455738148,7.4743280740383695e-06,1986.546296596527,0.012386083602905273,4135.518476963043,455.109375,93,ok,,0.2.0,"{""mode"": ""best"", ""elapsed_time"": 1983.7614057064056, ""n_init_feats"": 11, ""n_added_feats"": 0, ""initial_metric"": null, ""final_metric"": 14.495795132125195, ""pct_gain"": 0.0}"
361251,grid_stability,openml_task,ctr23,regression,tabularaml,3,4500,8000,2000,12,30,18,0.007123924037877383,rmse,False,0.0076798959842674,0.07239316099188713,1091.8631472587585,0.05425858497619629,1111.6314868927002,434.66015625,1130,ok,,0.2.0,"{""mode"": ""best"", ""elapsed_time"": 1085.368854045868, ""n_init_feats"": 12, ""n_added_feats"": 18, ""initial_metric"": null, ""final_metric"": 0.008215553587817262, ""pct_gain"": 0.07853784682004795}"
361260,miami_housing,openml_task,ctr23,regression,tabularaml,0,4500,11145,2787,15,,,,,,,,,,2831.064216375351,,,crash,ValueError: Input X contains infinity or a value too large for dtype('float64').,0.2.0,
361255,california_housing,openml_task,ctr23,regression,tabularaml,0,4500,16512,4128,8,24,16,40587.47681231294,rmse,False,44111.22085081778,0.07988316737870366,1549.7417058944702,0.0408930778503418,2259.3649973869324,543.04296875,1510,ok,,0.2.0,"{""mode"": ""best"", ""elapsed_time"": 1538.9005172252655, ""n_init_feats"": 8, ""n_added_feats"": 16, ""initial_metric"": null, ""final_metric"": 45066.28980796664, ""pct_gain"": 0.07898778516690645}"
361261,cps88wages,openml_task,ctr23,regression,tabularaml,1,4500,22524,5631,6,10,4,397.6545513109494,rmse,False,398.3818333491238,0.0018255903690694577,1892.6749303340912,0.07923483848571777,1899.6597027778625,403.73828125,45,ok,,0.2.0,"{""mode"": ""best"", ""elapsed_time"": 1888.2803061008453, ""n_init_feats"": 6, ""n_added_feats"": 4, ""initial_metric"": null, ""final_metric"": 379.8760285092586, ""pct_gain"": -0.0006785543639566887}"
361259,pumadyn32nh,openml_task,ctr23,regression,tabularaml,2,4500,6553,1639,32,36,4,0.021420231116671275,rmse,False,0.0214196303314085,-2.804834880338217e-05,2883.670714855194,0.036862850189208984,3251.2234597206116,434.77734375,76,ok,,0.2.0,"{""mode"": ""best"", ""elapsed_time"": 2873.3184621334076, ""n_init_feats"": 32, ""n_added_feats"": 4, ""initial_metric"": null, ""final_metric"": 0.021921650920557353, ""pct_gain"": 0.009795816906598443}"
361256,cpu_activity,openml_task,ctr23,regression,tabularaml,3,4500,6553,1639,21,36,15,2.284690511503002,rmse,False,2.2702159093271552,-0.006375870293384038,2676.164736032486,0.035703420639038086,3205.1732676029205,442.84375,350,ok,,0.2.0,"{""mode"": ""best"", ""elapsed_time"": 2671.2005083560944, ""n_init_feats"": 21, ""n_added_feats"": 15, ""initial_metric"": null, ""final_metric"": 2.21340420347874, ""pct_gain"": 0.1353702721840259}"
361244,solar_flare,openml_task,ctr23,regression,tabularaml,1,4500,852,214,9,27,18,0.7524936504254924,rmse,False,0.7501597138644418,-0.0031112528677758175,1710.7782635688782,0.10749483108520508,2561.9380807876587,354.0546875,5,ok,,0.2.0,"{""mode"": ""best"", ""elapsed_time"": 1710.158887386322, ""n_init_feats"": 9, ""n_added_feats"": 18, ""initial_metric"": null, ""final_metric"": 0.8185466151614206, ""pct_gain"": 0.021671467888799614}"
361258,kin8nm,openml_task,ctr23,regression,tabularaml,3,4500,6553,1639,8,24,16,0.0948274305129169,rmse,False,0.113024037723791,0.16099767427653847,248.60255217552185,0.035286903381347656,3414.7773480415344,388.8359375,1057,ok,,0.2.0,"{""mode"": ""best"", ""elapsed_time"": 245.0176875591278, ""n_init_feats"": 8, ""n_added_feats"": 16, ""initial_metric"": null, ""final_metric"": 0.111043964545068, ""pct_gain"": 0.16571628136674532}"
361243,music_origin,openml_task,ctr23,regression,tabularaml,3,4500,847,212,116,136,20,17.291802430191378,rmse,False,16.940780373483385,-0.020720536419764454,3618.75896024704,0.0388941764831543,3626.9565663337708,374.984375,117,ok,,0.2.0,"{""mode"": ""best"", ""elapsed_time"": 3610.952614068985, ""n_init_feats"": 116, ""n_added_feats"": 20, ""initial_metric"": null, ""final_metric"": 14.860396375646616, ""pct_gain"": 0.05079525822831633}"
361243,music_origin,openml_task,ctr23,regression,tabularaml,2,4500,847,212,116,119,3,16.83971451989974,rmse,False,16.66930032011704,-0.010223236519234123,3631.4763214588165,0.021123170852661133,3643.0699167251587,376.9453125,106,ok,,0.2.0,"{""mode"": ""best"", ""elapsed_time"": 3627.7312586307526, ""n_init_feats"": 116, ""n_added_feats"": 3, ""initial_metric"": null, ""final_metric"": 15.619183103004584, ""pct_gain"": 0.03610632302624281}"
361261,cps88wages,openml_task,ctr23,regression,tabularaml,4,4500,22524,5631,6,10,4,398.0326250682288,rmse,False,398.3970793678087,0.0009148016349874701,1949.955894947052,0.02786993980407715,1953.982928276062,483.234375,60,ok,,0.2.0,"{""mode"": ""best"", ""elapsed_time"": 1946.6905851364136, ""n_init_feats"": 6, ""n_added_feats"": 4, ""initial_metric"": null, ""final_metric"": 363.74933633285065, ""pct_gain"": 3.828641101308067e-05}"
361260,miami_housing,openml_task,ctr23,regression,tabularaml,1,4500,11145,2787,15,24,9,84273.53964631511,rmse,False,82760.29173232896,-0.018284709760091722,1349.6241581439972,0.026276111602783203,3028.2503690719604,488.28125,632,ok,,0.2.0,"{""mode"": ""best"", ""elapsed_time"": 1346.361747264862, ""n_init_feats"": 15, ""n_added_feats"": 9, ""initial_metric"": null, ""final_metric"": 93151.974487339, ""pct_gain"": 0.03087518516823088}"
361272,fifa,openml_task,ctr23,regression,tabularaml,3,4500,15342,3836,28,31,3,9743.578594187833,rmse,False,9894.336302278283,0.0152367681352954,2334.0221650600433,0.021337270736694336,2338.5240335464478,476.8203125,108,ok,,0.2.0,"{""mode"": ""best"", ""elapsed_time"": 2331.606284379959, ""n_init_feats"": 28, ""n_added_feats"": 3, ""initial_metric"": null, ""final_metric"": 8729.02042304936, ""pct_gain"": 0.032139487193675924}"
361616,Moneyball,openml_task,ctr23,regression,tabularaml,1,4500,985,247,14,364,350,39.16900838992889,rmse,False,26.324811341646623,-0.4879122164101656,3692.930664539337,2.129089117050171,4573.230410575867,399.53125,287,ok,,0.2.0,"{""mode"": ""best"", ""elapsed_time"": 3654.3433187007904, ""n_init_feats"": 14, ""n_added_feats"": 350, ""initial_metric"": null, ""final_metric"": 23.544136695559892, ""pct_gain"": 0.01619825088497801}"
361267,brazilian_houses,openml_task,ctr23,regression,tabularaml,2,4500,8553,2139,9,16,7,13040.292437305077,rmse,False,11651.949629003002,-0.1191511165518889,3711.1237890720367,0.031143665313720703,3714.968795776367,768.5859375,39,ok,,0.2.0,"{""mode"": ""best"", ""elapsed_time"": 3709.6612751483917, ""n_init_feats"": 9, ""n_added_feats"": 7, ""initial_metric"": null, ""final_metric"": 8668.554404937498, ""pct_gain"": 0.12475095049704642}"
361252,video_transcoding,openml_task,ctr23,regression,tabularaml,4,4500,55027,13757,18,21,3,1.6072910950043724,rmse,False,1.6227642585065682,0.009535065503867964,1371.4037873744965,0.040754079818725586,1388.3314106464386,502.15234375,1111,ok,,0.2.0,"{""mode"": ""best"", ""elapsed_time"": 1360.1866958141327, ""n_init_feats"": 18, ""n_added_feats"": 3, ""initial_metric"": null, ""final_metric"": 1.6958382979376085, ""pct_gain"": -0.002362225576966523}"
361267,brazilian_houses,openml_task,ctr23,regression,tabularaml,0,4500,8553,2139,9,20,11,7192.159707962321,rmse,False,7230.300387727087,0.005275116899639058,3852.7620973587036,0.06079387664794922,3857.038367986679,704.5859375,258,ok,,0.2.0,"{""mode"": ""best"", ""elapsed_time"": 3851.117005109787, ""n_init_feats"": 9, ""n_added_feats"": 11, ""initial_metric"": null, ""final_metric"": 8325.999881529748, ""pct_gain"": 0.24694891011112835}"
361272,fifa,openml_task,ctr23,regression,tabularaml,1,4500,15342,3836,28,,,,,,,,,,3038.8876452445984,,,crash,ValueError: Input X contains infinity or a value too large for dtype('float64').,0.2.0,
361260,miami_housing,openml_task,ctr23,regression,tabularaml,3,4500,11145,2787,15,38,23,82969.5163724208,rmse,False,81365.59974907698,-0.01971246605801625,3630.1315970420837,0.03807806968688965,3638.152314186096,560.39453125,514,ok,,0.2.0,"{""mode"": ""best"", ""elapsed_time"": 3621.0632362365723, ""n_init_feats"": 15, ""n_added_feats"": 23, ""initial_metric"": null, ""final_metric"": 89470.89399609789, ""pct_gain"": 0.06985926941303233}"
361267,brazilian_houses,openml_task,ctr23,regression,tabularaml,1,4500,8553,2139,9,24,15,2456.7287453193317,rmse,False,4128.363508504835,0.40491462530898054,4072.511598587036,0.11828446388244629,4077.367352962494,544.0625,81,ok,,0.2.0,"{""mode"": ""best"", ""elapsed_time"": 4070.4651293754578, ""n_init_feats"": 9, ""n_added_feats"": 15, ""initial_metric"": null, ""final_metric"": 11672.45958912321, ""pct_gain"": 0.18360690400338414}"
361251,grid_stability,openml_task,ctr23,regression,tabularaml,4,4500,8000,2000,12,31,19,0.006742863649370755,rmse,False,0.0075534076987081,0.1073083939949351,2313.603862762451,0.038492441177368164,2328.5230367183685,510.546875,879,ok,,0.2.0,"{""mode"": ""best"", ""elapsed_time"": 2308.0501170158386, ""n_init_feats"": 12, ""n_added_feats"": 19, ""initial_metric"": null, ""final_metric"": 0.0080783467943083, ""pct_gain"": 0.11771197546973654}"
361254,sarcos,openml_task,ctr23,regression,tabularaml,1,4500,39146,9787,21,44,23,2.5112923950307886,rmse,False,2.4185738528188203,-0.038336039275338185,3664.7366790771484,0.05059313774108887,3748.3940420150757,661.59375,1999,ok,,0.2.0,"{""mode"": ""best"", ""elapsed_time"": 3628.455861568451, ""n_init_feats"": 21, ""n_added_feats"": 23, ""initial_metric"": null, ""final_metric"": 3.5530610975148833, ""pct_gain"": 0.027266937430037573}"
361267,brazilian_houses,openml_task,ctr23,regression,tabularaml,4,4500,8553,2139,9,24,15,2827.4053405577392,rmse,False,3594.2956559990093,0.2133631701001843,4345.310524940491,0.07046055793762207,4350.179294586182,817.14453125,44,ok,,0.2.0,"{""mode"": ""best"", ""elapsed_time"": 4343.377395391464, ""n_init_feats"": 9, ""n_added_feats"": 15, ""initial_metric"": null, ""final_metric"": 12515.348345464907, ""pct_gain"": 0.10204877837963153}"
361254,sarcos,openml_task,ctr23,regression,tabularaml,4,4500,39146,9787,21,33,12,2.3386898169279204,rmse,False,2.3845787716343225,0.019244050669356208,3662.4645829200745,0.03826498985290527,3726.724538564682,637.03515625,1999,ok,,0.2.0,"{""mode"": ""best"", ""elapsed_time"": 3633.5508749485016, ""n_init_feats"": 21, ""n_added_feats"": 12, ""initial_metric"": null, ""final_metric"": 3.5855252597100638, ""pct_gain"": 0.014532997645219108}"
361254,sarcos,openml_task,ctr23,regression,tabularaml,2,4500,39146,9787,21,47,26,2.4395630231759,rmse,False,2.455856621478499,0.006634588583102991,3673.2343888282776,0.064483642578125,3755.577548980713,673.046875,1999,ok,,0.2.0,"{""mode"": ""best"", ""elapsed_time"": 3611.958858013153, ""n_init_feats"": 21, ""n_added_feats"": 26, ""initial_metric"": null, ""final_metric"": 3.4978340860463364, ""pct_gain"": 0.0332002110437888}"
361254,sarcos,openml_task,ctr23,regression,tabularaml,3,4500,39146,9787,21,50,29,2.3566802519570635,rmse,False,2.332981726923865,-0.010158041428145347,3664.9131295681,0.0655975341796875,3767.5206274986267,678.4375,1999,ok,,0.2.0,"{""mode"": ""best"", ""elapsed_time"": 3616.72598695755, ""n_init_feats"": 21, ""n_added_feats"": 29, ""initial_metric"": null, ""final_metric"": 3.509828662285945, ""pct_gain"": 0.038019593424533635}"
361272,fifa,openml_task,ctr23,regression,tabularaml,2,4500,15342,3836,28,50,22,15301.060290515654,rmse,False,9989.946989366888,-0.5316457941970878,3638.363930940628,0.049675941467285156,3656.6200284957886,614.9140625,369,ok,,0.2.0,"{""mode"": ""best"", ""elapsed_time"": 3627.149139881134, ""n_init_feats"": 28, ""n_added_feats"": 22, ""initial_metric"": null, ""final_metric"": 8955.680773529715, ""pct_gain"": 0.035034070077594216}"
361266,kings_county,openml_task,ctr23,regression,tabularaml,2,4500,17290,4323,21,22,1,123924.1588407092,rmse,False,122831.51253594612,-0.00889548848015141,3690.101495027542,0.0333404541015625,3696.913950443268,942.78125,447,ok,,0.2.0,"{""mode"": ""best"", ""elapsed_time"": 3683.824303627014, ""n_init_feats"": 21, ""n_added_feats"": 1, ""initial_metric"": null, ""final_metric"": 126523.96204523607, ""pct_gain"": 0.00839667876246002}"
361272,fifa,openml_task,ctr23,regression,tabularaml,4,4500,15342,3836,28,159,131,9689.713367030055,rmse,False,9824.912922483987,0.013760890963677854,3726.494293689728,0.7512948513031006,3736.5037603378296,510.9140625,83,ok,,0.2.0,"{""mode"": ""best"", ""elapsed_time"": 3711.741355895996, ""n_init_feats"": 28, ""n_added_feats"": 103, ""initial_metric"": null, ""final_metric"": 9340.966507542778, ""pct_gain"": 0.0315426090836054}"
361242,superconductivity,openml_task,ctr23,regression,tabularaml,2,4500,17010,4253,81,94,13,9.187682877397714,rmse,False,9.199367035220108,0.0012701045384601844,3661.2300412654877,0.3525969982147217,3701.7174468040466,671.83203125,747,ok,,0.2.0,"{""mode"": ""best"", ""elapsed_time"": 3611.633964061737, ""n_init_feats"": 81, ""n_added_feats"": 13, ""initial_metric"": null, ""final_metric"": 10.468726090574972, ""pct_gain"": 0.00018658427165572526}"
361242,superconductivity,openml_task,ctr23,regression,tabularaml,0,4500,17010,4253,81,94,13,9.480837169569371,rmse,False,9.551463462034931,0.007394290178283653,3674.4227743148804,0.045262813568115234,3726.703601360321,654.34375,1041,ok,,0.2.0,"{""mode"": ""best"", ""elapsed_time"": 3623.532035589218, ""n_init_feats"": 81, ""n_added_feats"": 13, ""initial_metric"": null, ""final_metric"": 10.424952462795229, ""pct_gain"": 0.006117485550874865}"
361267,brazilian_houses,openml_task,ctr23,regression,tabularaml,3,4500,,,,,,,,,,,,,4680,,,timeout,wall-clock exceeded 4680s,,
361242,superconductivity,openml_task,ctr23,regression,tabularaml,1,4500,17010,4253,81,93,12,9.596017503314375,rmse,False,9.554719290682906,-0.004322284242483218,3681.400710105896,0.03796124458312988,3730.3934836387634,659.08984375,807,ok,,0.2.0,"{""mode"": ""best"", ""elapsed_time"": 3635.676043510437, ""n_init_feats"": 81, ""n_added_feats"": 12, ""initial_metric"": null, ""final_metric"": 10.55927436843324, ""pct_gain"": -0.001203951822138832}"
361242,superconductivity,openml_task,ctr23,regression,tabularaml,3,4500,17010,4253,81,86,5,9.138828190356655,rmse,False,9.144032004297909,0.0005690940209754171,3671.199478626251,0.02299976348876953,3713.6815736293793,692.66015625,846,ok,,0.2.0,"{""mode"": ""best"", ""elapsed_time"": 3653.542247772217, ""n_init_feats"": 81, ""n_added_feats"": 5, ""initial_metric"": null, ""final_metric"": 10.43523995915414, ""pct_gain"": 0.002558139613430927}"
361242,superconductivity,openml_task,ctr23,regression,tabularaml,4,4500,17010,4253,81,91,10,10.016850248962031,rmse,False,10.01397844992568,-0.00028677903100261034,3653.7604892253876,0.04765796661376953,3708.9696736335754,673.51953125,1001,ok,,0.2.0,"{""mode"": ""best"", ""elapsed_time"": 3610.9420285224915, ""n_init_feats"": 81, ""n_added_feats"": 10, ""initial_metric"": null, ""final_metric"": 10.278688045018876, ""pct_gain"": -0.0007316808098367858}"
361266,kings_county,openml_task,ctr23,regression,tabularaml,1,4500,17290,4323,21,22,1,165988.66694832064,rmse,False,167896.92699369488,0.011365663919780443,4128.560977220535,0.02052021026611328,4134.45595407486,948.02734375,313,ok,,0.2.0,"{""mode"": ""best"", ""elapsed_time"": 4123.636669635773, ""n_init_feats"": 21, ""n_added_feats"": 1, ""initial_metric"": null, ""final_metric"": 118028.88042282322, ""pct_gain"": 0.010909240271823396}"
361268,fps_benchmark,openml_task,ctr23,regression,tabularaml,0,4500,,,,,,,,,,,,,4680,,,timeout,wall-clock exceeded 4680s,,
361268,fps_benchmark,openml_task,ctr23,regression,tabularaml,1,4500,,,,,,,,,,,,,4680,,,timeout,wall-clock exceeded 4680s,,
361266,kings_county,openml_task,ctr23,regression,tabularaml,0,4500,17290,4323,21,21,0,112647.39765983023,rmse,False,112647.39765983024,1.2918110431907497e-16,4187.927625656128,0.00899815559387207,4193.6195232868195,917.1953125,386,ok,,0.2.0,"{""mode"": ""best"", ""elapsed_time"": 4183.265895843506, ""n_init_feats"": 21, ""n_added_feats"": 0, ""initial_metric"": null, ""final_metric"": 126958.1256981723, ""pct_gain"": 0.0}"
361268,fps_benchmark,openml_task,ctr23,regression,tabularaml,2,4500,,,,,,,,,,,,,4680,,,timeout,wall-clock exceeded 4680s,,
361268,fps_benchmark,openml_task,ctr23,regression,tabularaml,3,4500,,,,,,,,,,,,,4680,,,timeout,wall-clock exceeded 4680s,,
361268,fps_benchmark,openml_task,ctr23,regression,tabularaml,4,4500,,,,,,,,,,,,,4680,,,timeout,wall-clock exceeded 4680s,,
361266,kings_county,openml_task,ctr23,regression,tabularaml,4,4500,17290,4323,21,22,1,125610.4380616851,rmse,False,124685.02109087315,-0.007422038050083661,4360.631213188171,0.02638411521911621,4368.136464834213,924.58203125,407,ok,,0.2.0,"{""mode"": ""best"", ""elapsed_time"": 4355.366147279739, ""n_init_feats"": 21, ""n_added_feats"": 1, ""initial_metric"": null, ""final_metric"": 126960.66279105793, ""pct_gain"": 0.0019866718345285827}"
361257,diamonds,openml_task,ctr23,regression,tabularaml,3,4500,43152,10788,9,12,3,536.6759716849655,rmse,False,549.381046536721,0.02312616158101533,3671.0329763889313,0.0228579044342041,3676.257571220398,620.26953125,232,ok,,0.2.0,"{""mode"": ""best"", ""elapsed_time"": 3665.142004966736, ""n_init_feats"": 9, ""n_added_feats"": 3, ""initial_metric"": null, ""final_metric"": 537.4842772753007, ""pct_gain"": 0.015675676734474127}"
361266,kings_county,openml_task,ctr23,regression,tabularaml,3,4500,,,,,,,,,,,,,4680,,,timeout,wall-clock exceeded 4680s,,
361253,wave_energy,openml_task,ctr23,regression,tabularaml,0,4500,57600,14400,48,69,21,11757.005066361113,rmse,False,11939.821098826298,0.015311454916452343,3660.2635622024536,0.04110455513000488,3721.228477716446,908.109375,1997,ok,,0.2.0,"{""mode"": ""best"", ""elapsed_time"": 3627.84708571434, ""n_init_feats"": 48, ""n_added_feats"": 21, ""initial_metric"": null, ""final_metric"": 24150.18406801449, ""pct_gain"": 0.1230423066487343}"
361253,wave_energy,openml_task,ctr23,regression,tabularaml,1,4500,57600,14400,48,73,25,10659.47229704512,rmse,False,11909.372490582831,0.1049509698790639,3674.6894233226776,0.05044150352478027,3745.792646884918,976.1875,1999,ok,,0.2.0,"{""mode"": ""best"", ""elapsed_time"": 3639.2285747528076, ""n_init_feats"": 48, ""n_added_feats"": 25, ""initial_metric"": null, ""final_metric"": 20549.408384628223, ""pct_gain"": 0.25450041661519895}"
361253,wave_energy,openml_task,ctr23,regression,tabularaml,2,4500,57600,14400,48,71,23,11137.576692643479,rmse,False,11950.97362594563,0.0680611436993101,3649.452206850052,0.045700788497924805,3712.5075936317444,871.421875,1998,ok,,0.2.0,"{""mode"": ""best"", ""elapsed_time"": 3615.324548482895, ""n_init_feats"": 48, ""n_added_feats"": 23, ""initial_metric"": null, ""final_metric"": 21585.055071045274, ""pct_gain"": 0.21622781385960102}"
361257,diamonds,openml_task,ctr23,regression,tabularaml,4,4500,43152,10788,9,18,9,517.6477219114378,rmse,False,517.3750444993256,-0.0005270401327070032,4073.0180485248566,0.15426206588745117,4080.1846618652344,620.7734375,387,ok,,0.2.0,"{""mode"": ""best"", ""elapsed_time"": 4063.7621417045593, ""n_init_feats"": 9, ""n_added_feats"": 9, ""initial_metric"": null, ""final_metric"": 540.3480471569449, ""pct_gain"": 0.007620515444752005}"
361253,wave_energy,openml_task,ctr23,regression,tabularaml,4,4500,57600,14400,48,72,24,10910.949216915677,rmse,False,12081.906952604944,0.09691828784005004,3649.216715335846,0.04748702049255371,3714.8677973747253,887.375,1998,ok,,0.2.0,"{""mode"": ""best"", ""elapsed_time"": 3614.5851860046387, ""n_init_feats"": 48, ""n_added_feats"": 24, ""initial_metric"": null, ""final_metric"": 21074.29900805559, ""pct_gain"": 0.23500585781261452}"
361253,wave_energy,openml_task,ctr23,regression,tabularaml,3,4500,57600,14400,48,78,30,11074.132254316926,rmse,False,11739.942883019998,0.056713276660490655,3670.8348813056946,0.076416015625,3768.2672033309937,864.6640625,1994,ok,,0.2.0,"{""mode"": ""best"", ""elapsed_time"": 3621.433228969574, ""n_init_feats"": 48, ""n_added_feats"": 30, ""initial_metric"": null, ""final_metric"": 19984.530756099175, ""pct_gain"": 0.2751729547332322}"
361257,diamonds,openml_task,ctr23,regression,tabularaml,0,4500,43152,10788,9,19,10,520.7057635107378,rmse,False,528.92499954811,0.015539511356797908,4288.442148447037,0.044638872146606445,4295.587200164795,659.75390625,149,ok,,0.2.0,"{""mode"": ""best"", ""elapsed_time"": 4281.157187223434, ""n_init_feats"": 9, ""n_added_feats"": 10, ""initial_metric"": null, ""final_metric"": 533.5737323624845, ""pct_gain"": 0.03244490241278298}"
361257,diamonds,openml_task,ctr23,regression,tabularaml,2,4500,43152,10788,9,25,16,509.1195656234819,rmse,False,528.9445786773712,0.037480321858032524,4356.581320762634,0.1063985824584961,4362.83855342865,697.3671875,281,ok,,0.2.0,"{""mode"": ""best"", ""elapsed_time"": 4348.513158082962, ""n_init_feats"": 9, ""n_added_feats"": 16, ""initial_metric"": null, ""final_metric"": 526.7684866651747, ""pct_gain"": 0.04219843291419002}"
361257,diamonds,openml_task,ctr23,regression,tabularaml,1,4500,,,,,,,,,,,,,4680,,,timeout,wall-clock exceeded 4680s,,
361252,video_transcoding,openml_task,ctr23,regression,tabularaml,1,4500,,,,,,,,,,,,,4680,,,timeout,wall-clock exceeded 4680s,,
361252,video_transcoding,openml_task,ctr23,regression,tabularaml,2,4500,,,,,,,,,,,,,4680,,,timeout,wall-clock exceeded 4680s,,
