dataset_id,dataset_name,dataset_source,suite,task,framework,seed,time_budget_s,n_train,n_test,n_features_before,n_features_after,n_added,score_holdout,scorer_name,scorer_greater_is_better,score_nofe_same_seed,pct_improvement,wall_time_fit,wall_time_transform,wall_time_total,peak_rss_mb,n_boost_rounds,status,error_msg,adapter_version,internal_log_json
titanic,titanic,pmlb,pmlb,classification,tabularaml,2,1200,1679,420,8,17,9,0.7718516984258492,binary_roc_auc,True,0.7797224523612263,-0.010094302032142502,147.24001049995422,0.022599458694458008,150.91719579696655,336.8125,107,ok,,0.2.0,"{""mode"": ""medium"", ""elapsed_time"": 146.74504971504211, ""n_init_feats"": 8, ""n_added_feats"": 9, ""initial_metric"": null, ""final_metric"": 0.8118842171014746, ""pct_gain"": 0.004021100787201914}"
titanic,titanic,pmlb,pmlb,classification,tabularaml,3,1200,1679,420,8,14,6,0.8264550538525268,binary_roc_auc,True,0.8310118061309031,-0.005483378508895062,167.71307849884033,0.018163204193115234,170.53460240364075,333.84375,102,ok,,0.2.0,"{""mode"": ""medium"", ""elapsed_time"": 167.2195327281952, ""n_init_feats"": 8, ""n_added_feats"": 6, ""initial_metric"": null, ""final_metric"": 0.8057611581217852, ""pct_gain"": 0.0192071340294923}"
titanic,titanic,pmlb,pmlb,classification,tabularaml,4,1200,1679,420,8,16,8,0.8387789975144988,binary_roc_auc,True,0.8393356462303232,-0.0006632015670065346,181.5118350982666,0.01163625717163086,190.62085556983948,338.37890625,72,ok,,0.2.0,"{""mode"": ""medium"", ""elapsed_time"": 181.14114785194397, ""n_init_feats"": 8, ""n_added_feats"": 8, ""initial_metric"": null, ""final_metric"": 0.8133600269376042, ""pct_gain"": 0.010942508794165284}"
car_evaluation,car-evaluation,pmlb,pmlb,multiclass,tabularaml,0,1200,1382,346,6,13,7,0.011106616915338105,categorical_crossentropy,False,0.0258303344678274,0.5700165273054519,141.85348773002625,0.012646913528442383,147.33299279212952,379.1640625,1999,ok,,0.2.0,"{""mode"": ""medium"", ""elapsed_time"": 140.53924250602722, ""n_init_feats"": 6, ""n_added_feats"": 7, ""initial_metric"": null, ""final_metric"": 0.011597480430679485, ""pct_gain"": 0.6839018064438415}"
sonar,sonar,pmlb,pmlb,classification,tabularaml,4,1200,166,42,60,67,7,0.9409090909090909,binary_roc_auc,True,0.9659090909090908,-0.02588235294117638,214.79531264305115,0.02002429962158203,218.48046255111694,329.61328125,115,ok,,0.2.0,"{""mode"": ""medium"", ""elapsed_time"": 214.59047174453735, ""n_init_feats"": 60, ""n_added_feats"": 7, ""initial_metric"": null, ""final_metric"": 0.9401785714285715, ""pct_gain"": 0.06421519013062818}"
car_evaluation,car-evaluation,pmlb,pmlb,multiclass,tabularaml,3,1200,1382,346,6,13,7,0.01548911997237894,categorical_crossentropy,False,0.030110992895409618,0.4855991622003193,79.49070715904236,0.01629352569580078,85.43709588050842,345.87109375,603,ok,,0.2.0,"{""mode"": ""medium"", ""elapsed_time"": 78.10662388801575, ""n_init_feats"": 6, ""n_added_feats"": 7, ""initial_metric"": null, ""final_metric"": 0.01684430271966897, ""pct_gain"": 0.599048641957763}"
146821,car,openml_task,amlb,multiclass,tabularaml,2,1200,1382,346,6,,,,,,,,,,300.1203889846802,,,crash,ValueError: X does not contain the columns listed in cols,0.2.0,
car_evaluation,car-evaluation,pmlb,pmlb,multiclass,tabularaml,2,1200,1382,346,6,13,7,0.01801054681096398,categorical_crossentropy,False,0.029940057632499857,0.3984464882454476,119.98023819923401,0.015679359436035156,127.54135942459106,380.3515625,1983,ok,,0.2.0,"{""mode"": ""medium"", ""elapsed_time"": 118.56861209869385, ""n_init_feats"": 6, ""n_added_feats"": 7, ""initial_metric"": null, ""final_metric"": 0.0102998888542268, ""pct_gain"": 0.6938500592153428}"
146821,car,openml_task,amlb,multiclass,tabularaml,0,1200,1382,346,6,,,,,,,,,,323.1565454006195,,,crash,ValueError: X does not contain the columns listed in cols,0.2.0,
car_evaluation,car-evaluation,pmlb,pmlb,multiclass,tabularaml,4,1200,1382,346,6,13,7,0.010478537729558764,categorical_crossentropy,False,0.01864907821928497,0.43812033997889877,121.47154974937439,0.013012170791625977,126.55501461029053,378.16796875,1865,ok,,0.2.0,"{""mode"": ""medium"", ""elapsed_time"": 120.07463812828064, ""n_init_feats"": 6, ""n_added_feats"": 7, ""initial_metric"": null, ""final_metric"": 0.010649632170073932, ""pct_gain"": 0.6594745612096522}"
sonar,sonar,pmlb,pmlb,classification,tabularaml,0,1200,166,42,60,76,16,0.9454545454545454,binary_roc_auc,True,0.95,-0.004784688995215284,342.6423795223236,0.03980398178100586,346.42554235458374,330.640625,63,ok,,0.2.0,"{""mode"": ""medium"", ""elapsed_time"": 332.1698236465454, ""n_init_feats"": 60, ""n_added_feats"": 16, ""initial_metric"": null, ""final_metric"": 0.9493131868131869, ""pct_gain"": 0.010971328145302495}"
car_evaluation,car-evaluation,pmlb,pmlb,multiclass,tabularaml,1,1200,1382,346,6,10,4,0.017046401113325078,categorical_crossentropy,False,0.02345122158893638,0.2731124453931609,349.91553807258606,0.010587930679321289,354.6489055156708,381.58984375,1687,ok,,0.2.0,"{""mode"": ""medium"", ""elapsed_time"": 348.5198655128479, ""n_init_feats"": 6, ""n_added_feats"": 4, ""initial_metric"": null, ""final_metric"": 0.014781095779603293, ""pct_gain"": 0.3233695828056477}"
nursery,nursery,pmlb,pmlb,multiclass,tabularaml,1,1200,10366,2592,8,17,9,0.0014233484187246605,categorical_crossentropy,False,0.001900698462554,0.2511445414586785,501.1162214279175,0.02186751365661621,517.2782144546509,400.90234375,1999,ok,,0.2.0,"{""mode"": ""medium"", ""elapsed_time"": 495.73816871643066, ""n_init_feats"": 8, ""n_added_feats"": 9, ""initial_metric"": null, ""final_metric"": 0.006315103478113232, ""pct_gain"": 0.24919429031592136}"
146821,car,openml_task,amlb,multiclass,tabularaml,4,1200,1382,346,6,,,,,,,,,,582.4703712463379,,,crash,ValueError: X does not contain the columns listed in cols,0.2.0,
nursery,nursery,pmlb,pmlb,multiclass,tabularaml,2,1200,10366,2592,8,16,8,0.0011032409358048374,categorical_crossentropy,False,0.0015975698045982,0.3094255207944981,713.4364728927612,0.01850724220275879,727.6989076137543,419.078125,1996,ok,,0.2.0,"{""mode"": ""medium"", ""elapsed_time"": 708.1980743408203, ""n_init_feats"": 8, ""n_added_feats"": 8, ""initial_metric"": null, ""final_metric"": 0.0029888415325445847, ""pct_gain"": 0.6720506447957711}"
146821,car,openml_task,amlb,multiclass,tabularaml,3,1200,1382,346,6,,,,,,,,,,802.1981246471405,,,crash,ValueError: X does not contain the columns listed in cols,0.2.0,
nursery,nursery,pmlb,pmlb,multiclass,tabularaml,4,1200,10366,2592,8,16,8,0.0012750761263472562,categorical_crossentropy,False,0.0018223118932558,0.30029753355274164,872.3186936378479,0.015119791030883789,885.4473307132721,428.0703125,1999,ok,,0.2.0,"{""mode"": ""medium"", ""elapsed_time"": 867.2187144756317, ""n_init_feats"": 8, ""n_added_feats"": 8, ""initial_metric"": null, ""final_metric"": 0.003796200241245369, ""pct_gain"": 0.5710039561538124}"
146821,car,openml_task,amlb,multiclass,tabularaml,1,1200,1382,346,6,,,,,,,,,,908.7471897602081,,,crash,ValueError: X does not contain the columns listed in cols,0.2.0,
nursery,nursery,pmlb,pmlb,multiclass,tabularaml,3,1200,10366,2592,8,13,5,0.0015616068896871114,categorical_crossentropy,False,0.00163979632817,0.04768240856481699,909.852924823761,0.016875743865966797,924.6049165725708,414.89453125,1998,ok,,0.2.0,"{""mode"": ""medium"", ""elapsed_time"": 904.4861149787903, ""n_init_feats"": 8, ""n_added_feats"": 5, ""initial_metric"": null, ""final_metric"": 0.006414305352993132, ""pct_gain"": 0.24109106231760022}"
nursery,nursery,pmlb,pmlb,multiclass,tabularaml,0,1200,10366,2592,8,14,6,0.0012827165394987117,categorical_crossentropy,False,0.0020163068881203,0.36382871721748516,914.721296787262,0.015924692153930664,926.5150756835938,402.28515625,1998,ok,,0.2.0,"{""mode"": ""medium"", ""elapsed_time"": 910.8383440971375, ""n_init_feats"": 8, ""n_added_feats"": 6, ""initial_metric"": null, ""final_metric"": 0.004275147369900122, ""pct_gain"": 0.5607044900113495}"
waveform_21,waveform-21,pmlb,pmlb,multiclass,tabularaml,3,1200,4000,1000,21,30,9,0.3176161648486741,categorical_crossentropy,False,0.3182567537160066,0.0020128052581850457,914.5154774188995,0.016749858856201172,921.3249490261078,361.93359375,180,ok,,0.2.0,"{""mode"": ""medium"", ""elapsed_time"": 907.7764723300934, ""n_init_feats"": 21, ""n_added_feats"": 9, ""initial_metric"": null, ""final_metric"": 0.38622283312816724, ""pct_gain"": 0.04084319574486006}"
waveform_21,waveform-21,pmlb,pmlb,multiclass,tabularaml,0,1200,4000,1000,21,26,5,0.3367020181475673,categorical_crossentropy,False,0.3348621394513175,-0.005494436305234441,928.4639472961426,0.014889240264892578,937.4291145801544,356.7578125,153,ok,,0.2.0,"{""mode"": ""medium"", ""elapsed_time"": 921.2391347885132, ""n_init_feats"": 21, ""n_added_feats"": 5, ""initial_metric"": null, ""final_metric"": 0.3920565879028368, ""pct_gain"": 0.008224131305251674}"
waveform_21,waveform-21,pmlb,pmlb,multiclass,tabularaml,4,1200,4000,1000,21,27,6,0.3261023445725441,categorical_crossentropy,False,0.3206438779234886,-0.01702345506923421,928.1703777313232,0.01585221290588379,934.6171917915344,359.34765625,135,ok,,0.2.0,"{""mode"": ""medium"", ""elapsed_time"": 920.9208514690399, ""n_init_feats"": 21, ""n_added_feats"": 6, ""initial_metric"": null, ""final_metric"": 0.376177399603437, ""pct_gain"": 0.0699187740876271}"
waveform_21,waveform-21,pmlb,pmlb,multiclass,tabularaml,2,1200,4000,1000,21,28,7,0.3023220181472134,categorical_crossentropy,False,0.3028721691233804,0.0018164461190321311,996.503289937973,0.025435447692871094,1004.0168404579163,358.0,177,ok,,0.2.0,"{""mode"": ""medium"", ""elapsed_time"": 919.1616611480713, ""n_init_feats"": 21, ""n_added_feats"": 7, ""initial_metric"": null, ""final_metric"": 0.39651798448355513, ""pct_gain"": 0.008985786327758922}"
waveform_21,waveform-21,pmlb,pmlb,multiclass,tabularaml,1,1200,4000,1000,21,32,11,0.3200968072914984,categorical_crossentropy,False,0.3135777548374608,-0.020789269498458784,1043.157098531723,0.023914337158203125,1050.6578605175018,354.94921875,165,ok,,0.2.0,"{""mode"": ""medium"", ""elapsed_time"": 919.8656249046326, ""n_init_feats"": 21, ""n_added_feats"": 11, ""initial_metric"": null, ""final_metric"": 0.4014427880175348, ""pct_gain"": 0.014970814481108631}"
shuttle,shuttle,pmlb,pmlb,multiclass,tabularaml,0,1200,46400,11600,9,,,,,,,,,,5.687065601348877,,,crash,ValueError: y contains previously unseen labels: [5],0.2.0,
shuttle,shuttle,pmlb,pmlb,multiclass,tabularaml,1,1200,46400,11600,9,,,,,,,,,,2.9442920684814453,,,crash,ValueError: y contains previously unseen labels: [6],0.2.0,
letter,letter,pmlb,pmlb,multiclass,tabularaml,0,1200,16000,4000,16,18,2,0.11333101050018715,categorical_crossentropy,False,0.1144544498559661,0.009815602252186187,1031.8893716335297,0.010274410247802734,1111.1016023159027,648.484375,1433,ok,,0.2.0,"{""mode"": ""medium"", ""elapsed_time"": 934.7296137809753, ""n_init_feats"": 16, ""n_added_feats"": 2, ""initial_metric"": null, ""final_metric"": 0.15348451966668758, ""pct_gain"": -0.010401451435643666}"
letter,letter,pmlb,pmlb,multiclass,tabularaml,1,1200,16000,4000,16,20,4,0.12510160662387793,categorical_crossentropy,False,0.121318590357945,-0.031182494412202704,1008.0589179992676,0.010297298431396484,1052.1543114185333,602.5625,1111,ok,,0.2.0,"{""mode"": ""medium"", ""elapsed_time"": 935.957667350769, ""n_init_feats"": 16, ""n_added_feats"": 4, ""initial_metric"": null, ""final_metric"": 0.1536680132846627, ""pct_gain"": -0.016951201128098163}"
shuttle,shuttle,pmlb,pmlb,multiclass,tabularaml,3,1200,46400,11600,9,,,,,,,,,,2.9779510498046875,,,crash,ValueError: y contains previously unseen labels: [5],0.2.0,
shuttle,shuttle,pmlb,pmlb,multiclass,tabularaml,4,1200,46400,11600,9,,,,,,,,,,2.8866727352142334,,,crash,ValueError: y contains previously unseen labels: [5],0.2.0,
letter,letter,pmlb,pmlb,multiclass,tabularaml,3,1200,16000,4000,16,19,3,0.1095006545860757,categorical_crossentropy,False,0.11147865348353861,0.017743297354726156,1074.129894733429,0.009310722351074219,1120.6112637519836,614.2578125,1204,ok,,0.2.0,"{""mode"": ""medium"", ""elapsed_time"": 987.1615862846375, ""n_init_feats"": 16, ""n_added_feats"": 3, ""initial_metric"": null, ""final_metric"": 0.14222428644698554, ""pct_gain"": 0.05021417428316887}"
letter,letter,pmlb,pmlb,multiclass,tabularaml,4,1200,16000,4000,16,17,1,0.11804762257239486,categorical_crossentropy,False,0.11902175575975389,0.008184496869003736,1006.7634291648865,0.00714111328125,1106.640783071518,603.14453125,1116,ok,,0.2.0,"{""mode"": ""medium"", ""elapsed_time"": 931.8886392116547, ""n_init_feats"": 16, ""n_added_feats"": 1, ""initial_metric"": null, ""final_metric"": 0.14726851082353182, ""pct_gain"": 0.0}"
satimage,satimage,pmlb,pmlb,multiclass,tabularaml,0,1200,5148,1287,36,38,2,0.2482994904604165,categorical_crossentropy,False,0.24482146764521834,-0.014206363717410245,916.7208268642426,0.009601116180419922,938.2119307518005,378.26953125,283,ok,,0.2.0,"{""mode"": ""medium"", ""elapsed_time"": 910.1538803577423, ""n_init_feats"": 36, ""n_added_feats"": 2, ""initial_metric"": null, ""final_metric"": 0.3471850409873216, ""pct_gain"": 0.00033160765933773435}"
letter,letter,pmlb,pmlb,multiclass,tabularaml,2,1200,16000,4000,16,16,0,0.11872570477697286,categorical_crossentropy,False,0.11872570477697286,-0.0,1031.4575321674347,0.002404451370239258,1241.2557747364044,680.09765625,1660,ok,,0.2.0,"{""mode"": ""medium"", ""elapsed_time"": 961.043979883194, ""n_init_feats"": 16, ""n_added_feats"": 0, ""initial_metric"": null, ""final_metric"": 0.15124431487685605, ""pct_gain"": 0.0}"
satimage,satimage,pmlb,pmlb,multiclass,tabularaml,3,1200,5148,1287,36,38,2,0.25242307549642146,categorical_crossentropy,False,0.25625222741413906,0.014942901985117812,919.5159585475922,0.010779619216918945,934.0072367191315,369.07421875,239,ok,,0.2.0,"{""mode"": ""medium"", ""elapsed_time"": 910.0816178321838, ""n_init_feats"": 36, ""n_added_feats"": 2, ""initial_metric"": null, ""final_metric"": 0.3307014074777183, ""pct_gain"": 0.03136652507507564}"
satimage,satimage,pmlb,pmlb,multiclass,tabularaml,2,1200,5148,1287,36,36,0,0.21480080033690702,categorical_crossentropy,False,0.21480080033690702,-0.0,974.2816534042358,0.005389213562011719,984.7979092597961,379.421875,248,ok,,0.2.0,"{""mode"": ""medium"", ""elapsed_time"": 965.6042866706848, ""n_init_feats"": 36, ""n_added_feats"": 0, ""initial_metric"": null, ""final_metric"": 0.33937554527423897, ""pct_gain"": 0.04965788714458239}"
satimage,satimage,pmlb,pmlb,multiclass,tabularaml,1,1200,,,,,,,,,,,,,1380,,,timeout,wall-clock exceeded 1380s,,
vehicle,vehicle,pmlb,pmlb,multiclass,tabularaml,0,1200,676,170,18,25,7,0.5658749699702158,categorical_crossentropy,False,0.5403102242661749,-0.04731493974366628,477.99290800094604,0.012752294540405273,487.61222648620605,333.1796875,90,ok,,0.2.0,"{""mode"": ""medium"", ""elapsed_time"": 477.1213028430939, ""n_init_feats"": 18, ""n_added_feats"": 7, ""initial_metric"": null, ""final_metric"": 0.5708148100895201, ""pct_gain"": 0.18994250330806728}"
vehicle,vehicle,pmlb,pmlb,multiclass,tabularaml,1,1200,676,170,18,29,11,0.564065481329282,categorical_crossentropy,False,0.5733310526271131,0.01616094445848431,452.79200983047485,0.02157425880432129,471.9003348350525,333.984375,152,ok,,0.2.0,"{""mode"": ""medium"", ""elapsed_time"": 412.8780539035797, ""n_init_feats"": 18, ""n_added_feats"": 11, ""initial_metric"": null, ""final_metric"": 0.5170463228106452, ""pct_gain"": 0.23170010356679446}"
vehicle,vehicle,pmlb,pmlb,multiclass,tabularaml,4,1200,676,170,18,33,15,0.5051181890618275,categorical_crossentropy,False,0.5000177269363228,-0.010200562601561878,442.0903685092926,0.0330967903137207,446.44139766693115,333.5625,145,ok,,0.2.0,"{""mode"": ""medium"", ""elapsed_time"": 410.2880747318268, ""n_init_feats"": 18, ""n_added_feats"": 15, ""initial_metric"": null, ""final_metric"": 0.5763516837603726, ""pct_gain"": 0.15352360260032713}"
vehicle,vehicle,pmlb,pmlb,multiclass,tabularaml,3,1200,676,170,18,30,12,0.5444301307252746,categorical_crossentropy,False,0.4904234250788303,-0.11012260606793665,505.37475991249084,0.019968509674072266,524.8353271484375,345.5078125,317,ok,,0.2.0,"{""mode"": ""medium"", ""elapsed_time"": 480.10496711730957, ""n_init_feats"": 18, ""n_added_feats"": 12, ""initial_metric"": null, ""final_metric"": 0.6057444257430175, ""pct_gain"": 0.13915706481762882}"
pendigits,pendigits,pmlb,pmlb,multiclass,tabularaml,2,1200,8793,2199,16,21,5,0.04071149269383071,categorical_crossentropy,False,0.04034747411545071,-0.009022090883270426,929.5686671733856,0.009086132049560547,943.2159984111786,424.41015625,1038,ok,,0.2.0,"{""mode"": ""medium"", ""elapsed_time"": 919.873941898346, ""n_init_feats"": 16, ""n_added_feats"": 5, ""initial_metric"": null, ""final_metric"": 0.04385457449920379, ""pct_gain"": 0.09288280800266015}"
pendigits,pendigits,pmlb,pmlb,multiclass,tabularaml,4,1200,8793,2199,16,18,2,0.03910614137165239,categorical_crossentropy,False,0.03714806497014522,-0.052710051064054554,927.6299936771393,0.010834693908691406,946.1187415122986,421.41015625,981,ok,,0.2.0,"{""mode"": ""medium"", ""elapsed_time"": 913.146656036377, ""n_init_feats"": 16, ""n_added_feats"": 2, ""initial_metric"": null, ""final_metric"": 0.04822230363444657, ""pct_gain"": 0.02331257717534768}"
optdigits,optdigits,pmlb,pmlb,multiclass,tabularaml,0,1200,4496,1124,62,66,4,0.0810545059991072,categorical_crossentropy,False,0.08089492620322523,-0.0019726799117297683,945.9285080432892,0.01383519172668457,958.6738588809967,423.58984375,1160,ok,,0.2.0,"{""mode"": ""medium"", ""elapsed_time"": 937.5515761375427, ""n_init_feats"": 62, ""n_added_feats"": 4, ""initial_metric"": null, ""final_metric"": 0.07939878027094079, ""pct_gain"": 0.061030923572853495}"
satimage,satimage,pmlb,pmlb,multiclass,tabularaml,4,1200,,,,,,,,,,,,,1380,,,timeout,wall-clock exceeded 1380s,,
monk1,monk1,pmlb,pmlb,classification,tabularaml,0,1200,444,112,6,7,1,1.0,binary_roc_auc,True,1.0,0.0,85.53261518478394,0.006136894226074219,96.51973938941956,334.44921875,1170,ok,,0.2.0,"{""mode"": ""medium"", ""elapsed_time"": 85.31127047538757, ""n_init_feats"": 6, ""n_added_feats"": 1, ""initial_metric"": null, ""final_metric"": 1.0, ""pct_gain"": 0.0}"
optdigits,optdigits,pmlb,pmlb,multiclass,tabularaml,1,1200,4496,1124,62,65,3,0.053706871878392744,categorical_crossentropy,False,0.05484273176866364,0.020711220131450655,973.2922284603119,0.011941194534301758,999.771436214447,402.2109375,568,ok,,0.2.0,"{""mode"": ""medium"", ""elapsed_time"": 962.9291100502014, ""n_init_feats"": 62, ""n_added_feats"": 3, ""initial_metric"": null, ""final_metric"": 0.08081732105188863, ""pct_gain"": -0.0014076256758770772}"
monk1,monk1,pmlb,pmlb,classification,tabularaml,2,1200,444,112,6,7,1,1.0,binary_roc_auc,True,1.0,0.0,109.04434394836426,0.008519411087036133,112.67457818984985,339.6015625,1640,ok,,0.2.0,"{""mode"": ""medium"", ""elapsed_time"": 108.82258415222168, ""n_init_feats"": 6, ""n_added_feats"": 1, ""initial_metric"": null, ""final_metric"": 1.0, ""pct_gain"": 0.0}"
optdigits,optdigits,pmlb,pmlb,multiclass,tabularaml,2,1200,4496,1124,62,69,7,0.07166579753981922,categorical_crossentropy,False,0.07013318941573672,-0.02185282227787301,943.3393290042877,0.016374588012695312,989.1945741176605,403.8515625,710,ok,,0.2.0,"{""mode"": ""medium"", ""elapsed_time"": 935.7699184417725, ""n_init_feats"": 62, ""n_added_feats"": 7, ""initial_metric"": null, ""final_metric"": 0.0914497262764696, ""pct_gain"": 0.0020957163382652835}"
529_pollen,pollen,pmlb,pmlb,regression,tabularaml,0,1200,3078,770,4,8,4,1.5709846146938526,rmse,False,1.5986108050893144,0.017281373494731442,20.872614860534668,0.00682830810546875,32.183796405792236,330.53515625,154,ok,,0.2.0,"{""mode"": ""medium"", ""elapsed_time"": 20.244924783706665, ""n_init_feats"": 4, ""n_added_feats"": 4, ""initial_metric"": null, ""final_metric"": 1.5411915083131986, ""pct_gain"": 0.024176348747846608}"
monk1,monk1,pmlb,pmlb,classification,tabularaml,4,1200,444,112,6,6,0,1.0,binary_roc_auc,True,1.0,0.0,65.15801954269409,0.0016560554504394531,69.49822330474854,331.7109375,827,ok,,0.2.0,"{""mode"": ""medium"", ""elapsed_time"": 64.94936013221741, ""n_init_feats"": 6, ""n_added_feats"": 0, ""initial_metric"": null, ""final_metric"": 1.0, ""pct_gain"": 0.0}"
529_pollen,pollen,pmlb,pmlb,regression,tabularaml,2,1200,3078,770,4,8,4,1.5177719798645113,rmse,False,1.5843982974151207,0.042051495295916105,15.703076124191284,0.0073986053466796875,19.47543501853943,330.8046875,110,ok,,0.2.0,"{""mode"": ""medium"", ""elapsed_time"": 15.086944818496704, ""n_init_feats"": 4, ""n_added_feats"": 4, ""initial_metric"": null, ""final_metric"": 1.5596135710388488, ""pct_gain"": 0.03184737476073159}"
529_pollen,pollen,pmlb,pmlb,regression,tabularaml,3,1200,3078,770,4,8,4,1.5090223934738545,rmse,False,1.5770896880824792,0.043160065735630436,17.655689001083374,0.009075164794921875,24.431634426116943,333.01953125,160,ok,,0.2.0,"{""mode"": ""medium"", ""elapsed_time"": 16.97568392753601, ""n_init_feats"": 4, ""n_added_feats"": 4, ""initial_metric"": null, ""final_metric"": 1.5148245561832197, ""pct_gain"": 0.053097825886590774}"
529_pollen,pollen,pmlb,pmlb,regression,tabularaml,4,1200,3078,770,4,8,4,1.5303976718510466,rmse,False,1.5625623757186557,0.020584588729020137,18.830919981002808,0.008745670318603516,23.527495622634888,332.58203125,151,ok,,0.2.0,"{""mode"": ""medium"", ""elapsed_time"": 18.217116117477417, ""n_init_feats"": 4, ""n_added_feats"": 4, ""initial_metric"": null, ""final_metric"": 1.502773915626442, ""pct_gain"": 0.04407931269765225}"
optdigits,optdigits,pmlb,pmlb,multiclass,tabularaml,4,1200,4496,1124,62,69,7,0.0657488591767565,categorical_crossentropy,False,0.06703849414178167,0.01923723051263177,929.8501279354095,0.01955413818359375,938.6600003242493,399.94140625,685,ok,,0.2.0,"{""mode"": ""medium"", ""elapsed_time"": 920.8496601581573, ""n_init_feats"": 62, ""n_added_feats"": 7, ""initial_metric"": null, ""final_metric"": 0.08447624213676422, ""pct_gain"": 0.009772884037526203}"
shuttle,shuttle,pmlb,pmlb,multiclass,tabularaml,2,1200,,,,,,,,,,,,,1380,,,timeout,wall-clock exceeded 1380s,,
503_wind,wind,pmlb,pmlb,regression,tabularaml,2,1200,5259,1315,14,17,3,2.963028941516385,rmse,False,2.985540099602209,0.00754006221146503,185.17323994636536,0.014487743377685547,190.66191220283508,344.5234375,281,ok,,0.2.0,"{""mode"": ""medium"", ""elapsed_time"": 183.50223970413208, ""n_init_feats"": 14, ""n_added_feats"": 3, ""initial_metric"": null, ""final_metric"": 3.119177177820394, ""pct_gain"": 0.00867178619221044}"
pendigits,pendigits,pmlb,pmlb,multiclass,tabularaml,0,1200,,,,,,,,,,,,,1380,,,timeout,wall-clock exceeded 1380s,,
pendigits,pendigits,pmlb,pmlb,multiclass,tabularaml,1,1200,,,,,,,,,,,,,1380,,,timeout,wall-clock exceeded 1380s,,
pendigits,pendigits,pmlb,pmlb,multiclass,tabularaml,3,1200,,,,,,,,,,,,,1380,,,timeout,wall-clock exceeded 1380s,,
503_wind,wind,pmlb,pmlb,regression,tabularaml,0,1200,5259,1315,14,16,2,3.1761826396842534,rmse,False,3.160870419196631,-0.004844305035292893,182.6364390850067,0.010495901107788086,250.96633887290955,341.453125,251,ok,,0.2.0,"{""mode"": ""medium"", ""elapsed_time"": 181.12714743614197, ""n_init_feats"": 14, ""n_added_feats"": 2, ""initial_metric"": null, ""final_metric"": 3.0469986752472447, ""pct_gain"": 0.013935942736975751}"
1193_BNG_lowbwt,BNG-lowbwt,pmlb,pmlb,regression,tabularaml,0,1200,24883,6221,9,11,2,445.05831024802916,rmse,False,445.0044680697531,-0.00012099244420983415,165.9087312221527,0.00847172737121582,172.07948899269104,369.15234375,112,ok,,0.2.0,"{""mode"": ""medium"", ""elapsed_time"": 162.6606650352478, ""n_init_feats"": 9, ""n_added_feats"": 2, ""initial_metric"": null, ""final_metric"": 455.07750081962814, ""pct_gain"": 0.0002830613325898445}"
503_wind,wind,pmlb,pmlb,regression,tabularaml,1,1200,5259,1315,14,21,7,2.9952027819270444,rmse,False,2.9842687326630206,-0.0036638956620594684,278.3266851902008,0.0198209285736084,298.4307770729065,339.9375,195,ok,,0.2.0,"{""mode"": ""medium"", ""elapsed_time"": 276.5288200378418, ""n_init_feats"": 14, ""n_added_feats"": 7, ""initial_metric"": null, ""final_metric"": 3.0650473550803734, ""pct_gain"": 0.019922736450990634}"
581_fri_c3_500_25,Friedman-c3,pmlb,pmlb,regression,tabularaml,4,1200,400,100,25,26,1,0.29497039853125895,rmse,False,0.32775306122988507,0.10002244548261428,55.122477531433105,0.008805036544799805,66.8914008140564,329.4296875,263,ok,,0.2.0,"{""mode"": ""medium"", ""elapsed_time"": 54.836790323257446, ""n_init_feats"": 25, ""n_added_feats"": 1, ""initial_metric"": null, ""final_metric"": 0.35885391049630055, ""pct_gain"": 0.06861386466279992}"
581_fri_c3_500_25,Friedman-c3,pmlb,pmlb,regression,tabularaml,0,1200,400,100,25,30,5,0.3098116365914675,rmse,False,0.32666539334206623,0.051593334017327054,120.38208293914795,0.011199712753295898,126.58043551445007,330.80078125,163,ok,,0.2.0,"{""mode"": ""medium"", ""elapsed_time"": 120.1044557094574, ""n_init_feats"": 25, ""n_added_feats"": 5, ""initial_metric"": null, ""final_metric"": 0.32463847491968545, ""pct_gain"": 0.04340230739466941}"
mfeat_factors,mfeat-factors,pmlb,pmlb,multiclass,tabularaml,0,1200,1600,400,216,217,1,0.1071101895407628,categorical_crossentropy,False,0.1043045536131649,-0.026898498966815825,967.5937149524689,0.016549348831176758,994.6671266555786,397.30859375,758,ok,,0.2.0,"{""mode"": ""medium"", ""elapsed_time"": 931.8193218708038, ""n_init_feats"": 216, ""n_added_feats"": 1, ""initial_metric"": null, ""final_metric"": 0.14530327656676237, ""pct_gain"": 0.01858239639175206}"
503_wind,wind,pmlb,pmlb,regression,tabularaml,4,1200,5259,1315,14,20,6,3.023307142288354,rmse,False,3.045161175952676,0.00717664268049301,286.4961447715759,0.010974884033203125,290.6616413593292,348.75,214,ok,,0.2.0,"{""mode"": ""medium"", ""elapsed_time"": 285.1352028846741, ""n_init_feats"": 14, ""n_added_feats"": 6, ""initial_metric"": null, ""final_metric"": 3.108342933046662, ""pct_gain"": 0.015562939334948749}"
optdigits,optdigits,pmlb,pmlb,multiclass,tabularaml,3,1200,,,,,,,,,,,,,1380,,,timeout,wall-clock exceeded 1380s,,
1169,Airlines,openml_task,stress_test,classification,tabularaml,0,1200,,,,,,,,,,,,,0.6606366634368896,,,crash,OpenMLServerException: https://www.openml.org/api/v1/xml/task/1169 returned code 151: Unknown task - None,,
1169,Airlines,openml_task,stress_test,classification,tabularaml,1,1200,,,,,,,,,,,,,1.723191499710083,,,crash,OpenMLServerException: https://www.openml.org/api/v1/xml/task/1169 returned code 151: Unknown task - None,,
1169,Airlines,openml_task,stress_test,classification,tabularaml,2,1200,,,,,,,,,,,,,1.761760950088501,,,crash,OpenMLServerException: https://www.openml.org/api/v1/xml/task/1169 returned code 151: Unknown task - None,,
1169,Airlines,openml_task,stress_test,classification,tabularaml,3,1200,,,,,,,,,,,,,0.6443543434143066,,,crash,OpenMLServerException: https://www.openml.org/api/v1/xml/task/1169 returned code 151: Unknown task - None,,
mfeat_factors,mfeat-factors,pmlb,pmlb,multiclass,tabularaml,1,1200,1600,400,216,216,0,0.13339161737516406,categorical_crossentropy,False,0.13339161737516406,-0.0,971.2001187801361,0.030767202377319336,986.6998941898346,383.5546875,394,ok,,0.2.0,"{""mode"": ""medium"", ""elapsed_time"": 941.5808284282684, ""n_init_feats"": 216, ""n_added_feats"": 0, ""initial_metric"": null, ""final_metric"": 0.14961917061852723, ""pct_gain"": 0.0}"
1169,Airlines,openml_task,stress_test,classification,tabularaml,4,1200,,,,,,,,,,,,,0.6766760349273682,,,crash,OpenMLServerException: https://www.openml.org/api/v1/xml/task/1169 returned code 151: Unknown task - None,,
42712,Bike-Sharing,openml_task,stress_test,regression,tabularaml,3,1200,,,,,,,,,,,,,0.8742966651916504,,,crash,OpenMLServerException: https://www.openml.org/api/v1/xml/task/42712 returned code 151: Unknown task - None,,
42712,Bike-Sharing,openml_task,stress_test,regression,tabularaml,1,1200,,,,,,,,,,,,,6.120179891586304,,,crash,OpenMLServerException: https://www.openml.org/api/v1/xml/task/42712 returned code 151: Unknown task - None,,
42712,Bike-Sharing,openml_task,stress_test,regression,tabularaml,2,1200,,,,,,,,,,,,,4.916722536087036,,,crash,OpenMLServerException: https://www.openml.org/api/v1/xml/task/42712 returned code 151: Unknown task - None,,
1113,KDD-Cup-98,openml_task,stress_test,regression,tabularaml,0,1200,,,,,,,,,,,,,0.9458174705505371,,,crash,OpenMLServerException: https://www.openml.org/api/v1/xml/task/1113 returned code 151: Unknown task - None,,
42712,Bike-Sharing,openml_task,stress_test,regression,tabularaml,4,1200,,,,,,,,,,,,,7.384954929351807,,,crash,OpenMLServerException: https://www.openml.org/api/v1/xml/task/42712 returned code 151: Unknown task - None,,
42712,Bike-Sharing,openml_task,stress_test,regression,tabularaml,0,1200,,,,,,,,,,,,,15.303053379058838,,,crash,OpenMLServerException: https://www.openml.org/api/v1/xml/task/42712 returned code 151: Unknown task - None,,
1113,KDD-Cup-98,openml_task,stress_test,regression,tabularaml,1,1200,,,,,,,,,,,,,4.108200788497925,,,crash,OpenMLServerException: https://www.openml.org/api/v1/xml/task/1113 returned code 151: Unknown task - None,,
1113,KDD-Cup-98,openml_task,stress_test,regression,tabularaml,3,1200,,,,,,,,,,,,,2.9197165966033936,,,crash,OpenMLServerException: https://www.openml.org/api/v1/xml/task/1113 returned code 151: Unknown task - None,,
1113,KDD-Cup-98,openml_task,stress_test,regression,tabularaml,4,1200,,,,,,,,,,,,,1.7540650367736816,,,crash,OpenMLServerException: https://www.openml.org/api/v1/xml/task/1113 returned code 151: Unknown task - None,,
23380,Mercedes-Greener,openml_task,stress_test,regression,tabularaml,0,1200,,,,,,,,,,,,,0.885549783706665,,,crash,OpenMLServerException: https://www.openml.org/api/v1/xml/task/23380 returned code 151: Unknown task - None,,
23380,Mercedes-Greener,openml_task,stress_test,regression,tabularaml,2,1200,,,,,,,,,,,,,0.6616783142089844,,,crash,OpenMLServerException: https://www.openml.org/api/v1/xml/task/23380 returned code 151: Unknown task - None,,
1113,KDD-Cup-98,openml_task,stress_test,regression,tabularaml,2,1200,,,,,,,,,,,,,8.693711757659912,,,crash,OpenMLServerException: https://www.openml.org/api/v1/xml/task/1113 returned code 151: Unknown task - None,,
23380,Mercedes-Greener,openml_task,stress_test,regression,tabularaml,3,1200,,,,,,,,,,,,,1.4870703220367432,,,crash,OpenMLServerException: https://www.openml.org/api/v1/xml/task/23380 returned code 151: Unknown task - None,,
1028_SWD,SWD,pmlb,pmlb,regression,tabularaml,2,1200,800,200,10,11,1,0.6205817452828288,rmse,False,0.6211146858325913,0.0008580388806104292,71.94495892524719,0.005833625793457031,81.3849880695343,327.1015625,47,ok,,0.2.0,"{""mode"": ""medium"", ""elapsed_time"": 71.74728560447693, ""n_init_feats"": 10, ""n_added_feats"": 1, ""initial_metric"": null, ""final_metric"": 0.6592579960052636, ""pct_gain"": 0.007469518550320022}"
1028_SWD,SWD,pmlb,pmlb,regression,tabularaml,1,1200,800,200,10,12,2,0.6854464695274292,rmse,False,0.6862052687228947,0.001105790395456625,83.68644261360168,0.007209300994873047,101.71909475326538,332.41796875,60,ok,,0.2.0,"{""mode"": ""medium"", ""elapsed_time"": 83.47948956489563, ""n_init_feats"": 10, ""n_added_feats"": 2, ""initial_metric"": null, ""final_metric"": 0.6158991699687635, ""pct_gain"": 0.01405939310769118}"
41207,Allstate-Claims,openml_task,stress_test,regression,tabularaml,0,1200,,,,,,,,,,,,,0.6651151180267334,,,crash,OpenMLServerException: https://www.openml.org/api/v1/xml/task/41207 returned code 151: Unknown task - None,,
581_fri_c3_500_25,Friedman-c3,pmlb,pmlb,regression,tabularaml,3,1200,400,100,25,37,12,0.38665910218113014,rmse,False,0.3854716450762703,-0.0030805303581405916,171.9510362148285,0.032320499420166016,195.88366055488586,335.6171875,315,ok,,0.2.0,"{""mode"": ""medium"", ""elapsed_time"": 171.1430721282959, ""n_init_feats"": 25, ""n_added_feats"": 12, ""initial_metric"": null, ""final_metric"": 0.34510537537201025, ""pct_gain"": 0.016426785740566177}"
23380,Mercedes-Greener,openml_task,stress_test,regression,tabularaml,4,1200,,,,,,,,,,,,,5.27787184715271,,,crash,OpenMLServerException: https://www.openml.org/api/v1/xml/task/23380 returned code 151: Unknown task - None,,
23380,Mercedes-Greener,openml_task,stress_test,regression,tabularaml,1,1200,,,,,,,,,,,,,10.614139318466187,,,crash,OpenMLServerException: https://www.openml.org/api/v1/xml/task/23380 returned code 151: Unknown task - None,,
1028_SWD,SWD,pmlb,pmlb,regression,tabularaml,0,1200,800,200,10,11,1,0.5988328638258502,rmse,False,0.5992811670507572,0.0007480682683775967,129.41551303863525,0.004383087158203125,148.54104924201965,334.35546875,40,ok,,0.2.0,"{""mode"": ""medium"", ""elapsed_time"": 129.16896891593933, ""n_init_feats"": 10, ""n_added_feats"": 1, ""initial_metric"": null, ""final_metric"": 0.6473021526734599, ""pct_gain"": 0.014551635444120152}"
41207,Allstate-Claims,openml_task,stress_test,regression,tabularaml,3,1200,,,,,,,,,,,,,3.4728219509124756,,,crash,OpenMLServerException: https://www.openml.org/api/v1/xml/task/41207 returned code 151: Unknown task - None,,
41207,Allstate-Claims,openml_task,stress_test,regression,tabularaml,1,1200,,,,,,,,,,,,,7.457247972488403,,,crash,OpenMLServerException: https://www.openml.org/api/v1/xml/task/41207 returned code 151: Unknown task - None,,
40927,Sleep,openml_task,stress_test,classification,tabularaml,0,1200,,,,,,,,,,,,,3.4541025161743164,,,crash,OpenMLServerException: https://www.openml.org/api/v1/xml/task/40927 returned code 151: Unknown task - None,,
40927,Sleep,openml_task,stress_test,classification,tabularaml,1,1200,,,,,,,,,,,,,3.3808298110961914,,,crash,OpenMLServerException: https://www.openml.org/api/v1/xml/task/40927 returned code 151: Unknown task - None,,
41207,Allstate-Claims,openml_task,stress_test,regression,tabularaml,2,1200,,,,,,,,,,,,,10.512797594070435,,,crash,OpenMLServerException: https://www.openml.org/api/v1/xml/task/41207 returned code 151: Unknown task - None,,
41207,Allstate-Claims,openml_task,stress_test,regression,tabularaml,4,1200,,,,,,,,,,,,,8.615286350250244,,,crash,OpenMLServerException: https://www.openml.org/api/v1/xml/task/41207 returned code 151: Unknown task - None,,
40927,Sleep,openml_task,stress_test,classification,tabularaml,3,1200,,,,,,,,,,,,,3.077453851699829,,,crash,OpenMLServerException: https://www.openml.org/api/v1/xml/task/40927 returned code 151: Unknown task - None,,
40927,Sleep,openml_task,stress_test,classification,tabularaml,2,1200,,,,,,,,,,,,,5.5077714920043945,,,crash,OpenMLServerException: https://www.openml.org/api/v1/xml/task/40927 returned code 151: Unknown task - None,,
40927,Sleep,openml_task,stress_test,classification,tabularaml,4,1200,,,,,,,,,,,,,3.5409960746765137,,,crash,OpenMLServerException: https://www.openml.org/api/v1/xml/task/40927 returned code 151: Unknown task - None,,
581_fri_c3_500_25,Friedman-c3,pmlb,pmlb,regression,tabularaml,1,1200,400,100,25,41,16,0.3057526522876442,rmse,False,0.3267980578050114,0.06439880842230786,253.9956510066986,0.033538818359375,260.12371492385864,333.12890625,211,ok,,0.2.0,"{""mode"": ""medium"", ""elapsed_time"": 252.99043893814087, ""n_init_feats"": 25, ""n_added_feats"": 16, ""initial_metric"": null, ""final_metric"": 0.3511989271995116, ""pct_gain"": 0.08286214389535317}"
1028_SWD,SWD,pmlb,pmlb,regression,tabularaml,4,1200,800,200,10,14,4,0.6237411080830616,rmse,False,0.6234681010291124,-0.0004378845581651055,103.21492028236389,0.008350610733032227,112.3961410522461,333.28515625,101,ok,,0.2.0,"{""mode"": ""medium"", ""elapsed_time"": 103.00953435897827, ""n_init_feats"": 10, ""n_added_feats"": 4, ""initial_metric"": null, ""final_metric"": 0.6634279341478238, ""pct_gain"": 0.004157766184975742}"
monk2,monk2,pmlb,stress_test,classification,tabularaml,2,1200,480,121,6,13,7,0.9972560975609756,binary_roc_auc,True,0.9359756097560975,0.06547231270358307,27.331230878829956,0.012140512466430664,36.89383363723755,327.44140625,443,ok,,0.2.0,"{""mode"": ""medium"", ""elapsed_time"": 27.166642427444458, ""n_init_feats"": 6, ""n_added_feats"": 7, ""initial_metric"": null, ""final_metric"": 0.9977225391063866, ""pct_gain"": 0.10525087466880594}"
503_wind,wind,pmlb,pmlb,regression,tabularaml,3,1200,5259,1315,14,26,12,2.992550011897959,rmse,False,2.966718495874886,-0.008707100474477475,463.1018054485321,0.020382165908813477,469.5651550292969,359.23828125,219,ok,,0.2.0,"{""mode"": ""medium"", ""elapsed_time"": 459.99176120758057, ""n_init_feats"": 14, ""n_added_feats"": 12, ""initial_metric"": null, ""final_metric"": 3.056404800842637, ""pct_gain"": 0.012344232391975447}"
monk2,monk2,pmlb,stress_test,classification,tabularaml,4,1200,480,121,6,13,7,1.0,binary_roc_auc,True,0.998780487804878,0.001221001221001222,19.07882285118103,0.01373147964477539,21.597022771835327,332.7578125,1007,ok,,0.2.0,"{""mode"": ""medium"", ""elapsed_time"": 18.90717339515686, ""n_init_feats"": 6, ""n_added_feats"": 7, ""initial_metric"": null, ""final_metric"": 0.9829741019214703, ""pct_gain"": 0.07294173205353176}"
vehicle,vehicle,pmlb,pmlb,multiclass,tabularaml,2,1200,,,,,,,,,,,,,1380,,,timeout,wall-clock exceeded 1380s,,
mfeat_factors,mfeat-factors,pmlb,pmlb,multiclass,tabularaml,3,1200,1600,400,216,216,0,0.13735728453029877,categorical_crossentropy,False,0.13735728453029877,-0.0,960.6209206581116,0.017236709594726562,975.9622981548309,387.69140625,665,ok,,0.2.0,"{""mode"": ""medium"", ""elapsed_time"": 933.8441896438599, ""n_init_feats"": 216, ""n_added_feats"": 0, ""initial_metric"": null, ""final_metric"": 0.15606726636723497, ""pct_gain"": 0.0}"
1193_BNG_lowbwt,BNG-lowbwt,pmlb,pmlb,regression,tabularaml,2,1200,24883,6221,9,15,6,448.5819477309791,rmse,False,449.2403380489895,0.0014655636688141595,360.74094915390015,0.013008356094360352,369.5057256221771,399.359375,104,ok,,0.2.0,"{""mode"": ""medium"", ""elapsed_time"": 357.67441391944885, ""n_init_feats"": 9, ""n_added_feats"": 6, ""initial_metric"": null, ""final_metric"": 453.92272984299797, ""pct_gain"": -0.0007309906683375764}"
monk2,monk2,pmlb,stress_test,classification,tabularaml,0,1200,480,121,6,13,7,0.9856707317073171,binary_roc_auc,True,0.9539634146341462,0.03323745605624815,21.220884084701538,0.014505147933959961,96.99365830421448,338.046875,1799,ok,,0.2.0,"{""mode"": ""medium"", ""elapsed_time"": 21.04812216758728, ""n_init_feats"": 6, ""n_added_feats"": 7, ""initial_metric"": null, ""final_metric"": 0.9966959064327485, ""pct_gain"": 0.08830604946455947}"
1028_SWD,SWD,pmlb,pmlb,regression,tabularaml,3,1200,800,200,10,16,6,0.6580809718525262,rmse,False,0.6518046238344921,-0.009629186091241696,215.82340717315674,0.019579648971557617,220.6009120941162,338.72265625,38,ok,,0.2.0,"{""mode"": ""medium"", ""elapsed_time"": 215.55559754371643, ""n_init_feats"": 10, ""n_added_feats"": 6, ""initial_metric"": null, ""final_metric"": 0.6471987351709118, ""pct_gain"": 0.010921135001341549}"
361618,forest_fires,openml_task,ctr23,regression,tabularaml,2,1200,413,104,12,20,8,39.138448902509936,rmse,False,39.45767966579137,0.008090459600902369,92.32916140556335,0.020570993423461914,95.05536007881165,342.80859375,6,ok,,0.2.0,"{""mode"": ""medium"", ""elapsed_time"": 92.04311037063599, ""n_init_feats"": 12, ""n_added_feats"": 8, ""initial_metric"": null, ""final_metric"": 56.03790368713434, ""pct_gain"": 0.1361527091092514}"
mfeat_factors,mfeat-factors,pmlb,pmlb,multiclass,tabularaml,2,1200,,,,,,,,,,,,,1380,,,timeout,wall-clock exceeded 1380s,,
yeast,yeast,pmlb,stress_test,multiclass,tabularaml,2,1200,1183,296,8,17,9,1.107340555184999,categorical_crossentropy,False,1.111750268327022,0.003966460155353662,337.69667172431946,0.01692342758178711,386.6493728160858,354.8515625,70,ok,,0.2.0,"{""mode"": ""medium"", ""elapsed_time"": 335.4133880138397, ""n_init_feats"": 8, ""n_added_feats"": 9, ""initial_metric"": null, ""final_metric"": 1.5656235923744195, ""pct_gain"": 0.023858622572496897}"
361618,forest_fires,openml_task,ctr23,regression,tabularaml,0,1200,413,104,12,20,8,111.86840819030174,rmse,False,110.71788633302435,-0.01039147237526527,210.78840136528015,0.024140119552612305,219.89190101623535,343.71875,17,ok,,0.2.0,"{""mode"": ""medium"", ""elapsed_time"": 210.45853185653687, ""n_init_feats"": 12, ""n_added_feats"": 8, ""initial_metric"": null, ""final_metric"": 36.70784862891691, ""pct_gain"": 0.041552934006675916}"
361618,forest_fires,openml_task,ctr23,regression,tabularaml,1,1200,413,104,12,22,10,76.90188604586669,rmse,False,76.5361279964511,-0.004778894085582031,189.60669684410095,0.02767324447631836,192.48439860343933,345.44921875,12,ok,,0.2.0,"{""mode"": ""medium"", ""elapsed_time"": 189.2589190006256, ""n_init_feats"": 12, ""n_added_feats"": 10, ""initial_metric"": null, ""final_metric"": 50.05543760902903, ""pct_gain"": 0.10282071423229512}"
361618,forest_fires,openml_task,ctr23,regression,tabularaml,4,1200,413,104,12,35,23,74.2748665068048,rmse,False,74.99468974133806,0.00959832272146183,130.54353499412537,0.057744741439819336,139.59697151184082,346.8828125,13,ok,,0.2.0,"{""mode"": ""medium"", ""elapsed_time"": 128.72904133796692, ""n_init_feats"": 12, ""n_added_feats"": 23, ""initial_metric"": null, ""final_metric"": 28.901723602127912, ""pct_gain"": 0.09872355038888518}"
361617,energy_efficiency,openml_task,ctr23,regression,tabularaml,1,1200,614,154,8,8,0,0.3454894676527683,rmse,False,0.3454894676527683,-0.0,19.72722554206848,0.0012946128845214844,24.46702742576599,341.10546875,254,ok,,0.2.0,"{""mode"": ""medium"", ""elapsed_time"": 19.58149266242981, ""n_init_feats"": 8, ""n_added_feats"": 0, ""initial_metric"": null, ""final_metric"": 0.5862509223736414, ""pct_gain"": 0.06097701757104364}"
361617,energy_efficiency,openml_task,ctr23,regression,tabularaml,0,1200,614,154,8,17,9,0.42872346501338554,rmse,False,0.4003563723813697,-0.07085460501923539,26.976970195770264,0.013729095458984375,72.16055631637573,346.31640625,572,ok,,0.2.0,"{""mode"": ""medium"", ""elapsed_time"": 26.811617136001587, ""n_init_feats"": 8, ""n_added_feats"": 9, ""initial_metric"": null, ""final_metric"": 0.4269601197167846, ""pct_gain"": 0.24043651466059818}"
361621,QSAR_fish_toxicity,openml_task,ctr23,regression,tabularaml,2,1200,726,182,6,13,7,0.794628145186559,rmse,False,0.8017881426704694,0.008930036630453272,16.76101565361023,0.01503610610961914,23.684404611587524,342.21484375,105,ok,,0.2.0,"{""mode"": ""medium"", ""elapsed_time"": 16.545467138290405, ""n_init_feats"": 6, ""n_added_feats"": 7, ""initial_metric"": null, ""final_metric"": 0.9240900832484726, ""pct_gain"": 0.039025591291679415}"
361621,QSAR_fish_toxicity,openml_task,ctr23,regression,tabularaml,1,1200,726,182,6,13,7,0.9335726316433203,rmse,False,0.9720391876165189,0.03957305061694088,26.08064889907837,0.01593637466430664,43.34514570236206,338.41796875,62,ok,,0.2.0,"{""mode"": ""medium"", ""elapsed_time"": 25.852373361587524, ""n_init_feats"": 6, ""n_added_feats"": 7, ""initial_metric"": null, ""final_metric"": 0.8760683904439823, ""pct_gain"": 0.04920572990536411}"
361621,QSAR_fish_toxicity,openml_task,ctr23,regression,tabularaml,0,1200,726,182,6,13,7,0.924767544334856,rmse,False,0.9118665391903907,-0.01414790935954237,21.896140098571777,0.013109445571899414,57.99211049079895,342.734375,115,ok,,0.2.0,"{""mode"": ""medium"", ""elapsed_time"": 21.677979946136475, ""n_init_feats"": 6, ""n_added_feats"": 7, ""initial_metric"": null, ""final_metric"": 0.9202675655849509, ""pct_gain"": 0.022253738165216887}"
mfeat_factors,mfeat-factors,pmlb,pmlb,multiclass,tabularaml,4,1200,,,,,,,,,,,,,1380,,,timeout,wall-clock exceeded 1380s,,
361617,energy_efficiency,openml_task,ctr23,regression,tabularaml,3,1200,614,154,8,17,9,0.39611105823358245,rmse,False,0.3657795732952639,-0.08292285068044089,22.329559803009033,0.013867855072021484,89.08615779876709,357.3359375,1072,ok,,0.2.0,"{""mode"": ""medium"", ""elapsed_time"": 22.157233476638794, ""n_init_feats"": 8, ""n_added_feats"": 9, ""initial_metric"": null, ""final_metric"": 0.5680635992666728, ""pct_gain"": 0.35391588823732223}"
361621,QSAR_fish_toxicity,openml_task,ctr23,regression,tabularaml,3,1200,726,182,6,13,7,0.9218162522841831,rmse,False,,,17.794227361679077,0.010926961898803711,70.02558469772339,341.296875,82,ok,,0.2.0,"{""mode"": ""medium"", ""elapsed_time"": 17.583455562591553, ""n_init_feats"": 6, ""n_added_feats"": 7, ""initial_metric"": null, ""final_metric"": 0.9175412695466523, ""pct_gain"": 0.04230169724950138}"
361237,concrete_strength,openml_task,ctr23,regression,tabularaml,0,1200,824,206,8,17,9,4.6761058266244095,rmse,False,4.641812866609321,-0.007387837683370099,56.84607434272766,0.01258707046508789,62.69829058647156,344.87890625,328,ok,,0.2.0,"{""mode"": ""medium"", ""elapsed_time"": 56.59679079055786, ""n_init_feats"": 8, ""n_added_feats"": 9, ""initial_metric"": null, ""final_metric"": 4.652320051234565, ""pct_gain"": 0.04709850050581316}"
monk1,monk1,pmlb,pmlb,classification,tabularaml,1,1200,,,,,,,,,,,,,1380,,,timeout,wall-clock exceeded 1380s,,
361619,student_performance,openml_task,ctr23,regression,tabularaml,3,1200,519,130,30,38,8,2.596927775321641,rmse,False,2.585733727162925,-0.00432915734560125,284.10445761680603,0.03878140449523926,293.605765581131,345.6953125,83,ok,,0.2.0,"{""mode"": ""medium"", ""elapsed_time"": 283.70664143562317, ""n_init_feats"": 30, ""n_added_feats"": 8, ""initial_metric"": null, ""final_metric"": 2.700464513575883, ""pct_gain"": 0.07800964083125672}"
361237,concrete_strength,openml_task,ctr23,regression,tabularaml,1,1200,824,206,8,13,5,4.892821494731944,rmse,False,4.7585983666068365,-0.02820644185208185,82.48548340797424,0.008522987365722656,85.33010983467102,353.7421875,472,ok,,0.2.0,"{""mode"": ""medium"", ""elapsed_time"": 82.2495927810669, ""n_init_feats"": 8, ""n_added_feats"": 5, ""initial_metric"": null, ""final_metric"": 4.475271514507128, ""pct_gain"": 0.0913022298142277}"
yeast,yeast,pmlb,stress_test,multiclass,tabularaml,3,1200,1183,296,8,16,8,1.074457444804343,categorical_crossentropy,False,1.061062062511573,-0.01262450403802259,739.2716913223267,0.015301227569580078,743.4230737686157,356.3515625,49,ok,,0.2.0,"{""mode"": ""medium"", ""elapsed_time"": 737.1049582958221, ""n_init_feats"": 8, ""n_added_feats"": 8, ""initial_metric"": null, ""final_metric"": 1.5997015080255563, ""pct_gain"": 0.04401098511484788}"
monk1,monk1,pmlb,pmlb,classification,tabularaml,3,1200,,,,,,,,,,,,,1380,,,timeout,wall-clock exceeded 1380s,,
361237,concrete_strength,openml_task,ctr23,regression,tabularaml,3,1200,824,206,8,17,9,3.955234934318294,rmse,False,3.8577584660589945,-0.02526764418169487,79.7872986793518,0.012748956680297852,83.73089981079102,347.8046875,272,ok,,0.2.0,"{""mode"": ""medium"", ""elapsed_time"": 79.53443551063538, ""n_init_feats"": 8, ""n_added_feats"": 9, ""initial_metric"": null, ""final_metric"": 4.577313851591592, ""pct_gain"": 0.02302544384443545}"
361237,concrete_strength,openml_task,ctr23,regression,tabularaml,2,1200,824,206,8,17,9,5.185728355386823,rmse,False,4.7601661803729085,-0.08940069713712734,45.82612061500549,0.0116729736328125,117.0449161529541,344.56640625,373,ok,,0.2.0,"{""mode"": ""medium"", ""elapsed_time"": 45.58130741119385, ""n_init_feats"": 8, ""n_added_feats"": 9, ""initial_metric"": null, ""final_metric"": 4.663696004964642, ""pct_gain"": 0.0471790662052898}"
361619,student_performance,openml_task,ctr23,regression,tabularaml,2,1200,519,130,30,50,20,3.075609274723255,rmse,False,3.0720746919135133,-0.0011505523674425725,432.5049648284912,0.05211687088012695,435.1611020565033,350.19921875,56,ok,,0.2.0,"{""mode"": ""medium"", ""elapsed_time"": 431.9083716869354, ""n_init_feats"": 30, ""n_added_feats"": 20, ""initial_metric"": null, ""final_metric"": 2.6279573259798026, ""pct_gain"": 0.050082682750756585}"
529_pollen,pollen,pmlb,pmlb,regression,tabularaml,1,1200,,,,,,,,,,,,,1380,,,timeout,wall-clock exceeded 1380s,,
yeast,yeast,pmlb,stress_test,multiclass,tabularaml,1,1200,1183,296,8,16,8,1.0128189384861774,categorical_crossentropy,False,1.0149134381145641,0.0020637224316171435,903.9346034526825,0.013083696365356445,915.5048449039459,355.6796875,96,ok,,0.2.0,"{""mode"": ""medium"", ""elapsed_time"": 901.7540426254272, ""n_init_feats"": 8, ""n_added_feats"": 8, ""initial_metric"": null, ""final_metric"": 1.6474714635364844, ""pct_gain"": 0.08522275461915052}"
361235,airfoil_self_noise,openml_task,ctr23,regression,tabularaml,0,1200,1202,301,5,11,6,1.5177400572505664,rmse,False,1.6802169582491364,0.09669995306313207,20.208030223846436,0.014925718307495117,24.09053349494934,361.19140625,1390,ok,,0.2.0,"{""mode"": ""medium"", ""elapsed_time"": 19.93850064277649, ""n_init_feats"": 5, ""n_added_feats"": 6, ""initial_metric"": null, ""final_metric"": 1.7084177712137454, ""pct_gain"": 0.16516387667313817}"
361619,student_performance,openml_task,ctr23,regression,tabularaml,0,1200,519,130,30,51,21,2.4501590935707043,rmse,False,2.3934961842249356,-0.023673699469095796,368.20258355140686,0.08101105690002441,676.0135662555695,341.1796875,59,ok,,0.2.0,"{""mode"": ""medium"", ""elapsed_time"": 366.86626625061035, ""n_init_feats"": 30, ""n_added_feats"": 21, ""initial_metric"": null, ""final_metric"": 2.9334507010864757, ""pct_gain"": 0.06112045128083382}"
361235,airfoil_self_noise,openml_task,ctr23,regression,tabularaml,2,1200,1202,301,5,11,6,1.5227860880455668,rmse,False,1.4820427537699872,-0.02749133530185796,35.792168617248535,0.013628244400024414,39.22697973251343,359.37109375,1225,ok,,0.2.0,"{""mode"": ""medium"", ""elapsed_time"": 35.52048969268799, ""n_init_feats"": 5, ""n_added_feats"": 6, ""initial_metric"": null, ""final_metric"": 1.7536722606549477, ""pct_gain"": 0.11629003009300187}"
361616,Moneyball,openml_task,ctr23,regression,tabularaml,2,1200,985,247,14,14,0,25.264782928577777,rmse,False,25.264782928577777,-0.0,268.10227155685425,0.008228302001953125,277.51607728004456,371.76171875,181,ok,,0.2.0,"{""mode"": ""medium"", ""elapsed_time"": 267.7528018951416, ""n_init_feats"": 14, ""n_added_feats"": 0, ""initial_metric"": null, ""final_metric"": 24.45283926080205, ""pct_gain"": 0.02005687473858277}"
361235,airfoil_self_noise,openml_task,ctr23,regression,tabularaml,1,1200,1202,301,5,11,6,1.2946614416528108,rmse,False,1.239333997257166,-0.044642884418641685,72.84174823760986,0.010717391967773438,82.89928889274597,372.57421875,1805,ok,,0.2.0,"{""mode"": ""medium"", ""elapsed_time"": 72.57736253738403, ""n_init_feats"": 5, ""n_added_feats"": 6, ""initial_metric"": null, ""final_metric"": 1.7373013229140568, ""pct_gain"": 0.15176937282422073}"
361235,airfoil_self_noise,openml_task,ctr23,regression,tabularaml,3,1200,1202,301,5,11,6,1.6574585045069343,rmse,False,1.708973422780294,0.030143779643776476,27.411454439163208,0.012238502502441406,38.89783573150635,368.74609375,1997,ok,,0.2.0,"{""mode"": ""medium"", ""elapsed_time"": 27.1517276763916, ""n_init_feats"": 5, ""n_added_feats"": 6, ""initial_metric"": null, ""final_metric"": 1.7545854923621729, ""pct_gain"": 0.12597936409144603}"
1193_BNG_lowbwt,BNG-lowbwt,pmlb,pmlb,regression,tabularaml,1,1200,,,,,,,,,,,,,1380,,,timeout,wall-clock exceeded 1380s,,
1193_BNG_lowbwt,BNG-lowbwt,pmlb,pmlb,regression,tabularaml,3,1200,,,,,,,,,,,,,1380,,,timeout,wall-clock exceeded 1380s,,
connect_4,connect-4,pmlb,stress_test,classification,tabularaml,4,1200,54045,13512,42,51,9,0.3658880749191587,categorical_crossentropy,False,0.3764897829091438,0.028159351119877697,946.3304448127747,0.0263059139251709,994.992981672287,694.109375,1998,ok,,0.2.0,"{""mode"": ""medium"", ""elapsed_time"": 923.0783598423004, ""n_init_feats"": 42, ""n_added_feats"": 9, ""initial_metric"": null, ""final_metric"": 0.4721363777375108, ""pct_gain"": 0.029286041253230026}"
1193_BNG_lowbwt,BNG-lowbwt,pmlb,pmlb,regression,tabularaml,4,1200,,,,,,,,,,,,,1380,,,timeout,wall-clock exceeded 1380s,,
581_fri_c3_500_25,Friedman-c3,pmlb,pmlb,regression,tabularaml,2,1200,,,,,,,,,,,,,1380,,,timeout,wall-clock exceeded 1380s,,
361250,red_wine,openml_task,ctr23,regression,tabularaml,0,1200,1279,320,11,17,6,0.5657312430370378,rmse,False,0.5913294144182394,0.043289190013294905,95.92373871803284,0.010264158248901367,133.16233205795288,346.1640625,444,ok,,0.2.0,"{""mode"": ""medium"", ""elapsed_time"": 95.57611727714539, ""n_init_feats"": 11, ""n_added_feats"": 6, ""initial_metric"": null, ""final_metric"": 0.5947013583879175, ""pct_gain"": 0.04116007973252347}"
connect_4,connect-4,pmlb,stress_test,classification,tabularaml,3,1200,54045,13512,42,53,11,0.35644292392443927,categorical_crossentropy,False,0.37116304258779775,0.039659440661785374,1035.344354391098,0.030461788177490234,1087.7078697681427,694.37109375,1996,ok,,0.2.0,"{""mode"": ""medium"", ""elapsed_time"": 915.5322670936584, ""n_init_feats"": 42, ""n_added_feats"": 11, ""initial_metric"": null, ""final_metric"": 0.4695337802296221, ""pct_gain"": 0.03306881207486937}"
361250,red_wine,openml_task,ctr23,regression,tabularaml,3,1200,1279,320,11,21,10,0.5473499883392049,rmse,False,0.5434149812603648,-0.007241256156967677,95.3586699962616,0.27422165870666504,100.9542624950409,351.6875,187,ok,,0.2.0,"{""mode"": ""medium"", ""elapsed_time"": 94.10579991340637, ""n_init_feats"": 11, ""n_added_feats"": 10, ""initial_metric"": null, ""final_metric"": 0.6156556762383849, ""pct_gain"": 0.03407179310407061}"
361250,red_wine,openml_task,ctr23,regression,tabularaml,2,1200,1279,320,11,23,12,0.6191659007864154,rmse,False,0.6250169240140602,0.009361383672729356,128.23831486701965,0.021424531936645508,146.9779372215271,352.47265625,43,ok,,0.2.0,"{""mode"": ""medium"", ""elapsed_time"": 126.98267102241516, ""n_init_feats"": 11, ""n_added_feats"": 12, ""initial_metric"": null, ""final_metric"": 0.5732264863562659, ""pct_gain"": 0.048159988839567784}"
connect_4,connect-4,pmlb,stress_test,classification,tabularaml,0,1200,54045,13512,42,55,13,0.3598225338878546,categorical_crossentropy,False,,,1124.5876061916351,0.03374004364013672,1188.1860406398773,700.7421875,1999,ok,,0.2.0,"{""mode"": ""medium"", ""elapsed_time"": 923.9415338039398, ""n_init_feats"": 42, ""n_added_feats"": 13, ""initial_metric"": null, ""final_metric"": 0.46890825753769255, ""pct_gain"": 0.03613209360238799}"
361622,cars,openml_task,ctr23,regression,tabularaml,0,1200,643,161,17,31,14,2406.6042208034205,rmse,False,2422.1971062786147,0.00643749653352967,96.35388898849487,0.017453908920288086,100.98485779762268,342.9375,119,ok,,0.2.0,"{""mode"": ""medium"", ""elapsed_time"": 94.59241080284119, ""n_init_feats"": 17, ""n_added_feats"": 14, ""initial_metric"": null, ""final_metric"": 2447.732389004499, ""pct_gain"": 0.07520747990300121}"
361622,cars,openml_task,ctr23,regression,tabularaml,2,1200,643,161,17,37,20,2276.419164693126,rmse,False,2258.2078530791955,-0.008064497512528865,89.7373538017273,0.026590585708618164,96.56255102157593,344.26953125,55,ok,,0.2.0,"{""mode"": ""medium"", ""elapsed_time"": 86.75637483596802, ""n_init_feats"": 17, ""n_added_feats"": 20, ""initial_metric"": null, ""final_metric"": 2308.8371957941285, ""pct_gain"": 0.07331173597707588}"
361622,cars,openml_task,ctr23,regression,tabularaml,3,1200,643,161,17,27,10,2205.286681838411,rmse,False,2469.5495814814703,0.10700854181049868,73.78125953674316,0.010772705078125,83.44931268692017,345.96484375,62,ok,,0.2.0,"{""mode"": ""medium"", ""elapsed_time"": 72.2900459766388, ""n_init_feats"": 17, ""n_added_feats"": 10, ""initial_metric"": null, ""final_metric"": 2467.0911916171826, ""pct_gain"": 0.0777164749186217}"
361622,cars,openml_task,ctr23,regression,tabularaml,1,1200,643,161,17,34,17,2156.6158882570203,rmse,False,,,134.59291124343872,0.027025938034057617,153.07922291755676,346.22265625,161,ok,,0.2.0,"{""mode"": ""medium"", ""elapsed_time"": 134.04032135009766, ""n_init_feats"": 17, ""n_added_feats"": 17, ""initial_metric"": null, ""final_metric"": 2450.234845760532, ""pct_gain"": 0.041165044748824216}"
361250,red_wine,openml_task,ctr23,regression,tabularaml,4,1200,1279,320,11,20,9,0.5521058654932907,rmse,False,0.5555582293144462,0.006214224970469309,164.44742035865784,0.013965845108032227,206.69119143486023,351.25390625,164,ok,,0.2.0,"{""mode"": ""medium"", ""elapsed_time"": 164.0959930419922, ""n_init_feats"": 11, ""n_added_feats"": 9, ""initial_metric"": null, ""final_metric"": 0.6103163088871, ""pct_gain"": 0.0503564104270111}"
361622,cars,openml_task,ctr23,regression,tabularaml,4,1200,643,161,17,32,15,2320.444056690132,rmse,False,2243.665111864324,-0.03422032299731682,116.5614082813263,0.024981260299682617,134.67619156837463,342.16796875,97,ok,,0.2.0,"{""mode"": ""medium"", ""elapsed_time"": 114.40993309020996, ""n_init_feats"": 17, ""n_added_feats"": 15, ""initial_metric"": null, ""final_metric"": 2537.5364158083853, ""pct_gain"": 0.05877926869826389}"
361235,airfoil_self_noise,openml_task,ctr23,regression,tabularaml,4,1200,1202,301,5,11,6,1.314592635806079,rmse,False,1.285363462475516,-0.022740006374749395,28.78381609916687,0.013101816177368164,326.449471950531,369.9765625,1997,ok,,0.2.0,"{""mode"": ""medium"", ""elapsed_time"": 28.522109270095825, ""n_init_feats"": 5, ""n_added_feats"": 6, ""initial_metric"": null, ""final_metric"": 1.7527102521459934, ""pct_gain"": 0.1652294895836231}"
yeast,yeast,pmlb,stress_test,multiclass,tabularaml,0,1200,,,,,,,,,,,,,1380,,,timeout,wall-clock exceeded 1380s,,
yeast,yeast,pmlb,stress_test,multiclass,tabularaml,4,1200,,,,,,,,,,,,,1380,,,timeout,wall-clock exceeded 1380s,,
monk2,monk2,pmlb,stress_test,classification,tabularaml,1,1200,,,,,,,,,,,,,1380,,,timeout,wall-clock exceeded 1380s,,
361623,space_ga,openml_task,ctr23,regression,tabularaml,2,1200,2485,622,6,13,7,0.133542046559226,rmse,False,0.14318581752146084,0.06735143975267958,19.32645893096924,0.00969076156616211,28.157246589660645,345.05859375,49,ok,,0.2.0,"{""mode"": ""medium"", ""elapsed_time"": 18.737046241760254, ""n_init_feats"": 6, ""n_added_feats"": 7, ""initial_metric"": null, ""final_metric"": 0.10909340169070196, ""pct_gain"": 0.08187641051587453}"
monk2,monk2,pmlb,stress_test,classification,tabularaml,3,1200,,,,,,,,,,,,,1380,,,timeout,wall-clock exceeded 1380s,,
361623,space_ga,openml_task,ctr23,regression,tabularaml,3,1200,2485,622,6,13,7,0.11389632111699181,rmse,False,0.1359909050396885,0.16247104110564198,28.374624013900757,0.009570121765136719,45.462501525878906,347.4609375,213,ok,,0.2.0,"{""mode"": ""medium"", ""elapsed_time"": 27.826441049575806, ""n_init_feats"": 6, ""n_added_feats"": 7, ""initial_metric"": null, ""final_metric"": 0.10505828387548517, ""pct_gain"": 0.0775054885300833}"
connect_4,connect-4,pmlb,stress_test,classification,tabularaml,1,1200,,,,,,,,,,,,,1380,,,timeout,wall-clock exceeded 1380s,,
361623,space_ga,openml_task,ctr23,regression,tabularaml,1,1200,2485,622,6,13,7,0.11524077384319517,rmse,False,,,68.14294385910034,0.010933160781860352,86.59476470947266,347.796875,133,ok,,0.2.0,"{""mode"": ""medium"", ""elapsed_time"": 67.56209826469421, ""n_init_feats"": 6, ""n_added_feats"": 7, ""initial_metric"": null, ""final_metric"": 0.09621034016473842, ""pct_gain"": 0.09993807000320871}"
connect_4,connect-4,pmlb,stress_test,classification,tabularaml,2,1200,,,,,,,,,,,,,1380,,,timeout,wall-clock exceeded 1380s,,
361623,space_ga,openml_task,ctr23,regression,tabularaml,4,1200,2485,622,6,13,7,0.12973294966961427,rmse,False,0.1403644904915352,0.07574238174263943,63.541860580444336,0.010049819946289062,115.44426655769348,351.43359375,125,ok,,0.2.0,"{""mode"": ""medium"", ""elapsed_time"": 62.97031307220459, ""n_init_feats"": 6, ""n_added_feats"": 7, ""initial_metric"": null, ""final_metric"": 0.09454929672802012, ""pct_gain"": 0.09847177309064982}"
361236,auction_verification,openml_task,ctr23,regression,tabularaml,1,1200,1634,409,7,2958,2951,397.3171047525423,rmse,False,357.9549782401087,-0.10996390301919574,233.6270399093628,16.58079171180725,292.40710186958313,574.71875,734,ok,,0.2.0,"{""mode"": ""medium"", ""elapsed_time"": 168.46550464630127, ""n_init_feats"": 7, ""n_added_feats"": 17, ""initial_metric"": null, ""final_metric"": 1223.038625959814, ""pct_gain"": 0.11777590074080135}"
361617,energy_efficiency,openml_task,ctr23,regression,tabularaml,4,1200,614,154,8,17,9,0.3844232452130299,rmse,False,0.36549000398506015,-0.0518023503284201,26.122546911239624,0.012873172760009766,1052.6486847400665,345.3671875,315,ok,,0.2.0,"{""mode"": ""medium"", ""elapsed_time"": 25.962756872177124, ""n_init_feats"": 8, ""n_added_feats"": 9, ""initial_metric"": null, ""final_metric"": 0.5106598365293501, ""pct_gain"": 0.14692596481034703}"
361234,abalone,openml_task,ctr23,regression,tabularaml,2,1200,3341,836,8,18,10,2.240625023895327,rmse,False,2.2851261340002234,0.019474246713460354,186.68114352226257,0.022408246994018555,189.61268424987793,360.890625,62,ok,,0.2.0,"{""mode"": ""medium"", ""elapsed_time"": 185.8204538822174, ""n_init_feats"": 8, ""n_added_feats"": 10, ""initial_metric"": null, ""final_metric"": 2.1665352817114845, ""pct_gain"": 0.027978211597312945}"
361234,abalone,openml_task,ctr23,regression,tabularaml,3,1200,3341,836,8,13,5,2.089482433356746,rmse,False,2.143613290591695,0.025252156008049132,199.63710069656372,0.015528202056884766,202.47728037834167,354.95703125,66,ok,,0.2.0,"{""mode"": ""medium"", ""elapsed_time"": 198.88506817817688, ""n_init_feats"": 8, ""n_added_feats"": 5, ""initial_metric"": null, ""final_metric"": 2.1342053828540535, ""pct_gain"": 0.03560647911057721}"
361269,health_insurance,openml_task,ctr23,regression,tabularaml,3,1200,17817,4455,11,13,2,14.435228420023185,rmse,False,14.419612899623665,-0.0010829361722967583,751.2289683818817,0.029002666473388672,760.6846513748169,387.6171875,97,ok,,0.2.0,"{""mode"": ""medium"", ""elapsed_time"": 748.2241547107697, ""n_init_feats"": 11, ""n_added_feats"": 2, ""initial_metric"": null, ""final_metric"": 14.60731513238839, ""pct_gain"": 0.0}"
361618,forest_fires,openml_task,ctr23,regression,tabularaml,3,1200,,,,,,,,,,,,,1380,,,timeout,wall-clock exceeded 1380s,,
361249,white_wine,openml_task,ctr23,regression,tabularaml,0,1200,3918,980,11,18,7,0.6958953431809415,rmse,False,0.6836595162800649,-0.01789754491746747,211.293194770813,0.019450902938842773,221.57245421409607,373.3828125,498,ok,,0.2.0,"{""mode"": ""medium"", ""elapsed_time"": 210.56198644638062, ""n_init_feats"": 11, ""n_added_feats"": 7, ""initial_metric"": null, ""final_metric"": 0.6410389024691473, ""pct_gain"": 0.023213274884311956}"
361249,white_wine,openml_task,ctr23,regression,tabularaml,1,1200,3918,980,11,19,8,0.610116472397342,rmse,False,0.5994102260640205,-0.017861300771632185,257.55226373672485,0.01452326774597168,266.77499175071716,376.35546875,742,ok,,0.2.0,"{""mode"": ""medium"", ""elapsed_time"": 256.81416368484497, ""n_init_feats"": 11, ""n_added_feats"": 8, ""initial_metric"": null, ""final_metric"": 0.651268575641992, ""pct_gain"": 0.03422172089710794}"
361258,kin8nm,openml_task,ctr23,regression,tabularaml,0,1200,6553,1639,8,17,9,0.09789608171002208,rmse,False,0.1160065106702013,0.15611562536921703,58.36537766456604,0.014379024505615234,70.28135132789612,371.5703125,1047,ok,,0.2.0,"{""mode"": ""medium"", ""elapsed_time"": 57.007508754730225, ""n_init_feats"": 8, ""n_added_feats"": 9, ""initial_metric"": null, ""final_metric"": 0.10665607720078654, ""pct_gain"": 0.1927873547046094}"
361619,student_performance,openml_task,ctr23,regression,tabularaml,1,1200,,,,,,,,,,,,,1380,,,timeout,wall-clock exceeded 1380s,,
361616,Moneyball,openml_task,ctr23,regression,tabularaml,0,1200,985,247,14,357,343,26.06886514464882,rmse,False,25.46265238302655,-0.02380791884927011,1019.4122908115387,1.562903642654419,1032.394522190094,403.15234375,192,ok,,0.2.0,"{""mode"": ""medium"", ""elapsed_time"": 992.0905086994171, ""n_init_feats"": 14, ""n_added_feats"": 343, ""initial_metric"": null, ""final_metric"": 24.2589145779471, ""pct_gain"": 0.00664112192196977}"
361249,white_wine,openml_task,ctr23,regression,tabularaml,2,1200,3918,980,11,21,10,0.6308351917139031,rmse,False,0.6249850944762445,-0.009360378814411827,294.71231412887573,0.022340774536132812,299.747994184494,384.75390625,759,ok,,0.2.0,"{""mode"": ""medium"", ""elapsed_time"": 293.5062508583069, ""n_init_feats"": 11, ""n_added_feats"": 10, ""initial_metric"": null, ""final_metric"": 0.6472316083320789, ""pct_gain"": 0.01452080497978272}"
361269,health_insurance,openml_task,ctr23,regression,tabularaml,1,1200,17817,4455,11,15,4,14.41095837841368,rmse,False,14.387111879216642,-0.0016574903564548214,911.5579025745392,0.0531163215637207,914.3228571414948,394.0625,91,ok,,0.2.0,"{""mode"": ""medium"", ""elapsed_time"": 907.7664520740509, ""n_init_feats"": 11, ""n_added_feats"": 4, ""initial_metric"": null, ""final_metric"": 14.551086126043282, ""pct_gain"": -0.001512363791910069}"
361269,health_insurance,openml_task,ctr23,regression,tabularaml,2,1200,17817,4455,11,12,1,14.518396559468968,rmse,False,14.503672455738148,-0.0010151983075841733,914.3383226394653,0.047536373138427734,924.5062725543976,387.79296875,87,ok,,0.2.0,"{""mode"": ""medium"", ""elapsed_time"": 910.7142109870911, ""n_init_feats"": 11, ""n_added_feats"": 1, ""initial_metric"": null, ""final_metric"": 14.481389270536866, ""pct_gain"": 0.0}"
361258,kin8nm,openml_task,ctr23,regression,tabularaml,1,1200,6553,1639,8,17,9,0.09874828717929066,rmse,False,0.11261788614985815,0.12315627157227518,83.99714255332947,0.015624284744262695,98.94799995422363,389.12890625,1830,ok,,0.2.0,"{""mode"": ""medium"", ""elapsed_time"": 82.5680775642395, ""n_init_feats"": 8, ""n_added_feats"": 9, ""initial_metric"": null, ""final_metric"": 0.11351041418367577, ""pct_gain"": 0.1471320583682743}"
361269,health_insurance,openml_task,ctr23,regression,tabularaml,4,1200,17817,4455,11,15,4,14.497802765207714,rmse,False,14.493771711388797,-0.0002781231758845274,905.6936411857605,0.05118846893310547,909.4724049568176,401.80078125,123,ok,,0.2.0,"{""mode"": ""medium"", ""elapsed_time"": 901.868730545044, ""n_init_feats"": 11, ""n_added_feats"": 4, ""initial_metric"": null, ""final_metric"": 14.528870656496286, ""pct_gain"": 0.0008032930521220149}"
361619,student_performance,openml_task,ctr23,regression,tabularaml,4,1200,,,,,,,,,,,,,1380,,,timeout,wall-clock exceeded 1380s,,
361616,Moneyball,openml_task,ctr23,regression,tabularaml,1,1200,985,247,14,356,342,26.302009667894918,rmse,False,,,1113.7735047340393,1.4687347412109375,1122.3176963329315,403.22265625,142,ok,,0.2.0,"{""mode"": ""medium"", ""elapsed_time"": 1087.6848170757294, ""n_init_feats"": 14, ""n_added_feats"": 342, ""initial_metric"": null, ""final_metric"": 23.355861724617686, ""pct_gain"": 0.026464658311476576}"
361258,kin8nm,openml_task,ctr23,regression,tabularaml,3,1200,6553,1639,8,17,9,0.09675380561412901,rmse,False,0.113024037723791,0.14395373265130823,31.897529125213623,0.016261816024780273,88.12664222717285,373.3671875,1381,ok,,0.2.0,"{""mode"": ""medium"", ""elapsed_time"": 30.47824192047119, ""n_init_feats"": 8, ""n_added_feats"": 9, ""initial_metric"": null, ""final_metric"": 0.11666953810337066, ""pct_gain"": 0.12345082349842273}"
361617,energy_efficiency,openml_task,ctr23,regression,tabularaml,2,1200,,,,,,,,,,,,,1380,,,timeout,wall-clock exceeded 1380s,,
361269,health_insurance,openml_task,ctr23,regression,tabularaml,0,1200,17817,4455,11,15,4,14.533793598391767,rmse,False,14.527705375012646,-0.0004190767379956049,596.4669232368469,0.029169321060180664,1079.3657264709473,395.59765625,87,ok,,0.2.0,"{""mode"": ""medium"", ""elapsed_time"": 593.3684105873108, ""n_init_feats"": 11, ""n_added_feats"": 4, ""initial_metric"": null, ""final_metric"": 14.533410967237756, ""pct_gain"": -0.001173670556058115}"
361621,QSAR_fish_toxicity,openml_task,ctr23,regression,tabularaml,4,1200,,,,,,,,,,,,,1380,,,timeout,wall-clock exceeded 1380s,,
361234,abalone,openml_task,ctr23,regression,tabularaml,0,1200,3341,836,8,15,7,2.2055932496605744,rmse,False,2.177743203631897,-0.012788489470306126,207.90327668190002,0.016268253326416016,652.4517004489899,357.34765625,63,ok,,0.2.0,"{""mode"": ""medium"", ""elapsed_time"": 207.2041130065918, ""n_init_feats"": 8, ""n_added_feats"": 7, ""initial_metric"": null, ""final_metric"": 2.2031467295755904, ""pct_gain"": 0.012661571164393868}"
361250,red_wine,openml_task,ctr23,regression,tabularaml,1,1200,1279,320,11,20,9,0.5912321213348628,rmse,False,0.5758393441333606,-0.026731027253214853,160.14065027236938,0.02019643783569336,1010.2908709049225,355.03125,438,ok,,0.2.0,"{""mode"": ""medium"", ""elapsed_time"": 159.0896816253662, ""n_init_feats"": 11, ""n_added_feats"": 9, ""initial_metric"": null, ""final_metric"": 0.6246391013689208, ""pct_gain"": 0.009920345034698144}"
361237,concrete_strength,openml_task,ctr23,regression,tabularaml,4,1200,,,,,,,,,,,,,1380,,,timeout,wall-clock exceeded 1380s,,
361236,auction_verification,openml_task,ctr23,regression,tabularaml,4,1200,1634,409,7,1484,1477,353.9694474723863,rmse,False,359.3435467125116,0.014955324199615544,159.00256490707397,8.12706208229065,793.8834888935089,469.6015625,532,ok,,0.2.0,"{""mode"": ""medium"", ""elapsed_time"": 127.2799608707428, ""n_init_feats"": 7, ""n_added_feats"": 12, ""initial_metric"": null, ""final_metric"": 1406.4336764308728, ""pct_gain"": 0.19858291815712265}"
361616,Moneyball,openml_task,ctr23,regression,tabularaml,3,1200,,,,,,,,,,,,,1380,,,timeout,wall-clock exceeded 1380s,,
361616,Moneyball,openml_task,ctr23,regression,tabularaml,4,1200,,,,,,,,,,,,,1380,,,timeout,wall-clock exceeded 1380s,,
361259,pumadyn32nh,openml_task,ctr23,regression,tabularaml,1,1200,6553,1639,32,36,4,0.021706882465732526,rmse,False,0.021645121526837775,-0.0028533422100760104,445.6930773258209,0.020981311798095703,448.9436991214752,395.1875,63,ok,,0.2.0,"{""mode"": ""medium"", ""elapsed_time"": 439.85571694374084, ""n_init_feats"": 32, ""n_added_feats"": 4, ""initial_metric"": null, ""final_metric"": 0.021835969760669843, ""pct_gain"": 0.005570497125785054}"
361264,socmob,openml_task,ctr23,regression,tabularaml,2,1200,924,232,5,15,10,28.374899009074586,rmse,False,,,56.14368677139282,0.030665159225463867,59.58897280693054,342.15234375,20,ok,,0.2.0,"{""mode"": ""medium"", ""elapsed_time"": 55.676618337631226, ""n_init_feats"": 5, ""n_added_feats"": 10, ""initial_metric"": null, ""final_metric"": 14.772436919473847, ""pct_gain"": 0.10591626663648425}"
361259,pumadyn32nh,openml_task,ctr23,regression,tabularaml,0,1200,6553,1639,32,35,3,0.0213087029360901,rmse,False,0.021355269191365,0.002180551078875131,509.016154050827,0.009380102157592773,519.5453596115112,389.88671875,74,ok,,0.2.0,"{""mode"": ""medium"", ""elapsed_time"": 506.3301465511322, ""n_init_feats"": 32, ""n_added_feats"": 3, ""initial_metric"": null, ""final_metric"": 0.021968734362584168, ""pct_gain"": 0.002359178248627984}"
361234,abalone,openml_task,ctr23,regression,tabularaml,1,1200,3341,836,8,17,9,2.0572150741030395,rmse,False,2.1547613340357454,0.0452700994731548,165.74072408676147,0.02178812026977539,990.8606493473053,354.7734375,90,ok,,0.2.0,"{""mode"": ""medium"", ""elapsed_time"": 164.99472737312317, ""n_init_feats"": 8, ""n_added_feats"": 9, ""initial_metric"": null, ""final_metric"": 2.169282560572455, ""pct_gain"": 0.024285784120173962}"
361243,music_origin,openml_task,ctr23,regression,tabularaml,1,1200,847,212,116,132,16,18.305599467671467,rmse,False,18.127174920210038,-0.009842931854897189,889.3000543117523,0.03161334991455078,895.3622000217438,361.10546875,107,ok,,0.2.0,"{""mode"": ""medium"", ""elapsed_time"": 884.7070693969727, ""n_init_feats"": 116, ""n_added_feats"": 16, ""initial_metric"": null, ""final_metric"": 14.699884936502846, ""pct_gain"": 0.03625330302499871}"
361243,music_origin,openml_task,ctr23,regression,tabularaml,2,1200,847,212,116,127,11,16.230287653313695,rmse,False,16.66930032011704,0.026336598319818428,915.1172711849213,0.024112939834594727,924.5058510303497,364.3359375,103,ok,,0.2.0,"{""mode"": ""medium"", ""elapsed_time"": 910.6655216217041, ""n_init_feats"": 116, ""n_added_feats"": 11, ""initial_metric"": null, ""final_metric"": 15.378160891260364, ""pct_gain"": 0.050980326629994216}"
361264,socmob,openml_task,ctr23,regression,tabularaml,3,1200,924,232,5,305,300,21.85590369720671,rmse,False,20.99947311381067,-0.04078343198205263,180.34673476219177,1.259831190109253,194.34785437583923,365.79296875,430,ok,,0.2.0,"{""mode"": ""medium"", ""elapsed_time"": 175.93884110450745, ""n_init_feats"": 5, ""n_added_feats"": 10, ""initial_metric"": null, ""final_metric"": 14.773877662863118, ""pct_gain"": 0.03809679372175083}"
361243,music_origin,openml_task,ctr23,regression,tabularaml,3,1200,847,212,116,136,20,17.541960617203355,rmse,False,16.940780373483385,-0.03548716354654885,932.611741065979,0.033679962158203125,944.868730545044,364.79296875,75,ok,,0.2.0,"{""mode"": ""medium"", ""elapsed_time"": 924.6106235980988, ""n_init_feats"": 116, ""n_added_feats"": 20, ""initial_metric"": null, ""final_metric"": 14.782194532248297, ""pct_gain"": 0.05579038478097459}"
361264,socmob,openml_task,ctr23,regression,tabularaml,0,1200,924,232,5,311,306,25.497453035481836,rmse,False,30.67049396798381,0.16866506740654344,332.9788932800293,1.4574227333068848,341.14404797554016,368.3515625,270,ok,,0.2.0,"{""mode"": ""medium"", ""elapsed_time"": 328.807740688324, ""n_init_feats"": 5, ""n_added_feats"": 8, ""initial_metric"": null, ""final_metric"": 12.30069389036308, ""pct_gain"": 0.030373833630792397}"
361236,auction_verification,openml_task,ctr23,regression,tabularaml,3,1200,1634,409,7,,,,,,,,,,1255.5823018550873,,,crash,ValueError: X does not contain the columns listed in cols,0.2.0,
361264,socmob,openml_task,ctr23,regression,tabularaml,4,1200,924,232,5,12,7,15.962605245116185,rmse,False,12.067811008334504,-0.3227423957909006,134.76597261428833,0.025538206100463867,208.03915548324585,344.4140625,24,ok,,0.2.0,"{""mode"": ""medium"", ""elapsed_time"": 134.29061031341553, ""n_init_feats"": 5, ""n_added_feats"": 7, ""initial_metric"": null, ""final_metric"": 16.449034820966737, ""pct_gain"": 0.05100308525595942}"
361256,cpu_activity,openml_task,ctr23,regression,tabularaml,3,1200,6553,1639,21,31,10,2.27482546796616,rmse,False,,,490.8827724456787,0.01532125473022461,501.80452728271484,390.15234375,303,ok,,0.2.0,"{""mode"": ""medium"", ""elapsed_time"": 487.2493441104889, ""n_init_feats"": 21, ""n_added_feats"": 10, ""initial_metric"": null, ""final_metric"": 2.231698590915731, ""pct_gain"": 0.08906435558086401}"
361236,auction_verification,openml_task,ctr23,regression,tabularaml,0,1200,,,,,,,,,,,,,1380,,,timeout,wall-clock exceeded 1380s,,
361236,auction_verification,openml_task,ctr23,regression,tabularaml,2,1200,,,,,,,,,,,,,1380,,,timeout,wall-clock exceeded 1380s,,
361623,space_ga,openml_task,ctr23,regression,tabularaml,0,1200,,,,,,,,,,,,,1380,,,timeout,wall-clock exceeded 1380s,,
361247,naval_propulsion,openml_task,ctr23,regression,tabularaml,0,1200,9547,2387,14,26,12,0.0008895732881270728,rmse,False,0.0010528835527647603,0.15510762249904284,227.1852366924286,0.027977466583251953,233.6487169265747,395.51171875,1114,ok,,0.2.0,"{""mode"": ""medium"", ""elapsed_time"": 222.24436950683594, ""n_init_feats"": 14, ""n_added_feats"": 12, ""initial_metric"": null, ""final_metric"": 0.000989959504310574, ""pct_gain"": 0.31379849215151595}"
361256,cpu_activity,openml_task,ctr23,regression,tabularaml,1,1200,6553,1639,21,27,6,2.903283920984383,rmse,False,2.817176500170878,-0.030565149470855722,661.9924914836884,0.025580167770385742,743.0384414196014,396.5546875,187,ok,,0.2.0,"{""mode"": ""medium"", ""elapsed_time"": 657.7797858715057, ""n_init_feats"": 21, ""n_added_feats"": 6, ""initial_metric"": null, ""final_metric"": 2.3385077238819507, ""pct_gain"": 0.00852480473667235}"
361234,abalone,openml_task,ctr23,regression,tabularaml,4,1200,,,,,,,,,,,,,1380,,,timeout,wall-clock exceeded 1380s,,
361247,naval_propulsion,openml_task,ctr23,regression,tabularaml,3,1200,9547,2387,14,22,8,0.0007441691392966194,rmse,False,0.0010559527310474678,0.2952628300336607,213.40143013000488,0.030587196350097656,219.93450593948364,389.234375,1156,ok,,0.2.0,"{""mode"": ""medium"", ""elapsed_time"": 208.18308877944946, ""n_init_feats"": 14, ""n_added_feats"": 8, ""initial_metric"": null, ""final_metric"": 0.0009237702010397138, ""pct_gain"": 0.36232329103929606}"
361249,white_wine,openml_task,ctr23,regression,tabularaml,3,1200,,,,,,,,,,,,,1380,,,timeout,wall-clock exceeded 1380s,,
361247,naval_propulsion,openml_task,ctr23,regression,tabularaml,1,1200,9547,2387,14,24,10,0.0008686757385714684,rmse,False,0.0009852558497326456,0.11832470844279872,319.755756855011,0.022954463958740234,323.5076684951782,394.20703125,890,ok,,0.2.0,"{""mode"": ""medium"", ""elapsed_time"": 315.1091914176941, ""n_init_feats"": 14, ""n_added_feats"": 10, ""initial_metric"": null, ""final_metric"": 0.0010031283016266788, ""pct_gain"": 0.30388690703401217}"
361259,pumadyn32nh,openml_task,ctr23,regression,tabularaml,4,1200,6553,1639,32,37,5,0.020919326267654907,rmse,False,0.021143928245528645,0.01062252838098972,924.094110250473,0.022894620895385742,927.7132701873779,400.140625,53,ok,,0.2.0,"{""mode"": ""medium"", ""elapsed_time"": 917.7766706943512, ""n_init_feats"": 32, ""n_added_feats"": 5, ""initial_metric"": null, ""final_metric"": 0.02187619906859619, ""pct_gain"": 0.008178721146668469}"
361249,white_wine,openml_task,ctr23,regression,tabularaml,4,1200,,,,,,,,,,,,,1380,,,timeout,wall-clock exceeded 1380s,,
361243,music_origin,openml_task,ctr23,regression,tabularaml,0,1200,,,,,,,,,,,,,1380,,,timeout,wall-clock exceeded 1380s,,
361267,brazilian_houses,openml_task,ctr23,regression,tabularaml,4,1200,8553,2139,9,21,12,2972.2138115551347,rmse,False,3594.2956559990093,0.17307475621978885,419.80943393707275,0.03834795951843262,428.8936216831207,379.0703125,41,ok,,0.2.0,"{""mode"": ""medium"", ""elapsed_time"": 417.9889795780182, ""n_init_feats"": 9, ""n_added_feats"": 12, ""initial_metric"": null, ""final_metric"": 12819.361106443579, ""pct_gain"": 0.050760027039855514}"
361247,naval_propulsion,openml_task,ctr23,regression,tabularaml,2,1200,9547,2387,14,19,5,0.0007665900636470069,rmse,False,0.001009224410513103,0.24041664503808197,279.19178342819214,0.012675285339355469,374.1752336025238,373.1953125,1011,ok,,0.2.0,"{""mode"": ""medium"", ""elapsed_time"": 277.6286549568176, ""n_init_feats"": 14, ""n_added_feats"": 5, ""initial_metric"": null, ""final_metric"": 0.0009637537324608137, ""pct_gain"": 0.31717141321774417}"
361243,music_origin,openml_task,ctr23,regression,tabularaml,4,1200,,,,,,,,,,,,,1380,,,timeout,wall-clock exceeded 1380s,,
361256,cpu_activity,openml_task,ctr23,regression,tabularaml,2,1200,6553,1639,21,39,18,2.303352287236381,rmse,False,2.29063999976164,-0.00554966624003083,902.7073571681976,0.032457828521728516,925.3454773426056,404.421875,314,ok,,0.2.0,"{""mode"": ""medium"", ""elapsed_time"": 897.1839208602905, ""n_init_feats"": 21, ""n_added_feats"": 18, ""initial_metric"": null, ""final_metric"": 2.2536539107194584, ""pct_gain"": 0.03484414100930711}"
361258,kin8nm,openml_task,ctr23,regression,tabularaml,2,1200,,,,,,,,,,,,,1380,,,timeout,wall-clock exceeded 1380s,,
361267,brazilian_houses,openml_task,ctr23,regression,tabularaml,2,1200,8553,2139,9,16,7,12121.918521771946,rmse,False,11651.949629003002,-0.04033392760290853,393.41909313201904,0.05038619041442871,729.9181365966797,364.1875,44,ok,,0.2.0,"{""mode"": ""medium"", ""elapsed_time"": 391.45870089530945, ""n_init_feats"": 9, ""n_added_feats"": 7, ""initial_metric"": null, ""final_metric"": 8685.817195242957, ""pct_gain"": 0.11768465836005172}"
361258,kin8nm,openml_task,ctr23,regression,tabularaml,4,1200,,,,,,,,,,,,,1380,,,timeout,wall-clock exceeded 1380s,,
361244,solar_flare,openml_task,ctr23,regression,tabularaml,0,1200,852,214,9,14,5,0.633121812177423,rmse,False,0.6275326416597077,-0.008906581342020752,241.81772899627686,0.028079986572265625,251.39064574241638,345.296875,6,ok,,0.2.0,"{""mode"": ""medium"", ""elapsed_time"": 241.38446068763733, ""n_init_feats"": 9, ""n_added_feats"": 5, ""initial_metric"": null, ""final_metric"": 0.8435216788870317, ""pct_gain"": 0.010196064706786832}"
361244,solar_flare,openml_task,ctr23,regression,tabularaml,2,1200,852,214,9,13,4,0.6273359436378466,rmse,False,,,214.357604265213,0.024631738662719727,223.9146580696106,345.56640625,30,ok,,0.2.0,"{""mode"": ""medium"", ""elapsed_time"": 213.96381282806396, ""n_init_feats"": 9, ""n_added_feats"": 4, ""initial_metric"": null, ""final_metric"": 0.8016617994036578, ""pct_gain"": 0.02988613658577036}"
361260,miami_housing,openml_task,ctr23,regression,tabularaml,2,1200,11145,2787,15,24,9,76490.01100218119,rmse,False,74326.7670683617,-0.02910450728779644,526.0437412261963,0.017444610595703125,535.4926040172577,419.94921875,826,ok,,0.2.0,"{""mode"": ""medium"", ""elapsed_time"": 522.2059881687164, ""n_init_feats"": 15, ""n_added_feats"": 9, ""initial_metric"": null, ""final_metric"": 94142.83965139696, ""pct_gain"": 0.009984960905215653}"
361244,solar_flare,openml_task,ctr23,regression,tabularaml,4,1200,852,214,9,10,1,0.7193397447373738,rmse,False,0.702299499006531,-0.024263502615262972,167.1452775001526,0.01690530776977539,174.34755396842957,343.9765625,2000,ok,,0.2.0,"{""mode"": ""medium"", ""elapsed_time"": 166.85747623443604, ""n_init_feats"": 9, ""n_added_feats"": 1, ""initial_metric"": null, ""final_metric"": 0.8364931887680175, ""pct_gain"": 0.014920933311051977}"
361259,pumadyn32nh,openml_task,ctr23,regression,tabularaml,2,1200,,,,,,,,,,,,,1380,,,timeout,wall-clock exceeded 1380s,,
361259,pumadyn32nh,openml_task,ctr23,regression,tabularaml,3,1200,,,,,,,,,,,,,1380,,,timeout,wall-clock exceeded 1380s,,
361260,miami_housing,openml_task,ctr23,regression,tabularaml,1,1200,11145,2787,15,32,17,83200.42499390332,rmse,False,82760.29173232896,-0.005318169527457436,555.0835163593292,0.023334503173828125,584.4119279384613,426.52734375,398,ok,,0.2.0,"{""mode"": ""medium"", ""elapsed_time"": 545.1932878494263, ""n_init_feats"": 15, ""n_added_feats"": 17, ""initial_metric"": null, ""final_metric"": 94688.09329076328, ""pct_gain"": -0.0005260705673199291}"
361260,miami_housing,openml_task,ctr23,regression,tabularaml,4,1200,11145,2787,15,25,10,91099.61082463102,rmse,False,88190.74822868052,-0.032983761385125765,471.1529133319855,0.01704716682434082,476.6268343925476,411.40234375,407,ok,,0.2.0,"{""mode"": ""medium"", ""elapsed_time"": 462.40537905693054, ""n_init_feats"": 15, ""n_added_feats"": 10, ""initial_metric"": null, ""final_metric"": 92457.38668335881, ""pct_gain"": 0.029069297617609926}"
361256,cpu_activity,openml_task,ctr23,regression,tabularaml,0,1200,,,,,,,,,,,,,1380,,,timeout,wall-clock exceeded 1380s,,
361260,miami_housing,openml_task,ctr23,regression,tabularaml,0,1200,11145,2787,15,24,9,83129.79340358455,rmse,False,81836.91845938421,-0.01579818703513381,745.6284718513489,0.013338088989257812,765.4614086151123,436.1796875,521,ok,,0.2.0,"{""mode"": ""medium"", ""elapsed_time"": 742.1505365371704, ""n_init_feats"": 15, ""n_added_feats"": 9, ""initial_metric"": null, ""final_metric"": 93458.10146228234, ""pct_gain"": 0.01620279300373585}"
361255,california_housing,openml_task,ctr23,regression,tabularaml,0,1200,16512,4128,8,17,9,41365.74737468432,rmse,False,44111.22085081778,0.0622397980191601,96.57996845245361,0.01592540740966797,111.31121802330017,386.27734375,952,ok,,0.2.0,"{""mode"": ""medium"", ""elapsed_time"": 92.75705742835999, ""n_init_feats"": 8, ""n_added_feats"": 9, ""initial_metric"": null, ""final_metric"": 45630.87890966673, ""pct_gain"": 0.05593335443175425}"
361254,sarcos,openml_task,ctr23,regression,tabularaml,3,1200,39146,9787,21,21,0,2.332981726923865,rmse,False,2.332981726923865,-0.0,153.35814833641052,0.0042722225189208984,191.3026638031006,482.33203125,1998,ok,,0.2.0,"{""mode"": ""medium"", ""elapsed_time"": 142.65012407302856, ""n_init_feats"": 21, ""n_added_feats"": 0, ""initial_metric"": null, ""final_metric"": 3.6340482318760814, ""pct_gain"": 0.0}"
361256,cpu_activity,openml_task,ctr23,regression,tabularaml,4,1200,6553,1639,21,35,14,2.294573183240276,rmse,False,2.2533502767873115,-0.01829405169609833,498.92624592781067,0.02397751808166504,1302.808453321457,388.83984375,212,ok,,0.2.0,"{""mode"": ""medium"", ""elapsed_time"": 494.0654067993164, ""n_init_feats"": 21, ""n_added_feats"": 14, ""initial_metric"": null, ""final_metric"": 2.2988356455361174, ""pct_gain"": 0.028033428358573205}"
361244,solar_flare,openml_task,ctr23,regression,tabularaml,1,1200,852,214,9,17,8,0.7433635605756846,rmse,False,0.7501597138644418,0.009059608458239948,622.4576954841614,0.053041696548461914,625.058735370636,342.72265625,12,ok,,0.2.0,"{""mode"": ""medium"", ""elapsed_time"": 621.7164278030396, ""n_init_feats"": 9, ""n_added_feats"": 8, ""initial_metric"": null, ""final_metric"": 0.8289909027068388, ""pct_gain"": 0.015059131606881203}"
361264,socmob,openml_task,ctr23,regression,tabularaml,1,1200,,,,,,,,,,,,,1380,,,timeout,wall-clock exceeded 1380s,,
361255,california_housing,openml_task,ctr23,regression,tabularaml,4,1200,16512,4128,8,17,9,42566.94997796753,rmse,False,,,176.14980912208557,0.023459196090698242,182.76476311683655,393.3359375,841,ok,,0.2.0,"{""mode"": ""medium"", ""elapsed_time"": 172.23250555992126, ""n_init_feats"": 8, ""n_added_feats"": 9, ""initial_metric"": null, ""final_metric"": 46372.39564906988, ""pct_gain"": 0.04227622362758344}"
361267,brazilian_houses,openml_task,ctr23,regression,tabularaml,0,1200,,,,,,,,,,,,,1380,,,timeout,wall-clock exceeded 1380s,,
361267,brazilian_houses,openml_task,ctr23,regression,tabularaml,1,1200,,,,,,,,,,,,,1380,,,timeout,wall-clock exceeded 1380s,,
361255,california_housing,openml_task,ctr23,regression,tabularaml,2,1200,16512,4128,8,16,8,44921.14549565928,rmse,False,46003.28373007682,0.023523065022205025,358.51997327804565,0.015463113784790039,369.163943529129,400.96484375,844,ok,,0.2.0,"{""mode"": ""medium"", ""elapsed_time"": 354.97114992141724, ""n_init_feats"": 8, ""n_added_feats"": 8, ""initial_metric"": null, ""final_metric"": 46709.0290313762, ""pct_gain"": 0.026936349827628915}"
361268,fps_benchmark,openml_task,ctr23,regression,tabularaml,3,1200,19699,4925,39,,,,,,,,,,912.1934480667114,,,crash,ValueError: X does not contain the columns listed in cols,0.2.0,
361267,brazilian_houses,openml_task,ctr23,regression,tabularaml,3,1200,,,,,,,,,,,,,1380,,,timeout,wall-clock exceeded 1380s,,
361247,naval_propulsion,openml_task,ctr23,regression,tabularaml,4,1200,,,,,,,,,,,,,1380,,,timeout,wall-clock exceeded 1380s,,
361254,sarcos,openml_task,ctr23,regression,tabularaml,0,1200,39146,9787,21,22,1,2.396307138021172,rmse,False,2.382620916511604,-0.005744187593889625,933.6757485866547,0.013747453689575195,971.3587019443512,522.8515625,1999,ok,,0.2.0,"{""mode"": ""medium"", ""elapsed_time"": 922.3979876041412, ""n_init_feats"": 21, ""n_added_feats"": 1, ""initial_metric"": null, ""final_metric"": 3.6276013062925268, ""pct_gain"": 0.0009908941816488472}"
361254,sarcos,openml_task,ctr23,regression,tabularaml,1,1200,39146,9787,21,33,12,2.435353234331303,rmse,False,2.4185738528188203,-0.0069377172389945485,932.2417702674866,0.04139280319213867,975.3893897533417,550.15625,1999,ok,,0.2.0,"{""mode"": ""medium"", ""elapsed_time"": 908.3443667888641, ""n_init_feats"": 21, ""n_added_feats"": 12, ""initial_metric"": null, ""final_metric"": 3.5549843719746432, ""pct_gain"": 0.021479502812899204}"
361260,miami_housing,openml_task,ctr23,regression,tabularaml,3,1200,,,,,,,,,,,,,1380,,,timeout,wall-clock exceeded 1380s,,
361268,fps_benchmark,openml_task,ctr23,regression,tabularaml,0,1200,,,,,,,,,,,,,1380,,,timeout,wall-clock exceeded 1380s,,
361268,fps_benchmark,openml_task,ctr23,regression,tabularaml,1,1200,,,,,,,,,,,,,1380,,,timeout,wall-clock exceeded 1380s,,
361268,fps_benchmark,openml_task,ctr23,regression,tabularaml,2,1200,,,,,,,,,,,,,1380,,,timeout,wall-clock exceeded 1380s,,
361254,sarcos,openml_task,ctr23,regression,tabularaml,4,1200,39146,9787,21,32,11,2.3859699153150227,rmse,False,2.3845787716343225,-0.0005833917911408296,937.8039338588715,0.0301206111907959,999.1132800579071,544.5390625,1998,ok,,0.2.0,"{""mode"": ""medium"", ""elapsed_time"": 919.2003479003906, ""n_init_feats"": 21, ""n_added_feats"": 11, ""initial_metric"": null, ""final_metric"": 3.612121157361405, ""pct_gain"": 0.00845261053038541}"
361268,fps_benchmark,openml_task,ctr23,regression,tabularaml,4,1200,,,,,,,,,,,,,1380,,,timeout,wall-clock exceeded 1380s,,
361244,solar_flare,openml_task,ctr23,regression,tabularaml,3,1200,,,,,,,,,,,,,1380,,,timeout,wall-clock exceeded 1380s,,
361254,sarcos,openml_task,ctr23,regression,tabularaml,2,1200,,,,,,,,,,,,,1380,,,timeout,wall-clock exceeded 1380s,,
361272,fifa,openml_task,ctr23,regression,tabularaml,2,1200,15342,3836,28,30,2,9800.669025861118,rmse,False,9989.946989366888,0.018946843632627317,943.918655872345,0.009529590606689453,949.5524713993073,416.671875,103,ok,,0.2.0,"{""mode"": ""medium"", ""elapsed_time"": 940.0092782974243, ""n_init_feats"": 28, ""n_added_feats"": 2, ""initial_metric"": null, ""final_metric"": 9287.824582180325, ""pct_gain"": 0.011041325253615028}"
361255,california_housing,openml_task,ctr23,regression,tabularaml,1,1200,16512,4128,8,17,9,44079.47941261498,rmse,False,45517.10877486391,0.03158437345745562,154.18340134620667,0.015943288803100586,1269.277838230133,390.94921875,444,ok,,0.2.0,"{""mode"": ""medium"", ""elapsed_time"": 150.43762588500977, ""n_init_feats"": 8, ""n_added_feats"": 9, ""initial_metric"": null, ""final_metric"": 46290.5695495105, ""pct_gain"": 0.04656297822579993}"
361272,fifa,openml_task,ctr23,regression,tabularaml,3,1200,15342,3836,28,35,7,14979.277402920066,rmse,False,9894.336302278285,-0.5139244255798052,907.5488092899323,0.02939319610595703,924.0783324241638,570.87890625,285,ok,,0.2.0,"{""mode"": ""medium"", ""elapsed_time"": 902.9055166244507, ""n_init_feats"": 28, ""n_added_feats"": 7, ""initial_metric"": null, ""final_metric"": 8990.712827494277, ""pct_gain"": -0.01401922183327834}"
361255,california_housing,openml_task,ctr23,regression,tabularaml,3,1200,,,,,,,,,,,,,1380,,,timeout,wall-clock exceeded 1380s,,
361242,superconductivity,openml_task,ctr23,regression,tabularaml,1,1200,17010,4253,81,81,0,9.554719290682906,rmse,False,,,293.2508487701416,0.008584737777709961,610.9081778526306,540.80078125,1076,ok,,0.2.0,"{""mode"": ""medium"", ""elapsed_time"": 280.2400908470154, ""n_init_feats"": 81, ""n_added_feats"": 0, ""initial_metric"": null, ""final_metric"": 10.619390700086006, ""pct_gain"": 0.0}"
361242,superconductivity,openml_task,ctr23,regression,tabularaml,0,1200,17010,4253,81,82,1,9.563199914484924,rmse,False,,,431.0063977241516,0.01731562614440918,626.8976473808289,539.1953125,1145,ok,,0.2.0,"{""mode"": ""medium"", ""elapsed_time"": 417.6712124347687, ""n_init_feats"": 81, ""n_added_feats"": 1, ""initial_metric"": null, ""final_metric"": 10.494566710160806, ""pct_gain"": -0.0001743575462663616}"
361241,physiochemical_protein,openml_task,ctr23,regression,tabularaml,0,1200,36584,9146,9,15,6,3.4843336089355037,rmse,False,,,205.67663836479187,0.027497053146362305,238.55831599235535,463.15625,1993,ok,,0.2.0,"{""mode"": ""medium"", ""elapsed_time"": 193.98006319999695, ""n_init_feats"": 9, ""n_added_feats"": 6, ""initial_metric"": null, ""final_metric"": 4.045703359995324, ""pct_gain"": 0.018676657744349394}"
361241,physiochemical_protein,openml_task,ctr23,regression,tabularaml,2,1200,36584,9146,9,14,5,3.6056298277751506,rmse,False,3.647872979462345,0.011580214531872366,118.4368166923523,0.02386164665222168,157.1399757862091,444.52734375,1999,ok,,0.2.0,"{""mode"": ""medium"", ""elapsed_time"": 107.54032635688782, ""n_init_feats"": 9, ""n_added_feats"": 5, ""initial_metric"": null, ""final_metric"": 4.058755015772758, ""pct_gain"": 0.01167398980882937}"
361272,fifa,openml_task,ctr23,regression,tabularaml,0,1200,,,,,,,,,,,,,1380,,,timeout,wall-clock exceeded 1380s,,
361272,fifa,openml_task,ctr23,regression,tabularaml,1,1200,,,,,,,,,,,,,1380,,,timeout,wall-clock exceeded 1380s,,
361241,physiochemical_protein,openml_task,ctr23,regression,tabularaml,3,1200,36584,9146,9,19,10,3.4520062784366483,rmse,False,3.6148420855411194,0.04504645106235549,118.58068418502808,0.02593064308166504,144.32994961738586,453.62109375,1999,ok,,0.2.0,"{""mode"": ""medium"", ""elapsed_time"": 110.46041917800903, ""n_init_feats"": 9, ""n_added_feats"": 10, ""initial_metric"": null, ""final_metric"": 3.9571652007798748, ""pct_gain"": 0.03414695414519971}"
361241,physiochemical_protein,openml_task,ctr23,regression,tabularaml,4,1200,36584,9146,9,17,8,3.3793371269073704,rmse,False,3.5662009063518867,0.0523985564334546,227.65099787712097,0.03146648406982422,251.86322450637817,465.43359375,1999,ok,,0.2.0,"{""mode"": ""medium"", ""elapsed_time"": 217.14247345924377, ""n_init_feats"": 9, ""n_added_feats"": 8, ""initial_metric"": null, ""final_metric"": 3.9221672688992024, ""pct_gain"": 0.04597292843651677}"
361272,fifa,openml_task,ctr23,regression,tabularaml,4,1200,,,,,,,,,,,,,1380,,,timeout,wall-clock exceeded 1380s,,
361266,kings_county,openml_task,ctr23,regression,tabularaml,0,1200,,,,,,,,,,,,,1380,,,timeout,wall-clock exceeded 1380s,,
361266,kings_county,openml_task,ctr23,regression,tabularaml,2,1200,17290,4323,21,21,0,122831.51253594612,rmse,False,122831.51253594612,-0.0,1177.0809965133667,0.008640289306640625,1199.3279600143433,904.19921875,346,ok,,0.2.0,"{""mode"": ""medium"", ""elapsed_time"": 1172.0832850933075, ""n_init_feats"": 21, ""n_added_feats"": 0, ""initial_metric"": null, ""final_metric"": 127595.33911940898, ""pct_gain"": 0.0}"
361261,cps88wages,openml_task,ctr23,regression,tabularaml,1,1200,22524,5631,6,10,4,398.06186946606846,rmse,False,398.3818333491238,0.0008031588196817218,682.6115024089813,0.05831575393676758,730.17382645607,373.5078125,40,ok,,0.2.0,"{""mode"": ""medium"", ""elapsed_time"": 678.3284132480621, ""n_init_feats"": 6, ""n_added_feats"": 4, ""initial_metric"": null, ""final_metric"": 379.83953495688945, ""pct_gain"": 0.0}"
361266,kings_county,openml_task,ctr23,regression,tabularaml,1,1200,17290,4323,21,22,1,165988.66694832064,rmse,False,167896.92699369488,0.011365663919780443,1310.44300365448,0.024661779403686523,1315.510153055191,905.6640625,313,ok,,0.2.0,"{""mode"": ""medium"", ""elapsed_time"": 1305.261116027832, ""n_init_feats"": 21, ""n_added_feats"": 1, ""initial_metric"": null, ""final_metric"": 118028.88042282322, ""pct_gain"": 0.0}"
361242,superconductivity,openml_task,ctr23,regression,tabularaml,3,1200,17010,4253,81,87,6,9.147180145098094,rmse,False,9.144032004297907,-0.00034428365940837634,929.9249258041382,0.029469728469848633,951.1995024681091,562.06640625,906,ok,,0.2.0,"{""mode"": ""medium"", ""elapsed_time"": 913.3442809581757, ""n_init_feats"": 81, ""n_added_feats"": 6, ""initial_metric"": null, ""final_metric"": 10.47507714476971, ""pct_gain"": 8.829662797077089e-05}"
361242,superconductivity,openml_task,ctr23,regression,tabularaml,4,1200,17010,4253,81,93,12,10.032694279492206,rmse,False,10.01397844992568,-0.0018689704257017705,965.6006019115448,0.02767777442932129,986.5426576137543,597.2734375,925,ok,,0.2.0,"{""mode"": ""medium"", ""elapsed_time"": 929.1478691101074, ""n_init_feats"": 81, ""n_added_feats"": 12, ""initial_metric"": null, ""final_metric"": 10.311011100605155, ""pct_gain"": -0.0038786491362052555}"
361261,cps88wages,openml_task,ctr23,regression,tabularaml,0,1200,22524,5631,6,9,3,408.8297381265898,rmse,False,409.0199906674077,0.0004651424017379706,469.0386562347412,0.02895522117614746,962.0390937328339,401.31640625,50,ok,,0.2.0,"{""mode"": ""medium"", ""elapsed_time"": 466.1387104988098, ""n_init_feats"": 6, ""n_added_feats"": 3, ""initial_metric"": null, ""final_metric"": 380.49886810770886, ""pct_gain"": -0.0007335325832060824}"
361251,grid_stability,openml_task,ctr23,regression,tabularaml,3,1200,8000,2000,12,24,12,0.007068144768275651,rmse,False,0.007679895984267411,0.07965618508961031,185.20855355262756,0.02787327766418457,200.22302293777466,394.7734375,1232,ok,,0.2.0,"{""mode"": ""medium"", ""elapsed_time"": 181.02062797546387, ""n_init_feats"": 12, ""n_added_feats"": 12, ""initial_metric"": null, ""final_metric"": 0.008420692454816737, ""pct_gain"": 0.05973386710093919}"
361266,kings_county,openml_task,ctr23,regression,tabularaml,3,1200,,,,,,,,,,,,,1380,,,timeout,wall-clock exceeded 1380s,,
361266,kings_county,openml_task,ctr23,regression,tabularaml,4,1200,,,,,,,,,,,,,1380,,,timeout,wall-clock exceeded 1380s,,
361251,grid_stability,openml_task,ctr23,regression,tabularaml,4,1200,8000,2000,12,26,14,0.0070131015618858485,rmse,False,0.00755340769870817,0.07153144095673905,275.46524477005005,0.02734684944152832,292.12436151504517,404.1953125,1268,ok,,0.2.0,"{""mode"": ""medium"", ""elapsed_time"": 272.7710745334625, ""n_init_feats"": 12, ""n_added_feats"": 14, ""initial_metric"": null, ""final_metric"": 0.008353262195075178, ""pct_gain"": 0.07987009423398742}"
361242,superconductivity,openml_task,ctr23,regression,tabularaml,2,1200,,,,,,,,,,,,,1380,,,timeout,wall-clock exceeded 1380s,,
361251,grid_stability,openml_task,ctr23,regression,tabularaml,0,1200,8000,2000,12,26,14,0.007424519690038635,rmse,False,0.007837361032445268,0.05267606541252139,550.9594728946686,0.021487712860107422,562.9640395641327,434.92578125,1180,ok,,0.2.0,"{""mode"": ""medium"", ""elapsed_time"": 548.4520149230957, ""n_init_feats"": 12, ""n_added_feats"": 14, ""initial_metric"": null, ""final_metric"": 0.008717426735712604, ""pct_gain"": 0.03861143871172124}"
361261,cps88wages,openml_task,ctr23,regression,tabularaml,2,1200,,,,,,,,,,,,,1380,,,timeout,wall-clock exceeded 1380s,,
361261,cps88wages,openml_task,ctr23,regression,tabularaml,3,1200,,,,,,,,,,,,,1380,,,timeout,wall-clock exceeded 1380s,,
361261,cps88wages,openml_task,ctr23,regression,tabularaml,4,1200,,,,,,,,,,,,,1380,,,timeout,wall-clock exceeded 1380s,,
361241,physiochemical_protein,openml_task,ctr23,regression,tabularaml,1,1200,,,,,,,,,,,,,1380,,,timeout,wall-clock exceeded 1380s,,
361252,video_transcoding,openml_task,ctr23,regression,tabularaml,4,1200,55027,13757,18,20,2,1.6082874801877878,rmse,False,1.6227642585065682,0.008921060617950425,305.1677613258362,0.029288053512573242,325.73227095603943,497.6875,1103,ok,,0.2.0,"{""mode"": ""medium"", ""elapsed_time"": 296.58146047592163, ""n_init_feats"": 18, ""n_added_feats"": 2, ""initial_metric"": null, ""final_metric"": 1.733683934941831, ""pct_gain"": 0.0}"
361257,diamonds,openml_task,ctr23,regression,tabularaml,0,1200,,,,,,,,,,,,,1380,,,timeout,wall-clock exceeded 1380s,,
361257,diamonds,openml_task,ctr23,regression,tabularaml,1,1200,,,,,,,,,,,,,1380,,,timeout,wall-clock exceeded 1380s,,
361257,diamonds,openml_task,ctr23,regression,tabularaml,2,1200,,,,,,,,,,,,,1380,,,timeout,wall-clock exceeded 1380s,,
361253,wave_energy,openml_task,ctr23,regression,tabularaml,0,1200,57600,14400,48,63,15,11539.332748941182,rmse,False,11939.821098826298,0.03354224042138156,960.2992668151855,0.055512428283691406,1049.483302116394,758.609375,1999,ok,,0.2.0,"{""mode"": ""medium"", ""elapsed_time"": 914.483763217926, ""n_init_feats"": 48, ""n_added_feats"": 15, ""initial_metric"": null, ""final_metric"": 24872.873821054458, ""pct_gain"": 0.09613863208804774}"
361257,diamonds,openml_task,ctr23,regression,tabularaml,3,1200,,,,,,,,,,,,,1380,,,timeout,wall-clock exceeded 1380s,,
361253,wave_energy,openml_task,ctr23,regression,tabularaml,1,1200,57600,14400,48,57,9,11442.030457058305,rmse,False,11909.372490582831,0.03924153299378876,940.139155626297,0.03749728202819824,1000.1519157886505,759.05859375,1999,ok,,0.2.0,"{""mode"": ""medium"", ""elapsed_time"": 910.6403067111969, ""n_init_feats"": 48, ""n_added_feats"": 9, ""initial_metric"": null, ""final_metric"": 24663.359336717553, ""pct_gain"": 0.10459730488691935}"
361257,diamonds,openml_task,ctr23,regression,tabularaml,4,1200,,,,,,,,,,,,,1380,,,timeout,wall-clock exceeded 1380s,,
361253,wave_energy,openml_task,ctr23,regression,tabularaml,2,1200,57600,14400,48,62,14,11352.634154405161,rmse,False,11950.97362594563,0.05006616952458753,942.7227530479431,0.04148292541503906,1030.6845076084137,797.64453125,1997,ok,,0.2.0,"{""mode"": ""medium"", ""elapsed_time"": 907.2940046787262, ""n_init_feats"": 48, ""n_added_feats"": 14, ""initial_metric"": null, ""final_metric"": 24850.10655608451, ""pct_gain"": 0.09883310713365591}"
361251,grid_stability,openml_task,ctr23,regression,tabularaml,1,1200,,,,,,,,,,,,,1380,,,timeout,wall-clock exceeded 1380s,,
361253,wave_energy,openml_task,ctr23,regression,tabularaml,4,1200,57600,14400,48,62,14,11400.015635710637,rmse,False,12081.906952604944,0.05643904721077881,937.5872411727905,0.041088104248046875,999.3027114868164,794.47265625,1999,ok,,0.2.0,"{""mode"": ""medium"", ""elapsed_time"": 905.6125979423523, ""n_init_feats"": 48, ""n_added_feats"": 14, ""initial_metric"": null, ""final_metric"": 24695.131792459375, ""pct_gain"": 0.10266803883661266}"
361251,grid_stability,openml_task,ctr23,regression,tabularaml,2,1200,,,,,,,,,,,,,1380,,,timeout,wall-clock exceeded 1380s,,
361253,wave_energy,openml_task,ctr23,regression,tabularaml,3,1200,,,,,,,,,,,,,1380,,,timeout,wall-clock exceeded 1380s,,
361252,video_transcoding,openml_task,ctr23,regression,tabularaml,0,1200,,,,,,,,,,,,,1380,,,timeout,wall-clock exceeded 1380s,,
361252,video_transcoding,openml_task,ctr23,regression,tabularaml,1,1200,,,,,,,,,,,,,1380,,,timeout,wall-clock exceeded 1380s,,
361252,video_transcoding,openml_task,ctr23,regression,tabularaml,2,1200,,,,,,,,,,,,,1380,,,timeout,wall-clock exceeded 1380s,,
361252,video_transcoding,openml_task,ctr23,regression,tabularaml,3,1200,,,,,,,,,,,,,1380,,,timeout,wall-clock exceeded 1380s,,
