dataset,seed,arm,task,metric,n_train,n_raw,test_score,oof_score,fe_seconds,n_added,gate,status,error,info
abalone,0,forge_m11,regression,rmsle,3340,8,0.1415427474182197,0.149629515748717,4.392488241195679,3,True,ok,,"{""gate"": true, ""base_cv"": 0.02396354107826636, ""search_cv"": 0.02299374767862318, ""features"": [""tex__Diameter~6__Sex__Shell_weight~6"", ""Length__sub__Shell_weight"", ""count__Shell_weight""]}"
abalone,0,forge_v8,regression,rmsle,3340,8,0.1415012701472545,0.1487084542420948,2.7646708488464355,3,True,ok,,"{""gate"": true, ""base_cv"": 0.02396354107826636, ""search_cv"": 0.023258269820498164, ""features"": [""Shell_weight__sub__Length"", ""Shell_weight__sub__Diameter"", ""count__Shell_weight""]}"
abalone,0,forge_v9,regression,rmsle,3340,8,0.1415012701472545,0.1487084542420948,3.514365196228028,3,True,ok,,"{""gate"": true, ""base_cv"": 0.02396354107826636, ""search_cv"": 0.023258269820498164, ""features"": [""Shell_weight__sub__Length"", ""Shell_weight__sub__Diameter"", ""count__Shell_weight""]}"
abalone,0,raw,regression,rmsle,3340,8,0.1430144574264795,0.1522382306868707,0.000413179397583,0,,ok,,{}
abalone,1,forge_m11,regression,rmsle,3340,8,0.1449100907797745,0.1490638022849059,4.1406779289245605,1,True,ok,,"{""gate"": true, ""base_cv"": 0.02384469364193786, ""search_cv"": 0.023289857820402163, ""features"": [""count__Shell_weight""]}"
abalone,1,forge_v8,regression,rmsle,3340,8,0.1449100907797745,0.1490638022849059,2.840117931365967,1,True,ok,,"{""gate"": true, ""base_cv"": 0.02384469364193786, ""search_cv"": 0.023289857820402163, ""features"": [""count__Shell_weight""]}"
abalone,1,forge_v9,regression,rmsle,3340,8,0.1449100907797745,0.1490638022849059,2.9015955924987797,1,True,ok,,"{""gate"": true, ""base_cv"": 0.02384469364193786, ""search_cv"": 0.023289857820402163, ""features"": [""count__Shell_weight""]}"
abalone,1,raw,regression,rmsle,3340,8,0.1484384598010736,0.1511253200511486,0.0004100799560546,0,,ok,,{}
abalone,2,forge_m11,regression,rmsle,3340,8,0.153348358541415,0.147284079000366,5.64411187171936,3,True,ok,,"{""gate"": true, ""base_cv"": 0.022550877450282475, ""search_cv"": 0.021706000745639997, ""features"": [""tex__Length~6__Shell_weight~6__Shucked_weight~6"", ""count__Shell_weight"", ""te__Diameter__Height__Length""]}"
abalone,2,forge_v8,regression,rmsle,3340,8,0.1566252610922166,0.149345508281725,3.877016067504883,0,False,ok,,"{""gate"": false, ""base_cv"": 0.022550877450282475, ""search_cv"": 0.021686172629948913, ""features"": []}"
abalone,2,forge_v9,regression,rmsle,3340,8,0.1566252610922166,0.149345508281725,4.389984846115112,0,False,ok,,"{""gate"": false, ""base_cv"": 0.022550877450282475, ""search_cv"": 0.021686172629948913, ""features"": []}"
abalone,2,raw,regression,rmsle,3340,8,0.1566252610922166,0.149345508281725,4.673004150390625e-05,0,,ok,,{}
airline_satisfaction,0,forge_m11,binary,logloss,48000,21,0.1001158833842007,0.0997028199328551,151.85317516326904,34,True,ok,,"{""gate"": true, ""base_cv"": 0.11340670183911002, ""search_cv"": 0.10577339179864488, ""features"": [""tex__EaseofOnlinebooking__Seatcomfort__TypeofTravel"", ""cntx__CustomerType__DepartureArrivaltimeconvenient__Seatcomfort"", ""cntx__DepartureArrivaltimeconvenient__Gatelocation__Seatcomfort"", ""count__Gatelocation__Seatcomfort"", ""count__EaseofOnlinebooking__CustomerType"", ""cntx__CustomerType__Seatcomfort__TypeofTravel"", ""grp_mean__Age__by__Onlinesupport"", ""cntx__EaseofOnlinebooking__Seatcomfort__TypeofTravel"", ""cntx__Foodanddrink__Seatcomfort__TypeofTravel"", ""knn__w4_0"", ""knn__w4_1"", ""knn__w4_2"", ""knn__top2_0"", ""knn__top2_1"", ""knn__top2_2"", ""count__Seatcomfort__CustomerType"", ""cntx__Class__EaseofOnlinebooking__Seatcomfort"", ""count__Seatcomfort__EaseofOnlinebooking"", ""count__CustomerType__EaseofOnlinebooking"", ""count__Seatcomfort__TypeofTravel"", ""count__EaseofOnlinebooking"", ""count__CustomerType__Seatcomfort"", ""grp_min__FlightDistance__by__Inflightentertainment"", ""count__EaseofOnlinebooking__Seatcomfort"", ""cntx__DepartureArrivaltimeconvenient__Seatcomfort__TypeofTravel"", ""grp_min__FlightDistance__by__Seatcomfort"", ""count__EaseofOnlinebooking__TypeofTravel"", ""count__Seatcomfort__DepartureArrivaltimeconvenient"", ""grp_mean__ArrivalDelayinMinutes__by__EaseofOnlinebooking"", ""cntx__CustomerType__Seatcomfort__TypeofTravel__sub__count__Seatcomfort__TypeofTravel"", ""count__Checkinservice__Baggagehandling__Cleanliness"", ""grp_z__cntx__CustomerType__Seatcomfort__TypeofTravel__by__Inflightentertainment"", ""cntx__CustomerType__Seatcomfort__TypeofTravel__mul__cntx__CustomerType__Seatcomfort__TypeofTravel__sub__count__Seatcomfort__TypeofTravel"", ""cntx__CustomerType__Seatcomfort__TypeofTravel__sub__cntx__CustomerType__Seatcomfort__TypeofTravel__sub__count__Seatcomfort__TypeofTravel""]}"
airline_satisfaction,0,forge_v8,binary,logloss,48000,21,0.1027022173954812,0.1020625874981293,223.1191682815552,9,True,ok,,"{""gate"": true, ""base_cv"": 0.11340670183911002, ""search_cv"": 0.10878735177204367, ""features"": [""count__EaseofOnlinebooking__CustomerType"", ""count__Seatcomfort__DepartureArrivaltimeconvenient"", ""count__Seatcomfort__EaseofOnlinebooking"", ""count__Seatcomfort__TypeofTravel"", ""count__Seatcomfort__CustomerType"", ""grp_min__FlightDistance__by__Inflightentertainment"", ""grp_z__count__Seatcomfort__TypeofTravel__by__Gatelocation"", ""grp_min__FlightDistance__by__Inflightentertainment__sub__count__Seatcomfort__CustomerType"", ""grp_z__count__Seatcomfort__EaseofOnlinebooking__by__Seatcomfort""]}"
airline_satisfaction,0,forge_v9,binary,logloss,48000,21,0.1027022173954812,0.1020625874981293,93.18326830863953,9,True,ok,,"{""gate"": true, ""base_cv"": 0.11340670183911002, ""search_cv"": 0.10878735177204367, ""features"": [""count__EaseofOnlinebooking__CustomerType"", ""count__Seatcomfort__DepartureArrivaltimeconvenient"", ""count__Seatcomfort__EaseofOnlinebooking"", ""count__Seatcomfort__TypeofTravel"", ""count__Seatcomfort__CustomerType"", ""grp_min__FlightDistance__by__Inflightentertainment"", ""grp_z__count__Seatcomfort__TypeofTravel__by__Gatelocation"", ""grp_min__FlightDistance__by__Inflightentertainment__sub__count__Seatcomfort__CustomerType"", ""grp_z__count__Seatcomfort__EaseofOnlinebooking__by__Seatcomfort""]}"
airline_satisfaction,0,raw,binary,logloss,48000,21,0.1054728113741,0.1051421256060908,5.8650970458984375e-05,0,,ok,,{}
airline_satisfaction,1,forge_m11,binary,logloss,48000,21,0.1051469351993125,0.0995128090905414,111.00447988510132,15,True,ok,,"{""gate"": true, ""base_cv"": 0.11070260202440309, ""search_cv"": 0.10606433912081573, ""features"": [""cntx__EaseofOnlinebooking__Seatcomfort__TypeofTravel"", ""cntx__CustomerType__Seatcomfort__TypeofTravel"", ""count__EaseofOnlinebooking"", ""grp_max__FlightDistance__by__EaseofOnlinebooking"", ""grp_mean__Age__by__EaseofOnlinebooking"", ""grp_std__Age__by__EaseofOnlinebooking"", ""grp_mean__ArrivalDelayinMinutes__by__EaseofOnlinebooking"", ""grp_std__ArrivalDelayinMinutes__by__EaseofOnlinebooking"", ""grp_max__ArrivalDelayinMinutes__by__EaseofOnlinebooking"", ""grp_mean__DepartureDelayinMinutes__by__EaseofOnlinebooking"", ""grp_std__DepartureDelayinMinutes__by__EaseofOnlinebooking"", ""grp_max__DepartureDelayinMinutes__by__EaseofOnlinebooking"", ""count__Seatcomfort__Gatelocation__Foodanddrink"", ""grp_dev__cntx__CustomerType__Seatcomfort__TypeofTravel__by__Gatelocation"", ""grp_dev__cntx__CustomerType__Seatcomfort__TypeofTravel__by__DepartureArrivaltimeconvenient""]}"
airline_satisfaction,1,forge_v8,binary,logloss,48000,21,0.1097103687196642,0.1043310232458637,113.32391452789308,0,False,ok,,"{""gate"": false, ""base_cv"": 0.11070260202440309, ""search_cv"": 0.1080675000834349, ""features"": []}"
airline_satisfaction,1,forge_v9,binary,logloss,48000,21,0.1097103687196642,0.1043310232458637,87.75274753570557,0,False,ok,,"{""gate"": false, ""base_cv"": 0.11070260202440309, ""search_cv"": 0.1080675000834349, ""features"": []}"
airline_satisfaction,1,raw,binary,logloss,48000,21,0.1097103687196642,0.1043310232458637,5.793571472167969e-05,0,,ok,,{}
airline_satisfaction,2,forge_m11,binary,logloss,48000,21,0.1002097896848803,0.0976960068483723,88.1096658706665,6,True,ok,,"{""gate"": true, ""base_cv"": 0.11362582634240165, ""search_cv"": 0.10403431806579055, ""features"": [""cntx__Foodanddrink__Gatelocation__TypeofTravel"", ""cntx__CustomerType__Gatelocation__Seatcomfort"", ""cntx__CustomerType__Seatcomfort__TypeofTravel"", ""cntx__EaseofOnlinebooking__Seatcomfort__TypeofTravel"", ""cntx__Baggagehandling__Cleanliness__TypeofTravel"", ""grp_max__Age__by__EaseofOnlinebooking""]}"
airline_satisfaction,2,forge_v8,binary,logloss,48000,21,0.1027198230216644,0.1009115340525088,162.2428641319275,30,True,ok,,"{""gate"": true, ""base_cv"": 0.11362582634240165, ""search_cv"": 0.10770706493598697, ""features"": [""count__EaseofOnlinebooking__CustomerType"", ""te__Seatcomfort__CustomerType"", ""count__Seatcomfort__Gatelocation"", ""count__Inflightentertainment__Seatcomfort"", ""count__Seatcomfort__TypeofTravel"", ""count__Seatcomfort__CustomerType"", ""grp_mean__Age__by__Onlinesupport"", ""count__EaseofOnlinebooking"", ""grp_max__Age__by__DepartureArrivaltimeconvenient"", ""grp_max__FlightDistance__by__Onlinesupport"", ""grp_std__Age__by__Onlinesupport"", ""grp_mean__ArrivalDelayinMinutes__by__EaseofOnlinebooking"", ""grp_max__FlightDistance__by__EaseofOnlinebooking"", ""count__Onlinesupport"", ""grp_mean__FlightDistance__by__Onlinesupport"", ""grp_std__Age__by__EaseofOnlinebooking"", ""grp_std__ArrivalDelayinMinutes__by__Onlinesupport"", ""grp_mean__DepartureDelayinMinutes__by__EaseofOnlinebooking"", ""grp_max__Age__by__EaseofOnlinebooking"", ""grp_max__Age__by__Gatelocation"", ""grp_std__ArrivalDelayinMinutes__by__EaseofOnlinebooking"", ""grp_min__FlightDistance__by__Class"", ""grp_max__DepartureDelayinMinutes__by__EaseofOnlinebooking"", ""grp_max__ArrivalDelayinMinutes__by__Onlinesupport"", ""grp_min__FlightDistance__by__Onlinesupport"", ""grp_mean__Age__by__EaseofOnlinebooking"", ""grp_min__FlightDistance__by__DepartureArrivaltimeconvenient"", ""grp_min__FlightDistance__by__EaseofOnlinebooking"", ""grp_std__DepartureDelayinMinutes__by__EaseofOnlinebooking"", ""grp_max__DepartureDelayinMinutes__by__Onlinesupport""]}"
airline_satisfaction,2,forge_v9,binary,logloss,48000,21,0.1027292393547427,0.1003186864857727,103.75792932510376,12,True,ok,,"{""gate"": true, ""base_cv"": 0.11362582634240165, ""search_cv"": 0.10753042477573883, ""features"": [""te__Seatcomfort__CustomerType"", ""count__EaseofOnlinebooking__CustomerType"", ""count__Seatcomfort__Gatelocation"", ""count__Inflightentertainment__Seatcomfort"", ""count__Seatcomfort__CustomerType"", ""count__Seatcomfort__TypeofTravel"", ""count__Seatcomfort__TypeofTravel__sub__count__EaseofOnlinebooking__CustomerType"", ""count__EaseofOnlinebooking__CustomerType__add__count__Seatcomfort__TypeofTravel"", ""grp_dev__count__Inflightentertainment__Seatcomfort__by__Inflightentertainment"", ""count__Seatcomfort__TypeofTravel__div__Onlineboarding"", ""count__EaseofOnlinebooking__CustomerType__mul__count__Seatcomfort__TypeofTravel"", ""count__EaseofOnlinebooking__CustomerType__div__count__Seatcomfort__TypeofTravel""]}"
airline_satisfaction,2,raw,binary,logloss,48000,21,0.1058705892788342,0.1042849996282509,0.0022828578948974,0,,ok,,{}
allstate,0,forge_m11,regression,rmsle,48000,130,0.5369457403654634,0.5436948394941775,128.82463145256042,3,True,ok,,"{""gate"": true, ""base_cv"": 0.3087024517472642, ""search_cv"": 0.3022434919364928, ""features"": [""te__cat80__cat81"", ""te__cat80"", ""count__cat26__cat38""]}"
allstate,0,forge_v8,regression,rmsle,48000,130,0.5424723987487093,0.5482611861888178,62.1800594329834,0,,ok,,"{""gate"": null, ""base_cv"": 0.3087024517472642, ""search_cv"": 0.3087024517472642, ""features"": []}"
allstate,0,forge_v9,regression,rmsle,48000,130,0.5369271857035004,0.5436776470951441,69.43848538398743,0,True,ok,,"{""gate"": true, ""base_cv"": 0.3087024517472642, ""search_cv"": 0.30285969316398964, ""features"": []}"
allstate,0,raw,regression,rmsle,48000,130,0.5424723987487093,0.5482611861888178,0.0077762603759765,0,,ok,,{}
allstate,1,forge_m11,regression,rmsle,48000,130,0.5402417817250285,0.5424651087501742,150.6812882423401,0,True,ok,,"{""gate"": true, ""base_cv"": 0.3072218835867643, ""search_cv"": 0.30028187301574877, ""features"": []}"
allstate,1,forge_v8,regression,rmsle,48000,130,0.5434177915073908,0.547746249324721,48.269423484802246,0,,ok,,"{""gate"": null, ""base_cv"": 0.3072218835867643, ""search_cv"": 0.3072218835867643, ""features"": []}"
allstate,1,forge_v9,regression,rmsle,48000,130,0.5402417817250285,0.5424651087501742,66.56552028656006,0,True,ok,,"{""gate"": true, ""base_cv"": 0.3072218835867643, ""search_cv"": 0.3012551387151275, ""features"": []}"
allstate,1,raw,regression,rmsle,48000,130,0.5434177915073908,0.547746249324721,0.0077588558197021,0,,ok,,{}
allstate,2,forge_m11,regression,rmsle,48000,130,0.5443227651651678,0.5415416202893633,140.9179139137268,0,True,ok,,"{""gate"": true, ""base_cv"": 0.3089969418962105, ""search_cv"": 0.30093197662234145, ""features"": []}"
allstate,2,forge_v8,regression,rmsle,48000,130,0.5492203230313758,0.5470812445241033,100.23784184455872,0,False,ok,,"{""gate"": false, ""base_cv"": 0.3089969418962105, ""search_cv"": 0.3082598450872871, ""features"": []}"
allstate,2,forge_v9,regression,rmsle,48000,130,0.5443227651651678,0.5415416202893633,74.47900867462158,0,True,ok,,"{""gate"": true, ""base_cv"": 0.3089969418962105, ""search_cv"": 0.30133569331888405, ""features"": []}"
allstate,2,raw,regression,rmsle,48000,130,0.5492203230313758,0.5470812445241033,0.0190215110778808,0,,ok,,{}
amazon,0,forge_m11,binary,logloss,26215,9,0.1262540001877954,0.1365114658902205,32.7002158164978,60,True,ok,,"{""gate"": true, ""base_cv"": 0.1736659406727249, ""search_cv"": 0.1455170287978487, ""features"": [""xlin__keys"", ""tex__MGR_ID__ROLE_FAMILY_DESC__ROLE_TITLE"", ""tex__MGR_ID__ROLE_ROLLUP_2__ROLE_TITLE"", ""te__RESOURCE"", ""xlin__keys_1"", ""tex__ROLE_DEPTNAME__ROLE_FAMILY_DESC__ROLE_TITLE"", ""te__ROLE_FAMILY_DESC__ROLE_TITLE"", ""te__RESOURCE__ROLE_ROLLUP_2"", ""te__ROLE_FAMILY_DESC__ROLE_ROLLUP_1"", ""tex__RESOURCE__ROLE_DEPTNAME__ROLE_ROLLUP_2"", ""tex__ROLE_FAMILY_DESC__ROLE_ROLLUP_2__ROLE_TITLE"", ""tex__ROLE_DEPTNAME__ROLE_FAMILY_DESC__ROLE_ROLLUP_2"", ""count__RESOURCE__ROLE_ROLLUP_2"", ""tex__ROLE_DEPTNAME__ROLE_ROLLUP_2__ROLE_TITLE"", ""te__RESOURCE__ROLE_FAMILY"", ""tex__MGR_ID__ROLE_FAMILY_DESC__ROLE_ROLLUP_2"", ""te__ROLE_DEPTNAME__RESOURCE"", ""te__ROLE_DEPTNAME__ROLE_FAMILY_DESC"", ""count__RESOURCE__ROLE_FAMILY"", ""te__MGR_ID__ROLE_ROLLUP_2"", ""te__ROLE_DEPTNAME__ROLE_TITLE"", ""te__ROLE_FAMILY_DESC__ROLE_ROLLUP_2"", ""te__RESOURCE__ROLE_ROLLUP_1"", ""te__RESOURCE__ROLE_FAMILY_DESC"", ""te__MGR_ID__ROLE_FAMILY"", ""tex__MGR_ID__ROLE_DEPTNAME__ROLE_TITLE"", ""te__RESOURCE__ROLE_TITLE"", ""tex__MGR_ID__ROLE_DEPTNAME__ROLE_FAMILY_DESC"", ""te__MGR_ID__ROLE_ROLLUP_1"", ""te__MGR_ID__ROLE_TITLE"", ""tex__MGR_ID__RESOURCE__ROLE_ROLLUP_2"", ""te__RESOURCE__ROLE_DEPTNAME"", ""tex__RESOURCE__ROLE_DEPTNAME__ROLE_TITLE"", ""tex__MGR_ID__ROLE_DEPTNAME__ROLE_ROLLUP_2"", ""te__MGR_ID__ROLE_DEPTNAME"", ""count__ROLE_DEPTNAME__RESOURCE"", ""cntx__MGR_ID__ROLE_DEPTNAME__ROLE_TITLE"", ""cntx__RESOURCE__ROLE_DEPTNAME__ROLE_ROLLUP_2"", ""count__RESOURCE__ROLE_FAMILY_DESC"", ""cntx__MGR_ID__RESOURCE__ROLE_DEPTNAME"", ""tex__MGR_ID__ROLE_DEPTNAME__ROLE_ROLLUP_1"", ""te__MGR_ID__ROLE_FAMILY_DESC"", ""te__MGR_ID"", ""tex__RESOURCE__ROLE_ROLLUP_2__ROLE_TITLE"", ""te__ROLE_CODE__ROLE_FAMILY_DESC"", ""te__ROLE_FAMILY_DESC__ROLE_CODE"", ""tex__MGR_ID__RESOURCE__ROLE_DEPTNAME"", ""te__MGR_ID__RESOURCE"", ""tex__RESOURCE__ROLE_DEPTNAME__ROLE_FAMILY_DESC"", ""te__RESOURCE__ROLE_CODE"", ""te__MGR_ID__ROLE_CODE"", ""count__MGR_ID__RESOURCE"", ""cntx__RESOURCE__ROLE_DEPTNAME__ROLE_FAMILY_DESC"", ""count__RESOURCE__ROLE_DEPTNAME"", ""cntx__RESOURCE__ROLE_DEPTNAME__ROLE_TITLE"", ""te__ROLE_DEPTNAME__ROLE_CODE"", ""cntx__RESOURCE__ROLE_ROLLUP_2__ROLE_TITLE"", ""tex__MGR_ID__RESOURCE__ROLE_TITLE"", ""cntx__MGR_ID__RESOURCE__ROLE_FAMILY_DESC"", ""cntx__MGR_ID__RESOURCE__ROLE_ROLLUP_2""]}"
amazon,0,forge_v8,binary,logloss,26215,9,0.1333574065561111,0.1443930719076105,77.40415692329407,25,True,ok,,"{""gate"": true, ""base_cv"": 0.1736659406727249, ""search_cv"": 0.05782445878963236, ""features"": [""te__MGR_ID__ROLE_TITLE"", ""te__MGR_ID__ROLE_FAMILY_DESC"", ""te__MGR_ID"", ""te__ROLE_DEPTNAME__ROLE_FAMILY_DESC"", ""te__ROLE_DEPTNAME__RESOURCE"", ""te__MGR_ID__ROLE_CODE"", ""te__RESOURCE__ROLE_ROLLUP_2"", ""te__ROLE_FAMILY_DESC__ROLE_ROLLUP_2"", ""te__RESOURCE__ROLE_ROLLUP_1"", ""te__MGR_ID__ROLE_ROLLUP_1"", ""te__MGR_ID__ROLE_ROLLUP_2"", ""count__RESOURCE__ROLE_FAMILY"", ""count__ROLE_DEPTNAME__RESOURCE"", ""te__RESOURCE__ROLE_FAMILY_DESC"", ""te__RESOURCE__ROLE_TITLE"", ""count__MGR_ID__RESOURCE"", ""te__RESOURCE__ROLE_FAMILY"", ""te__MGR_ID__ROLE_DEPTNAME"", ""count__RESOURCE__ROLE_ROLLUP_2"", ""te__MGR_ID__ROLE_FAMILY"", ""count__MGR_ID__ROLE_ROLLUP_1"", ""count__RESOURCE__ROLE_ROLLUP_1"", ""count__MGR_ID__ROLE_FAMILY_DESC"", ""count__RESOURCE__ROLE_TITLE"", ""te__MGR_ID__RESOURCE""]}"
amazon,0,forge_v9,binary,logloss,26215,9,0.1269291706549997,0.1378546943363724,53.90305948257446,31,True,ok,,"{""gate"": true, ""base_cv"": 0.1736659406727249, ""search_cv"": 0.14639495441884814, ""features"": [""xlin__keys"", ""te__MGR_ID__ROLE_FAMILY_DESC"", ""xlin__keys_1"", ""te__MGR_ID__ROLE_TITLE"", ""te__ROLE_DEPTNAME__RESOURCE"", ""te__RESOURCE"", ""te__ROLE_FAMILY_DESC__ROLE_TITLE"", ""te__ROLE_FAMILY_DESC__ROLE_ROLLUP_1"", ""te__ROLE_FAMILY_DESC__ROLE_ROLLUP_2"", ""te__MGR_ID__ROLE_CODE"", ""te__RESOURCE__ROLE_ROLLUP_2"", ""te__RESOURCE__ROLE_FAMILY"", ""te__ROLE_DEPTNAME__ROLE_TITLE"", ""te__ROLE_DEPTNAME__ROLE_FAMILY_DESC"", ""te__RESOURCE__ROLE_ROLLUP_1"", ""te__MGR_ID__ROLE_DEPTNAME"", ""count__ROLE_DEPTNAME__RESOURCE"", ""te__RESOURCE__ROLE_TITLE"", ""count__RESOURCE__ROLE_ROLLUP_2"", ""count__RESOURCE__ROLE_FAMILY"", ""te__MGR_ID__ROLE_ROLLUP_2"", ""te__MGR_ID__ROLE_FAMILY"", ""te__MGR_ID__ROLE_ROLLUP_1"", ""te__MGR_ID"", ""te__RESOURCE__ROLE_FAMILY_DESC"", ""count__MGR_ID__RESOURCE"", ""te__MGR_ID__RESOURCE"", ""te__ROLE_DEPTNAME__ROLE_CODE"", ""te__ROLE_FAMILY_DESC__ROLE_CODE"", ""te__RESOURCE__ROLE_CODE"", ""count__RESOURCE__ROLE_FAMILY_DESC""]}"
amazon,0,raw,binary,logloss,26215,9,0.1503357998310536,0.1610947372438419,2.1457672119140625e-06,0,,ok,,{}
amazon,1,forge_m11,binary,logloss,26215,9,0.1313780956519324,0.1364882452334691,31.27084493637085,60,True,ok,,"{""gate"": true, ""base_cv"": 0.17317226878360817, ""search_cv"": 0.14196909773465516, ""features"": [""xlin__keys"", ""tex__MGR_ID__ROLE_DEPTNAME__ROLE_TITLE"", ""xlin__keys_1"", ""tex__ROLE_DEPTNAME__ROLE_FAMILY_DESC__ROLE_TITLE"", ""te__RESOURCE__ROLE_FAMILY"", ""te__ROLE_DEPTNAME__ROLE_ROLLUP_1"", ""te__RESOURCE__ROLE_ROLLUP_2"", ""te__ROLE_DEPTNAME__ROLE_FAMILY"", ""te__ROLE_FAMILY_DESC__ROLE_ROLLUP_2"", ""te__ROLE_ROLLUP_2__ROLE_TITLE"", ""tex__MGR_ID__ROLE_DEPTNAME__ROLE_FAMILY_DESC"", ""tex__ROLE_DEPTNAME__ROLE_ROLLUP_2__ROLE_TITLE"", ""te__ROLE_FAMILY_DESC__ROLE_TITLE"", ""te__ROLE_DEPTNAME__RESOURCE"", ""te__ROLE_DEPTNAME__ROLE_TITLE"", ""te__ROLE_DEPTNAME__ROLE_FAMILY_DESC"", ""tex__RESOURCE__ROLE_DEPTNAME__ROLE_ROLLUP_2"", ""tex__ROLE_DEPTNAME__ROLE_FAMILY_DESC__ROLE_ROLLUP_2"", ""count__RESOURCE__ROLE_ROLLUP_1"", ""te__ROLE_FAMILY_DESC"", ""te__ROLE_FAMILY_DESC__ROLE_ROLLUP_1"", ""tex__MGR_ID__ROLE_ROLLUP_2__ROLE_TITLE"", ""te__MGR_ID__ROLE_FAMILY"", ""tex__MGR_ID__ROLE_FAMILY_DESC__ROLE_ROLLUP_2"", ""count__RESOURCE__ROLE_ROLLUP_2"", ""te__RESOURCE__ROLE_FAMILY_DESC"", ""tex__MGR_ID__ROLE_DEPTNAME__ROLE_ROLLUP_2"", ""count__ROLE_DEPTNAME__RESOURCE"", ""te__ROLE_FAMILY_DESC__ROLE_FAMILY"", ""te__MGR_ID__ROLE_ROLLUP_1"", ""te__MGR_ID__ROLE_TITLE"", ""te__MGR_ID__ROLE_DEPTNAME"", ""te__MGR_ID__ROLE_ROLLUP_2"", ""cntx__MGR_ID__ROLE_DEPTNAME__ROLE_FAMILY_DESC"", ""tex__MGR_ID__RESOURCE__ROLE_ROLLUP_2"", ""te__MGR_ID__ROLE_FAMILY_DESC"", ""te__MGR_ID"", ""te__RESOURCE__ROLE_DEPTNAME"", ""cntx__RESOURCE__ROLE_DEPTNAME__ROLE_ROLLUP_2"", ""te__ROLE_ROLLUP_2__ROLE_CODE"", ""tex__RESOURCE__ROLE_DEPTNAME__ROLE_TITLE"", ""count__MGR_ID__RESOURCE"", ""te__ROLE_DEPTNAME__ROLE_CODE"", ""tex__RESOURCE__ROLE_FAMILY_DESC__ROLE_ROLLUP_2"", ""count__RESOURCE__ROLE_DEPTNAME"", ""te__ROLE_FAMILY_DESC__ROLE_CODE"", ""tex__RESOURCE__ROLE_DEPTNAME__ROLE_FAMILY_DESC"", ""cntx__RESOURCE__ROLE_DEPTNAME__ROLE_TITLE"", ""tex__MGR_ID__RESOURCE__ROLE_DEPTNAME"", ""cntx__RESOURCE__ROLE_FAMILY_DESC__ROLE_ROLLUP_2"", ""cntx__MGR_ID__RESOURCE__ROLE_ROLLUP_2"", ""te__MGR_ID__RESOURCE"", ""tex__MGR_ID__ROLE_CODE__ROLE_DEPTNAME"", ""tex__MGR_ID__RESOURCE__ROLE_TITLE"", ""te__MGR_ID__ROLE_CODE"", ""te__ROLE_FAMILY__ROLE_FAMILY_DESC"", ""cntx__RESOURCE__ROLE_DEPTNAME__ROLE_FAMILY_DESC"", ""te__ROLE_CODE__ROLE_ROLLUP_2"", ""tex__MGR_ID__RESOURCE__ROLE_CODE"", ""te__ROLE_CODE__ROLE_FAMILY_DESC""]}"
amazon,1,forge_v8,binary,logloss,26215,9,0.1350527334177416,0.1436723276799039,47.13437962532044,32,True,ok,,"{""gate"": true, ""base_cv"": 0.17317226878360817, ""search_cv"": 0.06873882072271091, ""features"": [""te__MGR_ID__ROLE_FAMILY_DESC"", ""te__MGR_ID__ROLE_TITLE"", ""te__MGR_ID__ROLE_CODE"", ""te__MGR_ID__ROLE_DEPTNAME"", ""te__ROLE_DEPTNAME__RESOURCE"", ""te__ROLE_DEPTNAME__ROLE_FAMILY_DESC"", ""te__MGR_ID__ROLE_FAMILY"", ""te__ROLE_FAMILY_DESC__ROLE_ROLLUP_2"", ""te__RESOURCE__ROLE_ROLLUP_2"", ""count__ROLE_DEPTNAME__RESOURCE"", ""te__ROLE_FAMILY_DESC"", ""te__ROLE_FAMILY_DESC__ROLE_ROLLUP_1"", ""count__RESOURCE__ROLE_ROLLUP_2"", ""te__RESOURCE__ROLE_FAMILY"", ""count__RESOURCE__ROLE_FAMILY"", ""te__RESOURCE__ROLE_FAMILY_DESC"", ""count__RESOURCE__ROLE_ROLLUP_1"", ""te__RESOURCE__ROLE_TITLE"", ""count__RESOURCE__ROLE_TITLE"", ""count__MGR_ID__ROLE_FAMILY"", ""count__MGR_ID__ROLE_DEPTNAME"", ""count__MGR_ID__ROLE_ROLLUP_2"", ""count__MGR_ID__ROLE_FAMILY_DESC"", ""count__MGR_ID__ROLE_TITLE"", ""count__MGR_ID"", ""count__MGR_ID__ROLE_ROLLUP_1"", ""te__RESOURCE__ROLE_CODE"", ""te__MGR_ID__RESOURCE"", ""count__MGR_ID__RESOURCE"", ""count__RESOURCE__ROLE_FAMILY_DESC"", ""count__MGR_ID__ROLE_CODE"", ""count__RESOURCE__ROLE_CODE""]}"
amazon,1,forge_v9,binary,logloss,26215,9,0.1329965959363529,0.1369958851627131,33.24403476715088,32,True,ok,,"{""gate"": true, ""base_cv"": 0.17317226878360817, ""search_cv"": 0.1427738032826609, ""features"": [""xlin__keys"", ""te__ROLE_DEPTNAME__ROLE_ROLLUP_1"", ""te__ROLE_DEPTNAME__RESOURCE"", ""te__ROLE_DEPTNAME__ROLE_TITLE"", ""te__RESOURCE__ROLE_ROLLUP_2"", ""te__ROLE_DEPTNAME__ROLE_FAMILY"", ""te__ROLE_DEPTNAME__ROLE_FAMILY_DESC"", ""te__ROLE_FAMILY_DESC__ROLE_ROLLUP_2"", ""te__MGR_ID__ROLE_FAMILY_DESC"", ""te__ROLE_ROLLUP_2__ROLE_TITLE"", ""te__RESOURCE__ROLE_FAMILY"", ""xlin__keys_1"", ""te__ROLE_FAMILY_DESC__ROLE_TITLE"", ""te__MGR_ID__ROLE_TITLE"", ""te__MGR_ID__ROLE_DEPTNAME"", ""te__MGR_ID__ROLE_FAMILY"", ""count__RESOURCE__ROLE_ROLLUP_1"", ""te__MGR_ID"", ""te__RESOURCE__ROLE_FAMILY_DESC"", ""count__ROLE_DEPTNAME__RESOURCE"", ""te__ROLE_FAMILY_DESC"", ""te__ROLE_FAMILY_DESC__ROLE_ROLLUP_1"", ""count__RESOURCE__ROLE_ROLLUP_2"", ""te__ROLE_FAMILY_DESC__ROLE_FAMILY"", ""te__MGR_ID__ROLE_ROLLUP_1"", ""count__MGR_ID__RESOURCE"", ""te__MGR_ID__RESOURCE"", ""te__MGR_ID__ROLE_ROLLUP_2"", ""te__ROLE_ROLLUP_2__ROLE_CODE"", ""te__ROLE_FAMILY_DESC__ROLE_CODE"", ""te__MGR_ID__ROLE_CODE"", ""te__ROLE_DEPTNAME__ROLE_CODE""]}"
amazon,1,raw,binary,logloss,26215,9,0.1513032205012604,0.1597008681594106,4.291534423828125e-06,0,,ok,,{}
amazon,2,forge_m11,binary,logloss,26215,9,0.1441605098115198,0.1312373804825327,31.873021125793457,60,True,ok,,"{""gate"": true, ""base_cv"": 0.17204865664401936, ""search_cv"": 0.1433619001646407, ""features"": [""xlin__keys"", ""tex__MGR_ID__ROLE_FAMILY_DESC__ROLE_TITLE"", ""xlin__keys_1"", ""te__ROLE_DEPTNAME__RESOURCE"", ""te__RESOURCE__ROLE_ROLLUP_1"", ""te__ROLE_DEPTNAME__ROLE_ROLLUP_2"", ""te__ROLE_ROLLUP_1"", ""te__ROLE_FAMILY_DESC__ROLE_TITLE"", ""tex__ROLE_DEPTNAME__ROLE_ROLLUP_2__ROLE_TITLE"", ""te__ROLE_DEPTNAME__ROLE_ROLLUP_1"", ""te__ROLE_FAMILY_DESC__ROLE_ROLLUP_1"", ""te__ROLE_DEPTNAME__ROLE_FAMILY"", ""te__ROLE_FAMILY_DESC__ROLE_ROLLUP_2"", ""tex__ROLE_DEPTNAME__ROLE_FAMILY_DESC__ROLE_TITLE"", ""te__RESOURCE__ROLE_ROLLUP_2"", ""te__ROLE_DEPTNAME__ROLE_TITLE"", ""tex__RESOURCE__ROLE_FAMILY_DESC__ROLE_ROLLUP_2"", ""tex__ROLE_DEPTNAME__ROLE_FAMILY_DESC__ROLE_ROLLUP_2"", ""tex__ROLE_FAMILY_DESC__ROLE_ROLLUP_2__ROLE_TITLE"", ""tex__MGR_ID__ROLE_DEPTNAME__ROLE_TITLE"", ""count__RESOURCE__ROLE_ROLLUP_2"", ""te__MGR_ID__ROLE_ROLLUP_2"", ""tex__RESOURCE__ROLE_DEPTNAME__ROLE_ROLLUP_2"", ""te__MGR_ID__ROLE_FAMILY"", ""tex__MGR_ID__RESOURCE__ROLE_DEPTNAME"", ""tex__MGR_ID__ROLE_FAMILY_DESC__ROLE_ROLLUP_2"", ""te__RESOURCE__ROLE_FAMILY_DESC"", ""te__MGR_ID__RESOURCE"", ""te__MGR_ID"", ""te__MGR_ID__ROLE_TITLE"", ""cntx__ROLE_DEPTNAME__ROLE_FAMILY_DESC__ROLE_ROLLUP_2"", ""tex__MGR_ID__ROLE_DEPTNAME__ROLE_FAMILY_DESC"", ""te__ROLE_DEPTNAME__ROLE_FAMILY_DESC"", ""count__RESOURCE__ROLE_TITLE"", ""te__ROLE_DEPTNAME__ROLE_CODE"", ""te__MGR_ID__ROLE_ROLLUP_1"", ""count__ROLE_DEPTNAME__RESOURCE"", ""tex__MGR_ID__ROLE_DEPTNAME__ROLE_ROLLUP_1"", ""te__MGR_ID__ROLE_DEPTNAME"", ""te__RESOURCE__ROLE_DEPTNAME"", ""cntx__MGR_ID__ROLE_ROLLUP_2__ROLE_TITLE"", ""cntx__ROLE_DEPTNAME__ROLE_FAMILY_DESC__ROLE_TITLE"", ""cntx__MGR_ID__ROLE_FAMILY_DESC__ROLE_ROLLUP_2"", ""tex__MGR_ID__ROLE_DEPTNAME__ROLE_ROLLUP_2"", ""tex__RESOURCE__ROLE_DEPTNAME__ROLE_TITLE"", ""tex__MGR_ID__ROLE_ROLLUP_2__ROLE_TITLE"", ""cntx__RESOURCE__ROLE_FAMILY_DESC__ROLE_ROLLUP_2"", ""count__MGR_ID__ROLE_TITLE"", ""count__MGR_ID__ROLE_FAMILY_DESC"", ""te__MGR_ID__ROLE_FAMILY_DESC"", ""cntx__MGR_ID__ROLE_FAMILY_DESC__ROLE_TITLE"", ""cntx__RESOURCE__ROLE_DEPTNAME__ROLE_ROLLUP_2"", ""cntx__MGR_ID__ROLE_DEPTNAME__ROLE_FAMILY_DESC"", ""cntx__MGR_ID__ROLE_DEPTNAME__ROLE_TITLE"", ""tex__MGR_ID__RESOURCE__ROLE_ROLLUP_2"", ""te__ROLE_FAMILY_DESC__ROLE_CODE"", ""count__MGR_ID__RESOURCE"", ""count__RESOURCE__ROLE_DEPTNAME"", ""cntx__MGR_ID__RESOURCE__ROLE_ROLLUP_2"", ""tex__MGR_ID__RESOURCE__ROLE_FAMILY_DESC""]}"
amazon,2,forge_v8,binary,logloss,26215,9,0.1473869680007632,0.1413900115072743,51.24098515510559,30,True,ok,,"{""gate"": true, ""base_cv"": 0.17204865664401936, ""search_cv"": 0.07523451946763768, ""features"": [""te__MGR_ID__ROLE_TITLE"", ""te__MGR_ID__ROLE_FAMILY_DESC"", ""te__ROLE_DEPTNAME__ROLE_FAMILY_DESC"", ""te__ROLE_DEPTNAME__RESOURCE"", ""te__ROLE_DEPTNAME__ROLE_TITLE"", ""te__MGR_ID__ROLE_FAMILY"", ""te__RESOURCE__ROLE_ROLLUP_2"", ""te__RESOURCE__ROLE_FAMILY"", ""te__MGR_ID__ROLE_CODE"", ""te__ROLE_FAMILY_DESC__ROLE_ROLLUP_2"", ""count__RESOURCE__ROLE_ROLLUP_2"", ""count__MGR_ID"", ""count__RESOURCE__ROLE_ROLLUP_1"", ""count__ROLE_DEPTNAME__RESOURCE"", ""te__RESOURCE__ROLE_TITLE"", ""count__MGR_ID__ROLE_ROLLUP_2"", ""count__MGR_ID__ROLE_FAMILY_DESC"", ""te__RESOURCE__ROLE_FAMILY_DESC"", ""count__MGR_ID__ROLE_TITLE"", ""te__ROLE_DEPTNAME__ROLE_CODE"", ""count__RESOURCE__ROLE_FAMILY"", ""count__MGR_ID__RESOURCE"", ""count__MGR_ID__ROLE_ROLLUP_1"", ""te__RESOURCE__ROLE_CODE"", ""count__MGR_ID__ROLE_DEPTNAME"", ""te__MGR_ID__RESOURCE"", ""count__RESOURCE__ROLE_TITLE"", ""count__RESOURCE__ROLE_FAMILY_DESC"", ""count__RESOURCE__ROLE_CODE"", ""count__MGR_ID__ROLE_CODE""]}"
amazon,2,forge_v9,binary,logloss,26215,9,0.1429572427136576,0.133524465608969,30.415088891983032,25,True,ok,,"{""gate"": true, ""base_cv"": 0.17204865664401936, ""search_cv"": 0.14320533717617281, ""features"": [""xlin__keys"", ""te__MGR_ID__ROLE_FAMILY_DESC"", ""te__ROLE_DEPTNAME__RESOURCE"", ""te__MGR_ID__ROLE_TITLE"", ""te__ROLE_DEPTNAME__ROLE_ROLLUP_2"", ""xlin__keys_1"", ""te__RESOURCE__ROLE_ROLLUP_1"", ""te__ROLE_DEPTNAME__ROLE_TITLE"", ""te__RESOURCE__ROLE_ROLLUP_2"", ""te__ROLE_FAMILY_DESC__ROLE_ROLLUP_2"", ""te__ROLE_DEPTNAME__ROLE_FAMILY"", ""te__ROLE_ROLLUP_1"", ""te__RESOURCE__ROLE_FAMILY_DESC"", ""te__ROLE_DEPTNAME__ROLE_ROLLUP_1"", ""te__ROLE_FAMILY_DESC__ROLE_TITLE"", ""te__ROLE_DEPTNAME__ROLE_CODE"", ""te__MGR_ID__RESOURCE"", ""te__ROLE_DEPTNAME__ROLE_FAMILY_DESC"", ""te__ROLE_FAMILY_DESC__ROLE_ROLLUP_1"", ""te__MGR_ID__ROLE_CODE"", ""te__MGR_ID__ROLE_FAMILY"", ""count__ROLE_DEPTNAME__RESOURCE"", ""te__MGR_ID"", ""te__MGR_ID__ROLE_DEPTNAME"", ""count__RESOURCE__ROLE_ROLLUP_2""]}"
amazon,2,raw,binary,logloss,26215,9,0.1609513631665284,0.1606977580231561,0.0004208087921142,0,,ok,,{}
bank_churn,0,forge_m11,binary,logloss,8000,10,0.3292834603198468,0.3341139364090619,18.90497326850891,12,True,ok,,"{""gate"": true, ""base_cv"": 0.34279044720339513, ""search_cv"": 0.34109079611095394, ""features"": [""count__products_number"", ""grp_std__age__by__products_number"", ""grp_std__balance__by__products_number"", ""grp_max__balance__by__products_number"", ""grp_mean__estimated_salary__by__products_number"", ""grp_max__estimated_salary__by__products_number"", ""grp_max__age__by__products_number"", ""grp_min__balance__by__age"", ""count__products_number__active_member"", ""count__active_member__products_number"", ""grp_dev__products_number__by__active_member"", ""cntx__country__balance~8""]}"
bank_churn,0,forge_v8,binary,logloss,8000,10,0.3312084148497528,0.3345402644949576,42.455028772354126,0,False,ok,,"{""gate"": false, ""base_cv"": 0.34279044720339513, ""search_cv"": 0.34218431219568257, ""features"": []}"
bank_churn,0,forge_v9,binary,logloss,8000,10,0.3312084148497528,0.3345402644949576,8.36995553970337,0,False,ok,,"{""gate"": false, ""base_cv"": 0.34279044720339513, ""search_cv"": 0.34218431219568257, ""features"": []}"
bank_churn,0,raw,binary,logloss,8000,10,0.3312084148497528,0.3345402644949576,0.0098974704742431,0,,ok,,{}
bank_churn,1,forge_m11,binary,logloss,8000,10,0.3118365051089392,0.3388477648922465,23.2967221736908,0,False,ok,,"{""gate"": false, ""base_cv"": 0.34498162387174813, ""search_cv"": 0.3445545267646572, ""features"": []}"
bank_churn,1,forge_v8,binary,logloss,8000,10,0.3118365051089392,0.3388477648922465,7.834986925125122,0,,ok,,"{""gate"": null, ""base_cv"": 0.34498162387174813, ""search_cv"": 0.34498162387174813, ""features"": []}"
bank_churn,1,forge_v9,binary,logloss,8000,10,0.3118365051089392,0.3388477648922465,8.87385606765747,0,,ok,,"{""gate"": null, ""base_cv"": 0.34498162387174813, ""search_cv"": 0.34498162387174813, ""features"": []}"
bank_churn,1,raw,binary,logloss,8000,10,0.3118365051089392,0.3388477648922465,0.0094084739685058,0,,ok,,{}
bank_churn,2,forge_m11,binary,logloss,8000,10,0.3271082149870177,0.3343579643367271,13.59896993637085,8,True,ok,,"{""gate"": true, ""base_cv"": 0.3458352838404969, ""search_cv"": 0.3453346776649812, ""features"": [""knn__w4_0"", ""knn__w4_1"", ""knn__w4_2"", ""cntx__balance~6__country__products_number"", ""count__products_number"", ""grp_std__age__by__products_number"", ""grp_mean__balance__by__products_number"", ""grp_max__balance__by__products_number""]}"
bank_churn,2,forge_v8,binary,logloss,8000,10,0.3290071856144947,0.3349042915444783,4.888330698013306,0,,ok,,"{""gate"": null, ""base_cv"": 0.3458352838404969, ""search_cv"": 0.3458352838404969, ""features"": []}"
bank_churn,2,forge_v9,binary,logloss,8000,10,0.3290071856144947,0.3349042915444783,10.070356607437134,0,,ok,,"{""gate"": null, ""base_cv"": 0.3458352838404969, ""search_cv"": 0.3458352838404969, ""features"": []}"
bank_churn,2,raw,binary,logloss,8000,10,0.3290071856144947,0.3349042915444783,0.0001094341278076,0,,ok,,{}
bank_marketing,0,forge_m11,binary,logloss,36168,16,0.1861965016784158,0.1869405107248235,56.50742149353027,11,True,ok,,"{""gate"": true, ""base_cv"": 0.2008270271709989, ""search_cv"": 0.19412057908040906, ""features"": [""te__V11__V10"", ""count__V11__V10"", ""cntx__V10~6__V11__V9"", ""count__V10__V11"", ""cntx__V10~6__V11__V12~6"", ""cntx__V10~6__V11__V7"", ""dig_mod100__V14"", ""count__V14"", ""te__V10__V11"", ""grp_min__V1__by__V10"", ""grp_min__V10__by__V1""]}"
bank_marketing,0,forge_v8,binary,logloss,36168,16,0.1862783941201327,0.1871967874661365,40.790258169174194,4,True,ok,,"{""gate"": true, ""base_cv"": 0.2008270271709989, ""search_cv"": 0.1940649732276757, ""features"": [""count__V11__V10"", ""te__V11__V10"", ""count__V14"", ""count__V11__V9__V7""]}"
bank_marketing,0,forge_v9,binary,logloss,36168,16,0.1867892791390092,0.1878873964852714,40.29344320297241,6,True,ok,,"{""gate"": true, ""base_cv"": 0.2008270271709989, ""search_cv"": 0.19539183287235065, ""features"": [""count__V11__V10"", ""te__V11__V10"", ""dig_mod100__V14"", ""count__V14"", ""grp_min__V1__by__V10"", ""grp_min__V10__by__V1""]}"
bank_marketing,0,raw,binary,logloss,36168,16,0.1913931540238695,0.1923578570117562,0.0094621181488037,0,,ok,,{}
bank_marketing,1,forge_m11,binary,logloss,36168,16,0.1930892720656356,0.1923867323081745,52.23724317550659,0,False,ok,,"{""gate"": false, ""base_cv"": 0.19836312798893516, ""search_cv"": 0.19160967866077325, ""features"": []}"
bank_marketing,1,forge_v8,binary,logloss,36168,16,0.1930892720656356,0.1923867323081745,33.90698528289795,0,False,ok,,"{""gate"": false, ""base_cv"": 0.19836312798893516, ""search_cv"": 0.19277764078891282, ""features"": []}"
bank_marketing,1,forge_v9,binary,logloss,36168,16,0.1930892720656356,0.1923867323081745,39.25035071372986,0,False,ok,,"{""gate"": false, ""base_cv"": 0.19836312798893516, ""search_cv"": 0.19277764078891282, ""features"": []}"
bank_marketing,1,raw,binary,logloss,36168,16,0.1930892720656356,0.1923867323081745,0.0096707344055175,0,,ok,,{}
bank_marketing,2,forge_m11,binary,logloss,36168,16,0.1933597022358377,0.1865988463767016,68.6831419467926,9,True,ok,,"{""gate"": true, ""base_cv"": 0.19757974303353462, ""search_cv"": 0.1926253000600056, ""features"": [""knn__top7_0"", ""knn__top7_1"", ""knn__top7_2"", ""te__V11__V10"", ""count__V11__V10"", ""te__V10__V11"", ""te__V6"", ""count__V10__V11"", ""count__V11__V9__V7""]}"
bank_marketing,2,forge_v8,binary,logloss,36168,16,0.1944979833643731,0.1871039052919694,30.59635615348816,3,True,ok,,"{""gate"": true, ""base_cv"": 0.19757974303353462, ""search_cv"": 0.1919497007177976, ""features"": [""te__V11__V10"", ""count__V11__V10"", ""grp_max__V10__by__V1""]}"
bank_marketing,2,forge_v9,binary,logloss,36168,16,0.1943840008734709,0.1866046257713332,36.14877390861511,6,True,ok,,"{""gate"": true, ""base_cv"": 0.19757974303353462, ""search_cv"": 0.19146476083327163, ""features"": [""te__V11__V10"", ""count__V11__V10"", ""te__V6"", ""grp_max__V10__by__V1"", ""grp_min__V10__by__V1"", ""grp_min__V1__by__V4""]}"
bank_marketing,2,raw,binary,logloss,36168,16,0.1962078090972474,0.1920035352837879,0.0009291172027587,0,,ok,,{}
bike_sharing,0,forge_m11,regression,rmsle,13903,12,0.2877091188157625,0.2869555263029204,16.92183828353882,0,False,ok,,"{""gate"": false, ""base_cv"": 0.09192326657702743, ""search_cv"": 0.09065964443120796, ""features"": []}"
bike_sharing,0,forge_v8,regression,rmsle,13903,12,0.2877091188157625,0.2869555263029204,29.381113052368164,0,False,ok,,"{""gate"": false, ""base_cv"": 0.09192326657702743, ""search_cv"": 0.09148580696747606, ""features"": []}"
bike_sharing,0,forge_v9,regression,rmsle,13903,12,0.2877091188157625,0.2869555263029204,12.265714168548584,0,False,ok,,"{""gate"": false, ""base_cv"": 0.09192326657702743, ""search_cv"": 0.09148580696747606, ""features"": []}"
bike_sharing,0,raw,regression,rmsle,13903,12,0.2877091188157625,0.2869555263029204,0.0001640319824218,0,,ok,,{}
bike_sharing,1,forge_m11,regression,rmsle,13903,12,0.2837534194981991,0.2837276331358962,15.962207794189451,2,True,ok,,"{""gate"": true, ""base_cv"": 0.08837941525587535, ""search_cv"": 0.08690675559988446, ""features"": [""grp_min__temp__by__weather"", ""grp_min__feel_temp__by__weather""]}"
bike_sharing,1,forge_v8,regression,rmsle,13903,12,0.2837534194981991,0.2837276331358962,11.10711145401001,2,True,ok,,"{""gate"": true, ""base_cv"": 0.08837941525587535, ""search_cv"": 0.08690675559988446, ""features"": [""grp_min__temp__by__weather"", ""grp_min__feel_temp__by__weather""]}"
bike_sharing,1,forge_v9,regression,rmsle,13903,12,0.2837534194981991,0.2837276331358962,13.321879148483276,2,True,ok,,"{""gate"": true, ""base_cv"": 0.08837941525587535, ""search_cv"": 0.08690675559988446, ""features"": [""grp_min__temp__by__weather"", ""grp_min__feel_temp__by__weather""]}"
bike_sharing,1,raw,regression,rmsle,13903,12,0.2845857914337305,0.2848419322189012,0.0001730918884277,0,,ok,,{}
bike_sharing,2,forge_m11,regression,rmsle,13903,12,0.2665006616461051,0.2891836059461753,14.341187715530396,0,,ok,,"{""gate"": null, ""base_cv"": 0.09420734480823516, ""search_cv"": 0.09420734480823516, ""features"": []}"
bike_sharing,2,forge_v8,regression,rmsle,13903,12,0.2665006616461051,0.2891836059461753,7.744434118270874,0,,ok,,"{""gate"": null, ""base_cv"": 0.09420734480823516, ""search_cv"": 0.09420734480823516, ""features"": []}"
bike_sharing,2,forge_v9,regression,rmsle,13903,12,0.2665006616461051,0.2891836059461753,9.28208351135254,0,,ok,,"{""gate"": null, ""base_cv"": 0.09420734480823516, ""search_cv"": 0.09420734480823516, ""features"": []}"
bike_sharing,2,raw,regression,rmsle,13903,12,0.2665006616461051,0.2891836059461753,0.0004181861877441,0,,ok,,{}
click,0,forge_m11,binary,logloss,31958,11,0.4136075863934009,0.4128535893812515,38.0382821559906,5,True,ok,,"{""gate"": true, ""base_cv"": 0.416601474526341, ""search_cv"": 0.4155348017686418, ""features"": [""knn__top2_0"", ""knn__top2_1"", ""knn__top2_2"", ""grp_z__depth__by__impression"", ""row_nonzero__all""]}"
click,0,forge_v8,binary,logloss,31958,11,0.4129169010951982,0.4130315549030688,19.73422169685364,5,True,ok,,"{""gate"": true, ""base_cv"": 0.416601474526341, ""search_cv"": 0.4155954861383643, ""features"": [""knn__top2_0"", ""knn__top2_1"", ""knn__top2_2"", ""grp_dev__position__by__depth"", ""impression__div__depth""]}"
click,0,forge_v9,binary,logloss,31958,11,0.4129169010951982,0.4130315549030688,24.242655754089355,5,True,ok,,"{""gate"": true, ""base_cv"": 0.416601474526341, ""search_cv"": 0.4155954861383643, ""features"": [""knn__top2_0"", ""knn__top2_1"", ""knn__top2_2"", ""grp_dev__position__by__depth"", ""impression__div__depth""]}"
click,0,raw,binary,logloss,31958,11,0.4131239022194889,0.4141779045015893,0.0004525184631347,0,,ok,,{}
click,1,forge_m11,binary,logloss,31958,11,0.4109048739794564,0.4143247383106672,50.41206526756287,0,False,ok,,"{""gate"": false, ""base_cv"": 0.41943974331156136, ""search_cv"": 0.41834975002995, ""features"": []}"
click,1,forge_v8,binary,logloss,31958,11,0.4109048739794564,0.4143247383106672,13.79451298713684,0,,ok,,"{""gate"": null, ""base_cv"": 0.41943974331156136, ""search_cv"": 0.41943974331156136, ""features"": []}"
click,1,forge_v9,binary,logloss,31958,11,0.4109048739794564,0.4143247383106672,15.546911001205444,0,,ok,,"{""gate"": null, ""base_cv"": 0.41943974331156136, ""search_cv"": 0.41943974331156136, ""features"": []}"
click,1,raw,binary,logloss,31958,11,0.4109048739794564,0.4143247383106672,0.0006353855133056,0,,ok,,{}
click,2,forge_m11,binary,logloss,31958,11,0.4143528476566563,0.4128485978967768,21.03347897529602,0,False,ok,,"{""gate"": false, ""base_cv"": 0.4157289794544227, ""search_cv"": 0.4144291660214854, ""features"": []}"
click,2,forge_v8,binary,logloss,31958,11,0.4143528476566563,0.4128485978967768,8.781349658966064,0,,ok,,"{""gate"": null, ""base_cv"": 0.4157289794544227, ""search_cv"": 0.4157289794544227, ""features"": []}"
click,2,forge_v9,binary,logloss,31958,11,0.4143528476566563,0.4128485978967768,11.583032608032228,0,,ok,,"{""gate"": null, ""base_cv"": 0.4157289794544227, ""search_cv"": 0.4157289794544227, ""features"": []}"
click,2,raw,binary,logloss,31958,11,0.4143528476566563,0.4128485978967768,0.0009794235229492,0,,ok,,{}
coupon,0,forge_m11,binary,logloss,10147,24,0.474109216251824,0.4915339373358191,9.14289903640747,0,,ok,,"{""gate"": null, ""base_cv"": 0.5155949497412436, ""search_cv"": 0.5155949497412436, ""features"": []}"
coupon,0,forge_v8,binary,logloss,10147,24,0.474109216251824,0.4915339373358191,15.8080313205719,0,False,ok,,"{""gate"": false, ""base_cv"": 0.5155949497412436, ""search_cv"": 0.5129960314943267, ""features"": []}"
coupon,0,forge_v9,binary,logloss,10147,24,0.474109216251824,0.4915339373358191,10.133011817932127,0,False,ok,,"{""gate"": false, ""base_cv"": 0.5155949497412436, ""search_cv"": 0.5129960314943267, ""features"": []}"
coupon,0,raw,binary,logloss,10147,24,0.474109216251824,0.4915339373358191,0.0002508163452148,0,,ok,,{}
coupon,1,forge_m11,binary,logloss,10147,24,0.4743888464991332,0.4962331915665688,8.142974376678467,0,,ok,,"{""gate"": null, ""base_cv"": 0.5170040075692386, ""search_cv"": 0.5170040075692386, ""features"": []}"
coupon,1,forge_v8,binary,logloss,10147,24,0.4743888464991332,0.4962331915665688,4.484198808670044,0,,ok,,"{""gate"": null, ""base_cv"": 0.5170040075692386, ""search_cv"": 0.5170040075692386, ""features"": []}"
coupon,1,forge_v9,binary,logloss,10147,24,0.4743888464991332,0.4962331915665688,4.750409126281738,0,,ok,,"{""gate"": null, ""base_cv"": 0.5170040075692386, ""search_cv"": 0.5170040075692386, ""features"": []}"
coupon,1,raw,binary,logloss,10147,24,0.4743888464991332,0.4962331915665688,0.0002341270446777,0,,ok,,{}
coupon,2,forge_m11,binary,logloss,10147,24,0.4763065964166757,0.4913407713181869,8.403707265853882,0,,ok,,"{""gate"": null, ""base_cv"": 0.5208234856150294, ""search_cv"": 0.5208234856150294, ""features"": []}"
coupon,2,forge_v8,binary,logloss,10147,24,0.4763065964166757,0.4913407713181869,4.597524642944336,0,,ok,,"{""gate"": null, ""base_cv"": 0.5208234856150294, ""search_cv"": 0.5208234856150294, ""features"": []}"
coupon,2,forge_v9,binary,logloss,10147,24,0.4763065964166757,0.4913407713181869,6.700173616409302,0,,ok,,"{""gate"": null, ""base_cv"": 0.5208234856150294, ""search_cv"": 0.5208234856150294, ""features"": []}"
coupon,2,raw,binary,logloss,10147,24,0.4763065964166757,0.4913407713181869,0.0006039142608642,0,,ok,,{}
credit_default,0,forge_m11,binary,logloss,24000,23,0.423728923088256,0.4268221216349435,62.837637424468994,0,False,ok,,"{""gate"": false, ""base_cv"": 0.4272663534899054, ""search_cv"": 0.42469695365389526, ""features"": []}"
credit_default,0,forge_v8,binary,logloss,24000,23,0.423728923088256,0.4268221216349435,84.30233526229858,0,False,ok,,"{""gate"": false, ""base_cv"": 0.4272663534899054, ""search_cv"": 0.4259638786609686, ""features"": []}"
credit_default,0,forge_v9,binary,logloss,24000,23,0.423728923088256,0.4268221216349435,56.06861543655396,0,False,ok,,"{""gate"": false, ""base_cv"": 0.4272663534899054, ""search_cv"": 0.42486043837137744, ""features"": []}"
credit_default,0,raw,binary,logloss,24000,23,0.423728923088256,0.4268221216349435,0.0083985328674316,0,,ok,,{}
credit_default,1,forge_m11,binary,logloss,24000,23,0.4244384674108175,0.4252347511709283,68.09253096580505,0,False,ok,,"{""gate"": false, ""base_cv"": 0.4300817623862281, ""search_cv"": 0.42911827091226523, ""features"": []}"
credit_default,1,forge_v8,binary,logloss,24000,23,0.4244384674108175,0.4252347511709283,48.23650407791138,0,False,ok,,"{""gate"": false, ""base_cv"": 0.4300817623862281, ""search_cv"": 0.42871030084288586, ""features"": []}"
credit_default,1,forge_v9,binary,logloss,24000,23,0.4244384674108175,0.4252347511709283,50.27870512008667,0,False,ok,,"{""gate"": false, ""base_cv"": 0.4300817623862281, ""search_cv"": 0.42871030084288586, ""features"": []}"
credit_default,1,raw,binary,logloss,24000,23,0.4244384674108175,0.4252347511709283,0.0034162998199462,0,,ok,,{}
credit_default,2,forge_m11,binary,logloss,24000,23,0.4204895152339536,0.4266942322501493,81.35112380981445,0,False,ok,,"{""gate"": false, ""base_cv"": 0.4259307081562372, ""search_cv"": 0.42464401597692636, ""features"": []}"
credit_default,2,forge_v8,binary,logloss,24000,23,0.4204895152339536,0.4266942322501493,53.65455508232117,0,False,ok,,"{""gate"": false, ""base_cv"": 0.4259307081562372, ""search_cv"": 0.4252613478442916, ""features"": []}"
credit_default,2,forge_v9,binary,logloss,24000,23,0.4204895152339536,0.4266942322501493,50.85315537452698,0,False,ok,,"{""gate"": false, ""base_cv"": 0.4259307081562372, ""search_cv"": 0.42530279391222553, ""features"": []}"
credit_default,2,raw,binary,logloss,24000,23,0.4204895152339536,0.4266942322501493,0.0002005100250244,0,,ok,,{}
diamonds,0,forge_m11,regression,rmsle,43152,9,0.080748613782175,0.0833030582371836,58.477580308914185,3,True,ok,,"{""gate"": true, ""base_cv"": 0.007818906634116525, ""search_cv"": 0.007410446825128838, ""features"": [""y__div__x"", ""x__rdiv__y"", ""y__rdiv__x""]}"
diamonds,0,forge_v8,regression,rmsle,43152,9,0.0807443948658871,0.0833076533506563,77.67065596580505,3,True,ok,,"{""gate"": true, ""base_cv"": 0.007818906634116525, ""search_cv"": 0.0073973188141435746, ""features"": [""y__sub__x"", ""y__rdiv__x"", ""y__div__x""]}"
diamonds,0,forge_v9,regression,rmsle,43152,9,0.0809896349620158,0.083336019490495,47.29525184631348,8,True,ok,,"{""gate"": true, ""base_cv"": 0.007818906634116525, ""search_cv"": 0.0074501580152468196, ""features"": [""y__div__x"", ""y__sub__x"", ""y__rdiv__x"", ""x__rdiv__z"", ""grp_min__x__by__table"", ""grp_min__carat__by__table"", ""dig_frac__table"", ""dig_frac100__table""]}"
diamonds,0,raw,regression,rmsle,43152,9,0.0823733809921779,0.0854482932029725,0.0006105899810791,0,,ok,,{}
diamonds,1,forge_m11,regression,rmsle,43152,9,0.0807362862130417,0.0835192783866762,79.15867757797241,11,True,ok,,"{""gate"": true, ""base_cv"": 0.007896953974734267, ""search_cv"": 0.007473956964055706, ""features"": [""y__div__x"", ""y__rdiv__x"", ""x__rdiv__y"", ""x__div__y"", ""grp_min__y__by__table"", ""x__sub__y"", ""grp_min__x__by__table"", ""grp_min__z__by__table"", ""grp_min__carat__by__table"", ""dig_frac__table"", ""dig_frac100__table""]}"
diamonds,1,forge_v8,regression,rmsle,43152,9,0.0806872477994357,0.0835542589155393,35.98465538024902,3,True,ok,,"{""gate"": true, ""base_cv"": 0.007896953974734267, ""search_cv"": 0.007469536130158629, ""features"": [""y__div__x"", ""y__rdiv__x"", ""y__sub__x""]}"
diamonds,1,forge_v9,regression,rmsle,43152,9,0.0806872477994357,0.0835542589155393,38.846741676330566,3,True,ok,,"{""gate"": true, ""base_cv"": 0.007896953974734267, ""search_cv"": 0.007469536130158629, ""features"": [""y__div__x"", ""y__rdiv__x"", ""y__sub__x""]}"
diamonds,1,raw,regression,rmsle,43152,9,0.0823269471198043,0.0856890607932927,0.0006802082061767,0,,ok,,{}
diamonds,2,forge_m11,regression,rmsle,43152,9,0.0840605654024829,0.0824853188607648,70.57678747177124,3,True,ok,,"{""gate"": true, ""base_cv"": 0.007807911575475678, ""search_cv"": 0.007305181660741128, ""features"": [""y__rdiv__x"", ""x__div__y"", ""y__div__x""]}"
diamonds,2,forge_v8,regression,rmsle,43152,9,0.0840252104352305,0.0826608804138371,40.03645658493042,3,True,ok,,"{""gate"": true, ""base_cv"": 0.007807911575475678, ""search_cv"": 0.00733930266422669, ""features"": [""y__rdiv__x"", ""y__div__x"", ""y__rdiv__z""]}"
diamonds,2,forge_v9,regression,rmsle,43152,9,0.0843496212521329,0.0828850703188472,43.90477180480957,3,True,ok,,"{""gate"": true, ""base_cv"": 0.007807911575475678, ""search_cv"": 0.0073341814364460915, ""features"": [""y__rdiv__x"", ""y__div__x"", ""x__rdiv__z""]}"
diamonds,2,raw,regression,rmsle,43152,9,0.0856228956919496,0.0845410722096939,0.0004196166992187,0,,ok,,{}
food_delivery,0,forge_m11,regression,rmse,36360,9,7.214731622600605,7.213973130814137,48.400667905807495,9,True,ok,,"{""gate"": true, ""base_cv"": 57.741415700141914, ""search_cv"": 52.165081535207726, ""features"": [""Delivery_location_longitude__sub__Restaurant_longitude"", ""Delivery_location_latitude__sub__Restaurant_latitude"", ""geo_manh__Restaurant_latitude__Delivery_location_latitude"", ""geo_hav__Restaurant_latitude__Delivery_location_latitude"", ""Delivery_location_longitude__rdiv__Restaurant_longitude"", ""Delivery_location_longitude__div__Restaurant_longitude"", ""grp_mean__Delivery_location_longitude__div__Restaurant_longitude__by__Delivery_person_Ratings"", ""count__Delivery_person_Age__Delivery_person_ID__Type_of_order"", ""grp_mean__geo_manh__Restaurant_latitude__Delivery_location_latitude__by__Delivery_person_Ratings""]}"
food_delivery,0,forge_v8,regression,rmse,36360,9,7.329056905320202,7.2354384943926915,152.45062518119812,12,True,ok,,"{""gate"": true, ""base_cv"": 57.741415700141914, ""search_cv"": 46.17037802273241, ""features"": [""Delivery_location_longitude__sub__Restaurant_longitude"", ""grp_dev__Delivery_location_longitude__by__Delivery_person_ID"", ""te__Delivery_person_Ratings__Delivery_person_ID"", ""te__Delivery_person_ID"", ""grp_dev__Delivery_location_latitude__by__Delivery_person_ID"", ""Delivery_location_latitude__sub__Restaurant_latitude"", ""te__Delivery_person_ID__Type_of_order"", ""te__Delivery_person_ID__Type_of_vehicle"", ""grp_max__Restaurant_latitude__by__Delivery_person_Ratings"", ""Delivery_location_longitude__div__Restaurant_longitude"", ""Delivery_location_latitude__div__Restaurant_latitude"", ""grp_z__Delivery_location_longitude__by__Delivery_person_ID""]}"
food_delivery,0,forge_v9,regression,rmse,36360,9,7.215452461250515,7.204137493762978,41.1601197719574,11,True,ok,,"{""gate"": true, ""base_cv"": 57.741415700141914, ""search_cv"": 52.20311550682604, ""features"": [""Delivery_location_longitude__sub__Restaurant_longitude"", ""Delivery_location_latitude__sub__Restaurant_latitude"", ""geo_manh__Restaurant_latitude__Delivery_location_latitude"", ""knn__geo_Delivery_location_latitude_0"", ""knn__geo_Delivery_location_latitude_1"", ""knn__geo_Delivery_location_latitude_2"", ""grp_dev__Delivery_location_latitude__by__Delivery_person_ID"", ""te__Delivery_location_latitude"", ""grp_mean__grp_dev__Delivery_location_latitude__by__Delivery_person_ID__by__Delivery_person_Ratings"", ""grp_mean__geo_manh__Restaurant_latitude__Delivery_location_latitude__by__Delivery_person_Ratings"", ""grp_mean__Delivery_location_longitude__sub__Restaurant_longitude__by__Delivery_person_Ratings""]}"
food_delivery,0,raw,regression,rmse,36360,9,7.489301296996138,7.536696223256978,0.0004918575286865,0,,ok,,{}
food_delivery,1,forge_m11,regression,rmse,36360,9,7.351997699237826,7.17276219210023,73.16883063316345,28,True,ok,,"{""gate"": true, ""base_cv"": 57.31688795629837, ""search_cv"": 51.72162279061309, ""features"": [""Delivery_location_longitude__sub__Restaurant_longitude"", ""Delivery_location_latitude__sub__Restaurant_latitude"", ""grp_min__Delivery_person_Ratings__by__Delivery_person_Age"", ""knn__geo_Delivery_location_latitude_0"", ""knn__geo_Delivery_location_latitude_1"", ""knn__geo_Delivery_location_latitude_2"", ""grp_dev__Delivery_location_latitude__by__Delivery_person_ID"", ""geo_hav__Restaurant_latitude__Delivery_location_latitude"", ""grp_max__Restaurant_longitude__by__Delivery_person_Ratings"", ""grp_dev__Delivery_location_longitude__by__Delivery_person_ID"", ""te__Delivery_location_longitude"", ""grp_z__Delivery_location_longitude__by__Delivery_person_ID"", ""Delivery_location_latitude__div__Restaurant_latitude"", ""Delivery_location_longitude__div__Restaurant_longitude"", ""geo_manh__Restaurant_latitude__Delivery_location_latitude"", ""Delivery_location_longitude__rdiv__Restaurant_longitude"", ""Delivery_location_latitude__rdiv__Restaurant_latitude"", ""grp_max__Restaurant_longitude__by__Delivery_person_Age"", ""grp_z__Delivery_location_latitude__by__Delivery_person_ID"", ""te__Delivery_location_latitude"", ""grp_max__Restaurant_latitude__by__Delivery_person_Age"", ""grp_min__Delivery_person_Age__by__Delivery_person_Ratings"", ""grp_mean__Delivery_location_longitude__div__Restaurant_longitude__by__Delivery_person_Ratings"", ""grp_mean__Delivery_location_latitude__div__Restaurant_latitude__by__Delivery_person_Ratings"", ""grp_mean__grp_max__Restaurant_latitude__by__Delivery_person_Age__by__Delivery_person_Ratings"", ""grp_mean__Delivery_location_latitude__rdiv__Restaurant_latitude__by__Delivery_person_Ratings"", ""Delivery_location_longitude__sub__Restaurant_longitude__add__grp_min__Delivery_person_Age__by__Delivery_person_Ratings"", ""grp_mean__Delivery_location_longitude__rdiv__Restaurant_longitude__by__Delivery_person_Ratings""]}"
food_delivery,1,forge_v8,regression,rmse,36360,9,7.40953877679866,7.189927243727936,44.8069794178009,6,True,ok,,"{""gate"": true, ""base_cv"": 57.31688795629837, ""search_cv"": 46.36512788050365, ""features"": [""Delivery_location_longitude__sub__Restaurant_longitude"", ""grp_min__Delivery_person_Ratings__by__Delivery_person_Age"", ""Delivery_location_latitude__sub__Restaurant_latitude"", ""te__Delivery_person_ID"", ""te__Delivery_person_Ratings__Delivery_person_ID"", ""grp_dev__Delivery_location_latitude__by__Delivery_person_ID""]}"
food_delivery,1,forge_v9,regression,rmse,36360,9,7.352019752156389,7.170189499778416,61.0504777431488,33,True,ok,,"{""gate"": true, ""base_cv"": 57.31688795629837, ""search_cv"": 51.61636963146717, ""features"": [""Delivery_location_longitude__sub__Restaurant_longitude"", ""Delivery_location_latitude__sub__Restaurant_latitude"", ""grp_min__Delivery_person_Ratings__by__Delivery_person_Age"", ""knn__geo_Delivery_location_latitude_0"", ""knn__geo_Delivery_location_latitude_1"", ""knn__geo_Delivery_location_latitude_2"", ""grp_dev__Delivery_location_latitude__by__Delivery_person_ID"", ""geo_hav__Restaurant_latitude__Delivery_location_latitude"", ""grp_max__Restaurant_longitude__by__Delivery_person_Ratings"", ""grp_dev__Delivery_location_longitude__by__Delivery_person_ID"", ""te__Delivery_location_longitude"", ""grp_z__Delivery_location_longitude__by__Delivery_person_ID"", ""Delivery_location_latitude__div__Restaurant_latitude"", ""Delivery_location_longitude__div__Restaurant_longitude"", ""geo_manh__Restaurant_latitude__Delivery_location_latitude"", ""Delivery_location_longitude__rdiv__Restaurant_longitude"", ""Delivery_location_latitude__rdiv__Restaurant_latitude"", ""grp_max__Restaurant_longitude__by__Delivery_person_Age"", ""grp_z__Delivery_location_latitude__by__Delivery_person_ID"", ""te__Delivery_location_latitude"", ""grp_max__Restaurant_latitude__by__Delivery_person_Age"", ""grp_min__Delivery_person_Age__by__Delivery_person_Ratings"", ""grp_min__Delivery_person_Age__by__Delivery_person_Ratings__sub__Delivery_person_Ratings"", ""grp_min__Delivery_person_Age__by__Delivery_person_Ratings__add__Delivery_location_longitude__sub__Restaurant_longitude"", ""grp_mean__Delivery_location_longitude__div__Restaurant_longitude__by__Delivery_person_Ratings"", ""grp_mean__Delivery_location_latitude__rdiv__Restaurant_latitude__by__Delivery_person_Ratings"", ""grp_mean__Delivery_location_latitude__div__Restaurant_latitude__by__Delivery_person_Ratings"", ""grp_mean__grp_max__Restaurant_latitude__by__Delivery_person_Age__by__Delivery_person_Ratings"", ""grp_max__Restaurant_longitude__by__Delivery_person_Ratings__sub__Delivery_person_Ratings"", ""grp_max__Restaurant_latitude__by__Delivery_person_Age__div__grp_max__Restaurant_longitude__by__Delivery_person_Ratings"", ""grp_mean__Delivery_location_longitude__rdiv__Restaurant_longitude__by__Delivery_person_Ratings"", ""grp_min__Delivery_person_Age__by__Delivery_person_Ratings__div__grp_max__Restaurant_longitude__by__Delivery_person_Ratings"", ""grp_max__Restaurant_longitude__by__Delivery_person_Ratings__add__Delivery_person_Ratings""]}"
food_delivery,1,raw,regression,rmse,36360,9,7.611047885347156,7.498989893445034,0.0004069805145263,0,,ok,,{}
food_delivery,2,forge_m11,regression,rmse,36360,9,7.127650076252652,7.228885624677813,50.78752660751343,14,True,ok,,"{""gate"": true, ""base_cv"": 58.21850028178927, ""search_cv"": 52.210049111099764, ""features"": [""Delivery_location_longitude__sub__Restaurant_longitude"", ""geo_hav__Restaurant_latitude__Delivery_location_latitude"", ""knn__geo_Delivery_location_latitude_0"", ""knn__geo_Delivery_location_latitude_1"", ""knn__geo_Delivery_location_latitude_2"", ""Delivery_location_latitude__sub__Restaurant_latitude"", ""grp_mean__Restaurant_latitude__by__Delivery_person_Ratings"", ""grp_max__Restaurant_latitude__by__Delivery_person_Ratings"", ""grp_mean__Restaurant_latitude__by__Delivery_person_Ratings__div__grp_max__Restaurant_latitude__by__Delivery_person_Ratings"", ""grp_max__Restaurant_latitude__by__Delivery_person_Ratings__rdiv__grp_mean__Restaurant_latitude__by__Delivery_person_Ratings"", ""grp_mean__Restaurant_latitude__by__Delivery_person_Ratings__div__Delivery_person_Ratings"", ""grp_max__Restaurant_latitude__by__Delivery_person_Ratings__div__Delivery_person_Ratings"", ""Delivery_person_Ratings__add__grp_max__Restaurant_latitude__by__Delivery_person_Ratings"", ""grp_dev__grp_max__Restaurant_latitude__by__Delivery_person_Ratings__by__Type_of_vehicle""]}"
food_delivery,2,forge_v8,regression,rmse,36360,9,7.19323958084448,7.271851054858424,40.84204936027527,3,True,ok,,"{""gate"": true, ""base_cv"": 58.21850028178927, ""search_cv"": 46.95445527080353, ""features"": [""Delivery_location_longitude__sub__Restaurant_longitude"", ""Delivery_location_latitude__sub__Restaurant_latitude"", ""te__Delivery_person_ID""]}"
food_delivery,2,forge_v9,regression,rmse,36360,9,7.132697450160181,7.224951548941608,39.97811722755432,14,True,ok,,"{""gate"": true, ""base_cv"": 58.21850028178927, ""search_cv"": 52.238962048895864, ""features"": [""Delivery_location_longitude__sub__Restaurant_longitude"", ""geo_hav__Restaurant_latitude__Delivery_location_latitude"", ""knn__geo_Delivery_location_latitude_0"", ""knn__geo_Delivery_location_latitude_1"", ""knn__geo_Delivery_location_latitude_2"", ""Delivery_location_latitude__sub__Restaurant_latitude"", ""grp_mean__Restaurant_latitude__by__Delivery_person_Ratings"", ""grp_max__Restaurant_latitude__by__Delivery_person_Ratings"", ""grp_mean__Restaurant_latitude__by__Delivery_person_Ratings__div__Delivery_person_Ratings"", ""grp_dev__grp_max__Restaurant_latitude__by__Delivery_person_Ratings__by__Type_of_vehicle"", ""grp_z__grp_max__Restaurant_latitude__by__Delivery_person_Ratings__by__Delivery_person_Age"", ""grp_max__Restaurant_latitude__by__Delivery_person_Ratings__sub__Delivery_person_Ratings"", ""Delivery_location_latitude__sub__Restaurant_latitude__mul__grp_max__Restaurant_latitude__by__Delivery_person_Ratings"", ""grp_z__grp_max__Restaurant_latitude__by__Delivery_person_Ratings__by__Type_of_vehicle""]}"
food_delivery,2,raw,regression,rmse,36360,9,7.426196098355344,7.564132129830786,0.0006146430969238,0,,ok,,{}
give_me_credit,0,forge_m11,binary,logloss,48000,10,0.1788904523469829,0.1784543789802288,73.13726305961609,0,,ok,,"{""gate"": null, ""base_cv"": 0.1788403711301324, ""search_cv"": 0.1788403711301324, ""features"": []}"
give_me_credit,0,forge_v8,binary,logloss,48000,10,0.1788904523469829,0.1784543789802288,32.11851978302002,0,,ok,,"{""gate"": null, ""base_cv"": 0.1788403711301324, ""search_cv"": 0.1788403711301324, ""features"": []}"
give_me_credit,0,forge_v9,binary,logloss,48000,10,0.1788904523469829,0.1784543789802288,30.629915475845337,0,,ok,,"{""gate"": null, ""base_cv"": 0.1788403711301324, ""search_cv"": 0.1788403711301324, ""features"": []}"
give_me_credit,0,raw,binary,logloss,48000,10,0.1788904523469829,0.1784543789802288,0.0001196861267089,0,,ok,,{}
give_me_credit,1,forge_m11,binary,logloss,48000,10,0.1793538491304343,0.1785513399527548,74.00946187973022,0,,ok,,"{""gate"": null, ""base_cv"": 0.17899823690840685, ""search_cv"": 0.17899823690840685, ""features"": []}"
give_me_credit,1,forge_v8,binary,logloss,48000,10,0.1793538491304343,0.1785513399527548,26.343637704849243,0,,ok,,"{""gate"": null, ""base_cv"": 0.17899823690840685, ""search_cv"": 0.17899823690840685, ""features"": []}"
give_me_credit,1,forge_v9,binary,logloss,48000,10,0.1793538491304343,0.1785513399527548,28.598435401916504,0,,ok,,"{""gate"": null, ""base_cv"": 0.17899823690840685, ""search_cv"": 0.17899823690840685, ""features"": []}"
give_me_credit,1,raw,binary,logloss,48000,10,0.1793538491304343,0.1785513399527548,0.0002663135528564,0,,ok,,{}
give_me_credit,2,forge_m11,binary,logloss,48000,10,0.1802043394323828,0.177766100006687,74.00979661941528,0,,ok,,"{""gate"": null, ""base_cv"": 0.1803801414099185, ""search_cv"": 0.1803801414099185, ""features"": []}"
give_me_credit,2,forge_v8,binary,logloss,48000,10,0.1802043394323828,0.177766100006687,27.93025135993957,0,,ok,,"{""gate"": null, ""base_cv"": 0.1803801414099185, ""search_cv"": 0.1803801414099185, ""features"": []}"
give_me_credit,2,forge_v9,binary,logloss,48000,10,0.1802043394323828,0.177766100006687,29.88983678817749,0,,ok,,"{""gate"": null, ""base_cv"": 0.1803801414099185, ""search_cv"": 0.1803801414099185, ""features"": []}"
give_me_credit,2,raw,binary,logloss,48000,10,0.1802043394323828,0.177766100006687,2.384185791015625e-05,0,,ok,,{}
house_prices,0,forge_m11,regression,rmsle,1168,79,0.1261642565547931,0.1276195363607112,61.02169561386109,0,False,ok,,"{""gate"": false, ""base_cv"": 0.01870586031235703, ""search_cv"": 0.017392349027403397, ""features"": []}"
house_prices,0,forge_v8,regression,rmsle,1168,79,0.1261642565547931,0.1276195363607112,53.02686548233032,0,,ok,,"{""gate"": null, ""base_cv"": 0.01870586031235703, ""search_cv"": 0.01870586031235703, ""features"": []}"
house_prices,0,forge_v9,regression,rmsle,1168,79,0.1261642565547931,0.1276195363607112,14.73515248298645,0,,ok,,"{""gate"": null, ""base_cv"": 0.01870586031235703, ""search_cv"": 0.01870586031235703, ""features"": []}"
house_prices,0,raw,regression,rmsle,1168,79,0.1261642565547931,0.1276195363607112,4.482269287109375e-05,0,,ok,,{}
house_prices,1,forge_m11,regression,rmsle,1168,79,0.124056510349565,0.1234009263987174,56.46516418457031,9,True,ok,,"{""gate"": true, ""base_cv"": 0.019282961541200582, ""search_cv"": 0.018171268042614697, ""features"": [""FullBath__mul__OverallCond"", ""BsmtFullBath__add__OverallCond"", ""count__GarageYrBlt__KitchenQual"", ""count__GarageYrBlt__KitchenQual__div__LotArea"", ""count__GarageYrBlt__KitchenQual__rdiv__LotArea"", ""BsmtFullBath__add__OverallCond__mul__YearBuilt"", ""BsmtFinSF1__sub__count__GarageYrBlt__KitchenQual__rdiv__LotArea"", ""count__GarageYrBlt__KitchenQual__div__LotArea__div__GarageCars"", ""count__Neighborhood__GarageCars__CentralAir""]}"
house_prices,1,forge_v8,regression,rmsle,1168,79,0.1248652269212334,0.1257333824927033,25.748960256576535,0,False,ok,,"{""gate"": false, ""base_cv"": 0.019282961541200582, ""search_cv"": 0.018480056077028798, ""features"": []}"
house_prices,1,forge_v9,regression,rmsle,1168,79,0.1248652269212334,0.1257333824927033,25.957635641098022,0,False,ok,,"{""gate"": false, ""base_cv"": 0.019282961541200582, ""search_cv"": 0.018324081522299546, ""features"": []}"
house_prices,1,raw,regression,rmsle,1168,79,0.1248652269212334,0.1257333824927033,0.0002307891845703,0,,ok,,{}
house_prices,2,forge_m11,regression,rmsle,1168,79,0.1295008416012163,0.126283139468646,51.512609004974365,0,False,ok,,"{""gate"": false, ""base_cv"": 0.017132892556647055, ""search_cv"": 0.01567547502947586, ""features"": []}"
house_prices,2,forge_v8,regression,rmsle,1168,79,0.1285604599291391,0.1258314168811899,35.31533455848694,25,True,ok,,"{""gate"": true, ""base_cv"": 0.017132892556647055, ""search_cv"": 0.015808283689316163, ""features"": [""OverallCond__mul__FullBath"", ""YearBuilt__mul__OverallCond"", ""grp_mean__TotalBsmtSF__by__Neighborhood"", ""grp_mean__GarageCars__by__Neighborhood"", ""OverallQual__mul__OverallCond"", ""grp_mean__TotRmsAbvGrd__by__Neighborhood"", ""grp_z__LotArea__by__GarageCars"", ""te__CentralAir__Neighborhood"", ""count__KitchenQual"", ""grp_mean__GrLivArea__by__KitchenQual"", ""GarageCars__add__OverallCond"", ""TotRmsAbvGrd__add__MoSold"", ""grp_min__GrLivArea__by__KitchenQual"", ""grp_std__GarageCars__by__Neighborhood"", ""grp_std__LotFrontage__by__Neighborhood"", ""grp_mean__MSSubClass__by__Neighborhood"", ""grp_std__GarageArea__by__Neighborhood"", ""grp_max__1stFlrSF__by__Neighborhood"", ""grp_dev__OverallCond__by__CentralAir"", ""grp_std__OpenPorchSF__by__Neighborhood"", ""grp_mean__MasVnrArea__by__Neighborhood"", ""grp_dev__OverallCond__by__KitchenQual"", ""grp_mean__1stFlrSF__by__Neighborhood"", ""grp_std__FullBath__by__Neighborhood"", ""grp_max__FullBath__by__Neighborhood""]}"
house_prices,2,forge_v9,regression,rmsle,1168,79,0.1285604599291391,0.1258314168811899,42.38956022262573,25,True,ok,,"{""gate"": true, ""base_cv"": 0.017132892556647055, ""search_cv"": 0.01558081357546026, ""features"": [""OverallCond__mul__FullBath"", ""YearBuilt__mul__OverallCond"", ""grp_mean__TotalBsmtSF__by__Neighborhood"", ""grp_mean__GarageCars__by__Neighborhood"", ""OverallQual__mul__OverallCond"", ""grp_mean__TotRmsAbvGrd__by__Neighborhood"", ""grp_z__LotArea__by__GarageCars"", ""te__CentralAir__Neighborhood"", ""count__KitchenQual"", ""grp_mean__GrLivArea__by__KitchenQual"", ""GarageCars__add__OverallCond"", ""TotRmsAbvGrd__add__MoSold"", ""grp_min__GrLivArea__by__KitchenQual"", ""grp_std__GarageCars__by__Neighborhood"", ""grp_std__LotFrontage__by__Neighborhood"", ""grp_mean__MSSubClass__by__Neighborhood"", ""grp_std__GarageArea__by__Neighborhood"", ""grp_max__1stFlrSF__by__Neighborhood"", ""grp_dev__OverallCond__by__CentralAir"", ""grp_std__OpenPorchSF__by__Neighborhood"", ""grp_mean__MasVnrArea__by__Neighborhood"", ""grp_dev__OverallCond__by__KitchenQual"", ""grp_mean__1stFlrSF__by__Neighborhood"", ""grp_std__FullBath__by__Neighborhood"", ""grp_max__FullBath__by__Neighborhood""]}"
house_prices,2,raw,regression,rmsle,1168,79,0.1295008416012163,0.126283139468646,0.0001721382141113,0,,ok,,{}
hr_analytics,0,forge_m11,binary,logloss,15326,12,0.428729603182403,0.4338717105370815,12.16537857055664,0,,ok,,"{""gate"": null, ""base_cv"": 0.43699250945328383, ""search_cv"": 0.43699250945328383, ""features"": []}"
hr_analytics,0,forge_v8,binary,logloss,15326,12,0.428729603182403,0.4338717105370815,30.30188751220703,0,,ok,,"{""gate"": null, ""base_cv"": 0.43699250945328383, ""search_cv"": 0.43699250945328383, ""features"": []}"
hr_analytics,0,forge_v9,binary,logloss,15326,12,0.428729603182403,0.4338717105370815,8.234459161758423,0,,ok,,"{""gate"": null, ""base_cv"": 0.43699250945328383, ""search_cv"": 0.43699250945328383, ""features"": []}"
hr_analytics,0,raw,binary,logloss,15326,12,0.428729603182403,0.4338717105370815,0.0002775192260742,0,,ok,,{}
hr_analytics,1,forge_m11,binary,logloss,15326,12,0.4324836797466354,0.4345683682894208,15.064316987991331,0,False,ok,,"{""gate"": false, ""base_cv"": 0.43418490118864966, ""search_cv"": 0.4318908618305451, ""features"": []}"
hr_analytics,1,forge_v8,binary,logloss,15326,12,0.4324836797466354,0.4345683682894208,15.508329629898071,0,False,ok,,"{""gate"": false, ""base_cv"": 0.43418490118864966, ""search_cv"": 0.4296165348384696, ""features"": []}"
hr_analytics,1,forge_v9,binary,logloss,15326,12,0.4324836797466354,0.4345683682894208,18.5872540473938,0,False,ok,,"{""gate"": false, ""base_cv"": 0.43418490118864966, ""search_cv"": 0.4318908618305451, ""features"": []}"
hr_analytics,1,raw,binary,logloss,15326,12,0.4324836797466354,0.4345683682894208,0.0002310276031494,0,,ok,,{}
hr_analytics,2,forge_m11,binary,logloss,15326,12,0.4355819195860237,0.4330286530750507,10.794482469558716,0,False,ok,,"{""gate"": false, ""base_cv"": 0.439210085453119, ""search_cv"": 0.43861058652143664, ""features"": []}"
hr_analytics,2,forge_v8,binary,logloss,15326,12,0.4355819195860237,0.4330286530750507,5.185530662536621,0,,ok,,"{""gate"": null, ""base_cv"": 0.439210085453119, ""search_cv"": 0.439210085453119, ""features"": []}"
hr_analytics,2,forge_v9,binary,logloss,15326,12,0.4355819195860237,0.4330286530750507,7.172936677932739,0,False,ok,,"{""gate"": false, ""base_cv"": 0.439210085453119, ""search_cv"": 0.43861058652143664, ""features"": []}"
hr_analytics,2,raw,binary,logloss,15326,12,0.4355819195860237,0.4330286530750507,0.0004177093505859,0,,ok,,{}
kdd_appetency,0,forge_m11,binary,logloss,40000,230,0.0752839219293697,0.074056698537057,189.0590627193451,0,True,ok,,"{""gate"": true, ""base_cv"": 0.08163284725237348, ""search_cv"": 0.07540813547761013, ""features"": []}"
kdd_appetency,0,forge_v8,binary,logloss,40000,230,0.0792572435868887,0.0802786275128478,189.0793495178223,0,False,ok,,"{""gate"": false, ""base_cv"": 0.08163284725237348, ""search_cv"": 0.053487731738339546, ""features"": []}"
kdd_appetency,0,forge_v9,binary,logloss,40000,230,0.0748718096313219,0.0745176009925557,150.14395666122437,7,True,ok,,"{""gate"": true, ""base_cv"": 0.08163284725237348, ""search_cv"": 0.07584293703045898, ""features"": [""knn__top4_0"", ""knn__top4_1"", ""knn__top4_2"", ""knn__top8_0"", ""knn__top8_1"", ""knn__top8_2"", ""grp_min__Var189__by__Var126""]}"
kdd_appetency,0,raw,binary,logloss,40000,230,0.0792572435868887,0.0802786275128478,0.0010285377502441,0,,ok,,{}
kdd_appetency,1,forge_m11,binary,logloss,40000,230,0.0759111723553169,0.0740498077930448,172.58442211151123,0,True,ok,,"{""gate"": true, ""base_cv"": 0.08153723793617733, ""search_cv"": 0.07578763701589133, ""features"": []}"
kdd_appetency,1,forge_v8,binary,logloss,40000,230,0.0796388641646148,0.0788476622983311,155.092933177948,8,True,ok,,"{""gate"": true, ""base_cv"": 0.08153723793617733, ""search_cv"": 0.04970779753828953, ""features"": [""te__Var126__Var218"", ""te__Var217"", ""te__Var202__Var217"", ""grp_min__Var189__by__Var217"", ""te__Var204__Var217"", ""knn__top4_0"", ""knn__top4_1"", ""knn__top4_2""]}"
kdd_appetency,1,forge_v9,binary,logloss,40000,230,0.0759111723553169,0.0740498077930448,124.58827376365662,0,True,ok,,"{""gate"": true, ""base_cv"": 0.08153723793617733, ""search_cv"": 0.075338226037082, ""features"": []}"
kdd_appetency,1,raw,binary,logloss,40000,230,0.0799988999300379,0.0798539899046763,0.0002913475036621,0,,ok,,{}
kdd_appetency,2,forge_m11,binary,logloss,40000,230,0.0748034324470239,0.0737299348958606,217.61832904815677,0,True,ok,,"{""gate"": true, ""base_cv"": 0.08107525032870819, ""search_cv"": 0.07532917024735561, ""features"": []}"
kdd_appetency,2,forge_v8,binary,logloss,40000,230,0.0796690611978438,0.0787366685187107,193.40859293937683,25,True,ok,,"{""gate"": true, ""base_cv"": 0.08107525032870819, ""search_cv"": 0.05167223108985645, ""features"": [""te__Var217"", ""grp_mean__Var113__by__Var126"", ""grp_std__Var153__by__Var126"", ""grp_max__Var119__by__Var126"", ""te__Var217__Var109"", ""grp_min__Var38__by__Var217"", ""grp_std__Var94__by__Var126"", ""grp_mean__Var25__by__Var126"", ""count__Var202__Var109"", ""grp_min__Var160__by__Var217"", ""count__Var217"", ""count__Var217__Var109"", ""grp_std__Var189__by__Var126"", ""grp_min__Var133__by__Var217"", ""te__Var199__Var73"", ""count__Var202__Var189"", ""grp_min__Var160__by__Var202"", ""grp_mean__Var73__by__Var218"", ""grp_mean__Var189__by__Var126"", ""grp_min__Var76__by__Var217"", ""grp_min__Var73__by__Var217"", ""grp_std__Var94__by__Var218"", ""grp_min__Var125__by__Var202"", ""grp_min__Var134__by__Var202"", ""grp_min__Var38__by__Var202""]}"
kdd_appetency,2,forge_v9,binary,logloss,40000,230,0.0748034324470239,0.0737299348958606,118.88178277015686,0,True,ok,,"{""gate"": true, ""base_cv"": 0.08107525032870819, ""search_cv"": 0.07535447614939335, ""features"": []}"
kdd_appetency,2,raw,binary,logloss,40000,230,0.0800627482290394,0.0792138048679339,0.0073976516723632,0,,ok,,{}
kdd_upselling,0,forge_m11,binary,logloss,40000,230,0.166316013355454,0.1661071303263319,266.9942674636841,0,True,ok,,"{""gate"": true, ""base_cv"": 0.17780036629900195, ""search_cv"": 0.1665855851932573, ""features"": []}"
kdd_upselling,0,forge_v8,binary,logloss,40000,230,0.1734771307173184,0.1745287946648655,303.8509740829468,14,True,ok,,"{""gate"": true, ""base_cv"": 0.17780036629900195, ""search_cv"": 0.16143122933859685, ""features"": [""gam__top"", ""knn__top2_0"", ""knn__top2_1"", ""knn__top2_2"", ""count__Var202__Var204"", ""grp_min__Var73__by__Var202"", ""grp_mean__Var140__by__Var126"", ""grp_min__Var160__by__Var202"", ""grp_mean__Var25__by__Var216"", ""grp_mean__Var125__by__Var216"", ""grp_max__Var125__by__Var216"", ""grp_std__Var140__by__Var216"", ""te__Var198__Var202"", ""grp_mean__Var81__by__Var126""]}"
kdd_upselling,0,forge_v9,binary,logloss,40000,230,0.1667036913094023,0.1656447066915298,165.98645949363708,31,True,ok,,"{""gate"": true, ""base_cv"": 0.17780036629900195, ""search_cv"": 0.16729520390646502, ""features"": [""knn__top2_0"", ""knn__top2_1"", ""knn__top2_2"", ""te__Var126__Var211"", ""tekb__Var226__Var126"", ""knn__top32_0"", ""knn__top32_1"", ""knn__top32_2"", ""grp_min__Var126__by__Var217"", ""grp_std__Var134__by__Var216"", ""grp_std__Var126__by__Var216"", ""grp_mean__Var140__by__Var126"", ""grp_mean__Var74__by__Var126"", ""grp_std__Var74__by__Var126"", ""count__Var149"", ""grp_mean__Var133__by__Var126"", ""count__Var126"", ""grp_max__Var21__by__Var126"", ""grp_max__Var76__by__Var226"", ""grp_min__Var94__by__Var189"", ""grp_mean__Var119__by__Var126"", ""grp_mean__Var81__by__Var126"", ""grp_min__Var21__by__Var192"", ""grp_max__Var113__by__Var126"", ""grp_min__Var189__by__Var126"", ""grp_mean__Var163__by__Var126"", ""grp_min__Var119__by__Var192"", ""te__Var217__Var199"", ""count__Var202__Var199"", ""grp_min__Var126__by__Var192"", ""grp_mean__Var189__by__Var126""]}"
kdd_upselling,0,raw,binary,logloss,40000,230,0.1752053179541148,0.1763001769606275,0.0180597305297851,0,,ok,,{}
kdd_upselling,1,forge_m11,binary,logloss,40000,230,0.1634027003108431,0.1670805985478749,171.19334292411804,0,True,ok,,"{""gate"": true, ""base_cv"": 0.1783925491432957, ""search_cv"": 0.1691244461921962, ""features"": []}"
kdd_upselling,1,forge_v8,binary,logloss,40000,230,0.1713562382252153,0.1772875909291672,184.0010602474213,0,False,ok,,"{""gate"": false, ""base_cv"": 0.1783925491432957, ""search_cv"": 0.16240853698637164, ""features"": []}"
kdd_upselling,1,forge_v9,binary,logloss,40000,230,0.1634027003108431,0.1670805985478749,149.79342818260193,0,True,ok,,"{""gate"": true, ""base_cv"": 0.1783925491432957, ""search_cv"": 0.16877422019634172, ""features"": []}"
kdd_upselling,1,raw,binary,logloss,40000,230,0.1713562382252153,0.1772875909291672,0.0179121494293212,0,,ok,,{}
kdd_upselling,2,forge_m11,binary,logloss,40000,230,0.170775218658815,0.165356420739011,185.1922037601471,0,True,ok,,"{""gate"": true, ""base_cv"": 0.17757174906228684, ""search_cv"": 0.16726552939513778, ""features"": []}"
kdd_upselling,2,forge_v8,binary,logloss,40000,230,0.1808127708580349,0.1735489604990261,208.6140933036804,14,True,ok,,"{""gate"": true, ""base_cv"": 0.17757174906228684, ""search_cv"": 0.08685289306285562, ""features"": [""knn__top2_0"", ""knn__top2_1"", ""knn__top2_2"", ""count__Var126__Var211"", ""grp_z__Var28__by__Var218"", ""te__Var202__Var204"", ""count__Var202__Var204"", ""grp_mean__Var13__by__Var216"", ""count__Var202"", ""grp_dev__Var28__by__Var218"", ""grp_min__Var13__by__Var199"", ""grp_min__Var134__by__Var199"", ""count__Var211__Var218"", ""count__Var192__Var202""]}"
kdd_upselling,2,forge_v9,binary,logloss,40000,230,0.170775218658815,0.165356420739011,129.5246889591217,0,True,ok,,"{""gate"": true, ""base_cv"": 0.17757174906228684, ""search_cv"": 0.1670696191700315, ""features"": []}"
kdd_upselling,2,raw,binary,logloss,40000,230,0.1804254455659595,0.1746298360896993,0.0073292255401611,0,,ok,,{}
kick,0,forge_m11,binary,logloss,58386,32,0.2822423559487212,0.2832656243779879,290.6464593410492,36,True,ok,,"{""gate"": true, ""base_cv"": 0.3035366527999757, ""search_cv"": 0.2875575154813759, ""features"": [""knn__top12_0"", ""knn__top12_1"", ""knn__top12_2"", ""tekb__BYRNO__PurchDate"", ""count__Auction__WheelTypeID"", ""te__Model__VNST"", ""knn__w12_0"", ""knn__w12_1"", ""knn__w12_2"", ""knn__w8_0"", ""knn__w8_1"", ""knn__w8_2"", ""count__WheelTypeID__Auction"", ""tex__Model__VNZIP1__WheelType"", ""MMRAcquisitionAuctionAveragePrice__sub__MMRCurrentAuctionAveragePrice"", ""MMRCurrentRetailAveragePrice__div__MMRAcquisitionRetailAveragePrice"", ""knn__top8_0"", ""knn__top8_1"", ""knn__top8_2"", ""MMRAcquisitionRetailAveragePrice__sub__MMRCurrentRetailAveragePrice"", ""MMRCurrentAuctionCleanPrice__div__MMRAcquisitionAuctionCleanPrice"", ""MMRCurrentAuctionAveragePrice__div__MMRAcquisitionAuctionCleanPrice"", ""MMRCurrentAuctionAveragePrice__div__MMRAcquisitionAuctionAveragePrice"", ""MMRAcquisitionAuctionCleanPrice__sub__MMRCurrentAuctionCleanPrice"", ""MMRCurrentRetailCleanPrice__div__MMRAcquisitonRetailCleanPrice"", ""MMRAcquisitonRetailCleanPrice__sub__MMRCurrentRetailCleanPrice"", ""cntx__MMRAcquisitionAuctionAveragePrice~6__MMRCurrentAuctionAveragePrice~6__PRIMEUNIT"", ""cntx__MMRAcquisitionAuctionAveragePrice~16__MMRCurrentAuctionAveragePrice~16"", ""grp_std__MMRAcquisitionAuctionCleanPrice__by__BYRNO"", ""cntx__MMRAcquisitionAuctionCleanPrice~16__MMRCurrentAuctionCleanPrice~16"", ""grp_std__WarrantyCost__by__VNST"", ""grp_mean__VehicleAge__by__BYRNO"", ""grp_max__MMRCurrentRetailAveragePrice__by__VNZIP1"", ""MMRCurrentAuctionCleanPrice__div__MMRAcquisitionAuctionCleanPrice__rdiv__MMRCurrentAuctionAveragePrice__div__MMRAcquisitionAuctionAveragePrice"", ""MMRCurrentAuctionAveragePrice__div__MMRAcquisitionAuctionAveragePrice__div__MMRCurrentAuctionCleanPrice__div__MMRAcquisitionAuctionCleanPrice"", ""MMRCurrentAuctionCleanPrice__div__MMRAcquisitionAuctionCleanPrice__div__MMRCurrentAuctionAveragePrice__div__MMRAcquisitionAuctionAveragePrice""]}"
kick,0,forge_v8,binary,logloss,58386,32,0.2874456359828643,0.2918728464300588,347.5485360622406,62,True,ok,,"{""gate"": true, ""base_cv"": 0.3035366527999757, ""search_cv"": 0.2974427302828178, ""features"": [""te__WheelTypeID__Auction"", ""gam__top"", ""MMRCurrentRetailAveragePrice__div__MMRAcquisitionRetailAveragePrice"", ""MMRAcquisitionAuctionAveragePrice__sub__MMRCurrentAuctionAveragePrice"", ""knn__top8_0"", ""knn__top8_1"", ""knn__top8_2"", ""count__WheelTypeID__VehicleAge"", ""grp_min__VehBCost__by__WheelTypeID"", ""te2d__VehBCost__VehOdo"", ""MMRAcquisitionAuctionAveragePrice__rdiv__MMRCurrentAuctionAveragePrice"", ""grp_dev__VehBCost__by__Model"", ""knn__top2_0"", ""knn__top2_1"", ""knn__top2_2"", ""grp_z__VehBCost__by__Model"", ""te2d__MMRAcquisitionAuctionCleanPrice__MMRCurrentAuctionCleanPrice"", ""te2d__MMRAcquisitionAuctionAveragePrice__MMRCurrentAuctionAveragePrice"", ""grp_dev__VehBCost__by__SubModel"", ""grp_z__MMRCurrentRetailAveragePrice__by__Model"", ""te2d__PurchDate__MMRCurrentAuctionAveragePrice"", ""te2d__MMRAcquisitionAuctionAveragePrice__MMRCurrentAuctionCleanPrice"", ""MMRCurrentRetailCleanPrice__div__MMRAcquisitonRetailCleanPrice"", ""MMRAcquisitionAuctionCleanPrice__rdiv__MMRCurrentAuctionCleanPrice"", ""MMRCurrentRetailAveragePrice__sub__MMRAcquisitionRetailAveragePrice"", ""MMRAcquisitionAuctionCleanPrice__div__MMRCurrentAuctionCleanPrice"", ""MMRCurrentRetailCleanPrice__sub__MMRAcquisitonRetailCleanPrice"", ""MMRAcquisitionAuctionCleanPrice__sub__MMRCurrentAuctionCleanPrice"", ""MMRCurrentRetailCleanPrice__div__MMRAcquisitionRetailAveragePrice"", ""MMRAcquisitionAuctionCleanPrice__sub__MMRCurrentAuctionAveragePrice"", ""knn__top4_0"", ""knn__top4_1"", ""knn__top4_2"", ""MMRAcquisitonRetailCleanPrice__rdiv__MMRCurrentRetailAveragePrice"", ""te2d__VehOdo__MMRAcquisitionAuctionCleanPrice"", ""count__MMRAcquisitionRetailAveragePrice"", ""MMRCurrentRetailCleanPrice__rdiv__MMRAcquisitionRetailAveragePrice"", ""grp_min__WarrantyCost__by__BYRNO"", ""MMRCurrentRetailCleanPrice__sub__MMRAcquisitionRetailAveragePrice"", ""grp_dev__MMRCurrentRetailCleanPrice__by__Model"", ""MMRAcquisitionAuctionAveragePrice__div__MMRCurrentAuctionCleanPrice"", ""grp_dev__MMRCurrentRetailAveragePrice__by__Model"", ""MMRCurrentAuctionAveragePrice__sub__MMRAcquisitionRetailAveragePrice"", ""te2d__MMRAcquisitionAuctionCleanPrice__MMRCurrentAuctionAveragePrice"", ""MMRAcquisitionAuctionAveragePrice__rdiv__MMRCurrentAuctionCleanPrice"", ""MMRCurrentRetailAveragePrice__rdiv__MMRAcquisitionRetailAveragePrice"", ""count__MMRCurrentRetailCleanPrice"", ""MMRAcquisitionAuctionAveragePrice__sub__MMRCurrentAuctionCleanPrice"", ""MMRCurrentAuctionCleanPrice__sub__MMRAcquisitionRetailAveragePrice"", ""MMRAcquisitionAuctionCleanPrice__div__MMRCurrentAuctionAveragePrice"", ""MMRAcquisitionAuctionCleanPrice__rdiv__MMRCurrentAuctionAveragePrice"", ""grp_min__PurchDate__by__BYRNO"", ""count__MMRAcquisitonRetailCleanPrice"", ""te2d__MMRCurrentRetailCleanPrice__MMRAcquisitonRetailCleanPrice"", ""te__WheelType__Auction"", ""count__WheelTypeID__Auction"", ""grp_dev__VehYear__by__WheelType"", ""MMRAcquisitionAuctionAveragePrice__div__MMRCurrentAuctionAveragePrice"", ""grp_min__MMRCurrentRetailAveragePrice__by__VNZIP1"", ""count__WheelType__VehYear"", ""MMRAcquisitonRetailCleanPrice__div__MMRCurrentRetailAveragePrice"", ""grp_max__WarrantyCost__by__VehYear""]}"
kick,0,forge_v9,binary,logloss,58386,32,0.2842499226038616,0.284243222463804,129.35131812095642,8,True,ok,,"{""gate"": true, ""base_cv"": 0.3035366527999757, ""search_cv"": 0.2894518540394398, ""features"": [""knn__top8_0"", ""knn__top8_1"", ""knn__top8_2"", ""tekb__BYRNO__PurchDate"", ""te__Model__VNST"", ""MMRCurrentAuctionAveragePrice__sub__MMRAcquisitionAuctionAveragePrice"", ""count__WheelTypeID__Auction"", ""MMRCurrentRetailAveragePrice__div__MMRAcquisitionRetailAveragePrice""]}"
kick,0,raw,binary,logloss,58386,32,0.2940941821341707,0.2977430260208383,0.0011117458343505,0,,ok,,{}
kick,1,forge_m11,binary,logloss,58386,32,0.288458147048751,0.2820473200247907,245.32207584381104,37,True,ok,,"{""gate"": true, ""base_cv"": 0.29952002329662286, ""search_cv"": 0.2863887596854745, ""features"": [""xlin__keys"", ""knn__w12_0"", ""knn__w12_1"", ""knn__w12_2"", ""knn__w8_0"", ""knn__w8_1"", ""knn__w8_2"", ""knn__top12_0"", ""knn__top12_1"", ""knn__top12_2"", ""MMRAcquisitionAuctionAveragePrice__sub__MMRCurrentAuctionAveragePrice"", ""MMRCurrentRetailCleanPrice__rdiv__MMRAcquisitionRetailAveragePrice"", ""MMRCurrentRetailCleanPrice__div__MMRAcquisitonRetailCleanPrice"", ""tex__Model__VNZIP1__WheelTypeID"", ""MMRAcquisitionAuctionCleanPrice__rdiv__MMRCurrentAuctionCleanPrice"", ""MMRAcquisitionAuctionCleanPrice__div__MMRCurrentAuctionCleanPrice"", ""knn__top4_0"", ""knn__top4_1"", ""knn__top4_2"", ""tex__MMRAcquisitionAuctionAveragePrice~6__MMRCurrentAuctionAveragePrice~6__PRIMEUNIT"", ""grp_std__WarrantyCost__by__BYRNO"", ""MMRAcquisitionAuctionCleanPrice__sub__MMRCurrentAuctionCleanPrice"", ""knn__top8_0"", ""knn__top8_1"", ""knn__top8_2"", ""MMRAcquisitionRetailAveragePrice__sub__MMRCurrentRetailAveragePrice"", ""MMRCurrentAuctionAveragePrice__div__MMRAcquisitionAuctionAveragePrice"", ""cntx__MMRAcquisitionAuctionCleanPrice~16__MMRCurrentAuctionCleanPrice~16"", ""cntx__MMRAcquisitionAuctionAveragePrice~16__MMRCurrentAuctionAveragePrice~16"", ""MMRCurrentAuctionAveragePrice__rdiv__MMRAcquisitionAuctionAveragePrice"", ""knn__w4_0"", ""knn__w4_1"", ""knn__w4_2"", ""MMRCurrentRetailAveragePrice__div__MMRAcquisitionRetailAveragePrice"", ""grp_mean__MMRAcquisitionAuctionAveragePrice__by__BYRNO"", ""MMRAcquisitonRetailCleanPrice__sub__MMRCurrentRetailCleanPrice"", ""cntx__MMRAcquisitionAuctionAveragePrice~6__MMRCurrentAuctionAveragePrice~6__PRIMEUNIT""]}"
kick,1,forge_v8,binary,logloss,58386,32,0.2952679709389355,0.2902932489862023,279.6264970302582,29,True,ok,,"{""gate"": true, ""base_cv"": 0.29952002329662286, ""search_cv"": 0.2921913909093516, ""features"": [""te__WheelType__PRIMEUNIT"", ""te__WheelType__VehicleAge"", ""te__VehicleAge__PRIMEUNIT"", ""gam__top"", ""te__WheelTypeID__VehicleAge"", ""MMRAcquisitionAuctionAveragePrice__sub__MMRCurrentAuctionAveragePrice"", ""count__WheelTypeID__Auction"", ""knn__top8_0"", ""knn__top8_1"", ""knn__top8_2"", ""grp_z__VehBCost__by__Model"", ""MMRAcquisitionAuctionAveragePrice__rdiv__MMRCurrentAuctionAveragePrice"", ""MMRCurrentRetailCleanPrice__div__MMRAcquisitonRetailCleanPrice"", ""MMRCurrentRetailAveragePrice__sub__MMRAcquisitionRetailAveragePrice"", ""MMRAcquisitionAuctionCleanPrice__sub__MMRCurrentAuctionCleanPrice"", ""MMRCurrentRetailAveragePrice__div__MMRAcquisitionRetailAveragePrice"", ""grp_dev__VehBCost__by__Model"", ""MMRAcquisitionAuctionCleanPrice__div__MMRCurrentAuctionCleanPrice"", ""te2d__MMRAcquisitionAuctionAveragePrice__MMRCurrentAuctionAveragePrice"", ""MMRAcquisitionAuctionAveragePrice__div__MMRCurrentAuctionAveragePrice"", ""knn__top2_0"", ""knn__top2_1"", ""knn__top2_2"", ""MMRAcquisitionAuctionCleanPrice__rdiv__MMRCurrentAuctionCleanPrice"", ""MMRAcquisitionAuctionCleanPrice__sub__MMRCurrentAuctionAveragePrice"", ""MMRAcquisitionAuctionAveragePrice__sub__MMRCurrentAuctionCleanPrice"", ""MMRCurrentRetailAveragePrice__sub__MMRAcquisitonRetailCleanPrice"", ""MMRCurrentRetailCleanPrice__sub__MMRAcquisitionRetailAveragePrice"", ""te2d__VehBCost__PurchDate""]}"
kick,1,forge_v9,binary,logloss,58386,32,0.2882219999731478,0.2820254227288589,174.85903882980347,29,True,ok,,"{""gate"": true, ""base_cv"": 0.29952002329662286, ""search_cv"": 0.2859183697728448, ""features"": [""xlin__keys"", ""knn__top8_0"", ""knn__top8_1"", ""knn__top8_2"", ""knn__top4_0"", ""knn__top4_1"", ""knn__top4_2"", ""MMRCurrentAuctionAveragePrice__sub__MMRAcquisitionAuctionAveragePrice"", ""MMRCurrentRetailCleanPrice__rdiv__MMRAcquisitionRetailAveragePrice"", ""MMRAcquisitionAuctionCleanPrice__sub__MMRCurrentAuctionCleanPrice"", ""MMRAcquisitionAuctionCleanPrice__rdiv__MMRCurrentAuctionCleanPrice"", ""MMRCurrentRetailCleanPrice__div__MMRAcquisitonRetailCleanPrice"", ""MMRCurrentAuctionAveragePrice__div__MMRAcquisitionAuctionAveragePrice"", ""MMRCurrentAuctionAveragePrice__rdiv__MMRAcquisitionAuctionAveragePrice"", ""MMRAcquisitionAuctionCleanPrice__div__MMRCurrentAuctionCleanPrice"", ""grp_std__WarrantyCost__by__BYRNO"", ""MMRCurrentRetailAveragePrice__div__MMRAcquisitionRetailAveragePrice"", ""grp_mean__MMRAcquisitionAuctionAveragePrice__by__BYRNO"", ""MMRCurrentRetailAveragePrice__rdiv__MMRAcquisitionRetailAveragePrice"", ""MMRCurrentRetailCleanPrice__sub__MMRAcquisitonRetailCleanPrice"", ""MMRCurrentRetailAveragePrice__sub__MMRAcquisitionRetailAveragePrice"", ""MMRCurrentRetailCleanPrice__rdiv__MMRAcquisitonRetailCleanPrice"", ""grp_max__VehYear__by__VNZIP1"", ""grp_min__MMRAcquisitionAuctionAveragePrice__by__VNZIP1"", ""grp_min__MMRAcquisitionAuctionCleanPrice__by__VNZIP1"", ""grp_min__MMRCurrentRetailCleanPrice__by__VNZIP1"", ""grp_min__WarrantyCost__by__BYRNO"", ""dig_mod10__VehBCost"", ""grp_min__MMRAcquisitionRetailAveragePrice__by__VNZIP1""]}"
kick,1,raw,binary,logloss,58386,32,0.3018363200377967,0.296001823727927,0.0010778903961181,0,,ok,,{}
kick,2,forge_m11,binary,logloss,58386,32,0.282062288496714,0.2841260920311288,250.2411017417908,37,True,ok,,"{""gate"": true, ""base_cv"": 0.3019630411317203, ""search_cv"": 0.2879649937932607, ""features"": [""xlin__keys"", ""knn__w12_0"", ""knn__w12_1"", ""knn__w12_2"", ""MMRAcquisitionAuctionAveragePrice__sub__MMRCurrentAuctionAveragePrice"", ""knn__top12_0"", ""knn__top12_1"", ""knn__top12_2"", ""te__VNZIP1__BYRNO"", ""knn__top8_0"", ""knn__top8_1"", ""knn__top8_2"", ""MMRCurrentAuctionCleanPrice__rdiv__MMRAcquisitionAuctionCleanPrice"", ""knn__w8_0"", ""knn__w8_1"", ""knn__w8_2"", ""MMRAcquisitionAuctionCleanPrice__sub__MMRCurrentAuctionCleanPrice"", ""MMRCurrentRetailAveragePrice__div__MMRAcquisitionRetailAveragePrice"", ""cntx__MMRAcquisitionAuctionAveragePrice~6__MMRCurrentAuctionAveragePrice~6__PRIMEUNIT"", ""MMRCurrentAuctionAveragePrice__div__MMRAcquisitionAuctionAveragePrice"", ""MMRCurrentAuctionCleanPrice__div__MMRAcquisitionAuctionCleanPrice"", ""knn__top4_0"", ""knn__top4_1"", ""knn__top4_2"", ""grp_std__MMRCurrentAuctionCleanPrice__by__BYRNO"", ""cntx__MMRAcquisitionAuctionCleanPrice~16__MMRCurrentAuctionCleanPrice~16"", ""grp_std__VehBCost__by__BYRNO"", ""knn__w4_0"", ""knn__w4_1"", ""knn__w4_2"", ""cntx__MMRAcquisitionAuctionAveragePrice~16__MMRCurrentAuctionAveragePrice~16"", ""MMRCurrentRetailCleanPrice__div__MMRAcquisitonRetailCleanPrice"", ""MMRAcquisitonRetailCleanPrice__sub__MMRCurrentRetailCleanPrice"", ""MMRCurrentRetailAveragePrice__rdiv__MMRAcquisitionRetailAveragePrice"", ""MMRAcquisitionRetailAveragePrice__sub__MMRCurrentRetailAveragePrice"", ""cntx__MMRAcquisitionAuctionCleanPrice~6__MMRCurrentAuctionCleanPrice~6__PRIMEUNIT"", ""MMRCurrentRetailCleanPrice__rdiv__MMRAcquisitonRetailCleanPrice""]}"
kick,2,forge_v8,binary,logloss,58386,32,0.2862806686468031,0.2879078228184156,165.75075888633728,60,True,ok,,"{""gate"": true, ""base_cv"": 0.3019630411317203, ""search_cv"": 0.29315305179663287, ""features"": [""te__VehicleAge__PRIMEUNIT"", ""gam__top"", ""grp_min__VehBCost__by__WheelType"", ""grp_z__VehBCost__by__Model"", ""MMRCurrentRetailAveragePrice__div__MMRAcquisitionRetailAveragePrice"", ""MMRAcquisitionAuctionAveragePrice__sub__MMRCurrentAuctionAveragePrice"", ""grp_min__VehOdo__by__WheelType"", ""MMRAcquisitionAuctionCleanPrice__sub__MMRCurrentAuctionCleanPrice"", ""grp_min__VehBCost__by__WheelTypeID"", ""MMRAcquisitionAuctionAveragePrice__div__MMRCurrentAuctionAveragePrice"", ""MMRAcquisitionAuctionCleanPrice__rdiv__MMRCurrentAuctionCleanPrice"", ""VehBCost__add__PurchDate"", ""grp_min__VehOdo__by__WheelType__add__MMRCurrentRetailAveragePrice__div__MMRAcquisitionRetailAveragePrice"", ""te__VNZIP1__BYRNO__WheelTypeID"", ""te__VehicleAge__PRIMEUNIT__mul__MMRAcquisitionAuctionCleanPrice__rdiv__MMRCurrentAuctionCleanPrice"", ""te__WheelType__VNZIP1__BYRNO"", ""te__VehicleAge__PRIMEUNIT__rdiv__MMRCurrentRetailAveragePrice__div__MMRAcquisitionRetailAveragePrice"", ""MMRAcquisitionAuctionAveragePrice__sub__MMRCurrentAuctionAveragePrice__mul__MMRAcquisitionAuctionCleanPrice__sub__MMRCurrentAuctionCleanPrice"", ""grp_min__VehBCost__by__WheelType__div__gam__top"", ""gam__top__rdiv__grp_min__VehBCost__by__WheelTypeID"", ""grp_z__VehBCost__by__Model__div__MMRAcquisitionAuctionCleanPrice__sub__MMRCurrentAuctionCleanPrice"", ""grp_mean__grp_z__VehBCost__by__Model__by__WheelTypeID"", ""MMRCurrentRetailAveragePrice__div__MMRAcquisitionRetailAveragePrice__rdiv__te__VehicleAge__PRIMEUNIT"", ""grp_min__VehOdo__by__WheelType__mul__VehBCost__add__PurchDate"", ""MMRAcquisitionAuctionAveragePrice__div__MMRCurrentAuctionAveragePrice__mul__MMRAcquisitionAuctionCleanPrice__rdiv__MMRCurrentAuctionCleanPrice"", ""grp_min__VehBCost__by__WheelType__mul__VehBCost__add__PurchDate"", ""MMRCurrentRetailAveragePrice__div__MMRAcquisitionRetailAveragePrice__add__MMRAcquisitionAuctionAveragePrice__div__MMRCurrentAuctionAveragePrice"", ""MMRAcquisitionAuctionCleanPrice__sub__MMRCurrentAuctionCleanPrice__sub__MMRAcquisitionAuctionAveragePrice__sub__MMRCurrentAuctionAveragePrice"", ""te__VehicleAge__PRIMEUNIT__rdiv__MMRAcquisitionAuctionCleanPrice__rdiv__MMRCurrentAuctionCleanPrice"", ""te__VehicleAge__PRIMEUNIT__rdiv__MMRAcquisitionAuctionAveragePrice__sub__MMRCurrentAuctionAveragePrice"", ""MMRAcquisitionAuctionCleanPrice__sub__MMRCurrentAuctionCleanPrice__rdiv__grp_z__VehBCost__by__Model"", ""MMRAcquisitionAuctionCleanPrice__sub__MMRCurrentAuctionCleanPrice__add__grp_min__VehBCost__by__WheelTypeID"", ""gam__top__mul__MMRAcquisitionAuctionAveragePrice__sub__MMRCurrentAuctionAveragePrice"", ""MMRCurrentRetailAveragePrice__div__MMRAcquisitionRetailAveragePrice__rdiv__MMRAcquisitionAuctionCleanPrice__rdiv__MMRCurrentAuctionCleanPrice"", ""MMRAcquisitionAuctionCleanPrice__rdiv__MMRCurrentAuctionCleanPrice__rdiv__VehBCost__add__PurchDate"", ""MMRAcquisitionAuctionCleanPrice__rdiv__MMRCurrentAuctionCleanPrice__div__PurchDate"", ""MMRAcquisitionAuctionAveragePrice__div__MMRCurrentAuctionAveragePrice__mul__VehBCost__add__PurchDate"", ""MMRAcquisitionAuctionCleanPrice__sub__MMRCurrentAuctionCleanPrice__mul__MMRAcquisitionAuctionAveragePrice__sub__MMRCurrentAuctionAveragePrice"", ""MMRAcquisitionAuctionCleanPrice__sub__MMRCurrentAuctionCleanPrice__sub__VehBCost__add__PurchDate"", ""grp_z__VehBCost__by__Model__add__PurchDate"", ""MMRAcquisitionAuctionCleanPrice__sub__MMRCurrentAuctionCleanPrice__sub__grp_min__VehBCost__by__WheelTypeID"", ""MMRAcquisitionAuctionCleanPrice__rdiv__MMRCurrentAuctionCleanPrice__div__VehBCost__add__PurchDate"", ""te__VehicleAge__PRIMEUNIT__div__MMRAcquisitionAuctionCleanPrice__rdiv__MMRCurrentAuctionCleanPrice"", ""VehBCost__add__PurchDate__sub__MMRAcquisitionAuctionAveragePrice__sub__MMRCurrentAuctionAveragePrice"", ""MMRAcquisitionAuctionAveragePrice__div__MMRCurrentAuctionAveragePrice__rdiv__VehBCost__add__PurchDate"", ""grp_z__MMRCurrentRetailAveragePrice__div__MMRAcquisitionRetailAveragePrice__by__WheelType"", ""te__VehicleAge__PRIMEUNIT__div__MMRCurrentRetailAveragePrice__div__MMRAcquisitionRetailAveragePrice"", ""MMRAcquisitionAuctionCleanPrice__sub__MMRCurrentAuctionCleanPrice__div__VehOdo"", ""MMRAcquisitionAuctionAveragePrice__div__MMRCurrentAuctionAveragePrice__div__PurchDate"", ""grp_min__VehOdo__by__WheelType__add__VehBCost__add__PurchDate"", ""MMRAcquisitionAuctionAveragePrice__div__MMRCurrentAuctionAveragePrice__rdiv__PurchDate"", ""MMRAcquisitionAuctionAveragePrice__sub__MMRCurrentAuctionAveragePrice__mul__gam__top"", ""MMRAcquisitionAuctionAveragePrice__div__MMRCurrentAuctionAveragePrice__div__VehBCost__add__PurchDate"", ""MMRCurrentRetailAveragePrice__div__MMRAcquisitionRetailAveragePrice__div__te__VehicleAge__PRIMEUNIT"", ""VehBCost__add__PurchDate__mul__MMRAcquisitionAuctionAveragePrice__div__MMRCurrentAuctionAveragePrice"", ""MMRAcquisitionAuctionCleanPrice__rdiv__MMRCurrentAuctionCleanPrice__mul__MMRAcquisitionAuctionAveragePrice__div__MMRCurrentAuctionAveragePrice"", ""grp_min__VehBCost__by__WheelTypeID__add__MMRAcquisitionAuctionCleanPrice__sub__MMRCurrentAuctionCleanPrice"", ""MMRAcquisitionAuctionCleanPrice__rdiv__MMRCurrentAuctionCleanPrice__mul__te__VehicleAge__PRIMEUNIT"", ""MMRAcquisitionAuctionCleanPrice__rdiv__MMRCurrentAuctionCleanPrice__div__te__VehicleAge__PRIMEUNIT"", ""grp_z__MMRAcquisitionAuctionAveragePrice__div__MMRCurrentAuctionAveragePrice__by__WheelType""]}"
kick,2,forge_v9,binary,logloss,58386,32,0.2820466752110998,0.2842221042018023,161.701913356781,16,True,ok,,"{""gate"": true, ""base_cv"": 0.3019630411317203, ""search_cv"": 0.2876088996150892, ""features"": [""xlin__keys"", ""knn__top8_0"", ""knn__top8_1"", ""knn__top8_2"", ""MMRCurrentAuctionAveragePrice__sub__MMRAcquisitionAuctionAveragePrice"", ""te__VNZIP1__BYRNO"", ""knn__top4_0"", ""knn__top4_1"", ""knn__top4_2"", ""MMRCurrentAuctionCleanPrice__sub__MMRAcquisitionAuctionCleanPrice"", ""MMRCurrentAuctionCleanPrice__div__MMRAcquisitionAuctionCleanPrice"", ""MMRCurrentRetailAveragePrice__rdiv__MMRAcquisitionRetailAveragePrice"", ""MMRCurrentAuctionCleanPrice__rdiv__MMRAcquisitionAuctionCleanPrice"", ""MMRCurrentRetailAveragePrice__div__MMRAcquisitionRetailAveragePrice"", ""MMRCurrentAuctionAveragePrice__div__MMRAcquisitionAuctionAveragePrice"", ""MMRCurrentRetailCleanPrice__rdiv__MMRAcquisitonRetailCleanPrice""]}"
kick,2,raw,binary,logloss,58386,32,0.2966770435207508,0.2973766366072481,0.003617525100708,0,,ok,,{}
mercedes,0,forge_m11,regression,rmse,3367,376,9.951142232125608,8.067476630323663,28.43108367919922,0,False,ok,,"{""gate"": false, ""base_cv"": 65.32660386116692, ""search_cv"": 64.69076532017274, ""features"": []}"
mercedes,0,forge_v8,regression,rmse,3367,376,9.951142232125608,8.067476630323663,17.715521812438965,0,False,ok,,"{""gate"": false, ""base_cv"": 65.32660386116692, ""search_cv"": 64.80513269163026, ""features"": []}"
mercedes,0,forge_v9,regression,rmse,3367,376,9.951142232125608,8.067476630323663,19.206120491027832,0,False,ok,,"{""gate"": false, ""base_cv"": 65.32660386116692, ""search_cv"": 64.80513269163026, ""features"": []}"
mercedes,0,raw,regression,rmse,3367,376,9.951142232125608,8.067476630323663,0.0035672187805175,0,,ok,,{}
mercedes,1,forge_m11,regression,rmse,3367,376,8.23131375840501,8.519222658223836,47.24147391319275,0,True,ok,,"{""gate"": true, ""base_cv"": 78.03533673844062, ""search_cv"": 76.40926630629879, ""features"": []}"
mercedes,1,forge_v8,regression,rmse,3367,376,8.239076503775568,8.533313309640478,13.115190744400024,0,False,ok,,"{""gate"": false, ""base_cv"": 78.03533673844062, ""search_cv"": 77.30883269858894, ""features"": []}"
mercedes,1,forge_v9,regression,rmse,3367,376,8.281668305247216,8.468763067580214,31.033008337020878,41,True,ok,,"{""gate"": true, ""base_cv"": 78.03533673844062, ""search_cv"": 76.26502187595118, ""features"": [""grp_dev__X127__by__X29"", ""grp_z__X127__by__X29"", ""grp_dev__X29__by__X127"", ""count__X314__X315"", ""grp_z__X47__by__X0"", ""grp_z__X47__by__X2"", ""X118__sub__X127"", ""grp_mean__X189__by__X0"", ""X47__div__X218"", ""grp_dev__X162__by__X127"", ""X115__sub__X47"", ""X314__sub__X47"", ""grp_dev__X261__by__X315"", ""X261__sub__X47"", ""X31__sub__X47"", ""X315__sub__X47"", ""X315__add__X47"", ""X118__rdiv__X127"", ""count__X118__X127"", ""X314__add__X47"", ""X261__sub__X47__add__grp_z__X127__by__X29"", ""X314__sub__X47__add__grp_z__X127__by__X29"", ""X31__sub__X47__add__grp_z__X127__by__X29"", ""X315__add__X47__add__X118__sub__X127"", ""grp_z__X47__by__X0__rdiv__X118"", ""grp_z__X47__by__X0__rdiv__X265"", ""X115__sub__X47__sub__X315__add__X47__add__X118__sub__X127"", ""grp_z__X315__add__X47__add__X118__sub__X127__by__X54"", ""count__X118__X127__div__count__X314__X315"", ""grp_dev__X162__by__X127__sub__X315__add__X47__add__X118__sub__X127"", ""X115__sub__X47__sub__X31__sub__X47__add__grp_z__X127__by__X29"", ""X315__sub__X47__add__X315__add__X47__add__X118__sub__X127"", ""grp_dev__X315__add__X47__add__X118__sub__X127__by__X29"", ""grp_dev__X162__by__X127__sub__X265"", ""X315__sub__X47__sub__X31__sub__X47__add__grp_z__X127__by__X29"", ""grp_mean__X189__by__X0__rdiv__X118"", ""grp_z__grp_mean__X189__by__X0__by__X29"", ""X314__sub__X47__mul__X31__sub__X47__add__grp_z__X127__by__X29"", ""X261__sub__X47__add__X31__sub__X47__add__grp_z__X127__by__X29"", ""X314__sub__X47__add__X31__sub__X47__add__grp_z__X127__by__X29"", ""X315__add__X47__add__X31__sub__X47__add__grp_z__X127__by__X29""]}"
mercedes,1,raw,regression,rmse,3367,376,8.239076503775568,8.533313309640478,0.0043160915374755,0,,ok,,{}
mercedes,2,forge_m11,regression,rmse,3367,376,8.285156826591658,8.48518524731401,26.781692266464237,0,False,ok,,"{""gate"": false, ""base_cv"": 78.18317015585693, ""search_cv"": 77.84595525034881, ""features"": []}"
mercedes,2,forge_v8,regression,rmse,3367,376,8.298688527286398,8.47856447773495,24.94565057754517,18,True,ok,,"{""gate"": true, ""base_cv"": 78.18317015585693, ""search_cv"": 77.79029364120785, ""features"": [""count__X314__X315"", ""grp_dev__X315__by__X314"", ""grp_dev__X127__by__X29"", ""X218__rdiv__X337"", ""X261__rdiv__X71"", ""X218__div__X337"", ""X71__add__X337"", ""X218__mul__X337"", ""X71__mul__X337"", ""X127__sub__X276"", ""X118__rdiv__X127"", ""grp_dev__X276__by__X127"", ""X71__mul__X337__add__X118"", ""X71__mul__X337__add__X119"", ""X127__sub__X276__rdiv__X265"", ""count__X314__X315__sub__X265"", ""grp_dev__X71__mul__X337__by__X118"", ""grp_dev__X218__rdiv__X337__by__X54""]}"
mercedes,2,forge_v9,regression,rmse,3367,376,8.253317261725538,8.485803033406848,19.708622217178345,13,True,ok,,"{""gate"": true, ""base_cv"": 78.18317015585693, ""search_cv"": 77.8936852566754, ""features"": [""count__X314__X315"", ""grp_z__X315__by__X314"", ""grp_dev__X127__by__X29"", ""X54__sub__X189"", ""grp_dev__X315__by__X314"", ""grp_z__X127__by__X29"", ""X127__sub__X276"", ""X118__rdiv__X127"", ""grp_dev__X276__by__X127"", ""grp_dev__X316__by__X29"", ""X313__sub__X316"", ""X29__sub__X316"", ""X54__sub__X151""]}"
mercedes,2,raw,regression,rmse,3367,376,8.285156826591658,8.48518524731401,0.0004196166992187,0,,ok,,{}
miami_housing,0,forge_m11,regression,rmsle,11020,15,0.1262571357272602,0.1405167853225443,52.73755884170532,14,True,ok,,"{""gate"": true, ""base_cv"": 0.022338518557927085, ""search_cv"": 0.02085753169224966, ""features"": [""grp_std__CNTR_DIST__by__structure_quality"", ""grp_max__CNTR_DIST__by__structure_quality"", ""grp_max__SUBCNTR_DI__by__structure_quality"", ""grp_max__LND_SQFOOT__by__structure_quality"", ""grp_max__month_sold__by__structure_quality"", ""grp_max__age__by__structure_quality"", ""grp_mean__age__by__structure_quality"", ""knn__geo_LATITUDE_0"", ""knn__geo_LATITUDE_1"", ""knn__geo_LATITUDE_2"", ""count__structure_quality__avno60plus"", ""cntx__avno60plus__LONGITUDE~8"", ""count__RAIL_DIST"", ""grp_mean__TOT_LVG_AREA__by__structure_quality""]}"
miami_housing,0,forge_v8,regression,rmsle,11020,15,0.1312951914440746,0.1421605244291642,13.30309534072876,0,,ok,,"{""gate"": null, ""base_cv"": 0.022338518557927085, ""search_cv"": 0.022338518557927085, ""features"": []}"
miami_housing,0,forge_v9,regression,rmsle,11020,15,0.1264848276035358,0.1398483854810472,21.13537287712097,15,True,ok,,"{""gate"": true, ""base_cv"": 0.022338518557927085, ""search_cv"": 0.020978900250557948, ""features"": [""knn__geo_LATITUDE_0"", ""knn__geo_LATITUDE_1"", ""knn__geo_LATITUDE_2"", ""grp_std__CNTR_DIST__by__structure_quality"", ""grp_max__CNTR_DIST__by__structure_quality"", ""dig_frac__WATER_DIST"", ""count__structure_quality__avno60plus"", ""grp_max__LND_SQFOOT__by__structure_quality"", ""grp_max__age__by__structure_quality"", ""grp_mean__age__by__structure_quality"", ""dig_frac100__WATER_DIST"", ""grp_min__LONGITUDE__by__structure_quality"", ""count__RAIL_DIST"", ""grp_max__SUBCNTR_DI__by__structure_quality"", ""grp_std__RAIL_DIST__by__structure_quality""]}"
miami_housing,0,raw,regression,rmsle,11020,15,0.1312951914440746,0.1421605244291642,0.0002522468566894,0,,ok,,{}
miami_housing,1,forge_m11,regression,rmsle,11020,15,0.1369712636810436,0.1407544332669718,24.210819721221924,0,False,ok,,"{""gate"": false, ""base_cv"": 0.021663218343644472, ""search_cv"": 0.02029062769340122, ""features"": []}"
miami_housing,1,forge_v8,regression,rmsle,11020,15,0.1369201194483714,0.1395495354655396,15.931852340698242,6,True,ok,,"{""gate"": true, ""base_cv"": 0.021663218343644472, ""search_cv"": 0.021585502974755793, ""features"": [""grp_max__age__by__structure_quality"", ""grp_z__structure_quality__by__avno60plus"", ""grp_max__SUBCNTR_DI__by__structure_quality"", ""grp_max__LND_SQFOOT__by__structure_quality"", ""grp_mean__age__by__structure_quality"", ""grp_std__CNTR_DIST__by__structure_quality""]}"
miami_housing,1,forge_v9,regression,rmsle,11020,15,0.1362902769055949,0.1376387133212995,23.975950479507446,13,True,ok,,"{""gate"": true, ""base_cv"": 0.021663218343644472, ""search_cv"": 0.02036290418634064, ""features"": [""knn__geo_LATITUDE_0"", ""knn__geo_LATITUDE_1"", ""knn__geo_LATITUDE_2"", ""grp_max__age__by__structure_quality"", ""grp_z__structure_quality__by__avno60plus"", ""grp_max__SUBCNTR_DI__by__structure_quality"", ""dig_mod10__SPEC_FEAT_VAL"", ""grp_max__CNTR_DIST__by__structure_quality"", ""grp_max__LND_SQFOOT__by__structure_quality"", ""count__WATER_DIST"", ""grp_std__CNTR_DIST__by__structure_quality"", ""grp_mean__age__by__structure_quality"", ""grp_mean__WATER_DIST__by__structure_quality""]}"
miami_housing,1,raw,regression,rmsle,11020,15,0.1369712636810436,0.1407544332669718,0.0004043579101562,0,,ok,,{}
miami_housing,2,forge_m11,regression,rmsle,11020,15,0.138572303684099,0.1355896282509322,24.207359313964844,8,True,ok,,"{""gate"": true, ""base_cv"": 0.02183214499050176, ""search_cv"": 0.020843404793017963, ""features"": [""grp_max__month_sold__by__structure_quality"", ""grp_max__age__by__structure_quality"", ""grp_mean__age__by__structure_quality"", ""grp_max__CNTR_DIST__by__structure_quality"", ""knn__geo_LATITUDE_0"", ""knn__geo_LATITUDE_1"", ""knn__geo_LATITUDE_2"", ""cntx__LONGITUDE~6__avno60plus__structure_quality""]}"
miami_housing,2,forge_v8,regression,rmsle,11020,15,0.1438769604706664,0.1393745458568126,13.962274551391602,0,,ok,,"{""gate"": null, ""base_cv"": 0.02183214499050176, ""search_cv"": 0.02183214499050176, ""features"": []}"
miami_housing,2,forge_v9,regression,rmsle,11020,15,0.1390786561292933,0.1368073457740763,19.215269327163696,8,True,ok,,"{""gate"": true, ""base_cv"": 0.02183214499050176, ""search_cv"": 0.020894865101840764, ""features"": [""knn__geo_LATITUDE_0"", ""knn__geo_LATITUDE_1"", ""knn__geo_LATITUDE_2"", ""grp_max__age__by__structure_quality"", ""count__TOT_LVG_AREA"", ""TOT_LVG_AREA__mul__WATER_DIST"", ""grp_max__CNTR_DIST__by__structure_quality"", ""dig_frac__HWY_DIST""]}"
miami_housing,2,raw,regression,rmsle,11020,15,0.1438769604706664,0.1393745458568126,0.0001997947692871,0,,ok,,{}
porto_seguro,0,forge_m11,binary,logloss,80000,57,0.1508397208646078,0.1521601551044353,266.34598779678345,0,True,ok,,"{""gate"": true, ""base_cv"": 0.1536243144431574, ""search_cv"": 0.15300608128403764, ""features"": []}"
porto_seguro,0,forge_v8,binary,logloss,80000,57,0.151851923317487,0.1532724933063615,118.5789737701416,0,False,ok,,"{""gate"": false, ""base_cv"": 0.1536243144431574, ""search_cv"": 0.1533584605841903, ""features"": []}"
porto_seguro,0,forge_v9,binary,logloss,80000,57,0.1508104702666781,0.1521256120210426,152.49240684509277,20,True,ok,,"{""gate"": true, ""base_cv"": 0.1536243144431574, ""search_cv"": 0.1529889728796753, ""features"": [""knn__top4_0"", ""knn__top4_1"", ""knn__top4_2"", ""ps_ind_15__add__ps_calc_04"", ""grp_dev__ps_ind_03__by__ps_ind_05_cat"", ""ps_ind_03__add__ps_calc_05"", ""grp_dev__ps_calc_04__by__ps_ind_05_cat"", ""grp_z__ps_ind_03__by__ps_ind_05_cat"", ""grp_max__ps_reg_03__by__ps_ind_05_cat"", ""grp_z__ps_calc_04__by__ps_ind_05_cat"", ""grp_std__ps_car_12__by__ps_ind_05_cat"", ""grp_std__ps_calc_06__by__ps_ind_05_cat"", ""grp_mean__ps_car_13__by__ps_ind_05_cat"", ""grp_mean__ps_reg_01__by__ps_ind_05_cat"", ""grp_min__ps_calc_08__by__ps_ind_05_cat"", ""grp_max__ps_calc_12__by__ps_ind_03"", ""grp_max__ps_calc_10__by__ps_ind_03"", ""grp_mean__ps_calc_04__by__ps_ind_05_cat"", ""grp_max__ps_calc_10__by__ps_ind_05_cat"", ""grp_std__ps_calc_04__by__ps_ind_05_cat""]}"
porto_seguro,0,raw,binary,logloss,80000,57,0.151851923317487,0.1532724933063615,2.384185791015625e-06,0,,ok,,{}
porto_seguro,1,forge_m11,binary,logloss,80000,57,0.1526381807910102,0.1527832588091711,233.3329803943634,0,,ok,,"{""gate"": null, ""base_cv"": 0.15283745382911382, ""search_cv"": 0.15283745382911382, ""features"": []}"
porto_seguro,1,forge_v8,binary,logloss,80000,57,0.1526381807910102,0.1527832588091711,83.24945044517517,0,,ok,,"{""gate"": null, ""base_cv"": 0.15283745382911382, ""search_cv"": 0.15283745382911382, ""features"": []}"
porto_seguro,1,forge_v9,binary,logloss,80000,57,0.1526381807910102,0.1527832588091711,101.61309432983398,0,,ok,,"{""gate"": null, ""base_cv"": 0.15283745382911382, ""search_cv"": 0.15283745382911382, ""features"": []}"
porto_seguro,1,raw,binary,logloss,80000,57,0.1526381807910102,0.1527832588091711,3.814697265625e-06,0,,ok,,{}
porto_seguro,2,forge_m11,binary,logloss,80000,57,0.1516286135878318,0.1521170550893532,272.68317556381226,0,True,ok,,"{""gate"": true, ""base_cv"": 0.15362082476352368, ""search_cv"": 0.1526143782581974, ""features"": []}"
porto_seguro,2,forge_v8,binary,logloss,80000,57,0.1520143234184642,0.1529361573530004,79.59669899940491,0,,ok,,"{""gate"": null, ""base_cv"": 0.15362082476352368, ""search_cv"": 0.15362082476352368, ""features"": []}"
porto_seguro,2,forge_v9,binary,logloss,80000,57,0.1516286135878318,0.1521170550893532,112.89492630958556,0,True,ok,,"{""gate"": true, ""base_cv"": 0.15362082476352368, ""search_cv"": 0.15279000021120973, ""features"": []}"
porto_seguro,2,raw,binary,logloss,80000,57,0.1520143234184642,0.1529361573530004,0.0072512626647949,0,,ok,,{}
steel_plates,0,forge_m11,multiclass,logloss,1552,26,0.5323831580477777,0.5198721810760105,36.12510108947754,0,False,ok,,"{""gate"": false, ""base_cv"": 0.5963202588102897, ""search_cv"": 0.5761087396493596, ""features"": []}"
steel_plates,0,forge_v8,multiclass,logloss,1552,26,0.5323831580477777,0.5198721810760105,21.17608571052552,0,False,ok,,"{""gate"": false, ""base_cv"": 0.5963202588102897, ""search_cv"": 0.589882359371927, ""features"": []}"
steel_plates,0,forge_v9,multiclass,logloss,1552,26,0.5323831580477777,0.5198721810760105,28.36025881767273,0,False,ok,,"{""gate"": false, ""base_cv"": 0.5963202588102897, ""search_cv"": 0.589882359371927, ""features"": []}"
steel_plates,0,raw,multiclass,logloss,1552,26,0.5323831580477777,0.5198721810760105,0.0028095245361328,0,,ok,,{}
steel_plates,1,forge_m11,multiclass,logloss,1552,26,0.5233264336738084,0.5480868507554667,19.999739170074463,0,,ok,,"{""gate"": null, ""base_cv"": 0.5876979728773594, ""search_cv"": 0.5876979728773594, ""features"": []}"
steel_plates,1,forge_v8,multiclass,logloss,1552,26,0.5233264336738084,0.5480868507554667,10.536359548568726,0,,ok,,"{""gate"": null, ""base_cv"": 0.5876979728773594, ""search_cv"": 0.5876979728773594, ""features"": []}"
steel_plates,1,forge_v9,multiclass,logloss,1552,26,0.5233264336738084,0.5480868507554667,12.656718969345093,0,,ok,,"{""gate"": null, ""base_cv"": 0.5876979728773594, ""search_cv"": 0.5876979728773594, ""features"": []}"
steel_plates,1,raw,multiclass,logloss,1552,26,0.5233264336738084,0.5480868507554667,0.0021121501922607,0,,ok,,{}
steel_plates,2,forge_m11,multiclass,logloss,1552,26,0.5281888784904538,0.5372050996056944,28.185365200042725,0,False,ok,,"{""gate"": false, ""base_cv"": 0.6153999886786169, ""search_cv"": 0.6110192036942487, ""features"": []}"
steel_plates,2,forge_v8,multiclass,logloss,1552,26,0.5281888784904538,0.5372050996056944,9.715202569961548,0,,ok,,"{""gate"": null, ""base_cv"": 0.6153999886786169, ""search_cv"": 0.6153999886786169, ""features"": []}"
steel_plates,2,forge_v9,multiclass,logloss,1552,26,0.5281888784904538,0.5372050996056944,17.860288381576538,0,,ok,,"{""gate"": null, ""base_cv"": 0.6153999886786169, ""search_cv"": 0.6153999886786169, ""features"": []}"
steel_plates,2,raw,multiclass,logloss,1552,26,0.5281888784904538,0.5372050996056944,3.123283386230469e-05,0,,ok,,{}
