dataset_id,dataset_name,dataset_source,suite,task,framework,seed,time_budget_s,n_train,n_test,n_features_before,n_features_after,n_added,score_holdout,scorer_name,scorer_greater_is_better,score_nofe_same_seed,pct_improvement,all_metrics_json,metric_gains_json,wall_time_fit,wall_time_transform,wall_time_total,peak_rss_mb,n_boost_rounds,status,error_msg,adapter_version,internal_log_json
adult,adult,pmlb,pmlb,classification,nofe,1,1200,39073.0,9769.0,14.0,14.0,0.0,0.2754271228927585,binary_crossentropy,False,0.2754271228927585,-0.0,"{""accuracy"": 0.8719418568933647, ""binary_crossentropy"": 0.27542712289275856, ""binary_roc_auc"": 0.9292961743621586, ""f1"": 0.9180263366574144, ""precision"": 0.894636015324528, ""recall"": 0.9426725878065635}","{""accuracy"": 0.0, ""binary_crossentropy"": -0.0, ""binary_roc_auc"": 0.0, ""f1"": 0.0, ""precision"": 0.0, ""recall"": 0.0}",0.0303845405578613,0.001443862915039,1.4874165058135986,396.234375,280.0,ok,,1.0.0,{}
adult,adult,pmlb,pmlb,classification,nofe,0,1200,39073.0,9769.0,14.0,14.0,0.0,0.283039470018101,binary_crossentropy,False,0.283039470018101,-0.0,"{""accuracy"": 0.8708158460427159, ""binary_crossentropy"": 0.28303947001810104, ""binary_roc_auc"": 0.9249504048595814, ""f1"": 0.9171698558576766, ""precision"": 0.8951953875709222, ""recall"": 0.9402503027843625}","{""accuracy"": 0.0, ""binary_crossentropy"": -0.0, ""binary_roc_auc"": 0.0, ""f1"": 0.0, ""precision"": 0.0, ""recall"": 0.0}",0.0304710865020751,0.0014691352844238,1.7078907489776611,396.33984375,320.0,ok,,1.0.0,{}
adult,adult,pmlb,pmlb,classification,nofe,2,1200,39073.0,9769.0,14.0,14.0,0.0,0.2821965927038329,binary_crossentropy,False,0.2821965927038329,-0.0,"{""accuracy"": 0.8702016583059983, ""binary_crossentropy"": 0.2821965927038329, ""binary_roc_auc"": 0.9253598748635723, ""f1"": 0.9167869749204656, ""precision"": 0.8947098757513837, ""recall"": 0.9399811600041179}","{""accuracy"": 0.0, ""binary_crossentropy"": -0.0, ""binary_roc_auc"": 0.0, ""f1"": 0.0, ""precision"": 0.0, ""recall"": 0.0}",0.0307185649871826,0.0016922950744628,1.7157537937164309,397.59375,344.0,ok,,1.0.0,{}
mushroom,mushroom,pmlb,pmlb,classification,nofe,0,1200,6499.0,1625.0,21.0,21.0,0.0,0.0005598739768605,binary_crossentropy,False,0.0005598739768605,-0.0,"{""accuracy"": 0.9999999999938463, ""binary_crossentropy"": 0.0005598739768605671, ""binary_roc_auc"": 1.0, ""f1"": 0.9999999949872285, ""precision"": 0.9999999999872285, ""recall"": 0.9999999999872285}","{""accuracy"": 0.0, ""binary_crossentropy"": -0.0, ""binary_roc_auc"": 0.0, ""f1"": 0.0, ""precision"": 0.0, ""recall"": 0.0}",0.007422924041748,0.0005826950073242,1.5136566162109375,371.9609375,1979.0,ok,,1.0.0,{}
mushroom,mushroom,pmlb,pmlb,classification,nofe,2,1200,6499.0,1625.0,21.0,21.0,0.0,0.0006463095399102,binary_crossentropy,False,0.0006463095399102,-0.0,"{""accuracy"": 0.9999999999938463, ""binary_crossentropy"": 0.0006463095399102223, ""binary_roc_auc"": 1.0, ""f1"": 0.9999999949872285, ""precision"": 0.9999999999872285, ""recall"": 0.9999999999872285}","{""accuracy"": 0.0, ""binary_crossentropy"": -0.0, ""binary_roc_auc"": 0.0, ""f1"": 0.0, ""precision"": 0.0, ""recall"": 0.0}",0.0072977542877197,0.0006117820739746,1.4717938899993896,371.546875,1985.0,ok,,1.0.0,{}
mushroom,mushroom,pmlb,pmlb,classification,nofe,1,1200,6499.0,1625.0,21.0,21.0,0.0,0.0005454151054327,binary_crossentropy,False,0.0005454151054327,-0.0,"{""accuracy"": 0.9999999999938463, ""binary_crossentropy"": 0.0005454151054327667, ""binary_roc_auc"": 1.0, ""f1"": 0.9999999949872285, ""precision"": 0.9999999999872285, ""recall"": 0.9999999999872285}","{""accuracy"": 0.0, ""binary_crossentropy"": -0.0, ""binary_roc_auc"": 0.0, ""f1"": 0.0, ""precision"": 0.0, ""recall"": 0.0}",0.0072448253631591,0.0006062984466552,1.499800205230713,371.6875,1999.0,ok,,1.0.0,{}
spambase,spambase,pmlb,pmlb,classification,nofe,0,1200,3680.0,921.0,57.0,57.0,0.0,0.1166924022625758,binary_crossentropy,False,0.1166924022625758,-0.0,"{""accuracy"": 0.958740499446702, ""binary_crossentropy"": 0.1166924022625758, ""binary_roc_auc"": 0.9896965747405629, ""f1"": 0.948087426668421, ""precision"": 0.9403794037685533, ""recall"": 0.9559228649874402}","{""accuracy"": 0.0, ""binary_crossentropy"": -0.0, ""binary_roc_auc"": 0.0, ""f1"": 0.0, ""precision"": 0.0, ""recall"": 0.0}",0.0096065998077392,0.0014398097991943,1.2634272575378418,369.21484375,282.0,ok,,1.0.0,{}
spambase,spambase,pmlb,pmlb,classification,nofe,1,1200,3680.0,921.0,57.0,57.0,0.0,0.1362854538311811,binary_crossentropy,False,0.1362854538311811,-0.0,"{""accuracy"": 0.9500542888061884, ""binary_crossentropy"": 0.13628545383118118, ""binary_roc_auc"": 0.9873663319411119, ""f1"": 0.9362880836168769, ""precision"": 0.9415041782467547, ""recall"": 0.9311294765583711}","{""accuracy"": 0.0, ""binary_crossentropy"": -0.0, ""binary_roc_auc"": 0.0, ""f1"": 0.0, ""precision"": 0.0, ""recall"": 0.0}",0.0098326206207275,0.00136399269104,1.335533618927002,368.75,280.0,ok,,1.0.0,{}
kr_vs_kp,kr-vs-kp,pmlb,pmlb,classification,nofe,0,1200,2556.0,640.0,36.0,36.0,0.0,0.0131697311706961,binary_crossentropy,False,0.0131697311706961,-0.0,"{""accuracy"": 0.9968749999844239, ""binary_crossentropy"": 0.013169731170696152, ""binary_roc_auc"": 0.9999804312942743, ""f1"": 0.9969969919671023, ""precision"": 0.9999999999698795, ""recall"": 0.9940119760181433}","{""accuracy"": 0.0, ""binary_crossentropy"": -0.0, ""binary_roc_auc"": 0.0, ""f1"": 0.0, ""precision"": 0.0, ""recall"": 0.0}",0.0062091350555419,0.0008101463317871,0.58514404296875,363.734375,643.0,ok,,1.0.0,{}
spambase,spambase,pmlb,pmlb,classification,nofe,2,1200,3680.0,921.0,57.0,57.0,0.0,0.1270383647289758,binary_crossentropy,False,0.1270383647289758,-0.0,"{""accuracy"": 0.9500542888061884, ""binary_crossentropy"": 0.12703836472897587, ""binary_roc_auc"": 0.989247311827957, ""f1"": 0.935754184918971, ""precision"": 0.9490084985566853, ""recall"": 0.9228650137486814}","{""accuracy"": 0.0, ""binary_crossentropy"": -0.0, ""binary_roc_auc"": 0.0, ""f1"": 0.0, ""precision"": 0.0, ""recall"": 0.0}",0.0095927715301513,0.0013461112976074,1.504482984542847,369.5,384.0,ok,,1.0.0,{}
kr_vs_kp,kr-vs-kp,pmlb,pmlb,classification,nofe,1,1200,2556.0,640.0,36.0,36.0,0.0,0.0294845408797179,binary_crossentropy,False,0.0294845408797179,-0.0,"{""accuracy"": 0.9906249999845215, ""binary_crossentropy"": 0.02948454087971797, ""binary_roc_auc"": 0.9990509177722985, ""f1"": 0.9910714235421095, ""precision"": 0.9852071005625678, ""recall"": 0.9970059879941016}","{""accuracy"": 0.0, ""binary_crossentropy"": -0.0, ""binary_roc_auc"": 0.0, ""f1"": 0.0, ""precision"": 0.0, ""recall"": 0.0}",0.0061967372894287,0.0009310245513916,0.4662878513336181,361.703125,444.0,ok,,1.0.0,{}
kr_vs_kp,kr-vs-kp,pmlb,pmlb,classification,nofe,2,1200,2556.0,640.0,36.0,36.0,0.0,0.0218596223738307,binary_crossentropy,False,0.0218596223738307,-0.0,"{""accuracy"": 0.9906249999845215, ""binary_crossentropy"": 0.021859622373830767, ""binary_roc_auc"": 0.9998728034127823, ""f1"": 0.9910447710898641, ""precision"": 0.9880952380658304, ""recall"": 0.9940119760181433}","{""accuracy"": 0.0, ""binary_crossentropy"": -0.0, ""binary_roc_auc"": 0.0, ""f1"": 0.0, ""precision"": 0.0, ""recall"": 0.0}",0.006540298461914,0.0008630752563476,0.748406171798706,365.12109375,869.0,ok,,1.0.0,{}
chess,chess,pmlb,pmlb,classification,nofe,0,1200,2556.0,640.0,36.0,36.0,0.0,0.0228201986550075,binary_crossentropy,False,0.0228201986550075,-0.0,"{""accuracy"": 0.9937499999844727, ""binary_crossentropy"": 0.022820198655007572, ""binary_roc_auc"": 0.9996869007083872, ""f1"": 0.9940298457166407, ""precision"": 0.9910714285419324, ""recall"": 0.9970059879941016}","{""accuracy"": 0.0, ""binary_crossentropy"": -0.0, ""binary_roc_auc"": 0.0, ""f1"": 0.0, ""precision"": 0.0, ""recall"": 0.0}",0.0061604976654052,0.0008156299591064,0.5637025833129883,362.10546875,473.0,ok,,1.0.0,{}
chess,chess,pmlb,pmlb,classification,nofe,1,1200,2556.0,640.0,36.0,36.0,0.0,0.0266165907813848,binary_crossentropy,False,0.0266165907813848,-0.0,"{""accuracy"": 0.9906249999845215, ""binary_crossentropy"": 0.026616590781384807, ""binary_roc_auc"": 0.9995890571797581, ""f1"": 0.9910179590421853, ""precision"": 0.9910179640421851, ""recall"": 0.9910179640421851}","{""accuracy"": 0.0, ""binary_crossentropy"": -0.0, ""binary_roc_auc"": 0.0, ""f1"": 0.0, ""precision"": 0.0, ""recall"": 0.0}",0.006343126296997,0.0008726119995117,0.5299150943756104,362.9140625,532.0,ok,,1.0.0,{}
chess,chess,pmlb,pmlb,classification,nofe,2,1200,2556.0,640.0,36.0,36.0,0.0,0.0310097835827544,binary_crossentropy,False,0.0310097835827544,-0.0,"{""accuracy"": 0.9859374999845947, ""binary_crossentropy"": 0.03100978358275448, ""binary_roc_auc"": 0.999804312942742, ""f1"": 0.9863842612339532, ""precision"": 0.9969418959939773, ""recall"": 0.9760479041623937}","{""accuracy"": 0.0, ""binary_crossentropy"": -0.0, ""binary_roc_auc"": 0.0, ""f1"": 0.0, ""precision"": 0.0, ""recall"": 0.0}",0.006373643875122,0.0008816719055175,0.9572873115539552,367.703125,1174.0,ok,,1.0.0,{}
ionosphere,ionosphere,pmlb,pmlb,classification,nofe,0,1200,280.0,71.0,33.0,33.0,0.0,0.2538662343482736,binary_crossentropy,False,0.2538662343482736,-0.0,"{""accuracy"": 0.9295774646578061, ""binary_crossentropy"": 0.2538662343482736, ""binary_roc_auc"": 0.9608695652173912, ""f1"": 0.9473684158581718, ""precision"": 0.9183673467513536, ""recall"": 0.978260869352552}","{""accuracy"": 0.0, ""binary_crossentropy"": -0.0, ""binary_roc_auc"": 0.0, ""f1"": 0.0, ""precision"": 0.0, ""recall"": 0.0}",0.002967357635498,0.0007984638214111,0.2790889739990234,354.9140625,67.0,ok,,1.0.0,{}
ionosphere,ionosphere,pmlb,pmlb,classification,nofe,1,1200,280.0,71.0,33.0,33.0,0.0,0.1862664598746972,binary_crossentropy,False,0.1862664598746972,-0.0,"{""accuracy"": 0.9577464787383456, ""binary_crossentropy"": 0.18626645987469728, ""binary_roc_auc"": 0.9704347826086956, ""f1"": 0.968421047432687, ""precision"": 0.9387755100124948, ""recall"": 0.9999999997826087}","{""accuracy"": 0.0, ""binary_crossentropy"": -0.0, ""binary_roc_auc"": 0.0, ""f1"": 0.0, ""precision"": 0.0, ""recall"": 0.0}",0.0028612613677978,0.0007190704345703,0.4555411338806152,356.41796875,519.0,ok,,1.0.0,{}
ionosphere,ionosphere,pmlb,pmlb,classification,nofe,2,1200,280.0,71.0,33.0,33.0,0.0,0.1739506136075082,binary_crossentropy,False,0.1739506136075082,-0.0,"{""accuracy"": 0.9295774646578061, ""binary_crossentropy"": 0.1739506136075082, ""binary_roc_auc"": 0.98, ""f1"": 0.9462365539368713, ""precision"": 0.9361702125667722, ""recall"": 0.9565217389224953}","{""accuracy"": 0.0, ""binary_crossentropy"": -0.0, ""binary_roc_auc"": 0.0, ""f1"": 0.0, ""precision"": 0.0, ""recall"": 0.0}",0.0028481483459472,0.0007011890411376,0.2736129760742187,354.703125,77.0,ok,,1.0.0,{}
sonar,sonar,pmlb,pmlb,classification,nofe,0,1200,166.0,42.0,60.0,60.0,0.0,0.3194321178432022,binary_crossentropy,False,0.3194321178432022,-0.0,"{""accuracy"": 0.8333333331349206, ""binary_crossentropy"": 0.3194321178432022, ""binary_roc_auc"": 0.95, ""f1"": 0.7878787826262627, ""precision"": 0.9999999992307692, ""recall"": 0.649999999675}","{""accuracy"": 0.0, ""binary_crossentropy"": -0.0, ""binary_roc_auc"": 0.0, ""f1"": 0.0, ""precision"": 0.0, ""recall"": 0.0}",0.0034883022308349,0.0010936260223388,0.3628304004669189,354.125,127.0,ok,,1.0.0,{}
sonar,sonar,pmlb,pmlb,classification,nofe,1,1200,166.0,42.0,60.0,60.0,0.0,0.3234129250936565,binary_crossentropy,False,0.3234129250936565,-0.0,"{""accuracy"": 0.8095238093310657, ""binary_crossentropy"": 0.3234129250936565, ""binary_roc_auc"": 0.9840909090909091, ""f1"": 0.7499999948437499, ""precision"": 0.9999999991666666, ""recall"": 0.5999999997}","{""accuracy"": 0.0, ""binary_crossentropy"": -0.0, ""binary_roc_auc"": 0.0, ""f1"": 0.0, ""precision"": 0.0, ""recall"": 0.0}",0.0037136077880859,0.0011212825775146,0.3816413879394531,354.00390625,147.0,ok,,1.0.0,{}
breast_cancer,breast-cancer,pmlb,pmlb,classification,nofe,0,1200,228.0,58.0,9.0,9.0,0.0,0.5769896864377219,binary_crossentropy,False,0.5769896864377219,-0.0,"{""accuracy"": 0.7068965516022592, ""binary_crossentropy"": 0.5769896864377219, ""binary_roc_auc"": 0.659971305595409, ""f1"": 0.0, ""precision"": 0.0, ""recall"": 0.0}","{""accuracy"": 0.0, ""binary_crossentropy"": -0.0, ""binary_roc_auc"": 0.0, ""f1"": 0.0, ""precision"": 0.0, ""recall"": 0.0}",0.003446340560913,0.0005891323089599,0.1116511821746826,352.234375,11.0,ok,,1.0.0,{}
sonar,sonar,pmlb,pmlb,classification,nofe,2,1200,166.0,42.0,60.0,60.0,0.0,0.5011105138636638,binary_crossentropy,False,0.5011105138636638,-0.0,"{""accuracy"": 0.7857142855272109, ""binary_crossentropy"": 0.5011105138636638, ""binary_roc_auc"": 0.9068181818181817, ""f1"": 0.7272727220569329, ""precision"": 0.9230769223668639, ""recall"": 0.5999999997}","{""accuracy"": 0.0, ""binary_crossentropy"": -0.0, ""binary_roc_auc"": 0.0, ""f1"": 0.0, ""precision"": 0.0, ""recall"": 0.0}",0.0039167404174804,0.0010900497436523,0.7631514072418213,358.56640625,883.0,ok,,1.0.0,{}
breast_cancer,breast-cancer,pmlb,pmlb,classification,nofe,1,1200,228.0,58.0,9.0,9.0,0.0,0.5419790794237934,binary_crossentropy,False,0.5419790794237934,-0.0,"{""accuracy"": 0.7068965516022592, ""binary_crossentropy"": 0.5419790794237934, ""binary_roc_auc"": 0.7101865136298422, ""f1"": 0.45161289798126947, ""precision"": 0.49999999964285713, ""recall"": 0.4117647056401384}","{""accuracy"": 0.0, ""binary_crossentropy"": -0.0, ""binary_roc_auc"": 0.0, ""f1"": 0.0, ""precision"": 0.0, ""recall"": 0.0}",0.0029451847076416,0.0003626346588134,0.1104238033294677,353.13671875,64.0,ok,,1.0.0,{}
breast_cancer,breast-cancer,pmlb,pmlb,classification,nofe,2,1200,228.0,58.0,9.0,9.0,0.0,0.5214594880054737,binary_crossentropy,False,0.5214594880054737,-0.0,"{""accuracy"": 0.7413793102170035, ""binary_crossentropy"": 0.5214594880054737, ""binary_roc_auc"": 0.7101865136298422, ""f1"": 0.399999995328, ""precision"": 0.6249999992187499, ""recall"": 0.29411764688581316}","{""accuracy"": 0.0, ""binary_crossentropy"": -0.0, ""binary_roc_auc"": 0.0, ""f1"": 0.0, ""precision"": 0.0, ""recall"": 0.0}",0.0025537014007568,0.0004091262817382,0.1101670265197753,352.3671875,48.0,ok,,1.0.0,{}
titanic,titanic,pmlb,pmlb,classification,nofe,0,1200,1679.0,420.0,8.0,8.0,0.0,0.4545095142442733,binary_crossentropy,False,0.4545095142442733,-0.0,"{""accuracy"": 0.8071428571236394, ""binary_crossentropy"": 0.4545095142442733, ""binary_roc_auc"": 0.8354132145816073, ""f1"": 0.639999995161284, ""precision"": 0.8089887639540463, ""recall"": 0.5294117646669549}","{""accuracy"": 0.0, ""binary_crossentropy"": -0.0, ""binary_roc_auc"": 0.0, ""f1"": 0.0, ""precision"": 0.0, ""recall"": 0.0}",0.0029661655426025,0.0003893375396728,0.181290864944458,355.2734375,125.0,ok,,1.0.0,{}
titanic,titanic,pmlb,pmlb,classification,nofe,1,1200,1679.0,420.0,8.0,8.0,0.0,0.4594271385066566,binary_crossentropy,False,0.4594271385066566,-0.0,"{""accuracy"": 0.7999999999809524, ""binary_crossentropy"": 0.4594271385066566, ""binary_roc_auc"": 0.8149078293289147, ""f1"": 0.6181818134049587, ""precision"": 0.8095238094274377, ""recall"": 0.49999999996323524}","{""accuracy"": 0.0, ""binary_crossentropy"": -0.0, ""binary_roc_auc"": 0.0, ""f1"": 0.0, ""precision"": 0.0, ""recall"": 0.0}",0.0028223991394042,0.0003564357757568,0.1422970294952392,354.62890625,61.0,ok,,1.0.0,{}
titanic,titanic,pmlb,pmlb,classification,nofe,2,1200,1679.0,420.0,8.0,8.0,0.0,0.479357396771333,binary_crossentropy,False,0.479357396771333,-0.0,"{""accuracy"": 0.802380952361848, ""binary_crossentropy"": 0.47935739677133304, ""binary_roc_auc"": 0.7797224523612263, ""f1"": 0.5911330004455339, ""precision"": 0.8955223879260416, ""recall"": 0.44117647055579584}","{""accuracy"": 0.0, ""binary_crossentropy"": -0.0, ""binary_roc_auc"": 0.0, ""f1"": 0.0, ""precision"": 0.0, ""recall"": 0.0}",0.0039153099060058,0.0003597736358642,0.1562814712524414,355.0625,86.0,ok,,1.0.0,{}
nursery,nursery,pmlb,pmlb,multiclass,nofe,0,1200,10366.0,2592.0,8.0,8.0,0.0,0.0020316997688877,categorical_crossentropy,False,0.0020316997688877,-0.0,"{""accuracy"": 0.999999999996142, ""categorical_crossentropy"": 0.002031699768887747, ""categorical_roc_auc"": 1.0, ""f1"": 0.9999999949532068, ""precision"": 0.9999999999532065, ""recall"": 0.9999999999532065}","{""accuracy"": 0.0, ""categorical_crossentropy"": -0.0, ""categorical_roc_auc"": 0.0, ""f1"": 0.0, ""precision"": 0.0, ""recall"": 0.0}",0.0072078704833984,0.0004968643188476,6.497011423110962,419.44140625,1997.0,ok,,1.0.0,{}
nursery,nursery,pmlb,pmlb,multiclass,nofe,1,1200,10366.0,2592.0,8.0,8.0,0.0,0.002133205720951,categorical_crossentropy,False,0.002133205720951,-0.0,"{""accuracy"": 0.999999999996142, ""categorical_crossentropy"": 0.0021332057209510927, ""categorical_roc_auc"": 1.0, ""f1"": 0.9999999949532068, ""precision"": 0.9999999999532065, ""recall"": 0.9999999999532065}","{""accuracy"": 0.0, ""categorical_crossentropy"": -0.0, ""categorical_roc_auc"": 0.0, ""f1"": 0.0, ""precision"": 0.0, ""recall"": 0.0}",0.0076937675476074,0.000403881072998,6.588414669036865,419.78515625,1994.0,ok,,1.0.0,{}
waveform_21,waveform-21,pmlb,pmlb,multiclass,nofe,0,1200,4000.0,1000.0,21.0,21.0,0.0,0.3320010307165794,categorical_crossentropy,False,0.3320010307165794,-0.0,"{""accuracy"": 0.89933333332434, ""categorical_crossentropy"": 0.3320010307165794, ""categorical_roc_auc"": 0.9650842840420554, ""f1"": 0.8483535160733303, ""precision"": 0.8492603441995142, ""recall"": 0.848916417723424}","{""accuracy"": 0.0, ""categorical_crossentropy"": -0.0, ""categorical_roc_auc"": 0.0, ""f1"": 0.0, ""precision"": 0.0, ""recall"": 0.0}",0.0055651664733886,0.0005791187286376,2.528851270675659,367.09765625,187.0,ok,,1.0.0,{}
nursery,nursery,pmlb,pmlb,multiclass,nofe,2,1200,10366.0,2592.0,8.0,8.0,0.0,0.0017018410453484,categorical_crossentropy,False,0.0017018410453484,-0.0,"{""accuracy"": 0.999999999996142, ""categorical_crossentropy"": 0.001701841045348448, ""categorical_roc_auc"": 1.0, ""f1"": 0.9999999949532068, ""precision"": 0.9999999999532065, ""recall"": 0.9999999999532065}","{""accuracy"": 0.0, ""categorical_crossentropy"": -0.0, ""categorical_roc_auc"": 0.0, ""f1"": 0.0, ""precision"": 0.0, ""recall"": 0.0}",0.0074243545532226,0.0003981590270996,6.587843656539917,419.546875,1999.0,ok,,1.0.0,{}
waveform_21,waveform-21,pmlb,pmlb,multiclass,nofe,1,1200,4000.0,1000.0,21.0,21.0,0.0,0.3122642285790061,categorical_crossentropy,False,0.3122642285790061,-0.0,"{""accuracy"": 0.90133333332432, ""categorical_crossentropy"": 0.31226422857900615, ""categorical_roc_auc"": 0.9700341583191646, ""f1"": 0.8517600163776766, ""precision"": 0.8520662090174151, ""recall"": 0.8518552246226676}","{""accuracy"": 0.0, ""categorical_crossentropy"": -0.0, ""categorical_roc_auc"": 0.0, ""f1"": 0.0, ""precision"": 0.0, ""recall"": 0.0}",0.0055150985717773,0.0005614757537841,2.8160552978515625,368.16015625,211.0,ok,,1.0.0,{}
waveform_21,waveform-21,pmlb,pmlb,multiclass,nofe,2,1200,4000.0,1000.0,21.0,21.0,0.0,0.3105980402177665,categorical_crossentropy,False,0.3105980402177665,-0.0,"{""accuracy"": 0.9106666666575599, ""categorical_crossentropy"": 0.31059804021776655, ""categorical_roc_auc"": 0.9698291314432635, ""f1"": 0.865565053000938, ""precision"": 0.8666306641831052, ""recall"": 0.8658188356542321}","{""accuracy"": 0.0, ""categorical_crossentropy"": -0.0, ""categorical_roc_auc"": 0.0, ""f1"": 0.0, ""precision"": 0.0, ""recall"": 0.0}",0.0053277015686035,0.000629186630249,2.2222867012023926,367.4765625,157.0,ok,,1.0.0,{}
car_evaluation,car-evaluation,pmlb,pmlb,multiclass,nofe,0,1200,1382.0,346.0,6.0,6.0,0.0,0.034077848049719,categorical_crossentropy,False,0.034077848049719,-0.0,"{""accuracy"": 0.9927745664452955, ""categorical_crossentropy"": 0.034077848049719084, ""categorical_roc_auc"": 0.9998186435949571, ""f1"": 0.9463284372999152, ""precision"": 0.9519345234122405, ""recall"": 0.9416152026075884}","{""accuracy"": 0.0, ""categorical_crossentropy"": -0.0, ""categorical_roc_auc"": 0.0, ""f1"": 0.0, ""precision"": 0.0, ""recall"": 0.0}",0.0026113986968994,0.0002760887145996,0.6975193023681641,369.89453125,593.0,ok,,1.0.0,{}
car_evaluation,car-evaluation,pmlb,pmlb,multiclass,nofe,1,1200,1382.0,346.0,6.0,6.0,0.0,0.0314768102872245,categorical_crossentropy,False,0.0314768102872245,-0.0,"{""accuracy"": 0.9927745664452955, ""categorical_crossentropy"": 0.031476810287224544, ""categorical_roc_auc"": 0.9997760026357434, ""f1"": 0.9724265253498343, ""precision"": 0.9735062962053553, ""recall"": 0.9713695391517432}","{""accuracy"": 0.0, ""categorical_crossentropy"": -0.0, ""categorical_roc_auc"": 0.0, ""f1"": 0.0, ""precision"": 0.0, ""recall"": 0.0}",0.0025885105133056,0.0002288818359375,0.9736113548278807,377.890625,924.0,ok,,1.0.0,{}
car_evaluation,car-evaluation,pmlb,pmlb,multiclass,nofe,2,1200,1382.0,346.0,6.0,6.0,0.0,0.0483575949744782,categorical_crossentropy,False,0.0483575949744782,-0.0,"{""accuracy"": 0.9927745664452955, ""categorical_crossentropy"": 0.04835759497447825, ""categorical_roc_auc"": 0.9995083045453673, ""f1"": 0.953059074366951, ""precision"": 0.9666666662433258, ""recall"": 0.9421487599556309}","{""accuracy"": 0.0, ""categorical_crossentropy"": -0.0, ""categorical_roc_auc"": 0.0, ""f1"": 0.0, ""precision"": 0.0, ""recall"": 0.0}",0.00272798538208,0.0003485679626464,0.4649419784545898,364.12109375,349.0,ok,,1.0.0,{}
letter,letter,pmlb,pmlb,multiclass,nofe,0,1200,16000.0,4000.0,16.0,16.0,0.0,0.1168305045501175,categorical_crossentropy,False,0.1168305045501175,-0.0,"{""accuracy"": 0.9969807692282768, ""categorical_crossentropy"": 0.11683050455011758, ""categorical_roc_auc"": 0.9996714935516972, ""f1"": 0.9605139409123861, ""precision"": 0.9609935031450478, ""recall"": 0.9604722076065393}","{""accuracy"": 0.0, ""categorical_crossentropy"": -0.0, ""categorical_roc_auc"": 0.0, ""f1"": 0.0, ""precision"": 0.0, ""recall"": 0.0}",0.0140948295593261,0.0007417201995849,45.55720520019531,614.23828125,1161.0,ok,,1.0.0,{}
letter,letter,pmlb,pmlb,multiclass,nofe,1,1200,16000.0,4000.0,16.0,16.0,0.0,0.1155606983529794,categorical_crossentropy,False,0.1155606983529794,-0.0,"{""accuracy"": 0.9970961538436611, ""categorical_crossentropy"": 0.11556069835297948, ""categorical_roc_auc"": 0.9995732625748187, ""f1"": 0.9621373136307396, ""precision"": 0.9625110949291712, ""recall"": 0.9620909628715383}","{""accuracy"": 0.0, ""categorical_crossentropy"": -0.0, ""categorical_roc_auc"": 0.0, ""f1"": 0.0, ""precision"": 0.0, ""recall"": 0.0}",0.0138757228851318,0.0008275508880615,54.573676347732544,656.7734375,1454.0,ok,,1.0.0,{}
satimage,satimage,pmlb,pmlb,multiclass,nofe,0,1200,5148.0,1287.0,36.0,36.0,0.0,0.2475941888502473,categorical_crossentropy,False,0.2475941888502473,-0.0,"{""accuracy"": 0.9725459725384159, ""categorical_crossentropy"": 0.24759418885024737, ""categorical_roc_auc"": 0.9891960923518212, ""f1"": 0.9028377847703389, ""precision"": 0.9085041762325927, ""recall"": 0.8983577760840739}","{""accuracy"": 0.0, ""categorical_crossentropy"": -0.0, ""categorical_roc_auc"": 0.0, ""f1"": 0.0, ""precision"": 0.0, ""recall"": 0.0}",0.0081360340118408,0.0009300708770751,3.479247570037842,387.4921875,367.0,ok,,1.0.0,{}
satimage,satimage,pmlb,pmlb,multiclass,nofe,1,1200,5148.0,1287.0,36.0,36.0,0.0,0.2202722145128222,categorical_crossentropy,False,0.2202722145128222,-0.0,"{""accuracy"": 0.9748769748694001, ""categorical_crossentropy"": 0.22027221451282222, ""categorical_roc_auc"": 0.9910753348555482, ""f1"": 0.9070357937185206, ""precision"": 0.9182516210225353, ""recall"": 0.8998041143059949}","{""accuracy"": 0.0, ""categorical_crossentropy"": -0.0, ""categorical_roc_auc"": 0.0, ""f1"": 0.0, ""precision"": 0.0, ""recall"": 0.0}",0.0085923671722412,0.0009560585021972,2.9197418689727783,383.4296875,274.0,ok,,1.0.0,{}
satimage,satimage,pmlb,pmlb,multiclass,nofe,2,1200,5148.0,1287.0,36.0,36.0,0.0,0.2254584661383874,categorical_crossentropy,False,0.2254584661383874,-0.0,"{""accuracy"": 0.9720279720204195, ""categorical_crossentropy"": 0.2254584661383874, ""categorical_roc_auc"": 0.9912849706741054, ""f1"": 0.895345241946908, ""precision"": 0.9079519467008904, ""recall"": 0.8874729104940312}","{""accuracy"": 0.0, ""categorical_crossentropy"": -0.0, ""categorical_roc_auc"": 0.0, ""f1"": 0.0, ""precision"": 0.0, ""recall"": 0.0}",0.0078322887420654,0.0008976459503173,2.7678427696228027,381.7734375,253.0,ok,,1.0.0,{}
letter,letter,pmlb,pmlb,multiclass,nofe,2,1200,16000.0,4000.0,16.0,16.0,0.0,0.1198477487991486,categorical_crossentropy,False,0.1198477487991486,-0.0,"{""accuracy"": 0.9970192307667382, ""categorical_crossentropy"": 0.1198477487991486, ""categorical_roc_auc"": 0.9996314771281489, ""f1"": 0.9611761039928037, ""precision"": 0.9615539449570255, ""recall"": 0.9611114846887825}","{""accuracy"": 0.0, ""categorical_crossentropy"": -0.0, ""categorical_roc_auc"": 0.0, ""f1"": 0.0, ""precision"": 0.0, ""recall"": 0.0}",0.0144860744476318,0.000786542892456,40.42717003822327,589.921875,1000.0,ok,,1.0.0,{}
shuttle,shuttle,pmlb,pmlb,multiclass,nofe,1,1200,46400.0,11600.0,9.0,9.0,0.0,0.000132149725195,categorical_crossentropy,False,0.000132149725195,-0.0,"{""accuracy"": 0.9999999999991378, ""categorical_crossentropy"": 0.00013214972519504358, ""categorical_roc_auc"": 1.0, ""f1"": 0.9999999936215033, ""precision"": 0.9999999986215032, ""recall"": 0.9999999986215032}","{""accuracy"": 0.0, ""categorical_crossentropy"": -0.0, ""categorical_roc_auc"": 0.0, ""f1"": 0.0, ""precision"": 0.0, ""recall"": 0.0}",0.0288724899291992,0.0009174346923828,8.436495065689087,407.98046875,490.0,ok,,1.0.0,{}
shuttle,shuttle,pmlb,pmlb,multiclass,nofe,0,1200,46400.0,11600.0,9.0,9.0,0.0,0.0006018560613656,categorical_crossentropy,False,0.0006018560613656,-0.0,"{""accuracy"": 0.999950738915394, ""categorical_crossentropy"": 0.0006018560613656156, ""categorical_roc_auc"": 0.999999983661929, ""f1"": 0.999700720827346, ""precision"": 0.9998397550512715, ""recall"": 0.9995624576020395}","{""accuracy"": 0.0, ""categorical_crossentropy"": -0.0, ""categorical_roc_auc"": 0.0, ""f1"": 0.0, ""precision"": 0.0, ""recall"": 0.0}",0.0294129848480224,0.0010042190551757,24.67680263519287,444.60546875,1738.0,ok,,1.0.0,{}
shuttle,shuttle,pmlb,pmlb,multiclass,nofe,2,1200,46400.0,11600.0,9.0,9.0,0.0,0.0001825531106259,categorical_crossentropy,False,0.0001825531106259,-0.0,"{""accuracy"": 0.9999753694572658, ""categorical_crossentropy"": 0.0001825531106259922, ""categorical_roc_auc"": 1.0, ""f1"": 0.992441102008086, ""precision"": 0.9999198318587977, ""recall"": 0.9857142843500747}","{""accuracy"": 0.0, ""categorical_crossentropy"": -0.0, ""categorical_roc_auc"": 0.0, ""f1"": 0.0, ""precision"": 0.0, ""recall"": 0.0}",0.026634931564331,0.000864028930664,7.670528888702393,406.328125,445.0,ok,,1.0.0,{}
pendigits,pendigits,pmlb,pmlb,multiclass,nofe,0,1200,8793.0,2199.0,16.0,16.0,0.0,0.0351848806681699,categorical_crossentropy,False,0.0351848806681699,-0.0,"{""accuracy"": 0.9981809913551697, ""categorical_crossentropy"": 0.035184880668169986, ""categorical_roc_auc"": 0.9996548583734715, ""f1"": 0.9909499875038577, ""precision"": 0.9910704335764384, ""recall"": 0.990929188392958}","{""accuracy"": 0.0, ""categorical_crossentropy"": -0.0, ""categorical_roc_auc"": 0.0, ""f1"": 0.0, ""precision"": 0.0, ""recall"": 0.0}",0.009110689163208,0.000622272491455,7.738760471343994,420.8671875,918.0,ok,,1.0.0,{}
pendigits,pendigits,pmlb,pmlb,multiclass,nofe,1,1200,8793.0,2199.0,16.0,16.0,0.0,0.0341939279514678,categorical_crossentropy,False,0.0341939279514678,-0.0,"{""accuracy"": 0.9979990904911414, ""categorical_crossentropy"": 0.0341939279514678, ""categorical_roc_auc"": 0.9998910878540755, ""f1"": 0.9901329643035369, ""precision"": 0.9901579678108506, ""recall"": 0.990167583227316}","{""accuracy"": 0.0, ""categorical_crossentropy"": -0.0, ""categorical_roc_auc"": 0.0, ""f1"": 0.0, ""precision"": 0.0, ""recall"": 0.0}",0.007869005203247,0.0005333423614501,4.1056458950042725,391.78515625,340.0,ok,,1.0.0,{}
pendigits,pendigits,pmlb,pmlb,multiclass,nofe,2,1200,8793.0,2199.0,16.0,16.0,0.0,0.0400049375068379,categorical_crossentropy,False,0.0400049375068379,-0.0,"{""accuracy"": 0.9978171896271132, ""categorical_crossentropy"": 0.04000493750683796, ""categorical_roc_auc"": 0.9993044640967922, ""f1"": 0.9890929114701587, ""precision"": 0.9892491799703768, ""recall"": 0.9889942861007925}","{""accuracy"": 0.0, ""categorical_crossentropy"": -0.0, ""categorical_roc_auc"": 0.0, ""f1"": 0.0, ""precision"": 0.0, ""recall"": 0.0}",0.0077571868896484,0.0005989074707031,5.681528568267822,403.515625,573.0,ok,,1.0.0,{}
optdigits,optdigits,pmlb,pmlb,multiclass,nofe,0,1200,4496.0,1124.0,62.0,62.0,0.0,0.0845080659274483,categorical_crossentropy,False,0.0845080659274483,-0.0,"{""accuracy"": 0.9960854092438071, ""categorical_crossentropy"": 0.08450806592744839, ""categorical_roc_auc"": 0.9992782012246636, ""f1"": 0.9803820556627155, ""precision"": 0.9805277499576329, ""recall"": 0.9803952447816983}","{""accuracy"": 0.0, ""categorical_crossentropy"": -0.0, ""categorical_roc_auc"": 0.0, ""f1"": 0.0, ""precision"": 0.0, ""recall"": 0.0}",0.0114638805389404,0.0016438961029052,9.476706981658936,450.15625,1448.0,ok,,1.0.0,{}
optdigits,optdigits,pmlb,pmlb,multiclass,nofe,1,1200,4496.0,1124.0,62.0,62.0,0.0,0.0560642355160188,categorical_crossentropy,False,0.0560642355160188,-0.0,"{""accuracy"": 0.9971530249021606, ""categorical_crossentropy"": 0.056064235516018815, ""categorical_roc_auc"": 0.9996846198388942, ""f1"": 0.9857281041482112, ""precision"": 0.9857892663264657, ""recall"": 0.9857213403058538}","{""accuracy"": 0.0, ""categorical_crossentropy"": -0.0, ""categorical_roc_auc"": 0.0, ""f1"": 0.0, ""precision"": 0.0, ""recall"": 0.0}",0.0115222930908203,0.0014739036560058,7.33013129234314,429.578125,1007.0,ok,,1.0.0,{}
vehicle,vehicle,pmlb,pmlb,multiclass,nofe,0,1200,676.0,170.0,18.0,18.0,0.0,0.5225126170114998,categorical_crossentropy,False,0.5225126170114998,-0.0,"{""accuracy"": 0.8794117646541523, ""categorical_crossentropy"": 0.5225126170114998, ""categorical_roc_auc"": 0.9306049289252414, ""f1"": 0.7569139692959699, ""precision"": 0.7538696664271507, ""recall"": 0.761011904582017}","{""accuracy"": 0.0, ""categorical_crossentropy"": -0.0, ""categorical_roc_auc"": 0.0, ""f1"": 0.0, ""precision"": 0.0, ""recall"": 0.0}",0.0026698112487792,0.0004425048828125,0.5252349376678467,362.80078125,182.0,ok,,1.0.0,{}
vehicle,vehicle,pmlb,pmlb,multiclass,nofe,1,1200,676.0,170.0,18.0,18.0,0.0,0.5372674297253766,categorical_crossentropy,False,0.5372674297253766,-0.0,"{""accuracy"": 0.8794117646541523, ""categorical_crossentropy"": 0.5372674297253766, ""categorical_roc_auc"": 0.9279210633116883, ""f1"": 0.751460499315104, ""precision"": 0.7510392848257031, ""recall"": 0.760524891595217}","{""accuracy"": 0.0, ""categorical_crossentropy"": -0.0, ""categorical_roc_auc"": 0.0, ""f1"": 0.0, ""precision"": 0.0, ""recall"": 0.0}",0.0027594566345214,0.0004169940948486,0.5053219795227051,362.12890625,169.0,ok,,1.0.0,{}
optdigits,optdigits,pmlb,pmlb,multiclass,nofe,2,1200,4496.0,1124.0,62.0,62.0,0.0,0.0673996822910545,categorical_crossentropy,False,0.0673996822910545,-0.0,"{""accuracy"": 0.9962633451868662, ""categorical_crossentropy"": 0.06739968229105452, ""categorical_roc_auc"": 0.9996874435418238, ""f1"": 0.9813918742194389, ""precision"": 0.9816085815223392, ""recall"": 0.9813116674755171}","{""accuracy"": 0.0, ""categorical_crossentropy"": -0.0, ""categorical_roc_auc"": 0.0, ""f1"": 0.0, ""precision"": 0.0, ""recall"": 0.0}",0.01277756690979,0.0014047622680664,9.132244110107422,447.06640625,1386.0,ok,,1.0.0,{}
vehicle,vehicle,pmlb,pmlb,multiclass,nofe,2,1200,676.0,170.0,18.0,18.0,0.0,0.5285705975174685,categorical_crossentropy,False,0.5285705975174685,-0.0,"{""accuracy"": 0.864705882302076, ""categorical_crossentropy"": 0.5285705975174685, ""categorical_roc_auc"": 0.9243426191863691, ""f1"": 0.7309765608097594, ""precision"": 0.7311463940835917, ""recall"": 0.7312229435501614}","{""accuracy"": 0.0, ""categorical_crossentropy"": -0.0, ""categorical_roc_auc"": 0.0, ""f1"": 0.0, ""precision"": 0.0, ""recall"": 0.0}",0.002709150314331,0.0004448890686035,0.4862043857574463,361.6015625,158.0,ok,,1.0.0,{}
mfeat_factors,mfeat-factors,pmlb,pmlb,multiclass,nofe,0,1200,1600.0,400.0,216.0,216.0,0.0,0.1111692693125951,categorical_crossentropy,False,0.1111692693125951,-0.0,"{""accuracy"": 0.9934999999751625, ""categorical_crossentropy"": 0.11116926931259513, ""categorical_roc_auc"": 0.998451388888889, ""f1"": 0.96713125949995, ""precision"": 0.967589660555225, ""recall"": 0.967499999758125}","{""accuracy"": 0.0, ""categorical_crossentropy"": -0.0, ""categorical_roc_auc"": 0.0, ""f1"": 0.0, ""precision"": 0.0, ""recall"": 0.0}",0.0167741775512695,0.0038254261016845,11.054829359054564,399.55078125,343.0,ok,,1.0.0,{}
mfeat_factors,mfeat-factors,pmlb,pmlb,multiclass,nofe,1,1200,1600.0,400.0,216.0,216.0,0.0,0.1412384444635972,categorical_crossentropy,False,0.1412384444635972,-0.0,"{""accuracy"": 0.9924999999751876, ""categorical_crossentropy"": 0.14123844446359726, ""categorical_roc_auc"": 0.998625, ""f1"": 0.9624130905149244, ""precision"": 0.9633234820100466, ""recall"": 0.9624999997593748}","{""accuracy"": 0.0, ""categorical_crossentropy"": -0.0, ""categorical_roc_auc"": 0.0, ""f1"": 0.0, ""precision"": 0.0, ""recall"": 0.0}",0.0163559913635253,0.0034983158111572,11.91437530517578,402.45703125,395.0,ok,,1.0.0,{}
monk1,monk1,pmlb,pmlb,classification,nofe,0,1200,444.0,112.0,6.0,6.0,0.0,0.0220668191620591,binary_crossentropy,False,0.0220668191620591,-0.0,"{""accuracy"": 0.9999999999107143, ""binary_crossentropy"": 0.022066819162059152, ""binary_roc_auc"": 1.0, ""f1"": 0.9999999948214284, ""precision"": 0.9999999998214285, ""recall"": 0.9999999998214285}","{""accuracy"": 0.0, ""binary_crossentropy"": -0.0, ""binary_roc_auc"": 0.0, ""f1"": 0.0, ""precision"": 0.0, ""recall"": 0.0}",0.0021843910217285,0.0002281665802001,0.2531068325042724,358.15234375,866.0,ok,,1.0.0,{}
monk1,monk1,pmlb,pmlb,classification,nofe,1,1200,444.0,112.0,6.0,6.0,0.0,0.0182362263184846,binary_crossentropy,False,0.0182362263184846,-0.0,"{""accuracy"": 0.9999999999107143, ""binary_crossentropy"": 0.018236226318484632, ""binary_roc_auc"": 1.0, ""f1"": 0.9999999948214284, ""precision"": 0.9999999998214285, ""recall"": 0.9999999998214285}","{""accuracy"": 0.0, ""binary_crossentropy"": -0.0, ""binary_roc_auc"": 0.0, ""f1"": 0.0, ""precision"": 0.0, ""recall"": 0.0}",0.0020804405212402,0.0002281665802001,0.3073406219482422,359.23046875,1105.0,ok,,1.0.0,{}
monk1,monk1,pmlb,pmlb,classification,nofe,2,1200,444.0,112.0,6.0,6.0,0.0,0.0193182694292448,binary_crossentropy,False,0.0193182694292448,-0.0,"{""accuracy"": 0.9999999999107143, ""binary_crossentropy"": 0.0193182694292448, ""binary_roc_auc"": 1.0, ""f1"": 0.9999999948214284, ""precision"": 0.9999999998214285, ""recall"": 0.9999999998214285}","{""accuracy"": 0.0, ""binary_crossentropy"": -0.0, ""binary_roc_auc"": 0.0, ""f1"": 0.0, ""precision"": 0.0, ""recall"": 0.0}",0.0020945072174072,0.0002908706665039,0.3002743721008301,358.98046875,1111.0,ok,,1.0.0,{}
mfeat_factors,mfeat-factors,pmlb,pmlb,multiclass,nofe,2,1200,1600.0,400.0,216.0,216.0,0.0,0.201572267747324,categorical_crossentropy,False,0.201572267747324,-0.0,"{""accuracy"": 0.9879999999753, ""categorical_crossentropy"": 0.20157226774732406, ""categorical_roc_auc"": 0.9959166666666667, ""f1"": 0.9406208030910935, ""precision"": 0.9432078023364465, ""recall"": 0.9399999997649997}","{""accuracy"": 0.0, ""categorical_crossentropy"": -0.0, ""categorical_roc_auc"": 0.0, ""f1"": 0.0, ""precision"": 0.0, ""recall"": 0.0}",0.0176198482513427,0.0039918422698974,13.76076316833496,414.9375,765.0,ok,,1.0.0,{}
529_pollen,pollen,pmlb,pmlb,regression,nofe,0,1200,3078.0,770.0,4.0,4.0,0.0,1.5986108050893144,rmse,False,1.5986108050893144,-0.0,"{""mae"": 1.2594775721019544, ""mse"": 2.5555565061483057, ""pearson"": 0.8647743033178305, ""r2"": 0.7430548463033928, ""rmse"": 1.5986108050893144, ""rmsle"": null}","{""mae"": -0.0, ""mse"": -0.0, ""pearson"": 0.0, ""r2"": 0.0, ""rmse"": -0.0, ""rmsle"": null}",0.0014176368713378,0.0002198219299316,0.3208737373352051,357.14453125,203.0,ok,,1.0.0,{}
529_pollen,pollen,pmlb,pmlb,regression,nofe,1,1200,3078.0,770.0,4.0,4.0,0.0,1.585127263915552,rmse,False,1.585127263915552,-0.0,"{""mae"": 1.2395357026089613, ""mse"": 2.5126284428084045, ""pearson"": 0.8701789940520425, ""r2"": 0.7536112266698475, ""rmse"": 1.585127263915552, ""rmsle"": null}","{""mae"": -0.0, ""mse"": -0.0, ""pearson"": 0.0, ""r2"": 0.0, ""rmse"": -0.0, ""rmsle"": null}",0.0019302368164062,0.0004105567932128,0.2676396369934082,357.8828125,137.0,ok,,1.0.0,{}
529_pollen,pollen,pmlb,pmlb,regression,nofe,2,1200,3078.0,770.0,4.0,4.0,0.0,1.5843982974151207,rmse,False,1.5843982974151207,-0.0,"{""mae"": 1.2462806129972481, ""mse"": 2.510317964851933, ""pearson"": 0.8730792294025248, ""r2"": 0.7610922593231474, ""rmse"": 1.5843982974151207, ""rmsle"": null}","{""mae"": -0.0, ""mse"": -0.0, ""pearson"": 0.0, ""r2"": 0.0, ""rmse"": -0.0, ""rmsle"": null}",0.0013706684112548,0.0003080368041992,0.3496074676513672,359.8984375,237.0,ok,,1.0.0,{}
503_wind,wind,pmlb,pmlb,regression,nofe,0,1200,5259.0,1315.0,14.0,14.0,0.0,3.160870419196631,rmse,False,3.160870419196631,-0.0,"{""mae"": 2.406790639057812, ""mse"": 9.991101806952285, ""pearson"": 0.8810409780568007, ""r2"": 0.7760986004253945, ""rmse"": 3.160870419196631, ""rmsle"": 0.2221127070791727}","{""mae"": -0.0, ""mse"": -0.0, ""pearson"": 0.0, ""r2"": 0.0, ""rmse"": -0.0, ""rmsle"": -0.0}",0.0036916732788085,0.000497817993164,0.9205007553100586,363.03125,249.0,ok,,1.0.0,{}
503_wind,wind,pmlb,pmlb,regression,nofe,1,1200,5259.0,1315.0,14.0,14.0,0.0,2.9842687326630206,rmse,False,2.9842687326630206,-0.0,"{""mae"": 2.297464650665399, ""mse"": 8.905859868750152, ""pearson"": 0.8882498224660703, ""r2"": 0.7889578051557301, ""rmse"": 2.9842687326630206, ""rmsle"": 0.21380101772468021}","{""mae"": -0.0, ""mse"": -0.0, ""pearson"": 0.0, ""r2"": 0.0, ""rmse"": -0.0, ""rmsle"": -0.0}",0.003568410873413,0.000446081161499,0.7663843631744385,362.65625,182.0,ok,,1.0.0,{}
1193_BNG_lowbwt,BNG-lowbwt,pmlb,pmlb,regression,nofe,0,1200,24883.0,6221.0,9.0,9.0,0.0,445.0044680697531,rmse,False,445.0044680697531,-0.0,"{""mae"": 351.06619597255485, ""mse"": 198028.9766020439, ""pearson"": 0.7906606414502914, ""r2"": 0.6251031367833303, ""rmse"": 445.0044680697531, ""rmsle"": 0.1704181769600441}","{""mae"": -0.0, ""mse"": -0.0, ""pearson"": 0.0, ""r2"": 0.0, ""rmse"": -0.0, ""rmsle"": -0.0}",0.0079636573791503,0.0005903244018554,0.5602414608001709,371.7734375,129.0,ok,,1.0.0,{}
503_wind,wind,pmlb,pmlb,regression,nofe,2,1200,5259.0,1315.0,14.0,14.0,0.0,2.985540099602209,rmse,False,2.985540099602209,-0.0,"{""mae"": 2.3151528673933486, ""mse"": 8.913449686332768, ""pearson"": 0.8929060910284732, ""r2"": 0.7968542783904808, ""rmse"": 2.985540099602209, ""rmsle"": 0.2206966742311309}","{""mae"": -0.0, ""mse"": -0.0, ""pearson"": 0.0, ""r2"": 0.0, ""rmse"": -0.0, ""rmsle"": -0.0}",0.0033743381500244,0.0005023479461669,1.4851853847503662,365.5546875,457.0,ok,,1.0.0,{}
1193_BNG_lowbwt,BNG-lowbwt,pmlb,pmlb,regression,nofe,1,1200,24883.0,6221.0,9.0,9.0,0.0,451.3087170110411,rmse,False,451.3087170110411,-0.0,"{""mae"": 358.7220452116571, ""mse"": 203679.55805015197, ""pearson"": 0.7787005831332736, ""r2"": 0.6063454061816802, ""rmse"": 451.3087170110411, ""rmsle"": 0.1672548883741317}","{""mae"": -0.0, ""mse"": -0.0, ""pearson"": 0.0, ""r2"": 0.0, ""rmse"": -0.0, ""rmsle"": -0.0}",0.0077440738677978,0.0006346702575683,0.5308120250701904,371.4140625,105.0,ok,,1.0.0,{}
1193_BNG_lowbwt,BNG-lowbwt,pmlb,pmlb,regression,nofe,2,1200,24883.0,6221.0,9.0,9.0,0.0,449.2403380489895,rmse,False,449.2403380489895,-0.0,"{""mae"": 357.4591508947218, ""mse"": 201816.88133037035, ""pearson"": 0.7862360407440324, ""r2"": 0.6180641088069904, ""rmse"": 449.2403380489895, ""rmsle"": 0.1702216344863774}","{""mae"": -0.0, ""mse"": -0.0, ""pearson"": 0.0, ""r2"": 0.0, ""rmse"": -0.0, ""rmsle"": -0.0}",0.0077669620513916,0.0006194114685058,0.5256285667419434,371.37890625,107.0,ok,,1.0.0,{}
581_fri_c3_500_25,Friedman-c3,pmlb,pmlb,regression,nofe,1,1200,400.0,100.0,25.0,25.0,0.0,0.3267980578050114,rmse,False,0.3267980578050114,-0.0,"{""mae"": 0.24412358629517258, ""mse"": 0.1067969705851276, ""pearson"": 0.9579335395442075, ""r2"": 0.9061670104740807, ""rmse"": 0.3267980578050114, ""rmsle"": null}","{""mae"": -0.0, ""mse"": -0.0, ""pearson"": 0.0, ""r2"": 0.0, ""rmse"": -0.0, ""rmsle"": null}",0.0019733905792236,0.0005230903625488,1.0166666507720947,356.40625,138.0,ok,,1.0.0,{}
581_fri_c3_500_25,Friedman-c3,pmlb,pmlb,regression,nofe,0,1200,400.0,100.0,25.0,25.0,0.0,0.3266653933420662,rmse,False,0.3266653933420662,-0.0,"{""mae"": 0.2567177806935797, ""mse"": 0.10671027920732684, ""pearson"": 0.952273065260757, ""r2"": 0.8947697348249979, ""rmse"": 0.32666539334206623, ""rmsle"": null}","{""mae"": -0.0, ""mse"": -0.0, ""pearson"": 0.0, ""r2"": 0.0, ""rmse"": -0.0, ""rmsle"": null}",0.001967430114746,0.0005087852478027,1.64809250831604,359.60546875,294.0,ok,,1.0.0,{}
1028_SWD,SWD,pmlb,pmlb,regression,nofe,0,1200,800.0,200.0,10.0,10.0,0.0,0.5992811670507572,rmse,False,0.5992811670507572,-0.0,"{""mae"": 0.49522449970245364, ""mse"": 0.3591379171817175, ""pearson"": 0.6418882989984669, ""r2"": 0.4110320738276947, ""rmse"": 0.5992811670507572, ""rmsle"": 0.12841988884419558}","{""mae"": -0.0, ""mse"": -0.0, ""pearson"": 0.0, ""r2"": 0.0, ""rmse"": -0.0, ""rmsle"": -0.0}",0.001514196395874,0.0003519058227539,0.1040549278259277,353.83984375,44.0,ok,,1.0.0,{}
581_fri_c3_500_25,Friedman-c3,pmlb,pmlb,regression,nofe,2,1200,400.0,100.0,25.0,25.0,0.0,0.3611830035213164,rmse,False,0.3611830035213164,-0.0,"{""mae"": 0.2779744558647508, ""mse"": 0.13045316203267926, ""pearson"": 0.9359018304867409, ""r2"": 0.8695151884313367, ""rmse"": 0.3611830035213164, ""rmsle"": null}","{""mae"": -0.0, ""mse"": -0.0, ""pearson"": 0.0, ""r2"": 0.0, ""rmse"": -0.0, ""rmsle"": null}",0.0017991065979003,0.0005419254302978,1.5158023834228516,358.65234375,271.0,ok,,1.0.0,{}
1028_SWD,SWD,pmlb,pmlb,regression,nofe,1,1200,800.0,200.0,10.0,10.0,0.0,0.6862052687228947,rmse,False,0.6862052687228947,-0.0,"{""mae"": 0.5469160199165344, ""mse"": 0.47087767082306015, ""pearson"": 0.5501828766649693, ""r2"": 0.262842674144949, ""rmse"": 0.6862052687228947, ""rmsle"": 0.14557858912392257}","{""mae"": -0.0, ""mse"": -0.0, ""pearson"": 0.0, ""r2"": 0.0, ""rmse"": -0.0, ""rmsle"": -0.0}",0.0014941692352294,0.0003027915954589,0.1213364601135253,353.6875,61.0,ok,,1.0.0,{}
1028_SWD,SWD,pmlb,pmlb,regression,nofe,2,1200,800.0,200.0,10.0,10.0,0.0,0.6211146858325913,rmse,False,0.6211146858325913,-0.0,"{""mae"": 0.5071626591682434, ""mse"": 0.3857834529569186, ""pearson"": 0.5977434894845344, ""r2"": 0.3495473731968999, ""rmse"": 0.6211146858325913, ""rmsle"": 0.13109836007249145}","{""mae"": -0.0, ""mse"": -0.0, ""pearson"": 0.0, ""r2"": 0.0, ""rmse"": -0.0, ""rmsle"": -0.0}",0.0017430782318115,0.0003669261932373,0.1192500591278076,353.51953125,47.0,ok,,1.0.0,{}
adult,adult,pmlb,pmlb,classification,tabularaml,0,1200,39073,9769,14,17,3,0.28339911836336495,binary_crossentropy,False,0.28303947001810104,-0.0012706649897306493,"{""accuracy"": 0.8704063875515708, ""binary_crossentropy"": 0.28339911836336495, ""binary_roc_auc"": 0.9248375041830521, ""f1"": 0.9169836015594112, ""precision"": 0.8942319989757076, ""recall"": 0.9409231597349739}","{""accuracy"": -0.00047020101093217553, ""binary_crossentropy"": -0.0012706649897306493, ""binary_roc_auc"": -0.00012206132992221144, ""f1"": -0.0002030750324772634, ""precision"": -0.0010761768979046314, ""recall"": 0.0007156147130384708}",139.09336256980896,0.012464761734008789,140.635333776474,466.765625,320,ok,,0.2.0,"{""mode"": ""medium"", ""elapsed_time"": 134.78596591949463, ""n_init_feats"": 14, ""n_added_feats"": 3, ""initial_metric"": null, ""final_metric"": 0.2748002429822981, ""pct_gain"": 0.0005704329069004392}"
adult,adult,pmlb,pmlb,classification,tabularaml,2,1200,39073,9769,14,16,2,0.2825486519419682,binary_crossentropy,False,0.2821965927038329,-0.0012475672890380832,"{""accuracy"": 0.8705087521743571, ""binary_crossentropy"": 0.2825486519419682, ""binary_roc_auc"": 0.9253307503454364, ""f1"": 0.9170219694197946, ""precision"": 0.8945482467354817, ""recall"": 0.9406540169547293}","{""accuracy"": 0.00035289965886369656, ""binary_crossentropy"": -0.0012475672890380832, ""binary_roc_auc"": -3.147372057833491e-05, ""f1"": 0.0002563239942948066, ""precision"": -0.00018064963881868546, ""recall"": 0.0007158196134573794}",91.24424314498901,0.013417482376098633,93.5940158367157,464.5546875,419,ok,,0.2.0,"{""mode"": ""medium"", ""elapsed_time"": 86.93102955818176, ""n_init_feats"": 14, ""n_added_feats"": 2, ""initial_metric"": null, ""final_metric"": 0.27683060849235364, ""pct_gain"": 0.00036518100412443816}"
adult,adult,pmlb,pmlb,classification,tabularaml,1,1200,39073,9769,14,18,4,0.271840348990077,binary_crossentropy,False,0.27542712289275856,0.013022587844691479,"{""accuracy"": 0.8734773262351586, ""binary_crossentropy"": 0.271840348990077, ""binary_roc_auc"": 0.9306072669241366, ""f1"": 0.918982690335114, ""precision"": 0.8958466453662673, ""recall"": 0.9433454447571749}","{""accuracy"": 0.0017609767551068722, ""binary_crossentropy"": 0.013022587844691479, ""binary_roc_auc"": 0.0014108446781005296, ""f1"": 0.0010417497184032618, ""precision"": 0.0013532095969780802, ""recall"": 0.000713775874375417}",395.84344029426575,0.013125896453857422,397.37797808647156,516.8671875,304,ok,,0.2.0,"{""mode"": ""medium"", ""elapsed_time"": 391.7484164237976, ""n_init_feats"": 14, ""n_added_feats"": 4, ""initial_metric"": null, ""final_metric"": 0.27584503482052025, ""pct_gain"": 0.012706679170201216}"
mushroom,mushroom,pmlb,pmlb,classification,tabularaml,0,1200,6499,1625,21,33,12,0.00037779177227303777,binary_crossentropy,False,0.0005598739768605671,0.3252199818404413,"{""accuracy"": 0.9999999999938463, ""binary_crossentropy"": 0.00037779177227303777, ""binary_roc_auc"": 1.0, ""f1"": 0.9999999949872285, ""precision"": 0.9999999999872285, ""recall"": 0.9999999999872285}","{""accuracy"": 0.0, ""binary_crossentropy"": 0.3252199818404413, ""binary_roc_auc"": 0.0, ""f1"": 0.0, ""precision"": 0.0, ""recall"": 0.0}",240.30322241783142,0.03215384483337402,241.92715740203857,413.98828125,1417,ok,,0.2.0,"{""mode"": ""medium"", ""elapsed_time"": 156.29730653762817, ""n_init_feats"": 21, ""n_added_feats"": 12, ""initial_metric"": null, ""final_metric"": 2.236611048506805e-05, ""pct_gain"": 0.02799588382025921}"
mushroom,mushroom,pmlb,pmlb,classification,tabularaml,2,1200,6499,1625,21,26,5,0.0004679569284271565,binary_crossentropy,False,0.0006463095399102223,0.2759554059929866,"{""accuracy"": 0.9999999999938463, ""binary_crossentropy"": 0.0004679569284271565, ""binary_roc_auc"": 1.0, ""f1"": 0.9999999949872285, ""precision"": 0.9999999999872285, ""recall"": 0.9999999999872285}","{""accuracy"": 0.0, ""binary_crossentropy"": 0.2759554059929866, ""binary_roc_auc"": 0.0, ""f1"": 0.0, ""precision"": 0.0, ""recall"": 0.0}",93.86376190185547,0.015227556228637695,95.40899300575256,407.5234375,1986,ok,,0.2.0,"{""mode"": ""medium"", ""elapsed_time"": 93.22671937942505, ""n_init_feats"": 21, ""n_added_feats"": 5, ""initial_metric"": null, ""final_metric"": 2.2332783019006753e-05, ""pct_gain"": 0.030155019661931976}"
mushroom,mushroom,pmlb,pmlb,classification,tabularaml,1,1200,6499,1625,21,31,10,0.000474743895879678,binary_crossentropy,False,0.0005454151054327667,0.12957325319586394,"{""accuracy"": 0.9999999999938463, ""binary_crossentropy"": 0.000474743895879678, ""binary_roc_auc"": 1.0, ""f1"": 0.9999999949872285, ""precision"": 0.9999999999872285, ""recall"": 0.9999999999872285}","{""accuracy"": 0.0, ""binary_crossentropy"": 0.12957325319586394, ""binary_roc_auc"": 0.0, ""f1"": 0.0, ""precision"": 0.0, ""recall"": 0.0}",258.20594692230225,0.019951343536376953,260.05074858665466,427.26953125,1990,ok,,0.2.0,"{""mode"": ""medium"", ""elapsed_time"": 220.71244144439697, ""n_init_feats"": 21, ""n_added_feats"": 10, ""initial_metric"": null, ""final_metric"": 2.2103153210232158e-05, ""pct_gain"": 0.03860076261848829}"
spambase,spambase,pmlb,pmlb,classification,tabularaml,0,1200,3680,921,57,59,2,0.11576070380887932,binary_crossentropy,False,0.1166924022625758,0.007984225499103305,"{""accuracy"": 0.9554831704565094, ""binary_crossentropy"": 0.11576070380887932, ""binary_roc_auc"": 0.9897311334261479, ""f1"": 0.9440654792857476, ""precision"": 0.9351351351098612, ""recall"": 0.9531680440508769}","{""accuracy"": -0.003397508493771185, ""binary_crossentropy"": 0.007984225499103305, ""binary_roc_auc"": 3.4918465383246046e-05, ""f1"": -0.004242169307957807, ""precision"": -0.005576758314437541, ""recall"": -0.002881844380403552}",551.6423289775848,0.014580488204956055,552.793340921402,422.34765625,353,ok,,0.2.0,"{""mode"": ""medium"", ""elapsed_time"": 550.2492954730988, ""n_init_feats"": 57, ""n_added_feats"": 2, ""initial_metric"": null, ""final_metric"": 0.15103885625703256, ""pct_gain"": -0.11448276285792623}"
spambase,spambase,pmlb,pmlb,classification,tabularaml,1,1200,3680,921,57,57,0,0.13628545383118118,binary_crossentropy,False,0.13628545383118118,-0.0,"{""accuracy"": 0.9500542888061884, ""binary_crossentropy"": 0.13628545383118118, ""binary_roc_auc"": 0.9873663319411119, ""f1"": 0.9362880836168769, ""precision"": 0.9415041782467547, ""recall"": 0.9311294765583711}","{""accuracy"": 0.0, ""binary_crossentropy"": -0.0, ""binary_roc_auc"": 0.0, ""f1"": 0.0, ""precision"": 0.0, ""recall"": 0.0}",711.8301434516907,0.005695819854736328,712.9518806934357,431.21875,280,ok,,0.2.0,"{""mode"": ""medium"", ""elapsed_time"": 709.3063552379608, ""n_init_feats"": 57, ""n_added_feats"": 0, ""initial_metric"": null, ""final_metric"": 0.14733267119407553, ""pct_gain"": -0.06677997712386494}"
spambase,spambase,pmlb,pmlb,classification,tabularaml,2,1200,3680,921,57,57,0,0.12703836472897587,binary_crossentropy,False,0.12703836472897587,-0.0,"{""accuracy"": 0.9500542888061884, ""binary_crossentropy"": 0.12703836472897587, ""binary_roc_auc"": 0.989247311827957, ""f1"": 0.935754184918971, ""precision"": 0.9490084985566853, ""recall"": 0.9228650137486814}","{""accuracy"": 0.0, ""binary_crossentropy"": -0.0, ""binary_roc_auc"": 0.0, ""f1"": 0.0, ""precision"": 0.0, ""recall"": 0.0}",238.92085671424866,0.0060384273529052734,240.11628198623657,410.5703125,384,ok,,0.2.0,"{""mode"": ""medium"", ""elapsed_time"": 236.4412293434143, ""n_init_feats"": 57, ""n_added_feats"": 0, ""initial_metric"": null, ""final_metric"": 0.15514030605970613, ""pct_gain"": -0.09308814544146099}"
kr_vs_kp,kr-vs-kp,pmlb,pmlb,classification,tabularaml,0,1200,2556,640,36,38,2,0.013768845075382785,binary_crossentropy,False,0.013169731170696152,-0.04549173380393032,"{""accuracy"": 0.9968749999844239, ""binary_crossentropy"": 0.013768845075382785, ""binary_roc_auc"": 0.9999706469414114, ""f1"": 0.9969969919671023, ""precision"": 0.9999999999698795, ""recall"": 0.9940119760181433}","{""accuracy"": 0.0, ""binary_crossentropy"": -0.04549173380393032, ""binary_roc_auc"": -9.784544333786961e-06, ""f1"": 0.0, ""precision"": 0.0, ""recall"": 0.0}",114.30851006507874,0.011788606643676758,114.79600238800049,385.5078125,606,ok,,0.2.0,"{""mode"": ""medium"", ""elapsed_time"": 113.68024063110352, ""n_init_feats"": 36, ""n_added_feats"": 2, ""initial_metric"": null, ""final_metric"": 0.02782504025946953, ""pct_gain"": -0.020002927080484595}"
kr_vs_kp,kr-vs-kp,pmlb,pmlb,classification,tabularaml,1,1200,2556,640,36,36,0,0.02948454087971797,binary_crossentropy,False,0.02948454087971797,-0.0,"{""accuracy"": 0.9906249999845215, ""binary_crossentropy"": 0.02948454087971797, ""binary_roc_auc"": 0.9990509177722985, ""f1"": 0.9910714235421095, ""precision"": 0.9852071005625678, ""recall"": 0.9970059879941016}","{""accuracy"": 0.0, ""binary_crossentropy"": -0.0, ""binary_roc_auc"": 0.0, ""f1"": 0.0, ""precision"": 0.0, ""recall"": 0.0}",189.62814450263977,0.003422975540161133,189.99275374412537,393.09375,444,ok,,0.2.0,"{""mode"": ""medium"", ""elapsed_time"": 188.68640279769897, ""n_init_feats"": 36, ""n_added_feats"": 0, ""initial_metric"": null, ""final_metric"": 0.02575616902257566, ""pct_gain"": -0.20007930587782924}"
kr_vs_kp,kr-vs-kp,pmlb,pmlb,classification,tabularaml,2,1200,2556,640,36,39,3,0.020365738777731755,binary_crossentropy,False,0.021859622373830767,0.06833986290117315,"{""accuracy"": 0.9906249999845215, ""binary_crossentropy"": 0.020365738777731755, ""binary_roc_auc"": 0.999892372118508, ""f1"": 0.9910714235421095, ""precision"": 0.9852071005625678, ""recall"": 0.9970059879941016}","{""accuracy"": 0.0, ""binary_crossentropy"": 0.06833986290117315, ""binary_roc_auc"": 1.9571195114951837e-05, ""f1"": 2.6893287793762984e-05, ""precision"": -0.0029229343407383658, ""recall"": 0.003012048192771099}",134.65939235687256,0.0128021240234375,135.42893958091736,391.09765625,1138,ok,,0.2.0,"{""mode"": ""medium"", ""elapsed_time"": 134.05636072158813, ""n_init_feats"": 36, ""n_added_feats"": 3, ""initial_metric"": null, ""final_metric"": 0.02069395182893065, ""pct_gain"": -0.31478006667260927}"
chess,chess,pmlb,pmlb,classification,tabularaml,1,1200,2556,640,36,36,0,0.026616590781384807,binary_crossentropy,False,0.026616590781384807,-0.0,"{""accuracy"": 0.9906249999845215, ""binary_crossentropy"": 0.026616590781384807, ""binary_roc_auc"": 0.9995890571797581, ""f1"": 0.9910179590421853, ""precision"": 0.9910179640421851, ""recall"": 0.9910179640421851}","{""accuracy"": 0.0, ""binary_crossentropy"": -0.0, ""binary_roc_auc"": 0.0, ""f1"": 0.0, ""precision"": 0.0, ""recall"": 0.0}",40.21875023841858,0.003408670425415039,40.643471240997314,379.1796875,532,ok,,0.2.0,"{""mode"": ""medium"", ""elapsed_time"": 39.2728545665741, ""n_init_feats"": 36, ""n_added_feats"": 0, ""initial_metric"": null, ""final_metric"": 0.02978530482292661, ""pct_gain"": -0.4927272090692579}"
chess,chess,pmlb,pmlb,classification,tabularaml,2,1200,2556,640,36,41,5,0.021731672899843613,binary_crossentropy,False,0.03100978358275448,0.29919946581216117,"{""accuracy"": 0.9921874999844971, ""binary_crossentropy"": 0.021731672899843613, ""binary_roc_auc"": 0.9999315095299597, ""f1"": 0.9924811979777716, ""precision"": 0.996978851933626, ""recall"": 0.9880239520662268}","{""accuracy"": 0.0063391442155309495, ""binary_crossentropy"": 0.29919946581216117, ""binary_roc_auc"": 0.0001272214828153071, ""f1"": 0.006181096945110629, ""precision"": 3.706930142789447e-05, ""recall"": 0.012269938650306808}",183.48945260047913,0.013712167739868164,184.25426363945007,390.23828125,979,ok,,0.2.0,"{""mode"": ""medium"", ""elapsed_time"": 182.7965006828308, ""n_init_feats"": 36, ""n_added_feats"": 5, ""initial_metric"": null, ""final_metric"": 0.025017704367585814, ""pct_gain"": 0.060416245274045315}"
chess,chess,pmlb,pmlb,classification,tabularaml,0,1200,2556,640,36,36,0,0.022820198655007572,binary_crossentropy,False,0.022820198655007572,-0.0,"{""accuracy"": 0.9937499999844727, ""binary_crossentropy"": 0.022820198655007572, ""binary_roc_auc"": 0.9996869007083872, ""f1"": 0.9940298457166407, ""precision"": 0.9910714285419324, ""recall"": 0.9970059879941016}","{""accuracy"": 0.0, ""binary_crossentropy"": -0.0, ""binary_roc_auc"": 0.0, ""f1"": 0.0, ""precision"": 0.0, ""recall"": 0.0}",347.2085633277893,0.003438711166381836,347.58809185028076,402.8046875,473,ok,,0.2.0,"{""mode"": ""medium"", ""elapsed_time"": 330.3862454891205, ""n_init_feats"": 36, ""n_added_feats"": 0, ""initial_metric"": null, ""final_metric"": 0.020108725834298652, ""pct_gain"": 0.3188006670799423}"
ionosphere,ionosphere,pmlb,pmlb,classification,tabularaml,0,1200,280,71,33,39,6,0.21734629463876637,binary_crossentropy,False,0.2538662343482736,0.1438550495037726,"{""accuracy"": 0.9295774646578061, ""binary_crossentropy"": 0.21734629463876637, ""binary_roc_auc"": 0.9608695652173914, ""f1"": 0.9473684158581718, ""precision"": 0.9183673467513536, ""recall"": 0.978260869352552}","{""accuracy"": 0.0, ""binary_crossentropy"": 0.1438550495037726, ""binary_roc_auc"": 2.310871453970914e-16, ""f1"": 0.0, ""precision"": 0.0, ""recall"": 0.0}",112.4033453464508,0.017592906951904297,112.67837309837341,368.79296875,84,ok,,0.2.0,"{""mode"": ""medium"", ""elapsed_time"": 110.35087132453918, ""n_init_feats"": 33, ""n_added_feats"": 6, ""initial_metric"": null, ""final_metric"": 0.28485872782485977, ""pct_gain"": 0.07862080709905911}"
ionosphere,ionosphere,pmlb,pmlb,classification,tabularaml,1,1200,280,71,33,42,9,0.1872508087733262,binary_crossentropy,False,0.18626645987469728,-0.005284627727885608,"{""accuracy"": 0.9436619716980759, ""binary_crossentropy"": 0.1872508087733262, ""binary_roc_auc"": 0.971304347826087, ""f1"": 0.9574468033091897, ""precision"": 0.9374999998046875, ""recall"": 0.978260869352552}","{""accuracy"": -0.014705882352941142, ""binary_crossentropy"": -0.005284627727885608, ""binary_roc_auc"": 0.0008960573476702914, ""f1"": -0.011332099970968498, ""precision"": -0.0013586956564199096, ""recall"": -0.021739130434782605}",99.47067737579346,0.02294611930847168,99.77273225784302,369.02734375,103,ok,,0.2.0,"{""mode"": ""medium"", ""elapsed_time"": 97.41499757766724, ""n_init_feats"": 33, ""n_added_feats"": 9, ""initial_metric"": null, ""final_metric"": 0.21322895433574945, ""pct_gain"": 0.3420812879981196}"
sonar,sonar,pmlb,pmlb,classification,tabularaml,0,1200,166,42,60,60,0,0.3194321178432022,binary_crossentropy,False,0.3194321178432022,-0.0,"{""accuracy"": 0.8333333331349206, ""binary_crossentropy"": 0.3194321178432022, ""binary_roc_auc"": 0.95, ""f1"": 0.7878787826262627, ""precision"": 0.9999999992307692, ""recall"": 0.649999999675}","{""accuracy"": 0.0, ""binary_crossentropy"": -0.0, ""binary_roc_auc"": 0.0, ""f1"": 0.0, ""precision"": 0.0, ""recall"": 0.0}",45.90718364715576,0.00534820556640625,46.22460174560547,365.6484375,127,ok,,0.2.0,"{""mode"": ""medium"", ""elapsed_time"": 45.89918231964111, ""n_init_feats"": 60, ""n_added_feats"": 0, ""initial_metric"": null, ""final_metric"": 0.33253972121686026, ""pct_gain"": 0.16833773354983614}"
ionosphere,ionosphere,pmlb,pmlb,classification,tabularaml,2,1200,280,71,33,41,8,0.1880228401384723,binary_crossentropy,False,0.1739506136075082,-0.08089782633774355,"{""accuracy"": 0.9295774646578061, ""binary_crossentropy"": 0.1880228401384723, ""binary_roc_auc"": 0.9808695652173913, ""f1"": 0.9462365539368713, ""precision"": 0.9361702125667722, ""recall"": 0.9565217389224953}","{""accuracy"": 0.0, ""binary_crossentropy"": -0.08089782633774355, ""binary_roc_auc"": 0.0008873114463176978, ""f1"": 0.0, ""precision"": 0.0, ""recall"": 0.0}",118.1470558643341,0.018608570098876953,118.40850734710693,367.625,75,ok,,0.2.0,"{""mode"": ""medium"", ""elapsed_time"": 116.22826099395752, ""n_init_feats"": 33, ""n_added_feats"": 8, ""initial_metric"": null, ""final_metric"": 0.26028622917269506, ""pct_gain"": 0.24127011020228442}"
sonar,sonar,pmlb,pmlb,classification,tabularaml,1,1200,166,42,60,63,3,0.41188850311473724,binary_crossentropy,False,0.3234129250936565,-0.27356846667602813,"{""accuracy"": 0.8333333331349206, ""binary_crossentropy"": 0.41188850311473724, ""binary_roc_auc"": 0.9090909090909091, ""f1"": 0.7878787826262627, ""precision"": 0.9999999992307692, ""recall"": 0.649999999675}","{""accuracy"": 0.02941176470588242, ""binary_crossentropy"": -0.27356846667602813, ""binary_roc_auc"": -0.07621247113163979, ""f1"": 0.05050505072390589, ""precision"": 6.410261216073845e-11, ""recall"": 0.08333333333333341}",111.50989389419556,0.015685558319091797,111.79334163665771,367.453125,83,ok,,0.2.0,"{""mode"": ""medium"", ""elapsed_time"": 109.76163578033447, ""n_init_feats"": 60, ""n_added_feats"": 3, ""initial_metric"": null, ""final_metric"": 0.4328967429722238, ""pct_gain"": 0.05469633273652067}"
sonar,sonar,pmlb,pmlb,classification,tabularaml,2,1200,166,42,60,65,5,0.4781210362603555,binary_crossentropy,False,0.5011105138636638,0.045877060982126946,"{""accuracy"": 0.761904761723356, ""binary_crossentropy"": 0.4781210362603555, ""binary_roc_auc"": 0.9045454545454545, ""f1"": 0.7058823476816609, ""precision"": 0.8571428565306122, ""recall"": 0.5999999997}","{""accuracy"": -0.030303030303030366, ""binary_crossentropy"": 0.045877060982126946, ""binary_roc_auc"": -0.0025062656641603254, ""f1"": -0.029411764976931896, ""precision"": -0.07142857137755108, ""recall"": 0.0}",91.5034670829773,0.01735830307006836,92.07744359970093,369.02734375,681,ok,,0.2.0,"{""mode"": ""medium"", ""elapsed_time"": 89.81871128082275, ""n_init_feats"": 60, ""n_added_feats"": 5, ""initial_metric"": null, ""final_metric"": 0.4328861127717415, ""pct_gain"": 0.077886848297594}"
breast_cancer,breast-cancer,pmlb,pmlb,classification,tabularaml,1,1200,228,58,9,17,8,0.5227997398068165,binary_crossentropy,False,0.5419790794237934,0.03538760137636217,"{""accuracy"": 0.7758620688317479, ""binary_crossentropy"": 0.5227997398068165, ""binary_roc_auc"": 0.7403156384505022, ""f1"": 0.4347826044612477, ""precision"": 0.8333333319444445, ""recall"": 0.29411764688581316}","{""accuracy"": 0.09756097560975616, ""binary_crossentropy"": 0.03538760137636217, ""binary_roc_auc"": 0.042424242424242455, ""f1"": -0.03726707894139856, ""precision"": 0.6666666650793652, ""recall"": -0.2857142857142857}",55.99583649635315,0.01798081398010254,56.09749746322632,365.1640625,22,ok,,0.2.0,"{""mode"": ""medium"", ""elapsed_time"": 55.02021384239197, ""n_init_feats"": 9, ""n_added_feats"": 8, ""initial_metric"": null, ""final_metric"": 0.6848965278989422, ""pct_gain"": -0.02009327314576131}"
breast_cancer,breast-cancer,pmlb,pmlb,classification,tabularaml,0,1200,228,58,9,16,7,0.5660854297979124,binary_crossentropy,False,0.5769896864377219,0.018898529551076116,"{""accuracy"": 0.7241379309096314, ""binary_crossentropy"": 0.5660854297979124, ""binary_roc_auc"": 0.6822094691535151, ""f1"": 0.11111110993827158, ""precision"": 0.9999999900000002, ""recall"": 0.05882352937716263}","{""accuracy"": 0.024390243902439115, ""binary_crossentropy"": 0.018898529551076116, ""binary_roc_auc"": 0.03369565217391301, ""f1"": 0.0, ""precision"": 0.0, ""recall"": 0.0}",110.22078800201416,0.016791343688964844,110.33440685272217,366.72265625,10,ok,,0.2.0,"{""mode"": ""medium"", ""elapsed_time"": 109.15227437019348, ""n_init_feats"": 9, ""n_added_feats"": 7, ""initial_metric"": null, ""final_metric"": 0.5786820478136161, ""pct_gain"": 0.11853127197889186}"
breast_cancer,breast-cancer,pmlb,pmlb,classification,tabularaml,2,1200,228,58,9,18,9,0.5712425367071711,binary_crossentropy,False,0.5214594880054737,-0.09546867944068321,"{""accuracy"": 0.7241379309096314, ""binary_crossentropy"": 0.5712425367071711, ""binary_roc_auc"": 0.6700143472022955, ""f1"": 0.42857142349489796, ""precision"": 0.5454545449586776, ""recall"": 0.3529411762629758}","{""accuracy"": -0.02325581395348831, ""binary_crossentropy"": -0.09546867944068321, ""binary_roc_auc"": -0.05656565656565671, ""f1"": 0.07142857125153058, ""precision"": -0.1272727269752066, ""recall"": 0.19999999999999996}",55.39683389663696,0.018092870712280273,55.508509397506714,364.70703125,37,ok,,0.2.0,"{""mode"": ""medium"", ""elapsed_time"": 54.35711145401001, ""n_init_feats"": 9, ""n_added_feats"": 9, ""initial_metric"": null, ""final_metric"": 0.6600373548408287, ""pct_gain"": 0.0656274888974461}"
titanic,titanic,pmlb,pmlb,classification,tabularaml,1,1200,1679,420,8,11,3,0.45925966524297285,binary_crossentropy,False,0.4594271385066566,0.0003645262755442212,"{""accuracy"": 0.8071428571236394, ""binary_crossentropy"": 0.45925966524297285, ""binary_roc_auc"": 0.8181053231151616, ""f1"": 0.6301369815366652, ""precision"": 0.8313253011046596, ""recall"": 0.5073529411391652}","{""accuracy"": 0.008928571428571374, ""binary_crossentropy"": 0.0003645262755442212, ""binary_roc_auc"": 0.003923749007148535, ""f1"": 0.0193392427154354, ""precision"": 0.026931254428009616, ""recall"": 0.014705882352941194}",47.06416916847229,0.008396625518798828,47.19056987762451,371.7734375,48,ok,,0.2.0,"{""mode"": ""medium"", ""elapsed_time"": 44.67442512512207, ""n_init_feats"": 8, ""n_added_feats"": 3, ""initial_metric"": null, ""final_metric"": 0.510934579210021, ""pct_gain"": 0.02177262833063949}"
titanic,titanic,pmlb,pmlb,classification,tabularaml,0,1200,1679,420,8,8,0,0.4545095142442733,binary_crossentropy,False,0.4545095142442733,-0.0,"{""accuracy"": 0.8071428571236394, ""binary_crossentropy"": 0.4545095142442733, ""binary_roc_auc"": 0.8354132145816073, ""f1"": 0.639999995161284, ""precision"": 0.8089887639540463, ""recall"": 0.5294117646669549}","{""accuracy"": 0.0, ""binary_crossentropy"": -0.0, ""binary_roc_auc"": 0.0, ""f1"": 0.0, ""precision"": 0.0, ""recall"": 0.0}",66.1755838394165,0.0014536380767822266,66.31049180030823,370.51171875,125,ok,,0.2.0,"{""mode"": ""medium"", ""elapsed_time"": 66.17025017738342, ""n_init_feats"": 8, ""n_added_feats"": 0, ""initial_metric"": null, ""final_metric"": 0.5219355121389027, ""pct_gain"": 0.025043225404166362}"
titanic,titanic,pmlb,pmlb,classification,tabularaml,2,1200,1679,420,8,17,9,0.4842830621703927,binary_crossentropy,False,0.47935739677133304,-0.01027555938895697,"{""accuracy"": 0.7904761904573696, ""binary_crossentropy"": 0.4842830621703927, ""binary_roc_auc"": 0.772045878210439, ""f1"": 0.5643564311881188, ""precision"": 0.8636363635055098, ""recall"": 0.419117647028006}","{""accuracy"": -0.014836795252225476, ""binary_crossentropy"": -0.01027555938895697, ""binary_roc_auc"": -0.009845264975428583, ""f1"": -0.0452970300037955, ""precision"": -0.035606060608241494, ""recall"": -0.05000000000000006}",146.59501719474792,0.017540693283081055,146.77860045433044,376.375,91,ok,,0.2.0,"{""mode"": ""medium"", ""elapsed_time"": 144.03678917884827, ""n_init_feats"": 8, ""n_added_feats"": 9, ""initial_metric"": null, ""final_metric"": 0.48030995894745426, ""pct_gain"": 0.050617046685791214}"
nursery,nursery,pmlb,pmlb,multiclass,tabularaml,0,1200,10366,2592,8,15,7,0.0010848256890027476,categorical_crossentropy,False,0.002031699768887747,0.4660501981566721,"{""accuracy"": 0.999999999996142, ""categorical_crossentropy"": 0.0010848256890027476, ""categorical_roc_auc"": 1.0, ""f1"": 0.9999999949532068, ""precision"": 0.9999999999532065, ""recall"": 0.9999999999532065}","{""accuracy"": 0.0, ""categorical_crossentropy"": 0.4660501981566721, ""categorical_roc_auc"": 0.0, ""f1"": 0.0, ""precision"": 0.0, ""recall"": 0.0}",364.87891483306885,0.014247655868530273,372.487783908844,472.8203125,1999,ok,,0.2.0,"{""mode"": ""medium"", ""elapsed_time"": 362.1740734577179, ""n_init_feats"": 8, ""n_added_feats"": 7, ""initial_metric"": null, ""final_metric"": 0.002464069053427159, ""pct_gain"": 0.7200955372779521}"
nursery,nursery,pmlb,pmlb,multiclass,tabularaml,1,1200,10366,2592,8,17,9,0.0015035121739596707,categorical_crossentropy,False,0.0021332057209510927,0.2951865077085356,"{""accuracy"": 0.999999999996142, ""categorical_crossentropy"": 0.0015035121739596707, ""categorical_roc_auc"": 1.0, ""f1"": 0.9999999949532068, ""precision"": 0.9999999999532065, ""recall"": 0.9999999999532065}","{""accuracy"": 0.0, ""categorical_crossentropy"": 0.2951865077085356, ""categorical_roc_auc"": 0.0, ""f1"": 0.0, ""precision"": 0.0, ""recall"": 0.0}",335.56246852874756,0.015818357467651367,344.0385720729828,478.98046875,1987,ok,,0.2.0,"{""mode"": ""medium"", ""elapsed_time"": 332.7529706954956, ""n_init_feats"": 8, ""n_added_feats"": 9, ""initial_metric"": null, ""final_metric"": 0.006077080976246788, ""pct_gain"": 0.21744133300969476}"
nursery,nursery,pmlb,pmlb,multiclass,tabularaml,2,1200,10366,2592,8,17,9,0.001224776696471203,categorical_crossentropy,False,0.001701841045348448,0.2803225073112319,"{""accuracy"": 0.999999999996142, ""categorical_crossentropy"": 0.001224776696471203, ""categorical_roc_auc"": 1.0, ""f1"": 0.9999999949532068, ""precision"": 0.9999999999532065, ""recall"": 0.9999999999532065}","{""accuracy"": 0.0, ""categorical_crossentropy"": 0.2803225073112319, ""categorical_roc_auc"": 0.0, ""f1"": 0.0, ""precision"": 0.0, ""recall"": 0.0}",370.27521896362305,0.01991438865661621,378.7819333076477,466.703125,1999,ok,,0.2.0,"{""mode"": ""medium"", ""elapsed_time"": 367.5198142528534, ""n_init_feats"": 8, ""n_added_feats"": 9, ""initial_metric"": null, ""final_metric"": 0.0030252806428061525, ""pct_gain"": 0.5768756288641965}"
waveform_21,waveform-21,pmlb,pmlb,multiclass,tabularaml,1,1200,4000,1000,21,24,3,0.31180300696962515,categorical_crossentropy,False,0.31226422857900615,0.0014770235178068365,"{""accuracy"": 0.9033333333243, ""categorical_crossentropy"": 0.31180300696962515, ""categorical_roc_auc"": 0.9707666100467293, ""f1"": 0.854801905879509, ""precision"": 0.8550537105103584, ""recall"": 0.8549453572523281}","{""accuracy"": 0.002218934911242623, ""categorical_crossentropy"": 0.0014770235178068365, ""categorical_roc_auc"": 0.0007550782838759047, ""f1"": 0.003571298773531038, ""precision"": 0.0035061846853290534, ""recall"": 0.0036275326374024404}",514.2967004776001,0.009760379791259766,516.7138533592224,408.02734375,224,ok,,0.2.0,"{""mode"": ""medium"", ""elapsed_time"": 511.08601689338684, ""n_init_feats"": 21, ""n_added_feats"": 3, ""initial_metric"": null, ""final_metric"": 0.409798000087546, ""pct_gain"": -0.0357287715019187}"
waveform_21,waveform-21,pmlb,pmlb,multiclass,tabularaml,0,1200,4000,1000,21,21,0,0.3320010307165794,categorical_crossentropy,False,0.3320010307165794,-0.0,"{""accuracy"": 0.89933333332434, ""categorical_crossentropy"": 0.3320010307165794, ""categorical_roc_auc"": 0.9650842840420554, ""f1"": 0.8483535160733303, ""precision"": 0.8492603441995142, ""recall"": 0.848916417723424}","{""accuracy"": 0.0, ""categorical_crossentropy"": -0.0, ""categorical_roc_auc"": 0.0, ""f1"": 0.0, ""precision"": 0.0, ""recall"": 0.0}",800.9881336688995,0.002619504928588867,802.9180059432983,412.4453125,187,ok,,0.2.0,"{""mode"": ""medium"", ""elapsed_time"": 795.3542339801788, ""n_init_feats"": 21, ""n_added_feats"": 0, ""initial_metric"": null, ""final_metric"": 0.3904542460898704, ""pct_gain"": -0.04318059073330946}"
car_evaluation,car-evaluation,pmlb,pmlb,multiclass,tabularaml,0,1200,1382,346,6,13,7,0.012959375201614021,categorical_crossentropy,False,0.034077848049719084,0.6197126302486449,"{""accuracy"": 0.9985549132659377, ""categorical_crossentropy"": 0.012959375201614021, ""categorical_roc_auc"": 1.0, ""f1"": 0.9978694930173061, ""precision"": 0.9967948713819788, ""recall"": 0.9989669417351257}","{""accuracy"": 0.005822416302765674, ""categorical_crossentropy"": 0.6197126302486449, ""categorical_roc_auc"": 0.00018138930115448013, ""f1"": 0.05446423639603278, ""precision"": 0.04712545544512334, ""recall"": 0.06090783046908629}",115.56095910072327,0.012714147567749023,116.72290253639221,408.38671875,1442,ok,,0.2.0,"{""mode"": ""medium"", ""elapsed_time"": 109.53582406044006, ""n_init_feats"": 6, ""n_added_feats"": 7, ""initial_metric"": null, ""final_metric"": 0.0029574080969626392, ""pct_gain"": 0.8556612255146958}"
car_evaluation,car-evaluation,pmlb,pmlb,multiclass,tabularaml,1,1200,1382,346,6,6,0,0.031476810287224544,categorical_crossentropy,False,0.031476810287224544,-0.0,"{""accuracy"": 0.9927745664452955, ""categorical_crossentropy"": 0.031476810287224544, ""categorical_roc_auc"": 0.9997760026357434, ""f1"": 0.9724265253498343, ""precision"": 0.9735062962053553, ""recall"": 0.9713695391517432}","{""accuracy"": 0.0, ""categorical_crossentropy"": -0.0, ""categorical_roc_auc"": 0.0, ""f1"": 0.0, ""precision"": 0.0, ""recall"": 0.0}",102.10744905471802,0.0009868144989013672,102.80377745628357,399.89453125,924,ok,,0.2.0,"{""mode"": ""medium"", ""elapsed_time"": 96.48677778244019, ""n_init_feats"": 6, ""n_added_feats"": 0, ""initial_metric"": null, ""final_metric"": 0.02168130050060208, ""pct_gain"": 0.0}"
car_evaluation,car-evaluation,pmlb,pmlb,multiclass,tabularaml,2,1200,1382,346,6,13,7,0.022048516910817564,categorical_crossentropy,False,0.04835759497447825,0.5440526576548288,"{""accuracy"": 0.9985549132659377, ""categorical_crossentropy"": 0.022048516910817564, ""categorical_roc_auc"": 1.0, ""f1"": 0.9891278321036862, ""precision"": 0.9967948713682854, ""recall"": 0.982142856741935}","{""accuracy"": 0.005822416302765674, ""categorical_crossentropy"": 0.5440526576548288, ""categorical_roc_auc"": 0.0004919373379857308, ""f1"": 0.03784524874357135, ""precision"": 0.031167108763607513, ""recall"": 0.042449874676041215}",234.6811239719391,0.015741348266601562,235.2684895992279,394.09375,639,ok,,0.2.0,"{""mode"": ""medium"", ""elapsed_time"": 228.9196810722351, ""n_init_feats"": 6, ""n_added_feats"": 7, ""initial_metric"": null, ""final_metric"": 0.0031473649632455815, ""pct_gain"": 0.9310190118662707}"
waveform_21,waveform-21,pmlb,pmlb,multiclass,tabularaml,2,1200,4000,1000,21,21,0,0.31059804021776655,categorical_crossentropy,False,0.31059804021776655,-0.0,"{""accuracy"": 0.9106666666575599, ""categorical_crossentropy"": 0.31059804021776655, ""categorical_roc_auc"": 0.9698291314432635, ""f1"": 0.865565053000938, ""precision"": 0.8666306641831052, ""recall"": 0.8658188356542321}","{""accuracy"": 0.0, ""categorical_crossentropy"": -0.0, ""categorical_roc_auc"": 0.0, ""f1"": 0.0, ""precision"": 0.0, ""recall"": 0.0}",622.4074974060059,0.0023949146270751953,624.1110162734985,416.37890625,157,ok,,0.2.0,"{""mode"": ""medium"", ""elapsed_time"": 616.8560643196106, ""n_init_feats"": 21, ""n_added_feats"": 0, ""initial_metric"": null, ""final_metric"": 0.4056386918258207, ""pct_gain"": -0.07538385905790734}"
letter,letter,pmlb,pmlb,multiclass,tabularaml,0,1200,16000,4000,16,17,1,0.11614799038903274,categorical_crossentropy,False,0.11683050455011758,0.005841917431693127,"{""accuracy"": 0.9971153846128917, ""categorical_crossentropy"": 0.11614799038903274, ""categorical_roc_auc"": 0.9996685998480582, ""f1"": 0.9622414990403988, ""precision"": 0.9627207485804748, ""recall"": 0.9621842554009261}","{""accuracy"": 0.00013502305036344934, ""categorical_crossentropy"": 0.005841917431693127, ""categorical_roc_auc"": -2.8946545516145275e-06, ""f1"": 0.0017985768393655307, ""precision"": 0.0017973539152702407, ""recall"": 0.0017825063347259025}",842.6090552806854,0.007289886474609375,882.3316042423248,656.97265625,1083,ok,,0.2.0,"{""mode"": ""medium"", ""elapsed_time"": 794.3465983867645, ""n_init_feats"": 16, ""n_added_feats"": 1, ""initial_metric"": null, ""final_metric"": 0.15135128496425393, ""pct_gain"": 0.029654927984787575}"
letter,letter,pmlb,pmlb,multiclass,tabularaml,1,1200,16000,4000,16,16,0,0.11556069835297948,categorical_crossentropy,False,0.11556069835297948,-0.0,"{""accuracy"": 0.9970961538436611, ""categorical_crossentropy"": 0.11556069835297948, ""categorical_roc_auc"": 0.9995732625748187, ""f1"": 0.9621373136307396, ""precision"": 0.9625110949291712, ""recall"": 0.9620909628715383}","{""accuracy"": 0.0, ""categorical_crossentropy"": -0.0, ""categorical_roc_auc"": 0.0, ""f1"": 0.0, ""precision"": 0.0, ""recall"": 0.0}",846.4970924854279,0.003218412399291992,894.298957824707,713.8125,1454,ok,,0.2.0,"{""mode"": ""medium"", ""elapsed_time"": 798.0308029651642, ""n_init_feats"": 16, ""n_added_feats"": 0, ""initial_metric"": null, ""final_metric"": 0.14916310741900984, ""pct_gain"": 0.0}"
satimage,satimage,pmlb,pmlb,multiclass,tabularaml,0,1200,5148,1287,36,38,2,0.25504479295567717,categorical_crossentropy,False,0.24759418885024737,-0.03009199908943,"{""accuracy"": 0.9720279720204195, ""categorical_crossentropy"": 0.25504479295567717, ""categorical_roc_auc"": 0.9888095262245878, ""f1"": 0.9018133007008368, ""precision"": 0.9069149407443783, ""recall"": 0.8978895013038622}","{""accuracy"": -0.0005326231691078036, ""categorical_crossentropy"": -0.03009199908943, ""categorical_roc_auc"": -0.0003907881664941156, ""f1"": -0.001134737697938483, ""precision"": -0.001749288038283672, ""recall"": -0.0005212564444566952}",303.118763923645,0.010324478149414062,306.75665259361267,420.9921875,355,ok,,0.2.0,"{""mode"": ""medium"", ""elapsed_time"": 298.0887644290924, ""n_init_feats"": 36, ""n_added_feats"": 2, ""initial_metric"": null, ""final_metric"": 0.3669716980751766, ""pct_gain"": -0.11440698509351431}"
letter,letter,pmlb,pmlb,multiclass,tabularaml,2,1200,16000,4000,16,18,2,0.11752949692842796,categorical_crossentropy,False,0.1198477487991486,0.019343307604432123,"{""accuracy"": 0.9971153846128918, ""categorical_crossentropy"": 0.11752949692842796, ""categorical_roc_auc"": 0.9996539721313895, ""f1"": 0.9624243682707185, ""precision"": 0.9628278376742532, ""recall"": 0.9623645138159357}","{""accuracy"": 9.644131545962773e-05, ""categorical_crossentropy"": 0.019343307604432123, ""categorical_roc_auc"": 2.2503296219934816e-05, ""f1"": 0.0012986842605942968, ""precision"": 0.0013248270925502767, ""recall"": 0.0013037292209227287}",868.6045496463776,0.010329246520996094,908.5888841152191,668.80078125,1159,ok,,0.2.0,"{""mode"": ""medium"", ""elapsed_time"": 820.7658848762512, ""n_init_feats"": 16, ""n_added_feats"": 2, ""initial_metric"": null, ""final_metric"": 0.14265827424117755, ""pct_gain"": 0.057536162754740945}"
satimage,satimage,pmlb,pmlb,multiclass,tabularaml,1,1200,5148,1287,36,36,0,0.22027221451282222,categorical_crossentropy,False,0.22027221451282222,-0.0,"{""accuracy"": 0.9748769748694001, ""categorical_crossentropy"": 0.22027221451282222, ""categorical_roc_auc"": 0.9910753348555482, ""f1"": 0.9070357937185206, ""precision"": 0.9182516210225353, ""recall"": 0.8998041143059949}","{""accuracy"": 0.0, ""categorical_crossentropy"": -0.0, ""categorical_roc_auc"": 0.0, ""f1"": 0.0, ""precision"": 0.0, ""recall"": 0.0}",540.2054686546326,0.003937244415283203,542.6034734249115,428.29296875,274,ok,,0.2.0,"{""mode"": ""medium"", ""elapsed_time"": 532.7346661090851, ""n_init_feats"": 36, ""n_added_feats"": 0, ""initial_metric"": null, ""final_metric"": 0.3406072742412884, ""pct_gain"": -0.08627484904064067}"
satimage,satimage,pmlb,pmlb,multiclass,tabularaml,2,1200,5148,1287,36,36,0,0.2254584661383874,categorical_crossentropy,False,0.2254584661383874,-0.0,"{""accuracy"": 0.9720279720204195, ""categorical_crossentropy"": 0.2254584661383874, ""categorical_roc_auc"": 0.9912849706741054, ""f1"": 0.895345241946908, ""precision"": 0.9079519467008904, ""recall"": 0.8874729104940312}","{""accuracy"": 0.0, ""categorical_crossentropy"": -0.0, ""categorical_roc_auc"": 0.0, ""f1"": 0.0, ""precision"": 0.0, ""recall"": 0.0}",430.5390121936798,0.004006147384643555,432.84288024902344,414.5859375,253,ok,,0.2.0,"{""mode"": ""medium"", ""elapsed_time"": 422.5842852592468, ""n_init_feats"": 36, ""n_added_feats"": 0, ""initial_metric"": null, ""final_metric"": 0.3447845683137035, ""pct_gain"": -0.1294577795764036}"
shuttle,shuttle,pmlb,pmlb,multiclass,tabularaml,1,1200,46400,11600,9,18,9,0.0001586649666130362,categorical_crossentropy,False,0.00013214972519504358,-0.20064545256418823,"{""accuracy"": 0.9999999999991378, ""categorical_crossentropy"": 0.0001586649666130362, ""categorical_roc_auc"": 1.0, ""f1"": 0.9999999936215033, ""precision"": 0.9999999986215032, ""recall"": 0.9999999986215032}","{""accuracy"": 0.0, ""categorical_crossentropy"": -0.20064545256418823, ""categorical_roc_auc"": 0.0, ""f1"": 0.0, ""precision"": 0.0, ""recall"": 0.0}",264.49759125709534,0.024552583694458008,270.95610451698303,470.6796875,274,ok,,0.2.0,"{""mode"": ""medium"", ""elapsed_time"": 257.7450671195984, ""n_init_feats"": 9, ""n_added_feats"": 9, ""initial_metric"": null, ""final_metric"": 6.885025080391621, ""pct_gain"": -0.05646055127432938}"
shuttle,shuttle,pmlb,pmlb,multiclass,tabularaml,0,1200,46400,11600,9,9,0,0.0006018560613656156,categorical_crossentropy,False,0.0006018560613656156,-0.0,"{""accuracy"": 0.999950738915394, ""categorical_crossentropy"": 0.0006018560613656156, ""categorical_roc_auc"": 0.999999983661929, ""f1"": 0.999700720827346, ""precision"": 0.9998397550512715, ""recall"": 0.9995624576020395}","{""accuracy"": 0.0, ""categorical_crossentropy"": -0.0, ""categorical_roc_auc"": 0.0, ""f1"": 0.0, ""precision"": 0.0, ""recall"": 0.0}",630.1156351566315,0.002163410186767578,651.3535733222961,500.35546875,1738,ok,,0.2.0,"{""mode"": ""medium"", ""elapsed_time"": 227.09724044799805, ""n_init_feats"": 9, ""n_added_feats"": 0, ""initial_metric"": null, ""final_metric"": 1.0058512065551741, ""pct_gain"": 0.0}"
shuttle,shuttle,pmlb,pmlb,multiclass,tabularaml,2,1200,46400,11600,9,17,8,0.00013997290919815378,categorical_crossentropy,False,0.0001825531106259922,0.2332482929588371,"{""accuracy"": 0.9999999999991378, ""categorical_crossentropy"": 0.00013997290919815378, ""categorical_roc_auc"": 1.0, ""f1"": 0.9999999936215033, ""precision"": 0.9999999986215032, ""recall"": 0.9999999986215032}","{""accuracy"": 2.463114855051864e-05, ""categorical_crossentropy"": 0.2332482929588371, ""categorical_roc_auc"": 0.0, ""f1"": 0.007616463685474896, ""precision"": 8.017319004112234e-05, ""recall"": 0.014492753628753345}",256.8135199546814,0.022815942764282227,271.92901396751404,486.26953125,819,ok,,0.2.0,"{""mode"": ""medium"", ""elapsed_time"": 250.72384309768677, ""n_init_feats"": 9, ""n_added_feats"": 8, ""initial_metric"": null, ""final_metric"": 2.762487678051669, ""pct_gain"": -0.19560938656628077}"
pendigits,pendigits,pmlb,pmlb,multiclass,tabularaml,0,1200,8793,2199,16,20,4,0.035802802424248444,categorical_crossentropy,False,0.035184880668169986,-0.0175621387466424,"{""accuracy"": 0.9979990904911415, ""categorical_crossentropy"": 0.035802802424248444, ""categorical_roc_auc"": 0.9996976392847767, ""f1"": 0.9900090392397992, ""precision"": 0.990107036217536, ""recall"": 0.989979405825904}","{""accuracy"": -0.0001822323462413201, ""categorical_crossentropy"": -0.0175621387466424, ""categorical_roc_auc"": 4.2795681876524767e-05, ""f1"": -0.0009495416276543177, ""precision"": -0.0009720775903139489, ""recall"": -0.0009584767288914219}",692.8556244373322,0.01106882095336914,702.116824388504,483.44140625,1104,ok,,0.2.0,"{""mode"": ""medium"", ""elapsed_time"": 686.2724161148071, ""n_init_feats"": 16, ""n_added_feats"": 4, ""initial_metric"": null, ""final_metric"": 0.05475481383324754, ""pct_gain"": -0.170029440216336}"
pendigits,pendigits,pmlb,pmlb,multiclass,tabularaml,1,1200,8793,2199,16,19,3,0.0321897182083545,categorical_crossentropy,False,0.0341939279514678,0.058613030534483176,"{""accuracy"": 0.998362892219198, ""categorical_crossentropy"": 0.0321897182083545, ""categorical_roc_auc"": 0.9998990100575786, ""f1"": 0.9919688647699128, ""precision"": 0.9920150509500095, ""recall"": 0.9919515605446477}","{""accuracy"": 0.00036453112184458566, ""categorical_crossentropy"": 0.058613030534483176, ""categorical_roc_auc"": 7.923066421263045e-06, ""f1"": 0.0018541958833450285, ""precision"": 0.0018755422867168664, ""recall"": 0.0018016923069901745}",813.2765414714813,0.012622356414794922,817.9920291900635,463.65234375,425,ok,,0.2.0,"{""mode"": ""medium"", ""elapsed_time"": 806.7757592201233, ""n_init_feats"": 16, ""n_added_feats"": 3, ""initial_metric"": null, ""final_metric"": 0.04349103902261573, ""pct_gain"": 0.04799200758239787}"
pendigits,pendigits,pmlb,pmlb,multiclass,tabularaml,2,1200,8793,2199,16,16,0,0.04000493750683796,categorical_crossentropy,False,0.04000493750683796,-0.0,"{""accuracy"": 0.9978171896271132, ""categorical_crossentropy"": 0.04000493750683796, ""categorical_roc_auc"": 0.9993044640967922, ""f1"": 0.9890929114701587, ""precision"": 0.9892491799703768, ""recall"": 0.9889942861007925}","{""accuracy"": 0.0, ""categorical_crossentropy"": -0.0, ""categorical_roc_auc"": 0.0, ""f1"": 0.0, ""precision"": 0.0, ""recall"": 0.0}",808.5708165168762,0.002202749252319336,813.5641829967499,467.95703125,573,ok,,0.2.0,"{""mode"": ""medium"", ""elapsed_time"": 797.4973685741425, ""n_init_feats"": 16, ""n_added_feats"": 0, ""initial_metric"": null, ""final_metric"": 0.05084684925593028, ""pct_gain"": -0.07581651357918409}"
optdigits,optdigits,pmlb,pmlb,multiclass,tabularaml,0,1200,4496,1124,62,64,2,0.0828873511149516,categorical_crossentropy,False,0.08450806592744839,0.019178226299584215,"{""accuracy"": 0.9955516014146305, ""categorical_crossentropy"": 0.0828873511149516, ""categorical_roc_auc"": 0.9993524949514396, ""f1"": 0.9777758767509347, ""precision"": 0.9780134530111265, ""recall"": 0.9777399579161201}","{""accuracy"": -0.0005359056806000261, ""categorical_crossentropy"": 0.019178226299584215, ""categorical_roc_auc"": 7.43473906315386e-05, ""f1"": -0.002658329879384742, ""precision"": -0.002564228239960612, ""recall"": -0.002708384072353787}",520.1818099021912,0.012944698333740234,526.5802986621857,460.1328125,901,ok,,0.2.0,"{""mode"": ""medium"", ""elapsed_time"": 514.5361251831055, ""n_init_feats"": 62, ""n_added_feats"": 2, ""initial_metric"": null, ""final_metric"": 0.07745621247828836, ""pct_gain"": 0.02554241828216632}"
optdigits,optdigits,pmlb,pmlb,multiclass,tabularaml,2,1200,4496,1124,62,62,0,0.06739968229105452,categorical_crossentropy,False,0.06739968229105452,-0.0,"{""accuracy"": 0.9962633451868662, ""categorical_crossentropy"": 0.06739968229105452, ""categorical_roc_auc"": 0.9996874435418238, ""f1"": 0.9813918742194389, ""precision"": 0.9816085815223392, ""recall"": 0.9813116674755171}","{""accuracy"": 0.0, ""categorical_crossentropy"": -0.0, ""categorical_roc_auc"": 0.0, ""f1"": 0.0, ""precision"": 0.0, ""recall"": 0.0}",805.499990940094,0.009866952896118164,814.7237298488617,484.609375,1386,ok,,0.2.0,"{""mode"": ""medium"", ""elapsed_time"": 794.0260634422302, ""n_init_feats"": 62, ""n_added_feats"": 0, ""initial_metric"": null, ""final_metric"": 0.09515950887153907, ""pct_gain"": -0.13393780201618027}"
optdigits,optdigits,pmlb,pmlb,multiclass,tabularaml,1,1200,4496,1124,62,62,0,0.056064235516018815,categorical_crossentropy,False,0.056064235516018815,-0.0,"{""accuracy"": 0.9971530249021606, ""categorical_crossentropy"": 0.056064235516018815, ""categorical_roc_auc"": 0.9996846198388942, ""f1"": 0.9857281041482112, ""precision"": 0.9857892663264657, ""recall"": 0.9857213403058538}","{""accuracy"": 0.0, ""categorical_crossentropy"": -0.0, ""categorical_roc_auc"": 0.0, ""f1"": 0.0, ""precision"": 0.0, ""recall"": 0.0}",817.2318480014801,0.009120941162109375,824.5509815216064,467.33203125,1007,ok,,0.2.0,"{""mode"": ""medium"", ""elapsed_time"": 801.699907541275, ""n_init_feats"": 62, ""n_added_feats"": 0, ""initial_metric"": null, ""final_metric"": 0.10242962255937989, ""pct_gain"": -0.14547369244836103}"
vehicle,vehicle,pmlb,pmlb,multiclass,tabularaml,1,1200,676,170,18,22,4,0.5585579898783608,categorical_crossentropy,False,0.5372674297253766,-0.039627490845419173,"{""accuracy"": 0.8852941175949827, ""categorical_crossentropy"": 0.5585579898783608, ""categorical_roc_auc"": 0.9256585948773448, ""f1"": 0.7654965908342644, ""precision"": 0.761587532120831, ""recall"": 0.7727002162675813}","{""accuracy"": 0.006688963210702277, ""categorical_crossentropy"": -0.039627490845419173, ""categorical_roc_auc"": -0.0024382121753642755, ""f1"": 0.01867841560794371, ""precision"": 0.014044867569844629, ""recall"": 0.016009107403212503}",158.99179792404175,0.015236854553222656,159.67081451416016,373.8515625,172,ok,,0.2.0,"{""mode"": ""medium"", ""elapsed_time"": 149.0714602470398, ""n_init_feats"": 18, ""n_added_feats"": 4, ""initial_metric"": null, ""final_metric"": 0.6012311259635157, ""pct_gain"": 0.09677771751233898}"
vehicle,vehicle,pmlb,pmlb,multiclass,tabularaml,0,1200,676,170,18,19,1,0.5355683413361583,categorical_crossentropy,False,0.5225126170114998,-0.02498642884325064,"{""accuracy"": 0.8823529411245674, ""categorical_crossentropy"": 0.5355683413361583, ""categorical_roc_auc"": 0.9309821688727937, ""f1"": 0.7628545512141608, ""precision"": 0.759719914919915, ""recall"": 0.7669913418100175}","{""accuracy"": 0.003344481605351075, ""categorical_crossentropy"": -0.02498642884325064, ""categorical_roc_auc"": 0.00040537067430753803, ""f1"": 0.007848424205615387, ""precision"": 0.007760291670164458, ""recall"": 0.007857219042170863}",348.88556027412415,0.010962724685668945,349.54263377189636,380.41796875,245,ok,,0.2.0,"{""mode"": ""medium"", ""elapsed_time"": 342.8048586845398, ""n_init_feats"": 18, ""n_added_feats"": 1, ""initial_metric"": null, ""final_metric"": 0.7033337626576012, ""pct_gain"": 0.004206134025239773}"
vehicle,vehicle,pmlb,pmlb,multiclass,tabularaml,2,1200,676,170,18,18,0,0.5285705975174685,categorical_crossentropy,False,0.5285705975174685,-0.0,"{""accuracy"": 0.864705882302076, ""categorical_crossentropy"": 0.5285705975174685, ""categorical_roc_auc"": 0.9243426191863691, ""f1"": 0.7309765608097594, ""precision"": 0.7311463940835917, ""recall"": 0.7312229435501614}","{""accuracy"": 0.0, ""categorical_crossentropy"": -0.0, ""categorical_roc_auc"": 0.0, ""f1"": 0.0, ""precision"": 0.0, ""recall"": 0.0}",766.3623340129852,0.002704143524169922,766.8493118286133,381.515625,158,ok,,0.2.0,"{""mode"": ""medium"", ""elapsed_time"": 760.0244455337524, ""n_init_feats"": 18, ""n_added_feats"": 0, ""initial_metric"": null, ""final_metric"": 0.7193357012158372, ""pct_gain"": 0.0}"
mfeat_factors,mfeat-factors,pmlb,pmlb,multiclass,tabularaml,0,1200,1600,400,216,218,2,0.10938066917216929,categorical_crossentropy,False,0.11116926931259513,0.016088979908615773,"{""accuracy"": 0.99399999997515, ""categorical_crossentropy"": 0.10938066917216929, ""categorical_roc_auc"": 0.9983958333333334, ""f1"": 0.9697640381127142, ""precision"": 0.970231908065263, ""recall"": 0.9699999997575001}","{""accuracy"": 0.0005032712632108812, ""categorical_crossentropy"": 0.016088979908615773, ""categorical_roc_auc"": -5.5641722945981954e-05, ""f1"": 0.0027222557299258253, ""precision"": 0.0027307521129585777, ""recall"": 0.002583979328165492}",944.6374366283417,0.03838944435119629,957.0853755474091,435.63671875,475,ok,,0.2.0,"{""mode"": ""medium"", ""elapsed_time"": 825.8963303565979, ""n_init_feats"": 216, ""n_added_feats"": 2, ""initial_metric"": null, ""final_metric"": 0.1358314127132838, ""pct_gain"": 0.06087338207758596}"
mfeat_factors,mfeat-factors,pmlb,pmlb,multiclass,tabularaml,1,1200,1600,400,216,217,1,0.13829493019009534,categorical_crossentropy,False,0.14123844446359726,0.020840744067105496,"{""accuracy"": 0.9924999999751876, ""categorical_crossentropy"": 0.13829493019009534, ""categorical_roc_auc"": 0.9985972222222224, ""f1"": 0.9624117959042598, ""precision"": 0.9634581879116213, ""recall"": 0.9624999997593748}","{""accuracy"": 0.0, ""categorical_crossentropy"": 0.020840744067105496, ""categorical_roc_auc"": -2.7816024811742836e-05, ""f1"": -1.3451715041270175e-06, ""precision"": 0.0001398345458097238, ""recall"": 0.0}",965.8031010627747,0.032887935638427734,978.1164577007294,434.95703125,402,ok,,0.2.0,"{""mode"": ""medium"", ""elapsed_time"": 827.9955189228058, ""n_init_feats"": 216, ""n_added_feats"": 1, ""initial_metric"": null, ""final_metric"": 0.15703915640382032, ""pct_gain"": 0.021179456572538054}"
monk1,monk1,pmlb,pmlb,classification,tabularaml,0,1200,444,112,6,8,2,0.00559263590080913,binary_crossentropy,False,0.022066819162059152,0.7465590369080064,"{""accuracy"": 0.9999999999107143, ""binary_crossentropy"": 0.00559263590080913, ""binary_roc_auc"": 1.0, ""f1"": 0.9999999948214284, ""precision"": 0.9999999998214285, ""recall"": 0.9999999998214285}","{""accuracy"": 0.0, ""binary_crossentropy"": 0.7465590369080064, ""binary_roc_auc"": 0.0, ""f1"": 0.0, ""precision"": 0.0, ""recall"": 0.0}",43.04609966278076,0.008497953414916992,43.37623715400696,370.1953125,1382,ok,,0.2.0,"{""mode"": ""medium"", ""elapsed_time"": 41.91323137283325, ""n_init_feats"": 6, ""n_added_feats"": 2, ""initial_metric"": null, ""final_metric"": 2.1901956847359503e-05, ""pct_gain"": 0.9995670127506218}"
monk1,monk1,pmlb,pmlb,classification,tabularaml,1,1200,444,112,6,10,4,0.006960512124870937,binary_crossentropy,False,0.018236226318484632,0.6183140084297148,"{""accuracy"": 0.9999999999107143, ""binary_crossentropy"": 0.006960512124870937, ""binary_roc_auc"": 1.0, ""f1"": 0.9999999948214284, ""precision"": 0.9999999998214285, ""recall"": 0.9999999998214285}","{""accuracy"": 0.0, ""binary_crossentropy"": 0.6183140084297148, ""binary_roc_auc"": 0.0, ""f1"": 0.0, ""precision"": 0.0, ""recall"": 0.0}",38.45453214645386,0.012075662612915039,38.73247814178467,368.94140625,990,ok,,0.2.0,"{""mode"": ""medium"", ""elapsed_time"": 36.9618353843689, ""n_init_feats"": 6, ""n_added_feats"": 4, ""initial_metric"": null, ""final_metric"": 2.1901956847359503e-05, ""pct_gain"": 0.9994716169795385}"
monk1,monk1,pmlb,pmlb,classification,tabularaml,2,1200,444,112,6,10,4,0.006728214885307742,binary_crossentropy,False,0.0193182694292448,0.6517175148658869,"{""accuracy"": 0.9999999999107143, ""binary_crossentropy"": 0.006728214885307742, ""binary_roc_auc"": 1.0, ""f1"": 0.9999999948214284, ""precision"": 0.9999999998214285, ""recall"": 0.9999999998214285}","{""accuracy"": 0.0, ""binary_crossentropy"": 0.6517175148658869, ""binary_roc_auc"": 0.0, ""f1"": 0.0, ""precision"": 0.0, ""recall"": 0.0}",49.506223917007446,0.011853694915771484,49.683979511260986,365.140625,432,ok,,0.2.0,"{""mode"": ""medium"", ""elapsed_time"": 47.98883605003357, ""n_init_feats"": 6, ""n_added_feats"": 4, ""initial_metric"": null, ""final_metric"": 2.1901956847359503e-05, ""pct_gain"": 0.9996707342754058}"
529_pollen,pollen,pmlb,pmlb,regression,tabularaml,0,1200,3078,770,4,8,4,1.5504689652390249,rmse,False,1.5986108050893144,0.030114796983121753,"{""mae"": 1.2181622187800512, ""mse"": 2.4039540121693723, ""pearson"": 0.8722224055247698, ""r2"": 0.7582975247659857, ""rmse"": 1.5504689652390249, ""rmsle"": null}","{""mae"": 0.032803564142036834, ""mse"": 0.05932269296890884, ""pearson"": 0.008612770035330208, ""r2"": 0.02051353078231483, ""rmse"": 0.030114796983121753, ""rmsle"": null}",61.286702394485474,0.012908697128295898,61.748942852020264,375.46484375,154,ok,,0.2.0,"{""mode"": ""medium"", ""elapsed_time"": 60.70719838142395, ""n_init_feats"": 4, ""n_added_feats"": 4, ""initial_metric"": null, ""final_metric"": 1.5267153139144, ""pct_gain"": 0.0212038120459088}"
529_pollen,pollen,pmlb,pmlb,regression,tabularaml,1,1200,3078,770,4,8,4,1.5057230416496106,rmse,False,1.585127263915552,0.05009327898997751,"{""mae"": 1.177954856870551, ""mse"": 2.267201878154555, ""pearson"": 0.8835511965783992, ""r2"": 0.7776777974279603, ""rmse"": 1.5057230416496106, ""rmsle"": null}","{""mae"": 0.0496805744350854, ""mse"": 0.09767722137998743, ""pearson"": 0.015367186082128052, ""r2"": 0.03193499500327405, ""rmse"": 0.05009327898997751, ""rmsle"": null}",45.59876298904419,0.012665033340454102,45.922953844070435,371.41015625,66,ok,,0.2.0,"{""mode"": ""medium"", ""elapsed_time"": 45.01570177078247, ""n_init_feats"": 4, ""n_added_feats"": 4, ""initial_metric"": null, ""final_metric"": 1.5300273648242173, ""pct_gain"": 0.021114741648164174}"
529_pollen,pollen,pmlb,pmlb,regression,tabularaml,2,1200,3078,770,4,4,0,1.5843982974151207,rmse,False,1.5843982974151207,-0.0,"{""mae"": 1.2462806129972481, ""mse"": 2.510317964851933, ""pearson"": 0.8730792294025248, ""r2"": 0.7610922593231474, ""rmse"": 1.5843982974151207, ""rmsle"": null}","{""mae"": -0.0, ""mse"": -0.0, ""pearson"": 0.0, ""r2"": 0.0, ""rmse"": -0.0, ""rmsle"": null}",10.636653423309326,0.0011987686157226562,10.983405351638794,370.0078125,237,ok,,0.2.0,"{""mode"": ""medium"", ""elapsed_time"": 10.072838068008423, ""n_init_feats"": 4, ""n_added_feats"": 0, ""initial_metric"": null, ""final_metric"": 1.6109170503688723, ""pct_gain"": -0.017412171480645677}"
mfeat_factors,mfeat-factors,pmlb,pmlb,multiclass,tabularaml,2,1200,1600,400,216,218,2,0.20755823680989124,categorical_crossentropy,False,0.20157226774732406,-0.029696391916723113,"{""accuracy"": 0.9884999999752877, ""categorical_crossentropy"": 0.20755823680989124, ""categorical_roc_auc"": 0.9959791666666666, ""f1"": 0.9429370802214923, ""precision"": 0.945000628304685, ""recall"": 0.9424999997643748}","{""accuracy"": 0.0005060728744941624, ""categorical_crossentropy"": -0.029696391916723113, ""categorical_roc_auc"": 6.275625470668433e-05, ""f1"": 0.002462498301958571, ""precision"": 0.0019007751672509789, ""recall"": 0.0026595744680852277}",933.3419003486633,0.13338327407836914,945.8554735183716,440.90625,604,ok,,0.2.0,"{""mode"": ""medium"", ""elapsed_time"": 794.8033785820007, ""n_init_feats"": 216, ""n_added_feats"": 2, ""initial_metric"": null, ""final_metric"": 0.11972314618468623, ""pct_gain"": -0.0179239359439199}"
503_wind,wind,pmlb,pmlb,regression,tabularaml,0,1200,5259,1315,14,14,0,3.160870419196631,rmse,False,3.160870419196631,-0.0,"{""mae"": 2.406790639057812, ""mse"": 9.991101806952285, ""pearson"": 0.8810409780568007, ""r2"": 0.7760986004253945, ""rmse"": 3.160870419196631, ""rmsle"": 0.2221127070791727}","{""mae"": -0.0, ""mse"": -0.0, ""pearson"": 0.0, ""r2"": 0.0, ""rmse"": -0.0, ""rmsle"": -0.0}",94.1374442577362,0.0029392242431640625,95.1847448348999,394.56640625,249,ok,,0.2.0,"{""mode"": ""medium"", ""elapsed_time"": 92.53450155258179, ""n_init_feats"": 14, ""n_added_feats"": 0, ""initial_metric"": null, ""final_metric"": 3.0900615968540905, ""pct_gain"": -0.014445256196047791}"
503_wind,wind,pmlb,pmlb,regression,tabularaml,1,1200,5259,1315,14,15,1,2.945149363456447,rmse,False,2.9842687326630206,0.013108527653159903,"{""mae"": 2.2697449854571556, ""mse"": 8.673904773067914, ""pearson"": 0.89133576090706, ""r2"": 0.7944544459315255, ""rmse"": 2.945149363456447, ""rmsle"": 0.2117463962421538}","{""mae"": 0.01206532827402379, ""mse"": 0.02604522180908634, ""pearson"": 0.0034741785057970866, ""r2"": 0.006966964189815453, ""rmse"": 0.013108527653159903, ""rmsle"": 0.009609970543602506}",90.74150013923645,0.008845329284667969,91.58977842330933,392.6484375,197,ok,,0.2.0,"{""mode"": ""medium"", ""elapsed_time"": 89.82809400558472, ""n_init_feats"": 14, ""n_added_feats"": 1, ""initial_metric"": null, ""final_metric"": 3.089218265588365, ""pct_gain"": 0.005760060471929333}"
503_wind,wind,pmlb,pmlb,regression,tabularaml,2,1200,5259,1315,14,14,0,2.985540099602209,rmse,False,2.985540099602209,-0.0,"{""mae"": 2.3151528673933486, ""mse"": 8.913449686332768, ""pearson"": 0.8929060910284732, ""r2"": 0.7968542783904808, ""rmse"": 2.985540099602209, ""rmsle"": 0.2206966742311309}","{""mae"": -0.0, ""mse"": -0.0, ""pearson"": 0.0, ""r2"": 0.0, ""rmse"": -0.0, ""rmsle"": -0.0}",163.0622181892395,0.0027642250061035156,164.55471420288086,399.5234375,457,ok,,0.2.0,"{""mode"": ""medium"", ""elapsed_time"": 161.47098088264465, ""n_init_feats"": 14, ""n_added_feats"": 0, ""initial_metric"": null, ""final_metric"": 3.1551084878376696, ""pct_gain"": -0.01415415305039613}"
1193_BNG_lowbwt,BNG-lowbwt,pmlb,pmlb,regression,tabularaml,1,1200,24883,6221,9,11,2,451.84297899748583,rmse,False,451.3087170110411,-0.0011838060429744865,"{""mae"": 358.4646725258324, ""mse"": 204162.07766932243, ""pearson"": 0.7781266511194527, ""r2"": 0.6054128331413993, ""rmse"": 451.84297899748583, ""rmsle"": 0.1674216289780967}","{""mae"": 0.0007174710594461336, ""mse"": -0.0023690134826964285, ""pearson"": -0.0007370381199813689, ""r2"": -0.0015380227684969202, ""rmse"": -0.0011838060429744865, ""rmsle"": -0.000996925145721506}",68.76917791366577,0.011871576309204102,69.33341455459595,408.22265625,109,ok,,0.2.0,"{""mode"": ""medium"", ""elapsed_time"": 65.6256251335144, ""n_init_feats"": 9, ""n_added_feats"": 2, ""initial_metric"": null, ""final_metric"": 451.6383371831951, ""pct_gain"": -0.0004814934273735691}"
1193_BNG_lowbwt,BNG-lowbwt,pmlb,pmlb,regression,tabularaml,2,1200,24883,6221,9,9,0,449.2403380489895,rmse,False,449.2403380489895,-0.0,"{""mae"": 357.4591508947218, ""mse"": 201816.88133037035, ""pearson"": 0.7862360407440324, ""r2"": 0.6180641088069904, ""rmse"": 449.2403380489895, ""rmsle"": 0.1702216344863774}","{""mae"": -0.0, ""mse"": -0.0, ""pearson"": 0.0, ""r2"": 0.0, ""rmse"": -0.0, ""rmsle"": -0.0}",106.3863730430603,0.0023474693298339844,106.94820618629456,421.0546875,107,ok,,0.2.0,"{""mode"": ""medium"", ""elapsed_time"": 103.44788956642151, ""n_init_feats"": 9, ""n_added_feats"": 0, ""initial_metric"": null, ""final_metric"": 453.476595073281, ""pct_gain"": 0.0}"
581_fri_c3_500_25,Friedman-c3,pmlb,pmlb,regression,tabularaml,0,1200,400,100,25,32,7,0.2661130754326154,rmse,False,0.32666539334206623,0.1853649610384156,"{""mae"": 0.21272997962296358, ""mse"": 0.07081616891620487, ""pearson"": 0.9665500510319627, ""r2"": 0.9301660131611921, ""rmse"": 0.2661130754326154, ""rmsle"": null}","{""mae"": 0.1713469201540048, ""mse"": 0.3363697532960577, ""pearson"": 0.014992533436085713, ""r2"": 0.039559092086543485, ""rmse"": 0.1853649610384156, ""rmsle"": null}",202.65109157562256,0.020319223403930664,204.99972820281982,371.78515625,335,ok,,0.2.0,"{""mode"": ""medium"", ""elapsed_time"": 199.8376123905182, ""n_init_feats"": 25, ""n_added_feats"": 7, ""initial_metric"": null, ""final_metric"": 0.30089273510316084, ""pct_gain"": 0.11337281604620413}"
581_fri_c3_500_25,Friedman-c3,pmlb,pmlb,regression,tabularaml,1,1200,400,100,25,27,2,0.26924618857073684,rmse,False,0.3267980578050114,0.17610835762253427,"{""mae"": 0.2058072869060561, ""mse"": 0.07249351005986879, ""pearson"": 0.9694990666929695, ""r2"": 0.9363064070743213, ""rmse"": 0.26924618857073684, ""rmsle"": null}","{""mae"": 0.15695451623747578, ""mse"": 0.3212025616205622, ""pearson"": 0.01207341289487055, ""r2"": 0.033260311015375195, ""rmse"": 0.17610835762253427, ""rmsle"": null}",18.02790117263794,0.011009693145751953,19.184714317321777,365.01953125,166,ok,,0.2.0,"{""mode"": ""medium"", ""elapsed_time"": 16.04191493988037, ""n_init_feats"": 25, ""n_added_feats"": 2, ""initial_metric"": null, ""final_metric"": 0.30293928513141033, ""pct_gain"": 0.21473109487417222}"
581_fri_c3_500_25,Friedman-c3,pmlb,pmlb,regression,tabularaml,2,1200,400,100,25,30,5,0.32567670564332984,rmse,False,0.3611830035213164,0.09830556125792618,"{""mae"": 0.26039558693242726, ""mse"": 0.10606531659869212, ""pearson"": 0.9515836396334331, ""r2"": 0.8939089506555312, ""rmse"": 0.32567670564332984, ""rmsle"": null}","{""mae"": 0.06323915223662338, ""mse"": 0.1869471391416166, ""pearson"": 0.016755826985119158, ""r2"": 0.028054440622483558, ""rmse"": 0.09830556125792618, ""rmsle"": null}",96.17359232902527,0.019164085388183594,98.07948541641235,369.73828125,280,ok,,0.2.0,"{""mode"": ""medium"", ""elapsed_time"": 93.85272526741028, ""n_init_feats"": 25, ""n_added_feats"": 5, ""initial_metric"": null, ""final_metric"": 0.30898607328279387, ""pct_gain"": 0.13450323781772142}"
1028_SWD,SWD,pmlb,pmlb,regression,tabularaml,0,1200,800,200,10,10,0,0.5992811670507572,rmse,False,0.5992811670507572,-0.0,"{""mae"": 0.49522449970245364, ""mse"": 0.3591379171817175, ""pearson"": 0.6418882989984669, ""r2"": 0.4110320738276947, ""rmse"": 0.5992811670507572, ""rmsle"": 0.12841988884419558}","{""mae"": -0.0, ""mse"": -0.0, ""pearson"": 0.0, ""r2"": 0.0, ""rmse"": -0.0, ""rmsle"": -0.0}",73.71057391166687,0.0017261505126953125,73.81278824806213,367.26953125,44,ok,,0.2.0,"{""mode"": ""medium"", ""elapsed_time"": 73.70532774925232, ""n_init_feats"": 10, ""n_added_feats"": 0, ""initial_metric"": null, ""final_metric"": 0.6478298822468045, ""pct_gain"": 0.01703761971127249}"
1193_BNG_lowbwt,BNG-lowbwt,pmlb,pmlb,regression,tabularaml,0,1200,24883,6221,9,14,5,445.24781278415776,rmse,False,445.0044680697531,-0.0005468365642713349,"{""mae"": 350.9918648849019, ""mse"": 198245.61478907638, ""pearson"": 0.7904597950734539, ""r2"": 0.6246930100525608, ""rmse"": 445.24781278415776, ""rmsle"": 0.17069776554360597}","{""mae"": 0.00021172954988463193, ""mse"": -0.0010939721587706675, ""pearson"": -0.00025402349163235736, ""r2"": -0.0006560945012688545, ""rmse"": -0.0005468365642713349, ""rmsle"": -0.0016406030656425491}",754.9024682044983,0.01911473274230957,755.7147054672241,507.92578125,92,ok,,0.2.0,"{""mode"": ""medium"", ""elapsed_time"": 751.5924892425537, ""n_init_feats"": 9, ""n_added_feats"": 5, ""initial_metric"": null, ""final_metric"": 455.1447693187164, ""pct_gain"": 0.0007445214659829839}"
1028_SWD,SWD,pmlb,pmlb,regression,tabularaml,1,1200,800,200,10,10,0,0.6862052687228947,rmse,False,0.6862052687228947,-0.0,"{""mae"": 0.5469160199165344, ""mse"": 0.47087767082306015, ""pearson"": 0.5501828766649693, ""r2"": 0.262842674144949, ""rmse"": 0.6862052687228947, ""rmsle"": 0.14557858912392257}","{""mae"": -0.0, ""mse"": -0.0, ""pearson"": 0.0, ""r2"": 0.0, ""rmse"": -0.0, ""rmsle"": -0.0}",71.5017900466919,0.0017743110656738281,71.6112642288208,367.6640625,61,ok,,0.2.0,"{""mode"": ""medium"", ""elapsed_time"": 71.4969470500946, ""n_init_feats"": 10, ""n_added_feats"": 0, ""initial_metric"": null, ""final_metric"": 0.6177974863312805, ""pct_gain"": 0.028113630283867225}"
1028_SWD,SWD,pmlb,pmlb,regression,tabularaml,2,1200,800,200,10,10,0,0.6211146858325913,rmse,False,0.6211146858325913,-0.0,"{""mae"": 0.5071626591682434, ""mse"": 0.3857834529569186, ""pearson"": 0.5977434894845344, ""r2"": 0.3495473731968999, ""rmse"": 0.6211146858325913, ""rmsle"": 0.13109836007249145}","{""mae"": -0.0, ""mse"": -0.0, ""pearson"": 0.0, ""r2"": 0.0, ""rmse"": -0.0, ""rmsle"": -0.0}",75.01739573478699,0.0020821094512939453,75.13045048713684,367.82421875,47,ok,,0.2.0,"{""mode"": ""medium"", ""elapsed_time"": 75.01221799850464, ""n_init_feats"": 10, ""n_added_feats"": 0, ""initial_metric"": null, ""final_metric"": 0.6597304777501691, ""pct_gain"": 0.009223341911206244}"
