dataset_id,dataset_name,dataset_source,suite,task,framework,seed,time_budget_s,n_train,n_test,n_features_before,n_features_after,n_added,score_holdout,scorer_name,scorer_greater_is_better,score_nofe_same_seed,pct_improvement,all_metrics_json,metric_gains_json,wall_time_fit,wall_time_transform,wall_time_total,peak_rss_mb,n_boost_rounds,status,error_msg,adapter_version,internal_log_json
adult,adult,pmlb,pmlb,classification,nofe,1,1200,39073,9769,14,14,0,0.27542712289275856,binary_crossentropy,False,0.27542712289275856,-0.0,"{""accuracy"": 0.8719418568933647, ""binary_crossentropy"": 0.27542712289275856, ""binary_roc_auc"": 0.9292961743621586, ""f1"": 0.9180263366574144, ""precision"": 0.894636015324528, ""recall"": 0.9426725878065635}","{""accuracy"": 0.0, ""binary_crossentropy"": -0.0, ""binary_roc_auc"": 0.0, ""f1"": 0.0, ""precision"": 0.0, ""recall"": 0.0}",0.028368234634399414,0.0012145042419433594,1.5826621055603027,530.5390625,280,ok,,1.0.0,{}
adult,adult,pmlb,pmlb,classification,nofe,0,1200,39073,9769,14,14,0,0.28303947001810104,binary_crossentropy,False,0.28303947001810104,-0.0,"{""accuracy"": 0.8708158460427159, ""binary_crossentropy"": 0.28303947001810104, ""binary_roc_auc"": 0.9249504048595814, ""f1"": 0.9171698558576766, ""precision"": 0.8951953875709222, ""recall"": 0.9402503027843625}","{""accuracy"": 0.0, ""binary_crossentropy"": -0.0, ""binary_roc_auc"": 0.0, ""f1"": 0.0, ""precision"": 0.0, ""recall"": 0.0}",0.027611732482910156,0.0012154579162597656,1.596754789352417,531.44140625,320,ok,,1.0.0,{}
mushroom,mushroom,pmlb,pmlb,classification,nofe,0,1200,6499,1625,21,21,0,0.0005598739768605671,binary_crossentropy,False,0.0005598739768605671,-0.0,"{""accuracy"": 0.9999999999938463, ""binary_crossentropy"": 0.0005598739768605671, ""binary_roc_auc"": 1.0, ""f1"": 0.9999999949872285, ""precision"": 0.9999999999872285, ""recall"": 0.9999999999872285}","{""accuracy"": 0.0, ""binary_crossentropy"": -0.0, ""binary_roc_auc"": 0.0, ""f1"": 0.0, ""precision"": 0.0, ""recall"": 0.0}",0.007212162017822266,0.00075531005859375,1.5068144798278809,506.7734375,1979,ok,,1.0.0,{}
adult,adult,pmlb,pmlb,classification,nofe,2,1200,39073,9769,14,14,0,0.2821965927038329,binary_crossentropy,False,0.2821965927038329,-0.0,"{""accuracy"": 0.8702016583059983, ""binary_crossentropy"": 0.2821965927038329, ""binary_roc_auc"": 0.9253598748635723, ""f1"": 0.9167869749204656, ""precision"": 0.8947098757513837, ""recall"": 0.9399811600041179}","{""accuracy"": 0.0, ""binary_crossentropy"": -0.0, ""binary_roc_auc"": 0.0, ""f1"": 0.0, ""precision"": 0.0, ""recall"": 0.0}",0.0275421142578125,0.001272439956665039,1.7360317707061768,531.88671875,344,ok,,1.0.0,{}
mushroom,mushroom,pmlb,pmlb,classification,nofe,1,1200,6499,1625,21,21,0,0.0005454151054327667,binary_crossentropy,False,0.0005454151054327667,-0.0,"{""accuracy"": 0.9999999999938463, ""binary_crossentropy"": 0.0005454151054327667, ""binary_roc_auc"": 1.0, ""f1"": 0.9999999949872285, ""precision"": 0.9999999999872285, ""recall"": 0.9999999999872285}","{""accuracy"": 0.0, ""binary_crossentropy"": -0.0, ""binary_roc_auc"": 0.0, ""f1"": 0.0, ""precision"": 0.0, ""recall"": 0.0}",0.007101774215698242,0.0005867481231689453,1.5466499328613281,506.40625,1999,ok,,1.0.0,{}
mushroom,mushroom,pmlb,pmlb,classification,nofe,2,1200,6499,1625,21,21,0,0.0006463095399102223,binary_crossentropy,False,0.0006463095399102223,-0.0,"{""accuracy"": 0.9999999999938463, ""binary_crossentropy"": 0.0006463095399102223, ""binary_roc_auc"": 1.0, ""f1"": 0.9999999949872285, ""precision"": 0.9999999999872285, ""recall"": 0.9999999999872285}","{""accuracy"": 0.0, ""binary_crossentropy"": -0.0, ""binary_roc_auc"": 0.0, ""f1"": 0.0, ""precision"": 0.0, ""recall"": 0.0}",0.007826805114746094,0.0006544589996337891,1.5223801136016846,506.55859375,1985,ok,,1.0.0,{}
spambase,spambase,pmlb,pmlb,classification,nofe,0,1200,3680,921,57,57,0,0.1166924022625758,binary_crossentropy,False,0.1166924022625758,-0.0,"{""accuracy"": 0.958740499446702, ""binary_crossentropy"": 0.1166924022625758, ""binary_roc_auc"": 0.9896965747405629, ""f1"": 0.948087426668421, ""precision"": 0.9403794037685533, ""recall"": 0.9559228649874402}","{""accuracy"": 0.0, ""binary_crossentropy"": -0.0, ""binary_roc_auc"": 0.0, ""f1"": 0.0, ""precision"": 0.0, ""recall"": 0.0}",0.008488178253173828,0.0013251304626464844,1.2570128440856934,503.34375,282,ok,,1.0.0,{}
spambase,spambase,pmlb,pmlb,classification,nofe,1,1200,3680,921,57,57,0,0.13628545383118118,binary_crossentropy,False,0.13628545383118118,-0.0,"{""accuracy"": 0.9500542888061884, ""binary_crossentropy"": 0.13628545383118118, ""binary_roc_auc"": 0.9873663319411119, ""f1"": 0.9362880836168769, ""precision"": 0.9415041782467547, ""recall"": 0.9311294765583711}","{""accuracy"": 0.0, ""binary_crossentropy"": -0.0, ""binary_roc_auc"": 0.0, ""f1"": 0.0, ""precision"": 0.0, ""recall"": 0.0}",0.00910186767578125,0.0012857913970947266,1.236219882965088,503.26953125,280,ok,,1.0.0,{}
kr_vs_kp,kr-vs-kp,pmlb,pmlb,classification,nofe,0,1200,2556,640,36,36,0,0.013169731170696152,binary_crossentropy,False,0.013169731170696152,-0.0,"{""accuracy"": 0.9968749999844239, ""binary_crossentropy"": 0.013169731170696152, ""binary_roc_auc"": 0.9999804312942743, ""f1"": 0.9969969919671023, ""precision"": 0.9999999999698795, ""recall"": 0.9940119760181433}","{""accuracy"": 0.0, ""binary_crossentropy"": -0.0, ""binary_roc_auc"": 0.0, ""f1"": 0.0, ""precision"": 0.0, ""recall"": 0.0}",0.0068950653076171875,0.0012295246124267578,0.6127622127532959,497.8046875,643,ok,,1.0.0,{}
spambase,spambase,pmlb,pmlb,classification,nofe,2,1200,3680,921,57,57,0,0.12703836472897587,binary_crossentropy,False,0.12703836472897587,-0.0,"{""accuracy"": 0.9500542888061884, ""binary_crossentropy"": 0.12703836472897587, ""binary_roc_auc"": 0.989247311827957, ""f1"": 0.935754184918971, ""precision"": 0.9490084985566853, ""recall"": 0.9228650137486814}","{""accuracy"": 0.0, ""binary_crossentropy"": -0.0, ""binary_roc_auc"": 0.0, ""f1"": 0.0, ""precision"": 0.0, ""recall"": 0.0}",0.00968027114868164,0.0015833377838134766,1.5128765106201172,504.140625,384,ok,,1.0.0,{}
kr_vs_kp,kr-vs-kp,pmlb,pmlb,classification,nofe,1,1200,2556,640,36,36,0,0.02948454087971797,binary_crossentropy,False,0.02948454087971797,-0.0,"{""accuracy"": 0.9906249999845215, ""binary_crossentropy"": 0.02948454087971797, ""binary_roc_auc"": 0.9990509177722985, ""f1"": 0.9910714235421095, ""precision"": 0.9852071005625678, ""recall"": 0.9970059879941016}","{""accuracy"": 0.0, ""binary_crossentropy"": -0.0, ""binary_roc_auc"": 0.0, ""f1"": 0.0, ""precision"": 0.0, ""recall"": 0.0}",0.0058405399322509766,0.0008146762847900391,0.4586191177368164,496.64453125,444,ok,,1.0.0,{}
kr_vs_kp,kr-vs-kp,pmlb,pmlb,classification,nofe,2,1200,2556,640,36,36,0,0.021859622373830767,binary_crossentropy,False,0.021859622373830767,-0.0,"{""accuracy"": 0.9906249999845215, ""binary_crossentropy"": 0.021859622373830767, ""binary_roc_auc"": 0.9998728034127823, ""f1"": 0.9910447710898641, ""precision"": 0.9880952380658304, ""recall"": 0.9940119760181433}","{""accuracy"": 0.0, ""binary_crossentropy"": -0.0, ""binary_roc_auc"": 0.0, ""f1"": 0.0, ""precision"": 0.0, ""recall"": 0.0}",0.006509542465209961,0.0008504390716552734,0.7842257022857666,500.15234375,869,ok,,1.0.0,{}
chess,chess,pmlb,pmlb,classification,nofe,0,1200,2556,640,36,36,0,0.022820198655007572,binary_crossentropy,False,0.022820198655007572,-0.0,"{""accuracy"": 0.9937499999844727, ""binary_crossentropy"": 0.022820198655007572, ""binary_roc_auc"": 0.9996869007083872, ""f1"": 0.9940298457166407, ""precision"": 0.9910714285419324, ""recall"": 0.9970059879941016}","{""accuracy"": 0.0, ""binary_crossentropy"": -0.0, ""binary_roc_auc"": 0.0, ""f1"": 0.0, ""precision"": 0.0, ""recall"": 0.0}",0.0056574344635009766,0.0008106231689453125,0.4857800006866455,496.71484375,473,ok,,1.0.0,{}
chess,chess,pmlb,pmlb,classification,nofe,1,1200,2556,640,36,36,0,0.026616590781384807,binary_crossentropy,False,0.026616590781384807,-0.0,"{""accuracy"": 0.9906249999845215, ""binary_crossentropy"": 0.026616590781384807, ""binary_roc_auc"": 0.9995890571797581, ""f1"": 0.9910179590421853, ""precision"": 0.9910179640421851, ""recall"": 0.9910179640421851}","{""accuracy"": 0.0, ""binary_crossentropy"": -0.0, ""binary_roc_auc"": 0.0, ""f1"": 0.0, ""precision"": 0.0, ""recall"": 0.0}",0.006124019622802734,0.0009462833404541016,0.533008337020874,497.44921875,532,ok,,1.0.0,{}
chess,chess,pmlb,pmlb,classification,nofe,2,1200,2556,640,36,36,0,0.03100978358275448,binary_crossentropy,False,0.03100978358275448,-0.0,"{""accuracy"": 0.9859374999845947, ""binary_crossentropy"": 0.03100978358275448, ""binary_roc_auc"": 0.999804312942742, ""f1"": 0.9863842612339532, ""precision"": 0.9969418959939773, ""recall"": 0.9760479041623937}","{""accuracy"": 0.0, ""binary_crossentropy"": -0.0, ""binary_roc_auc"": 0.0, ""f1"": 0.0, ""precision"": 0.0, ""recall"": 0.0}",0.0060045719146728516,0.0009257793426513672,0.9502191543579102,502.6796875,1174,ok,,1.0.0,{}
ionosphere,ionosphere,pmlb,pmlb,classification,nofe,0,1200,280,71,33,33,0,0.2538662343482736,binary_crossentropy,False,0.2538662343482736,-0.0,"{""accuracy"": 0.9295774646578061, ""binary_crossentropy"": 0.2538662343482736, ""binary_roc_auc"": 0.9608695652173912, ""f1"": 0.9473684158581718, ""precision"": 0.9183673467513536, ""recall"": 0.978260869352552}","{""accuracy"": 0.0, ""binary_crossentropy"": -0.0, ""binary_roc_auc"": 0.0, ""f1"": 0.0, ""precision"": 0.0, ""recall"": 0.0}",0.0028448104858398438,0.0007846355438232422,0.2638397216796875,489.6953125,67,ok,,1.0.0,{}
ionosphere,ionosphere,pmlb,pmlb,classification,nofe,2,1200,280,71,33,33,0,0.1739506136075082,binary_crossentropy,False,0.1739506136075082,-0.0,"{""accuracy"": 0.9295774646578061, ""binary_crossentropy"": 0.1739506136075082, ""binary_roc_auc"": 0.98, ""f1"": 0.9462365539368713, ""precision"": 0.9361702125667722, ""recall"": 0.9565217389224953}","{""accuracy"": 0.0, ""binary_crossentropy"": -0.0, ""binary_roc_auc"": 0.0, ""f1"": 0.0, ""precision"": 0.0, ""recall"": 0.0}",0.002747058868408203,0.0007145404815673828,0.25925517082214355,489.97265625,77,ok,,1.0.0,{}
ionosphere,ionosphere,pmlb,pmlb,classification,nofe,1,1200,280,71,33,33,0,0.18626645987469728,binary_crossentropy,False,0.18626645987469728,-0.0,"{""accuracy"": 0.9577464787383456, ""binary_crossentropy"": 0.18626645987469728, ""binary_roc_auc"": 0.9704347826086956, ""f1"": 0.968421047432687, ""precision"": 0.9387755100124948, ""recall"": 0.9999999997826087}","{""accuracy"": 0.0, ""binary_crossentropy"": -0.0, ""binary_roc_auc"": 0.0, ""f1"": 0.0, ""precision"": 0.0, ""recall"": 0.0}",0.002930164337158203,0.0006573200225830078,0.45824646949768066,493.14453125,519,ok,,1.0.0,{}
sonar,sonar,pmlb,pmlb,classification,nofe,0,1200,166,42,60,60,0,0.3194321178432022,binary_crossentropy,False,0.3194321178432022,-0.0,"{""accuracy"": 0.8333333331349206, ""binary_crossentropy"": 0.3194321178432022, ""binary_roc_auc"": 0.95, ""f1"": 0.7878787826262627, ""precision"": 0.9999999992307692, ""recall"": 0.649999999675}","{""accuracy"": 0.0, ""binary_crossentropy"": -0.0, ""binary_roc_auc"": 0.0, ""f1"": 0.0, ""precision"": 0.0, ""recall"": 0.0}",0.003409147262573242,0.0010914802551269531,0.36713719367980957,488.75,127,ok,,1.0.0,{}
sonar,sonar,pmlb,pmlb,classification,nofe,1,1200,166,42,60,60,0,0.3234129250936565,binary_crossentropy,False,0.3234129250936565,-0.0,"{""accuracy"": 0.8095238093310657, ""binary_crossentropy"": 0.3234129250936565, ""binary_roc_auc"": 0.9840909090909091, ""f1"": 0.7499999948437499, ""precision"": 0.9999999991666666, ""recall"": 0.5999999997}","{""accuracy"": 0.0, ""binary_crossentropy"": -0.0, ""binary_roc_auc"": 0.0, ""f1"": 0.0, ""precision"": 0.0, ""recall"": 0.0}",0.004429340362548828,0.0011494159698486328,0.41075873374938965,488.765625,147,ok,,1.0.0,{}
sonar,sonar,pmlb,pmlb,classification,nofe,2,1200,166,42,60,60,0,0.5011105138636638,binary_crossentropy,False,0.5011105138636638,-0.0,"{""accuracy"": 0.7857142855272109, ""binary_crossentropy"": 0.5011105138636638, ""binary_roc_auc"": 0.9068181818181817, ""f1"": 0.7272727220569329, ""precision"": 0.9230769223668639, ""recall"": 0.5999999997}","{""accuracy"": 0.0, ""binary_crossentropy"": -0.0, ""binary_roc_auc"": 0.0, ""f1"": 0.0, ""precision"": 0.0, ""recall"": 0.0}",0.0033371448516845703,0.0010933876037597656,0.718174934387207,493.33203125,883,ok,,1.0.0,{}
breast_cancer,breast-cancer,pmlb,pmlb,classification,nofe,0,1200,228,58,9,9,0,0.5769896864377219,binary_crossentropy,False,0.5769896864377219,-0.0,"{""accuracy"": 0.7068965516022592, ""binary_crossentropy"": 0.5769896864377219, ""binary_roc_auc"": 0.659971305595409, ""f1"": 0.0, ""precision"": 0.0, ""recall"": 0.0}","{""accuracy"": 0.0, ""binary_crossentropy"": -0.0, ""binary_roc_auc"": 0.0, ""f1"": 0.0, ""precision"": 0.0, ""recall"": 0.0}",0.0023193359375,0.00036334991455078125,0.09259819984436035,486.4921875,11,ok,,1.0.0,{}
breast_cancer,breast-cancer,pmlb,pmlb,classification,nofe,1,1200,228,58,9,9,0,0.5419790794237934,binary_crossentropy,False,0.5419790794237934,-0.0,"{""accuracy"": 0.7068965516022592, ""binary_crossentropy"": 0.5419790794237934, ""binary_roc_auc"": 0.7101865136298422, ""f1"": 0.45161289798126947, ""precision"": 0.49999999964285713, ""recall"": 0.4117647056401384}","{""accuracy"": 0.0, ""binary_crossentropy"": -0.0, ""binary_roc_auc"": 0.0, ""f1"": 0.0, ""precision"": 0.0, ""recall"": 0.0}",0.0026407241821289062,0.0003459453582763672,0.10515475273132324,487.40234375,64,ok,,1.0.0,{}
breast_cancer,breast-cancer,pmlb,pmlb,classification,nofe,2,1200,228,58,9,9,0,0.5214594880054737,binary_crossentropy,False,0.5214594880054737,-0.0,"{""accuracy"": 0.7413793102170035, ""binary_crossentropy"": 0.5214594880054737, ""binary_roc_auc"": 0.7101865136298422, ""f1"": 0.399999995328, ""precision"": 0.6249999992187499, ""recall"": 0.29411764688581316}","{""accuracy"": 0.0, ""binary_crossentropy"": -0.0, ""binary_roc_auc"": 0.0, ""f1"": 0.0, ""precision"": 0.0, ""recall"": 0.0}",0.0022058486938476562,0.00043487548828125,0.10606050491333008,487.23046875,48,ok,,1.0.0,{}
titanic,titanic,pmlb,pmlb,classification,nofe,0,1200,1679,420,8,8,0,0.4545095142442733,binary_crossentropy,False,0.4545095142442733,-0.0,"{""accuracy"": 0.8071428571236394, ""binary_crossentropy"": 0.4545095142442733, ""binary_roc_auc"": 0.8354132145816073, ""f1"": 0.639999995161284, ""precision"": 0.8089887639540463, ""recall"": 0.5294117646669549}","{""accuracy"": 0.0, ""binary_crossentropy"": -0.0, ""binary_roc_auc"": 0.0, ""f1"": 0.0, ""precision"": 0.0, ""recall"": 0.0}",0.003006458282470703,0.0003788471221923828,0.17061686515808105,489.9765625,125,ok,,1.0.0,{}
titanic,titanic,pmlb,pmlb,classification,nofe,1,1200,1679,420,8,8,0,0.4594271385066566,binary_crossentropy,False,0.4594271385066566,-0.0,"{""accuracy"": 0.7999999999809524, ""binary_crossentropy"": 0.4594271385066566, ""binary_roc_auc"": 0.8149078293289147, ""f1"": 0.6181818134049587, ""precision"": 0.8095238094274377, ""recall"": 0.49999999996323524}","{""accuracy"": 0.0, ""binary_crossentropy"": -0.0, ""binary_roc_auc"": 0.0, ""f1"": 0.0, ""precision"": 0.0, ""recall"": 0.0}",0.0032193660736083984,0.0003960132598876953,0.14299631118774414,489.140625,61,ok,,1.0.0,{}
titanic,titanic,pmlb,pmlb,classification,nofe,2,1200,1679,420,8,8,0,0.47935739677133304,binary_crossentropy,False,0.47935739677133304,-0.0,"{""accuracy"": 0.802380952361848, ""binary_crossentropy"": 0.47935739677133304, ""binary_roc_auc"": 0.7797224523612263, ""f1"": 0.5911330004455339, ""precision"": 0.8955223879260416, ""recall"": 0.44117647055579584}","{""accuracy"": 0.0, ""binary_crossentropy"": -0.0, ""binary_roc_auc"": 0.0, ""f1"": 0.0, ""precision"": 0.0, ""recall"": 0.0}",0.0026192665100097656,0.00043487548828125,0.1455979347229004,489.12109375,86,ok,,1.0.0,{}
nursery,nursery,pmlb,pmlb,multiclass,nofe,0,1200,10366,2592,8,8,0,0.002031699768887747,categorical_crossentropy,False,0.002031699768887747,-0.0,"{""accuracy"": 0.999999999996142, ""categorical_crossentropy"": 0.002031699768887747, ""categorical_roc_auc"": 1.0, ""f1"": 0.9999999949532068, ""precision"": 0.9999999999532065, ""recall"": 0.9999999999532065}","{""accuracy"": 0.0, ""categorical_crossentropy"": -0.0, ""categorical_roc_auc"": 0.0, ""f1"": 0.0, ""precision"": 0.0, ""recall"": 0.0}",0.007129669189453125,0.00036025047302246094,6.460358381271362,554.20703125,1997,ok,,1.0.0,{}
nursery,nursery,pmlb,pmlb,multiclass,nofe,1,1200,10366,2592,8,8,0,0.0021332057209510927,categorical_crossentropy,False,0.0021332057209510927,-0.0,"{""accuracy"": 0.999999999996142, ""categorical_crossentropy"": 0.0021332057209510927, ""categorical_roc_auc"": 1.0, ""f1"": 0.9999999949532068, ""precision"": 0.9999999999532065, ""recall"": 0.9999999999532065}","{""accuracy"": 0.0, ""categorical_crossentropy"": -0.0, ""categorical_roc_auc"": 0.0, ""f1"": 0.0, ""precision"": 0.0, ""recall"": 0.0}",0.010306596755981445,0.0005266666412353516,6.57294487953186,554.47265625,1994,ok,,1.0.0,{}
waveform_21,waveform-21,pmlb,pmlb,multiclass,nofe,0,1200,4000,1000,21,21,0,0.3320010307165794,categorical_crossentropy,False,0.3320010307165794,-0.0,"{""accuracy"": 0.89933333332434, ""categorical_crossentropy"": 0.3320010307165794, ""categorical_roc_auc"": 0.9650842840420554, ""f1"": 0.8483535160733303, ""precision"": 0.8492603441995142, ""recall"": 0.848916417723424}","{""accuracy"": 0.0, ""categorical_crossentropy"": -0.0, ""categorical_roc_auc"": 0.0, ""f1"": 0.0, ""precision"": 0.0, ""recall"": 0.0}",0.0053691864013671875,0.0005764961242675781,2.5131330490112305,501.62890625,187,ok,,1.0.0,{}
nursery,nursery,pmlb,pmlb,multiclass,nofe,2,1200,10366,2592,8,8,0,0.001701841045348448,categorical_crossentropy,False,0.001701841045348448,-0.0,"{""accuracy"": 0.999999999996142, ""categorical_crossentropy"": 0.001701841045348448, ""categorical_roc_auc"": 1.0, ""f1"": 0.9999999949532068, ""precision"": 0.9999999999532065, ""recall"": 0.9999999999532065}","{""accuracy"": 0.0, ""categorical_crossentropy"": -0.0, ""categorical_roc_auc"": 0.0, ""f1"": 0.0, ""precision"": 0.0, ""recall"": 0.0}",0.007453203201293945,0.00042819976806640625,6.498561143875122,555.21484375,1999,ok,,1.0.0,{}
waveform_21,waveform-21,pmlb,pmlb,multiclass,nofe,1,1200,4000,1000,21,21,0,0.31226422857900615,categorical_crossentropy,False,0.31226422857900615,-0.0,"{""accuracy"": 0.90133333332432, ""categorical_crossentropy"": 0.31226422857900615, ""categorical_roc_auc"": 0.9700341583191646, ""f1"": 0.8517600163776766, ""precision"": 0.8520662090174151, ""recall"": 0.8518552246226676}","{""accuracy"": 0.0, ""categorical_crossentropy"": -0.0, ""categorical_roc_auc"": 0.0, ""f1"": 0.0, ""precision"": 0.0, ""recall"": 0.0}",0.005266904830932617,0.000598907470703125,2.838289976119995,502.703125,211,ok,,1.0.0,{}
waveform_21,waveform-21,pmlb,pmlb,multiclass,nofe,2,1200,4000,1000,21,21,0,0.31059804021776655,categorical_crossentropy,False,0.31059804021776655,-0.0,"{""accuracy"": 0.9106666666575599, ""categorical_crossentropy"": 0.31059804021776655, ""categorical_roc_auc"": 0.9698291314432635, ""f1"": 0.865565053000938, ""precision"": 0.8666306641831052, ""recall"": 0.8658188356542321}","{""accuracy"": 0.0, ""categorical_crossentropy"": -0.0, ""categorical_roc_auc"": 0.0, ""f1"": 0.0, ""precision"": 0.0, ""recall"": 0.0}",0.005366086959838867,0.0005652904510498047,2.2611541748046875,502.640625,157,ok,,1.0.0,{}
car_evaluation,car-evaluation,pmlb,pmlb,multiclass,nofe,0,1200,1382,346,6,6,0,0.034077848049719084,categorical_crossentropy,False,0.034077848049719084,-0.0,"{""accuracy"": 0.9927745664452955, ""categorical_crossentropy"": 0.034077848049719084, ""categorical_roc_auc"": 0.9998186435949571, ""f1"": 0.9463284372999152, ""precision"": 0.9519345234122405, ""recall"": 0.9416152026075884}","{""accuracy"": 0.0, ""categorical_crossentropy"": -0.0, ""categorical_roc_auc"": 0.0, ""f1"": 0.0, ""precision"": 0.0, ""recall"": 0.0}",0.002583026885986328,0.0002541542053222656,0.6224071979522705,504.8203125,593,ok,,1.0.0,{}
car_evaluation,car-evaluation,pmlb,pmlb,multiclass,nofe,1,1200,1382,346,6,6,0,0.031476810287224544,categorical_crossentropy,False,0.031476810287224544,-0.0,"{""accuracy"": 0.9927745664452955, ""categorical_crossentropy"": 0.031476810287224544, ""categorical_roc_auc"": 0.9997760026357434, ""f1"": 0.9724265253498343, ""precision"": 0.9735062962053553, ""recall"": 0.9713695391517432}","{""accuracy"": 0.0, ""categorical_crossentropy"": -0.0, ""categorical_roc_auc"": 0.0, ""f1"": 0.0, ""precision"": 0.0, ""recall"": 0.0}",0.002560853958129883,0.000247955322265625,0.8787665367126465,512.97265625,924,ok,,1.0.0,{}
car_evaluation,car-evaluation,pmlb,pmlb,multiclass,nofe,2,1200,1382,346,6,6,0,0.04835759497447825,categorical_crossentropy,False,0.04835759497447825,-0.0,"{""accuracy"": 0.9927745664452955, ""categorical_crossentropy"": 0.04835759497447825, ""categorical_roc_auc"": 0.9995083045453673, ""f1"": 0.953059074366951, ""precision"": 0.9666666662433258, ""recall"": 0.9421487599556309}","{""accuracy"": 0.0, ""categorical_crossentropy"": -0.0, ""categorical_roc_auc"": 0.0, ""f1"": 0.0, ""precision"": 0.0, ""recall"": 0.0}",0.002590179443359375,0.0002505779266357422,0.44149088859558105,498.8203125,349,ok,,1.0.0,{}
letter,letter,pmlb,pmlb,multiclass,nofe,0,1200,16000,4000,16,16,0,0.11683050455011758,categorical_crossentropy,False,0.11683050455011758,-0.0,"{""accuracy"": 0.9969807692282768, ""categorical_crossentropy"": 0.11683050455011758, ""categorical_roc_auc"": 0.9996714935516972, ""f1"": 0.9605139409123861, ""precision"": 0.9609935031450478, ""recall"": 0.9604722076065393}","{""accuracy"": 0.0, ""categorical_crossentropy"": -0.0, ""categorical_roc_auc"": 0.0, ""f1"": 0.0, ""precision"": 0.0, ""recall"": 0.0}",0.013524770736694336,0.0007660388946533203,52.15203642845154,749.00390625,1161,ok,,1.0.0,{}
letter,letter,pmlb,pmlb,multiclass,nofe,1,1200,16000,4000,16,16,0,0.11556069835297948,categorical_crossentropy,False,0.11556069835297948,-0.0,"{""accuracy"": 0.9970961538436611, ""categorical_crossentropy"": 0.11556069835297948, ""categorical_roc_auc"": 0.9995732625748187, ""f1"": 0.9621373136307396, ""precision"": 0.9625110949291712, ""recall"": 0.9620909628715383}","{""accuracy"": 0.0, ""categorical_crossentropy"": -0.0, ""categorical_roc_auc"": 0.0, ""f1"": 0.0, ""precision"": 0.0, ""recall"": 0.0}",0.013486623764038086,0.0008068084716796875,55.46453785896301,791.859375,1454,ok,,1.0.0,{}
satimage,satimage,pmlb,pmlb,multiclass,nofe,0,1200,5148,1287,36,36,0,0.24759418885024737,categorical_crossentropy,False,0.24759418885024737,-0.0,"{""accuracy"": 0.9725459725384159, ""categorical_crossentropy"": 0.24759418885024737, ""categorical_roc_auc"": 0.9891960923518212, ""f1"": 0.9028377847703389, ""precision"": 0.9085041762325927, ""recall"": 0.8983577760840739}","{""accuracy"": 0.0, ""categorical_crossentropy"": -0.0, ""categorical_roc_auc"": 0.0, ""f1"": 0.0, ""precision"": 0.0, ""recall"": 0.0}",0.008017301559448242,0.0009715557098388672,3.646287202835083,522.3359375,367,ok,,1.0.0,{}
satimage,satimage,pmlb,pmlb,multiclass,nofe,1,1200,5148,1287,36,36,0,0.22027221451282222,categorical_crossentropy,False,0.22027221451282222,-0.0,"{""accuracy"": 0.9748769748694001, ""categorical_crossentropy"": 0.22027221451282222, ""categorical_roc_auc"": 0.9910753348555482, ""f1"": 0.9070357937185206, ""precision"": 0.9182516210225353, ""recall"": 0.8998041143059949}","{""accuracy"": 0.0, ""categorical_crossentropy"": -0.0, ""categorical_roc_auc"": 0.0, ""f1"": 0.0, ""precision"": 0.0, ""recall"": 0.0}",0.00911402702331543,0.0009849071502685547,3.065221071243286,517.92578125,274,ok,,1.0.0,{}
satimage,satimage,pmlb,pmlb,multiclass,nofe,2,1200,5148,1287,36,36,0,0.2254584661383874,categorical_crossentropy,False,0.2254584661383874,-0.0,"{""accuracy"": 0.9720279720204195, ""categorical_crossentropy"": 0.2254584661383874, ""categorical_roc_auc"": 0.9912849706741054, ""f1"": 0.895345241946908, ""precision"": 0.9079519467008904, ""recall"": 0.8874729104940312}","{""accuracy"": 0.0, ""categorical_crossentropy"": -0.0, ""categorical_roc_auc"": 0.0, ""f1"": 0.0, ""precision"": 0.0, ""recall"": 0.0}",0.008338212966918945,0.0010037422180175781,2.8249058723449707,516.58203125,253,ok,,1.0.0,{}
letter,letter,pmlb,pmlb,multiclass,nofe,2,1200,16000,4000,16,16,0,0.1198477487991486,categorical_crossentropy,False,0.1198477487991486,-0.0,"{""accuracy"": 0.9970192307667382, ""categorical_crossentropy"": 0.1198477487991486, ""categorical_roc_auc"": 0.9996314771281489, ""f1"": 0.9611761039928037, ""precision"": 0.9615539449570255, ""recall"": 0.9611114846887825}","{""accuracy"": 0.0, ""categorical_crossentropy"": -0.0, ""categorical_roc_auc"": 0.0, ""f1"": 0.0, ""precision"": 0.0, ""recall"": 0.0}",0.016108989715576172,0.0007469654083251953,41.655975580215454,724.25390625,1000,ok,,1.0.0,{}
shuttle,shuttle,pmlb,pmlb,multiclass,nofe,0,1200,46400,11600,9,9,0,0.0006018560613656156,categorical_crossentropy,False,0.0006018560613656156,-0.0,"{""accuracy"": 0.999950738915394, ""categorical_crossentropy"": 0.0006018560613656156, ""categorical_roc_auc"": 0.999999983661929, ""f1"": 0.999700720827346, ""precision"": 0.9998397550512715, ""recall"": 0.9995624576020395}","{""accuracy"": 0.0, ""categorical_crossentropy"": -0.0, ""categorical_roc_auc"": 0.0, ""f1"": 0.0, ""precision"": 0.0, ""recall"": 0.0}",0.03165841102600098,0.0009703636169433594,25.070292234420776,577.37890625,1738,ok,,1.0.0,{}
shuttle,shuttle,pmlb,pmlb,multiclass,nofe,1,1200,46400,11600,9,9,0,0.00013214972519504358,categorical_crossentropy,False,0.00013214972519504358,-0.0,"{""accuracy"": 0.9999999999991378, ""categorical_crossentropy"": 0.00013214972519504358, ""categorical_roc_auc"": 1.0, ""f1"": 0.9999999936215033, ""precision"": 0.9999999986215032, ""recall"": 0.9999999986215032}","{""accuracy"": 0.0, ""categorical_crossentropy"": -0.0, ""categorical_roc_auc"": 0.0, ""f1"": 0.0, ""precision"": 0.0, ""recall"": 0.0}",0.02783513069152832,0.001005411148071289,8.372526168823242,542.13671875,490,ok,,1.0.0,{}
shuttle,shuttle,pmlb,pmlb,multiclass,nofe,2,1200,46400,11600,9,9,0,0.0001825531106259922,categorical_crossentropy,False,0.0001825531106259922,-0.0,"{""accuracy"": 0.9999753694572658, ""categorical_crossentropy"": 0.0001825531106259922, ""categorical_roc_auc"": 1.0, ""f1"": 0.992441102008086, ""precision"": 0.9999198318587977, ""recall"": 0.9857142843500747}","{""accuracy"": 0.0, ""categorical_crossentropy"": -0.0, ""categorical_roc_auc"": 0.0, ""f1"": 0.0, ""precision"": 0.0, ""recall"": 0.0}",0.0263671875,0.0008866786956787109,7.810072660446167,539.75390625,445,ok,,1.0.0,{}
pendigits,pendigits,pmlb,pmlb,multiclass,nofe,0,1200,8793,2199,16,16,0,0.035184880668169986,categorical_crossentropy,False,0.035184880668169986,-0.0,"{""accuracy"": 0.9981809913551697, ""categorical_crossentropy"": 0.035184880668169986, ""categorical_roc_auc"": 0.9996548583734715, ""f1"": 0.9909499875038577, ""precision"": 0.9910704335764384, ""recall"": 0.990929188392958}","{""accuracy"": 0.0, ""categorical_crossentropy"": -0.0, ""categorical_roc_auc"": 0.0, ""f1"": 0.0, ""precision"": 0.0, ""recall"": 0.0}",0.0079345703125,0.0006048679351806641,7.876439094543457,556.09765625,918,ok,,1.0.0,{}
pendigits,pendigits,pmlb,pmlb,multiclass,nofe,1,1200,8793,2199,16,16,0,0.0341939279514678,categorical_crossentropy,False,0.0341939279514678,-0.0,"{""accuracy"": 0.9979990904911414, ""categorical_crossentropy"": 0.0341939279514678, ""categorical_roc_auc"": 0.9998910878540755, ""f1"": 0.9901329643035369, ""precision"": 0.9901579678108506, ""recall"": 0.990167583227316}","{""accuracy"": 0.0, ""categorical_crossentropy"": -0.0, ""categorical_roc_auc"": 0.0, ""f1"": 0.0, ""precision"": 0.0, ""recall"": 0.0}",0.0074770450592041016,0.0005655288696289062,4.185224533081055,526.796875,340,ok,,1.0.0,{}
pendigits,pendigits,pmlb,pmlb,multiclass,nofe,2,1200,8793,2199,16,16,0,0.04000493750683796,categorical_crossentropy,False,0.04000493750683796,-0.0,"{""accuracy"": 0.9978171896271132, ""categorical_crossentropy"": 0.04000493750683796, ""categorical_roc_auc"": 0.9993044640967922, ""f1"": 0.9890929114701587, ""precision"": 0.9892491799703768, ""recall"": 0.9889942861007925}","{""accuracy"": 0.0, ""categorical_crossentropy"": -0.0, ""categorical_roc_auc"": 0.0, ""f1"": 0.0, ""precision"": 0.0, ""recall"": 0.0}",0.007651567459106445,0.00060272216796875,5.654929876327515,538.43359375,573,ok,,1.0.0,{}
optdigits,optdigits,pmlb,pmlb,multiclass,nofe,0,1200,4496,1124,62,62,0,0.08450806592744839,categorical_crossentropy,False,0.08450806592744839,-0.0,"{""accuracy"": 0.9960854092438071, ""categorical_crossentropy"": 0.08450806592744839, ""categorical_roc_auc"": 0.9992782012246636, ""f1"": 0.9803820556627155, ""precision"": 0.9805277499576329, ""recall"": 0.9803952447816983}","{""accuracy"": 0.0, ""categorical_crossentropy"": -0.0, ""categorical_roc_auc"": 0.0, ""f1"": 0.0, ""precision"": 0.0, ""recall"": 0.0}",0.01128387451171875,0.0013947486877441406,9.319984197616577,584.6015625,1448,ok,,1.0.0,{}
optdigits,optdigits,pmlb,pmlb,multiclass,nofe,1,1200,4496,1124,62,62,0,0.056064235516018815,categorical_crossentropy,False,0.056064235516018815,-0.0,"{""accuracy"": 0.9971530249021606, ""categorical_crossentropy"": 0.056064235516018815, ""categorical_roc_auc"": 0.9996846198388942, ""f1"": 0.9857281041482112, ""precision"": 0.9857892663264657, ""recall"": 0.9857213403058538}","{""accuracy"": 0.0, ""categorical_crossentropy"": -0.0, ""categorical_roc_auc"": 0.0, ""f1"": 0.0, ""precision"": 0.0, ""recall"": 0.0}",0.010716676712036133,0.0014955997467041016,7.59187650680542,564.3359375,1007,ok,,1.0.0,{}
vehicle,vehicle,pmlb,pmlb,multiclass,nofe,0,1200,676,170,18,18,0,0.5225126170114998,categorical_crossentropy,False,0.5225126170114998,-0.0,"{""accuracy"": 0.8794117646541523, ""categorical_crossentropy"": 0.5225126170114998, ""categorical_roc_auc"": 0.9306049289252414, ""f1"": 0.7569139692959699, ""precision"": 0.7538696664271507, ""recall"": 0.761011904582017}","{""accuracy"": 0.0, ""categorical_crossentropy"": -0.0, ""categorical_roc_auc"": 0.0, ""f1"": 0.0, ""precision"": 0.0, ""recall"": 0.0}",0.002790212631225586,0.000469207763671875,0.5257484912872314,497.3125,182,ok,,1.0.0,{}
vehicle,vehicle,pmlb,pmlb,multiclass,nofe,1,1200,676,170,18,18,0,0.5372674297253766,categorical_crossentropy,False,0.5372674297253766,-0.0,"{""accuracy"": 0.8794117646541523, ""categorical_crossentropy"": 0.5372674297253766, ""categorical_roc_auc"": 0.9279210633116883, ""f1"": 0.751460499315104, ""precision"": 0.7510392848257031, ""recall"": 0.760524891595217}","{""accuracy"": 0.0, ""categorical_crossentropy"": -0.0, ""categorical_roc_auc"": 0.0, ""f1"": 0.0, ""precision"": 0.0, ""recall"": 0.0}",0.003687143325805664,0.0004930496215820312,0.5000686645507812,497.515625,169,ok,,1.0.0,{}
optdigits,optdigits,pmlb,pmlb,multiclass,nofe,2,1200,4496,1124,62,62,0,0.06739968229105452,categorical_crossentropy,False,0.06739968229105452,-0.0,"{""accuracy"": 0.9962633451868662, ""categorical_crossentropy"": 0.06739968229105452, ""categorical_roc_auc"": 0.9996874435418238, ""f1"": 0.9813918742194389, ""precision"": 0.9816085815223392, ""recall"": 0.9813116674755171}","{""accuracy"": 0.0, ""categorical_crossentropy"": -0.0, ""categorical_roc_auc"": 0.0, ""f1"": 0.0, ""precision"": 0.0, ""recall"": 0.0}",0.010865211486816406,0.0013768672943115234,9.254427194595337,581.71875,1386,ok,,1.0.0,{}
vehicle,vehicle,pmlb,pmlb,multiclass,nofe,2,1200,676,170,18,18,0,0.5285705975174685,categorical_crossentropy,False,0.5285705975174685,-0.0,"{""accuracy"": 0.864705882302076, ""categorical_crossentropy"": 0.5285705975174685, ""categorical_roc_auc"": 0.9243426191863691, ""f1"": 0.7309765608097594, ""precision"": 0.7311463940835917, ""recall"": 0.7312229435501614}","{""accuracy"": 0.0, ""categorical_crossentropy"": -0.0, ""categorical_roc_auc"": 0.0, ""f1"": 0.0, ""precision"": 0.0, ""recall"": 0.0}",0.0026569366455078125,0.0004892349243164062,0.4780583381652832,496.55859375,158,ok,,1.0.0,{}
mfeat_factors,mfeat-factors,pmlb,pmlb,multiclass,nofe,0,1200,1600,400,216,216,0,0.11116926931259513,categorical_crossentropy,False,0.11116926931259513,-0.0,"{""accuracy"": 0.9934999999751625, ""categorical_crossentropy"": 0.11116926931259513, ""categorical_roc_auc"": 0.998451388888889, ""f1"": 0.96713125949995, ""precision"": 0.967589660555225, ""recall"": 0.967499999758125}","{""accuracy"": 0.0, ""categorical_crossentropy"": -0.0, ""categorical_roc_auc"": 0.0, ""f1"": 0.0, ""precision"": 0.0, ""recall"": 0.0}",0.015542030334472656,0.0033333301544189453,11.44348955154419,534.74609375,343,ok,,1.0.0,{}
mfeat_factors,mfeat-factors,pmlb,pmlb,multiclass,nofe,1,1200,1600,400,216,216,0,0.14123844446359726,categorical_crossentropy,False,0.14123844446359726,-0.0,"{""accuracy"": 0.9924999999751876, ""categorical_crossentropy"": 0.14123844446359726, ""categorical_roc_auc"": 0.998625, ""f1"": 0.9624130905149244, ""precision"": 0.9633234820100466, ""recall"": 0.9624999997593748}","{""accuracy"": 0.0, ""categorical_crossentropy"": -0.0, ""categorical_roc_auc"": 0.0, ""f1"": 0.0, ""precision"": 0.0, ""recall"": 0.0}",0.015543460845947266,0.003551006317138672,11.754106521606445,537.42578125,395,ok,,1.0.0,{}
monk1,monk1,pmlb,pmlb,classification,nofe,0,1200,444,112,6,6,0,0.022066819162059152,binary_crossentropy,False,0.022066819162059152,-0.0,"{""accuracy"": 0.9999999999107143, ""binary_crossentropy"": 0.022066819162059152, ""binary_roc_auc"": 1.0, ""f1"": 0.9999999948214284, ""precision"": 0.9999999998214285, ""recall"": 0.9999999998214285}","{""accuracy"": 0.0, ""binary_crossentropy"": -0.0, ""binary_roc_auc"": 0.0, ""f1"": 0.0, ""precision"": 0.0, ""recall"": 0.0}",0.0022363662719726562,0.0003235340118408203,0.27501964569091797,492.1796875,866,ok,,1.0.0,{}
monk1,monk1,pmlb,pmlb,classification,nofe,1,1200,444,112,6,6,0,0.018236226318484632,binary_crossentropy,False,0.018236226318484632,-0.0,"{""accuracy"": 0.9999999999107143, ""binary_crossentropy"": 0.018236226318484632, ""binary_roc_auc"": 1.0, ""f1"": 0.9999999948214284, ""precision"": 0.9999999998214285, ""recall"": 0.9999999998214285}","{""accuracy"": 0.0, ""binary_crossentropy"": -0.0, ""binary_roc_auc"": 0.0, ""f1"": 0.0, ""precision"": 0.0, ""recall"": 0.0}",0.0022606849670410156,0.00023365020751953125,0.3068828582763672,494.0,1105,ok,,1.0.0,{}
monk1,monk1,pmlb,pmlb,classification,nofe,2,1200,444,112,6,6,0,0.0193182694292448,binary_crossentropy,False,0.0193182694292448,-0.0,"{""accuracy"": 0.9999999999107143, ""binary_crossentropy"": 0.0193182694292448, ""binary_roc_auc"": 1.0, ""f1"": 0.9999999948214284, ""precision"": 0.9999999998214285, ""recall"": 0.9999999998214285}","{""accuracy"": 0.0, ""binary_crossentropy"": -0.0, ""binary_roc_auc"": 0.0, ""f1"": 0.0, ""precision"": 0.0, ""recall"": 0.0}",0.001984119415283203,0.0003037452697753906,0.32897448539733887,493.78125,1111,ok,,1.0.0,{}
529_pollen,pollen,pmlb,pmlb,regression,nofe,0,1200,3078,770,4,4,0,1.5986108050893144,rmse,False,1.5986108050893144,-0.0,"{""mae"": 1.2594775721019544, ""mse"": 2.5555565061483057, ""pearson"": 0.8647743033178305, ""r2"": 0.7430548463033928, ""rmse"": 1.5986108050893144, ""rmsle"": null}","{""mae"": -0.0, ""mse"": -0.0, ""pearson"": 0.0, ""r2"": 0.0, ""rmse"": -0.0, ""rmsle"": null}",0.0015780925750732422,0.0002372264862060547,0.3335566520690918,491.6484375,203,ok,,1.0.0,{}
mfeat_factors,mfeat-factors,pmlb,pmlb,multiclass,nofe,2,1200,1600,400,216,216,0,0.20157226774732406,categorical_crossentropy,False,0.20157226774732406,-0.0,"{""accuracy"": 0.9879999999753, ""categorical_crossentropy"": 0.20157226774732406, ""categorical_roc_auc"": 0.9959166666666667, ""f1"": 0.9406208030910935, ""precision"": 0.9432078023364465, ""recall"": 0.9399999997649997}","{""accuracy"": 0.0, ""categorical_crossentropy"": -0.0, ""categorical_roc_auc"": 0.0, ""f1"": 0.0, ""precision"": 0.0, ""recall"": 0.0}",0.01606154441833496,0.003520965576171875,13.71944546699524,549.90625,765,ok,,1.0.0,{}
529_pollen,pollen,pmlb,pmlb,regression,nofe,1,1200,3078,770,4,4,0,1.585127263915552,rmse,False,1.585127263915552,-0.0,"{""mae"": 1.2395357026089613, ""mse"": 2.5126284428084045, ""pearson"": 0.8701789940520425, ""r2"": 0.7536112266698475, ""rmse"": 1.585127263915552, ""rmsle"": null}","{""mae"": -0.0, ""mse"": -0.0, ""pearson"": 0.0, ""r2"": 0.0, ""rmse"": -0.0, ""rmsle"": null}",0.0014417171478271484,0.0002713203430175781,0.2658812999725342,491.89453125,137,ok,,1.0.0,{}
529_pollen,pollen,pmlb,pmlb,regression,nofe,2,1200,3078,770,4,4,0,1.5843982974151207,rmse,False,1.5843982974151207,-0.0,"{""mae"": 1.2462806129972481, ""mse"": 2.510317964851933, ""pearson"": 0.8730792294025248, ""r2"": 0.7610922593231474, ""rmse"": 1.5843982974151207, ""rmsle"": null}","{""mae"": -0.0, ""mse"": -0.0, ""pearson"": 0.0, ""r2"": 0.0, ""rmse"": -0.0, ""rmsle"": null}",0.001516580581665039,0.00021648406982421875,0.3557400703430176,493.73828125,237,ok,,1.0.0,{}
503_wind,wind,pmlb,pmlb,regression,nofe,1,1200,5259,1315,14,14,0,2.9842687326630206,rmse,False,2.9842687326630206,-0.0,"{""mae"": 2.297464650665399, ""mse"": 8.905859868750152, ""pearson"": 0.8882498224660703, ""r2"": 0.7889578051557301, ""rmse"": 2.9842687326630206, ""rmsle"": 0.21380101772468021}","{""mae"": -0.0, ""mse"": -0.0, ""pearson"": 0.0, ""r2"": 0.0, ""rmse"": -0.0, ""rmsle"": -0.0}",0.003571748733520508,0.00045800209045410156,0.760101318359375,496.8359375,182,ok,,1.0.0,{}
503_wind,wind,pmlb,pmlb,regression,nofe,0,1200,5259,1315,14,14,0,3.160870419196631,rmse,False,3.160870419196631,-0.0,"{""mae"": 2.406790639057812, ""mse"": 9.991101806952285, ""pearson"": 0.8810409780568007, ""r2"": 0.7760986004253945, ""rmse"": 3.160870419196631, ""rmsle"": 0.2221127070791727}","{""mae"": -0.0, ""mse"": -0.0, ""pearson"": 0.0, ""r2"": 0.0, ""rmse"": -0.0, ""rmsle"": -0.0}",0.003493785858154297,0.0005142688751220703,0.9368131160736084,496.80078125,249,ok,,1.0.0,{}
1193_BNG_lowbwt,BNG-lowbwt,pmlb,pmlb,regression,nofe,0,1200,24883,6221,9,9,0,445.0044680697531,rmse,False,445.0044680697531,-0.0,"{""mae"": 351.06619597255485, ""mse"": 198028.9766020439, ""pearson"": 0.7906606414502914, ""r2"": 0.6251031367833303, ""rmse"": 445.0044680697531, ""rmsle"": 0.1704181769600441}","{""mae"": -0.0, ""mse"": -0.0, ""pearson"": 0.0, ""r2"": 0.0, ""rmse"": -0.0, ""rmsle"": -0.0}",0.007210969924926758,0.0005464553833007812,0.5644321441650391,505.20703125,129,ok,,1.0.0,{}
503_wind,wind,pmlb,pmlb,regression,nofe,2,1200,5259,1315,14,14,0,2.985540099602209,rmse,False,2.985540099602209,-0.0,"{""mae"": 2.3151528673933486, ""mse"": 8.913449686332768, ""pearson"": 0.8929060910284732, ""r2"": 0.7968542783904808, ""rmse"": 2.985540099602209, ""rmsle"": 0.2206966742311309}","{""mae"": -0.0, ""mse"": -0.0, ""pearson"": 0.0, ""r2"": 0.0, ""rmse"": -0.0, ""rmsle"": -0.0}",0.003515481948852539,0.00045037269592285156,1.496068000793457,499.55859375,457,ok,,1.0.0,{}
1193_BNG_lowbwt,BNG-lowbwt,pmlb,pmlb,regression,nofe,1,1200,24883,6221,9,9,0,451.3087170110411,rmse,False,451.3087170110411,-0.0,"{""mae"": 358.7220452116571, ""mse"": 203679.55805015197, ""pearson"": 0.7787005831332736, ""r2"": 0.6063454061816802, ""rmse"": 451.3087170110411, ""rmsle"": 0.1672548883741317}","{""mae"": -0.0, ""mse"": -0.0, ""pearson"": 0.0, ""r2"": 0.0, ""rmse"": -0.0, ""rmsle"": -0.0}",0.007615566253662109,0.0005292892456054688,0.5024993419647217,504.8125,105,ok,,1.0.0,{}
1193_BNG_lowbwt,BNG-lowbwt,pmlb,pmlb,regression,nofe,2,1200,24883,6221,9,9,0,449.2403380489895,rmse,False,449.2403380489895,-0.0,"{""mae"": 357.4591508947218, ""mse"": 201816.88133037035, ""pearson"": 0.7862360407440324, ""r2"": 0.6180641088069904, ""rmse"": 449.2403380489895, ""rmsle"": 0.1702216344863774}","{""mae"": -0.0, ""mse"": -0.0, ""pearson"": 0.0, ""r2"": 0.0, ""rmse"": -0.0, ""rmsle"": -0.0}",0.007949113845825195,0.0005970001220703125,0.513427734375,505.421875,107,ok,,1.0.0,{}
581_fri_c3_500_25,Friedman-c3,pmlb,pmlb,regression,nofe,0,1200,400,100,25,25,0,0.32666539334206623,rmse,False,0.32666539334206623,-0.0,"{""mae"": 0.2567177806935797, ""mse"": 0.10671027920732684, ""pearson"": 0.952273065260757, ""r2"": 0.8947697348249979, ""rmse"": 0.32666539334206623, ""rmsle"": null}","{""mae"": -0.0, ""mse"": -0.0, ""pearson"": 0.0, ""r2"": 0.0, ""rmse"": -0.0, ""rmsle"": null}",0.001955747604370117,0.0006101131439208984,1.635056734085083,493.375,294,ok,,1.0.0,{}
581_fri_c3_500_25,Friedman-c3,pmlb,pmlb,regression,nofe,1,1200,400,100,25,25,0,0.3267980578050114,rmse,False,0.3267980578050114,-0.0,"{""mae"": 0.24412358629517258, ""mse"": 0.1067969705851276, ""pearson"": 0.9579335395442075, ""r2"": 0.9061670104740807, ""rmse"": 0.3267980578050114, ""rmsle"": null}","{""mae"": -0.0, ""mse"": -0.0, ""pearson"": 0.0, ""r2"": 0.0, ""rmse"": -0.0, ""rmsle"": null}",0.0019860267639160156,0.0005557537078857422,0.976865291595459,490.80859375,138,ok,,1.0.0,{}
1028_SWD,SWD,pmlb,pmlb,regression,nofe,0,1200,800,200,10,10,0,0.5992811670507572,rmse,False,0.5992811670507572,-0.0,"{""mae"": 0.49522449970245364, ""mse"": 0.3591379171817175, ""pearson"": 0.6418882989984669, ""r2"": 0.4110320738276947, ""rmse"": 0.5992811670507572, ""rmsle"": 0.12841988884419558}","{""mae"": -0.0, ""mse"": -0.0, ""pearson"": 0.0, ""r2"": 0.0, ""rmse"": -0.0, ""rmsle"": -0.0}",0.0014452934265136719,0.0004150867462158203,0.10599422454833984,488.09375,44,ok,,1.0.0,{}
581_fri_c3_500_25,Friedman-c3,pmlb,pmlb,regression,nofe,2,1200,400,100,25,25,0,0.3611830035213164,rmse,False,0.3611830035213164,-0.0,"{""mae"": 0.2779744558647508, ""mse"": 0.13045316203267926, ""pearson"": 0.9359018304867409, ""r2"": 0.8695151884313367, ""rmse"": 0.3611830035213164, ""rmsle"": null}","{""mae"": -0.0, ""mse"": -0.0, ""pearson"": 0.0, ""r2"": 0.0, ""rmse"": -0.0, ""rmsle"": null}",0.0017919540405273438,0.0005736351013183594,1.550257921218872,492.80859375,271,ok,,1.0.0,{}
1028_SWD,SWD,pmlb,pmlb,regression,nofe,1,1200,800,200,10,10,0,0.6862052687228947,rmse,False,0.6862052687228947,-0.0,"{""mae"": 0.5469160199165344, ""mse"": 0.47087767082306015, ""pearson"": 0.5501828766649693, ""r2"": 0.262842674144949, ""rmse"": 0.6862052687228947, ""rmsle"": 0.14557858912392257}","{""mae"": -0.0, ""mse"": -0.0, ""pearson"": 0.0, ""r2"": 0.0, ""rmse"": -0.0, ""rmsle"": -0.0}",0.0015614032745361328,0.0003712177276611328,0.1123201847076416,487.80859375,61,ok,,1.0.0,{}
1028_SWD,SWD,pmlb,pmlb,regression,nofe,2,1200,800,200,10,10,0,0.6211146858325913,rmse,False,0.6211146858325913,-0.0,"{""mae"": 0.5071626591682434, ""mse"": 0.3857834529569186, ""pearson"": 0.5977434894845344, ""r2"": 0.3495473731968999, ""rmse"": 0.6211146858325913, ""rmsle"": 0.13109836007249145}","{""mae"": -0.0, ""mse"": -0.0, ""pearson"": 0.0, ""r2"": 0.0, ""rmse"": -0.0, ""rmsle"": -0.0}",0.0016481876373291016,0.00036716461181640625,0.10849547386169434,487.5078125,47,ok,,1.0.0,{}
adult,adult,pmlb,pmlb,classification,tabularaml,1,1200,39073,9769,14,27,13,0.2730298576119559,binary_crossentropy,False,0.27542712289275856,0.008703809761452033,"{""accuracy"": 0.8723513153845097, ""binary_crossentropy"": 0.2730298576119559, ""binary_roc_auc"": 0.930058102838098, ""f1"": 0.9182455860333542, ""precision"": 0.8952953208886534, ""recall"": 0.9424034450263189}","{""accuracy"": 0.0004695938013618241, ""binary_crossentropy"": 0.008703809761452033, ""binary_roc_auc"": 0.000819898431694644, ""f1"": 0.00023882689110865335, ""precision"": 0.0007369539710361982, ""recall"": -0.00028551034975021387}",1024.9740297794342,0.03484296798706055,1027.2564980983734,682.79296875,303,ok,,0.2.0,"{""mode"": ""medium"", ""elapsed_time"": 845.8556890487671, ""n_init_feats"": 14, ""n_added_feats"": 13, ""initial_metric"": null, ""final_metric"": 0.27683348780827427, ""pct_gain"": 0.00916884859797263}"
adult,adult,pmlb,pmlb,classification,tabularaml,0,1200,39073,9769,14,28,14,0.28064068443306817,binary_crossentropy,False,0.28303947001810104,0.008475092130717536,"{""accuracy"": 0.8707134814199295, ""binary_crossentropy"": 0.28064068443306817, ""binary_roc_auc"": 0.925740853491126, ""f1"": 0.9171422898257741, ""precision"": 0.8947772657438623, ""recall"": 0.9406540169547293}","{""accuracy"": -0.0001175502527331395, ""binary_crossentropy"": 0.008475092130717536, ""binary_roc_auc"": 0.0008545848808668273, ""f1"": -3.0055536307168135e-05, ""precision"": -0.00046707325893900254, ""recall"": 0.00042936882782303523}",1178.2635204792023,0.04794883728027344,1181.0019657611847,699.0390625,271,ok,,0.2.0,"{""mode"": ""medium"", ""elapsed_time"": 717.628071308136, ""n_init_feats"": 14, ""n_added_feats"": 14, ""initial_metric"": null, ""final_metric"": 0.27317242619096405, ""pct_gain"": 0.010079677151788818}"
mushroom,mushroom,pmlb,pmlb,classification,tabularaml,0,1200,6499,1625,21,26,5,0.0005028691359357954,binary_crossentropy,False,0.0005598739768605671,0.1018172718875419,"{""accuracy"": 0.9999999999938463, ""binary_crossentropy"": 0.0005028691359357954, ""binary_roc_auc"": 1.0, ""f1"": 0.9999999949872285, ""precision"": 0.9999999999872285, ""recall"": 0.9999999999872285}","{""accuracy"": 0.0, ""binary_crossentropy"": 0.1018172718875419, ""binary_roc_auc"": 0.0, ""f1"": 0.0, ""precision"": 0.0, ""recall"": 0.0}",225.53331184387207,0.021739721298217773,227.59201169013977,524.27734375,1889,ok,,0.2.0,"{""mode"": ""medium"", ""elapsed_time"": 224.24612498283386, ""n_init_feats"": 21, ""n_added_feats"": 5, ""initial_metric"": null, ""final_metric"": 2.3060648917045904e-05, ""pct_gain"": 0.08654038110202658}"
adult,adult,pmlb,pmlb,classification,tabularaml,2,1200,39073,9769,14,22,8,0.2803718361252157,binary_crossentropy,False,0.2821965927038329,0.006466260138485393,"{""accuracy"": 0.869280376700922, ""binary_crossentropy"": 0.2803718361252157, ""binary_roc_auc"": 0.9259312564673985, ""f1"": 0.9162018455169834, ""precision"": 0.8940829918021336, ""recall"": 0.9394428744436288}","{""accuracy"": -0.001058698976590962, ""binary_crossentropy"": 0.006466260138485393, ""binary_roc_auc"": 0.0006174696130091368, ""f1"": -0.0006382392196758376, ""precision"": -0.0007006561190840594, ""recall"": -0.00057265569076588}",430.825825214386,0.02574777603149414,433.70026206970215,621.171875,386,ok,,0.2.0,"{""mode"": ""medium"", ""elapsed_time"": 425.38074946403503, ""n_init_feats"": 14, ""n_added_feats"": 8, ""initial_metric"": null, ""final_metric"": 0.27469152720956796, ""pct_gain"": 0.005417945013141656}"
mushroom,mushroom,pmlb,pmlb,classification,tabularaml,1,1200,6499,1625,21,37,16,0.000466877578992213,binary_crossentropy,False,0.0005454151054327667,0.14399587700864486,"{""accuracy"": 0.9999999999938463, ""binary_crossentropy"": 0.000466877578992213, ""binary_roc_auc"": 1.0, ""f1"": 0.9999999949872285, ""precision"": 0.9999999999872285, ""recall"": 0.9999999999872285}","{""accuracy"": 0.0, ""binary_crossentropy"": 0.14399587700864486, ""binary_roc_auc"": 0.0, ""f1"": 0.0, ""precision"": 0.0, ""recall"": 0.0}",497.059118270874,0.04268240928649902,499.6012907028198,539.953125,1999,ok,,0.2.0,"{""mode"": ""medium"", ""elapsed_time"": 439.20035433769226, ""n_init_feats"": 21, ""n_added_feats"": 16, ""initial_metric"": null, ""final_metric"": 2.208923959732298e-05, ""pct_gain"": 0.13556909989997434}"
mushroom,mushroom,pmlb,pmlb,classification,tabularaml,2,1200,6499,1625,21,39,18,0.00043774919053696346,binary_crossentropy,False,0.0006463095399102223,0.3226942146053261,"{""accuracy"": 0.9999999999938463, ""binary_crossentropy"": 0.00043774919053696346, ""binary_roc_auc"": 1.0, ""f1"": 0.9999999949872285, ""precision"": 0.9999999999872285, ""recall"": 0.9999999999872285}","{""accuracy"": 0.0, ""binary_crossentropy"": 0.3226942146053261, ""binary_roc_auc"": 0.0, ""f1"": 0.0, ""precision"": 0.0, ""recall"": 0.0}",550.0129244327545,0.05338788032531738,551.9543786048889,544.63671875,1340,ok,,0.2.0,"{""mode"": ""medium"", ""elapsed_time"": 469.7769992351532, ""n_init_feats"": 21, ""n_added_feats"": 18, ""initial_metric"": null, ""final_metric"": 2.2309815495582767e-05, ""pct_gain"": 0.07529812588443945}"
spambase,spambase,pmlb,pmlb,classification,tabularaml,0,1200,3680,921,57,61,4,0.11614692592294382,binary_crossentropy,False,0.1166924022625758,0.004674480335099906,"{""accuracy"": 0.9576547231166378, ""binary_crossentropy"": 0.11614692592294382, ""binary_roc_auc"": 0.9898841790337393, ""f1"": 0.9466484217869194, ""precision"": 0.9402173912787984, ""recall"": 0.9531680440508769}","{""accuracy"": -0.0011325028312571003, ""binary_crossentropy"": 0.004674480335099906, ""binary_roc_auc"": 0.000189557383509691, ""f1"": -0.001517797664038514, ""precision"": -0.00017228417498897823, ""recall"": -0.002881844380403552}",383.5512819290161,0.01826333999633789,384.7621397972107,529.7109375,243,ok,,0.2.0,"{""mode"": ""medium"", ""elapsed_time"": 381.85071325302124, ""n_init_feats"": 57, ""n_added_feats"": 4, ""initial_metric"": null, ""final_metric"": 0.1375544147737509, ""pct_gain"": 0.07339396423947572}"
spambase,spambase,pmlb,pmlb,classification,tabularaml,1,1200,3680,921,57,63,6,0.13450882444077616,binary_crossentropy,False,0.13628545383118118,0.013036089622636858,"{""accuracy"": 0.9478827361460599, ""binary_crossentropy"": 0.13450882444077616, ""binary_roc_auc"": 0.9880426947875629, ""f1"": 0.9337016524328089, ""precision"": 0.9362880886167233, ""recall"": 0.9311294765583711}","{""accuracy"": -0.00228571428571433, ""binary_crossentropy"": 0.013036089622636858, ""binary_roc_auc"": 0.0006850171254283215, ""f1"": -0.0027624309540249734, ""precision"": -0.005540166204832639, ""recall"": 0.0}",597.9605946540833,0.021612167358398438,599.3442068099976,537.8671875,290,ok,,0.2.0,"{""mode"": ""medium"", ""elapsed_time"": 596.0752820968628, ""n_init_feats"": 57, ""n_added_feats"": 6, ""initial_metric"": null, ""final_metric"": 0.150459916400952, ""pct_gain"": 0.009174998054370954}"
kr_vs_kp,kr-vs-kp,pmlb,pmlb,classification,tabularaml,0,1200,2556,640,36,38,2,0.012937295315634856,binary_crossentropy,False,0.013169731170696152,0.017649248268520965,"{""accuracy"": 0.9968749999844239, ""binary_crossentropy"": 0.012937295315634856, ""binary_roc_auc"": 0.9999804312942743, ""f1"": 0.9969969919671023, ""precision"": 0.9999999999698795, ""recall"": 0.9940119760181433}","{""accuracy"": 0.0, ""binary_crossentropy"": 0.017649248268520965, ""binary_roc_auc"": 0.0, ""f1"": 0.0, ""precision"": 0.0, ""recall"": 0.0}",420.00158190727234,0.012271404266357422,420.7617266178131,530.9140625,619,ok,,0.2.0,"{""mode"": ""medium"", ""elapsed_time"": 419.20693588256836, ""n_init_feats"": 36, ""n_added_feats"": 2, ""initial_metric"": null, ""final_metric"": 0.020884117699424453, ""pct_gain"": 0.2076171764476811}"
spambase,spambase,pmlb,pmlb,classification,tabularaml,2,1200,3680,921,57,69,12,0.12963492335181837,binary_crossentropy,False,0.12703836472897587,-0.020439169131167632,"{""accuracy"": 0.9457111834859314, ""binary_crossentropy"": 0.12963492335181837, ""binary_roc_auc"": 0.98904489666953, ""f1"": 0.9299719837708809, ""precision"": 0.945868945841998, ""recall"": 0.9146005509389917}","{""accuracy"": -0.00457142857142866, ""binary_crossentropy"": -0.020439169131167632, ""binary_roc_auc"": -0.000204615323192516, ""f1"": -0.006179188125769196, ""precision"": -0.003308245099450841, ""recall"": -0.008955223880596948}",1010.9195585250854,0.03467535972595215,1012.8093929290771,545.421875,356,ok,,0.2.0,"{""mode"": ""medium"", ""elapsed_time"": 910.1392242908478, ""n_init_feats"": 57, ""n_added_feats"": 12, ""initial_metric"": null, ""final_metric"": 0.14837322710445383, ""pct_gain"": 0.025934215870229826}"
kr_vs_kp,kr-vs-kp,pmlb,pmlb,classification,tabularaml,1,1200,2556,640,36,46,10,0.028911037231148386,binary_crossentropy,False,0.02948454087971797,0.019450994706317053,"{""accuracy"": 0.9937499999844727, ""binary_crossentropy"": 0.028911037231148386, ""binary_roc_auc"": 0.9988552307150406, ""f1"": 0.9940476140182114, ""precision"": 0.9881656804441371, ""recall"": 0.9999999999700598}","{""accuracy"": 0.0031545741324921365, ""binary_crossentropy"": 0.019450994706317053, ""binary_roc_auc"": -0.0001958729568001069, ""f1"": 0.003003003018152722, ""precision"": 0.0030030030030030654, ""recall"": 0.0030030030030030173}",432.76172614097595,0.03520560264587402,433.3421778678894,529.26171875,363,ok,,0.2.0,"{""mode"": ""medium"", ""elapsed_time"": 405.1067843437195, ""n_init_feats"": 36, ""n_added_feats"": 10, ""initial_metric"": null, ""final_metric"": 0.01861347432012591, ""pct_gain"": 0.2773196558460428}"
kr_vs_kp,kr-vs-kp,pmlb,pmlb,classification,tabularaml,2,1200,2556,640,36,54,18,0.02283456000620765,binary_crossentropy,False,0.021859622373830767,-0.04459993021398339,"{""accuracy"": 0.9921874999844971, ""binary_crossentropy"": 0.02283456000620765, ""binary_roc_auc"": 0.9998140972956048, ""f1"": 0.9925484301419017, ""precision"": 0.9881305637688982, ""recall"": 0.9970059879941016}","{""accuracy"": 0.0015772870662460682, ""binary_crossentropy"": -0.04459993021398339, ""binary_roc_auc"": -5.8713585345188625e-05, ""f1"": 0.0015172463403283487, ""precision"": 3.575131394914394e-05, ""recall"": 0.003012048192771099}",482.3538336753845,0.04057478904724121,483.5872666835785,526.3515625,968,ok,,0.2.0,"{""mode"": ""medium"", ""elapsed_time"": 444.1212673187256, ""n_init_feats"": 36, ""n_added_feats"": 18, ""initial_metric"": null, ""final_metric"": 0.02035974877182612, ""pct_gain"": 0.19918292280868935}"
chess,chess,pmlb,pmlb,classification,tabularaml,0,1200,2556,640,36,46,10,0.02121779916639035,binary_crossentropy,False,0.022820198655007572,0.07021847236485822,"{""accuracy"": 0.9937499999844727, ""binary_crossentropy"": 0.02121779916639035, ""binary_roc_auc"": 0.9996966850612501, ""f1"": 0.9940298457166407, ""precision"": 0.9910714285419324, ""recall"": 0.9970059879941016}","{""accuracy"": 0.0, ""binary_crossentropy"": 0.07021847236485822, ""binary_roc_auc"": 9.787417296340437e-06, ""f1"": 0.0, ""precision"": 0.0, ""recall"": 0.0}",332.4939980506897,0.033075571060180664,333.82276701927185,530.18359375,1347,ok,,0.2.0,"{""mode"": ""medium"", ""elapsed_time"": 305.32792615890503, ""n_init_feats"": 36, ""n_added_feats"": 10, ""initial_metric"": null, ""final_metric"": 0.013559828150146318, ""pct_gain"": 0.30979893104064476}"
chess,chess,pmlb,pmlb,classification,tabularaml,1,1200,2556,640,36,38,2,0.02558848055188001,binary_crossentropy,False,0.026616590781384807,0.03862666852975922,"{""accuracy"": 0.9890624999845459, ""binary_crossentropy"": 0.02558848055188001, ""binary_roc_auc"": 0.9996184102383469, ""f1"": 0.989536616794046, ""precision"": 0.988059701463043, ""recall"": 0.9910179640421851}","{""accuracy"": -0.0015772870662460682, ""binary_crossentropy"": 0.03862666852975922, ""binary_roc_auc"": 2.9365125976440215e-05, ""f1"": -0.0014947683183975185, ""precision"": -0.0029850746267765806, ""recall"": 0.0}",251.4631450176239,0.012088775634765625,252.0652666091919,515.43359375,626,ok,,0.2.0,"{""mode"": ""medium"", ""elapsed_time"": 250.6858310699463, ""n_init_feats"": 36, ""n_added_feats"": 2, ""initial_metric"": null, ""final_metric"": 0.026053485860995696, ""pct_gain"": 0.2595885810208185}"
chess,chess,pmlb,pmlb,classification,tabularaml,2,1200,2556,640,36,50,14,0.03097175808025341,binary_crossentropy,False,0.03100978358275448,0.0012262421116094558,"{""accuracy"": 0.9859374999845947, ""binary_crossentropy"": 0.03097175808025341, ""binary_roc_auc"": 0.9996771163555243, ""f1"": 0.9864253343370438, ""precision"": 0.9939209726141666, ""recall"": 0.979041916138352}","{""accuracy"": 0.0, ""binary_crossentropy"": 0.0012262421116094558, ""binary_roc_auc"": -0.0001272214828153071, ""f1"": 4.164006331494769e-05, ""precision"": -0.003030190016037802, ""recall"": 0.003067484662576702}",369.1922423839569,0.04307746887207031,370.2502236366272,523.8203125,870,ok,,0.2.0,"{""mode"": ""medium"", ""elapsed_time"": 334.64282751083374, ""n_init_feats"": 36, ""n_added_feats"": 14, ""initial_metric"": null, ""final_metric"": 0.029024648426202844, ""pct_gain"": -0.03646424850027699}"
ionosphere,ionosphere,pmlb,pmlb,classification,tabularaml,0,1200,280,71,33,42,9,0.24783708476527055,binary_crossentropy,False,0.2538662343482736,0.0237493166370908,"{""accuracy"": 0.9436619716980759, ""binary_crossentropy"": 0.24783708476527055, ""binary_roc_auc"": 0.9565217391304348, ""f1"": 0.9574468033091897, ""precision"": 0.9374999998046875, ""recall"": 0.978260869352552}","{""accuracy"": 0.015151515151515116, ""binary_crossentropy"": 0.0237493166370908, ""binary_roc_auc"": -0.004524886877827913, ""f1"": 0.010638297923293632, ""precision"": 0.02083333332899305, ""recall"": 0.0}",149.49152302742004,0.026412248611450195,149.88068175315857,503.21875,117,ok,,0.2.0,"{""mode"": ""medium"", ""elapsed_time"": 149.05100202560425, ""n_init_feats"": 33, ""n_added_feats"": 9, ""initial_metric"": null, ""final_metric"": 0.20149113654545941, ""pct_gain"": 0.3482743362610699}"
ionosphere,ionosphere,pmlb,pmlb,classification,tabularaml,2,1200,280,71,33,43,10,0.17750591753234327,binary_crossentropy,False,0.1739506136075082,-0.020438582256783844,"{""accuracy"": 0.9295774646578061, ""binary_crossentropy"": 0.17750591753234327, ""binary_roc_auc"": 0.988695652173913, ""f1"": 0.9462365539368713, ""precision"": 0.9361702125667722, ""recall"": 0.9565217389224953}","{""accuracy"": 0.0, ""binary_crossentropy"": -0.020438582256783844, ""binary_roc_auc"": 0.008873114463176525, ""f1"": 0.0, ""precision"": 0.0, ""recall"": 0.0}",163.23393368721008,0.023164033889770508,163.54606294631958,502.19140625,55,ok,,0.2.0,"{""mode"": ""medium"", ""elapsed_time"": 157.29370641708374, ""n_init_feats"": 33, ""n_added_feats"": 10, ""initial_metric"": null, ""final_metric"": 0.2150101693633455, ""pct_gain"": 0.37324904223806704}"
ionosphere,ionosphere,pmlb,pmlb,classification,tabularaml,1,1200,280,71,33,43,10,0.1524555177659839,binary_crossentropy,False,0.18626645987469728,0.18151921785305972,"{""accuracy"": 0.9577464787383456, ""binary_crossentropy"": 0.1524555177659839, ""binary_roc_auc"": 0.9721739130434783, ""f1"": 0.968421047432687, ""precision"": 0.9387755100124948, ""recall"": 0.9999999997826087}","{""accuracy"": 0.0, ""binary_crossentropy"": 0.18151921785305972, ""binary_roc_auc"": 0.0017921146953405829, ""f1"": 0.0, ""precision"": 0.0, ""recall"": 0.0}",184.42146062850952,0.02997446060180664,185.13113284111023,504.82421875,786,ok,,0.2.0,"{""mode"": ""medium"", ""elapsed_time"": 177.43556785583496, ""n_init_feats"": 33, ""n_added_feats"": 10, ""initial_metric"": null, ""final_metric"": 0.23525330747434087, ""pct_gain"": 0.1912200160627148}"
sonar,sonar,pmlb,pmlb,classification,tabularaml,0,1200,166,42,60,66,6,0.4030464931635097,binary_crossentropy,False,0.3194321178432022,-0.26175944950329266,"{""accuracy"": 0.8333333331349206, ""binary_crossentropy"": 0.4030464931635097, ""binary_roc_auc"": 0.9227272727272727, ""f1"": 0.7878787826262627, ""precision"": 0.9999999992307692, ""recall"": 0.649999999675}","{""accuracy"": 0.0, ""binary_crossentropy"": -0.26175944950329266, ""binary_roc_auc"": -0.028708133971291818, ""f1"": 0.0, ""precision"": 0.0, ""recall"": 0.0}",142.41274571418762,0.03455638885498047,142.88468098640442,501.35546875,183,ok,,0.2.0,"{""mode"": ""medium"", ""elapsed_time"": 141.92814254760742, ""n_init_feats"": 60, ""n_added_feats"": 6, ""initial_metric"": null, ""final_metric"": 0.3037964292825726, ""pct_gain"": 0.240223012424135}"
sonar,sonar,pmlb,pmlb,classification,tabularaml,1,1200,166,42,60,71,11,0.280137652963666,binary_crossentropy,False,0.3234129250936565,0.133808109609282,"{""accuracy"": 0.9047619045464852, ""binary_crossentropy"": 0.280137652963666, ""binary_roc_auc"": 0.9886363636363636, ""f1"": 0.8888888834567902, ""precision"": 0.999999999375, ""recall"": 0.7999999996}","{""accuracy"": 0.1176470588235294, ""binary_crossentropy"": 0.133808109609282, ""binary_roc_auc"": 0.004618937644341774, ""f1"": 0.18518518609053522, ""precision"": 2.0833335074452177e-10, ""recall"": 0.3333333333333335}",258.60316491127014,0.04989767074584961,259.16455817222595,504.34375,260,ok,,0.2.0,"{""mode"": ""medium"", ""elapsed_time"": 252.94171142578125, ""n_init_feats"": 60, ""n_added_feats"": 11, ""initial_metric"": null, ""final_metric"": 0.44457920519150324, ""pct_gain"": 0.0005486354579281505}"
breast_cancer,breast-cancer,pmlb,pmlb,classification,tabularaml,0,1200,228,58,9,14,5,0.5883239980401664,binary_crossentropy,False,0.5769896864377219,-0.01964387209834116,"{""accuracy"": 0.7068965516022592, ""binary_crossentropy"": 0.5883239980401664, ""binary_roc_auc"": 0.6649928263988523, ""f1"": 0.0, ""precision"": 0.0, ""recall"": 0.0}","{""accuracy"": 0.0, ""binary_crossentropy"": -0.01964387209834116, ""binary_roc_auc"": 0.007608695652173889, ""f1"": 0.0, ""precision"": 0.0, ""recall"": 0.0}",38.95783758163452,0.030355453491210938,39.0893075466156,499.96484375,3,ok,,0.2.0,"{""mode"": ""medium"", ""elapsed_time"": 37.793450593948364, ""n_init_feats"": 9, ""n_added_feats"": 5, ""initial_metric"": null, ""final_metric"": 0.604408445423034, ""pct_gain"": 0.13152316632458635}"
sonar,sonar,pmlb,pmlb,classification,tabularaml,2,1200,166,42,60,78,18,0.5049054753142714,binary_crossentropy,False,0.5011105138636638,-0.007573102829848299,"{""accuracy"": 0.8333333331349206, ""binary_crossentropy"": 0.5049054753142714, ""binary_roc_auc"": 0.909090909090909, ""f1"": 0.799999994644898, ""precision"": 0.9333333327111111, ""recall"": 0.6999999996499999}","{""accuracy"": 0.060606060606060594, ""binary_crossentropy"": -0.007573102829848299, ""binary_roc_auc"": 0.0025062656641603254, ""f1"": 0.1000000005256237, ""precision"": 0.011111111214814787, ""recall"": 0.16666666666666663}",232.2977430820465,0.05903887748718262,233.20555925369263,506.12890625,827,ok,,0.2.0,"{""mode"": ""medium"", ""elapsed_time"": 225.59604382514954, ""n_init_feats"": 60, ""n_added_feats"": 18, ""initial_metric"": null, ""final_metric"": 0.42810576942083767, ""pct_gain"": 0.06742765649303256}"
breast_cancer,breast-cancer,pmlb,pmlb,classification,tabularaml,1,1200,228,58,9,15,6,0.5326480690775246,binary_crossentropy,False,0.5419790794237934,0.017216550786774112,"{""accuracy"": 0.7758620688317479, ""binary_crossentropy"": 0.5326480690775246, ""binary_roc_auc"": 0.7245337159253946, ""f1"": 0.4799999952640001, ""precision"": 0.7499999990624999, ""recall"": 0.3529411762629758}","{""accuracy"": 0.09756097560975616, ""binary_crossentropy"": 0.017216550786774112, ""binary_roc_auc"": 0.020202020202020273, ""f1"": 0.06285714471314323, ""precision"": 0.49999999919642846, ""recall"": -0.14285714285714285}",99.93306279182434,0.031046628952026367,100.07336354255676,502.1953125,31,ok,,0.2.0,"{""mode"": ""medium"", ""elapsed_time"": 96.71266913414001, ""n_init_feats"": 9, ""n_added_feats"": 6, ""initial_metric"": null, ""final_metric"": 0.609212082066618, ""pct_gain"": 0.03840634867005917}"
breast_cancer,breast-cancer,pmlb,pmlb,classification,tabularaml,2,1200,228,58,9,15,6,0.5349157036378466,binary_crossentropy,False,0.5214594880054737,-0.025804910912334614,"{""accuracy"": 0.7586206895243758, ""binary_crossentropy"": 0.5349157036378466, ""binary_roc_auc"": 0.697274031563845, ""f1"": 0.36363635979338843, ""precision"": 0.7999999984, ""recall"": 0.2352941175086505}","{""accuracy"": 0.02325581395348846, ""binary_crossentropy"": -0.025804910912334614, ""binary_roc_auc"": -0.018181818181818216, ""f1"": -0.09090908989834712, ""precision"": 0.27999999904000017, ""recall"": -0.20000000000000007}",49.18847441673279,0.028948068618774414,49.315829038619995,499.796875,23,ok,,0.2.0,"{""mode"": ""medium"", ""elapsed_time"": 47.97037124633789, ""n_init_feats"": 9, ""n_added_feats"": 6, ""initial_metric"": null, ""final_metric"": 0.6401820962089877, ""pct_gain"": 0.05888909258841633}"
titanic,titanic,pmlb,pmlb,classification,tabularaml,0,1200,1679,420,8,11,3,0.45499839189329316,binary_crossentropy,False,0.4545095142442733,-0.0010756158753523744,"{""accuracy"": 0.8095238095045352, ""binary_crossentropy"": 0.45499839189329316, ""binary_roc_auc"": 0.8306105012427506, ""f1"": 0.6396396348356466, ""precision"": 0.8255813952528395, ""recall"": 0.5220588234910251}","{""accuracy"": 0.002949852507374705, ""binary_crossentropy"": -0.0010756158753523744, ""binary_roc_auc"": -0.0057489075526080055, ""f1"": -0.0005630630130655742, ""precision"": 0.020510335913312767, ""recall"": -0.013888888888888801}",141.958021402359,0.014636039733886719,142.1431863307953,509.8359375,117,ok,,0.2.0,"{""mode"": ""medium"", ""elapsed_time"": 141.510103225708, ""n_init_feats"": 8, ""n_added_feats"": 3, ""initial_metric"": null, ""final_metric"": 0.5173482385161625, ""pct_gain"": 0.033612087467984726}"
titanic,titanic,pmlb,pmlb,classification,tabularaml,1,1200,1679,420,8,17,9,0.4607920759934045,binary_crossentropy,False,0.4594271385066566,-0.002970955288328267,"{""accuracy"": 0.8047619047427438, ""binary_crossentropy"": 0.4607920759934045, ""binary_roc_auc"": 0.810027444076222, ""f1"": 0.6306306258274492, ""precision"": 0.8139534882774473, ""recall"": 0.5147058823150952}","{""accuracy"": 0.0059523809523809625, ""binary_crossentropy"": -0.002970955288328267, ""binary_roc_auc"": -0.005988880063542637, ""f1"": 0.020137784956697758, ""precision"": 0.005471956227133814, ""recall"": 0.029411764705882498}",127.32004117965698,0.020110368728637695,127.51534032821655,509.0078125,68,ok,,0.2.0,"{""mode"": ""medium"", ""elapsed_time"": 126.88240623474121, ""n_init_feats"": 8, ""n_added_feats"": 9, ""initial_metric"": null, ""final_metric"": 0.5022706206845584, ""pct_gain"": 0.03836050778839873}"
nursery,nursery,pmlb,pmlb,multiclass,tabularaml,0,1200,10366,2592,8,17,9,0.0012529909981315046,categorical_crossentropy,False,0.002031699768887747,0.38327945037988864,"{""accuracy"": 0.999999999996142, ""categorical_crossentropy"": 0.0012529909981315046, ""categorical_roc_auc"": 1.0, ""f1"": 0.9999999949532068, ""precision"": 0.9999999999532065, ""recall"": 0.9999999999532065}","{""accuracy"": 0.0, ""categorical_crossentropy"": 0.38327945037988864, ""categorical_roc_auc"": 0.0, ""f1"": 0.0, ""precision"": 0.0, ""recall"": 0.0}",192.7573652267456,0.02605438232421875,201.76810956001282,571.90625,1995,ok,,0.2.0,"{""mode"": ""medium"", ""elapsed_time"": 189.48729968070984, ""n_init_feats"": 8, ""n_added_feats"": 9, ""initial_metric"": null, ""final_metric"": 0.0029511695461506295, ""pct_gain"": 0.6537518799520081}"
titanic,titanic,pmlb,pmlb,classification,tabularaml,2,1200,1679,420,8,17,9,0.4832448969750355,binary_crossentropy,False,0.47935739677133304,-0.008109815828203188,"{""accuracy"": 0.7999999999809524, ""binary_crossentropy"": 0.4832448969750355, ""binary_roc_auc"": 0.7685635874067938, ""f1"": 0.5961538415698965, ""precision"": 0.8611111109915124, ""recall"": 0.45588235290765566}","{""accuracy"": -0.0029673590504450398, ""binary_crossentropy"": -0.008109815828203188, ""binary_roc_auc"": -0.014311329525833501, ""f1"": 0.008493589633091788, ""precision"": -0.03842592591595945, ""recall"": 0.03333333333333324}",213.47449135780334,0.021854877471923828,213.7272388935089,512.61328125,103,ok,,0.2.0,"{""mode"": ""medium"", ""elapsed_time"": 212.83218622207642, ""n_init_feats"": 8, ""n_added_feats"": 9, ""initial_metric"": null, ""final_metric"": 0.4845623947557288, ""pct_gain"": 0.03107315364951409}"
nursery,nursery,pmlb,pmlb,multiclass,tabularaml,2,1200,10366,2592,8,17,9,0.0013869394548312666,categorical_crossentropy,False,0.001701841045348448,0.18503584184779492,"{""accuracy"": 0.999999999996142, ""categorical_crossentropy"": 0.0013869394548312666, ""categorical_roc_auc"": 1.0, ""f1"": 0.9999999949532068, ""precision"": 0.9999999999532065, ""recall"": 0.9999999999532065}","{""accuracy"": 0.0, ""categorical_crossentropy"": 0.18503584184779492, ""categorical_roc_auc"": 0.0, ""f1"": 0.0, ""precision"": 0.0, ""recall"": 0.0}",291.68188858032227,0.027651548385620117,301.321581363678,581.26953125,1999,ok,,0.2.0,"{""mode"": ""medium"", ""elapsed_time"": 288.24564933776855, ""n_init_feats"": 8, ""n_added_feats"": 9, ""initial_metric"": null, ""final_metric"": 0.006398676934721381, ""pct_gain"": 0.2794211588159853}"
nursery,nursery,pmlb,pmlb,multiclass,tabularaml,1,1200,10366,2592,8,11,3,0.0020503014958701987,categorical_crossentropy,False,0.0021332057209510927,0.03886368026611659,"{""accuracy"": 0.999999999996142, ""categorical_crossentropy"": 0.0020503014958701987, ""categorical_roc_auc"": 1.0, ""f1"": 0.9999999949532068, ""precision"": 0.9999999999532065, ""recall"": 0.9999999999532065}","{""accuracy"": 0.0, ""categorical_crossentropy"": 0.03886368026611659, ""categorical_roc_auc"": 0.0, ""f1"": 0.0, ""precision"": 0.0, ""recall"": 0.0}",430.6259276866913,0.011585235595703125,439.07852363586426,581.12109375,1999,ok,,0.2.0,"{""mode"": ""medium"", ""elapsed_time"": 427.55706334114075, ""n_init_feats"": 8, ""n_added_feats"": 3, ""initial_metric"": null, ""final_metric"": 0.006737894807604625, ""pct_gain"": 0.27139303976379725}"
waveform_21,waveform-21,pmlb,pmlb,multiclass,tabularaml,0,1200,4000,1000,21,33,12,0.3347781064917799,categorical_crossentropy,False,0.3320010307165794,-0.008364660101224957,"{""accuracy"": 0.89866666665768, ""categorical_crossentropy"": 0.3347781064917799, ""categorical_roc_auc"": 0.9651085450631259, ""f1"": 0.8471109388633676, ""precision"": 0.8483929815139337, ""recall"": 0.8478800930306151}","{""accuracy"": -0.000741289844329057, ""categorical_crossentropy"": -0.008364660101224957, ""categorical_roc_auc"": 2.513875883352628e-05, ""f1"": -0.001464692709371967, ""precision"": -0.0010213154205358167, ""recall"": -0.0012207617513018015}",1034.2584297657013,0.030781030654907227,1038.032904624939,538.421875,182,ok,,0.2.0,"{""mode"": ""medium"", ""elapsed_time"": 905.1687955856323, ""n_init_feats"": 21, ""n_added_feats"": 12, ""initial_metric"": null, ""final_metric"": 0.3843882308812434, ""pct_gain"": 0.015535789696273094}"
waveform_21,waveform-21,pmlb,pmlb,multiclass,tabularaml,1,1200,4000,1000,21,24,3,0.3116340593697387,categorical_crossentropy,False,0.31226422857900615,0.0020180640354968194,"{""accuracy"": 0.9033333333243, ""categorical_crossentropy"": 0.3116340593697387, ""categorical_roc_auc"": 0.9699989534807357, ""f1"": 0.8547506431913477, ""precision"": 0.8550372687462463, ""recall"": 0.8548556960818967}","{""accuracy"": 0.002218934911242623, ""categorical_crossentropy"": 0.0020180640354968194, ""categorical_roc_auc"": -3.629236983767074e-05, ""f1"": 0.003511114346960683, ""precision"": 0.0034868883396483048, ""recall"": 0.0035222786366758195}",920.9851713180542,0.013115882873535156,924.0802602767944,543.14453125,202,ok,,0.2.0,"{""mode"": ""medium"", ""elapsed_time"": 917.1161670684814, ""n_init_feats"": 21, ""n_added_feats"": 3, ""initial_metric"": null, ""final_metric"": 0.39506252980849005, ""pct_gain"": 0.041185791423021444}"
car_evaluation,car-evaluation,pmlb,pmlb,multiclass,tabularaml,0,1200,1382,346,6,13,7,0.01669108102953179,categorical_crossentropy,False,0.034077848049719084,0.5102073051919316,"{""accuracy"": 0.9971098265607771, ""categorical_crossentropy"": 0.01669108102953179, ""categorical_roc_auc"": 1.0, ""f1"": 0.9957575219839087, ""precision"": 0.9936708856638092, ""recall"": 0.9979338838839288}","{""accuracy"": 0.004366812227074172, ""categorical_crossentropy"": 0.5102073051919316, ""categorical_roc_auc"": 0.00018138930115448013, ""f1"": 0.052232483708326005, ""precision"": 0.04384373213187329, ""recall"": 0.05981071792424198}",141.58962774276733,0.020711898803710938,142.8665657043457,537.515625,1115,ok,,0.2.0,"{""mode"": ""medium"", ""elapsed_time"": 140.03465270996094, ""n_init_feats"": 6, ""n_added_feats"": 7, ""initial_metric"": null, ""final_metric"": 0.008944343208197928, ""pct_gain"": 0.5771670336861866}"
car_evaluation,car-evaluation,pmlb,pmlb,multiclass,tabularaml,1,1200,1382,346,6,13,7,0.02758708765329327,categorical_crossentropy,False,0.031476810287224544,0.12357423126542116,"{""accuracy"": 0.994219653150456, ""categorical_crossentropy"": 0.02758708765329327, ""categorical_roc_auc"": 0.999810075313657, ""f1"": 0.9746162873980748, ""precision"": 0.9746162923980748, ""recall"": 0.9746162923980748}","{""accuracy"": 0.0014556040756913905, ""categorical_crossentropy"": 0.12357423126542116, ""categorical_roc_auc"": 3.408031181357401e-05, ""f1"": 0.002251853472891159, ""precision"": 0.0011402044311845997, ""recall"": 0.003342449104556921}",245.4777364730835,0.024429798126220703,246.1139326095581,523.20703125,439,ok,,0.2.0,"{""mode"": ""medium"", ""elapsed_time"": 243.9487588405609, ""n_init_feats"": 6, ""n_added_feats"": 7, ""initial_metric"": null, ""final_metric"": 0.010287294232762458, ""pct_gain"": 0.5255220281782882}"
car_evaluation,car-evaluation,pmlb,pmlb,multiclass,tabularaml,2,1200,1382,346,6,11,5,0.03290955100103041,categorical_crossentropy,False,0.04835759497447825,0.31945434800057526,"{""accuracy"": 0.9971098265607772, ""categorical_crossentropy"": 0.03290955100103041, ""categorical_roc_auc"": 0.9998979345664413, ""f1"": 0.9788960984956033, ""precision"": 0.9788961034956034, ""recall"": 0.9788961034956034}","{""accuracy"": 0.004366812227074283, ""categorical_crossentropy"": 0.31945434800057526, ""categorical_roc_auc"": 0.0003898216946293165, ""f1"": 0.027109572558043145, ""precision"": 0.01265114199065524, ""recall"": 0.039003759386896736}",306.0119836330414,0.01309347152709961,306.3705987930298,518.6875,226,ok,,0.2.0,"{""mode"": ""medium"", ""elapsed_time"": 304.56227445602417, ""n_init_feats"": 6, ""n_added_feats"": 5, ""initial_metric"": null, ""final_metric"": 0.01571183606570994, ""pct_gain"": 0.6556436142263514}"
waveform_21,waveform-21,pmlb,pmlb,multiclass,tabularaml,2,1200,4000,1000,21,28,7,0.31060042681155026,categorical_crossentropy,False,0.31059804021776655,-7.683866202235104e-06,"{""accuracy"": 0.899999999991, ""categorical_crossentropy"": 0.31060042681155026, ""categorical_roc_auc"": 0.9697853990233783, ""f1"": 0.8497781791116717, ""precision"": 0.8499927258158092, ""recall"": 0.8499161217695147}","{""accuracy"": -0.011713030746705612, ""categorical_crossentropy"": -7.683866202235104e-06, ""categorical_roc_auc"": -4.509291221240154e-05, ""f1"": -0.0182388069325728, ""precision"": -0.019198418720827375, ""recall"": -0.018367253321188118}",956.3934831619263,0.02470231056213379,959.6374945640564,544.78515625,199,ok,,0.2.0,"{""mode"": ""medium"", ""elapsed_time"": 904.5268030166626, ""n_init_feats"": 21, ""n_added_feats"": 7, ""initial_metric"": null, ""final_metric"": 0.4025210008934771, ""pct_gain"": 0.007685881347885585}"
letter,letter,pmlb,pmlb,multiclass,tabularaml,0,1200,16000,4000,16,17,1,0.11775602661504243,categorical_crossentropy,False,0.11683050455011758,-0.007921921320880949,"{""accuracy"": 0.9970769230744303, ""categorical_crossentropy"": 0.11775602661504243, ""categorical_roc_auc"": 0.9996761912516577, ""f1"": 0.9617933662634249, ""precision"": 0.9622900180416036, ""recall"": 0.9617590745895672}","{""accuracy"": 9.644503597386057e-05, ""categorical_crossentropy"": -0.007921921320880949, ""categorical_roc_auc"": 4.6992436924425564e-06, ""f1"": 0.0013320216360665701, ""precision"": 0.0013491401266633855, ""recall"": 0.0013398274024344324}",1010.3252921104431,0.009900331497192383,1057.5133864879608,804.5703125,1177,ok,,0.2.0,"{""mode"": ""medium"", ""elapsed_time"": 941.9014132022858, ""n_init_feats"": 16, ""n_added_feats"": 1, ""initial_metric"": null, ""final_metric"": 0.15603063880195875, ""pct_gain"": -0.0003453963448109081}"
letter,letter,pmlb,pmlb,multiclass,tabularaml,1,1200,16000,4000,16,17,1,0.11680543039467078,categorical_crossentropy,False,0.11556069835297948,-0.010771240217753572,"{""accuracy"": 0.997249999997507, ""categorical_crossentropy"": 0.11680543039467078, ""categorical_roc_auc"": 0.9995536659543356, ""f1"": 0.964165714392415, ""precision"": 0.9645492790538446, ""recall"": 0.9641104987534617}","{""accuracy"": 0.00015429420046680892, ""categorical_crossentropy"": -0.010771240217753572, ""categorical_roc_auc"": -1.960498666464993e-05, ""f1"": 0.002108223777353587, ""precision"": 0.002117569486119395, ""recall"": 0.002099111165014695}",991.7819275856018,0.011000394821166992,1048.9609718322754,833.29296875,1372,ok,,0.2.0,"{""mode"": ""medium"", ""elapsed_time"": 922.7379410266876, ""n_init_feats"": 16, ""n_added_feats"": 1, ""initial_metric"": null, ""final_metric"": 0.14815954447636598, ""pct_gain"": 0.006727956347444693}"
satimage,satimage,pmlb,pmlb,multiclass,tabularaml,0,1200,5148,1287,36,38,2,0.24807984731383415,categorical_crossentropy,False,0.24759418885024737,-0.0019615099443247488,"{""accuracy"": 0.9725459725384159, ""categorical_crossentropy"": 0.24807984731383415, ""categorical_roc_auc"": 0.9891075324005162, ""f1"": 0.903036939881265, ""precision"": 0.9099773011635058, ""recall"": 0.8977186311522513}","{""accuracy"": 0.0, ""categorical_crossentropy"": -0.0019615099443247488, ""categorical_roc_auc"": -8.95271948501286e-05, ""f1"": 0.0002205879220891414, ""precision"": 0.001621483939701749, ""recall"": -0.0007114592302062784}",924.1930265426636,0.012169837951660156,927.7591741085052,428.12109375,340,ok,,0.2.0,"{""mode"": ""medium"", ""elapsed_time"": 918.468756198883, ""n_init_feats"": 36, ""n_added_feats"": 2, ""initial_metric"": null, ""final_metric"": 0.3520870187920238, ""pct_gain"": 0.047262856004931325}"
letter,letter,pmlb,pmlb,multiclass,tabularaml,2,1200,16000,4000,16,19,3,0.12407400973481152,categorical_crossentropy,False,0.1198477487991486,-0.03526358215326729,"{""accuracy"": 0.9969230769205848, ""categorical_crossentropy"": 0.12407400973481152, ""categorical_roc_auc"": 0.9995839160000575, ""f1"": 0.9599206071525621, ""precision"": 0.9603099835856125, ""recall"": 0.9598822798832806}","{""accuracy"": -9.644131545929368e-05, ""categorical_crossentropy"": -0.03526358215326729, ""categorical_roc_auc"": -4.757866191658396e-05, ""f1"": -0.001306208961111481, ""precision"": -0.001293698994151205, ""recall"": -0.0012789409190131105}",984.8387544155121,0.013705253601074219,1030.2322590351105,642.296875,1016,ok,,0.2.0,"{""mode"": ""medium"", ""elapsed_time"": 929.3395478725433, ""n_init_feats"": 16, ""n_added_feats"": 3, ""initial_metric"": null, ""final_metric"": 0.15006075129169344, ""pct_gain"": 0.008632119338975381}"
satimage,satimage,pmlb,pmlb,multiclass,tabularaml,1,1200,5148,1287,36,38,2,0.21662980542246404,categorical_crossentropy,False,0.22027221451282222,0.016535944392324392,"{""accuracy"": 0.9753949753873967, ""categorical_crossentropy"": 0.21662980542246404, ""categorical_roc_auc"": 0.9913428298564083, ""f1"": 0.9081821137134986, ""precision"": 0.91678735576826, ""recall"": 0.9019238417029957}","{""accuracy"": 0.0005313496280554356, ""categorical_crossentropy"": 0.016535944392324392, ""categorical_roc_auc"": 0.0002699038019133877, ""f1"": 0.0012638089950986833, ""precision"": -0.0015946231084730182, ""recall"": 0.0023557653974894733}",926.4773819446564,0.01579880714416504,929.6180770397186,420.56640625,273,ok,,0.2.0,"{""mode"": ""medium"", ""elapsed_time"": 920.3060891628265, ""n_init_feats"": 36, ""n_added_feats"": 2, ""initial_metric"": null, ""final_metric"": 0.3374936948755527, ""pct_gain"": 0.023794311024522875}"
satimage,satimage,pmlb,pmlb,multiclass,tabularaml,2,1200,5148,1287,36,38,2,0.23237518210103292,categorical_crossentropy,False,0.2254584661383874,-0.030678448590171804,"{""accuracy"": 0.971509971502423, ""categorical_crossentropy"": 0.23237518210103292, ""categorical_roc_auc"": 0.9907772675018881, ""f1"": 0.8963608000382641, ""precision"": 0.9086676048825993, ""recall"": 0.8881200894161814}","{""accuracy"": -0.0005329070077270989, ""categorical_crossentropy"": -0.030678448590171804, ""categorical_roc_auc"": -0.000512166720203588, ""f1"": 0.0011342642410739892, ""precision"": 0.0007882115174809963, ""recall"": 0.000729237945741796}",915.1322345733643,0.01431584358215332,918.2011754512787,427.1640625,270,ok,,0.2.0,"{""mode"": ""medium"", ""elapsed_time"": 907.6191120147705, ""n_init_feats"": 36, ""n_added_feats"": 2, ""initial_metric"": null, ""final_metric"": 0.3385355774710387, ""pct_gain"": 0.024787501996417705}"
shuttle,shuttle,pmlb,pmlb,multiclass,tabularaml,0,1200,46400,11600,9,17,8,0.0003985386846264403,categorical_crossentropy,False,0.0006018560613656156,0.3378172785663182,"{""accuracy"": 0.9999753694572658, ""categorical_crossentropy"": 0.0003985386846264403, ""categorical_roc_auc"": 1.0, ""f1"": 0.9978277028363145, ""precision"": 0.9999198318733976, ""recall"": 0.9957983179504701}","{""accuracy"": 2.4631755258830453e-05, ""categorical_crossentropy"": 0.3378172785663182, ""categorical_roc_auc"": 1.6338071274137316e-08, ""f1"": -0.0018735787141189197, ""precision"": 8.008965608890757e-05, ""recall"": -0.0037657873431937595}",331.09847593307495,0.02643442153930664,368.310604095459,484.55859375,1999,ok,,0.2.0,"{""mode"": ""medium"", ""elapsed_time"": 324.17729139328003, ""n_init_feats"": 9, ""n_added_feats"": 8, ""initial_metric"": null, ""final_metric"": 1.778111979639346, ""pct_gain"": 0.6803065365887758}"
shuttle,shuttle,pmlb,pmlb,multiclass,tabularaml,2,1200,46400,11600,9,15,6,0.00014774448547529636,categorical_crossentropy,False,0.0001825531106259922,0.19067670242009968,"{""accuracy"": 0.9999999999991378, ""categorical_crossentropy"": 0.00014774448547529636, ""categorical_roc_auc"": 1.0, ""f1"": 0.9999999936215033, ""precision"": 0.9999999986215032, ""recall"": 0.9999999986215032}","{""accuracy"": 2.463114855051864e-05, ""categorical_crossentropy"": 0.19067670242009968, ""categorical_roc_auc"": 0.0, ""f1"": 0.007616463685474896, ""precision"": 8.017319004112234e-05, ""recall"": 0.014492753628753345}",376.6943986415863,0.022006511688232422,388.0943748950958,448.1171875,466,ok,,0.2.0,"{""mode"": ""medium"", ""elapsed_time"": 370.5757577419281, ""n_init_feats"": 9, ""n_added_feats"": 6, ""initial_metric"": null, ""final_metric"": 1.2676394394768267, ""pct_gain"": 0.451363482584376}"
shuttle,shuttle,pmlb,pmlb,multiclass,tabularaml,1,1200,,,,,,,,,,,,,,,1380,,,timeout,wall-clock exceeded 1380s,,
pendigits,pendigits,pmlb,pmlb,multiclass,tabularaml,0,1200,8793,2199,16,27,11,0.03527425167358665,categorical_crossentropy,False,0.035184880668169986,-0.0025400400319536805,"{""accuracy"": 0.9979081400591273, ""categorical_crossentropy"": 0.03527425167358665, ""categorical_roc_auc"": 0.9996343127511687, ""f1"": 0.9896220887197856, ""precision"": 0.989748710927209, ""recall"": 0.9896153141878518}","{""accuracy"": -0.000273348519362147, ""categorical_crossentropy"": -0.0025400400319536805, ""categorical_roc_auc"": -2.0552715900598835e-05, ""f1"": -0.0013400260364470253, ""precision"": -0.0013336313993949174, ""recall"": -0.0013259012051476467}",1212.2124338150024,0.025905132293701172,1223.3521692752838,469.21484375,895,ok,,0.2.0,"{""mode"": ""medium"", ""elapsed_time"": 924.9874234199524, ""n_init_feats"": 16, ""n_added_feats"": 11, ""initial_metric"": null, ""final_metric"": 0.04387988315875234, ""pct_gain"": 0.09120552444428204}"
pendigits,pendigits,pmlb,pmlb,multiclass,tabularaml,1,1200,8793,2199,16,18,2,0.03800911793919843,categorical_crossentropy,False,0.0341939279514678,-0.11157507242647331,"{""accuracy"": 0.9981809913551697, ""categorical_crossentropy"": 0.03800911793919843, ""categorical_roc_auc"": 0.9998611352669675, ""f1"": 0.99104767742164, ""precision"": 0.9911018386497282, ""recall"": 0.9910428609412133}","{""accuracy"": 0.00018226556092223718, ""categorical_crossentropy"": -0.11157507242647331, ""categorical_roc_auc"": -2.99558496638985e-05, ""f1"": 0.0009238285675565875, ""precision"": 0.0009532527834567695, ""recall"": 0.0008839692681560368}",917.7709429264069,0.010009288787841797,921.3845825195312,435.21875,244,ok,,0.2.0,"{""mode"": ""medium"", ""elapsed_time"": 909.4711127281189, ""n_init_feats"": 16, ""n_added_feats"": 2, ""initial_metric"": null, ""final_metric"": 0.04527314930252023, ""pct_gain"": 0.05530180551005058}"
pendigits,pendigits,pmlb,pmlb,multiclass,tabularaml,2,1200,8793,2199,16,23,7,0.04639204277223406,categorical_crossentropy,False,0.04000493750683796,-0.1596579238326362,"{""accuracy"": 0.9975443383310708, ""categorical_crossentropy"": 0.04639204277223406, ""categorical_roc_auc"": 0.9991170020935201, ""f1"": 0.9876839761320511, ""precision"": 0.9878794182010839, ""recall"": 0.9875371479949349}","{""accuracy"": -0.0002734481815695527, ""categorical_crossentropy"": -0.1596579238326362, ""categorical_roc_auc"": -0.0001875924805775454, ""f1"": -0.0014244721823083307, ""precision"": -0.001384647869340502, ""recall"": -0.0014733534119823796}",962.844747543335,0.020537853240966797,968.6021239757538,445.06640625,393,ok,,0.2.0,"{""mode"": ""medium"", ""elapsed_time"": 953.5808396339417, ""n_init_feats"": 16, ""n_added_feats"": 7, ""initial_metric"": null, ""final_metric"": 0.04897226067072803, ""pct_gain"": 0.07506075014075668}"
optdigits,optdigits,pmlb,pmlb,multiclass,tabularaml,0,1200,4496,1124,62,66,4,0.08573663732365014,categorical_crossentropy,False,0.08450806592744839,-0.014537918750341525,"{""accuracy"": 0.9953736654715716, ""categorical_crossentropy"": 0.08573663732365014, ""categorical_roc_auc"": 0.9993241701562591, ""f1"": 0.9768565571009511, ""precision"": 0.9772187045955818, ""recall"": 0.9768471007733426}","{""accuracy"": -0.0007145409074667758, ""categorical_crossentropy"": -0.014537918750341525, ""categorical_roc_auc"": 4.60021358808164e-05, ""f1"": -0.0035960455838629905, ""precision"": -0.0033747595233221094, ""recall"": -0.0036190954895397674}",914.9788153171539,0.02003312110900879,925.8734836578369,485.5703125,1589,ok,,0.2.0,"{""mode"": ""medium"", ""elapsed_time"": 907.8589560985565, ""n_init_feats"": 62, ""n_added_feats"": 4, ""initial_metric"": null, ""final_metric"": 0.07172150647915769, ""pct_gain"": 0.08201968114893604}"
optdigits,optdigits,pmlb,pmlb,multiclass,tabularaml,2,1200,4496,1124,62,67,5,0.06803198639915642,categorical_crossentropy,False,0.06739968229105452,-0.0093814108109798,"{""accuracy"": 0.9960854092438073, ""categorical_crossentropy"": 0.06803198639915642, ""categorical_roc_auc"": 0.9996654354001425, ""f1"": 0.9804935719769048, ""precision"": 0.9807583789791743, ""recall"": 0.9804110475629848}","{""accuracy"": -0.00017860332202180112, ""categorical_crossentropy"": -0.0093814108109798, ""categorical_roc_auc"": -2.201502261879201e-05, ""f1"": -0.0009153349096644403, ""precision"": -0.0008661319380953022, ""recall"": -0.0009177715321058165}",917.3508267402649,0.01947307586669922,927.9935629367828,483.51953125,1533,ok,,0.2.0,"{""mode"": ""medium"", ""elapsed_time"": 908.0308396816254, ""n_init_feats"": 62, ""n_added_feats"": 5, ""initial_metric"": null, ""final_metric"": 0.08560564863185878, ""pct_gain"": 0.10039836637444075}"
optdigits,optdigits,pmlb,pmlb,multiclass,tabularaml,1,1200,4496,1124,62,69,7,0.05689686413720956,categorical_crossentropy,False,0.056064235516018815,-0.014851332824342995,"{""accuracy"": 0.9969750889591019, ""categorical_crossentropy"": 0.05689686413720956, ""categorical_roc_auc"": 0.9996871705749337, ""f1"": 0.9848504294880895, ""precision"": 0.9849892691260834, ""recall"": 0.9848284831630763}","{""accuracy"": -0.00017844396859365038, ""categorical_crossentropy"": -0.014851332824342995, ""categorical_roc_auc"": 2.551540744828353e-06, ""f1"": -0.0008903821007316129, ""precision"": -0.0008115296318486455, ""recall"": -0.0009057906187772065}",931.787885427475,0.025427579879760742,939.7476317882538,454.8984375,948,ok,,0.2.0,"{""mode"": ""medium"", ""elapsed_time"": 924.804416179657, ""n_init_feats"": 62, ""n_added_feats"": 7, ""initial_metric"": null, ""final_metric"": 0.09545903086993805, ""pct_gain"": 0.06805249140575494}"
vehicle,vehicle,pmlb,pmlb,multiclass,tabularaml,1,1200,676,170,18,28,10,0.5255356320508701,categorical_crossentropy,False,0.5372674297253766,0.021836048540115647,"{""accuracy"": 0.8823529411245674, ""categorical_crossentropy"": 0.5255356320508701, ""categorical_roc_auc"": 0.9335791812354313, ""f1"": 0.7556225484420909, ""precision"": 0.7567216278620723, ""recall"": 0.7664772725461808}","{""accuracy"": 0.003344481605351075, ""categorical_crossentropy"": 0.021836048540115647, ""categorical_roc_auc"": 0.006097628502525299, ""f1"": 0.005538613314712212, ""precision"": 0.007565973113760473, ""recall"": 0.007826674730499087}",415.08167457580566,0.026389122009277344,415.88083839416504,378.953125,130,ok,,0.2.0,"{""mode"": ""medium"", ""elapsed_time"": 394.24145436286926, ""n_init_feats"": 18, ""n_added_feats"": 10, ""initial_metric"": null, ""final_metric"": 0.5273716595644194, ""pct_gain"": 0.26745016553168854}"
vehicle,vehicle,pmlb,pmlb,multiclass,tabularaml,0,1200,676,170,18,22,4,0.5488877589115873,categorical_crossentropy,False,0.5225126170114998,-0.05047752157821486,"{""accuracy"": 0.8735294117133218, ""categorical_crossentropy"": 0.5488877589115873, ""categorical_roc_auc"": 0.9268566719738595, ""f1"": 0.7426755835867632, ""precision"": 0.7379473211526505, ""recall"": 0.7494047617275632}","{""accuracy"": -0.006688963210702403, ""categorical_crossentropy"": -0.05047752157821486, ""categorical_roc_auc"": -0.004027763914501073, ""f1"": -0.018811101772173978, ""precision"": -0.02112081966364519, ""recall"": -0.015252248729050994}",455.179634809494,0.01264333724975586,455.8571705818176,380.80859375,188,ok,,0.2.0,"{""mode"": ""medium"", ""elapsed_time"": 454.2752151489258, ""n_init_feats"": 18, ""n_added_feats"": 4, ""initial_metric"": null, ""final_metric"": 0.6022096930094947, ""pct_gain"": 0.14737959188080516}"
vehicle,vehicle,pmlb,pmlb,multiclass,tabularaml,2,1200,676,170,18,39,21,0.48978163100820143,categorical_crossentropy,False,0.5285705975174685,0.07338464661380475,"{""accuracy"": 0.9058823528878892, ""categorical_crossentropy"": 0.48978163100820143, ""categorical_roc_auc"": 0.9404172043234543, ""f1"": 0.8133402482627974, ""precision"": 0.8148936168280534, ""recall"": 0.8124188309771956}","{""accuracy"": 0.04761904761904768, ""categorical_crossentropy"": 0.07338464661380475, ""categorical_roc_auc"": 0.01739028884250143, ""f1"": 0.11267623596821952, ""precision"": 0.11454234531161057, ""recall"": 0.11104121956679855}",489.15854048728943,0.04743313789367676,490.78190207481384,378.5234375,215,ok,,0.2.0,"{""mode"": ""medium"", ""elapsed_time"": 466.8010685443878, ""n_init_feats"": 18, ""n_added_feats"": 21, ""initial_metric"": null, ""final_metric"": 0.5076396611007605, ""pct_gain"": 0.29429380025810664}"
mfeat_factors,mfeat-factors,pmlb,pmlb,multiclass,tabularaml,0,1200,1600,400,216,217,1,0.1104486187859584,categorical_crossentropy,False,0.11116926931259513,0.006482461664926047,"{""accuracy"": 0.99399999997515, ""categorical_crossentropy"": 0.1104486187859584, ""categorical_roc_auc"": 0.9983263888888889, ""f1"": 0.9697640381127142, ""precision"": 0.970231908065263, ""recall"": 0.9699999997575001}","{""accuracy"": 0.0005032712632108812, ""categorical_crossentropy"": 0.006482461664926047, ""categorical_roc_auc"": -0.0001251938766284316, ""f1"": 0.0027222557299258253, ""precision"": 0.0027307521129585777, ""recall"": 0.002583979328165492}",973.7485220432281,0.03282761573791504,985.335916519165,433.125,364,ok,,0.2.0,"{""mode"": ""medium"", ""elapsed_time"": 953.522766828537, ""n_init_feats"": 216, ""n_added_feats"": 1, ""initial_metric"": null, ""final_metric"": 0.14369866367067802, ""pct_gain"": 0.0064798946475088}"
mfeat_factors,mfeat-factors,pmlb,pmlb,multiclass,tabularaml,1,1200,1600,400,216,217,1,0.14020696903724456,categorical_crossentropy,False,0.14123844446359726,0.007303078352852853,"{""accuracy"": 0.9924999999751876, ""categorical_crossentropy"": 0.14020696903724456, ""categorical_roc_auc"": 0.998576388888889, ""f1"": 0.9624414880437906, ""precision"": 0.963577012176698, ""recall"": 0.9624999997593751}","{""accuracy"": 0.0, ""categorical_crossentropy"": 0.007303078352852853, ""categorical_roc_auc"": -4.867804342068893e-05, ""f1"": 2.9506590409106697e-05, ""precision"": 0.00026318279517323405, ""recall"": 2.306956934862779e-16}",951.6733181476593,0.03383684158325195,963.0971057415009,430.0234375,398,ok,,0.2.0,"{""mode"": ""medium"", ""elapsed_time"": 931.0036473274231, ""n_init_feats"": 216, ""n_added_feats"": 1, ""initial_metric"": null, ""final_metric"": 0.15495082166254948, ""pct_gain"": 0.03419598609901835}"
monk1,monk1,pmlb,pmlb,classification,tabularaml,0,1200,444,112,6,13,7,0.006382345756199876,binary_crossentropy,False,0.022066819162059152,0.7107718285391381,"{""accuracy"": 0.9999999999107143, ""binary_crossentropy"": 0.006382345756199876, ""binary_roc_auc"": 1.0, ""f1"": 0.9999999948214284, ""precision"": 0.9999999998214285, ""recall"": 0.9999999998214285}","{""accuracy"": 0.0, ""binary_crossentropy"": 0.7107718285391381, ""binary_roc_auc"": 0.0, ""f1"": 0.0, ""precision"": 0.0, ""recall"": 0.0}",28.26689100265503,0.016033172607421875,28.482956409454346,363.6953125,547,ok,,0.2.0,"{""mode"": ""medium"", ""elapsed_time"": 28.079367876052856, ""n_init_feats"": 6, ""n_added_feats"": 7, ""initial_metric"": null, ""final_metric"": 2.1901956847359503e-05, ""pct_gain"": 0.9996329560851732}"
monk1,monk1,pmlb,pmlb,classification,tabularaml,1,1200,444,112,6,13,7,0.006072530957940866,binary_crossentropy,False,0.018236226318484632,0.6670072606093062,"{""accuracy"": 0.9999999999107143, ""binary_crossentropy"": 0.006072530957940866, ""binary_roc_auc"": 1.0, ""f1"": 0.9999999948214284, ""precision"": 0.9999999998214285, ""recall"": 0.9999999998214285}","{""accuracy"": 0.0, ""binary_crossentropy"": 0.6670072606093062, ""binary_roc_auc"": 0.0, ""f1"": 0.0, ""precision"": 0.0, ""recall"": 0.0}",17.659178495407104,0.016438722610473633,18.061731338500977,368.390625,1403,ok,,0.2.0,"{""mode"": ""medium"", ""elapsed_time"": 17.467175722122192, ""n_init_feats"": 6, ""n_added_feats"": 7, ""initial_metric"": null, ""final_metric"": 3.4671184146630914e-05, ""pct_gain"": 0.9993844232047012}"
monk1,monk1,pmlb,pmlb,classification,tabularaml,2,1200,444,112,6,9,3,0.0067500137832082275,binary_crossentropy,False,0.0193182694292448,0.6505891064450227,"{""accuracy"": 0.9999999999107143, ""binary_crossentropy"": 0.0067500137832082275, ""binary_roc_auc"": 0.9999999999999999, ""f1"": 0.9999999948214284, ""precision"": 0.9999999998214285, ""recall"": 0.9999999998214285}","{""accuracy"": 0.0, ""binary_crossentropy"": 0.6505891064450227, ""binary_roc_auc"": -1.1102230246251565e-16, ""f1"": 0.0, ""precision"": 0.0, ""recall"": 0.0}",35.52565598487854,0.009577274322509766,35.68188214302063,362.375,356,ok,,0.2.0,"{""mode"": ""medium"", ""elapsed_time"": 35.335585594177246, ""n_init_feats"": 6, ""n_added_feats"": 3, ""initial_metric"": null, ""final_metric"": 2.1901956847359503e-05, ""pct_gain"": 0.9996707342754058}"
529_pollen,pollen,pmlb,pmlb,regression,tabularaml,0,1200,3078,770,4,8,4,1.540372854459967,rmse,False,1.5986108050893144,0.03643034967857207,"{""mae"": 1.2170211496764443, ""mse"": 2.372748530757147, ""pearson"": 0.873857346843888, ""r2"": 0.7614350399014759, ""rmse"": 1.540372854459967, ""rmsle"": null}","{""mae"": 0.03370955018647473, ""mse"": 0.07153352897944086, ""pearson"": 0.01050336890354998, ""r2"": 0.024735985088479392, ""rmse"": 0.03643034967857207, ""rmsle"": null}",16.969189167022705,0.013517141342163086,17.412630796432495,370.046875,145,ok,,0.2.0,"{""mode"": ""medium"", ""elapsed_time"": 16.074232578277588, ""n_init_feats"": 4, ""n_added_feats"": 4, ""initial_metric"": null, ""final_metric"": 1.544037547868906, ""pct_gain"": 0.02237434511763071}"
529_pollen,pollen,pmlb,pmlb,regression,tabularaml,1,1200,3078,770,4,8,4,1.5003860997382303,rmse,False,1.585127263915552,0.05346016443373489,"{""mae"": 1.1673039806668053, ""mse"": 2.2511584482876987, ""pearson"": 0.8833278106670948, ""r2"": 0.7792510188949929, ""rmse"": 1.5003860997382303, ""rmsle"": null}","{""mae"": 0.05827320809729276, ""mse"": 0.10406233968618799, ""pearson"": 0.015110473482960114, ""r2"": 0.034022572007646176, ""rmse"": 0.05346016443373489, ""rmsle"": null}",40.10834360122681,0.012411832809448242,40.51391315460205,373.02734375,115,ok,,0.2.0,"{""mode"": ""medium"", ""elapsed_time"": 39.508960008621216, ""n_init_feats"": 4, ""n_added_feats"": 4, ""initial_metric"": null, ""final_metric"": 1.5541591536431556, ""pct_gain"": 0.023358611120803247}"
529_pollen,pollen,pmlb,pmlb,regression,tabularaml,2,1200,3078,770,4,8,4,1.4987595774807125,rmse,False,1.5843982974151207,0.054051257233818144,"{""mae"": 1.184790089267439, ""mse"": 2.2462802710901637, ""pearson"": 0.8875217599964415, ""r2"": 0.7862208086756084, ""rmse"": 1.4987595774807125, ""rmsle"": null}","{""mae"": 0.04933922833151293, ""mse"": 0.10518097605907993, ""pearson"": 0.01654206182845527, ""r2"": 0.03301643006435023, ""rmse"": 0.054051257233818144, ""rmsle"": null}",14.82470965385437,0.01189565658569336,15.216922521591187,369.71484375,112,ok,,0.2.0,"{""mode"": ""medium"", ""elapsed_time"": 14.229743242263794, ""n_init_feats"": 4, ""n_added_feats"": 4, ""initial_metric"": null, ""final_metric"": 1.5518625324189002, ""pct_gain"": 0.03665894377979318}"
503_wind,wind,pmlb,pmlb,regression,tabularaml,0,1200,5259,1315,14,15,1,3.1707865930471724,rmse,False,3.160870419196631,-0.003137165570065304,"{""mae"": 2.409075581075574, ""mse"": 10.053887618647694, ""pearson"": 0.8802613360626307, ""r2"": 0.7746915653071809, ""rmse"": 3.1707865930471724, ""rmsle"": 0.22122699321841782}","{""mae"": -0.0009493729868653879, ""mse"": -0.006284172947944546, ""pearson"": -0.0008849100252857458, ""r2"": -0.001812959226369412, ""rmse"": -0.003137165570065304, ""rmsle"": 0.003987677573256317}",224.07069563865662,0.008186101913452148,225.30803680419922,395.9375,313,ok,,0.2.0,"{""mode"": ""medium"", ""elapsed_time"": 223.09037733078003, ""n_init_feats"": 14, ""n_added_feats"": 1, ""initial_metric"": null, ""final_metric"": 3.0499875731621797, ""pct_gain"": 0.012968681143127473}"
mfeat_factors,mfeat-factors,pmlb,pmlb,multiclass,tabularaml,2,1200,1600,400,216,218,2,0.20607386305735417,categorical_crossentropy,False,0.20157226774732406,-0.022332413879834766,"{""accuracy"": 0.9879999999753, ""categorical_crossentropy"": 0.20607386305735417, ""categorical_roc_auc"": 0.9958541666666667, ""f1"": 0.9406208030910935, ""precision"": 0.9432078023364465, ""recall"": 0.9399999997649997}","{""accuracy"": 0.0, ""categorical_crossentropy"": -0.022332413879834766, ""categorical_roc_auc"": -6.275625470668433e-05, ""f1"": 0.0, ""precision"": 0.0, ""recall"": 0.0}",999.4606919288635,0.03231477737426758,1013.1096656322479,449.921875,764,ok,,0.2.0,"{""mode"": ""medium"", ""elapsed_time"": 980.2147436141968, ""n_init_feats"": 216, ""n_added_feats"": 2, ""initial_metric"": null, ""final_metric"": 0.12153408360269591, ""pct_gain"": -0.03332109554974328}"
503_wind,wind,pmlb,pmlb,regression,tabularaml,1,1200,5259,1315,14,18,4,2.9582508334564963,rmse,False,2.9842687326630206,0.008718349966863461,"{""mae"": 2.289533839932866, ""mse"": 8.751247993646055, ""pearson"": 0.8903087752589511, ""r2"": 0.7926216433422539, ""rmse"": 2.9582508334564963, ""rmsle"": 0.21313743607236604}","{""mae"": 0.003451983790147175, ""mse"": 0.017360690307582284, ""pearson"": 0.002317988409121768, ""r2"": 0.0046438962420818335, ""rmse"": 0.008718349966863461, ""rmsle"": 0.003103734768787167}",190.68564319610596,0.015560388565063477,191.8258912563324,380.92578125,210,ok,,0.2.0,"{""mode"": ""medium"", ""elapsed_time"": 189.4129958152771, ""n_init_feats"": 14, ""n_added_feats"": 4, ""initial_metric"": null, ""final_metric"": 3.0563910796351434, ""pct_gain"": 0.01666025834973466}"
503_wind,wind,pmlb,pmlb,regression,tabularaml,2,1200,5259,1315,14,20,6,2.970596811441165,rmse,False,2.985540099602209,0.005005221052979693,"{""mae"": 2.2957987067364014, ""mse"": 8.824445416144416, ""pearson"": 0.8940896456839329, ""r2"": 0.7988827676208027, ""rmse"": 2.970596811441165, ""rmsle"": 0.21762637502385362}","{""mae"": 0.008359776552784696, ""mse"": 0.009985389868170266, ""pearson"": 0.001325508547149082, ""r2"": 0.0025456213078494925, ""rmse"": 0.005005221052979693, ""rmsle"": 0.013911850815032304}",196.90471172332764,0.01877570152282715,198.0699005126953,378.953125,168,ok,,0.2.0,"{""mode"": ""medium"", ""elapsed_time"": 195.75167274475098, ""n_init_feats"": 14, ""n_added_feats"": 6, ""initial_metric"": null, ""final_metric"": 3.0898986142064513, ""pct_gain"": 0.01797701780380393}"
1193_BNG_lowbwt,BNG-lowbwt,pmlb,pmlb,regression,tabularaml,0,1200,24883,6221,9,13,4,445.3588718844058,rmse,False,445.0044680697531,-0.0007964050702456024,"{""mae"": 351.3780386648345, ""mse"": 198344.5247661506, ""pearson"": 0.7902954440534855, ""r2"": 0.6245057594754876, ""rmse"": 445.3588718844058, ""rmsle"": 0.1706348727622095}","{""mae"": -0.0008882731970697031, ""mse"": -0.0015934444015272707, ""pearson"": -0.00046188892890377875, ""r2"": -0.0009556459929423861, ""rmse"": -0.0007964050702456024, ""rmsle"": -0.0012715533403236232}",309.61463022232056,0.01449894905090332,310.3673496246338,442.74609375,111,ok,,0.2.0,"{""mode"": ""medium"", ""elapsed_time"": 306.1546266078949, ""n_init_feats"": 9, ""n_added_feats"": 4, ""initial_metric"": null, ""final_metric"": 455.7028267642712, ""pct_gain"": -0.0006623423632469538}"
1193_BNG_lowbwt,BNG-lowbwt,pmlb,pmlb,regression,tabularaml,2,1200,24883,6221,9,13,4,449.0400428646222,rmse,False,449.2403380489895,0.0004458530710691649,"{""mae"": 357.4245153420072, ""mse"": 201636.96009586172, ""pearson"": 0.7864575581037136, ""r2"": 0.6184046074639591, ""rmse"": 449.0400428646222, ""rmsle"": 0.17007793152012918}","{""mae"": 9.68937363273066e-05, ""mse"": 0.0008915073571774181, ""pearson"": 0.00028174409236138157, ""r2"": 0.0005509115512725158, ""rmse"": 0.0004458530710691649, ""rmsle"": 0.0008442109411169838}",150.49138283729553,0.014048576354980469,151.06401443481445,398.4375,111,ok,,0.2.0,"{""mode"": ""medium"", ""elapsed_time"": 147.22531747817993, ""n_init_feats"": 9, ""n_added_feats"": 4, ""initial_metric"": null, ""final_metric"": 453.3700427415135, ""pct_gain"": -0.00024501662202640713}"
1193_BNG_lowbwt,BNG-lowbwt,pmlb,pmlb,regression,tabularaml,1,1200,24883,6221,9,19,10,451.43090590777757,rmse,False,451.3087170110411,-0.0002707434891701538,"{""mae"": 358.5085272618073, ""mse"": 203789.86280871675, ""pearson"": 0.7785534929559617, ""r2"": 0.6061322184894802, ""rmse"": 451.43090590777757, ""rmsle"": 0.16734265244461102}","{""mae"": 0.0005952183666989848, ""mse"": -0.0005415602803773389, ""pearson"": -0.00018889182889796936, ""r2"": -0.00035159447078608746, ""rmse"": -0.0002707434891701538, ""rmsle"": -0.000524732468703789}",323.219712972641,0.02576613426208496,323.993625164032,471.83984375,90,ok,,0.2.0,"{""mode"": ""medium"", ""elapsed_time"": 313.66917276382446, ""n_init_feats"": 9, ""n_added_feats"": 10, ""initial_metric"": null, ""final_metric"": 451.77561975148774, ""pct_gain"": 0.00011765908123524141}"
581_fri_c3_500_25,Friedman-c3,pmlb,pmlb,regression,tabularaml,1,1200,400,100,25,40,15,0.29625243077813035,rmse,False,0.3267980578050114,0.0934694264465505,"{""mae"": 0.23553890999872237, ""mse"": 0.08776550274195091, ""pearson"": 0.9639838402276402, ""r2"": 0.9228882668262749, ""rmse"": 0.29625243077813035, ""rmsle"": null}","{""mae"": 0.03516528831454402, ""mse"": 0.17820231921285404, ""pearson"": 0.006315992116020377, ""r2"": 0.018452731294473137, ""rmse"": 0.0934694264465505, ""rmsle"": null}",192.759526014328,0.03812694549560547,194.2307732105255,368.93359375,147,ok,,0.2.0,"{""mode"": ""medium"", ""elapsed_time"": 191.91473388671875, ""n_init_feats"": 25, ""n_added_feats"": 15, ""initial_metric"": null, ""final_metric"": 0.350675776163327, ""pct_gain"": -0.003384336836908058}"
581_fri_c3_500_25,Friedman-c3,pmlb,pmlb,regression,tabularaml,0,1200,400,100,25,43,18,0.30100076849262924,rmse,False,0.32666539334206623,0.07856548435347234,"{""mae"": 0.23151730036377557, ""mse"": 0.09060146263315337, ""pearson"": 0.9617956409507638, ""r2"": 0.9106551307994781, ""rmse"": 0.30100076849262924, ""rmsle"": null}","{""mae"": 0.09816414064393775, ""mse"": 0.15095843337524903, ""pearson"": 0.009999837270835, ""r2"": 0.017753613422773137, ""rmse"": 0.07856548435347234, ""rmsle"": null}",313.3977761268616,0.06870412826538086,316.3565444946289,376.9375,439,ok,,0.2.0,"{""mode"": ""medium"", ""elapsed_time"": 312.42021107673645, ""n_init_feats"": 25, ""n_added_feats"": 18, ""initial_metric"": null, ""final_metric"": 0.30022255612963755, ""pct_gain"": 0.15772076041214064}"
581_fri_c3_500_25,Friedman-c3,pmlb,pmlb,regression,tabularaml,2,1200,400,100,25,40,15,0.35387746247487234,rmse,False,0.3611830035213164,0.020226702184818843,"{""mae"": 0.26773506101861133, ""mse"": 0.12522925844765467, ""pearson"": 0.9376370872406642, ""r2"": 0.8747403593993968, ""rmse"": 0.35387746247487234, ""rmsle"": null}","{""mae"": 0.03683574022758931, ""mse"": 0.04004428488836452, ""pearson"": 0.001854101250150145, ""r2"": 0.006009292347712331, ""rmse"": 0.020226702184818843, ""rmsle"": null}",192.35902166366577,0.04293513298034668,195.15639233589172,371.50390625,329,ok,,0.2.0,"{""mode"": ""medium"", ""elapsed_time"": 191.38338613510132, ""n_init_feats"": 25, ""n_added_feats"": 15, ""initial_metric"": null, ""final_metric"": 0.32758615641486805, ""pct_gain"": 0.0980744229475164}"
1028_SWD,SWD,pmlb,pmlb,regression,tabularaml,0,1200,800,200,10,11,1,0.5988328638258502,rmse,False,0.5992811670507572,0.0007480682683775967,"{""mae"": 0.49500919461250303, ""mse"": 0.3586007987978692, ""pearson"": 0.6418378389043808, ""r2"": 0.41191292067095375, ""rmse"": 0.5988328638258502, ""rmsle"": 0.12824677665763173}","{""mae"": 0.00043476259773085445, ""mse"": 0.0014955769306211047, ""pearson"": -7.861195501581686e-05, ""r2"": 0.002143012429799619, ""rmse"": 0.0007480682683775967, ""rmsle"": 0.0013480169475452337}",165.6506745815277,0.0071790218353271484,165.76267647743225,371.27734375,40,ok,,0.2.0,"{""mode"": ""medium"", ""elapsed_time"": 165.41278839111328, ""n_init_feats"": 10, ""n_added_feats"": 1, ""initial_metric"": null, ""final_metric"": 0.6473021526734599, ""pct_gain"": 0.02089688293754253}"
1028_SWD,SWD,pmlb,pmlb,regression,tabularaml,1,1200,800,200,10,11,1,0.6799637872173167,rmse,False,0.6862052687228947,0.009095647891474394,"{""mae"": 0.5462555980682373, ""mse"": 0.46235075192691627, ""pearson"": 0.5520931379526828, ""r2"": 0.2761915354750635, ""rmse"": 0.6799637872173167, ""rmsle"": 0.1444027133054444}","{""mae"": 0.00120753794777826, ""mse"": 0.018108564972383247, ""pearson"": 0.003472047874868115, ""r2"": 0.0507865070751526, ""rmse"": 0.009095647891474394, ""rmsle"": 0.0080772579646119}",59.081430435180664,0.007174015045166016,59.20519399642944,365.40234375,53,ok,,0.2.0,"{""mode"": ""medium"", ""elapsed_time"": 58.8352108001709, ""n_init_feats"": 10, ""n_added_feats"": 1, ""initial_metric"": null, ""final_metric"": 0.6161801161591793, ""pct_gain"": 0.030657991558208923}"
1028_SWD,SWD,pmlb,pmlb,regression,tabularaml,2,1200,800,200,10,11,1,0.6215714997270986,rmse,False,0.6211146858325913,-0.0007354743092169796,"{""mae"": 0.5081385695934295, ""mse"": 0.3863511292729945, ""pearson"": 0.5964388890324176, ""r2"": 0.3485902389597124, ""rmse"": 0.6215714997270986, ""rmsle"": 0.1311447705858863}","{""mae"": -0.0019242552809124183, ""mse"": -0.001471489540893406, ""pearson"": -0.002182542302956412, ""r2"": -0.002738210355963136, ""rmse"": -0.0007354743092169796, ""rmsle"": -0.00035401292105552066}",80.60562109947205,0.0071637630462646484,80.72023677825928,368.05859375,47,ok,,0.2.0,"{""mode"": ""medium"", ""elapsed_time"": 80.36739587783813, ""n_init_feats"": 10, ""n_added_feats"": 1, ""initial_metric"": null, ""final_metric"": 0.6592711858334537, ""pct_gain"": 0.009913101924999721}"
